# Blender 4.0.0
# www.blender.org
o Refrigerator033_Door002
v -0.413305 -0.260776 0.950090
v -0.000655 -0.260777 0.948018
v -0.002727 -0.260776 -0.096024
v -0.415378 -0.260776 -0.093952
v -0.000551 -0.326573 0.946908
v -0.003838 -0.326573 -0.096128
v -0.415397 -0.260825 0.948021
v -0.383243 -0.262071 0.920190
v -0.385461 -0.262361 0.917925
v -0.030555 -0.262072 0.917956
v -0.032820 -0.262361 0.920174
v -0.032790 -0.262072 -0.066124
v -0.030572 -0.262362 -0.063859
v -0.385478 -0.262072 -0.063890
v -0.383213 -0.262361 -0.066108
v -0.382187 -0.298817 0.917936
v -0.033846 -0.298818 -0.063870
v -0.414727 -0.259580 0.947285
v -0.003460 -0.259581 0.949440
v -0.001306 -0.259582 -0.093218
v -0.412572 -0.259581 -0.095374
v -0.386299 -0.259600 0.918311
v -0.032435 -0.259601 0.921012
v -0.029734 -0.259602 -0.064245
v -0.383599 -0.259601 -0.066945
v -0.414073 -0.259588 0.948785
v -0.001960 -0.259589 0.948785
v -0.001960 -0.259589 -0.094719
v -0.414073 -0.259588 -0.094719
v -0.385303 -0.259588 0.920015
v -0.030729 -0.259589 0.920015
v -0.030729 -0.259589 -0.065950
v -0.385304 -0.259588 -0.065950
v -0.384586 -0.296811 0.919348
v -0.031397 -0.296812 0.919298
v -0.413553 -0.326777 0.949988
v -0.413435 -0.328617 0.948266
v -0.002619 -0.328696 0.948093
v -0.000757 -0.326777 0.948266
v -0.002652 -0.326757 0.950066
v -0.002599 -0.328618 -0.094199
v -0.002480 -0.326777 -0.095921
v -0.000679 -0.326757 -0.094027
v -0.415276 -0.326777 -0.094199
v -0.413381 -0.326756 -0.095999
v -0.413471 -0.258873 0.945712
v -0.005034 -0.258874 0.948183
v -0.002725 -0.260825 0.950109
v -0.002562 -0.258874 -0.091646
v -0.000636 -0.260826 -0.093956
v -0.410999 -0.258873 -0.094117
v -0.413309 -0.260825 -0.096043
v -0.384860 -0.258896 0.922094
v -0.385639 -0.260803 0.917994
v -0.028651 -0.258896 0.919573
v -0.032753 -0.260803 0.920352
v -0.031172 -0.258897 -0.068028
v -0.030394 -0.260804 -0.063928
v -0.387382 -0.258896 -0.065507
v -0.383281 -0.260803 -0.066285
v -0.383373 -0.296748 0.920059
v -0.383546 -0.298610 0.918140
v -0.385268 -0.296769 0.918258
v -0.030687 -0.296750 0.918087
v -0.032659 -0.298689 0.918120
v -0.032487 -0.296769 0.919980
v -0.032660 -0.296750 -0.065993
v -0.032487 -0.298611 -0.064074
v -0.030765 -0.296771 -0.064192
v -0.385346 -0.296749 -0.064020
v -0.383374 -0.298688 -0.064053
v -0.383546 -0.296770 -0.065914
v -0.415354 -0.326756 0.948093
v -0.413231 -0.328824 0.946907
v -0.412196 -0.326573 0.950195
v -0.002802 -0.328825 -0.092840
v -0.413414 -0.328696 -0.094027
v -0.415483 -0.326573 -0.092840
v -0.411003 -0.258877 0.948202
v -0.002543 -0.258877 0.945715
v -0.005031 -0.258878 -0.094136
v -0.413490 -0.258877 -0.091649
v -0.383271 -0.260736 0.920376
v -0.387731 -0.258805 0.919006
v -0.385505 -0.258714 0.923503
v -0.030368 -0.260736 0.917984
v -0.031740 -0.258805 0.922445
v -0.027243 -0.258714 0.920218
v -0.032762 -0.260737 -0.066311
v -0.028301 -0.258806 -0.064941
v -0.030527 -0.258715 -0.069436
v -0.385664 -0.260736 -0.063918
v -0.384294 -0.258805 -0.068378
v -0.388789 -0.258714 -0.066153
v -0.385475 -0.296565 0.916901
v -0.033849 -0.296566 0.920188
v -0.030558 -0.296567 -0.062835
v -0.382188 -0.296566 -0.066121
v -0.414658 -0.326675 0.949329
v -0.413333 -0.327958 0.949371
v -0.414593 -0.327985 0.948191
v -0.001390 -0.327935 0.948191
v -0.002699 -0.328001 0.949329
v -0.001417 -0.326676 0.949371
v -0.002555 -0.327936 -0.095289
v -0.001417 -0.328001 -0.093979
v -0.001375 -0.326676 -0.095262
v -0.414593 -0.326820 -0.095289
v -0.414659 -0.327958 -0.093979
v -0.413333 -0.328001 -0.095262
v -0.412575 -0.259591 0.949454
v -0.412429 -0.258746 0.947149
v -0.414655 -0.260725 0.949385
v -0.001292 -0.259592 0.947287
v -0.003596 -0.258747 0.947140
v -0.001360 -0.260726 0.949367
v -0.003457 -0.259592 -0.095388
v -0.003605 -0.258747 -0.093083
v -0.001378 -0.260726 -0.095319
v -0.414742 -0.259592 -0.093222
v -0.412437 -0.258746 -0.093075
v -0.414672 -0.260725 -0.095301
v -0.383552 -0.259570 0.921061
v -0.384728 -0.260918 0.919486
v -0.029685 -0.259571 0.918264
v -0.031259 -0.260919 0.919440
v -0.032482 -0.259571 -0.066995
v -0.031305 -0.260920 -0.065420
v -0.386348 -0.259571 -0.064198
v -0.384774 -0.260919 -0.065374
v -0.383326 -0.297993 0.919322
v -0.384651 -0.297950 0.918038
v -0.031424 -0.297993 0.918038
v -0.032706 -0.297951 0.919364
v -0.032562 -0.297979 -0.065231
v -0.031424 -0.296668 -0.065297
v -0.031382 -0.297952 -0.063972
v -0.384585 -0.297978 -0.064117
v -0.384651 -0.296668 -0.065255
v -0.383326 -0.297951 -0.065297
v -0.056412 -0.285767 0.443437
v -0.353744 -0.285767 0.443437
v -0.353744 -0.193192 0.443437
v -0.056412 -0.193193 0.443437
v -0.353744 -0.187438 0.449191
v -0.353754 -0.193498 0.475337
v -0.056411 -0.193498 0.475337
v -0.056412 -0.187438 0.449191
v -0.359498 -0.285770 0.449190
v -0.359485 -0.193552 0.448913
v -0.056411 -0.291522 0.449191
v -0.353744 -0.291522 0.449191
v -0.050667 -0.193590 0.448864
v -0.050658 -0.285770 0.449190
v -0.056412 -0.190675 0.443797
v -0.054074 -0.190855 0.444156
v -0.053894 -0.193193 0.443797
v -0.052145 -0.191696 0.444978
v -0.054911 -0.188980 0.444924
v -0.052815 -0.189597 0.445594
v -0.053894 -0.285767 0.443797
v -0.054074 -0.288105 0.444156
v -0.056412 -0.288285 0.443797
v -0.054913 -0.290034 0.444978
v -0.052199 -0.287263 0.444924
v -0.052815 -0.289364 0.445594
v -0.353744 -0.288284 0.443797
v -0.356082 -0.288105 0.444156
v -0.356262 -0.285767 0.443797
v -0.358011 -0.287263 0.444978
v -0.355240 -0.289979 0.444924
v -0.357340 -0.289363 0.445594
v -0.356262 -0.193192 0.443797
v -0.356082 -0.190855 0.444156
v -0.353744 -0.190675 0.443797
v -0.355240 -0.188926 0.444978
v -0.357957 -0.191697 0.444924
v -0.357340 -0.189596 0.445594
v -0.053894 -0.187798 0.449191
v -0.054074 -0.188158 0.446854
v -0.056412 -0.187798 0.446673
v -0.052095 -0.188877 0.449191
v -0.052276 -0.189056 0.447213
v -0.353744 -0.187798 0.446674
v -0.356082 -0.188157 0.446854
v -0.356262 -0.187798 0.449191
v -0.357880 -0.189056 0.447213
v -0.358060 -0.188876 0.449191
v -0.359139 -0.190675 0.449191
v -0.358780 -0.190855 0.446854
v -0.359139 -0.193192 0.446673
v -0.359139 -0.285767 0.446673
v -0.358780 -0.288105 0.446854
v -0.359139 -0.288284 0.449191
v -0.358018 -0.290056 0.447889
v -0.356082 -0.290801 0.446854
v -0.353744 -0.291162 0.446673
v -0.056411 -0.291161 0.446673
v -0.054074 -0.290802 0.446854
v -0.053894 -0.291162 0.449191
v -0.052122 -0.290040 0.447888
v -0.051376 -0.288105 0.446854
v -0.051017 -0.285767 0.446674
v -0.051016 -0.193193 0.446673
v -0.051376 -0.190855 0.446854
v -0.051016 -0.190675 0.449191
v -0.353760 -0.199984 0.512596
v -0.356296 -0.200354 0.512596
v -0.358092 -0.201454 0.512597
v -0.053888 -0.193859 0.475337
v -0.052083 -0.194949 0.475337
v -0.359499 -0.285767 0.512583
v -0.359139 -0.288284 0.512583
v -0.358060 -0.290082 0.512583
v -0.359153 -0.196774 0.475338
v -0.358079 -0.194957 0.475338
v -0.056411 -0.291522 0.512583
v -0.053894 -0.291162 0.512583
v -0.052096 -0.290082 0.512583
v -0.356262 -0.291161 0.449191
v -0.050649 -0.205848 0.512587
v -0.050997 -0.203275 0.512594
v -0.052077 -0.201440 0.512596
v -0.051016 -0.288285 0.449191
v -0.353386 -0.191842 0.446542
v -0.056771 -0.287119 0.446542
v -0.355012 -0.203080 0.512645
v -0.355095 -0.190555 0.449464
v -0.356385 -0.287072 0.512579
v -0.055159 -0.288435 0.512634
v -0.055066 -0.288416 0.449548
v -0.053736 -0.204506 0.512628
v -0.053761 -0.191863 0.449525
v -0.056740 -0.191959 0.446507
v -0.054764 -0.192289 0.446760
v -0.054248 -0.192296 0.447052
v -0.055514 -0.191055 0.447026
v -0.054291 -0.191273 0.447625
v -0.054870 -0.286667 0.446722
v -0.055512 -0.287931 0.447052
v -0.054274 -0.286665 0.447026
v -0.054547 -0.287630 0.447327
v -0.353416 -0.287002 0.446507
v -0.355391 -0.286671 0.446760
v -0.355908 -0.286665 0.447052
v -0.354641 -0.287904 0.447026
v -0.355608 -0.287631 0.447327
v -0.355285 -0.192291 0.446722
v -0.354642 -0.191029 0.447052
v -0.355882 -0.192293 0.447026
v -0.055178 -0.190516 0.449446
v -0.055505 -0.190762 0.447546
v -0.054213 -0.190995 0.449381
v -0.353511 -0.190622 0.447663
v -0.355663 -0.191072 0.447625
v -0.355942 -0.190994 0.449381
v -0.356410 -0.191928 0.449432
v -0.356174 -0.192286 0.447545
v -0.356429 -0.285441 0.447964
v -0.356175 -0.287412 0.448286
v -0.355882 -0.287930 0.448295
v -0.354974 -0.288451 0.449513
v -0.354652 -0.288197 0.447546
v -0.055506 -0.288235 0.447651
v -0.054247 -0.287905 0.448294
v -0.053728 -0.286997 0.449516
v -0.053982 -0.286670 0.447543
v -0.053840 -0.193427 0.447663
v -0.055089 -0.203084 0.512560
v -0.054150 -0.203540 0.513124
v -0.356425 -0.204509 0.512594
v -0.355040 -0.288415 0.512538
v -0.053762 -0.287059 0.512542
v -0.355627 -0.201112 0.513383
v -0.054222 -0.202591 0.513381
v -0.358506 -0.287645 0.513383
v -0.357018 -0.203657 0.513381
v -0.054533 -0.290529 0.513383
v -0.355947 -0.289046 0.513381
v -0.051648 -0.204004 0.513383
v -0.053132 -0.287969 0.513381
v -0.355229 -0.202414 0.513383
v -0.053985 -0.200751 0.513309
v -0.052252 -0.201766 0.513261
v -0.356674 -0.287104 0.513267
v -0.358872 -0.203537 0.513308
v -0.055079 -0.288697 0.513267
v -0.356078 -0.290892 0.513307
v -0.053482 -0.204509 0.513268
v -0.051287 -0.288100 0.513307
v -0.056346 -0.200123 0.513068
v -0.359452 -0.205963 0.513065
v -0.353815 -0.291460 0.513066
v -0.050719 -0.285834 0.513066
v -0.355881 -0.200503 0.513198
v -0.357906 -0.201768 0.513262
v -0.053885 -0.200345 0.512594
v -0.359085 -0.287891 0.513196
v -0.357838 -0.289922 0.513257
v -0.359162 -0.203284 0.512596
v -0.054287 -0.291108 0.513196
v -0.052257 -0.289861 0.513257
v -0.356262 -0.291161 0.512583
v -0.051064 -0.203807 0.513201
v -0.051016 -0.288285 0.512583
v -0.355075 -0.202971 0.513194
v -0.356057 -0.203593 0.513121
v -0.055004 -0.203008 0.513179
v -0.355989 -0.288074 0.513121
v -0.356583 -0.204500 0.513177
v -0.054103 -0.288012 0.513121
v -0.355137 -0.288601 0.513177
v -0.053577 -0.287159 0.513177
v -0.356283 -0.193865 0.475338
v -0.051004 -0.196769 0.475337
v -0.353744 -0.285767 0.767854
v -0.353744 -0.193192 0.767854
v -0.056412 -0.193193 0.767854
v -0.056411 -0.285767 0.767854
v -0.353754 -0.193498 0.799754
v -0.056411 -0.193498 0.799754
v -0.056412 -0.187438 0.773609
v -0.353744 -0.187438 0.773609
v -0.359498 -0.285770 0.773608
v -0.359485 -0.193552 0.773331
v -0.353744 -0.291522 0.773609
v -0.056411 -0.291522 0.773610
v -0.050658 -0.285770 0.773607
v -0.050667 -0.193590 0.773281
v -0.056412 -0.190675 0.768215
v -0.054074 -0.190855 0.768574
v -0.053894 -0.193193 0.768215
v -0.052144 -0.191698 0.769396
v -0.054916 -0.188980 0.769342
v -0.052815 -0.189597 0.770012
v -0.053894 -0.285767 0.768215
v -0.054074 -0.288105 0.768574
v -0.056412 -0.288285 0.768215
v -0.054915 -0.290034 0.769396
v -0.052199 -0.287260 0.769342
v -0.052815 -0.289364 0.770012
v -0.353744 -0.288284 0.768215
v -0.356082 -0.288105 0.768574
v -0.356262 -0.285767 0.768215
v -0.358011 -0.287261 0.769396
v -0.355237 -0.289979 0.769342
v -0.357340 -0.289363 0.770012
v -0.356262 -0.193192 0.768215
v -0.356082 -0.190855 0.768574
v -0.353744 -0.190675 0.768215
v -0.355237 -0.188925 0.769396
v -0.357957 -0.191699 0.769342
v -0.357340 -0.189596 0.770012
v -0.053894 -0.187798 0.773609
v -0.054074 -0.188158 0.771271
v -0.056411 -0.187798 0.771091
v -0.052096 -0.188878 0.773609
v -0.052276 -0.189056 0.771631
v -0.353744 -0.187798 0.771091
v -0.356082 -0.188157 0.771271
v -0.356262 -0.187798 0.773609
v -0.357880 -0.189056 0.771631
v -0.358060 -0.188876 0.773609
v -0.359138 -0.190675 0.773609
v -0.358779 -0.190855 0.771271
v -0.359139 -0.193192 0.771091
v -0.359139 -0.285767 0.771091
v -0.358779 -0.288105 0.771271
v -0.359139 -0.288284 0.773609
v -0.358018 -0.290056 0.772309
v -0.356082 -0.290801 0.771271
v -0.353744 -0.291162 0.771091
v -0.056411 -0.291161 0.771091
v -0.054074 -0.290802 0.771271
v -0.053894 -0.291162 0.773610
v -0.052122 -0.290040 0.772308
v -0.051376 -0.288105 0.771271
v -0.051016 -0.285767 0.771091
v -0.051016 -0.193193 0.771091
v -0.051377 -0.190855 0.771271
v -0.051016 -0.190675 0.773609
v -0.353760 -0.199984 0.837013
v -0.356295 -0.200354 0.837015
v -0.358092 -0.201454 0.837016
v -0.053888 -0.193859 0.799754
v -0.052083 -0.194949 0.799754
v -0.359139 -0.288284 0.837001
v -0.359499 -0.285767 0.837001
v -0.358060 -0.290082 0.837001
v -0.359152 -0.196774 0.799755
v -0.358079 -0.194957 0.799756
v -0.053894 -0.291161 0.837001
v -0.056411 -0.291522 0.837001
v -0.052095 -0.290082 0.837001
v -0.356262 -0.291162 0.773609
v -0.050997 -0.203275 0.837012
v -0.050649 -0.205848 0.837005
v -0.052077 -0.201440 0.837013
v -0.051016 -0.288285 0.773609
v -0.056770 -0.287117 0.770960
v -0.353387 -0.191843 0.770960
v -0.355012 -0.203080 0.837063
v -0.355095 -0.190555 0.773882
v -0.356385 -0.287072 0.836998
v -0.055158 -0.288435 0.837052
v -0.055066 -0.288416 0.773966
v -0.053736 -0.204506 0.837046
v -0.053762 -0.191861 0.773942
v -0.056738 -0.191961 0.770924
v -0.054764 -0.192289 0.771178
v -0.054248 -0.192296 0.771471
v -0.055514 -0.191055 0.771445
v -0.054291 -0.191274 0.772043
v -0.054870 -0.286667 0.771141
v -0.055512 -0.287931 0.771471
v -0.054274 -0.286665 0.771445
v -0.054547 -0.287630 0.771745
v -0.353417 -0.286999 0.770924
v -0.355392 -0.286671 0.771179
v -0.355908 -0.286665 0.771471
v -0.354641 -0.287904 0.771445
v -0.355608 -0.287631 0.771745
v -0.355285 -0.192292 0.771141
v -0.354641 -0.191028 0.771471
v -0.055177 -0.190516 0.773863
v -0.055505 -0.190762 0.771964
v -0.054213 -0.190995 0.773799
v -0.354648 -0.190725 0.772069
v -0.355942 -0.190994 0.773799
v -0.355865 -0.191274 0.772044
v -0.356410 -0.191928 0.773850
v -0.356012 -0.192421 0.771533
v -0.356429 -0.285441 0.772381
v -0.356175 -0.287413 0.772704
v -0.355882 -0.287930 0.772712
v -0.354974 -0.288451 0.773931
v -0.354651 -0.288197 0.771964
v -0.055507 -0.288235 0.772069
v -0.054247 -0.287904 0.772711
v -0.053727 -0.286997 0.773935
v -0.053981 -0.286669 0.771961
v -0.053840 -0.193427 0.772081
v -0.055089 -0.203084 0.836977
v -0.054150 -0.203540 0.837542
v -0.356425 -0.204510 0.837012
v -0.355040 -0.288415 0.836957
v -0.053762 -0.287059 0.836960
v -0.355627 -0.201112 0.837802
v -0.054222 -0.202591 0.837799
v -0.358506 -0.287645 0.837802
v -0.357018 -0.203658 0.837799
v -0.054533 -0.290529 0.837802
v -0.355947 -0.289046 0.837799
v -0.051648 -0.204004 0.837802
v -0.053132 -0.287969 0.837799
v -0.355229 -0.202414 0.837801
v -0.053985 -0.200751 0.837728
v -0.052252 -0.201766 0.837680
v -0.356675 -0.287104 0.837686
v -0.358872 -0.203537 0.837726
v -0.055077 -0.288697 0.837685
v -0.356077 -0.290891 0.837725
v -0.053482 -0.204510 0.837686
v -0.051287 -0.288099 0.837725
v -0.056346 -0.200123 0.837487
v -0.359452 -0.205963 0.837484
v -0.353814 -0.291460 0.837484
v -0.050718 -0.285834 0.837483
v -0.355881 -0.200503 0.837617
v -0.357906 -0.201768 0.837680
v -0.053885 -0.200345 0.837013
v -0.359085 -0.287891 0.837614
v -0.357838 -0.289922 0.837675
v -0.359162 -0.203284 0.837014
v -0.054288 -0.291108 0.837614
v -0.052257 -0.289860 0.837675
v -0.356262 -0.291162 0.837001
v -0.051063 -0.203807 0.837620
v -0.051016 -0.288285 0.837001
v -0.355075 -0.202972 0.837613
v -0.356057 -0.203593 0.837540
v -0.055004 -0.203008 0.837597
v -0.355989 -0.288074 0.837538
v -0.356583 -0.204500 0.837596
v -0.054103 -0.288011 0.837538
v -0.355136 -0.288601 0.837595
v -0.053577 -0.287158 0.837594
v -0.356283 -0.193865 0.799755
v -0.051004 -0.196769 0.799754
v -0.353847 -0.190676 0.476068
v -0.357350 -0.197536 0.512207
v -0.360203 -0.199418 0.512198
v -0.362405 -0.285851 0.475568
v -0.361853 -0.289314 0.511739
v -0.360047 -0.292155 0.511827
v -0.056328 -0.294428 0.475568
v -0.052864 -0.293876 0.511739
v -0.050024 -0.292070 0.511827
v -0.047805 -0.198973 0.475502
v -0.048256 -0.202327 0.512003
v -0.049947 -0.199342 0.512083
v -0.056082 -0.190695 0.476059
v -0.362389 -0.199017 0.475602
v -0.354092 -0.294405 0.475559
v -0.047747 -0.285969 0.475570
v -0.052958 -0.191206 0.476027
v -0.361812 -0.195745 0.475647
v -0.357292 -0.293876 0.475570
v -0.048302 -0.289314 0.475571
v -0.356351 -0.193827 0.475588
v -0.353639 -0.199734 0.511754
v -0.358163 -0.194940 0.475576
v -0.359210 -0.288376 0.475570
v -0.359601 -0.285620 0.511722
v -0.358099 -0.290186 0.475559
v -0.053802 -0.291233 0.475571
v -0.056556 -0.291625 0.511722
v -0.051992 -0.290121 0.475560
v -0.050910 -0.196789 0.475578
v -0.050563 -0.205600 0.511731
v -0.051959 -0.194904 0.475484
v -0.056235 -0.199754 0.511770
v -0.359595 -0.205579 0.511748
v -0.353925 -0.291604 0.511739
v -0.050549 -0.285800 0.511752
v -0.053828 -0.200132 0.511756
v -0.359245 -0.203082 0.511762
v -0.356353 -0.291232 0.511739
v -0.050947 -0.288376 0.511738
v -0.356196 -0.191434 0.475721
v -0.357137 -0.193255 0.475448
v -0.356633 -0.197898 0.512374
v -0.356044 -0.199348 0.512116
v -0.360028 -0.192903 0.475851
v -0.358169 -0.201212 0.511876
v -0.361608 -0.288203 0.475327
v -0.359690 -0.289280 0.475333
v -0.361512 -0.288487 0.511979
v -0.360031 -0.288038 0.511980
v -0.360132 -0.292069 0.475482
v -0.053930 -0.293620 0.475328
v -0.052899 -0.291715 0.475333
v -0.053710 -0.293536 0.511980
v -0.054140 -0.292052 0.511979
v -0.050109 -0.292155 0.475482
v -0.048348 -0.195730 0.475645
v -0.050193 -0.196808 0.475367
v -0.050118 -0.203576 0.512007
v -0.050151 -0.192886 0.475828
v -0.051773 -0.198300 0.512360
v -0.051996 -0.201204 0.511874
v -0.054008 -0.199438 0.512096
v -0.053827 -0.191514 0.475710
v -0.359977 -0.203349 0.512013
v -0.361795 -0.199149 0.475356
v -0.357256 -0.291715 0.511976
v -0.356443 -0.293536 0.475328
v -0.050461 -0.289276 0.511976
v -0.048641 -0.288446 0.475326
v -0.054175 -0.192995 0.475455
v -0.361906 -0.202343 0.512001
v -0.360010 -0.196927 0.475369
v -0.356221 -0.293620 0.511981
v -0.356018 -0.292051 0.475330
v -0.048570 -0.288285 0.511980
v -0.050130 -0.288036 0.475331
v -0.357183 -0.191186 0.476044
v -0.354121 -0.196999 0.512262
v -0.361892 -0.289207 0.475568
v -0.362381 -0.286123 0.511749
v -0.052971 -0.293915 0.475569
v -0.056064 -0.294406 0.511749
v -0.047734 -0.205778 0.511781
v -0.056344 -0.196971 0.512254
v -0.362423 -0.205787 0.511772
v -0.353827 -0.294428 0.511741
v -0.047776 -0.285985 0.511751
v -0.052892 -0.197494 0.512215
v -0.357185 -0.293915 0.511741
v -0.048263 -0.289207 0.511741
v -0.353941 -0.193457 0.475590
v -0.356297 -0.200107 0.511771
v -0.359583 -0.285940 0.475569
v -0.359247 -0.288270 0.511740
v -0.358163 -0.290121 0.511750
v -0.056231 -0.291605 0.475570
v -0.053907 -0.291270 0.511741
v -0.052057 -0.290186 0.511749
v -0.050553 -0.199409 0.475572
v -0.050910 -0.203086 0.511770
v -0.056580 -0.193438 0.475606
v -0.359601 -0.199434 0.475590
v -0.353600 -0.291623 0.475587
v -0.050580 -0.285774 0.475602
v -0.053858 -0.193788 0.475571
v -0.359245 -0.196791 0.475580
v -0.356248 -0.291270 0.475568
v -0.050909 -0.288270 0.475569
v -0.378011 -0.256356 0.915750
v -0.032013 -0.256356 0.915750
v -0.032013 -0.256356 -0.061495
v -0.378011 -0.256356 -0.061495
v -0.378294 -0.258887 0.916032
v -0.031731 -0.258887 0.916032
v -0.031731 -0.258887 -0.061778
v -0.378294 -0.258887 -0.061778
v -0.384269 -0.258887 0.922007
v -0.025756 -0.258887 0.922007
v -0.025756 -0.258887 -0.067754
v -0.384269 -0.258887 -0.067753
v -0.384542 -0.256290 0.922263
v -0.025500 -0.256291 0.922280
v -0.025483 -0.256291 -0.068009
v -0.384525 -0.256290 -0.068026
v -0.394253 -0.257012 0.931992
v -0.015772 -0.257013 0.931992
v -0.015772 -0.257012 -0.077737
v -0.394253 -0.257012 -0.077737
v -0.395241 -0.259058 0.932889
v -0.014874 -0.259058 0.932980
v -0.014783 -0.259058 -0.078635
v -0.395151 -0.259058 -0.078725
v -0.394556 -0.256882 0.932301
v -0.015462 -0.256882 0.932294
v -0.015469 -0.256882 -0.078046
v -0.394563 -0.256881 -0.078039
v -0.386763 -0.255557 0.924502
v -0.023261 -0.255557 0.924502
v -0.023262 -0.255557 -0.070247
v -0.386763 -0.255557 -0.070247
v -0.387063 -0.255057 0.924802
v -0.022961 -0.255057 0.924802
v -0.022961 -0.255057 -0.070547
v -0.387063 -0.255057 -0.070547
v -0.393155 -0.255019 0.930868
v -0.016895 -0.255019 0.930894
v -0.016870 -0.255019 -0.076614
v -0.393130 -0.255019 -0.076639
v -0.394068 -0.254352 0.931801
v -0.016208 -0.254607 0.931557
v -0.015958 -0.254353 -0.077546
v -0.394062 -0.254352 -0.077552
v -0.394247 -0.253154 0.931986
v -0.015777 -0.253857 0.931987
v -0.015777 -0.253157 -0.077733
v -0.394248 -0.253153 -0.077731
v -0.393816 -0.252405 0.931557
v -0.015958 -0.252659 0.931800
v -0.393818 -0.252405 -0.077299
v -0.393130 -0.251993 0.930894
v -0.016870 -0.251993 0.930868
v -0.016580 -0.252068 -0.076959
v -0.393155 -0.251993 -0.076614
v -0.391264 -0.251954 0.929003
v -0.018760 -0.251955 0.929003
v -0.018760 -0.251955 -0.074748
v -0.391264 -0.251954 -0.074748
v -0.391264 -0.251454 0.929003
v -0.018760 -0.251455 0.929003
v -0.018760 -0.251455 -0.074748
v -0.391264 -0.251454 -0.074748
v -0.394203 -0.251390 0.931937
v -0.015827 -0.251391 0.931942
v -0.015821 -0.251390 -0.077683
v -0.394198 -0.251390 -0.077688
v -0.394245 -0.248925 0.931984
v -0.015779 -0.248926 0.931984
v -0.015780 -0.248924 -0.077729
v -0.394246 -0.248924 -0.077729
v -0.393842 -0.248412 0.931597
v -0.016167 -0.248412 0.931581
v -0.016183 -0.248411 -0.077341
v -0.393858 -0.248411 -0.077325
v -0.385350 -0.248402 0.923094
v -0.024668 -0.248402 0.923088
v -0.024675 -0.248402 -0.068841
v -0.385357 -0.248402 -0.068835
v -0.385201 -0.248728 0.922981
v -0.024782 -0.248728 0.922940
v -0.024823 -0.248728 -0.068726
v -0.385242 -0.248728 -0.068685
v -0.378999 -0.247622 0.916738
v -0.031024 -0.247622 0.916738
v -0.031025 -0.247622 -0.062484
v -0.378999 -0.247622 -0.062484
v -0.374159 -0.247398 0.911957
v -0.035806 -0.247399 0.911898
v -0.035865 -0.247399 -0.057703
v -0.374218 -0.247398 -0.057644
v -0.372743 -0.248311 0.910484
v -0.037280 -0.248311 0.910481
v -0.037283 -0.248313 -0.056228
v -0.372745 -0.248312 -0.056227
v -0.372082 -0.249460 0.909823
v -0.037940 -0.249460 0.909820
v -0.037943 -0.249459 -0.055569
v -0.372085 -0.249458 -0.055566
v -0.372061 -0.251534 0.909800
v -0.037964 -0.251532 0.909800
v -0.037964 -0.251528 -0.055544
v -0.372061 -0.251529 -0.055544
v -0.372614 -0.253963 0.910351
v -0.037413 -0.253961 0.910352
v -0.037411 -0.253962 -0.056096
v -0.372612 -0.253963 -0.056098
v -0.373686 -0.255866 0.911421
v -0.036342 -0.255866 0.911424
v -0.036339 -0.255866 -0.057167
v -0.373682 -0.255866 -0.057170
v -0.374636 -0.256328 0.912354
v -0.035408 -0.256328 0.912373
v -0.035389 -0.256328 -0.058100
v -0.374616 -0.256328 -0.058119
v -0.383633 -0.235403 0.921273
v -0.053593 -0.236162 -0.038671
v -0.362509 -0.260027 -0.032670
v -0.356508 -0.236162 0.897097
v -0.079964 -0.259267 -0.062879
v -0.025932 -0.236162 -0.063405
v -0.026497 -0.236162 -0.063638
v -0.079205 -0.258508 -0.062880
v -0.078446 -0.236161 -0.038671
v -0.053799 -0.236162 0.897097
v -0.363269 -0.241136 0.210457
v -0.384402 -0.263231 0.388718
v -0.384402 -0.264087 0.921267
v -0.384168 -0.236162 0.921831
v -0.383603 -0.236162 0.922064
v -0.025933 -0.236162 0.921831
v -0.048351 -0.295330 -0.032546
v -0.361009 -0.260027 -0.037171
v -0.362512 -0.294564 0.891093
v -0.049092 -0.236161 -0.037171
v -0.049297 -0.236163 0.895597
v -0.361009 -0.236162 0.895597
v -0.383614 -0.259267 -0.062845
v -0.356385 -0.295330 0.896338
v -0.048524 -0.295326 0.890858
v -0.384072 -0.235804 0.218607
v -0.384099 -0.236866 0.215568
v -0.383642 -0.253534 0.201078
v -0.383643 -0.256043 0.198732
v -0.363269 -0.238628 0.212804
v -0.363268 -0.259268 0.189553
v -0.384402 -0.264716 0.189585
v -0.384400 -0.259800 0.193348
v -0.384402 -0.264408 0.193107
v -0.384402 -0.236245 0.219708
v -0.384402 -0.238812 0.213521
v -0.384402 -0.262910 0.201353
v -0.362509 -0.236225 0.219967
v -0.362510 -0.259796 0.193229
v -0.384402 -0.256357 0.199619
v -0.384402 -0.263468 0.196310
v -0.078880 -0.259845 -0.063628
v -0.079965 -0.259267 -0.039430
v -0.079171 -0.259029 -0.038876
v -0.078890 -0.235636 -0.063430
v -0.079305 -0.258923 -0.039495
v -0.079098 -0.235671 -0.062970
v -0.383963 -0.259977 -0.063582
v -0.383903 -0.259453 -0.063398
v -0.384305 -0.259536 -0.062843
v -0.384113 -0.258960 0.192978
v -0.026202 -0.235591 -0.063406
v -0.048828 -0.235449 -0.037434
v -0.361273 -0.259314 -0.037435
v -0.383899 -0.235592 0.921832
v -0.361273 -0.235449 0.895861
v -0.026223 -0.235592 0.921859
v -0.049033 -0.235448 0.895861
v -0.053617 -0.295139 -0.038481
v -0.362509 -0.294571 -0.032670
v -0.047781 -0.294573 0.891053
v -0.079386 -0.259076 -0.063319
v -0.356539 -0.259458 -0.038860
v -0.053592 -0.294571 -0.038671
v -0.053798 -0.294570 0.897097
v -0.362699 -0.235593 0.221993
v -0.079016 -0.258508 -0.063448
v -0.078948 -0.235604 -0.038920
v -0.079016 -0.236162 -0.038860
v -0.047592 -0.236163 -0.032670
v -0.053770 -0.235594 0.897287
v -0.383643 -0.241136 0.210457
v -0.384210 -0.239395 0.212181
v -0.362840 -0.253516 0.201158
v -0.384125 -0.235484 0.221793
v -0.025702 -0.236157 0.921270
v -0.047702 -0.295083 -0.032624
v -0.049177 -0.295165 -0.037038
v -0.360876 -0.295165 -0.037086
v -0.360924 -0.295165 0.895464
v -0.049430 -0.295166 0.895512
v -0.362700 -0.259458 -0.032700
v -0.053564 -0.235593 -0.038860
v -0.025889 -0.235592 -0.062803
v -0.356539 -0.235593 0.897287
v -0.053822 -0.295139 0.896907
v -0.362812 -0.235823 0.218538
v -0.362813 -0.236902 0.215495
v -0.363276 -0.256044 0.198730
v -0.362699 -0.256189 0.198855
v -0.384196 -0.255690 0.199440
v -0.362715 -0.257829 0.196205
v -0.383642 -0.238628 0.212803
v -0.362690 -0.239170 0.212430
v -0.384212 -0.259458 0.189563
v -0.362699 -0.259458 0.189563
v -0.383644 -0.257834 0.196030
v -0.362806 -0.258963 0.193002
v -0.047593 -0.294572 0.219852
v -0.362319 -0.295141 -0.032639
v -0.047360 -0.235597 -0.032563
v -0.046776 -0.235400 -0.032626
v -0.047783 -0.295141 0.223043
v -0.384218 -0.257998 0.196117
v -0.362510 -0.256334 0.199699
v -0.356508 -0.260027 -0.038671
v -0.362508 -0.236165 0.891098
v -0.078445 -0.235403 -0.062880
v -0.078446 -0.236161 -0.063638
v -0.078446 -0.235403 -0.039430
v -0.026497 -0.264087 0.922064
v -0.053717 -0.295331 -0.037909
v -0.071539 -0.263541 -0.063638
v -0.025932 -0.264087 -0.063405
v -0.026497 -0.264087 -0.063638
v -0.079834 -0.264716 -0.063638
v -0.384349 -0.264716 -0.063208
v -0.384168 -0.264087 0.921831
v -0.383603 -0.264087 0.922064
v -0.079657 -0.264087 0.922064
v -0.025933 -0.264086 0.921831
v -0.025700 -0.264087 0.921267
v -0.383604 -0.264716 -0.063638
v -0.025700 -0.264087 -0.062840
v -0.053917 -0.295331 0.896334
v -0.356546 -0.295079 0.896986
v -0.079964 -0.259458 -0.063448
v -0.079964 -0.259458 -0.038860
v -0.026499 -0.236159 0.922064
v -0.356488 -0.295094 -0.038548
v -0.078976 -0.259903 -0.038674
v -0.026475 -0.235401 0.921286
v -0.047971 -0.295140 0.891023
v -0.384212 -0.235593 0.921229
v -0.362699 -0.235593 0.891127
v -0.025889 -0.235592 0.921229
v -0.047605 -0.235589 0.891127
v -0.362319 -0.295141 0.891066
v -0.356631 -0.259267 -0.039430
v -0.356385 -0.295331 -0.037912
v -0.383642 -0.259268 0.189553
v -0.053468 -0.235403 -0.039430
v -0.363269 -0.259268 -0.032793
v -0.356631 -0.235403 0.897856
v -0.047038 -0.235397 0.891251
v -0.363268 -0.235403 0.891219
v -0.363269 -0.235403 0.221985
v -0.079205 -0.236162 -0.039431
v -0.053680 -0.235401 0.897863
v -0.026466 -0.235402 -0.062843
v -0.384402 -0.236162 0.921267
v -0.047777 -0.236134 0.891043
v -0.361750 -0.295331 -0.032542
v -0.025700 -0.236162 -0.062841
v -0.048353 -0.295330 0.222221
v -0.361751 -0.295330 0.890973
v -0.384402 -0.263804 0.745102
v -0.027241 -0.250696 0.746418
v -0.025701 -0.250984 0.207669
v -0.025701 -0.244456 0.746594
v -0.027298 -0.244932 0.207971
v -0.027059 -0.250742 0.207796
v -0.025701 -0.244448 0.207627
v -0.025788 -0.250775 0.207789
v -0.027209 -0.244717 0.207813
v -0.025791 -0.244655 0.746465
v -0.025701 -0.250949 0.746623
v -0.027238 -0.244721 0.746430
v -0.027261 -0.250661 0.207850
v -0.025787 -0.244654 0.207777
v -0.025788 -0.250762 0.746464
v -0.362509 -0.238440 0.213982
v -0.047593 -0.236164 0.218217
v -0.384402 -0.263517 0.596507
v -0.357350 -0.197536 0.836624
v -0.353847 -0.190676 0.800487
v -0.360203 -0.199419 0.836617
v -0.361853 -0.289314 0.836157
v -0.362405 -0.285851 0.799985
v -0.360047 -0.292155 0.836245
v -0.052864 -0.293876 0.836158
v -0.056328 -0.294428 0.799987
v -0.050024 -0.292070 0.836245
v -0.047805 -0.198973 0.799921
v -0.048256 -0.202326 0.836421
v -0.049947 -0.199342 0.836500
v -0.056082 -0.190695 0.800477
v -0.362389 -0.199017 0.800020
v -0.354092 -0.294405 0.799978
v -0.047747 -0.285969 0.799988
v -0.052958 -0.191206 0.800446
v -0.361813 -0.195745 0.800065
v -0.357292 -0.293876 0.799988
v -0.048302 -0.289314 0.799989
v -0.356351 -0.193828 0.800006
v -0.353640 -0.199734 0.836171
v -0.358163 -0.194940 0.799994
v -0.359210 -0.288376 0.799989
v -0.359602 -0.285620 0.836140
v -0.358099 -0.290186 0.799978
v -0.053802 -0.291232 0.799989
v -0.056556 -0.291625 0.836140
v -0.051992 -0.290122 0.799978
v -0.050910 -0.196789 0.799997
v -0.050563 -0.205601 0.836148
v -0.051959 -0.194904 0.799902
v -0.056235 -0.199754 0.836188
v -0.359595 -0.205579 0.836166
v -0.353925 -0.291604 0.836157
v -0.050548 -0.285799 0.836170
v -0.053828 -0.200132 0.836173
v -0.359245 -0.203082 0.836181
v -0.356353 -0.291233 0.836157
v -0.050947 -0.288376 0.836157
v -0.357140 -0.193255 0.799867
v -0.356204 -0.191435 0.800139
v -0.356633 -0.197898 0.836792
v -0.356047 -0.199349 0.836534
v -0.360028 -0.192903 0.800269
v -0.358168 -0.201212 0.836294
v -0.359691 -0.289280 0.799752
v -0.361609 -0.288200 0.799745
v -0.361512 -0.288487 0.836397
v -0.360031 -0.288037 0.836398
v -0.360132 -0.292069 0.799900
v -0.052900 -0.291716 0.799751
v -0.053933 -0.293620 0.799747
v -0.053711 -0.293536 0.836399
v -0.054140 -0.292052 0.836398
v -0.050109 -0.292155 0.799900
v -0.050192 -0.196811 0.799785
v -0.048348 -0.195730 0.800063
v -0.050118 -0.203573 0.836425
v -0.050150 -0.192887 0.800247
v -0.051778 -0.198302 0.836778
v -0.051996 -0.201204 0.836293
v -0.054011 -0.199438 0.836514
v -0.053816 -0.191516 0.800129
v -0.359977 -0.203350 0.836430
v -0.361795 -0.199149 0.799774
v -0.357256 -0.291715 0.836394
v -0.356443 -0.293536 0.799747
v -0.050461 -0.289277 0.836395
v -0.048639 -0.288439 0.799745
v -0.054174 -0.192995 0.799872
v -0.361905 -0.202343 0.836419
v -0.360012 -0.196933 0.799787
v -0.356220 -0.293620 0.836399
v -0.356018 -0.292051 0.799748
v -0.048570 -0.288283 0.836398
v -0.050131 -0.288041 0.799749
v -0.357183 -0.191186 0.800463
v -0.354121 -0.196999 0.836680
v -0.361892 -0.289207 0.799986
v -0.362381 -0.286124 0.836168
v -0.052971 -0.293915 0.799986
v -0.056064 -0.294406 0.836168
v -0.047734 -0.205779 0.836198
v -0.056344 -0.196971 0.836672
v -0.362423 -0.205787 0.836190
v -0.353827 -0.294428 0.836159
v -0.047776 -0.285985 0.836170
v -0.052892 -0.197494 0.836632
v -0.357185 -0.293915 0.836160
v -0.048263 -0.289208 0.836159
v -0.353942 -0.193458 0.800007
v -0.356297 -0.200107 0.836190
v -0.359583 -0.285940 0.799988
v -0.359247 -0.288270 0.836159
v -0.358163 -0.290121 0.836168
v -0.056232 -0.291605 0.799988
v -0.053908 -0.291270 0.836159
v -0.052056 -0.290186 0.836168
v -0.050554 -0.199408 0.799991
v -0.050910 -0.203086 0.836188
v -0.056579 -0.193438 0.800023
v -0.359600 -0.199434 0.800009
v -0.353600 -0.291623 0.800005
v -0.050580 -0.285775 0.800020
v -0.053858 -0.193788 0.799989
v -0.359245 -0.196791 0.799999
v -0.356248 -0.291270 0.799986
v -0.050909 -0.288270 0.799987
v -0.050456 -0.372796 0.397867
v -0.051466 -0.368084 0.372975
v -0.044868 -0.321742 0.372976
v -0.050456 -0.372796 0.372754
v -0.051871 -0.372558 0.373639
v -0.051587 -0.374393 0.372975
v -0.045343 -0.374029 0.397867
v -0.043975 -0.372642 0.396911
v -0.044413 -0.375733 0.397628
v -0.045863 -0.379905 0.372754
v -0.046855 -0.383959 0.372754
v -0.051121 -0.379845 0.372754
v -0.052668 -0.384819 0.372754
v -0.048441 -0.388224 0.372754
v -0.052197 -0.377349 0.396911
v -0.051853 -0.377409 0.397628
v -0.052206 -0.379585 0.397628
v -0.053069 -0.381503 0.396911
v -0.052736 -0.381634 0.397628
v -0.054109 -0.384320 0.396911
v -0.053495 -0.383860 0.397627
v -0.054444 -0.385854 0.397625
v -0.045863 -0.379905 0.397867
v -0.050821 -0.377590 0.397867
v -0.046855 -0.383959 0.397867
v -0.052668 -0.384819 0.397867
v -0.048441 -0.388224 0.397867
v -0.050970 -0.391259 0.397867
v -0.044328 -0.378729 0.373639
v -0.044413 -0.375733 0.372976
v -0.044669 -0.378670 0.372976
v -0.045147 -0.381565 0.372976
v -0.045590 -0.384458 0.373639
v -0.045906 -0.384333 0.372976
v -0.047022 -0.387225 0.372976
v -0.048396 -0.390792 0.373639
v -0.048568 -0.390491 0.372976
v -0.050519 -0.394303 0.372968
v -0.050442 -0.323523 0.372754
v -0.050851 -0.316330 0.396911
v -0.046133 -0.316948 0.373617
v -0.051821 -0.369261 0.373639
v -0.051821 -0.369261 0.396911
v -0.051871 -0.372558 0.396911
v -0.051985 -0.375049 0.373639
v -0.044072 -0.375764 0.373639
v -0.044813 -0.381658 0.373639
v -0.044328 -0.378729 0.396911
v -0.046753 -0.387410 0.373639
v -0.045590 -0.384458 0.396911
v -0.050474 -0.394764 0.396911
v -0.048396 -0.390792 0.396911
v -0.051802 -0.321452 0.396912
v -0.051466 -0.323062 0.372977
v -0.044316 -0.372593 0.372976
v -0.051805 -0.364550 0.396911
v -0.051466 -0.368083 0.397628
v -0.044312 -0.323556 0.397628
v -0.045343 -0.374029 0.372754
v -0.044316 -0.372594 0.397628
v -0.047246 -0.316484 0.372976
v -0.046674 -0.316604 0.373148
v -0.051565 -0.316484 0.373639
v -0.051587 -0.374393 0.397628
v -0.051853 -0.377409 0.372976
v -0.052206 -0.379585 0.372976
v -0.052736 -0.381634 0.372976
v -0.053495 -0.383859 0.372976
v -0.051414 -0.380925 0.397867
v -0.044669 -0.378670 0.397628
v -0.045147 -0.381565 0.397628
v -0.045906 -0.384333 0.397628
v -0.047022 -0.387225 0.397628
v -0.048568 -0.390491 0.397628
v -0.050795 -0.316940 0.372755
v -0.047143 -0.316942 0.372755
v -0.047145 -0.316938 0.397867
v -0.046386 -0.316947 0.397634
v -0.044868 -0.321742 0.397628
v -0.050795 -0.316942 0.397867
v -0.050442 -0.323523 0.397867
v -0.051466 -0.323043 0.397627
v -0.050842 -0.316484 0.397628
v -0.051376 -0.316604 0.397442
v -0.046524 -0.316484 0.373639
v -0.044312 -0.323556 0.372976
v -0.045335 -0.323504 0.372754
v -0.045335 -0.323504 0.397867
v -0.076050 -0.402793 0.398811
v -0.076951 -0.399430 0.398811
v -0.065252 -0.385304 0.398661
v -0.056574 -0.385163 0.373639
v -0.055317 -0.385633 0.373639
v -0.056574 -0.385163 0.396911
v -0.051127 -0.396845 0.373639
v -0.051127 -0.396845 0.396911
v -0.052599 -0.400000 0.398811
v -0.062522 -0.407503 0.398660
v -0.074053 -0.405646 0.398811
v -0.056574 -0.385163 0.398129
v -0.054994 -0.385932 0.397756
v -0.055059 -0.386036 0.398129
v -0.053721 -0.387160 0.398129
v -0.053675 -0.387066 0.397933
v -0.052556 -0.388400 0.397933
v -0.052597 -0.388498 0.398129
v -0.051724 -0.390013 0.398129
v -0.051686 -0.389913 0.397933
v -0.051086 -0.391556 0.397933
v -0.051125 -0.391655 0.398129
v -0.050823 -0.393376 0.398129
v -0.050780 -0.393280 0.397933
v -0.050737 -0.395068 0.397756
v -0.050822 -0.395124 0.398129
v -0.051127 -0.396845 0.398129
v -0.076649 -0.401151 0.398660
v -0.076619 -0.401143 0.398893
v -0.075152 -0.404290 0.398893
v -0.076953 -0.397682 0.398660
v -0.076922 -0.397685 0.398893
v -0.076051 -0.394318 0.398661
v -0.076023 -0.394331 0.398893
v -0.073850 -0.391323 0.398660
v -0.073828 -0.391345 0.398893
v -0.071880 -0.389797 0.398893
v -0.061685 -0.384260 0.398660
v -0.061682 -0.384291 0.398893
v -0.065240 -0.385332 0.398893
v -0.058216 -0.384564 0.398660
v -0.058224 -0.384594 0.398893
v -0.056579 -0.385174 0.398845
v -0.055064 -0.386042 0.398840
v -0.053727 -0.387166 0.398831
v -0.052603 -0.388503 0.398840
v -0.051732 -0.390016 0.398832
v -0.051133 -0.391657 0.398840
v -0.050831 -0.393377 0.398831
v -0.050829 -0.395123 0.398840
v -0.051139 -0.396842 0.398845
v -0.051724 -0.398488 0.398660
v -0.051752 -0.398475 0.398893
v -0.053925 -0.401483 0.398660
v -0.053947 -0.401461 0.398893
v -0.055894 -0.403009 0.398893
v -0.066090 -0.408546 0.398660
v -0.066092 -0.408515 0.398893
v -0.062535 -0.407474 0.398893
v -0.069559 -0.408242 0.398660
v -0.069551 -0.408213 0.398893
v -0.072715 -0.406770 0.398660
v -0.072698 -0.406745 0.398893
v -0.068324 -0.406991 0.400205
v -0.075007 -0.402307 0.400081
v -0.075938 -0.402741 0.399053
v -0.076530 -0.401119 0.399053
v -0.074235 -0.403648 0.400081
v -0.075805 -0.399330 0.400081
v -0.076828 -0.399419 0.399053
v -0.076829 -0.397693 0.399053
v -0.075536 -0.396259 0.400081
v -0.076528 -0.395993 0.399053
v -0.075939 -0.394371 0.399053
v -0.075071 -0.392873 0.399055
v -0.073757 -0.391406 0.399053
v -0.074233 -0.393466 0.400081
v -0.071172 -0.390668 0.400080
v -0.071821 -0.389869 0.399053
v -0.063379 -0.384686 0.399055
v -0.061674 -0.384383 0.399053
v -0.063108 -0.385677 0.400081
v -0.064779 -0.386357 0.400080
v -0.060037 -0.385408 0.400081
v -0.059948 -0.384385 0.399053
v -0.058248 -0.384683 0.399053
v -0.057060 -0.386206 0.400081
v -0.056626 -0.385275 0.399053
v -0.055130 -0.386137 0.399053
v -0.054535 -0.387974 0.400081
v -0.053809 -0.387248 0.399053
v -0.052698 -0.388569 0.399053
v -0.052768 -0.390499 0.400081
v -0.051836 -0.390065 0.399053
v -0.051245 -0.391687 0.399053
v -0.051970 -0.393476 0.400081
v -0.050946 -0.393387 0.399053
v -0.050945 -0.395113 0.399053
v -0.052239 -0.396547 0.400081
v -0.051246 -0.396813 0.399053
v -0.051836 -0.398436 0.399053
v -0.053539 -0.399335 0.400082
v -0.052700 -0.399930 0.399053
v -0.054018 -0.401401 0.399053
v -0.056602 -0.402138 0.400080
v -0.055954 -0.402938 0.399053
v -0.064691 -0.407067 0.400141
v -0.064401 -0.408122 0.399053
v -0.066101 -0.408423 0.399053
v -0.062994 -0.406448 0.400081
v -0.067737 -0.407398 0.400081
v -0.067827 -0.408422 0.399053
v -0.069527 -0.408123 0.399053
v -0.070715 -0.406600 0.400081
v -0.071149 -0.407531 0.399053
v -0.072644 -0.406669 0.399053
v -0.073239 -0.404832 0.400081
v -0.073966 -0.405559 0.399053
v -0.067376 -0.386606 0.398661
v -0.060399 -0.406200 0.398660
v -0.067360 -0.386633 0.398893
v -0.060414 -0.406173 0.398893
v -0.066785 -0.387596 0.400080
v -0.067314 -0.386713 0.399053
v -0.060990 -0.405210 0.400080
v -0.060461 -0.406093 0.399053
v -0.074804 -0.402212 0.400201
v -0.065211 -0.386979 0.400205
v -0.062683 -0.405887 0.400204
v -0.052267 -0.393503 0.400205
v -0.065247 -0.406932 0.400205
v -0.053351 -0.390086 0.400204
v -0.075508 -0.399304 0.400205
v -0.072387 -0.392027 0.400205
v -0.057772 -0.386265 0.400205
v -0.055059 -0.386036 0.372254
v -0.054994 -0.385932 0.372816
v -0.052597 -0.388498 0.372254
v -0.052556 -0.388400 0.372629
v -0.053675 -0.387066 0.372629
v -0.051125 -0.391655 0.372254
v -0.051086 -0.391556 0.372629
v -0.051686 -0.389913 0.372629
v -0.050822 -0.395124 0.372254
v -0.050737 -0.395068 0.372816
v -0.050780 -0.393280 0.372629
v -0.050651 -0.392988 0.397867
v -0.050519 -0.394302 0.397637
v -0.050651 -0.392989 0.372754
v -0.050970 -0.391259 0.372754
v -0.051572 -0.389615 0.372754
v -0.052434 -0.388107 0.372754
v -0.053532 -0.386784 0.372754
v -0.054444 -0.385855 0.372978
v -0.054753 -0.385550 0.373639
v -0.054483 -0.385062 0.373639
v -0.054483 -0.385062 0.396911
v -0.054753 -0.385550 0.396911
v -0.053532 -0.386783 0.397867
v -0.051820 -0.389045 0.397867
v -0.075537 -0.400854 0.400081
v -0.075390 -0.400814 0.400174
v -0.074110 -0.403560 0.400174
v -0.075076 -0.404237 0.399053
v -0.075806 -0.397783 0.400081
v -0.075654 -0.397796 0.400174
v -0.075653 -0.399316 0.400174
v -0.075008 -0.394805 0.400081
v -0.074870 -0.394869 0.400174
v -0.075389 -0.396299 0.400174
v -0.073022 -0.392128 0.400080
v -0.072905 -0.392229 0.400174
v -0.071058 -0.390775 0.400174
v -0.061585 -0.385407 0.400081
v -0.061571 -0.385559 0.400174
v -0.064725 -0.386502 0.400174
v -0.065207 -0.385420 0.399053
v -0.058514 -0.385676 0.400081
v -0.058553 -0.385823 0.400174
v -0.060051 -0.385560 0.400174
v -0.055720 -0.386979 0.400081
v -0.055807 -0.387103 0.400174
v -0.057125 -0.386344 0.400174
v -0.053540 -0.389159 0.400081
v -0.053665 -0.389246 0.400174
v -0.054643 -0.388082 0.400174
v -0.052237 -0.391953 0.400081
v -0.052385 -0.391992 0.400174
v -0.052906 -0.390563 0.400174
v -0.051969 -0.395023 0.400081
v -0.052121 -0.395010 0.400174
v -0.052122 -0.393490 0.400174
v -0.052767 -0.398001 0.400081
v -0.052905 -0.397937 0.400174
v -0.052386 -0.396508 0.400174
v -0.054753 -0.400678 0.400080
v -0.054870 -0.400577 0.400174
v -0.061053 -0.405067 0.400174
v -0.056717 -0.402031 0.400174
v -0.066190 -0.407399 0.400081
v -0.066203 -0.407247 0.400174
v -0.063050 -0.406304 0.400174
v -0.062566 -0.407386 0.399053
v -0.069261 -0.407130 0.400081
v -0.069222 -0.406983 0.400174
v -0.067724 -0.407246 0.400174
v -0.072055 -0.405827 0.400081
v -0.071968 -0.405703 0.400174
v -0.070650 -0.406462 0.400174
v -0.073132 -0.404724 0.400174
v -0.066722 -0.387740 0.400174
v -0.075033 -0.395751 0.400205
v -0.074059 -0.393588 0.400197
v -0.063053 -0.385882 0.400197
v -0.060686 -0.385707 0.400205
v -0.055225 -0.387786 0.400205
v -0.052742 -0.397054 0.400205
v -0.053716 -0.399218 0.400197
v -0.055484 -0.400871 0.400204
v -0.071127 -0.406017 0.400204
v -0.073427 -0.404142 0.400205
v -0.044072 -0.375764 0.396911
v -0.052545 -0.379490 0.396911
v -0.051985 -0.375049 0.396911
v -0.053636 -0.383182 0.396911
v -0.047288 -0.316331 0.396911
v -0.043971 -0.333684 0.391139
v -0.043971 -0.336122 0.391656
v -0.051565 -0.316484 0.396911
v -0.046524 -0.316484 0.396911
v -0.050735 -0.395471 0.396911
v -0.046133 -0.316948 0.396935
v -0.043974 -0.372621 0.373640
v -0.052197 -0.377349 0.373639
v -0.053069 -0.381503 0.373639
v -0.054109 -0.384320 0.373639
v -0.047288 -0.316331 0.373639
v -0.051805 -0.364551 0.373639
v -0.043971 -0.331609 0.380925
v -0.043971 -0.336122 0.379035
v -0.043971 -0.333684 0.379553
v -0.043971 -0.323630 0.373639
v -0.050851 -0.316330 0.373639
v -0.050474 -0.394764 0.373639
v -0.051550 -0.316946 0.372971
v -0.051376 -0.316604 0.373148
v -0.044043 -0.323299 0.373642
v -0.051802 -0.316945 0.373639
v -0.050842 -0.316484 0.372976
v -0.046386 -0.316946 0.372971
v -0.047246 -0.316484 0.397628
v -0.046674 -0.316604 0.397442
v -0.051550 -0.316946 0.397633
v -0.044042 -0.323303 0.396908
v -0.051802 -0.316945 0.396911
v -0.075178 -0.404308 0.398660
v -0.076953 -0.397682 0.138587
v -0.076647 -0.395961 0.398811
v -0.075176 -0.392806 0.398811
v -0.073850 -0.391323 0.138588
v -0.071900 -0.389774 0.398661
v -0.063406 -0.384565 0.398811
v -0.059937 -0.384262 0.398811
v -0.056574 -0.385163 0.372254
v -0.053721 -0.387160 0.372254
v -0.051724 -0.390013 0.372254
v -0.050823 -0.393376 0.372254
v -0.051127 -0.396845 0.372254
v -0.051724 -0.398488 0.138587
v -0.053925 -0.401483 0.138587
v -0.062522 -0.407502 0.138587
v -0.055875 -0.403033 0.398660
v -0.064369 -0.408241 0.398811
v -0.067838 -0.408544 0.398811
v -0.069559 -0.408242 0.138587
v -0.071201 -0.407643 0.398811
v -0.072715 -0.406770 0.138587
v -0.043972 -0.341982 0.387724
v -0.043971 -0.340634 0.389767
v -0.043972 -0.342473 0.385346
v -0.043972 -0.341982 0.382967
v -0.043971 -0.323630 0.396911
v -0.043971 -0.329771 0.385346
v -0.043971 -0.330262 0.387724
v -0.043971 -0.338561 0.379553
v -0.043971 -0.340634 0.380924
v -0.043971 -0.338561 0.391138
v -0.043971 -0.330262 0.382967
v -0.043971 -0.331609 0.389767
v -0.044813 -0.381658 0.396911
v -0.046753 -0.387410 0.396911
v -0.055317 -0.385633 0.396911
v -0.052545 -0.379490 0.373639
v -0.053636 -0.383182 0.373639
v -0.050735 -0.395471 0.373639
v -0.051802 -0.321445 0.373638
v -0.051466 -0.368085 0.164272
v -0.051821 -0.369261 0.163609
v -0.047246 -0.316484 0.164272
v -0.050842 -0.316484 0.164272
v -0.046386 -0.316946 0.164277
v -0.044868 -0.321741 0.164272
v -0.051587 -0.374392 0.164272
v -0.044315 -0.372585 0.139620
v -0.044413 -0.375733 0.139620
v -0.051572 -0.389615 0.164494
v -0.052434 -0.388107 0.164494
v -0.050970 -0.391259 0.164494
v -0.051853 -0.377409 0.139620
v -0.051587 -0.374393 0.139620
v -0.052545 -0.379490 0.140337
v -0.052206 -0.379585 0.139620
v -0.052736 -0.381634 0.139620
v -0.053636 -0.383182 0.140337
v -0.053495 -0.383860 0.139621
v -0.051820 -0.389045 0.139381
v -0.044669 -0.378669 0.164272
v -0.044413 -0.375733 0.164272
v -0.044813 -0.381658 0.163608
v -0.045147 -0.381565 0.164272
v -0.045906 -0.384333 0.164272
v -0.046753 -0.387409 0.163609
v -0.047022 -0.387225 0.164272
v -0.048568 -0.390491 0.164272
v -0.051802 -0.321444 0.163610
v -0.051550 -0.316945 0.164277
v -0.051466 -0.323061 0.164271
v -0.047246 -0.316484 0.139620
v -0.050842 -0.316484 0.139620
v -0.051871 -0.372558 0.163608
v -0.051985 -0.375049 0.163609
v -0.051985 -0.375049 0.140337
v -0.054483 -0.385062 0.163609
v -0.044328 -0.378729 0.163609
v -0.044072 -0.375764 0.163609
v -0.044072 -0.375764 0.140337
v -0.044813 -0.381658 0.140337
v -0.045590 -0.384458 0.163609
v -0.046753 -0.387409 0.140337
v -0.048396 -0.390792 0.163609
v -0.050474 -0.394764 0.163609
v -0.051802 -0.321452 0.140336
v -0.051466 -0.368083 0.139620
v -0.046674 -0.316604 0.164100
v -0.050456 -0.372797 0.164494
v -0.045343 -0.374028 0.164494
v -0.044315 -0.372584 0.164272
v -0.045343 -0.374029 0.139381
v -0.050456 -0.372796 0.139381
v -0.045863 -0.379905 0.164494
v -0.051121 -0.379845 0.164494
v -0.052206 -0.379585 0.164272
v -0.051853 -0.377409 0.164272
v -0.046855 -0.383959 0.164494
v -0.052668 -0.384818 0.164494
v -0.053495 -0.383859 0.164271
v -0.052736 -0.381634 0.164272
v -0.048441 -0.388225 0.164494
v -0.050651 -0.392989 0.164494
v -0.053532 -0.386783 0.164493
v -0.054444 -0.385855 0.164269
v -0.050821 -0.377590 0.139381
v -0.045863 -0.379905 0.139381
v -0.045147 -0.381565 0.139620
v -0.044669 -0.378669 0.139620
v -0.051414 -0.380925 0.139381
v -0.046855 -0.383958 0.139381
v -0.048441 -0.388223 0.139381
v -0.047022 -0.387225 0.139620
v -0.045906 -0.384333 0.139620
v -0.052669 -0.384819 0.139381
v -0.053532 -0.386783 0.139381
v -0.050651 -0.392988 0.139381
v -0.050519 -0.394302 0.139611
v -0.048568 -0.390491 0.139620
v -0.050795 -0.316940 0.164493
v -0.047143 -0.316942 0.164493
v -0.047143 -0.316942 0.139381
v -0.044868 -0.321741 0.139620
v -0.050795 -0.316940 0.139381
v -0.051550 -0.316946 0.139614
v -0.051376 -0.316604 0.139806
v -0.046524 -0.316484 0.140337
v -0.046524 -0.316484 0.163609
v -0.076050 -0.402793 0.138437
v -0.076951 -0.399430 0.138437
v -0.071900 -0.389773 0.138587
v -0.056574 -0.385163 0.163609
v -0.055317 -0.385633 0.140337
v -0.051127 -0.396845 0.163609
v -0.050735 -0.395471 0.163609
v -0.050735 -0.395471 0.140337
v -0.052599 -0.400000 0.138437
v -0.055875 -0.403033 0.138588
v -0.071201 -0.407643 0.138437
v -0.074053 -0.405646 0.138437
v -0.056574 -0.385163 0.139118
v -0.055064 -0.386042 0.138408
v -0.055059 -0.386035 0.139119
v -0.054994 -0.385932 0.139492
v -0.053721 -0.387160 0.139119
v -0.053675 -0.387065 0.139315
v -0.053727 -0.387166 0.138417
v -0.052603 -0.388502 0.138408
v -0.052597 -0.388498 0.139119
v -0.052556 -0.388400 0.139315
v -0.051724 -0.390012 0.139119
v -0.051686 -0.389913 0.139315
v -0.051732 -0.390016 0.138416
v -0.051133 -0.391656 0.138408
v -0.051125 -0.391655 0.139119
v -0.051086 -0.391556 0.139315
v -0.050823 -0.393376 0.139119
v -0.050780 -0.393279 0.139315
v -0.050831 -0.393377 0.138417
v -0.050829 -0.395123 0.138408
v -0.050822 -0.395124 0.139119
v -0.050737 -0.395068 0.139492
v -0.051127 -0.396845 0.139119
v -0.075178 -0.404308 0.138587
v -0.075152 -0.404290 0.138355
v -0.076619 -0.401143 0.138355
v -0.076922 -0.397685 0.138355
v -0.076023 -0.394331 0.138355
v -0.073828 -0.391345 0.138355
v -0.071880 -0.389797 0.138355
v -0.065240 -0.385332 0.138355
v -0.061682 -0.384291 0.138355
v -0.058224 -0.384593 0.138355
v -0.056579 -0.385174 0.138403
v -0.051139 -0.396842 0.138403
v -0.051752 -0.398475 0.138355
v -0.053947 -0.401461 0.138355
v -0.055895 -0.403009 0.138355
v -0.062535 -0.407474 0.138355
v -0.066092 -0.408515 0.138355
v -0.069551 -0.408212 0.138355
v -0.072698 -0.406745 0.138355
v -0.068324 -0.406990 0.137043
v -0.074948 -0.402279 0.137107
v -0.075537 -0.400853 0.137167
v -0.075076 -0.404237 0.138195
v -0.075805 -0.399330 0.137167
v -0.075806 -0.397783 0.137167
v -0.075472 -0.396276 0.137107
v -0.075008 -0.394805 0.137167
v -0.074183 -0.393510 0.137107
v -0.073022 -0.392128 0.137167
v -0.071171 -0.390667 0.137168
v -0.063379 -0.384686 0.138193
v -0.061585 -0.385407 0.137167
v -0.065208 -0.385420 0.138195
v -0.060043 -0.385474 0.137107
v -0.058514 -0.385676 0.137167
v -0.057060 -0.386206 0.137167
v -0.055720 -0.386979 0.137167
v -0.054535 -0.387974 0.137167
v -0.053540 -0.389159 0.137167
v -0.052768 -0.390499 0.137167
v -0.052238 -0.391952 0.137167
v -0.052036 -0.393482 0.137107
v -0.051969 -0.395023 0.137167
v -0.052239 -0.396547 0.137167
v -0.052767 -0.398001 0.137167
v -0.053539 -0.399335 0.137166
v -0.054755 -0.400679 0.137167
v -0.056602 -0.402137 0.137168
v -0.064691 -0.407067 0.137107
v -0.066190 -0.407399 0.137167
v -0.062566 -0.407386 0.138195
v -0.067737 -0.407398 0.137167
v -0.069261 -0.407130 0.137167
v -0.070714 -0.406600 0.137167
v -0.072055 -0.405827 0.137167
v -0.073193 -0.404785 0.137107
v -0.067376 -0.386606 0.138587
v -0.060399 -0.406200 0.138437
v -0.067360 -0.386633 0.138355
v -0.066785 -0.387596 0.137168
v -0.060990 -0.405210 0.137168
v -0.062564 -0.405828 0.137043
v -0.065247 -0.406931 0.137043
v -0.053351 -0.390086 0.137043
v -0.075354 -0.396950 0.137043
v -0.065211 -0.386978 0.137043
v -0.057772 -0.386265 0.137043
v -0.055317 -0.385633 0.163609
v -0.054994 -0.385932 0.164432
v -0.053675 -0.387065 0.164619
v -0.052556 -0.388400 0.164619
v -0.051686 -0.389913 0.164619
v -0.051086 -0.391556 0.164619
v -0.050780 -0.393279 0.164619
v -0.050737 -0.395068 0.164432
v -0.050970 -0.391259 0.139381
v -0.050519 -0.394303 0.164280
v -0.054753 -0.385549 0.163609
v -0.054444 -0.385854 0.139623
v -0.074235 -0.403647 0.137167
v -0.074110 -0.403560 0.137074
v -0.075390 -0.400814 0.137074
v -0.075938 -0.402741 0.138195
v -0.076530 -0.401119 0.138195
v -0.075593 -0.399311 0.137051
v -0.075654 -0.397796 0.137074
v -0.076828 -0.399419 0.138195
v -0.076829 -0.397693 0.138195
v -0.074870 -0.394869 0.137074
v -0.076528 -0.395993 0.138195
v -0.075939 -0.394370 0.138195
v -0.072905 -0.392228 0.137074
v -0.075075 -0.392876 0.138195
v -0.073757 -0.391405 0.138195
v -0.071058 -0.390775 0.137074
v -0.071820 -0.389868 0.138195
v -0.067314 -0.386713 0.138195
v -0.063108 -0.385676 0.137167
v -0.064781 -0.386358 0.137168
v -0.064725 -0.386502 0.137074
v -0.063053 -0.385882 0.137051
v -0.061571 -0.385559 0.137074
v -0.061674 -0.384383 0.138195
v -0.058553 -0.385823 0.137074
v -0.059948 -0.384384 0.138195
v -0.058248 -0.384683 0.138195
v -0.057125 -0.386344 0.137074
v -0.055807 -0.387103 0.137074
v -0.056626 -0.385275 0.138195
v -0.055130 -0.386137 0.138195
v -0.054643 -0.388082 0.137074
v -0.053665 -0.389246 0.137074
v -0.053809 -0.387247 0.138195
v -0.052698 -0.388569 0.138195
v -0.052906 -0.390563 0.137074
v -0.052385 -0.391992 0.137074
v -0.051836 -0.390065 0.138195
v -0.051245 -0.391687 0.138195
v -0.052121 -0.395010 0.137074
v -0.050946 -0.393387 0.138195
v -0.050945 -0.395113 0.138195
v -0.052386 -0.396507 0.137074
v -0.052905 -0.397937 0.137074
v -0.051246 -0.396813 0.138195
v -0.051836 -0.398435 0.138195
v -0.053716 -0.399218 0.137051
v -0.054870 -0.400577 0.137074
v -0.052700 -0.399930 0.138195
v -0.054019 -0.401402 0.138195
v -0.056717 -0.402031 0.137074
v -0.055954 -0.402937 0.138195
v -0.062994 -0.406447 0.137167
v -0.063050 -0.406304 0.137074
v -0.066203 -0.407247 0.137074
v -0.064401 -0.408122 0.138195
v -0.066101 -0.408423 0.138195
v -0.067724 -0.407246 0.137074
v -0.069222 -0.406983 0.137074
v -0.067827 -0.408422 0.138195
v -0.069527 -0.408123 0.138195
v -0.070650 -0.406462 0.137074
v -0.071968 -0.405703 0.137074
v -0.071149 -0.407531 0.138195
v -0.072644 -0.406669 0.138195
v -0.073966 -0.405558 0.138195
v -0.066722 -0.387739 0.137074
v -0.061053 -0.405067 0.137074
v -0.060461 -0.406093 0.138195
v -0.074948 -0.401595 0.137043
v -0.074245 -0.394079 0.137043
v -0.072387 -0.392027 0.137043
v -0.060686 -0.385707 0.137043
v -0.055225 -0.387786 0.137043
v -0.052267 -0.393503 0.137043
v -0.052742 -0.397054 0.137043
v -0.055388 -0.400779 0.137043
v -0.071127 -0.406016 0.137043
v -0.073427 -0.404142 0.137043
v -0.043975 -0.372626 0.140337
v -0.052197 -0.377349 0.140337
v -0.053069 -0.381502 0.140337
v -0.054109 -0.384320 0.140337
v -0.054483 -0.385062 0.140337
v -0.051821 -0.369261 0.140337
v -0.051805 -0.364550 0.140337
v -0.043971 -0.331609 0.147481
v -0.050851 -0.316330 0.140337
v -0.051565 -0.316484 0.140337
v -0.050474 -0.394764 0.140337
v -0.075176 -0.392806 0.138437
v -0.063406 -0.384565 0.138437
v -0.059937 -0.384262 0.138437
v -0.051724 -0.390012 0.164994
v -0.051127 -0.396845 0.164994
v -0.056574 -0.385163 0.164994
v -0.053721 -0.387160 0.164994
v -0.050823 -0.393376 0.164994
v -0.064369 -0.408241 0.138437
v -0.067838 -0.408544 0.138437
v -0.051871 -0.372558 0.140337
v -0.044328 -0.378729 0.140337
v -0.045590 -0.384458 0.140337
v -0.048396 -0.390792 0.140337
v -0.047288 -0.316330 0.140337
v -0.056574 -0.385163 0.140337
v -0.051127 -0.396845 0.140337
v -0.054753 -0.385549 0.140337
v -0.043975 -0.372636 0.163609
v -0.052197 -0.377349 0.163609
v -0.052545 -0.379490 0.163609
v -0.053069 -0.381502 0.163609
v -0.053636 -0.383182 0.163609
v -0.054109 -0.384320 0.163609
v -0.047288 -0.316330 0.163609
v -0.051805 -0.364551 0.163609
v -0.043971 -0.331609 0.156323
v -0.050851 -0.316330 0.163609
v -0.051565 -0.316484 0.163608
v -0.044043 -0.323299 0.163606
v -0.044312 -0.323556 0.164272
v -0.051802 -0.316945 0.163608
v -0.051376 -0.316604 0.164100
v -0.046133 -0.316948 0.163631
v -0.044042 -0.323303 0.140340
v -0.051802 -0.316945 0.140337
v -0.050442 -0.323523 0.164494
v -0.045335 -0.323504 0.139381
v -0.044312 -0.323556 0.139620
v -0.046386 -0.316947 0.139614
v -0.046674 -0.316604 0.139806
v -0.050442 -0.323524 0.139381
v -0.051466 -0.323043 0.139621
v -0.046133 -0.316948 0.140313
v -0.043971 -0.323630 0.163609
v -0.043971 -0.336122 0.158213
v -0.076649 -0.401151 0.138587
v -0.076051 -0.394318 0.138587
v -0.065252 -0.385303 0.138587
v -0.061685 -0.384260 0.138587
v -0.058216 -0.384564 0.138587
v -0.055059 -0.386036 0.164994
v -0.052597 -0.388498 0.164994
v -0.051125 -0.391655 0.164994
v -0.050822 -0.395124 0.164994
v -0.066090 -0.408546 0.138588
v -0.043971 -0.323630 0.140337
v -0.045335 -0.323504 0.164494
v -0.044033 -0.341732 0.149621
v -0.044020 -0.340466 0.147644
v -0.043971 -0.340634 0.147481
v -0.044021 -0.342220 0.151902
v -0.043972 -0.341982 0.154281
v -0.043971 -0.340634 0.156323
v -0.043972 -0.342473 0.151902
v -0.043971 -0.329771 0.151902
v -0.043971 -0.338560 0.157695
v -0.044033 -0.338462 0.157454
v -0.044020 -0.336122 0.157971
v -0.044033 -0.330512 0.154184
v -0.044019 -0.331777 0.156160
v -0.044020 -0.330024 0.151902
v -0.044033 -0.341732 0.154184
v -0.044020 -0.340466 0.156160
v -0.044403 -0.341833 0.151902
v -0.044403 -0.340192 0.147917
v -0.044033 -0.338462 0.146350
v -0.044403 -0.336122 0.146221
v -0.044020 -0.336122 0.145833
v -0.044032 -0.333782 0.146350
v -0.044403 -0.332052 0.147917
v -0.044019 -0.331777 0.147645
v -0.044033 -0.330512 0.149621
v -0.044403 -0.330411 0.151902
v -0.044403 -0.332052 0.155887
v -0.044032 -0.333782 0.157454
v -0.044403 -0.336122 0.157583
v -0.043971 -0.333684 0.146109
v -0.043971 -0.336122 0.145591
v -0.043971 -0.333684 0.157695
v -0.043972 -0.341982 0.149523
v -0.043971 -0.330262 0.149524
v -0.043971 -0.338560 0.146110
v -0.043971 -0.330262 0.154281
v -0.044403 -0.341396 0.154047
v -0.044403 -0.340192 0.155888
v -0.044652 -0.341277 0.153998
v -0.044637 -0.341705 0.151902
v -0.044403 -0.341396 0.149757
v -0.044652 -0.341277 0.149806
v -0.044637 -0.340101 0.148007
v -0.044403 -0.338323 0.146685
v -0.044651 -0.338273 0.146803
v -0.044636 -0.336122 0.146349
v -0.044403 -0.333921 0.146685
v -0.044651 -0.333971 0.146803
v -0.044636 -0.332143 0.148007
v -0.044403 -0.330847 0.149757
v -0.044651 -0.330966 0.149806
v -0.044636 -0.330539 0.151902
v -0.044403 -0.330847 0.154047
v -0.044651 -0.330966 0.153998
v -0.044636 -0.332143 0.155797
v -0.044403 -0.333921 0.157119
v -0.044651 -0.333971 0.157001
v -0.044636 -0.336122 0.157455
v -0.044403 -0.338323 0.157119
v -0.044652 -0.338273 0.157001
v -0.044637 -0.340101 0.155797
v -0.051086 -0.341273 0.153996
v -0.051086 -0.341699 0.151902
v -0.051086 -0.341273 0.149808
v -0.051086 -0.340096 0.148011
v -0.051086 -0.338271 0.146808
v -0.051086 -0.336122 0.146355
v -0.051086 -0.333972 0.146808
v -0.051086 -0.332147 0.148011
v -0.051085 -0.330970 0.149808
v -0.051086 -0.330544 0.151902
v -0.051085 -0.330970 0.153996
v -0.051086 -0.332147 0.155793
v -0.051086 -0.333972 0.156996
v -0.051086 -0.336122 0.157449
v -0.051086 -0.338271 0.156996
v -0.051086 -0.340096 0.155793
v -0.051463 -0.340071 0.155768
v -0.051463 -0.341240 0.153983
v -0.051463 -0.341663 0.151902
v -0.051463 -0.341240 0.149821
v -0.051463 -0.340071 0.148036
v -0.051463 -0.338257 0.146840
v -0.051463 -0.336122 0.146390
v -0.051463 -0.333986 0.146840
v -0.051463 -0.332172 0.148036
v -0.051463 -0.331003 0.149821
v -0.051463 -0.330580 0.151902
v -0.051463 -0.331003 0.153983
v -0.051463 -0.332172 0.155768
v -0.051463 -0.333986 0.156964
v -0.051463 -0.336122 0.157414
v -0.051463 -0.338257 0.156964
v -0.051589 -0.341142 0.153943
v -0.051589 -0.339996 0.155694
v -0.051400 -0.339920 0.155619
v -0.051400 -0.341044 0.153902
v -0.051400 -0.341451 0.151902
v -0.051589 -0.341557 0.151902
v -0.051589 -0.341142 0.149862
v -0.051400 -0.341044 0.149902
v -0.051400 -0.339920 0.148185
v -0.051589 -0.339996 0.148110
v -0.051589 -0.338217 0.146938
v -0.051400 -0.338176 0.147036
v -0.051400 -0.336122 0.146603
v -0.051589 -0.336122 0.146496
v -0.051589 -0.334027 0.146938
v -0.051400 -0.334067 0.147036
v -0.051400 -0.332323 0.148185
v -0.051588 -0.332248 0.148110
v -0.051588 -0.331101 0.149862
v -0.051400 -0.331199 0.149902
v -0.051400 -0.330792 0.151902
v -0.051588 -0.330686 0.151902
v -0.051588 -0.331101 0.153943
v -0.051400 -0.331199 0.153902
v -0.051400 -0.332323 0.155619
v -0.051588 -0.332248 0.155694
v -0.051589 -0.334027 0.156866
v -0.051400 -0.334067 0.156768
v -0.051400 -0.336122 0.157201
v -0.051589 -0.336122 0.157308
v -0.051589 -0.338217 0.156866
v -0.051400 -0.338176 0.156768
v -0.050834 -0.341012 0.153889
v -0.050834 -0.341416 0.151902
v -0.050834 -0.341012 0.149915
v -0.050834 -0.339895 0.148210
v -0.050834 -0.338162 0.147068
v -0.050834 -0.336122 0.146638
v -0.050834 -0.334081 0.147068
v -0.050833 -0.332348 0.148210
v -0.050834 -0.331232 0.149915
v -0.050834 -0.330827 0.151902
v -0.050834 -0.331232 0.153889
v -0.050834 -0.332348 0.155594
v -0.050834 -0.334081 0.156736
v -0.050834 -0.336122 0.157166
v -0.050834 -0.338162 0.156736
v -0.045048 -0.341012 0.153889
v -0.045048 -0.341012 0.149915
v -0.045049 -0.338163 0.147068
v -0.045049 -0.336122 0.146638
v -0.045049 -0.334081 0.147068
v -0.045048 -0.332348 0.148210
v -0.045048 -0.331232 0.149915
v -0.045048 -0.330828 0.151902
v -0.045049 -0.331232 0.153889
v -0.045048 -0.334081 0.156736
v -0.045048 -0.336122 0.157166
v -0.045049 -0.338163 0.156736
v -0.050834 -0.339895 0.155594
v -0.045049 -0.341416 0.151902
v -0.045049 -0.339895 0.148210
v -0.045048 -0.332348 0.155594
v -0.045049 -0.339895 0.155594
v -0.044428 -0.339859 0.155558
v -0.044428 -0.340964 0.153869
v -0.044428 -0.341364 0.151902
v -0.044428 -0.340964 0.149935
v -0.044428 -0.339859 0.148247
v -0.044427 -0.338143 0.147116
v -0.044427 -0.336122 0.146690
v -0.044427 -0.334101 0.147116
v -0.044427 -0.332385 0.148247
v -0.044427 -0.331280 0.149935
v -0.044427 -0.330879 0.151902
v -0.044427 -0.331280 0.153869
v -0.044427 -0.332385 0.155558
v -0.044427 -0.334101 0.156688
v -0.044427 -0.336122 0.157114
v -0.044427 -0.338143 0.156688
v -0.044074 -0.340821 0.153810
v -0.044074 -0.339748 0.155448
v -0.043909 -0.339470 0.155173
v -0.043909 -0.340460 0.153662
v -0.043909 -0.340818 0.151902
v -0.044074 -0.341209 0.151902
v -0.044074 -0.340821 0.149994
v -0.043909 -0.340460 0.150142
v -0.043909 -0.339470 0.148631
v -0.044074 -0.339748 0.148356
v -0.044074 -0.338083 0.147259
v -0.043909 -0.337933 0.147619
v -0.043909 -0.336122 0.147237
v -0.044074 -0.336122 0.146846
v -0.044074 -0.334161 0.147259
v -0.043909 -0.334311 0.147619
v -0.043909 -0.332773 0.148631
v -0.044074 -0.332496 0.148356
v -0.044074 -0.331423 0.149994
v -0.043909 -0.331784 0.150142
v -0.043909 -0.331425 0.151902
v -0.044074 -0.331035 0.151902
v -0.044074 -0.331423 0.153810
v -0.043909 -0.331784 0.153662
v -0.043909 -0.332773 0.155173
v -0.044074 -0.332496 0.155448
v -0.044074 -0.334161 0.156545
v -0.043909 -0.334311 0.156185
v -0.043909 -0.336122 0.156567
v -0.044074 -0.336122 0.156959
v -0.044074 -0.338083 0.156545
v -0.043909 -0.337933 0.156185
v -0.043854 -0.336121 0.155805
v -0.043854 -0.340018 0.152773
v -0.043854 -0.339514 0.149808
v -0.043854 -0.336997 0.148038
v -0.043854 -0.334603 0.148317
v -0.043854 -0.332728 0.149809
v -0.043854 -0.332226 0.152773
v -0.043854 -0.333963 0.155230
v -0.043854 -0.338282 0.155229
v -0.076647 -0.395961 0.138437
vn 0.0019 0.0056 1.0000
vn -0.0022 0.0206 0.9998
vn -0.0001 -0.0057 1.0000
vn 0.0020 -0.0234 0.9997
vn 1.0000 0.0055 -0.0008
vn 0.9998 0.0207 0.0009
vn 1.0000 -0.0059 0.0001
vn 0.9997 -0.0236 -0.0008
vn -0.0019 0.0055 -1.0000
vn 0.0022 0.0206 -0.9998
vn 0.0001 -0.0058 -1.0000
vn -0.0020 -0.0236 -0.9997
vn -1.0000 0.0055 0.0007
vn -0.9998 0.0207 -0.0009
vn -1.0000 -0.0058 -0.0000
vn -0.9997 -0.0238 0.0008
vn 0.0010 -1.0000 -0.0001
vn 0.0042 -1.0000 0.0010
vn -0.0010 -1.0000 0.0001
vn -0.0041 -1.0000 -0.0010
vn 0.0003 1.0000 -0.0004
vn -0.0029 1.0000 -0.0017
vn -0.0003 1.0000 0.0004
vn 0.0030 1.0000 0.0017
vn -0.0045 1.0000 0.0010
vn 0.0018 1.0000 0.0014
vn -0.0002 0.9998 -0.0182
vn 0.0001 1.0000 -0.0059
vn 0.0045 1.0000 -0.0010
vn -0.0191 0.9998 0.0001
vn -0.0059 1.0000 -0.0000
vn -0.0018 1.0000 -0.0014
vn 0.0002 0.9998 0.0182
vn -0.0001 1.0000 0.0059
vn 0.0191 0.9998 -0.0001
vn 0.0059 1.0000 -0.0000
vn 0.0023 0.0043 -1.0000
vn -0.0026 0.0094 -1.0000
vn -0.0001 0.0134 -0.9999
vn 0.0023 0.0453 -0.9990
vn -1.0000 0.0043 -0.0008
vn -1.0000 0.0095 0.0010
vn -0.9999 0.0134 -0.0000
vn -0.9990 0.0453 -0.0008
vn -0.0022 0.0043 1.0000
vn 0.0026 0.0094 1.0000
vn 0.0001 0.0134 0.9999
vn -0.0023 0.0460 0.9989
vn 1.0000 0.0044 0.0008
vn 1.0000 0.0095 -0.0010
vn 0.9999 0.0134 -0.0000
vn 0.9989 0.0460 0.0008
vn -0.0004 0.9604 0.2787
vn 0.0004 0.9166 0.3999
vn -0.3829 -0.0120 0.9237
vn 0.2789 0.9603 0.0002
vn 0.3999 0.9165 -0.0002
vn 0.0004 0.9603 -0.2788
vn -0.0004 0.9165 -0.4000
vn -0.2789 0.9603 -0.0002
vn -0.3999 0.9165 0.0001
vn 0.0014 0.2505 -0.9681
vn -0.0016 0.3616 -0.9323
vn -0.9682 0.2502 -0.0005
vn -0.9324 0.3614 0.0006
vn -0.0014 0.2504 0.9681
vn 0.0017 0.3615 0.9324
vn 0.9682 0.2502 0.0005
vn 0.9324 0.3614 -0.0006
vn -0.3888 0.9213 0.0004
vn 0.3943 0.9190 -0.0008
vn 0.9266 0.0143 -0.3759
vn -0.3757 0.0143 -0.9266
vn -0.9267 0.0236 0.3750
vn 0.3750 0.0236 0.9267
vn -0.0010 -0.9214 0.3886
vn -0.6403 -0.7682 0.0011
vn 0.9249 -0.0063 0.3802
vn 0.7681 -0.6403 0.0011
vn 0.3803 -0.0063 -0.9249
vn 0.0029 -0.6301 -0.7765
vn -0.4342 0.7915 0.4300
vn -0.7739 0.6333 0.0004
vn -0.6498 0.0086 0.7601
vn 0.4300 0.7916 0.4340
vn 0.0012 0.6344 0.7730
vn 0.7600 0.0085 0.6499
vn 0.4342 0.7917 -0.4298
vn 0.7739 0.6333 -0.0005
vn 0.6497 0.0086 -0.7601
vn -0.4299 0.7916 -0.4342
vn -0.0012 0.6343 -0.7731
vn -0.7557 0.0083 -0.6549
vn 0.7509 0.0396 -0.6592
vn 0.4487 0.7820 -0.4326
vn 0.6497 0.7601 -0.0008
vn 0.0025 0.9205 -0.3908
vn -0.6592 0.0397 -0.7509
vn -0.4325 0.7821 -0.4487
vn -0.0021 0.7603 -0.6496
vn -0.3917 0.9201 -0.0009
vn -0.7547 0.0393 0.6549
vn -0.4486 0.7820 0.4326
vn -0.6498 0.7601 0.0007
vn -0.0025 0.9205 0.3908
vn 0.6548 0.0394 0.7547
vn 0.4325 0.7820 0.4487
vn 0.0021 0.7602 0.6497
vn 0.3918 0.9200 0.0009
vn 0.0015 0.7681 -0.6403
vn 0.7725 0.6350 -0.0005
vn -0.0015 0.6403 -0.7681
vn -0.0031 0.7680 0.6404
vn -0.7766 0.6299 0.0005
vn 0.0014 0.6452 0.7640
vn 0.0014 -0.7641 0.6451
vn -0.0013 -0.6300 0.7766
vn 0.6160 -0.0083 0.7877
vn -0.0011 0.7704 0.6375
vn -0.7876 -0.0082 0.6161
vn 0.6450 -0.7642 -0.0005
vn 0.7876 -0.0083 -0.6161
vn 0.6380 0.7700 0.0005
vn 0.0011 -0.9187 -0.3950
vn -0.0013 -0.7596 -0.6504
vn -0.9224 -0.0067 -0.3861
vn -0.6172 -0.0183 -0.7866
vn 0.0012 0.7705 -0.6375
vn -0.7641 -0.6451 -0.0005
vn -0.6379 0.7701 -0.0004
vn 0.0022 0.6167 -0.7872
vn -0.7877 0.6160 -0.0008
vn -0.0021 0.6166 0.7873
vn 0.7877 0.6161 0.0008
vn -0.6450 0.7641 -0.0006
vn 0.6452 0.7640 0.0012
vn 0.6016 0.0341 -0.7981
vn -0.7979 0.0356 -0.6017
vn -0.5994 0.0179 0.8003
vn 0.8002 0.0179 0.5994
vn -0.0012 -0.0019 -1.0000
vn -0.0012 0.0074 -1.0000
vn 0.0012 0.0019 -1.0000
vn 0.0012 -0.0074 -1.0000
vn -0.0017 0.9791 0.2033
vn 0.0011 0.9825 0.1864
vn 0.0006 0.9808 0.1949
vn -0.0013 0.9808 0.1948
vn 0.0008 0.2648 -0.9643
vn 0.2946 0.2893 -0.9108
vn 0.4080 0.0030 -0.9130
vn 0.7494 0.0085 -0.6621
vn 0.0028 0.6601 -0.7512
vn 0.5670 0.5668 -0.5977
vn 0.2649 -0.0027 -0.9643
vn 0.2895 -0.2945 -0.9107
vn 0.0010 -0.4083 -0.9128
vn 0.0027 -0.7509 -0.6604
vn 0.6618 -0.0086 -0.7496
vn 0.5813 -0.5810 -0.5697
vn -0.0008 -0.2648 -0.9643
vn -0.2946 -0.2895 -0.9107
vn -0.4080 -0.0029 -0.9130
vn -0.7495 -0.0086 -0.6620
vn -0.0028 -0.6601 -0.7512
vn -0.5810 -0.5813 -0.5696
vn -0.2649 0.0027 -0.9643
vn -0.2894 0.2946 -0.9107
vn -0.0009 0.4084 -0.9128
vn -0.0028 0.7509 -0.6604
vn -0.6617 0.0086 -0.7497
vn -0.5668 0.5668 -0.5979
vn 0.2573 0.9469 0.1927
vn 0.2852 0.9122 -0.2943
vn 0.0010 0.9128 -0.4085
vn 0.6410 0.7507 0.1602
vn 0.6875 0.6878 -0.2330
vn -0.0008 0.9643 -0.2647
vn -0.2861 0.9132 -0.2902
vn -0.2576 0.9469 0.1927
vn -0.6877 0.6877 -0.2329
vn -0.6419 0.7499 0.1600
vn -0.9999 0.0064 -0.0084
vn -0.9329 0.3544 0.0637
vn -0.9140 0.2823 -0.2916
vn -0.9064 0.0029 -0.4225
vn -1.0000 -0.0038 -0.0028
vn -0.9618 -0.0029 -0.2736
vn -0.9102 -0.2960 -0.2898
vn -0.9225 -0.3859 -0.0044
vn -0.6495 -0.7602 -0.0135
vn -0.0007 -1.0000 -0.0050
vn -0.2542 -0.9671 -0.0037
vn -0.2936 -0.9095 -0.2943
vn -0.0009 -0.9127 -0.4086
vn 0.0024 -1.0000 -0.0055
vn 0.0009 -0.9643 -0.2649
vn 0.2958 -0.9102 -0.2898
vn 0.3861 -0.9225 -0.0045
vn 0.7601 -0.6496 -0.0135
vn 1.0000 -0.0025 -0.0055
vn 0.9672 -0.2538 -0.0037
vn 0.9095 -0.2935 -0.2944
vn 0.9128 -0.0030 -0.4083
vn 1.0000 0.0073 -0.0042
vn 0.9611 0.0025 -0.2761
vn 0.9146 0.2842 -0.2876
vn 0.9334 0.3532 0.0635
vn 0.2979 0.9367 0.1842
vn 0.6925 0.7080 0.1385
vn -0.9212 0.3822 0.0728
vn -0.6944 0.7062 0.1381
vn 0.0007 0.0027 1.0000
vn -0.0007 0.0110 0.9999
vn -0.0007 -0.0027 1.0000
vn 0.0007 -0.0110 0.9999
vn 0.0007 -0.9811 -0.1933
vn 0.0030 -0.9821 -0.1882
vn -0.0008 -0.9823 -0.1872
vn -0.0028 -0.9819 -0.1892
vn 1.0000 -0.0045 0.0021
vn 1.0000 0.0081 0.0038
vn 1.0000 0.0015 0.0060
vn 1.0000 -0.0054 0.0029
vn -0.0007 1.0000 0.0019
vn -0.0032 1.0000 0.0031
vn 0.0008 1.0000 0.0032
vn 0.0029 1.0000 0.0064
vn -1.0000 -0.0024 0.0013
vn -1.0000 -0.0093 -0.0000
vn -1.0000 0.0029 0.0026
vn -0.9999 0.0105 0.0062
vn -0.2665 -0.0060 0.9638
vn -0.0020 -0.6102 0.7923
vn -0.7550 -0.5655 0.3318
vn -0.7604 -0.0030 0.6494
vn -0.0017 0.7548 0.6559
vn -0.1637 0.0036 0.9865
vn -0.5668 0.5826 0.5825
vn -0.6217 0.0029 0.7832
vn 0.2656 0.0048 0.9641
vn 0.0014 0.6106 0.7919
vn 0.5774 0.5776 0.5770
vn 0.7934 0.0051 0.6087
vn 0.0020 -0.7340 0.6791
vn 0.1645 -0.0044 0.9864
vn 0.5654 -0.7505 0.3423
vn 0.6218 -0.0042 0.7831
vn -0.5756 -0.8033 -0.1530
vn -0.0016 -0.9545 0.2982
vn 0.0006 -0.9863 0.1648
vn 0.8120 -0.5736 -0.1077
vn 0.9532 -0.0051 0.3022
vn 0.9651 0.2619 0.0081
vn 0.5389 0.8423 0.0080
vn 0.0015 0.9639 0.2661
vn -0.8116 0.5842 0.0104
vn -0.0011 0.9865 0.1639
vn -0.9555 0.0056 0.2949
vn -0.9863 -0.0020 0.1647
vn 0.6379 -0.7586 -0.1329
vn -0.7738 -0.6234 -0.1122
vn 0.7524 0.6585 0.0141
vn -0.6501 0.7597 0.0120
vn -0.0004 0.0680 0.9977
vn 0.0005 -0.1691 0.9856
vn -0.0002 -0.0366 0.9993
vn 0.0022 0.1630 0.9866
vn -0.0340 -0.0008 0.9994
vn 0.4988 0.0028 0.8667
vn 0.0575 -0.0007 0.9983
vn -0.1726 0.0049 0.9850
vn 0.0002 -0.0342 0.9994
vn -0.0007 0.5025 0.8646
vn 0.0003 0.0589 0.9983
vn -0.0014 -0.1675 0.9859
vn 0.0334 -0.0004 0.9994
vn -0.4991 -0.0026 0.8665
vn -0.0575 0.0009 0.9983
vn 0.1715 -0.0050 0.9852
vn -0.2958 0.2631 0.9183
vn 0.3003 0.2457 0.9216
vn -0.2787 -0.3098 0.9090
vn 0.3098 -0.2786 0.9091
vn -0.0006 0.9841 0.1775
vn -0.0034 0.5076 0.8616
vn 0.0023 0.9803 0.1973
vn -1.0000 -0.0039 0.0063
vn -0.5612 -0.0132 0.8276
vn -1.0000 0.0020 0.0080
vn 0.0005 -1.0000 0.0037
vn 0.0037 -0.5573 0.8303
vn -0.0023 -0.9999 0.0160
vn 1.0000 0.0017 0.0037
vn 0.5565 0.0081 0.8308
vn 0.9998 -0.0084 0.0157
vn -0.3160 0.9343 0.1650
vn -0.7623 0.6364 0.1181
vn 0.3738 0.9129 0.1642
vn 0.7602 0.6388 0.1185
vn -0.9669 -0.2550 0.0018
vn -0.7577 -0.6526 0.0038
vn -0.9687 0.2430 0.0504
vn 0.2550 -0.9669 0.0018
vn 0.6528 -0.7575 0.0038
vn -0.3834 -0.9236 0.0043
vn 0.9655 0.2554 0.0507
vn 0.9236 -0.3833 0.0043
vn -0.0010 -0.6924 0.7215
vn 0.0008 -0.8769 0.4807
vn 0.7963 -0.0048 0.6049
vn 0.0014 0.7999 0.6001
vn -0.7972 0.0049 0.6037
vn -0.3454 0.9197 0.1866
vn 0.9217 0.3810 0.0726
vn 0.0009 0.2649 -0.9643
vn 0.2947 0.2895 -0.9107
vn 0.4081 0.0030 -0.9129
vn 0.7495 0.0085 -0.6620
vn 0.0028 0.6602 -0.7511
vn 0.5669 0.5668 -0.5979
vn 0.2650 -0.0027 -0.9643
vn 0.2896 -0.2946 -0.9107
vn 0.0009 -0.4085 -0.9128
vn 0.0027 -0.7510 -0.6603
vn 0.6618 -0.0085 -0.7497
vn -0.0009 -0.2648 -0.9643
vn -0.2947 -0.2896 -0.9107
vn -0.4081 -0.0030 -0.9129
vn -0.7496 -0.0085 -0.6618
vn -0.0028 -0.6602 -0.7511
vn -0.5810 -0.5812 -0.5698
vn -0.2650 0.0027 -0.9643
vn -0.2895 0.2948 -0.9106
vn -0.0009 0.4085 -0.9128
vn -0.0028 0.7510 -0.6603
vn -0.6618 0.0086 -0.7496
vn -0.5667 0.5668 -0.5980
vn 0.2574 0.9469 0.1927
vn 0.2851 0.9121 -0.2945
vn 0.0009 0.9128 -0.4085
vn 0.6876 0.6877 -0.2329
vn -0.0009 0.9643 -0.2647
vn -0.2861 0.9132 -0.2903
vn -0.9329 0.3543 0.0637
vn -0.9139 0.2822 -0.2916
vn -0.9064 0.0029 -0.4224
vn -0.9619 -0.0029 -0.2736
vn -0.9101 -0.2960 -0.2899
vn -0.2542 -0.9672 -0.0037
vn -0.2936 -0.9095 -0.2944
vn 0.0009 -0.9643 -0.2648
vn 0.3860 -0.9225 -0.0044
vn 0.9129 -0.0030 -0.4082
vn 1.0000 0.0072 -0.0042
vn 0.9612 0.0025 -0.2760
vn 0.9146 0.2841 -0.2877
vn 0.9333 0.3533 0.0635
vn 0.6924 0.7081 0.1385
vn -0.6945 0.7062 0.1381
vn 0.0030 -0.9824 -0.1867
vn -0.0008 -0.9825 -0.1865
vn 1.0000 0.0015 0.0073
vn 1.0000 -0.0053 0.0054
vn -0.2667 -0.0060 0.9638
vn -0.0020 -0.6097 0.7926
vn -0.7549 -0.5656 0.3319
vn -0.7600 -0.0030 0.6499
vn -0.0017 0.7542 0.6566
vn -0.1640 0.0035 0.9865
vn -0.5666 0.5825 0.5828
vn -0.6213 0.0030 0.7836
vn 0.2802 0.0046 0.9599
vn 0.0014 0.6100 0.7924
vn 0.5773 0.5776 0.5772
vn 0.7615 0.0074 0.6481
vn 0.0023 -0.7542 0.6567
vn 0.1788 -0.0044 0.9839
vn 0.6774 -0.6375 0.3670
vn 0.8745 -0.0037 0.4851
vn -0.5754 -0.8035 -0.1530
vn -0.0014 -0.9631 0.2690
vn 0.0010 -0.9863 0.1649
vn 0.8122 -0.5734 -0.1077
vn 0.0015 0.9639 0.2662
vn -0.8115 0.5842 0.0104
vn -0.0011 0.9865 0.1638
vn -0.9864 -0.0020 0.1646
vn 0.6380 -0.7585 -0.1328
vn -0.7737 -0.6235 -0.1122
vn -0.6502 0.7596 0.0120
vn 0.0005 -0.1690 0.9856
vn 0.0022 0.1628 0.9867
vn -0.0342 -0.0008 0.9994
vn 0.4989 0.0028 0.8667
vn -0.1727 0.0048 0.9850
vn 0.0002 -0.0343 0.9994
vn -0.0007 0.5024 0.8647
vn 0.0003 0.0592 0.9982
vn -0.0014 -0.1681 0.9858
vn 0.0334 -0.0005 0.9994
vn -0.4992 -0.0025 0.8665
vn -0.0577 0.0010 0.9983
vn 0.1718 -0.0050 0.9851
vn -0.2957 0.2630 0.9184
vn 0.3005 0.2460 0.9215
vn -0.2788 -0.3099 0.9090
vn 0.3098 -0.2787 0.9090
vn -0.0005 0.9841 0.1774
vn -0.0034 0.5078 0.8615
vn -1.0000 -0.0038 0.0063
vn -0.5611 -0.0131 0.8276
vn -1.0000 0.0020 0.0079
vn 0.0037 -0.5576 0.8301
vn -0.0024 -0.9999 0.0160
vn 0.5568 0.0081 0.8306
vn 0.9998 -0.0085 0.0157
vn -0.3160 0.9343 0.1649
vn 0.3737 0.9129 0.1643
vn 0.7603 0.6387 0.1184
vn 0.6527 -0.7576 0.0038
vn -0.0011 -0.6927 0.7212
vn 0.0008 -0.8772 0.4801
vn 0.7965 -0.0048 0.6046
vn 0.0014 0.7999 0.6002
vn -0.7971 0.0049 0.6038
vn -0.2829 0.9469 0.1531
vn -0.4184 0.8929 0.1663
vn -0.0034 0.9736 0.2282
vn -0.0009 0.9870 0.1607
vn -0.6530 0.7528 0.0829
vn -0.7615 0.6219 0.1826
vn -0.9584 -0.2854 -0.0115
vn -0.9084 -0.4179 0.0114
vn -0.9992 -0.0123 0.0374
vn -0.9999 -0.0032 -0.0115
vn -0.7589 -0.6484 -0.0606
vn -0.6486 -0.7587 0.0601
vn 0.2854 -0.9583 -0.0114
vn 0.4178 -0.9084 0.0115
vn 0.0035 -0.9989 0.0458
vn 0.0009 -0.9999 -0.0111
vn 0.6485 -0.7588 -0.0606
vn 0.7588 -0.6486 0.0601
vn 0.9962 0.0121 -0.0867
vn 0.9134 0.4069 0.0122
vn 0.6725 0.1788 0.7182
vn 0.9998 0.0031 0.0176
vn 0.6476 0.7596 0.0611
vn 0.7635 0.6344 0.1206
vn 0.0008 0.9820 0.1887
vn 0.0034 0.9919 0.1269
vn -1.0000 0.0028 0.0071
vn -0.9993 0.0117 -0.0350
vn -0.0008 -0.9999 0.0112
vn -0.0035 -0.9989 -0.0458
vn 0.9997 -0.0063 0.0222
vn 0.9999 -0.0059 -0.0131
vn 0.3471 0.9231 0.1652
vn 0.3479 0.9266 0.1429
vn -0.7723 0.1989 0.6033
vn -0.9119 0.4104 -0.0038
vn -0.2853 -0.9584 0.0115
vn -0.4178 -0.9085 -0.0115
vn 0.9585 -0.2850 0.0113
vn 0.9100 -0.4144 -0.0117
vn 0.2564 -0.9499 -0.1788
vn 0.0006 -0.9838 -0.1795
vn 0.0079 -0.9871 -0.1596
vn 0.3718 -0.9168 -0.1460
vn 0.6416 -0.7526 -0.1481
vn 0.7639 -0.6453 -0.0077
vn 0.9661 0.2579 -0.0133
vn 1.0000 0.0023 -0.0076
vn 0.9999 0.0027 0.0126
vn 0.9273 0.3742 0.0131
vn 0.7599 0.6497 -0.0184
vn 0.6499 0.7598 0.0185
vn -0.2581 0.9660 -0.0133
vn -0.0006 1.0000 -0.0075
vn -0.0028 0.9999 0.0122
vn -0.3745 0.9272 0.0131
vn -0.6501 0.7597 -0.0184
vn -0.7601 0.6495 0.0185
vn -0.9685 -0.2468 -0.0321
vn -0.9289 -0.3626 -0.0758
vn -0.9997 -0.0073 -0.0236
vn -1.0000 -0.0020 0.0060
vn -0.7696 -0.6368 -0.0470
vn -0.6296 -0.7401 -0.2365
vn -0.0006 -0.9870 -0.1606
vn -0.0023 -0.9831 -0.1829
vn 0.9999 -0.0020 0.0110
vn 0.9999 -0.0075 -0.0126
vn 0.0006 1.0000 0.0075
vn 0.0023 0.9999 -0.0122
vn -1.0000 0.0043 -0.0063
vn -0.9999 0.0046 0.0160
vn -0.3097 -0.9381 -0.1549
vn -0.3018 -0.9360 -0.1811
vn 0.9687 -0.2461 -0.0317
vn 0.9278 -0.3654 -0.0761
vn 0.2579 0.9661 0.0133
vn 0.3743 0.9272 -0.0131
vn -0.9660 0.2582 0.0138
vn -0.9254 0.3789 -0.0129
vn -0.0017 0.1090 -0.9940
vn -0.0012 0.2741 -0.9617
vn -0.0002 -0.1156 0.9933
vn 0.0010 -0.4004 0.9163
vn 0.0644 0.0017 -0.9979
vn -0.1436 -0.0024 -0.9896
vn -0.0593 -0.0036 0.9982
vn 0.0004 0.0683 0.9977
vn 0.2159 0.0043 0.9764
vn -0.0005 0.0683 -0.9977
vn 0.0007 -0.1288 -0.9917
vn 0.0009 -0.0533 0.9986
vn -0.0561 0.0011 0.9984
vn -0.0014 0.2352 0.9720
vn -0.0162 0.0028 -0.9999
vn -0.0000 -0.0152 0.9999
vn -0.1896 -0.0086 0.9818
vn -0.0010 -0.2797 0.9601
vn 0.0009 0.2088 -0.9780
vn 0.0015 -0.0141 -0.9999
vn 0.0673 -0.0036 0.9977
vn -0.0543 0.0020 -0.9985
vn 0.1778 0.0036 -0.9841
vn -0.0007 -0.1288 0.9917
vn -0.0009 -0.0532 -0.9986
vn 0.0014 0.2352 -0.9720
vn 0.1365 -0.0034 0.9906
vn 0.0786 -0.0020 -0.9969
vn -0.1998 0.0047 -0.9798
vn -0.1694 0.9782 0.1200
vn 0.4185 0.9052 0.0742
vn 0.2876 0.9365 0.2005
vn -0.6179 0.7784 0.1111
vn 0.1693 0.9782 -0.1200
vn 0.6179 0.7784 -0.1111
vn -0.4185 0.9052 -0.0742
vn -0.2876 0.9365 -0.2005
vn 0.4304 0.8993 -0.0780
vn -0.1750 0.9764 -0.1268
vn -0.4304 0.8993 0.0779
vn 0.1750 0.9764 0.1268
vn 0.0480 0.9965 -0.0683
vn -0.2462 0.9690 -0.0223
vn -0.0481 0.9965 0.0683
vn 0.2462 0.9690 0.0222
vn -0.2448 0.9673 0.0657
vn 0.1401 0.9875 0.0729
vn 0.2448 0.9673 -0.0657
vn -0.1401 0.9875 -0.0729
vn 0.9516 0.0832 0.2957
vn 0.7925 0.4934 -0.3585
vn -0.9517 0.0832 -0.2957
vn -0.7926 0.4930 0.3587
vn 0.2372 -0.9657 -0.1053
vn -0.3507 -0.9299 -0.1105
vn -0.2372 -0.9657 0.1053
vn 0.3507 -0.9299 0.1105
vn 0.1766 -0.9802 -0.0890
vn -0.1729 -0.9839 -0.0463
vn -0.1766 -0.9803 0.0890
vn 0.1728 -0.9839 0.0464
vn 0.0385 0.9989 -0.0253
vn -0.0915 0.9956 -0.0186
vn -0.0385 0.9989 0.0253
vn 0.0915 0.9956 0.0186
vn 0.1071 0.9940 -0.0216
vn -0.0312 0.9992 -0.0267
vn -0.0890 0.9958 0.0221
vn 0.0464 0.9984 0.0321
vn 0.7885 0.5415 -0.2916
vn -0.5939 0.7920 -0.1415
vn -0.7264 0.6349 0.2632
vn 0.6762 0.6700 0.3065
vn -0.9221 0.1738 -0.3457
vn 0.8809 -0.2752 -0.3850
vn -0.9069 -0.2488 0.3401
vn 0.9321 -0.1331 0.3370
vn -0.7077 -0.6523 -0.2715
vn 0.5761 -0.8017 -0.1594
vn -0.2507 -0.9610 0.1163
vn 0.6926 -0.7040 0.1573
vn 0.0847 -0.9938 -0.0724
vn -0.1529 -0.9864 -0.0601
vn 0.1696 -0.9846 0.0413
vn 0.3024 -0.9512 -0.0624
vn -0.1350 -0.9876 -0.0797
vn -0.2875 -0.9557 0.0625
vn 0.1279 -0.9881 0.0855
vn 0.0895 0.9944 -0.0563
vn -0.2029 0.9782 -0.0445
vn -0.0896 0.9944 0.0563
vn 0.2029 0.9782 0.0445
vn 0.6846 0.7167 -0.1331
vn -0.3353 0.9105 -0.2421
vn -0.6845 0.7168 0.1332
vn 0.3356 0.9103 0.2422
vn 0.8445 -0.2082 -0.4934
vn -0.9672 -0.1029 -0.2324
vn -0.8445 -0.2085 0.4933
vn 0.9671 -0.1030 0.2324
vn 0.0257 -0.9995 -0.0187
vn -0.0661 -0.9977 -0.0127
vn -0.0257 -0.9995 0.0187
vn 0.0661 -0.9977 0.0127
vn -0.0425 -0.9991 0.0074
vn 0.0150 -0.9998 0.0115
vn 0.0425 -0.9991 -0.0074
vn -0.0150 -0.9998 -0.0114
vn 0.1249 -0.9921 -0.0110
vn -0.0411 -0.9973 -0.0609
vn -0.1249 -0.9921 0.0110
vn 0.0411 -0.9973 0.0608
vn 0.0703 -0.9967 -0.0399
vn -0.1064 -0.9940 -0.0239
vn -0.0703 -0.9967 0.0399
vn 0.1065 -0.9940 0.0239
vn -0.1361 -0.9906 0.0137
vn 0.0335 -0.9986 0.0402
vn 0.1362 -0.9906 -0.0137
vn -0.0335 -0.9986 -0.0402
vn -0.6155 -0.7627 0.1987
vn 0.5402 -0.8170 0.2017
vn 0.6155 -0.7627 -0.1985
vn -0.5399 -0.8172 -0.2016
vn -0.9404 -0.2082 0.2690
vn 0.8743 -0.3180 0.3667
vn 0.9404 -0.2082 -0.2688
vn -0.8744 -0.3183 -0.3662
vn -0.9364 0.1699 0.3070
vn 0.9319 0.1249 0.3406
vn 0.9364 0.1698 -0.3072
vn -0.9319 0.1250 -0.3405
vn -0.8314 0.4597 0.3121
vn 0.8723 0.4011 0.2795
vn 0.8315 0.4596 -0.3122
vn -0.8722 0.4012 -0.2797
vn -0.5503 0.7835 0.2886
vn 0.7108 0.6839 0.1643
vn 0.5505 0.7834 -0.2885
vn -0.7106 0.6841 -0.1643
vn -0.0539 0.9979 0.0345
vn 0.1180 0.9928 0.0225
vn 0.0539 0.9979 -0.0345
vn -0.1180 0.9928 -0.0225
vn 0.7981 -0.0000 -0.6025
vn 0.6047 0.0044 -0.7965
vn 0.9999 0.0160 -0.0006
vn 1.0000 -0.0001 -0.0002
vn 0.0101 0.0023 -0.9999
vn 0.0024 0.0045 -1.0000
vn -1.0000 0.0080 -0.0000
vn -1.0000 -0.0000 -0.0001
vn -1.0000 -0.0000 -0.0000
vn -0.7971 0.0001 0.6038
vn -0.6043 0.0044 0.7967
vn -1.0000 0.0094 0.0004
vn -1.0000 -0.0000 0.0013
vn -0.0007 -0.0000 1.0000
vn -0.0006 0.0081 1.0000
vn 0.7077 -0.0000 0.7065
vn 0.7067 0.0033 0.7075
vn 0.0086 -0.0000 1.0000
vn 1.0000 -0.0000 0.0007
vn 0.0053 0.0044 1.0000
vn 0.8034 0.0138 0.5953
vn 0.5769 0.0614 0.8145
vn 0.0050 0.0419 0.9991
vn -0.0049 0.0025 -1.0000
vn -0.8059 0.0082 -0.5920
vn -0.5846 0.0372 -0.8105
vn -0.0048 0.0032 -1.0000
vn 1.0000 0.0032 -0.0045
vn 0.5887 0.0089 -0.8083
vn 0.8112 0.0363 -0.5837
vn 1.0000 0.0039 -0.0010
vn -1.0000 0.0029 0.0061
vn -0.5938 0.0083 0.8046
vn -0.8168 0.0367 0.5757
vn -0.9997 0.0254 0.0061
vn -0.0000 1.0000 0.0016
vn -0.0419 0.9991 0.0008
vn 0.0006 0.9977 -0.0673
vn 0.0003 1.0000 -0.0000
vn -0.0012 1.0000 -0.0000
vn -0.0003 0.9999 -0.0165
vn 0.0010 1.0000 -0.0000
vn 0.0006 0.9992 0.0400
vn -0.9994 0.0356 -0.0010
vn -1.0000 0.0046 -0.0003
vn -1.0000 0.0003 -0.0000
vn -0.9994 0.0253 -0.0254
vn -0.9992 0.0290 -0.0293
vn 1.0000 0.0011 -0.0000
vn 1.0000 0.0005 -0.0006
vn -0.0016 0.0232 -0.9997
vn -0.6167 0.7864 -0.0339
vn -0.8129 0.0109 -0.5824
vn -0.0007 0.6458 -0.7635
vn -0.0003 1.0000 -0.0082
vn -0.0012 0.8485 0.5292
vn -0.7296 0.0271 0.6833
vn -0.9992 0.0401 0.0092
vn -0.0019 1.0000 0.0079
vn -0.9999 0.0085 -0.0082
vn -0.9999 0.0101 -0.0001
vn -0.8369 0.0067 0.5473
vn -0.3506 0.8074 0.4745
vn -0.0004 0.0088 1.0000
vn -0.0148 0.0101 0.9998
vn -0.1598 0.7226 -0.6725
vn -0.9989 0.0426 -0.0197
vn -0.0061 1.0000 -0.0065
vn -0.0010 0.8234 -0.5675
vn -0.0036 0.0739 -0.9973
vn -0.9963 0.0857 -0.0010
vn -0.7089 0.6182 -0.3395
vn -0.0246 0.9764 -0.2146
vn 0.0004 1.0000 0.0035
vn -0.0476 0.7680 0.6387
vn -0.0186 0.9997 0.0179
vn -0.0088 1.0000 -0.0043
vn 0.0045 1.0000 -0.0001
vn 0.5866 0.8099 0.0061
vn 0.0182 0.9997 0.0183
vn -0.0001 1.0000 -0.0038
vn 0.0045 0.8112 -0.5847
vn 0.0182 0.9997 -0.0182
vn 0.0101 0.9999 0.0018
vn 0.0015 0.8159 0.5782
vn 0.8092 0.5876 0.0002
vn -0.0044 1.0000 -0.0000
vn -0.5776 0.8163 -0.0016
vn -0.0185 0.9997 -0.0180
vn 0.0104 0.6175 -0.7865
vn 0.5756 0.8177 -0.0002
vn -0.0056 0.0138 -0.9999
vn -0.0079 0.6106 -0.7919
vn -0.7861 0.4021 -0.4694
vn -0.6153 0.5052 -0.6051
vn -0.0113 0.6283 -0.7779
vn 0.0101 0.6105 -0.7919
vn 0.8199 0.3698 -0.4371
vn 0.0438 0.6275 -0.7774
vn -0.0016 0.6010 0.7992
vn -0.7028 0.7114 0.0003
vn 0.0003 0.0077 1.0000
vn 0.9999 0.0136 0.0005
vn -0.0081 0.0043 1.0000
vn -0.0033 0.7083 0.7059
vn 1.0000 0.0043 0.0027
vn 0.8142 0.5806 0.0007
vn 0.9999 0.0105 0.0065
vn -1.0000 0.0017 -0.0026
vn -0.8172 0.5763 -0.0012
vn 0.0052 0.6171 0.7869
vn -0.0020 0.8118 -0.5839
vn 0.5837 0.8120 -0.0007
vn -0.0374 0.0050 0.9993
vn -0.8138 0.5812 0.0014
vn -1.0000 0.0068 -0.0025
vn -0.0045 0.5840 -0.8117
vn 0.0048 0.0081 -1.0000
vn 0.8264 0.5632 -0.0020
vn -0.0000 1.0000 0.0076
vn 0.0047 1.0000 -0.0005
vn -0.0180 0.9998 -0.0000
vn 0.0001 0.9999 -0.0155
vn -0.0050 1.0000 0.0036
vn 0.0176 0.9998 -0.0000
vn 0.0051 0.0080 -1.0000
vn -0.6100 0.7924 -0.0002
vn -0.0004 1.0000 -0.0000
vn 0.0024 1.0000 -0.0006
vn 0.6065 0.7951 -0.0002
vn 0.0512 0.9647 -0.2582
vn 0.7403 0.5162 -0.4307
vn 0.0076 0.7820 -0.6233
vn -0.0087 0.7394 -0.6732
vn -0.0036 0.8705 -0.4921
vn -0.0062 0.7929 -0.6093
vn 0.0055 0.7388 -0.6739
vn -0.0553 0.9125 -0.4053
vn 0.0249 0.8806 -0.4732
vn -0.0049 1.0000 -0.0007
vn -0.4880 0.8729 -0.0008
vn -0.0728 0.9973 -0.0005
vn -0.0211 0.9827 -0.1841
vn 1.0000 0.0061 -0.0000
vn 1.0000 0.0004 -0.0003
vn 0.7585 0.6517 -0.0011
vn 0.0444 0.9766 -0.2104
vn 0.0394 0.9071 -0.4192
vn -1.0000 0.0047 -0.0001
vn -1.0000 0.0018 -0.0002
vn -0.0000 -0.0001 -1.0000
vn -0.0000 -0.0000 1.0000
vn 0.0002 0.0021 -1.0000
vn -0.0008 0.0069 -1.0000
vn -1.0000 0.0086 -0.0042
vn -0.0076 0.9998 0.0158
vn 0.0173 0.9998 -0.0027
vn 1.0000 0.0023 -0.0000
vn 1.0000 -0.0046 -0.0000
vn 0.9710 -0.2390 -0.0052
vn 0.9704 0.2417 -0.0014
vn 0.9992 0.0412 0.0005
vn 1.0000 -0.0050 -0.0000
vn 1.0000 -0.0073 0.0002
vn 1.0000 0.0057 -0.0000
vn 0.1117 -0.9937 -0.0063
vn 0.1165 -0.9932 0.0064
vn 0.2824 -0.9591 0.0188
vn 0.2748 0.9613 -0.0198
vn 0.1099 0.9939 0.0057
vn 0.0773 0.9968 0.0220
vn -0.2828 0.9469 0.1532
vn -0.4185 0.8929 0.1662
vn -0.0008 0.9870 0.1606
vn -0.6531 0.7527 0.0831
vn -0.9583 -0.2854 -0.0116
vn -0.9084 -0.4180 0.0114
vn -0.9999 -0.0032 -0.0116
vn -0.6486 -0.7588 0.0601
vn 0.2853 -0.9584 -0.0114
vn 0.4178 -0.9085 0.0115
vn 0.0035 -0.9989 0.0459
vn 0.0008 -0.9999 -0.0112
vn 0.6485 -0.7588 -0.0607
vn 0.9962 0.0121 -0.0866
vn 0.9134 0.4068 0.0121
vn 0.6724 0.1788 0.7182
vn 0.6475 0.7596 0.0611
vn 0.7635 0.6345 0.1206
vn 0.0034 0.9919 0.1268
vn -1.0000 0.0029 0.0072
vn -0.9993 0.0118 -0.0349
vn 0.3480 0.9265 0.1429
vn -0.2853 -0.9584 0.0114
vn 0.9584 -0.2850 0.0113
vn 0.2563 -0.9499 -0.1788
vn 0.0006 -0.9838 -0.1794
vn 0.0079 -0.9871 -0.1597
vn 0.3717 -0.9168 -0.1459
vn 0.6416 -0.7526 -0.1482
vn 0.7638 -0.6454 -0.0078
vn 0.9661 0.2580 -0.0133
vn 0.9273 0.3742 0.0132
vn 0.7600 0.6497 -0.0185
vn -0.2582 0.9660 -0.0133
vn -0.0029 0.9999 0.0122
vn -0.3743 0.9272 0.0131
vn -0.6499 0.7598 -0.0184
vn -0.7600 0.6496 0.0185
vn -0.9686 -0.2467 -0.0321
vn -0.9289 -0.3626 -0.0757
vn -0.9997 -0.0074 -0.0235
vn -1.0000 -0.0019 0.0061
vn -0.7695 -0.6369 -0.0470
vn 0.9999 -0.0020 0.0109
vn 0.9999 -0.0075 -0.0127
vn -1.0000 0.0043 -0.0062
vn -0.3096 -0.9382 -0.1549
vn 0.9687 -0.2462 -0.0317
vn 0.9277 -0.3654 -0.0761
vn 0.2580 0.9661 0.0133
vn -0.0017 0.1094 -0.9940
vn -0.0001 -0.1155 0.9933
vn 0.0010 -0.4006 0.9162
vn -0.1431 -0.0025 -0.9897
vn -0.0591 -0.0036 0.9982
vn 0.0005 0.0683 0.9977
vn 0.2160 0.0043 0.9764
vn 0.0007 -0.1289 -0.9917
vn 0.0009 -0.0534 0.9986
vn -0.0564 0.0011 0.9984
vn -0.0014 0.2354 0.9719
vn -0.0164 0.0028 -0.9999
vn -0.0001 -0.0151 0.9999
vn -0.1901 -0.0086 0.9817
vn -0.0009 -0.2798 0.9601
vn 0.0009 0.2089 -0.9779
vn 0.0015 -0.0133 -0.9999
vn 0.0676 -0.0036 0.9977
vn 0.1779 0.0036 -0.9840
vn -0.0007 -0.1289 0.9917
vn -0.0009 -0.0533 -0.9986
vn 0.0014 0.2352 -0.9719
vn 0.1367 -0.0034 0.9906
vn 0.0786 -0.0019 -0.9969
vn -0.1999 0.0047 -0.9798
vn -1.0000 0.0004 -0.0072
vn -0.6736 0.0013 -0.7391
vn -0.9999 0.0102 -0.0103
vn 0.9397 0.3420 -0.0098
vn 0.5719 0.8203 0.0052
vn 0.9396 0.3418 0.0191
vn 0.5816 0.1823 -0.7928
vn 0.6303 0.2462 -0.7363
vn 0.9527 0.3037 -0.0153
vn -0.9992 0.0281 -0.0283
vn -0.5175 0.0281 -0.8552
vn -0.9981 0.0605 -0.0098
vn 0.0354 0.9993 0.0122
vn -0.0312 0.8900 0.4550
vn 0.0343 0.7323 0.6802
vn 0.0216 0.0009 0.9998
vn -0.0363 0.0003 0.9993
vn 0.0548 -0.0003 0.9985
vn -0.9381 0.3454 0.0264
vn -0.5742 0.1776 0.7992
vn -0.9556 0.2941 0.0157
vn -0.0221 0.0083 -0.9997
vn 0.0353 -0.0112 -0.9993
vn 0.0542 -0.0244 -0.9982
vn 0.0719 0.0532 -0.9960
vn 0.1503 0.0699 -0.9862
vn 0.0148 0.0040 -0.9999
vn -0.9920 0.1242 0.0236
vn -0.5651 0.0289 0.8245
vn -0.9971 0.0754 0.0100
vn -0.6262 0.0810 0.7754
vn -0.6262 0.0810 -0.7754
vn -0.9786 0.2048 -0.0219
vn -0.9906 0.1357 -0.0162
vn -0.9621 0.2724 -0.0149
vn -0.5162 0.1120 -0.8491
vn -0.5953 0.1841 -0.7822
vn -0.9382 0.3458 -0.0135
vn -0.9157 0.4014 0.0200
vn -0.4432 0.1737 0.8794
vn -0.9381 0.3454 0.0263
vn -0.3602 0.2713 0.8925
vn -0.8882 0.4593 0.0106
vn 0.4093 0.7668 0.4945
vn 0.3743 0.9273 0.0047
vn 0.9396 0.3418 -0.0191
vn 0.4205 0.7952 -0.4367
vn 0.5718 0.8204 -0.0052
vn 0.6220 0.2839 0.7297
vn 0.8191 0.5672 0.0856
vn 0.9034 0.4118 0.1197
vn -0.0228 0.0089 0.9997
vn 0.0088 0.0026 1.0000
vn 0.0586 -0.0264 0.9979
vn 0.0558 0.0295 0.9980
vn 0.9999 -0.0019 -0.0143
vn 0.4852 -0.0272 -0.8740
vn 0.6668 -0.0008 -0.7453
vn 0.9764 -0.2155 0.0108
vn 0.6199 -0.1963 0.7597
vn 0.9419 -0.3357 0.0138
vn 0.9999 -0.0019 -0.0144
vn 0.5143 -0.0289 -0.8571
vn 0.6951 -0.0008 -0.7189
vn -0.6319 0.2946 -0.7169
vn -0.6071 0.4250 -0.6714
vn -0.5127 0.4052 -0.7569
vn 1.0000 -0.0021 -0.0007
vn 0.8804 -0.4742 -0.0000
vn 1.0000 -0.0078 -0.0000
vn 1.0000 -0.0000 0.0061
vn 1.0000 -0.0020 -0.0056
vn 1.0000 0.0076 -0.0037
vn 0.0413 0.0290 -0.9987
vn -0.0367 -0.0002 -0.9993
vn -0.0816 0.0492 -0.9954
vn -0.4204 -0.0011 -0.9073
vn -0.9997 -0.0000 -0.0257
vn -0.7348 0.0213 -0.6780
vn -0.9987 0.0489 -0.0113
vn 0.9982 0.0030 -0.0595
vn 0.4215 0.0040 -0.9068
vn -0.0317 0.9035 -0.4273
vn 0.0355 0.9994 -0.0062
vn 0.0355 0.7580 -0.6513
vn -0.4571 0.8894 0.0001
vn -0.5497 0.8354 -0.0001
vn -0.5643 0.8255 0.0001
vn -0.9382 0.3458 -0.0136
vn -0.9062 0.4222 -0.0227
vn 0.9904 -0.1377 0.0143
vn 0.9799 -0.1988 -0.0142
vn 0.9935 -0.1126 -0.0143
vn -0.5602 0.8282 -0.0129
vn 0.1413 0.9899 0.0070
vn -0.5554 0.8312 0.0252
vn -0.9995 0.0282 0.0145
vn -0.9995 0.0282 0.0146
vn -0.9977 0.0679 -0.0075
vn -0.9976 0.0679 0.0147
vn -0.0210 0.0657 -0.9976
vn -0.3305 0.6016 -0.7272
vn -0.1938 0.6597 -0.7261
vn 0.9999 -0.0034 0.0136
vn 1.0000 -0.0001 0.0001
vn 0.9984 0.0056 0.0560
vn 0.4205 0.7953 -0.4367
vn -0.0363 0.0003 -0.9993
vn 0.0549 -0.0003 -0.9985
vn 0.6667 -0.0008 -0.7453
vn 0.0610 -0.0004 0.9981
vn 0.5138 -0.0289 0.8574
vn 0.6951 -0.0008 0.7189
vn -0.0393 0.0002 0.9992
vn -0.7018 0.0014 0.7124
vn 0.5040 -0.1050 -0.8573
vn 0.0503 -0.0072 -0.9987
vn 0.6147 -0.0707 -0.7856
vn -0.0342 0.0065 -0.9994
vn -0.6046 0.0782 -0.7927
vn -0.5783 0.1288 -0.8056
vn 0.5025 -0.2092 -0.8389
vn 0.5917 -0.1874 -0.7841
vn -0.5742 0.1776 -0.7992
vn -0.4037 0.1562 -0.9015
vn 0.2022 -0.0424 -0.9784
vn 0.5881 -0.2755 -0.7604
vn 0.6019 -0.2953 -0.7419
vn 0.8923 -0.4514 0.0088
vn 0.5881 -0.2755 0.7604
vn 0.8949 -0.4460 0.0109
vn -0.0327 0.0701 -0.9970
vn -0.0366 0.0043 0.9993
vn -0.5162 0.1120 0.8491
vn -0.0374 0.0102 0.9992
vn -0.6262 0.0811 0.7754
vn 0.0435 -0.0062 0.9990
vn 0.6441 -0.0740 0.7614
vn 0.5330 -0.1111 0.8388
vn -0.4432 0.1738 0.8794
vn -0.5953 0.1841 0.7821
vn 0.0410 -0.0130 0.9991
vn 0.5301 -0.2207 0.8187
vn -0.0263 0.0521 0.9983
vn -0.0228 0.0089 -0.9997
vn -0.3603 0.2713 -0.8925
vn -0.4432 0.1737 -0.8794
vn 0.6274 -0.3078 0.7153
vn 0.6107 -0.2893 0.7372
vn 0.1777 -0.0508 0.9828
vn -0.0756 0.0454 0.9961
vn -0.4204 -0.0011 0.9073
vn -0.0339 -0.0002 0.9994
vn 0.0382 0.0269 -0.9989
vn 0.0216 0.0009 -0.9998
vn 0.0413 0.0291 0.9987
vn 0.6096 0.1911 0.7693
vn 0.6562 0.2563 0.7097
vn 0.0233 0.0009 0.9997
vn 0.9513 -0.3082 0.0037
vn 0.9670 -0.2525 0.0351
vn 0.9538 -0.3004 -0.0000
vn -0.0362 0.9993 -0.0037
vn -0.4751 0.7098 -0.5200
vn -0.6693 0.7430 -0.0061
vn -0.8826 0.4701 0.0121
vn 0.0233 0.0009 -0.9997
vn -0.0393 0.0002 -0.9992
vn -0.4478 -0.0012 0.8941
vn -0.0366 -0.0002 0.9993
vn 0.0355 0.9994 0.0062
vn 0.3743 0.9273 -0.0047
vn 0.0354 0.9993 -0.0122
vn 0.3466 0.9380 -0.0000
vn 0.2565 0.9666 0.0001
vn 0.3475 0.9377 -0.0000
vn 0.8951 -0.4459 0.0001
vn 0.9511 -0.3088 -0.0020
vn 0.9541 -0.2993 0.0026
vn 0.9511 -0.3088 0.0020
vn 0.3517 0.8455 0.4019
vn 0.4156 0.9081 0.0507
vn 0.5882 0.7998 0.1198
vn 0.9857 -0.1025 0.1335
vn 0.9958 -0.0655 0.0638
vn 0.5882 0.7998 -0.1199
vn 0.3900 0.5037 -0.7708
vn 0.7047 0.6926 -0.1539
vn 0.4547 0.3356 -0.8250
vn 0.8191 0.5672 -0.0856
vn 0.9930 0.0868 0.0800
vn 0.9929 0.0716 0.0948
vn 0.7049 0.7048 -0.0800
vn 0.6220 0.2839 -0.7297
vn 0.9034 0.4118 -0.1197
vn -0.0202 0.9998 0.0040
vn -0.4751 0.7099 0.5199
vn 0.9034 0.4212 0.0800
vn 0.9653 0.2535 -0.0635
vn 0.8004 0.0324 -0.5985
vn 0.9929 0.0716 -0.0948
vn -0.0366 0.0043 -0.9993
vn 0.0610 -0.0004 -0.9981
vn 0.0434 -0.0062 -0.9990
vn 0.9930 0.0868 -0.0800
vn 0.7049 0.7048 0.0800
vn 0.7047 0.6926 0.1538
vn 0.9505 -0.1644 0.2635
vn 0.5552 0.8210 -0.1334
vn 0.4156 0.9081 -0.0507
vn -0.9063 -0.4226 0.0006
vn -0.9005 -0.2412 0.3619
vn -0.9659 -0.2588 0.0001
vn -0.7636 -0.5347 0.3619
vn -0.8192 -0.5736 0.0001
vn -0.9962 -0.0871 0.0006
vn -0.9288 0.0813 0.3617
vn -0.9962 0.0872 0.0001
vn -0.9659 0.2589 0.0006
vn -0.8446 0.3941 0.3625
vn -0.9063 0.4227 0.0001
vn -0.8058 0.5922 0.0006
vn -0.6485 0.7011 0.2965
vn -0.6793 0.7338 -0.0000
vn 0.5328 -0.7850 0.3159
vn 0.5889 -0.8082 0.0002
vn 0.5603 -0.7616 0.3257
vn -0.5889 0.8082 -0.0001
vn -0.6485 0.7011 -0.2965
vn -0.6793 0.7339 -0.0001
vn -0.2472 0.9690 0.0004
vn -0.0814 0.9284 0.3625
vn -0.0871 0.9962 0.0001
vn -0.4369 0.8492 0.2966
vn 0.0585 0.9983 0.0004
vn 0.2394 0.9008 0.3623
vn 0.9519 -0.2556 0.1692
vn 0.8058 -0.5922 0.0006
vn 0.6485 -0.7010 0.2967
vn 0.6793 -0.7338 0.0001
vn 0.8439 -0.3957 0.3623
vn -0.4369 0.8492 -0.2966
vn -0.5328 0.7850 -0.3160
vn -0.5889 0.8082 0.0002
vn -0.5483 0.7527 0.3645
vn 0.2808 -0.9598 0.0003
vn 0.0812 -0.9287 0.3618
vn 0.0871 -0.9962 0.0001
vn 0.4369 -0.8492 0.2966
vn 0.4572 -0.8894 0.0001
vn -0.0585 -0.9983 0.0004
vn -0.2413 -0.9004 0.3619
vn -0.2589 -0.9659 0.0001
vn -0.4227 -0.9063 0.0006
vn -0.5348 -0.7636 0.3618
vn -0.5736 -0.8191 0.0001
vn -0.7071 -0.7071 0.0006
vn -0.0007 -0.0013 1.0000
vn -0.0066 -0.0496 0.9987
vn 0.0066 -0.0264 0.9996
vn 0.0642 0.7330 0.6772
vn -0.0398 0.6937 0.7191
vn 0.0587 0.6710 0.7392
vn -0.7331 -0.0641 -0.6771
vn -0.6947 0.0619 -0.7166
vn -0.6617 -0.0579 -0.7475
vn 0.3059 0.6609 0.6853
vn 0.1806 0.6741 0.7163
vn 0.2847 0.6104 0.7392
vn 0.6689 0.3119 -0.6748
vn 0.6740 0.1795 -0.7166
vn 0.6105 0.2847 -0.7391
vn 0.6689 0.3119 0.6748
vn 0.5717 0.4002 0.7163
vn 0.6104 0.2846 0.7392
vn -0.5204 -0.5203 0.6771
vn -0.4003 -0.5716 0.7162
vn -0.4763 -0.4762 0.7392
vn -0.3223 0.6539 0.6845
vn -0.1937 0.6598 0.7261
vn -0.2124 0.7241 0.6561
vn -0.3976 -0.5680 -0.7206
vn -0.5193 -0.5193 -0.6787
vn -0.4460 -0.4459 -0.7761
vn -0.4557 0.5235 -0.7199
vn -0.4259 0.5865 -0.6889
vn -0.4021 0.5524 -0.7302
vn -0.0806 0.7172 -0.6922
vn -0.0387 0.6934 -0.7195
vn 0.7029 -0.1906 -0.6853
vn 0.8439 -0.3958 -0.3621
vn 0.6464 -0.3210 -0.6922
vn 0.6383 -0.2747 0.7191
vn 0.7029 -0.1906 0.6853
vn 0.6506 -0.1744 0.7391
vn 0.7352 0.0643 0.6748
vn 0.6741 0.1806 0.7162
vn 0.6710 0.0587 0.7392
vn -0.7108 0.1905 0.6771
vn -0.6952 0.0609 0.7163
vn -0.6506 0.1744 0.7392
vn -0.1806 -0.6740 0.7163
vn -0.0642 -0.7330 0.6771
vn -0.0587 -0.6710 0.7392
vn 0.6383 -0.2747 -0.7191
vn 0.6506 -0.1744 -0.7391
vn 0.4003 0.5716 -0.7163
vn 0.5219 0.5219 -0.6747
vn 0.4763 0.4763 -0.7391
vn 0.5219 0.5218 0.6747
vn 0.4003 0.5716 0.7163
vn 0.4763 0.4762 0.7392
vn -0.3110 -0.6668 0.6772
vn -0.2847 -0.6104 0.7392
vn 0.1795 0.6740 -0.7166
vn 0.3059 0.6609 -0.6853
vn 0.2847 0.6105 -0.7391
vn 0.5717 0.4002 -0.7163
vn -0.6669 -0.3109 0.6772
vn -0.5716 -0.4002 0.7163
vn -0.6005 -0.2800 0.7490
vn -0.3224 0.6539 -0.6845
vn -0.2124 0.7241 -0.6562
vn 0.9472 -0.3201 0.0207
vn 0.5025 -0.2092 0.8389
vn 0.9192 -0.3935 0.0134
vn 0.4224 -0.5807 -0.6960
vn 0.3871 -0.5659 -0.7279
vn 0.4021 -0.5524 -0.7302
vn 0.1918 -0.7159 -0.6714
vn 0.0618 -0.6947 -0.7166
vn 0.2055 -0.6204 -0.7569
vn -0.5047 0.5248 -0.6855
vn -0.6741 -0.1806 0.7163
vn -0.6734 -0.1815 -0.7166
vn -0.7331 -0.0641 0.6771
vn -0.6709 -0.0587 0.7392
vn 0.6949 -0.0598 -0.7166
vn -0.5375 0.7965 0.2769
vn 0.0004 -0.0007 1.0000
vn 0.0041 -0.0050 1.0000
vn 0.0008 0.0004 1.0000
vn -0.4224 0.5806 0.6960
vn -0.3871 0.5659 0.7279
vn -0.4053 0.6104 0.6806
vn -0.4523 0.5164 0.7272
vn -0.4021 0.5524 0.7302
vn -0.3305 0.6016 0.7272
vn -0.0047 -0.0002 1.0000
vn -0.0415 -0.0189 0.9990
vn -0.0008 0.0013 1.0000
vn 0.0021 0.0064 1.0000
vn 0.0486 -0.0134 0.9987
vn 0.0106 0.0002 0.9999
vn 0.0467 -0.0362 0.9983
vn 0.0346 0.0381 0.9987
vn -0.0455 -0.0439 0.9980
vn -0.0486 0.0134 0.9987
vn -0.0484 0.0374 0.9981
vn -0.0009 0.0011 1.0000
vn -0.0210 0.0656 0.9976
vn 0.0038 0.0596 0.9982
vn 0.4484 0.8938 -0.0004
vn 0.3982 0.8484 -0.3488
vn 0.5737 0.8191 -0.0008
vn 0.7072 0.7070 0.0007
vn 0.6628 0.4777 0.5766
vn 0.5037 0.5806 0.6396
vn 0.5736 0.8191 0.0004
vn 0.9182 0.3962 0.0004
vn 0.8250 0.2403 0.5115
vn 0.7996 0.3959 0.4515
vn 0.8192 0.5735 0.0003
vn 0.8070 0.5447 -0.2284
vn 0.6666 0.7454 -0.0000
vn 0.5884 0.7477 -0.3079
vn 0.9428 0.0976 0.3187
vn 0.9731 0.2303 0.0003
vn 0.9983 0.0583 0.0003
vn 0.9706 -0.1720 0.1682
vn 0.9659 -0.2589 0.0002
vn 0.8004 0.0325 0.5986
vn 0.6278 0.1852 0.7560
vn 0.8947 -0.4466 -0.0056
vn 0.9505 -0.1644 -0.2635
vn 0.6107 -0.2893 -0.7372
vn 0.8250 0.2403 -0.5115
vn 0.9428 0.0976 -0.3188
vn 0.9706 -0.1721 -0.1682
vn 0.7996 0.3959 -0.4515
vn 0.3900 0.5038 -0.7708
vn -0.0264 0.0522 -0.9983
vn 0.9653 0.2535 0.0636
vn -0.3248 0.2708 -0.9062
vn -0.5554 0.8312 -0.0252
vn -0.8826 0.4701 -0.0121
vn -0.0756 0.0455 -0.9961
vn -0.7348 0.0214 -0.6780
vn 0.9932 -0.1164 0.0002
vn 0.9646 -0.2639 -0.0001
vn 0.3474 0.9377 -0.0000
vn 0.2720 0.9623 -0.0054
vn 0.3459 0.9383 -0.0000
vn 0.4548 0.3357 0.8249
vn 0.3900 0.5037 0.7708
vn -0.3390 -0.0912 0.9364
vn 0.6076 -0.4472 -0.6564
vn 0.8058 -0.5922 -0.0003
vn -0.0642 -0.7330 -0.6772
vn -0.2413 -0.9005 -0.3618
vn -0.1883 -0.7026 -0.6863
vn 0.0750 0.2899 0.9541
vn 0.1477 0.3073 0.9401
vn 0.2370 0.0688 -0.9691
vn 0.3111 0.1406 -0.9399
vn -0.9005 -0.2412 -0.3618
vn -0.9962 -0.0870 -0.0003
vn -0.9288 0.0813 -0.3616
vn -0.7246 0.0634 -0.6862
vn 0.1697 0.2469 0.9541
vn -0.3760 -0.0329 0.9260
vn 0.0634 -0.7246 0.6862
vn 0.1917 -0.7158 0.6714
vn -0.0333 0.3432 -0.9387
vn 1.0000 0.0048 -0.0020
vn 0.2551 -0.6834 0.6840
vn 0.9999 0.0088 -0.0092
vn 0.4021 -0.5524 0.7302
vn 0.2396 -0.2550 0.9368
vn 0.2164 -0.3017 0.9285
vn 0.3247 -0.6578 -0.6797
vn -0.3436 0.0268 -0.9387
vn -0.1378 -0.0120 -0.9904
vn -0.3990 0.6032 -0.6906
vn 0.0709 0.2693 -0.9605
vn 0.2584 0.0710 0.9634
vn -0.5958 -0.4172 0.6863
vn 0.0640 0.7316 -0.6787
vn 0.2394 0.9008 -0.3622
vn 0.1883 0.7026 -0.6863
vn -0.2853 -0.1997 0.9374
vn -0.2856 -0.6179 -0.7325
vn -0.0802 -0.2890 -0.9540
vn -0.1806 -0.6740 -0.7163
vn 0.5301 -0.2208 0.8187
vn 0.9140 -0.4052 0.0192
vn 0.4259 -0.5865 0.6889
vn 0.4525 -0.5163 0.7271
vn 0.2441 0.1742 -0.9540
vn 0.2442 0.2385 -0.9399
vn -0.0307 0.3447 0.9382
vn 0.0337 0.3393 0.9401
vn 0.8020 0.5615 -0.2038
vn 0.6023 0.4217 -0.6779
vn 0.1699 0.2472 -0.9540
vn 0.2669 -0.0251 0.9634
vn 0.6952 -0.0609 0.7162
vn 0.4109 -0.6187 -0.6696
vn 0.3360 -0.6073 -0.7199
vn 0.9034 0.4212 -0.0801
vn -0.1740 -0.2438 0.9541
vn 0.9457 0.2533 0.2039
vn 0.7338 0.0642 -0.6764
vn 0.9857 -0.1025 -0.1334
vn 0.7432 -0.0704 -0.6653
vn 0.3760 0.0329 0.9260
vn -0.3135 0.1468 0.9382
vn -0.6383 0.2748 0.7191
vn 0.4161 0.8935 -0.1691
vn 0.4239 0.6145 -0.6653
vn 0.4525 -0.5163 -0.7271
vn 0.0484 -0.0374 -0.9981
vn 0.5537 -0.4079 -0.7260
vn 0.3138 -0.1469 -0.9381
vn -0.3110 -0.6669 -0.6772
vn -0.4227 -0.9063 -0.0003
vn 0.5538 -0.4078 0.7259
vn -0.1622 0.2269 0.9603
vn -0.1794 0.2658 0.9472
vn -0.5603 0.7616 -0.3255
vn 0.2055 -0.6203 0.7569
vn 0.0164 -0.2694 0.9629
vn 0.0618 -0.6947 0.7166
vn 0.1443 -0.2773 0.9499
vn 0.3361 -0.6073 0.7199
vn 0.6485 -0.7011 -0.2967
vn 0.5044 -0.5263 -0.6846
vn -0.0587 -0.6710 -0.7391
vn -0.0258 -0.3403 -0.9399
vn -0.0801 -0.2887 0.9541
vn -0.1405 -0.3106 0.9401
vn -0.7026 -0.1882 0.6862
vn -0.6656 -0.3103 -0.6788
vn -0.7637 -0.5347 -0.3618
vn -0.9063 -0.4226 -0.0003
vn 0.2454 -0.0266 -0.9691
vn -0.7026 -0.1882 -0.6862
vn -0.5348 -0.7637 -0.3617
vn -0.4172 -0.5958 -0.6863
vn -0.2668 0.0251 0.9634
vn -0.3303 0.0844 0.9401
vn 0.3303 -0.0844 0.9401
vn -0.0814 0.9285 -0.3623
vn 0.1158 0.9933 -0.0004
vn -0.2114 0.2308 -0.9498
vn 0.2099 -0.2927 -0.9329
vn 0.3990 -0.6032 0.6906
vn 0.5044 -0.5263 0.6845
vn 0.1438 -0.2763 -0.9503
vn 0.1317 -0.1933 -0.9723
vn -0.0806 0.7172 0.6922
vn -0.2398 0.2555 0.9366
vn -0.1577 0.3124 0.9368
vn 0.2439 0.2382 0.9401
vn 0.2438 0.1740 0.9541
vn 0.3107 0.1405 0.9401
vn 0.3134 -0.1467 0.9382
vn 0.1306 -0.1922 0.9726
vn -0.0258 -0.3399 0.9401
vn -0.2382 -0.2438 0.9401
vn 0.9507 0.3101 0.0083
vn -0.9999 -0.0000 0.0150
vn -0.7607 0.0221 0.6488
vn -0.9988 0.0484 0.0057
vn 1.0000 -0.0001 -0.0000
vn 1.0000 -0.0000 -0.0000
vn 0.9474 -0.3199 -0.0105
vn 0.9725 -0.2325 0.0143
vn 0.9142 -0.4051 -0.0098
vn 0.9527 -0.3036 -0.0142
vn -0.9114 0.4111 0.0161
vn -0.9110 0.4112 -0.0312
vn -0.9934 0.1135 0.0159
vn 0.8921 -0.4514 -0.0173
vn 1.0000 -0.0001 -0.0001
vn 0.5889 -0.8082 -0.0001
vn 0.6793 -0.7339 -0.0001
vn -0.9921 0.1246 -0.0122
vn 0.3921 0.9199 0.0004
vn 0.0343 0.7322 0.6802
vn 0.0382 0.0269 0.9989
vn 0.8069 -0.5447 0.2284
vn 0.6658 -0.5275 0.5277
vn 0.8530 -0.3637 0.3743
vn 0.2187 0.9758 0.0089
vn 0.9397 0.3420 0.0098
vn 0.9507 0.3101 -0.0084
vn 0.9527 0.3036 0.0154
vn 0.9983 -0.0580 -0.0107
vn 0.6277 0.1852 -0.7561
vn 0.4489 0.0043 0.8936
vn 0.6564 0.2564 -0.7095
vn -0.4751 0.7098 0.5200
vn -0.7348 0.0214 0.6780
vn 0.3517 0.8455 -0.4018
vn -0.5736 -0.8191 -0.0001
vn -0.7072 -0.7071 -0.0003
vn -0.9962 0.0872 -0.0001
vn -0.0871 0.9962 -0.0001
vn -0.3126 0.9499 -0.0004
vn -0.5537 0.4077 0.7261
vn 0.9933 0.1158 -0.0003
vn 0.8922 -0.4514 -0.0172
vn 0.9175 -0.3978 -0.0001
vn -0.8058 0.5922 -0.0003
vn 0.5918 -0.1874 0.7840
vn 0.0146 -0.9245 0.3808
vn 0.1598 -0.9872 -0.0000
vn 0.2614 -0.8925 0.3676
vn 0.0871 -0.9962 -0.0001
vn 0.2808 -0.9598 -0.0006
vn 0.2143 0.9768 -0.0046
vn -0.5602 0.8282 0.0129
vn -0.0339 -0.0002 -0.9994
vn 1.0000 0.0020 -0.0018
vn 1.0000 0.0024 -0.0008
vn 0.5477 -0.7541 -0.3625
vn 0.5580 -0.8299 -0.0007
vn 0.0042 -1.0000 -0.0000
vn 0.0029 -0.9246 0.3809
vn 0.0102 -0.9999 -0.0000
vn -0.9999 0.0004 0.0142
vn 0.2628 0.9648 -0.0001
vn 1.0000 0.0021 -0.0051
vn 0.8764 -0.0001 -0.4816
vn 1.0000 -0.0001 -0.0007
vn 1.0000 -0.0054 -0.0046
vn 0.8070 -0.5446 -0.2283
vn 0.8804 0.4741 -0.0000
vn 0.6659 0.5274 -0.5277
vn 0.8530 0.3636 -0.3743
vn 0.7793 0.2411 -0.5784
vn 0.6665 -0.0001 -0.7455
vn 0.7793 -0.2412 0.5784
vn 0.5881 -0.3111 0.7465
vn 0.7793 0.2411 0.5784
vn 0.6658 0.5275 0.5277
vn 0.8530 0.3637 0.3743
vn 0.6665 -0.7455 -0.0000
vn 0.5883 -0.7478 0.3079
vn 0.8070 0.5446 0.2284
vn 0.5883 0.7477 0.3079
vn 0.0352 0.7585 0.6507
vn -0.0816 0.0491 0.9955
vn 0.2402 -0.2556 -0.9365
vn 0.9999 -0.0043 0.0102
vn 0.8938 0.4485 -0.0004
vn 0.9580 0.2869 -0.0003
vn 0.9999 -0.0042 -0.0101
vn 0.7793 -0.2412 -0.5784
vn 0.6423 0.0562 -0.7644
vn 0.0140 0.0005 -0.9999
vn 1.0000 0.0001 -0.0000
vn 1.0000 -0.0054 0.0046
vn 1.0000 -0.0081 0.0028
vn 1.0000 0.0021 0.0051
vn 1.0000 0.0020 0.0018
vn 0.0384 0.9993 -0.0000
vn 0.0107 0.9246 -0.3808
vn 0.0382 -0.9993 -0.0000
vn 0.0106 -0.9246 0.3808
vn -0.0342 0.0065 0.9994
vn 0.0503 -0.0072 0.9987
vn 0.5880 -0.3111 -0.7466
vn 0.0383 -0.0000 -0.9993
vn 0.0106 -0.3846 -0.9230
vn 0.5883 -0.7477 -0.3079
vn 0.0383 -0.7064 0.7067
vn 0.5882 0.3111 0.7465
vn 0.0383 0.7064 0.7068
vn 0.5880 0.3111 -0.7466
vn 0.0383 0.7064 -0.7067
vn 0.0106 0.3846 -0.9230
vn 0.0035 -0.0000 -1.0000
vn 0.0105 -0.9246 -0.3808
vn 0.0034 -1.0000 -0.0000
vn 0.0034 -0.7069 0.7073
vn 0.0035 0.7069 -0.7073
vn 0.0104 -0.9246 0.3808
vn 0.0035 1.0000 -0.0000
vn 0.0105 0.9246 -0.3808
vn 0.9670 -0.2525 -0.0351
vn 0.9519 -0.2556 -0.1691
vn 0.0106 0.3846 0.9230
vn 0.0035 0.7069 0.7073
vn 0.0104 -0.3846 -0.9230
vn 0.1968 -0.6931 -0.6934
vn 0.0034 -0.7069 -0.7073
vn 0.0104 -0.9246 -0.3808
vn 0.1967 -0.9805 -0.0000
vn 0.0105 0.3846 0.9230
vn 0.1972 -0.0000 0.9804
vn 0.3643 0.3582 0.8597
vn 0.0104 0.3846 -0.9230
vn 0.1969 0.6931 -0.6935
vn 0.3640 0.3582 -0.8597
vn 0.1968 0.9805 -0.0000
vn 0.3643 0.8611 -0.3547
vn 0.1968 -0.6931 0.6934
vn 0.0104 -0.3846 0.9230
vn 0.3644 -0.3582 0.8596
vn 0.0105 0.9246 0.3808
vn 0.1969 0.6931 0.6935
vn 0.3644 0.8611 0.3547
vn 0.1969 0.0001 -0.9804
vn 0.3643 -0.3582 -0.8596
vn 0.9999 0.0107 -0.0000
vn 1.0000 0.0048 0.0019
vn 0.2547 -0.9670 -0.0000
vn 0.9999 -0.0090 0.0092
vn 0.3641 -0.8612 0.3547
vn 1.0000 -0.0049 0.0020
vn 0.2551 -0.6835 -0.6840
vn 0.1325 -0.9167 -0.3771
vn 0.1326 -0.9166 0.3771
vn 1.0000 -0.0016 0.0038
vn 1.0000 0.0015 0.0039
vn 0.9999 0.0088 0.0093
vn 0.9999 -0.0000 -0.0145
vn 1.0000 -0.0016 -0.0037
vn 0.2551 0.6834 -0.6840
vn 0.1326 0.3816 -0.9148
vn 0.2554 -0.0000 0.9668
vn 0.1326 0.3816 0.9148
vn 0.9999 -0.0111 -0.0000
vn 0.9999 -0.0089 0.0093
vn -0.6078 0.4473 0.6562
vn 1.0000 -0.0050 -0.0021
vn 0.2551 0.9669 -0.0000
vn 0.3640 0.3582 -0.8598
vn 1.0000 0.0016 -0.0038
vn 0.2554 -0.0000 -0.9668
vn 0.9999 -0.0001 0.0141
vn 0.9999 -0.0001 -0.0145
vn 0.1326 -0.3816 -0.9148
vn 0.0056 0.7068 -0.7074
vn 0.0038 0.3292 -0.9442
vn 0.1327 0.9164 -0.3776
vn 0.0056 0.9246 -0.3809
vn 0.0103 -0.0000 -0.9999
vn 0.0103 -0.7068 0.7073
vn 0.1328 0.9164 0.3775
vn 0.0056 0.7068 0.7074
vn 0.0056 0.9246 0.3809
vn 0.0056 0.3845 0.9231
vn 0.0072 -0.6625 -0.7490
vn 0.0028 -0.9246 -0.3809
vn 0.0038 -0.3292 -0.9443
vn 0.7072 0.7070 -0.0003
vn 0.9987 -0.0493 -0.0140
vn 0.0042 -0.7068 0.7074
vn -0.0614 0.9981 -0.0062
vn -0.5430 0.8398 0.0043
vn 0.0081 0.9246 -0.3809
vn 0.0146 -0.9245 -0.3809
vn 0.0042 -0.0000 -1.0000
vn 0.0103 -0.4350 -0.9004
vn 0.1598 -0.6977 -0.6983
vn 0.2614 -0.8925 -0.3677
vn 0.1600 -0.0000 -0.9871
vn 0.2612 -0.3712 -0.8911
vn 0.0104 0.4350 -0.9004
vn 0.1598 0.6977 -0.6983
vn 0.0081 0.7068 -0.7074
vn 0.2613 0.3712 -0.8911
vn 0.8034 -0.5505 -0.2268
vn 0.9827 -0.1850 -0.0033
vn 0.6245 -0.7811 -0.0000
vn 0.8035 0.5504 -0.2268
vn 0.9793 0.1416 -0.1446
vn 0.6250 0.5517 -0.5522
vn 0.6244 -0.7811 -0.0000
vn 0.6249 -0.5518 0.5523
vn 0.8034 -0.5506 0.2268
vn 0.8035 0.5504 0.2268
vn 0.9826 0.1335 0.1290
vn 0.9818 0.1754 0.0723
vn 0.8034 -0.5506 0.2269
vn 0.9818 -0.1755 0.0723
vn 0.6253 -0.0000 -0.7803
vn 0.8034 -0.2290 -0.5497
vn 0.8033 -0.2290 0.5497
vn 0.9826 -0.1336 0.1291
vn 0.9876 -0.0579 0.1463
vn 0.9695 -0.0001 0.2449
vn 0.6252 -0.0000 0.7804
vn 0.2613 0.3712 0.8911
vn 0.6253 -0.0000 0.7804
vn 0.8034 0.2289 0.5497
vn 0.9876 0.0578 0.1463
vn 0.2614 0.8925 0.3677
vn 0.6250 0.5517 0.5523
vn 0.8035 0.5505 0.2268
vn 0.9827 0.1850 -0.0033
vn 0.9818 0.1755 -0.0724
vn 0.9829 -0.1278 -0.1327
vn 0.9818 -0.1755 -0.0723
vn 0.2614 0.8925 -0.3677
vn 0.8034 0.2289 -0.5497
vn 0.9821 0.0723 -0.1737
vn 0.3871 -0.5659 0.7279
vn 0.9998 0.0186 0.0055
vn 0.9993 0.0220 0.0296
vn 0.9818 -0.0731 -0.1753
vn 0.1504 0.0699 0.9861
vn 0.6628 0.4777 0.5767
vn 0.9994 -0.0296 -0.0161
vn 1.0000 -0.0059 0.0079
vn -0.9999 0.0065 0.0092
vn 0.5330 -0.1111 -0.8388
vn 0.6440 -0.0740 -0.7614
vn 0.5301 -0.2207 -0.8187
vn 0.6199 -0.1963 -0.7598
vn 0.6274 -0.3078 -0.7153
vn 0.9092 -0.4161 -0.0126
vn -0.9987 0.0489 0.0112
vn -0.4751 0.7099 0.5200
vn -0.5429 0.8398 0.0043
vn 0.9552 -0.2960 -0.0049
vn 0.3982 0.8484 0.3488
vn -0.3247 0.2709 0.9062
vn 0.9935 -0.1127 0.0143
vn 0.5580 -0.8299 0.0001
vn 0.4572 -0.8894 -0.0000
vn -0.6045 0.0782 -0.7927
vn -0.4860 0.7223 -0.4920
vn 0.9981 -0.0583 0.0209
vn 0.8949 -0.4461 0.0109
vn 0.9706 -0.1720 -0.1682
vn 0.9571 -0.2897 -0.0031
vn 0.9958 -0.0655 -0.0638
vn -0.6736 0.0013 0.7391
vn -1.0000 0.0004 0.0072
vn -0.9999 0.0083 0.0145
vn -0.0312 0.8900 -0.4550
vn 0.5816 0.1823 0.7928
vn 0.6303 0.2462 0.7363
vn -0.5175 0.0281 0.8552
vn -0.9590 0.2831 0.0116
vn -0.9816 0.1903 0.0147
vn 0.0353 -0.0113 0.9993
vn -0.0221 0.0083 0.9997
vn 0.0542 -0.0244 0.9982
vn 0.0719 0.0532 0.9960
vn 0.0148 0.0040 0.9999
vn -0.5651 0.0289 -0.8245
vn 0.5040 -0.1050 0.8573
vn -0.0317 0.9030 0.4285
vn -0.0366 0.9993 0.0072
vn -0.3602 0.2713 -0.8926
vn -0.8882 0.4593 -0.0106
vn 0.0088 0.0026 -1.0000
vn 0.0558 0.0295 -0.9980
vn 0.0586 -0.0264 -0.9979
vn 0.9904 -0.1377 -0.0144
vn 0.9762 -0.2158 -0.0211
vn 0.6019 -0.2954 -0.7419
vn -0.9997 -0.0000 0.0257
vn 0.4214 0.0040 0.9068
vn 0.9982 0.0030 0.0595
vn -0.5783 0.1288 0.8056
vn -0.9786 0.2053 0.0112
vn 0.9983 -0.0580 -0.0002
vn -0.4210 0.9070 0.0053
vn 1.0000 -0.0001 0.0007
vn 0.9984 0.0056 -0.0561
vn 0.3306 -0.0845 -0.9400
vn 0.4093 0.7668 -0.4945
vn 0.0343 0.7322 -0.6802
vn 0.4849 -0.0272 0.8742
vn 0.6667 -0.0008 0.7454
vn -0.7018 0.0014 -0.7124
vn 0.6147 -0.0707 0.7856
vn -0.5784 0.1288 0.8056
vn -0.6046 0.0782 0.7927
vn -0.4037 0.1562 0.9015
vn 0.2022 -0.0424 0.9784
vn 0.6019 -0.2954 0.7419
vn -0.0327 0.0701 0.9970
vn -0.3248 0.2709 -0.9062
vn -0.0374 0.0102 -0.9992
vn -0.5953 0.1841 -0.7821
vn 0.0410 -0.0130 -0.9991
vn 0.1777 -0.0509 -0.9828
vn 0.6106 -0.2893 -0.7372
vn -0.4478 -0.0012 -0.8941
vn -0.7606 0.0222 -0.6488
vn 0.6099 0.1911 -0.7691
vn 0.6628 0.4777 -0.5767
vn 0.8192 0.5735 -0.0006
vn 0.4215 0.0040 0.9068
vn 0.3642 0.8611 -0.3547
vn 1.0000 0.0049 -0.0020
vn 0.9976 -0.0671 0.0143
vn -0.5429 0.8397 -0.0085
vn 0.4208 0.7957 0.4357
vn 0.5552 0.8209 0.1335
vn 0.4161 0.8934 0.1691
vn -0.8192 -0.5735 -0.0001
vn -0.9659 -0.2588 -0.0001
vn -0.9659 0.2588 -0.0003
vn -0.8449 0.3940 -0.3618
vn -0.9063 0.4227 -0.0001
vn -0.4572 0.8894 -0.0001
vn 0.4139 -0.8462 -0.3356
vn 0.0812 -0.9289 -0.3614
vn -0.1158 -0.9933 -0.0004
vn -0.2589 -0.9659 -0.0001
vn 0.0002 -0.0006 -1.0000
vn -0.0066 -0.0497 -0.9987
vn -0.0041 -0.0078 -1.0000
vn -0.5711 -0.3998 -0.7169
vn -0.7094 0.1901 -0.6787
vn -0.6092 0.1633 -0.7760
vn 0.8020 0.5615 0.2038
vn 0.6023 0.4217 0.6778
vn 0.9457 0.2533 -0.2038
vn 0.7102 0.1903 -0.6778
vn -0.6464 0.3211 0.6922
vn -0.5042 0.5266 0.6845
vn -0.5716 -0.2665 -0.7760
vn 0.0550 0.6283 -0.7761
vn 0.6464 -0.3210 0.6922
vn 0.6076 -0.4472 0.6564
vn 0.3204 -0.6538 0.6855
vn 0.0031 -0.0038 -1.0000
vn 0.0007 0.0003 -1.0000
vn 0.0257 -0.0413 -0.9988
vn 0.7102 0.1903 0.6778
vn -0.0049 -0.0021 -1.0000
vn -0.0029 0.0007 -1.0000
vn -0.0008 0.0013 -1.0000
vn 0.0021 0.0064 -1.0000
vn 0.0487 -0.0134 -0.9987
vn 0.0347 0.0382 -0.9987
vn -0.0489 -0.0456 -0.9978
vn -0.0012 0.0015 -1.0000
vn -0.0569 0.0385 -0.9976
vn 0.0057 0.0802 -0.9968
vn -0.3871 0.5659 -0.7279
vn -0.1624 0.2272 -0.9602
vn 0.6278 0.1852 -0.7561
vn 0.9505 -0.1644 -0.2636
vn 0.9706 -0.1721 0.1682
vn 0.8250 0.2404 0.5114
vn 0.6628 0.4776 -0.5767
vn 0.5037 0.5806 -0.6397
vn -0.3602 0.2713 0.8926
vn -0.2089 -0.1388 -0.9680
vn -0.3340 -0.0861 -0.9386
vn -0.4172 -0.5958 0.6862
vn -0.7246 0.0634 0.6863
vn -0.2257 0.0989 -0.9692
vn -0.1883 -0.7026 0.6863
vn -0.5958 -0.4172 -0.6862
vn -0.1407 -0.3110 -0.9399
vn 0.4239 0.6145 0.6654
vn 0.1883 0.7026 0.6863
vn 0.0164 -0.2697 -0.9628
vn 0.9428 0.0976 -0.3187
vn 0.7432 -0.0703 0.6653
vn 0.1479 0.3076 -0.9400
vn 0.0634 -0.7246 -0.6862
vn -0.1472 -0.1977 -0.9691
vn -0.6592 0.3074 -0.6863
vn -0.1577 0.3128 -0.9366
vn -0.1796 0.2662 -0.9470
vn 0.6099 0.1912 -0.7691
vn -0.7606 0.0221 -0.6489
vn -0.9999 -0.0000 -0.0150
vn -0.9988 0.0484 -0.0057
vn -0.9999 0.0083 -0.0073
vn -0.9992 0.0267 -0.0282
vn 0.6666 -0.0001 0.7454
vn 0.8764 -0.0001 0.4816
vn 0.4489 0.0043 -0.8936
vn -0.4859 0.7222 0.4924
vn -0.7607 0.0222 0.6488
vn -0.9589 0.2828 -0.0226
vn -0.9754 0.2201 -0.0149
vn -0.9999 0.0004 -0.0142
vn 1.0000 0.0024 0.0008
vn 0.6658 -0.5275 -0.5277
vn 0.8530 -0.3638 -0.3743
vn 0.0106 0.9246 0.3808
vn 0.0383 -0.7064 -0.7067
vn 0.0383 -0.0000 0.9993
vn 0.0106 -0.3846 0.9230
vn 0.0035 -0.0000 1.0000
vn 0.6440 -0.0740 0.7614
vn 0.3641 -0.8612 -0.3547
vn 0.3641 -0.8612 -0.3546
vn 0.9999 -0.0089 -0.0092
vn 0.2552 0.6834 0.6839
vn 0.1327 -0.3816 0.9148
vn 0.3643 0.3582 0.8596
vn 0.9999 -0.0000 0.0141
vn 0.0056 1.0000 -0.0000
vn 0.0056 -0.0000 1.0000
vn 0.0038 -0.4386 0.8987
vn 0.0080 0.3845 0.9231
vn 0.0081 0.9246 0.3809
vn 0.0081 0.7068 0.7074
vn 0.0055 -0.7509 -0.6603
vn 0.0103 -0.3330 0.9429
vn 0.1598 0.9872 -0.0000
vn 0.0081 1.0000 -0.0000
vn 0.1598 -0.6977 0.6983
vn 0.2612 -0.3712 0.8911
vn 0.1599 -0.0000 0.9871
vn 0.0081 -0.0000 1.0000
vn 0.1599 0.6977 0.6983
vn 0.8033 -0.2291 0.5497
vn 0.6248 -0.5518 0.5523
vn 0.6246 0.7810 -0.0000
vn 0.6246 0.7809 -0.0000
vn 0.8034 0.2288 -0.5497
vn 0.6249 -0.5518 -0.5523
vn 0.6667 -0.0008 0.7453
vn 0.9793 0.0019 -0.2026
vn 0.9999 -0.0158 0.0047
vn 0.9990 0.0171 -0.0414
vn -0.4211 0.9070 0.0053
vn -0.5784 0.1288 -0.8056
vn -0.4037 0.1561 0.9015
vn 0.5719 0.8203 -0.0052
vn 0.3518 0.8455 -0.4018
vn -0.0312 0.8899 0.4550
vn 0.1970 0.0001 -0.9804
vn 0.1966 -0.9805 -0.0000
vn 0.0352 0.7586 0.6507
vn -0.5429 0.8397 -0.0086
vn 0.1969 -0.6931 -0.6934
vn 0.1968 0.6931 0.6935
vt 0.265285 0.391662
vt 0.265297 0.760028
vt 0.206241 0.759760
vt 0.206123 0.392341
vt 0.201437 0.958468
vt 0.201391 0.017620
vt 0.260536 0.018630
vt 0.260690 0.958540
vt 0.326847 0.394570
vt 0.326893 0.744802
vt 0.267737 0.742053
vt 0.267583 0.392659
vt 0.321698 0.018627
vt 0.321744 0.952917
vt 0.262895 0.950958
vt 0.262748 0.017583
vt 0.073410 0.957464
vt 0.073244 0.017556
vt 0.444005 0.018627
vt 0.444171 0.958535
vt 0.730964 0.584856
vt 0.763283 0.584839
vt 0.763173 0.675636
vt 0.730855 0.675653
vt 0.073180 0.020036
vt 0.442335 0.020044
vt 0.416922 0.042342
vt 0.097490 0.041387
vt 0.442327 0.959312
vt 0.420027 0.933901
vt 0.420983 0.044353
vt 0.073173 0.959305
vt 0.098585 0.937004
vt 0.418017 0.937960
vt 0.095480 0.045448
vt 0.094526 0.934995
vt 0.395159 0.392373
vt 0.394929 0.691290
vt 0.364181 0.689458
vt 0.363975 0.391339
vt 0.755893 0.584655
vt 0.755866 0.674803
vt 0.752734 0.674657
vt 0.752716 0.584592
vt 0.360383 0.392407
vt 0.360233 0.706801
vt 0.329539 0.706279
vt 0.329251 0.392680
vt 0.749266 0.675446
vt 0.749293 0.584665
vt 0.752441 0.584760
vt 0.752459 0.675458
vt 0.074468 0.019085
vt 0.441037 0.019102
vt 0.206079 0.761000
vt 0.071005 0.019780
vt 0.070987 0.956463
vt 0.070046 0.957761
vt 0.070054 0.018493
vt 0.441039 0.960262
vt 0.074471 0.960245
vt 0.072222 0.958016
vt 0.072239 0.021334
vt 0.396374 0.392332
vt 0.396344 0.691337
vt 0.756017 0.584653
vt 0.756011 0.674810
vt 0.361599 0.392385
vt 0.361648 0.706862
vt 0.763514 0.675701
vt 0.763520 0.584911
vt 0.763665 0.584917
vt 0.763639 0.675698
vt 0.763298 0.675655
vt 0.730839 0.584837
vt 0.766834 0.584887
vt 0.766813 0.585012
vt 0.363982 0.690676
vt 0.752713 0.674784
vt 0.329336 0.707479
vt 0.444189 0.017400
vt 0.445235 0.017469
vt 0.724343 0.584952
vt 0.724360 0.584826
vt 0.724461 0.584833
vt 0.267571 0.743144
vt 0.266584 0.742862
vt 0.730737 0.584869
vt 0.730729 0.585014
vt 0.730606 0.584952
vt 0.730625 0.584818
vt 0.737029 0.675828
vt 0.737023 0.675959
vt 0.736902 0.675886
vt 0.736918 0.675768
vt 0.445295 0.959159
vt 0.445345 0.957803
vt 0.446522 0.958468
vt 0.446368 0.959700
vt 0.743331 0.676080
vt 0.743326 0.676231
vt 0.743205 0.676183
vt 0.743221 0.676042
vt 0.763539 0.584773
vt 0.097673 0.044536
vt 0.096774 0.046075
vt 0.098074 0.042659
vt 0.396163 0.692878
vt 0.417835 0.044536
vt 0.416295 0.043636
vt 0.419712 0.044935
vt 0.755988 0.674957
vt 0.417835 0.934812
vt 0.418734 0.933272
vt 0.417435 0.936688
vt 0.361454 0.708110
vt 0.097673 0.934811
vt 0.099212 0.935710
vt 0.095796 0.934412
vt 0.730859 0.584728
vt 0.766948 0.584907
vt 0.362866 0.690637
vt 0.763292 0.675762
vt 0.752597 0.674768
vt 0.328214 0.707233
vt 0.073317 0.016442
vt 0.444098 0.016403
vt 0.718287 0.584849
vt 0.718276 0.584724
vt 0.724345 0.584724
vt 0.266468 0.392376
vt 0.266423 0.759424
vt 0.724570 0.584845
vt 0.724586 0.584724
vt 0.072159 0.958494
vt 0.072134 0.017469
vt 0.326999 0.745747
vt 0.267718 0.743896
vt 0.446476 0.017620
vt 0.445356 0.018281
vt 0.073226 0.958691
vt 0.444098 0.959652
vt 0.073186 0.959677
vt 0.262739 0.952152
vt 0.321877 0.954054
vt 0.737137 0.675860
vt 0.737151 0.675768
vt 0.328023 0.395036
vt 0.328012 0.744026
vt 0.445295 0.958493
vt 0.730611 0.680623
vt 0.730728 0.680551
vt 0.099255 0.043592
vt 0.418778 0.046117
vt 0.416253 0.935755
vt 0.096730 0.933230
vt 0.362793 0.391562
vt 0.752592 0.584603
vt 0.328072 0.392529
vt 0.752576 0.584655
vt 0.752579 0.675467
vt 0.750201 0.675959
vt 0.747007 0.675853
vt 0.746995 0.675768
vt 0.750301 0.675853
vt 0.770265 0.584907
vt 0.767088 0.584844
vt 0.767073 0.584741
vt 0.770361 0.584780
vt 0.746640 0.675962
vt 0.743452 0.675990
vt 0.743452 0.675869
vt 0.746738 0.675817
vt 0.766831 0.675710
vt 0.766830 0.675825
vt 0.763539 0.675835
vt 0.205174 0.762129
vt 0.205081 0.760879
vt 0.206236 0.762058
vt 0.737044 0.675812
vt 0.261760 0.951872
vt 0.266493 0.760835
vt 0.265412 0.761309
vt 0.445295 0.016929
vt 0.446369 0.016403
vt 0.328071 0.745105
vt 0.730737 0.680681
vt 0.730625 0.680740
vt 0.746886 0.675875
vt 0.766964 0.584855
vt 0.743331 0.675974
vt 0.766951 0.675719
vt 0.724467 0.584826
vt 0.261744 0.954054
vt 0.262282 0.955235
vt 0.261744 0.956110
vt 0.262856 0.956094
vt 0.262282 0.955198
vt 0.262856 0.954054
vt 0.261744 0.958498
vt 0.261586 0.959682
vt 0.730737 0.680948
vt 0.730678 0.680857
vt 0.730737 0.680740
vt 0.737137 0.675988
vt 0.737029 0.675966
vt 0.445236 0.959678
vt 0.071696 0.018558
vt 0.073048 0.017954
vt 0.071105 0.019913
vt 0.071531 0.017007
vt 0.072134 0.018360
vt 0.070176 0.016416
vt 0.068755 0.017551
vt 0.071531 0.959238
vt 0.070179 0.959841
vt 0.068758 0.958711
vt 0.072122 0.957882
vt 0.071695 0.960788
vt 0.071092 0.959436
vt 0.073051 0.961379
vt 0.750325 0.675954
vt 0.750428 0.675791
vt 0.750438 0.675912
vt 0.763404 0.584882
vt 0.763412 0.584724
vt 0.770389 0.584905
vt 0.770490 0.584724
vt 0.770505 0.584873
vt 0.397481 0.691448
vt 0.397407 0.693197
vt 0.746764 0.675960
vt 0.746866 0.675768
vt 0.746878 0.675940
vt 0.756129 0.674834
vt 0.756118 0.675001
vt 0.763412 0.675888
vt 0.763401 0.675727
vt 0.362793 0.707200
vt 0.362705 0.708628
vt 0.730737 0.584846
vt 0.730743 0.584725
vt 0.730615 0.680740
vt 0.730678 0.680842
vt 0.730615 0.680947
vt 0.766844 0.584786
vt 0.763278 0.584724
vt 0.763399 0.584730
vt 0.730615 0.680939
vt 0.730537 0.680843
vt 0.363884 0.691806
vt 0.763401 0.675645
vt 0.752714 0.674892
vt 0.752579 0.674897
vt 0.730859 0.675768
vt 0.730743 0.675659
vt 0.329362 0.708403
vt 0.328072 0.708244
vt 0.730473 0.680740
vt 0.730537 0.680828
vt 0.730473 0.680935
vt 0.205081 0.392472
vt 0.730858 0.675849
vt 0.730843 0.675955
vt 0.442458 0.017967
vt 0.261687 0.017473
vt 0.260557 0.959657
vt 0.201282 0.959700
vt 0.266527 0.392448
vt 0.442461 0.961392
vt 0.261744 0.017398
vt 0.397481 0.391923
vt 0.756133 0.584621
vt 0.362714 0.392190
vt 0.763397 0.584846
vt 0.726528 0.603959
vt 0.738241 0.603960
vt 0.738248 0.641580
vt 0.726535 0.641579
vt 0.741138 0.601861
vt 0.741132 0.564830
vt 0.744501 0.564753
vt 0.744507 0.601783
vt 0.738567 0.641579
vt 0.738545 0.641874
vt 0.738249 0.641897
vt 0.738441 0.642116
vt 0.738784 0.641766
vt 0.738707 0.642030
vt 0.726536 0.641897
vt 0.726240 0.641873
vt 0.726217 0.641578
vt 0.725998 0.641766
vt 0.726348 0.642109
vt 0.726084 0.642030
vt 0.726210 0.603958
vt 0.726233 0.603662
vt 0.726529 0.603640
vt 0.726341 0.603416
vt 0.725998 0.603767
vt 0.726077 0.603500
vt 0.738242 0.603640
vt 0.738538 0.603662
vt 0.738561 0.603959
vt 0.738784 0.603767
vt 0.738433 0.603423
vt 0.738700 0.603500
vt 0.744496 0.564447
vt 0.744786 0.564483
vt 0.744813 0.564766
vt 0.745018 0.564610
vt 0.721318 0.654102
vt 0.721329 0.653888
vt 0.721578 0.653880
vt 0.721612 0.654075
vt 0.721779 0.653848
vt 0.744926 0.564361
vt 0.744819 0.601796
vt 0.744792 0.602095
vt 0.744502 0.602104
vt 0.744735 0.602338
vt 0.744489 0.602352
vt 0.745018 0.602012
vt 0.744933 0.602287
vt 0.730637 0.653812
vt 0.730672 0.654134
vt 0.730375 0.654098
vt 0.730353 0.653840
vt 0.730129 0.653962
vt 0.744466 0.602527
vt 0.730418 0.654268
vt 0.744758 0.602491
vt 0.730212 0.654181
vt 0.730680 0.642951
vt 0.730360 0.642936
vt 0.730382 0.642644
vt 0.730679 0.642638
vt 0.730512 0.642379
vt 0.730143 0.642709
vt 0.730220 0.642431
vt 0.756889 0.639180
vt 0.756886 0.639457
vt 0.756588 0.639427
vt 0.756568 0.639172
vt 0.756337 0.639295
vt 0.730376 0.642202
vt 0.730672 0.642166
vt 0.730130 0.642261
vt 0.756914 0.604422
vt 0.756593 0.604413
vt 0.756613 0.604122
vt 0.756911 0.604110
vt 0.756736 0.603853
vt 0.756369 0.604189
vt 0.756441 0.603909
vt 0.721319 0.642538
vt 0.721316 0.642263
vt 0.721609 0.642307
vt 0.721635 0.642562
vt 0.721848 0.642450
vt 0.756588 0.603676
vt 0.756885 0.603635
vt 0.756337 0.603738
vt 0.721378 0.653269
vt 0.721653 0.653338
vt 0.721628 0.653627
vt 0.721335 0.653625
vt 0.721861 0.653572
vt 0.741128 0.564524
vt 0.718012 0.653336
vt 0.718023 0.653120
vt 0.733980 0.653396
vt 0.741097 0.602607
vt 0.741120 0.602433
vt 0.701068 0.642038
vt 0.701057 0.604500
vt 0.713095 0.604497
vt 0.713107 0.642036
vt 0.773187 0.674892
vt 0.765097 0.674520
vt 0.765096 0.639457
vt 0.773178 0.639831
vt 0.747523 0.663126
vt 0.747528 0.653513
vt 0.755693 0.653871
vt 0.755505 0.664752
vt 0.743461 0.603558
vt 0.751405 0.603687
vt 0.751405 0.641039
vt 0.743469 0.640905
vt 0.679940 0.652104
vt 0.671956 0.653647
vt 0.671958 0.642441
vt 0.679932 0.642382
vt 0.713054 0.604247
vt 0.713211 0.604342
vt 0.713185 0.604188
vt 0.713054 0.604182
vt 0.700956 0.604341
vt 0.701115 0.604259
vt 0.700995 0.604219
vt 0.701116 0.604184
vt 0.701111 0.642288
vt 0.700956 0.642193
vt 0.700991 0.642315
vt 0.701113 0.642353
vt 0.713211 0.642195
vt 0.713050 0.642276
vt 0.713207 0.642324
vt 0.713051 0.642351
vt 0.671717 0.653742
vt 0.671939 0.653770
vt 0.671950 0.653871
vt 0.671710 0.653859
vt 0.671644 0.653825
vt 0.764870 0.674618
vt 0.764871 0.674344
vt 0.765091 0.674640
vt 0.764797 0.674498
vt 0.765106 0.674740
vt 0.764871 0.674736
vt 0.764806 0.674704
vt 0.755654 0.653628
vt 0.755812 0.653705
vt 0.755779 0.653577
vt 0.755655 0.653553
vt 0.751656 0.640998
vt 0.751565 0.641143
vt 0.751690 0.641105
vt 0.751725 0.640991
vt 0.751569 0.603577
vt 0.751646 0.603742
vt 0.751694 0.603610
vt 0.751725 0.603738
vt 0.671709 0.642493
vt 0.671805 0.642359
vt 0.671683 0.642406
vt 0.671644 0.642507
vt 0.671721 0.653468
vt 0.671645 0.653620
vt 0.764859 0.639514
vt 0.764796 0.639531
vt 0.773251 0.675037
vt 0.679935 0.652334
vt 0.697847 0.612351
vt 0.697847 0.604182
vt 0.697940 0.604253
vt 0.755745 0.664703
vt 0.755812 0.664689
vt 0.747462 0.653376
vt 0.773193 0.675127
vt 0.697556 0.612400
vt 0.697556 0.604182
vt 0.697654 0.604228
vt 0.743405 0.603416
vt 0.700576 0.604182
vt 0.700680 0.612148
vt 0.700576 0.612300
vt 0.700680 0.612348
vt 0.700680 0.604182
vt 0.700791 0.604249
vt 0.680004 0.652236
vt 0.700493 0.604182
vt 0.700576 0.612119
vt 0.700493 0.612264
vt 0.697751 0.612384
vt 0.697751 0.604182
vt 0.697847 0.604257
vt 0.736154 0.602931
vt 0.735990 0.602881
vt 0.735919 0.564791
vt 0.736152 0.564761
vt 0.725208 0.603309
vt 0.725276 0.603077
vt 0.735833 0.603108
vt 0.735848 0.603342
vt 0.724795 0.564844
vt 0.725026 0.564913
vt 0.725031 0.602985
vt 0.724797 0.603002
vt 0.735740 0.564466
vt 0.735676 0.564698
vt 0.725119 0.564666
vt 0.725101 0.564433
vt 0.736071 0.603220
vt 0.736023 0.564542
vt 0.724920 0.603225
vt 0.724879 0.564556
vt 0.736365 0.601925
vt 0.736283 0.602199
vt 0.736298 0.564886
vt 0.738700 0.642901
vt 0.738777 0.642632
vt 0.738755 0.652298
vt 0.764915 0.604203
vt 0.764988 0.603933
vt 0.764950 0.638965
vt 0.713323 0.651694
vt 0.713243 0.651951
vt 0.713246 0.642386
vt 0.736361 0.602249
vt 0.736347 0.602497
vt 0.736259 0.602479
vt 0.736260 0.564606
vt 0.736355 0.564586
vt 0.713313 0.652278
vt 0.713302 0.652495
vt 0.713211 0.652451
vt 0.713228 0.652247
vt 0.738699 0.642588
vt 0.738697 0.642327
vt 0.738782 0.642335
vt 0.738784 0.652557
vt 0.738695 0.652600
vt 0.736324 0.602671
vt 0.736231 0.602639
vt 0.764911 0.603891
vt 0.764902 0.603629
vt 0.764985 0.603635
vt 0.764975 0.639202
vt 0.764886 0.639239
vt 0.738693 0.642116
vt 0.738784 0.642139
vt 0.713320 0.652011
vt 0.713211 0.642150
vt 0.713304 0.642116
vt 0.764885 0.603416
vt 0.764975 0.603436
vt 0.773255 0.639815
vt 0.773255 0.674892
vt 0.747448 0.663133
vt 0.747439 0.653522
vt 0.743387 0.640920
vt 0.743378 0.603552
vt 0.680012 0.642362
vt 0.680021 0.652091
vt 0.698526 0.604182
vt 0.698604 0.604193
vt 0.698526 0.604285
vt 0.698390 0.604288
vt 0.698390 0.604182
vt 0.698460 0.604209
vt 0.700311 0.604182
vt 0.700392 0.604202
vt 0.700311 0.604286
vt 0.700232 0.604267
vt 0.700150 0.604248
vt 0.700232 0.604182
vt 0.736231 0.565059
vt 0.736231 0.602963
vt 0.735919 0.602862
vt 0.735866 0.564890
vt 0.735540 0.603416
vt 0.725177 0.603382
vt 0.735726 0.603053
vt 0.724724 0.602716
vt 0.724721 0.564813
vt 0.725086 0.602883
vt 0.725387 0.564361
vt 0.735765 0.564391
vt 0.725221 0.564723
vt 0.735840 0.602986
vt 0.735798 0.564782
vt 0.725153 0.602991
vt 0.725113 0.564789
vt 0.741134 0.602185
vt 0.718030 0.652854
vt 0.713742 0.603959
vt 0.725455 0.603960
vt 0.725462 0.641580
vt 0.713748 0.641579
vt 0.693464 0.641683
vt 0.693458 0.604651
vt 0.696826 0.604574
vt 0.696832 0.641604
vt 0.725781 0.641579
vt 0.725759 0.641874
vt 0.725463 0.641897
vt 0.725654 0.642116
vt 0.725998 0.641766
vt 0.725921 0.642030
vt 0.713749 0.641897
vt 0.713454 0.641873
vt 0.713431 0.641578
vt 0.713211 0.641765
vt 0.713562 0.642109
vt 0.713297 0.642030
vt 0.713424 0.603958
vt 0.713447 0.603662
vt 0.713742 0.603640
vt 0.713555 0.603416
vt 0.713211 0.603767
vt 0.713290 0.603500
vt 0.725456 0.603640
vt 0.725752 0.603662
vt 0.725774 0.603959
vt 0.725998 0.603768
vt 0.725646 0.603423
vt 0.725914 0.603500
vt 0.696821 0.604268
vt 0.697111 0.604304
vt 0.697138 0.604588
vt 0.697344 0.604432
vt 0.709063 0.654339
vt 0.709074 0.654125
vt 0.709323 0.654117
vt 0.709357 0.654312
vt 0.709524 0.654085
vt 0.697252 0.604182
vt 0.697145 0.641618
vt 0.697117 0.641916
vt 0.696828 0.641926
vt 0.697061 0.642160
vt 0.696814 0.642174
vt 0.697344 0.641832
vt 0.697258 0.642108
vt 0.739292 0.653275
vt 0.739326 0.653597
vt 0.739030 0.653561
vt 0.739008 0.653303
vt 0.738784 0.653425
vt 0.696791 0.642348
vt 0.739073 0.653731
vt 0.697083 0.642313
vt 0.738867 0.653644
vt 0.739335 0.642414
vt 0.739015 0.642399
vt 0.739037 0.642107
vt 0.739334 0.642101
vt 0.739167 0.641841
vt 0.738798 0.642173
vt 0.738875 0.641894
vt 0.758530 0.600125
vt 0.758527 0.600402
vt 0.758228 0.600372
vt 0.758209 0.600116
vt 0.757977 0.600240
vt 0.739031 0.641665
vt 0.739328 0.641629
vt 0.738785 0.641724
vt 0.758555 0.565366
vt 0.758234 0.565358
vt 0.758253 0.565066
vt 0.758552 0.565055
vt 0.758377 0.564798
vt 0.758010 0.565134
vt 0.758081 0.564854
vt 0.709064 0.642775
vt 0.709061 0.642500
vt 0.709354 0.642544
vt 0.709379 0.642799
vt 0.709593 0.642688
vt 0.758229 0.564621
vt 0.758525 0.564579
vt 0.757977 0.564683
vt 0.709123 0.653506
vt 0.709398 0.653575
vt 0.709373 0.653864
vt 0.709080 0.653862
vt 0.709605 0.653808
vt 0.693453 0.604345
vt 0.705757 0.653573
vt 0.705768 0.653357
vt 0.742635 0.652859
vt 0.693422 0.642428
vt 0.693445 0.642254
vt 0.671757 0.642029
vt 0.671746 0.604491
vt 0.683783 0.604488
vt 0.683795 0.642027
vt 0.764727 0.674892
vt 0.756638 0.674520
vt 0.756637 0.639457
vt 0.764718 0.639831
vt 0.662398 0.652572
vt 0.662392 0.642959
vt 0.670559 0.643308
vt 0.670382 0.654189
vt 0.745102 0.564503
vt 0.753045 0.564632
vt 0.753046 0.601984
vt 0.745110 0.601850
vt 0.688317 0.652104
vt 0.680333 0.653647
vt 0.680335 0.642441
vt 0.688309 0.642382
vt 0.683743 0.604238
vt 0.683900 0.604333
vt 0.683874 0.604178
vt 0.683743 0.604173
vt 0.671644 0.604332
vt 0.671803 0.604250
vt 0.671683 0.604209
vt 0.671805 0.604175
vt 0.671799 0.642279
vt 0.671644 0.642184
vt 0.671680 0.642306
vt 0.671801 0.642344
vt 0.683900 0.642185
vt 0.683739 0.642267
vt 0.683870 0.642340
vt 0.683723 0.642359
vt 0.680094 0.653742
vt 0.680315 0.653770
vt 0.680326 0.653871
vt 0.680086 0.653859
vt 0.680021 0.653825
vt 0.756413 0.674651
vt 0.756411 0.674482
vt 0.756632 0.674640
vt 0.756338 0.674498
vt 0.670677 0.654117
vt 0.670613 0.654242
vt 0.756647 0.674740
vt 0.670519 0.643065
vt 0.670677 0.643142
vt 0.670644 0.643014
vt 0.670520 0.642991
vt 0.753296 0.601942
vt 0.753206 0.602088
vt 0.753331 0.602049
vt 0.753366 0.601936
vt 0.753210 0.564521
vt 0.753286 0.564687
vt 0.753335 0.564555
vt 0.753366 0.564682
vt 0.680085 0.642493
vt 0.680181 0.642359
vt 0.680059 0.642406
vt 0.680021 0.642507
vt 0.680097 0.653468
vt 0.680021 0.653620
vt 0.756399 0.639514
vt 0.756337 0.639531
vt 0.764792 0.675037
vt 0.688311 0.652334
vt 0.700791 0.612351
vt 0.700791 0.604182
vt 0.700884 0.604253
vt 0.662327 0.642822
vt 0.764734 0.675127
vt 0.697458 0.612400
vt 0.697458 0.604182
vt 0.697556 0.604228
vt 0.745046 0.564361
vt 0.698050 0.604182
vt 0.698154 0.612148
vt 0.698050 0.612300
vt 0.697940 0.612348
vt 0.697940 0.604182
vt 0.698050 0.604249
vt 0.688381 0.652236
vt 0.698154 0.604182
vt 0.698238 0.612119
vt 0.698154 0.612265
vt 0.697655 0.612384
vt 0.697655 0.604182
vt 0.697751 0.604257
vt 0.724645 0.602931
vt 0.724480 0.602881
vt 0.724409 0.564791
vt 0.724642 0.564761
vt 0.713698 0.603309
vt 0.713766 0.603077
vt 0.724323 0.603108
vt 0.724338 0.603342
vt 0.713285 0.564844
vt 0.713516 0.564913
vt 0.713521 0.602985
vt 0.713287 0.603002
vt 0.724230 0.564466
vt 0.724166 0.564698
vt 0.713609 0.564666
vt 0.713592 0.564433
vt 0.724561 0.603220
vt 0.724513 0.564542
vt 0.713410 0.603225
vt 0.713369 0.564556
vt 0.688691 0.641746
vt 0.688608 0.642020
vt 0.688623 0.604708
vt 0.747355 0.642364
vt 0.747432 0.642095
vt 0.747410 0.651761
vt 0.766555 0.565148
vt 0.766629 0.564878
vt 0.766591 0.599910
vt 0.701067 0.651931
vt 0.700987 0.652188
vt 0.700991 0.642623
vt 0.688686 0.642070
vt 0.688672 0.642318
vt 0.688584 0.642301
vt 0.688585 0.604427
vt 0.688680 0.604407
vt 0.701058 0.652515
vt 0.701047 0.652732
vt 0.700956 0.652688
vt 0.700973 0.652484
vt 0.747354 0.642051
vt 0.747352 0.641790
vt 0.747437 0.641798
vt 0.747439 0.652020
vt 0.747350 0.652063
vt 0.688649 0.642492
vt 0.688556 0.642460
vt 0.766552 0.564836
vt 0.766542 0.564574
vt 0.766625 0.564580
vt 0.766616 0.600146
vt 0.766527 0.600183
vt 0.747348 0.641579
vt 0.747439 0.641602
vt 0.701065 0.652248
vt 0.700956 0.642387
vt 0.701049 0.642353
vt 0.766526 0.564361
vt 0.766616 0.564381
vt 0.764796 0.639815
vt 0.764796 0.674892
vt 0.662323 0.652579
vt 0.662304 0.642968
vt 0.745028 0.601865
vt 0.745018 0.564497
vt 0.688388 0.642362
vt 0.688397 0.652091
vt 0.700311 0.604284
vt 0.700232 0.604284
vt 0.700296 0.604182
vt 0.700392 0.604288
vt 0.700392 0.604182
vt 0.700462 0.604209
vt 0.698687 0.604283
vt 0.698604 0.604283
vt 0.698662 0.604182
vt 0.698526 0.604235
vt 0.698460 0.604287
vt 0.698460 0.604182
vt 0.724721 0.565059
vt 0.724721 0.602963
vt 0.724409 0.602862
vt 0.724356 0.564890
vt 0.724030 0.603416
vt 0.713667 0.603382
vt 0.724216 0.603053
vt 0.713214 0.602716
vt 0.713211 0.564813
vt 0.713576 0.602883
vt 0.713877 0.564361
vt 0.724255 0.564392
vt 0.713711 0.564723
vt 0.724330 0.602986
vt 0.724289 0.564782
vt 0.713643 0.602991
vt 0.713603 0.564789
vt 0.693459 0.642006
vt 0.705775 0.653091
vt 0.666971 0.642061
vt 0.662338 0.642147
vt 0.662337 0.641732
vt 0.666974 0.641634
vt 0.666974 0.642454
vt 0.662315 0.642544
vt 0.721881 0.642909
vt 0.726458 0.642874
vt 0.726459 0.643274
vt 0.721882 0.643328
vt 0.721867 0.642490
vt 0.726466 0.642456
vt 0.751766 0.604317
vt 0.756331 0.604180
vt 0.756337 0.604579
vt 0.751770 0.604734
vt 0.751740 0.603897
vt 0.756326 0.603760
vt 0.697920 0.653021
vt 0.697902 0.653425
vt 0.693300 0.652604
vt 0.693327 0.652177
vt 0.697871 0.653846
vt 0.693283 0.653035
vt 0.662308 0.604646
vt 0.666945 0.604550
vt 0.726439 0.652738
vt 0.721861 0.653554
vt 0.756296 0.639389
vt 0.751729 0.639542
vt 0.693243 0.642843
vt 0.697816 0.642892
vt 0.662306 0.604228
vt 0.666942 0.604173
vt 0.693251 0.653396
vt 0.697831 0.654180
vt 0.726466 0.653120
vt 0.721864 0.653913
vt 0.666964 0.642740
vt 0.662304 0.642822
vt 0.756290 0.639757
vt 0.751725 0.639890
vt 0.721873 0.642146
vt 0.726449 0.642116
vt 0.693238 0.642492
vt 0.697809 0.642530
vt 0.751725 0.603548
vt 0.756289 0.603416
vt 0.766632 0.599724
vt 0.766629 0.599425
vt 0.771251 0.599569
vt 0.771256 0.599897
vt 0.766641 0.599990
vt 0.771280 0.600169
vt 0.676216 0.654428
vt 0.676214 0.654730
vt 0.671645 0.654685
vt 0.671644 0.654359
vt 0.676224 0.654162
vt 0.671650 0.654090
vt 0.688456 0.604668
vt 0.688452 0.604979
vt 0.683900 0.604944
vt 0.683901 0.604606
vt 0.688471 0.604418
vt 0.683913 0.604352
vt 0.743374 0.663774
vt 0.738794 0.664539
vt 0.738793 0.664214
vt 0.743369 0.663462
vt 0.743390 0.664046
vt 0.738784 0.664810
vt 0.771280 0.564802
vt 0.766658 0.564662
vt 0.671659 0.664002
vt 0.676230 0.664800
vt 0.683934 0.641978
vt 0.688486 0.642014
vt 0.738816 0.654043
vt 0.743390 0.654016
vt 0.771282 0.564539
vt 0.766657 0.564361
vt 0.743379 0.664257
vt 0.738799 0.665029
vt 0.671660 0.664275
vt 0.676234 0.665090
vt 0.771282 0.600386
vt 0.766658 0.600206
vt 0.683939 0.642272
vt 0.688493 0.642336
vt 0.671662 0.653871
vt 0.676234 0.653944
vt 0.743389 0.653731
vt 0.738813 0.653765
vt 0.683938 0.604173
vt 0.688493 0.604242
vt 0.688229 0.565029
vt 0.688274 0.564663
vt 0.688460 0.565148
vt 0.713098 0.603449
vt 0.712905 0.603901
vt 0.712677 0.603644
vt 0.712914 0.603375
vt 0.676079 0.564705
vt 0.675726 0.564648
vt 0.676215 0.564462
vt 0.701637 0.604068
vt 0.701172 0.603882
vt 0.701228 0.603529
vt 0.701694 0.603880
vt 0.675773 0.603521
vt 0.675718 0.603874
vt 0.675532 0.603391
vt 0.700994 0.565118
vt 0.701179 0.564651
vt 0.701533 0.564707
vt 0.701182 0.565172
vt 0.687782 0.603866
vt 0.687919 0.604099
vt 0.687508 0.604168
vt 0.688023 0.603642
vt 0.688279 0.603870
vt 0.713043 0.564872
vt 0.712674 0.564900
vt 0.712375 0.564662
vt 0.712533 0.564427
vt 0.712898 0.565154
vt 0.688452 0.603405
vt 0.688264 0.603362
vt 0.712407 0.603873
vt 0.712534 0.604117
vt 0.687483 0.564440
vt 0.687764 0.564666
vt 0.700987 0.603398
vt 0.675540 0.565115
vt 0.675728 0.565169
vt 0.701659 0.564467
vt 0.676187 0.604060
vt 0.676238 0.603872
vt 0.687914 0.564437
vt 0.688492 0.565022
vt 0.688556 0.565444
vt 0.688204 0.565433
vt 0.688157 0.565129
vt 0.713211 0.603131
vt 0.713143 0.603540
vt 0.712816 0.603407
vt 0.712863 0.603071
vt 0.688016 0.564899
vt 0.676088 0.564426
vt 0.676513 0.564361
vt 0.676502 0.564718
vt 0.676193 0.564765
vt 0.701935 0.604177
vt 0.701531 0.604111
vt 0.701663 0.603781
vt 0.701999 0.603826
vt 0.675964 0.564905
vt 0.701429 0.603644
vt 0.675495 0.603512
vt 0.675430 0.603087
vt 0.675787 0.603099
vt 0.675834 0.603407
vt 0.700884 0.565416
vt 0.700951 0.565011
vt 0.701280 0.565143
vt 0.701235 0.565478
vt 0.675975 0.603636
vt 0.701417 0.564908
vt 0.687453 0.603820
vt 0.687784 0.603775
vt 0.712436 0.564763
vt 0.712118 0.564719
vt 0.712911 0.564641
vt 0.713211 0.565450
vt 0.712858 0.565436
vt 0.688556 0.603119
vt 0.688208 0.603057
vt 0.712098 0.604182
vt 0.712124 0.603824
vt 0.687500 0.564364
vt 0.687447 0.564717
vt 0.697344 0.604565
vt 0.697373 0.604182
vt 0.697373 0.614948
vt 0.700884 0.603095
vt 0.701242 0.603108
vt 0.700925 0.641508
vt 0.700893 0.641925
vt 0.700893 0.604182
vt 0.675431 0.565412
vt 0.675783 0.565475
vt 0.688528 0.604585
vt 0.688556 0.604173
vt 0.688556 0.641931
vt 0.701949 0.564367
vt 0.712095 0.564361
vt 0.701972 0.564718
vt 0.697430 0.604596
vt 0.697458 0.604182
vt 0.697458 0.614260
vt 0.676500 0.604173
vt 0.676525 0.603814
vt 0.713145 0.565013
vt 0.712810 0.565132
vt 0.688492 0.603515
vt 0.688164 0.603402
vt 0.693238 0.653247
vt 0.712440 0.603780
vt 0.687782 0.564762
vt 0.700949 0.603520
vt 0.701289 0.603415
vt 0.675498 0.565008
vt 0.675827 0.565140
vt 0.701541 0.564428
vt 0.701646 0.564768
vt 0.676077 0.604103
vt 0.676209 0.603773
vt 0.701987 0.629771
vt 0.701979 0.615687
vt 0.702082 0.615698
vt 0.702090 0.629759
vt 0.750433 0.574652
vt 0.750433 0.614389
vt 0.750330 0.614377
vt 0.750330 0.574663
vt 0.702926 0.615687
vt 0.702929 0.629771
vt 0.702826 0.629759
vt 0.702822 0.615698
vt 0.750226 0.614389
vt 0.750226 0.574652
vt 0.703058 0.615682
vt 0.717624 0.615686
vt 0.717381 0.615929
vt 0.703301 0.615925
vt 0.717624 0.655906
vt 0.717381 0.655663
vt 0.703058 0.655903
vt 0.703300 0.655660
vt 0.701873 0.630278
vt 0.701869 0.615687
vt 0.701975 0.615697
vt 0.701979 0.630267
vt 0.750120 0.574652
vt 0.750120 0.614896
vt 0.750014 0.614885
vt 0.750014 0.574663
vt 0.701861 0.615687
vt 0.701869 0.630278
vt 0.701763 0.630268
vt 0.701755 0.615698
vt 0.750120 0.614896
vt 0.750120 0.574652
vt 0.750226 0.574662
vt 0.750226 0.614885
vt 0.687681 0.574652
vt 0.703058 0.574655
vt 0.702663 0.575050
vt 0.688076 0.575047
vt 0.703058 0.615687
vt 0.702664 0.615291
vt 0.687681 0.615683
vt 0.688077 0.615288
vt 0.717729 0.631140
vt 0.717720 0.615682
vt 0.717805 0.615719
vt 0.717813 0.631100
vt 0.749485 0.574652
vt 0.749485 0.615762
vt 0.749401 0.615726
vt 0.749401 0.574692
vt 0.717989 0.615682
vt 0.717993 0.631140
vt 0.717908 0.631104
vt 0.717904 0.615723
vt 0.749315 0.615762
vt 0.749315 0.574652
vt 0.749401 0.574688
vt 0.749401 0.615722
vt 0.717817 0.631112
vt 0.717813 0.615706
vt 0.717900 0.615682
vt 0.717904 0.631140
vt 0.749315 0.574680
vt 0.749315 0.615738
vt 0.749229 0.615762
vt 0.749228 0.574652
vt 0.717711 0.615710
vt 0.717720 0.631116
vt 0.717633 0.631140
vt 0.717624 0.615682
vt 0.749141 0.615734
vt 0.749141 0.574676
vt 0.749228 0.574652
vt 0.749228 0.615762
vt 0.687362 0.574969
vt 0.672597 0.574969
vt 0.672282 0.574652
vt 0.687680 0.574652
vt 0.672597 0.615394
vt 0.672283 0.615711
vt 0.687362 0.615394
vt 0.687681 0.615710
vt 0.702954 0.630484
vt 0.702951 0.615687
vt 0.702972 0.615699
vt 0.702975 0.630471
vt 0.749968 0.574652
vt 0.749968 0.615101
vt 0.749946 0.615089
vt 0.749946 0.574664
vt 0.702996 0.615687
vt 0.703005 0.630484
vt 0.702984 0.630471
vt 0.702975 0.615699
vt 0.749988 0.574664
vt 0.749988 0.615089
vt 0.718467 0.574690
vt 0.733754 0.574692
vt 0.733508 0.574940
vt 0.718715 0.574937
vt 0.733755 0.615634
vt 0.733508 0.615387
vt 0.718468 0.615631
vt 0.718715 0.615384
vt 0.718431 0.574652
vt 0.733783 0.574665
vt 0.733793 0.615671
vt 0.718431 0.615668
vt 0.718124 0.615690
vt 0.718149 0.631063
vt 0.718117 0.631045
vt 0.749736 0.615678
vt 0.749725 0.574669
vt 0.749757 0.574652
vt 0.718173 0.615682
vt 0.749785 0.615685
vt 0.718259 0.615682
vt 0.718268 0.631063
vt 0.718219 0.631055
vt 0.718210 0.615690
vt 0.749857 0.615685
vt 0.749857 0.574652
vt 0.749906 0.574659
vt 0.749906 0.615678
vt 0.718197 0.631056
vt 0.749805 0.574659
vt 0.718203 0.615700
vt 0.749827 0.615654
vt 0.718302 0.615715
vt 0.718298 0.631046
vt 0.749827 0.615668
vt 0.749827 0.574669
vt 0.749112 0.574688
vt 0.733829 0.574690
vt 0.733793 0.574652
vt 0.749141 0.574661
vt 0.733817 0.615646
vt 0.749113 0.615632
vt 0.749141 0.615660
vt 0.749036 0.574765
vt 0.733906 0.574765
vt 0.733906 0.615556
vt 0.749036 0.615556
vt 0.703009 0.630825
vt 0.703005 0.615687
vt 0.703025 0.615687
vt 0.703029 0.630825
vt 0.749946 0.574652
vt 0.749946 0.615443
vt 0.749926 0.615443
vt 0.749926 0.574652
vt 0.703049 0.615687
vt 0.703058 0.630825
vt 0.703038 0.630825
vt 0.703029 0.615687
vt 0.749906 0.615443
vt 0.749906 0.574652
vt 0.749926 0.615443
vt 0.703058 0.574652
vt 0.718431 0.574655
vt 0.718311 0.574775
vt 0.703177 0.574771
vt 0.718431 0.615682
vt 0.718311 0.615563
vt 0.703058 0.615679
vt 0.703177 0.615560
vt 0.718017 0.631063
vt 0.718013 0.615682
vt 0.718114 0.615684
vt 0.718117 0.631061
vt 0.749706 0.574652
vt 0.749706 0.615685
vt 0.749606 0.615683
vt 0.749606 0.574653
vt 0.718402 0.615682
vt 0.718411 0.631063
vt 0.718311 0.631061
vt 0.718302 0.615684
vt 0.749505 0.615685
vt 0.749505 0.574652
vt 0.749606 0.574654
vt 0.749606 0.615683
vt 0.717997 0.631046
vt 0.717993 0.615698
vt 0.749725 0.574668
vt 0.749725 0.615669
vt 0.718422 0.615699
vt 0.718431 0.631047
vt 0.749485 0.615669
vt 0.749485 0.574667
vt 0.748788 0.616005
vt 0.734138 0.616006
vt 0.733793 0.615661
vt 0.749133 0.615660
vt 0.734138 0.656316
vt 0.733794 0.656662
vt 0.748789 0.656316
vt 0.749134 0.656661
vt 0.702938 0.630338
vt 0.702929 0.615692
vt 0.702942 0.615687
vt 0.702951 0.630345
vt 0.750001 0.574658
vt 0.750001 0.614958
vt 0.749988 0.614962
vt 0.749988 0.574652
vt 0.701751 0.615693
vt 0.701755 0.630340
vt 0.701742 0.630345
vt 0.701738 0.615687
vt 0.750001 0.614956
vt 0.750001 0.574656
vt 0.750014 0.574652
vt 0.750014 0.614962
vt 0.732817 0.615925
vt 0.718683 0.615925
vt 0.718431 0.615673
vt 0.733070 0.615671
vt 0.718683 0.655719
vt 0.718433 0.655973
vt 0.732817 0.655719
vt 0.733072 0.655971
vt 0.732620 0.616119
vt 0.718877 0.616122
vt 0.718879 0.655525
vt 0.732623 0.655523
vt 0.732564 0.616179
vt 0.718938 0.616180
vt 0.718938 0.655465
vt 0.732564 0.655465
vt 0.702361 0.629331
vt 0.702353 0.615752
vt 0.702398 0.615725
vt 0.702406 0.629358
vt 0.750479 0.614079
vt 0.750479 0.653311
vt 0.750433 0.653338
vt 0.750433 0.614052
vt 0.702555 0.615752
vt 0.702559 0.629331
vt 0.702514 0.629358
vt 0.702510 0.615725
vt 0.750697 0.613949
vt 0.750697 0.574717
vt 0.750742 0.574690
vt 0.750742 0.613976
vt 0.702277 0.629330
vt 0.702269 0.615753
vt 0.750563 0.614080
vt 0.750563 0.653310
vt 0.702639 0.615753
vt 0.702643 0.629330
vt 0.750614 0.613948
vt 0.750613 0.574718
vt 0.702177 0.629353
vt 0.702169 0.615730
vt 0.750662 0.614057
vt 0.750662 0.653332
vt 0.702739 0.615731
vt 0.702743 0.629353
vt 0.750513 0.613970
vt 0.750513 0.574695
vt 0.702098 0.629396
vt 0.702090 0.615687
vt 0.750741 0.614014
vt 0.750741 0.653376
vt 0.702819 0.615687
vt 0.702822 0.629396
vt 0.750433 0.614014
vt 0.687818 0.615825
vt 0.701600 0.615827
vt 0.701563 0.615866
vt 0.687857 0.615863
vt 0.701601 0.655264
vt 0.701563 0.655226
vt 0.687819 0.655261
vt 0.687857 0.655223
vt 0.687681 0.615687
vt 0.701738 0.615690
vt 0.701738 0.655402
vt 0.687681 0.655398
vt 0.714703 0.678996
vt 0.711511 0.678986
vt 0.711516 0.678920
vt 0.714707 0.678930
vt 0.765873 0.646373
vt 0.769095 0.646433
vt 0.769097 0.646490
vt 0.765875 0.646430
vt 0.711349 0.646242
vt 0.708304 0.648367
vt 0.708267 0.626685
vt 0.708174 0.564993
vt 0.711363 0.564992
vt 0.711358 0.565057
vt 0.708169 0.565059
vt 0.765806 0.605987
vt 0.769000 0.605914
vt 0.769005 0.605982
vt 0.765810 0.606055
vt 0.765811 0.565065
vt 0.769005 0.564992
vt 0.765807 0.565125
vt 0.711511 0.564994
vt 0.714703 0.565004
vt 0.714707 0.565069
vt 0.773117 0.600283
vt 0.773091 0.600772
vt 0.769070 0.600847
vt 0.769104 0.600370
vt 0.775985 0.640724
vt 0.775972 0.641271
vt 0.769163 0.641138
vt 0.769246 0.640605
vt 0.758012 0.565546
vt 0.758039 0.565022
vt 0.764784 0.565058
vt 0.764687 0.565566
vt 0.757874 0.672442
vt 0.757847 0.672962
vt 0.751107 0.672950
vt 0.751143 0.672440
vt 0.750405 0.673162
vt 0.751026 0.672542
vt 0.750931 0.673061
vt 0.715393 0.565067
vt 0.714772 0.565687
vt 0.714868 0.565168
vt 0.750902 0.565190
vt 0.751006 0.565729
vt 0.750382 0.565095
vt 0.714874 0.673038
vt 0.714772 0.672513
vt 0.715393 0.673135
vt 0.708659 0.649293
vt 0.708097 0.649729
vt 0.708132 0.649321
vt 0.709052 0.648567
vt 0.711056 0.646958
vt 0.708240 0.648951
vt 0.760713 0.646297
vt 0.760317 0.645547
vt 0.766368 0.640482
vt 0.766460 0.640418
vt 0.766524 0.640465
vt 0.766415 0.640356
vt 0.765806 0.681696
vt 0.765873 0.681697
vt 0.765822 0.681764
vt 0.768650 0.681696
vt 0.768650 0.681789
vt 0.768579 0.681774
vt 0.768585 0.681697
vt 0.769070 0.603679
vt 0.769138 0.603628
vt 0.769142 0.603694
vt 0.771690 0.600913
vt 0.771694 0.600847
vt 0.771758 0.600854
vt 0.773132 0.568526
vt 0.773235 0.568550
vt 0.773186 0.568641
vt 0.775916 0.568464
vt 0.775851 0.568472
vt 0.775847 0.568403
vt 0.701966 0.678987
vt 0.701942 0.678934
vt 0.702018 0.678923
vt 0.708708 0.679004
vt 0.708647 0.679025
vt 0.708691 0.678940
vt 0.708868 0.648973
vt 0.708760 0.649336
vt 0.704907 0.676213
vt 0.704896 0.676147
vt 0.705444 0.675982
vt 0.765904 0.646571
vt 0.765840 0.646537
vt 0.765904 0.646490
vt 0.769378 0.648925
vt 0.769389 0.648990
vt 0.768841 0.649155
vt 0.669838 0.567767
vt 0.669848 0.567833
vt 0.669301 0.567997
vt 0.708030 0.565087
vt 0.708059 0.565021
vt 0.708097 0.565094
vt 0.705651 0.568559
vt 0.705585 0.568574
vt 0.705420 0.568026
vt 0.711441 0.678986
vt 0.711447 0.678916
vt 0.769163 0.646461
vt 0.769101 0.640582
vt 0.769163 0.640527
vt 0.769489 0.644078
vt 0.769226 0.644055
vt 0.771219 0.643749
vt 0.771003 0.643855
vt 0.758567 0.644299
vt 0.758352 0.644069
vt 0.759990 0.645378
vt 0.711433 0.564992
vt 0.711427 0.565061
vt 0.769070 0.605950
vt 0.769001 0.565052
vt 0.769070 0.565023
vt 0.711515 0.565059
vt 0.711447 0.565064
vt 0.711441 0.564992
vt 0.769166 0.565712
vt 0.769098 0.565713
vt 0.769070 0.565181
vt 0.764688 0.672446
vt 0.764756 0.672442
vt 0.764785 0.672953
vt 0.760767 0.672951
vt 0.760680 0.672982
vt 0.760671 0.672437
vt 0.760740 0.672434
vt 0.751200 0.565552
vt 0.751132 0.565555
vt 0.751102 0.565035
vt 0.773185 0.600288
vt 0.773177 0.600805
vt 0.769179 0.640606
vt 0.764756 0.565569
vt 0.775821 0.565019
vt 0.775907 0.564992
vt 0.775916 0.565558
vt 0.775847 0.565560
vt 0.757944 0.672430
vt 0.757933 0.672993
vt 0.757843 0.565022
vt 0.757929 0.564992
vt 0.757940 0.565540
vt 0.757874 0.565549
vt 0.776053 0.640723
vt 0.776057 0.641295
vt 0.775972 0.606162
vt 0.776057 0.606127
vt 0.776053 0.606622
vt 0.775985 0.606630
vt 0.757944 0.565542
vt 0.757953 0.564992
vt 0.768675 0.649703
vt 0.768610 0.649692
vt 0.708097 0.678919
vt 0.708061 0.678989
vt 0.708031 0.678923
vt 0.705614 0.675419
vt 0.705682 0.675426
vt 0.704872 0.567861
vt 0.704883 0.567793
vt 0.666647 0.565061
vt 0.666683 0.564992
vt 0.666715 0.565056
vt 0.669136 0.568545
vt 0.669070 0.568534
vt 0.751102 0.672550
vt 0.750417 0.673227
vt 0.714707 0.565676
vt 0.715375 0.564992
vt 0.751070 0.565710
vt 0.751092 0.642977
vt 0.751026 0.643072
vt 0.750394 0.565028
vt 0.715382 0.673207
vt 0.714707 0.672523
vt 0.669070 0.645946
vt 0.669136 0.645946
vt 0.669122 0.646346
vt 0.769163 0.646490
vt 0.769179 0.646429
vt 0.769492 0.646419
vt 0.769179 0.644135
vt 0.796172 0.646578
vt 0.795854 0.646572
vt 0.795863 0.646505
vt 0.796255 0.646515
vt 0.771313 0.643798
vt 0.771247 0.646167
vt 0.771003 0.646150
vt 0.771313 0.646093
vt 0.666703 0.647017
vt 0.666635 0.647092
vt 0.666656 0.646691
vt 0.669125 0.647064
vt 0.669060 0.647019
vt 0.669118 0.646702
vt 0.795497 0.646514
vt 0.795100 0.646568
vt 0.795100 0.646501
vt 0.711441 0.646000
vt 0.711405 0.646369
vt 0.711284 0.646721
vt 0.758019 0.643195
vt 0.757968 0.643361
vt 0.757944 0.642961
vt 0.758272 0.643888
vt 0.758091 0.643714
vt 0.760671 0.646721
vt 0.760613 0.646324
vt 0.760485 0.645953
vt 0.710993 0.647113
vt 0.709132 0.648588
vt 0.760297 0.645645
vt 0.751204 0.643224
vt 0.757874 0.643409
vt 0.769187 0.606508
vt 0.769163 0.606055
vt 0.765941 0.641301
vt 0.765806 0.571208
vt 0.765806 0.640364
vt 0.765837 0.606151
vt 0.765841 0.606055
vt 0.766384 0.606119
vt 0.708098 0.678982
vt 0.708201 0.585444
vt 0.702018 0.676210
vt 0.701959 0.676152
vt 0.795098 0.648925
vt 0.795098 0.648990
vt 0.708701 0.649731
vt 0.795872 0.648993
vt 0.795498 0.648979
vt 0.769089 0.600922
vt 0.666663 0.646336
vt 0.666657 0.645967
vt 0.796170 0.648934
vt 0.771748 0.603637
vt 0.708234 0.602640
vt 0.713206 0.585270
vt 0.764808 0.627291
vt 0.764785 0.564992
vt 0.765468 0.564995
vt 0.765464 0.627307
vt 0.766446 0.606122
vt 0.751135 0.642854
vt 0.712463 0.585272
vt 0.712463 0.647630
vt 0.713210 0.647627
vt 0.765468 0.564992
vt 0.765636 0.564996
vt 0.765633 0.627325
vt 0.765468 0.627329
vt 0.764948 0.628014
vt 0.764785 0.628010
vt 0.764786 0.627320
vt 0.764948 0.627309
vt 0.765806 0.627302
vt 0.765659 0.627301
vt 0.765638 0.564996
vt 0.765806 0.564992
vt 0.764953 0.628715
vt 0.764790 0.628703
vt 0.764807 0.628014
vt 0.764953 0.628014
vt 0.764785 0.627309
vt 0.712485 0.585287
vt 0.712484 0.647613
vt 0.713184 0.647614
vt 0.713183 0.585289
vt 0.765636 0.627294
vt 0.764785 0.628022
vt 0.771756 0.603691
vt 0.796184 0.649000
vt 0.769079 0.600850
vt 0.671641 0.642061
vt 0.667008 0.642146
vt 0.667008 0.641732
vt 0.671644 0.641634
vt 0.671644 0.642454
vt 0.666986 0.642543
vt 0.747460 0.642372
vt 0.752036 0.642337
vt 0.752038 0.642737
vt 0.747460 0.642791
vt 0.747446 0.641953
vt 0.752044 0.641919
vt 0.753407 0.565261
vt 0.757972 0.565124
vt 0.757977 0.565524
vt 0.753411 0.565678
vt 0.753380 0.564842
vt 0.757967 0.564705
vt 0.693238 0.653021
vt 0.693220 0.653425
vt 0.688618 0.652604
vt 0.688646 0.652177
vt 0.693189 0.653845
vt 0.688601 0.653035
vt 0.666982 0.604646
vt 0.671618 0.604550
vt 0.752017 0.652201
vt 0.747439 0.653017
vt 0.757936 0.600334
vt 0.753370 0.600486
vt 0.688561 0.642843
vt 0.693135 0.642892
vt 0.666980 0.604228
vt 0.671616 0.604173
vt 0.688569 0.653396
vt 0.693149 0.654180
vt 0.752044 0.652583
vt 0.747443 0.653375
vt 0.671634 0.642740
vt 0.666974 0.642821
vt 0.757931 0.600702
vt 0.753366 0.600835
vt 0.747451 0.641609
vt 0.752027 0.641579
vt 0.688556 0.642492
vt 0.693128 0.642530
vt 0.753366 0.564493
vt 0.757930 0.564361
vt 0.764991 0.638780
vt 0.764988 0.638480
vt 0.769610 0.638624
vt 0.769616 0.638952
vt 0.765000 0.639045
vt 0.769639 0.639224
vt 0.680806 0.654428
vt 0.680804 0.654730
vt 0.676235 0.654685
vt 0.676234 0.654359
vt 0.680814 0.654162
vt 0.676240 0.654090
vt 0.743341 0.603911
vt 0.743336 0.604222
vt 0.738784 0.604187
vt 0.738786 0.603849
vt 0.743356 0.603661
vt 0.738798 0.603595
vt 0.688382 0.663914
vt 0.683802 0.664679
vt 0.683801 0.664354
vt 0.688377 0.663602
vt 0.688397 0.664186
vt 0.683792 0.664949
vt 0.769640 0.603858
vt 0.765017 0.603717
vt 0.676249 0.664002
vt 0.680820 0.664800
vt 0.738819 0.641221
vt 0.743371 0.641257
vt 0.683823 0.654183
vt 0.688397 0.654156
vt 0.769642 0.603595
vt 0.765017 0.603416
vt 0.688386 0.664397
vt 0.683807 0.665169
vt 0.676250 0.664275
vt 0.680824 0.665090
vt 0.769642 0.639441
vt 0.765017 0.639261
vt 0.738824 0.641515
vt 0.743378 0.641579
vt 0.676252 0.653871
vt 0.680824 0.653944
vt 0.688397 0.653871
vt 0.683821 0.653904
vt 0.738822 0.603416
vt 0.743378 0.603485
vt 0.675103 0.565029
vt 0.675148 0.564663
vt 0.675333 0.565147
vt 0.700770 0.603449
vt 0.700577 0.603901
vt 0.700349 0.603644
vt 0.700585 0.603375
vt 0.662952 0.564705
vt 0.662600 0.564648
vt 0.663089 0.564462
vt 0.689309 0.604067
vt 0.688844 0.603882
vt 0.688900 0.603529
vt 0.689366 0.603880
vt 0.662647 0.603521
vt 0.662591 0.603874
vt 0.662406 0.603391
vt 0.688667 0.565118
vt 0.688852 0.564651
vt 0.689206 0.564706
vt 0.688855 0.565172
vt 0.674655 0.603866
vt 0.674792 0.604099
vt 0.674382 0.604168
vt 0.674896 0.603642
vt 0.675152 0.603870
vt 0.700716 0.564872
vt 0.700347 0.564900
vt 0.700048 0.564662
vt 0.700205 0.564427
vt 0.700571 0.565155
vt 0.675326 0.603407
vt 0.675138 0.603362
vt 0.700079 0.603873
vt 0.700206 0.604117
vt 0.674357 0.564440
vt 0.674637 0.564666
vt 0.688659 0.603398
vt 0.662414 0.565115
vt 0.662602 0.565169
vt 0.689331 0.564467
vt 0.663061 0.604060
vt 0.663112 0.603872
vt 0.674788 0.564437
vt 0.675365 0.565022
vt 0.675430 0.565444
vt 0.675077 0.565433
vt 0.675030 0.565129
vt 0.700883 0.603131
vt 0.700815 0.603540
vt 0.700488 0.603407
vt 0.700536 0.603071
vt 0.674890 0.564899
vt 0.662962 0.564426
vt 0.663387 0.564361
vt 0.663375 0.564718
vt 0.663067 0.564765
vt 0.689607 0.604177
vt 0.689203 0.604111
vt 0.689335 0.603781
vt 0.689671 0.603826
vt 0.662838 0.564905
vt 0.700493 0.604748
vt 0.700462 0.604518
vt 0.689101 0.603644
vt 0.662369 0.603512
vt 0.662304 0.603087
vt 0.662661 0.603099
vt 0.662708 0.603407
vt 0.688556 0.565415
vt 0.688623 0.565011
vt 0.688953 0.565143
vt 0.688908 0.565478
vt 0.662849 0.603636
vt 0.689090 0.564908
vt 0.674327 0.603820
vt 0.674658 0.603775
vt 0.700109 0.564763
vt 0.699790 0.564719
vt 0.700583 0.564641
vt 0.700884 0.565450
vt 0.700530 0.565436
vt 0.675430 0.603119
vt 0.675082 0.603057
vt 0.699770 0.604182
vt 0.699796 0.603824
vt 0.674374 0.564364
vt 0.674321 0.564717
vt 0.697373 0.604565
vt 0.697402 0.604182
vt 0.697402 0.614947
vt 0.688556 0.603095
vt 0.688914 0.603107
vt 0.700956 0.641508
vt 0.700925 0.641925
vt 0.700925 0.604182
vt 0.662304 0.565412
vt 0.662656 0.565475
vt 0.688499 0.604585
vt 0.688528 0.604173
vt 0.688528 0.641931
vt 0.689622 0.564367
vt 0.699768 0.564361
vt 0.689645 0.564717
vt 0.697402 0.604596
vt 0.697430 0.604182
vt 0.697430 0.614260
vt 0.663374 0.604173
vt 0.663399 0.603814
vt 0.700817 0.565013
vt 0.700482 0.565132
vt 0.675365 0.603515
vt 0.675038 0.603402
vt 0.688556 0.653247
vt 0.700112 0.603780
vt 0.674655 0.564762
vt 0.688621 0.603520
vt 0.698390 0.604357
vt 0.698238 0.604750
vt 0.698295 0.604445
vt 0.662371 0.565008
vt 0.662701 0.565140
vt 0.698238 0.604182
vt 0.689214 0.564428
vt 0.689319 0.564768
vt 0.662951 0.604103
vt 0.663083 0.603773
vt 0.855922 0.885571
vt 0.856180 0.886903
vt 0.855923 0.887176
vt 0.828335 0.903204
vt 0.838532 0.902838
vt 0.838545 0.903103
vt 0.828062 0.905184
vt 0.828051 0.903136
vt 0.828360 0.905938
vt 0.855927 0.888289
vt 0.856190 0.889026
vt 0.855936 0.889110
vt 0.855677 0.924569
vt 0.854393 0.924279
vt 0.855651 0.924279
vt 0.839662 0.899323
vt 0.838521 0.877820
vt 0.840756 0.877356
vt 0.851042 0.924653
vt 0.851768 0.924372
vt 0.851682 0.924662
vt 0.829037 0.898134
vt 0.831557 0.897634
vt 0.830957 0.899533
vt 0.829211 0.899567
vt 0.829621 0.900208
vt 0.829919 0.900914
vt 0.845935 0.888672
vt 0.845577 0.887790
vt 0.845918 0.887943
vt 0.845598 0.888750
vt 0.853048 0.935185
vt 0.852262 0.934861
vt 0.852948 0.934870
vt 0.851548 0.934851
vt 0.852351 0.935176
vt 0.851625 0.935167
vt 0.850907 0.934843
vt 0.835534 0.925051
vt 0.835875 0.924742
vt 0.836000 0.925058
vt 0.835018 0.924729
vt 0.835208 0.925045
vt 0.849363 0.902574
vt 0.849583 0.902835
vt 0.849369 0.902838
vt 0.839171 0.903204
vt 0.838945 0.902940
vt 0.839179 0.902938
vt 0.819826 0.868627
vt 0.819094 0.868540
vt 0.819849 0.868542
vt 0.842182 0.872560
vt 0.843056 0.869784
vt 0.844082 0.871138
vt 0.842640 0.870735
vt 0.828344 0.922693
vt 0.828050 0.923631
vt 0.828051 0.922592
vt 0.800528 0.869475
vt 0.801608 0.869168
vt 0.801528 0.869483
vt 0.839181 0.922695
vt 0.838863 0.923631
vt 0.838864 0.922590
vt 0.846251 0.899286
vt 0.845567 0.898775
vt 0.846017 0.898659
vt 0.828174 0.926159
vt 0.828130 0.927200
vt 0.828047 0.927200
vt 0.830548 0.930249
vt 0.830313 0.933658
vt 0.829005 0.932651
vt 0.834368 0.868337
vt 0.833071 0.871285
vt 0.832773 0.868414
vt 0.856179 0.871517
vt 0.855921 0.870840
vt 0.856189 0.869404
vt 0.855921 0.869303
vt 0.828359 0.906070
vt 0.828066 0.905953
vt 0.854393 0.935074
vt 0.855677 0.934760
vt 0.855651 0.935074
vt 0.796954 0.868758
vt 0.795868 0.982646
vt 0.795868 0.868758
vt 0.835832 0.935248
vt 0.835366 0.935240
vt 0.799134 0.971631
vt 0.800017 0.981829
vt 0.799087 0.981821
vt 0.849892 0.934829
vt 0.849808 0.924637
vt 0.850027 0.924640
vt 0.845909 0.887123
vt 0.849991 0.921561
vt 0.860019 0.923548
vt 0.850001 0.922381
vt 0.846289 0.892767
vt 0.846000 0.893493
vt 0.846204 0.892729
vt 0.838534 0.922600
vt 0.836244 0.910231
vt 0.838548 0.905969
vt 0.839174 0.902675
vt 0.838860 0.902742
vt 0.829201 0.890789
vt 0.829740 0.892830
vt 0.829286 0.893550
vt 0.832449 0.893983
vt 0.832000 0.893260
vt 0.832423 0.892608
vt 0.845112 0.877353
vt 0.845567 0.876637
vt 0.845541 0.878003
vt 0.842877 0.877818
vt 0.842355 0.879865
vt 0.842439 0.877120
vt 0.832256 0.896549
vt 0.831901 0.895841
vt 0.832401 0.895272
vt 0.829604 0.895926
vt 0.829236 0.894875
vt 0.829129 0.895833
vt 0.831561 0.899064
vt 0.831985 0.897775
vt 0.828943 0.896741
vt 0.828660 0.897730
vt 0.830096 0.901664
vt 0.830188 0.902233
vt 0.830957 0.900525
vt 0.803693 0.971663
vt 0.805353 0.971379
vt 0.805455 0.971674
vt 0.828703 0.899012
vt 0.842824 0.875729
vt 0.842285 0.874854
vt 0.842640 0.874271
vt 0.842390 0.875805
vt 0.845015 0.874791
vt 0.845520 0.875357
vt 0.845377 0.874091
vt 0.841821 0.872978
vt 0.842100 0.873956
vt 0.844675 0.873015
vt 0.845109 0.872877
vt 0.844690 0.871604
vt 0.841852 0.871694
vt 0.833437 0.898135
vt 0.832690 0.898623
vt 0.833061 0.897730
vt 0.844093 0.870163
vt 0.843332 0.868479
vt 0.843231 0.869036
vt 0.837161 0.902101
vt 0.837019 0.899442
vt 0.837456 0.899244
vt 0.829966 0.868337
vt 0.831070 0.870384
vt 0.830899 0.871167
vt 0.830302 0.868320
vt 0.843096 0.902150
vt 0.844200 0.900105
vt 0.843440 0.902169
vt 0.844020 0.899320
vt 0.806195 0.869513
vt 0.806692 0.868983
vt 0.806690 0.869517
vt 0.854624 0.900346
vt 0.854369 0.900561
vt 0.854334 0.900346
vt 0.850250 0.924643
vt 0.831353 0.871166
vt 0.835301 0.871168
vt 0.834141 0.892830
vt 0.841378 0.899449
vt 0.841814 0.899241
vt 0.838526 0.902574
vt 0.828343 0.902938
vt 0.828337 0.902675
vt 0.816861 0.879269
vt 0.816203 0.868318
vt 0.816861 0.869079
vt 0.807329 0.868755
vt 0.806643 0.879707
vt 0.806178 0.981870
vt 0.805730 0.971676
vt 0.806224 0.971680
vt 0.817559 0.868705
vt 0.816861 0.868546
vt 0.817576 0.868542
vt 0.806143 0.868667
vt 0.806139 0.868979
vt 0.817576 0.981955
vt 0.818309 0.981867
vt 0.818328 0.981953
vt 0.819072 0.981867
vt 0.819094 0.981953
vt 0.821238 0.868243
vt 0.821833 0.868556
vt 0.821240 0.868550
vt 0.818329 0.982261
vt 0.819826 0.981868
vt 0.819849 0.981955
vt 0.854431 0.924569
vt 0.854175 0.924354
vt 0.819848 0.868234
vt 0.820572 0.981958
vt 0.821219 0.981876
vt 0.821240 0.981963
vt 0.834087 0.894934
vt 0.836401 0.893260
vt 0.836302 0.895841
vt 0.821238 0.982270
vt 0.818329 0.868233
vt 0.818328 0.868540
vt 0.806094 0.869142
vt 0.817577 0.982266
vt 0.816861 0.981959
vt 0.826062 0.868908
vt 0.826780 0.868834
vt 0.826785 0.868937
vt 0.825306 0.868888
vt 0.825307 0.868991
vt 0.827453 0.868819
vt 0.828037 0.868712
vt 0.828047 0.868815
vt 0.790160 0.868692
vt 0.790808 0.868656
vt 0.790802 0.868758
vt 0.789610 0.868656
vt 0.789600 0.868758
vt 0.791507 0.868692
vt 0.792363 0.868656
vt 0.792361 0.868758
vt 0.812389 0.868677
vt 0.809972 0.868769
vt 0.809973 0.868667
vt 0.793451 0.982646
vt 0.792363 0.982748
vt 0.792361 0.982646
vt 0.797794 0.868692
vt 0.798469 0.868656
vt 0.798477 0.868758
vt 0.796951 0.868656
vt 0.815624 0.868259
vt 0.816211 0.868217
vt 0.799087 0.868692
vt 0.806697 0.868670
vt 0.808030 0.868693
vt 0.808885 0.868662
vt 0.808882 0.868764
vt 0.807336 0.868653
vt 0.796951 0.982748
vt 0.795867 0.982748
vt 0.793451 0.868758
vt 0.793452 0.868656
vt 0.814321 0.868721
vt 0.815000 0.868687
vt 0.815007 0.868789
vt 0.813474 0.868682
vt 0.813477 0.868784
vt 0.821838 0.868737
vt 0.822425 0.868771
vt 0.822417 0.868874
vt 0.815624 0.868724
vt 0.823074 0.868864
vt 0.823793 0.868866
vt 0.823789 0.868968
vt 0.824541 0.868924
vt 0.844115 0.925025
vt 0.845228 0.925677
vt 0.846071 0.926705
vt 0.839987 0.934780
vt 0.839862 0.933872
vt 0.840296 0.934380
vt 0.847390 0.901113
vt 0.847081 0.900350
vt 0.847622 0.900758
vt 0.841217 0.935626
vt 0.840814 0.934807
vt 0.841399 0.935138
vt 0.850719 0.889933
vt 0.851266 0.890596
vt 0.850618 0.890397
vt 0.844171 0.935876
vt 0.843379 0.935479
vt 0.844047 0.935363
vt 0.824547 0.868811
vt 0.823927 0.868284
vt 0.824592 0.868302
vt 0.838860 0.932764
vt 0.839525 0.933296
vt 0.839126 0.933568
vt 0.850881 0.901166
vt 0.850290 0.901736
vt 0.850217 0.901289
vt 0.792438 0.983268
vt 0.793454 0.982818
vt 0.793470 0.983268
vt 0.846138 0.891863
vt 0.846512 0.892127
vt 0.806208 0.982808
vt 0.806817 0.982743
vt 0.806836 0.982813
vt 0.846569 0.933289
vt 0.846605 0.934204
vt 0.846228 0.933864
vt 0.845538 0.935250
vt 0.844684 0.935135
vt 0.845271 0.934802
vt 0.839240 0.926118
vt 0.840035 0.925774
vt 0.839599 0.926284
vt 0.822712 0.868200
vt 0.821877 0.868626
vt 0.822199 0.868136
vt 0.853233 0.891508
vt 0.853239 0.892377
vt 0.852871 0.891809
vt 0.848609 0.890498
vt 0.849215 0.889877
vt 0.849270 0.890347
vt 0.842671 0.936007
vt 0.842035 0.935365
vt 0.842702 0.935480
vt 0.823098 0.868752
vt 0.823294 0.868249
vt 0.847416 0.891128
vt 0.847782 0.890338
vt 0.847985 0.890761
vt 0.849946 0.890313
vt 0.826049 0.868795
vt 0.825270 0.868303
vt 0.825939 0.868288
vt 0.845567 0.893368
vt 0.845794 0.892537
vt 0.801062 0.971646
vt 0.802286 0.971363
vt 0.802237 0.971654
vt 0.854129 0.894765
vt 0.853587 0.897146
vt 0.853672 0.894805
vt 0.853711 0.899078
vt 0.852979 0.899536
vt 0.853258 0.898928
vt 0.791668 0.983295
vt 0.792372 0.982818
vt 0.826579 0.868256
vt 0.848225 0.901067
vt 0.827695 0.868147
vt 0.827423 0.868707
vt 0.827170 0.868209
vt 0.852410 0.891313
vt 0.795867 0.868656
vt 0.846439 0.927837
vt 0.846771 0.931591
vt 0.843743 0.935274
vt 0.793454 0.868586
vt 0.795814 0.868137
vt 0.795862 0.868586
vt 0.792438 0.868136
vt 0.793470 0.868137
vt 0.818334 0.982359
vt 0.796842 0.868136
vt 0.840629 0.925440
vt 0.841804 0.924868
vt 0.839372 0.932234
vt 0.841219 0.934877
vt 0.846257 0.933548
vt 0.845196 0.934686
vt 0.846711 0.932630
vt 0.842444 0.935294
vt 0.842839 0.924787
vt 0.839568 0.926579
vt 0.839114 0.927498
vt 0.839058 0.928479
vt 0.839609 0.933248
vt 0.840214 0.934074
vt 0.816861 0.879876
vt 0.817559 0.879625
vt 0.817576 0.879872
vt 0.818328 0.970623
vt 0.819072 0.970787
vt 0.818309 0.970787
vt 0.817576 0.970625
vt 0.819849 0.970625
vt 0.820549 0.970792
vt 0.819826 0.970788
vt 0.819094 0.970623
vt 0.845252 0.912135
vt 0.844251 0.912077
vt 0.845190 0.911920
vt 0.821219 0.970797
vt 0.820572 0.970628
vt 0.821240 0.970633
vt 0.805628 0.971315
vt 0.806227 0.971073
vt 0.843246 0.868136
vt 0.843177 0.868905
vt 0.843007 0.869650
vt 0.805409 0.981865
vt 0.805579 0.982236
vt 0.805304 0.982181
vt 0.829872 0.901048
vt 0.830043 0.901795
vt 0.830106 0.902574
vt 0.829574 0.900342
vt 0.833046 0.899139
vt 0.833103 0.899012
vt 0.821219 0.868635
vt 0.820572 0.868545
vt 0.834839 0.935521
vt 0.834817 0.935231
vt 0.835040 0.935235
vt 0.828371 0.868413
vt 0.828217 0.871102
vt 0.828047 0.868430
vt 0.805674 0.971069
vt 0.806641 0.880314
vt 0.816861 0.971235
vt 0.817368 0.981421
vt 0.816861 0.981425
vt 0.842304 0.871001
vt 0.841792 0.871566
vt 0.842712 0.870356
vt 0.841780 0.924785
vt 0.841170 0.925064
vt 0.841143 0.925013
vt 0.807528 0.982817
vt 0.807511 0.982711
vt 0.815069 0.982848
vt 0.815624 0.982779
vt 0.815592 0.982849
vt 0.840851 0.934746
vt 0.841427 0.935071
vt 0.851240 0.890660
vt 0.850604 0.890465
vt 0.827423 0.981767
vt 0.826780 0.981756
vt 0.827453 0.981668
vt 0.828037 0.981634
vt 0.828009 0.981699
vt 0.842052 0.935294
vt 0.840556 0.925346
vt 0.840593 0.925392
vt 0.815589 0.868618
vt 0.814980 0.868617
vt 0.814301 0.868615
vt 0.839286 0.932559
vt 0.846568 0.892165
vt 0.797772 0.868585
vt 0.859220 0.925413
vt 0.858837 0.924678
vt 0.858923 0.924645
vt 0.846884 0.930884
vt 0.846845 0.931877
vt 0.846816 0.930868
vt 0.853938 0.898244
vt 0.847125 0.900303
vt 0.847670 0.900682
vt 0.838845 0.922486
vt 0.796939 0.982818
vt 0.795862 0.982818
vt 0.847457 0.891182
vt 0.844655 0.935068
vt 0.825303 0.868813
vt 0.815663 0.982376
vt 0.816211 0.982298
vt 0.816235 0.982369
vt 0.843125 0.924668
vt 0.842452 0.924726
vt 0.842448 0.924669
vt 0.851505 0.900903
vt 0.852032 0.900486
vt 0.852074 0.900536
vt 0.802751 0.869176
vt 0.802702 0.869491
vt 0.809976 0.868596
vt 0.808969 0.868140
vt 0.810000 0.868145
vt 0.849943 0.890382
vt 0.849278 0.890416
vt 0.839916 0.933826
vt 0.840343 0.934326
vt 0.819093 0.982264
vt 0.819090 0.982358
vt 0.821209 0.868146
vt 0.821831 0.868245
vt 0.848629 0.890563
vt 0.845744 0.934320
vt 0.845792 0.934374
vt 0.854042 0.897169
vt 0.853490 0.898171
vt 0.819836 0.982360
vt 0.819848 0.982262
vt 0.844428 0.925009
vt 0.843774 0.924838
vt 0.843792 0.924783
vt 0.819836 0.868138
vt 0.820571 0.868234
vt 0.821209 0.982368
vt 0.821831 0.982280
vt 0.821795 0.982374
vt 0.845232 0.934740
vt 0.839317 0.926879
vt 0.839258 0.926859
vt 0.816863 0.982272
vt 0.817591 0.982360
vt 0.816885 0.982364
vt 0.853650 0.893777
vt 0.853413 0.893032
vt 0.853501 0.892998
vt 0.853180 0.892411
vt 0.823098 0.981812
vt 0.822425 0.981692
vt 0.823074 0.981714
vt 0.846912 0.931895
vt 0.846801 0.932666
vt 0.839140 0.931557
vt 0.839010 0.929265
vt 0.839205 0.931530
vt 0.793452 0.982748
vt 0.846273 0.926856
vt 0.845909 0.926306
vt 0.845965 0.926276
vt 0.846477 0.927604
vt 0.846541 0.927590
vt 0.808365 0.982751
vt 0.808375 0.982822
vt 0.852570 0.900075
vt 0.852520 0.900033
vt 0.844974 0.925387
vt 0.844398 0.925061
vt 0.826763 0.868760
vt 0.826049 0.981855
vt 0.825306 0.981809
vt 0.826062 0.981758
vt 0.852364 0.891365
vt 0.826763 0.981820
vt 0.823793 0.981787
vt 0.823804 0.981851
vt 0.840081 0.925812
vt 0.839652 0.926313
vt 0.846173 0.933819
vt 0.799051 0.982818
vt 0.798469 0.982748
vt 0.799087 0.982712
vt 0.790193 0.868586
vt 0.845819 0.896857
vt 0.845906 0.897876
vt 0.845841 0.897888
vt 0.853604 0.894820
vt 0.812385 0.868607
vt 0.808894 0.868591
vt 0.853425 0.898155
vt 0.853519 0.897132
vt 0.839502 0.934212
vt 0.838980 0.928255
vt 0.839349 0.932529
vt 0.842707 0.935407
vt 0.843373 0.935406
vt 0.844029 0.935292
vt 0.846508 0.933253
vt 0.846620 0.928602
vt 0.845483 0.925806
vt 0.843118 0.924726
vt 0.838857 0.905077
vt 0.838547 0.905839
vt 0.838849 0.903030
vt 0.845902 0.869676
vt 0.845571 0.868168
vt 0.845902 0.868136
vt 0.845567 0.870275
vt 0.835418 0.908708
vt 0.836018 0.909406
vt 0.801016 0.981836
vt 0.800063 0.971638
vt 0.802656 0.879681
vt 0.801481 0.879673
vt 0.850576 0.924647
vt 0.850442 0.934837
vt 0.850017 0.923110
vt 0.860036 0.924277
vt 0.804158 0.869500
vt 0.804112 0.879690
vt 0.830718 0.910285
vt 0.830945 0.909456
vt 0.831547 0.908746
vt 0.809453 0.982655
vt 0.808363 0.982650
vt 0.832441 0.908280
vt 0.855953 0.889839
vt 0.816861 0.970629
vt 0.854129 0.890155
vt 0.854129 0.900346
vt 0.838699 0.902360
vt 0.838739 0.902151
vt 0.828261 0.928200
vt 0.828790 0.928948
vt 0.828583 0.929067
vt 0.817368 0.869075
vt 0.849381 0.903103
vt 0.839196 0.905939
vt 0.849383 0.905837
vt 0.828343 0.923733
vt 0.820549 0.981871
vt 0.838961 0.902324
vt 0.844479 0.899324
vt 0.834575 0.868174
vt 0.834704 0.868320
vt 0.836930 0.902259
vt 0.836850 0.902099
vt 0.849702 0.935197
vt 0.849673 0.934826
vt 0.823789 0.981688
vt 0.824541 0.981773
vt 0.828047 0.981534
vt 0.798477 0.982646
vt 0.797794 0.982712
vt 0.838915 0.928253
vt 0.839025 0.927484
vt 0.821240 0.879880
vt 0.803647 0.981854
vt 0.806811 0.982641
vt 0.791507 0.982712
vt 0.791523 0.982818
vt 0.801143 0.971355
vt 0.856876 0.925443
vt 0.856748 0.926314
vt 0.856644 0.925452
vt 0.814489 0.982675
vt 0.813801 0.982739
vt 0.834598 0.935227
vt 0.834985 0.925042
vt 0.828669 0.871285
vt 0.846190 0.911771
vt 0.845295 0.912237
vt 0.832438 0.912257
vt 0.833479 0.912413
vt 0.811864 0.982837
vt 0.809454 0.982757
vt 0.811871 0.982731
vt 0.856981 0.926313
vt 0.858919 0.925437
vt 0.859024 0.926308
vt 0.845567 0.885667
vt 0.845903 0.884404
vt 0.833483 0.908103
vt 0.834524 0.908260
vt 0.816203 0.982196
vt 0.846791 0.911061
vt 0.846912 0.910219
vt 0.847018 0.910231
vt 0.836016 0.911061
vt 0.835415 0.911770
vt 0.834521 0.912236
vt 0.828523 0.925266
vt 0.828261 0.926202
vt 0.844253 0.912314
vt 0.845996 0.911503
vt 0.846118 0.911701
vt 0.831689 0.936908
vt 0.831530 0.935882
vt 0.831707 0.935878
vt 0.829107 0.929636
vt 0.829274 0.929489
vt 0.841823 0.911060
vt 0.842506 0.911537
vt 0.842390 0.911738
vt 0.834318 0.868136
vt 0.828365 0.927200
vt 0.828478 0.928140
vt 0.843254 0.912155
vt 0.843312 0.911938
vt 0.843059 0.902358
vt 0.841519 0.902098
vt 0.853583 0.893792
vt 0.829060 0.929742
vt 0.819849 0.879872
vt 0.820549 0.879710
vt 0.820572 0.879875
vt 0.846792 0.909407
vt 0.846687 0.909424
vt 0.851853 0.890931
vt 0.851799 0.891019
vt 0.844253 0.912414
vt 0.849370 0.922598
vt 0.828523 0.929138
vt 0.828174 0.928242
vt 0.830944 0.911111
vt 0.831544 0.911808
vt 0.841718 0.911111
vt 0.842318 0.911809
vt 0.844249 0.911969
vt 0.845167 0.911811
vt 0.828481 0.927200
vt 0.828597 0.928119
vt 0.838386 0.874747
vt 0.840659 0.874793
vt 0.831519 0.934923
vt 0.831425 0.935883
vt 0.831408 0.934945
vt 0.828478 0.926262
vt 0.828896 0.928908
vt 0.858948 0.929729
vt 0.858754 0.928894
vt 0.858862 0.928857
vt 0.831519 0.936850
vt 0.831386 0.937640
vt 0.831408 0.936829
vt 0.828605 0.935880
vt 0.828597 0.926283
vt 0.830760 0.927194
vt 0.831175 0.928900
vt 0.858353 0.894623
vt 0.856415 0.893837
vt 0.858669 0.893835
vt 0.830870 0.928112
vt 0.855992 0.895541
vt 0.856105 0.894624
vt 0.805624 0.982711
vt 0.806176 0.982404
vt 0.806178 0.982717
vt 0.858832 0.929746
vt 0.855967 0.928940
vt 0.828594 0.934943
vt 0.828400 0.934166
vt 0.828566 0.934155
vt 0.830870 0.926278
vt 0.830902 0.927194
vt 0.856051 0.929791
vt 0.855916 0.930749
vt 0.855886 0.929798
vt 0.828594 0.936825
vt 0.828400 0.937624
vt 0.828429 0.936819
vt 0.855870 0.895541
vt 0.855981 0.894630
vt 0.831315 0.928889
vt 0.856048 0.931662
vt 0.855796 0.932391
vt 0.855882 0.931658
vt 0.855841 0.928343
vt 0.855803 0.928952
vt 0.855677 0.928359
vt 0.828439 0.935880
vt 0.828429 0.934949
vt 0.832620 0.927039
vt 0.832406 0.927926
vt 0.832342 0.927898
vt 0.859220 0.927200
vt 0.859233 0.926307
vt 0.859327 0.926307
vt 0.831379 0.928856
vt 0.831012 0.928106
vt 0.831082 0.928088
vt 0.858837 0.927933
vt 0.859128 0.927183
vt 0.859128 0.925431
vt 0.831784 0.929415
vt 0.831839 0.929372
vt 0.855880 0.899871
vt 0.855993 0.900605
vt 0.855908 0.900639
vt 0.828382 0.935881
vt 0.828371 0.934968
vt 0.855880 0.898036
vt 0.855993 0.897279
vt 0.855965 0.898053
vt 0.855707 0.934944
vt 0.855766 0.934015
vt 0.855796 0.934929
vt 0.830974 0.927194
vt 0.834131 0.927218
vt 0.834598 0.927955
vt 0.834520 0.927989
vt 0.791525 0.868585
vt 0.834131 0.925431
vt 0.834078 0.926322
vt 0.833990 0.926323
vt 0.831894 0.924668
vt 0.832355 0.925311
vt 0.831839 0.924703
vt 0.855955 0.898957
vt 0.855870 0.898958
vt 0.855709 0.933120
vt 0.855677 0.934011
vt 0.855965 0.899852
vt 0.856241 0.897290
vt 0.856213 0.898059
vt 0.856061 0.893072
vt 0.856166 0.892331
vt 0.856355 0.892326
vt 0.856203 0.898957
vt 0.858630 0.924689
vt 0.855999 0.936312
vt 0.856123 0.935729
vt 0.856244 0.936295
vt 0.856043 0.934921
vt 0.858630 0.927923
vt 0.858919 0.927177
vt 0.856213 0.899846
vt 0.818328 0.879870
vt 0.839179 0.923733
vt 0.856587 0.924695
vt 0.854431 0.934760
vt 0.854141 0.924569
vt 0.858378 0.892326
vt 0.856876 0.927183
vt 0.858733 0.898960
vt 0.858743 0.899849
vt 0.856358 0.927913
vt 0.856644 0.927175
vt 0.859006 0.898960
vt 0.859016 0.899840
vt 0.858743 0.898062
vt 0.858291 0.893056
vt 0.858084 0.893072
vt 0.859043 0.897309
vt 0.859016 0.898071
vt 0.856483 0.927149
vt 0.856424 0.926314
vt 0.856583 0.926314
vt 0.828520 0.932489
vt 0.828924 0.933161
vt 0.828768 0.933258
vt 0.856205 0.924759
vt 0.856483 0.925478
vt 0.828780 0.930839
vt 0.829370 0.930332
vt 0.828936 0.930929
vt 0.856331 0.925542
vt 0.859164 0.898958
vt 0.859174 0.899813
vt 0.855774 0.924277
vt 0.856075 0.924880
vt 0.855677 0.924434
vt 0.831195 0.930031
vt 0.830585 0.929917
vt 0.830567 0.929742
vt 0.858814 0.934867
vt 0.858948 0.933972
vt 0.858977 0.934845
vt 0.829882 0.929810
vt 0.829953 0.929980
vt 0.828639 0.930791
vt 0.829250 0.930191
vt 0.828696 0.931671
vt 0.828696 0.932452
vt 0.856075 0.927744
vt 0.856331 0.927084
vt 0.828371 0.932493
vt 0.829250 0.933827
vt 0.829370 0.933686
vt 0.846687 0.928591
vt 0.829039 0.931341
vt 0.829787 0.930376
vt 0.831165 0.933539
vt 0.830582 0.933890
vt 0.838404 0.870493
vt 0.837944 0.871001
vt 0.838352 0.870355
vt 0.831275 0.933034
vt 0.831839 0.932200
vt 0.831599 0.932941
vt 0.831165 0.930184
vt 0.831232 0.930620
vt 0.845905 0.886010
vt 0.800109 0.982143
vt 0.799191 0.982136
vt 0.838860 0.924557
vt 0.839177 0.924668
vt 0.802237 0.982158
vt 0.801094 0.982150
vt 0.803628 0.982167
vt 0.802191 0.981844
vt 0.853936 0.924569
vt 0.805684 0.981867
vt 0.849847 0.924277
vt 0.850058 0.924351
vt 0.838860 0.905847
vt 0.817368 0.879265
vt 0.799599 0.869468
vt 0.800623 0.869161
vt 0.812390 0.868779
vt 0.812958 0.982670
vt 0.837872 0.935281
vt 0.838860 0.935588
vt 0.837972 0.935574
vt 0.838552 0.935292
vt 0.832522 0.868275
vt 0.832748 0.868213
vt 0.838844 0.923524
vt 0.838532 0.923632
vt 0.835698 0.935536
vt 0.805818 0.869192
vt 0.805920 0.869511
vt 0.817368 0.971231
vt 0.806044 0.880063
vt 0.806149 0.879703
vt 0.821838 0.981805
vt 0.821833 0.981969
vt 0.849673 0.920108
vt 0.849986 0.918842
vt 0.849987 0.920448
vt 0.855870 0.900346
vt 0.854586 0.900637
vt 0.849670 0.905077
vt 0.849662 0.903030
vt 0.849683 0.922231
vt 0.836640 0.925069
vt 0.837453 0.924768
vt 0.837354 0.925081
vt 0.840318 0.873017
vt 0.837826 0.872563
vt 0.839726 0.871140
vt 0.837999 0.871136
vt 0.838700 0.869786
vt 0.853936 0.935197
vt 0.853628 0.934879
vt 0.800158 0.971348
vt 0.854586 0.889841
vt 0.855870 0.890155
vt 0.854624 0.890155
vt 0.850773 0.935155
vt 0.849916 0.935143
vt 0.850115 0.934832
vt 0.834320 0.900914
vt 0.833900 0.899964
vt 0.835358 0.899533
vt 0.828047 0.924556
vt 0.828340 0.924668
vt 0.799552 0.879658
vt 0.800574 0.879956
vt 0.799656 0.879949
vt 0.801559 0.879964
vt 0.800482 0.879666
vt 0.802702 0.879972
vt 0.804093 0.879981
vt 0.805769 0.879995
vt 0.849985 0.904112
vt 0.849673 0.904722
vt 0.849677 0.902609
vt 0.849985 0.902574
vt 0.849673 0.905847
vt 0.849385 0.905969
vt 0.852494 0.924382
vt 0.852396 0.924671
vt 0.821833 0.879886
vt 0.821833 0.970639
vt 0.854334 0.890155
vt 0.838529 0.924568
vt 0.805874 0.879702
vt 0.853083 0.924680
vt 0.841492 0.910286
vt 0.839195 0.906070
vt 0.852817 0.891852
vt 0.828126 0.902940
vt 0.828047 0.902741
vt 0.837997 0.879866
vt 0.838082 0.877122
vt 0.841209 0.876638
vt 0.841183 0.878009
vt 0.836850 0.893983
vt 0.836824 0.892604
vt 0.833603 0.890788
vt 0.833687 0.893550
vt 0.841163 0.875358
vt 0.841019 0.874093
vt 0.837927 0.874856
vt 0.838033 0.875807
vt 0.840751 0.872879
vt 0.840332 0.871606
vt 0.837464 0.872980
vt 0.837743 0.873958
vt 0.838875 0.869039
vt 0.839736 0.870164
vt 0.838975 0.868480
vt 0.837496 0.871697
vt 0.828289 0.898623
vt 0.833637 0.894875
vt 0.833531 0.895833
vt 0.833900 0.896405
vt 0.836657 0.896549
vt 0.836802 0.895273
vt 0.833344 0.896741
vt 0.835958 0.897634
vt 0.835962 0.899064
vt 0.836386 0.897776
vt 0.837097 0.872099
vt 0.834497 0.901664
vt 0.834589 0.902233
vt 0.835358 0.900525
vt 0.832619 0.871094
vt 0.832449 0.868430
vt 0.839840 0.900107
vt 0.839080 0.902170
vt 0.835472 0.870384
vt 0.820549 0.868631
vt 0.819072 0.879705
vt 0.819094 0.879870
vt 0.840120 0.899326
vt 0.832689 0.926126
vt 0.832619 0.926133
vt 0.849369 0.923632
vt 0.849366 0.924568
vt 0.817559 0.981791
vt 0.818309 0.868626
vt 0.854175 0.934993
vt 0.854141 0.934760
vt 0.843321 0.902323
vt 0.821838 0.868719
vt 0.805622 0.982399
vt 0.817577 0.868231
vt 0.816863 0.868233
vt 0.825307 0.981710
vt 0.826785 0.981657
vt 0.790160 0.982712
vt 0.789610 0.982748
vt 0.789600 0.982646
vt 0.790808 0.982748
vt 0.790802 0.982646
vt 0.796954 0.982646
vt 0.815624 0.982269
vt 0.812955 0.982772
vt 0.814481 0.982777
vt 0.815105 0.982742
vt 0.821838 0.981587
vt 0.822417 0.981593
vt 0.853063 0.899087
vt 0.852272 0.900175
vt 0.851192 0.900895
vt 0.849545 0.901350
vt 0.852115 0.890499
vt 0.846272 0.900105
vt 0.846642 0.899838
vt 0.796939 0.868586
vt 0.846719 0.926752
vt 0.819093 0.868229
vt 0.819090 0.868136
vt 0.820571 0.982269
vt 0.820550 0.982363
vt 0.790827 0.868586
vt 0.791662 0.868136
vt 0.792372 0.868586
vt 0.848785 0.901680
vt 0.848878 0.901239
vt 0.846594 0.891261
vt 0.846942 0.891609
vt 0.851723 0.901274
vt 0.852911 0.900351
vt 0.846986 0.933562
vt 0.797772 0.982819
vt 0.798448 0.982818
vt 0.847371 0.932024
vt 0.847246 0.932864
vt 0.812345 0.868156
vt 0.814133 0.868136
vt 0.813463 0.868612
vt 0.813373 0.868160
vt 0.845859 0.925542
vt 0.845531 0.925768
vt 0.853644 0.892142
vt 0.853938 0.892837
vt 0.853517 0.894027
vt 0.850319 0.890495
vt 0.853386 0.897861
vt 0.820550 0.868141
vt 0.848638 0.901060
vt 0.846909 0.899976
vt 0.846103 0.893809
vt 0.847817 0.891028
vt 0.852914 0.892122
vt 0.849021 0.890541
vt 0.849930 0.901203
vt 0.845972 0.897643
vt 0.846198 0.898832
vt 0.846853 0.891896
vt 0.817559 0.970870
vt 0.845904 0.894518
vt 0.845886 0.896848
vt 0.821838 0.879640
vt 0.834274 0.901047
vt 0.834445 0.901794
vt 0.834508 0.902574
vt 0.830173 0.868175
vt 0.838887 0.868136
vt 0.838817 0.868904
vt 0.838647 0.869649
vt 0.829161 0.899699
vt 0.828644 0.899139
vt 0.834626 0.935588
vt 0.841454 0.872098
vt 0.833563 0.899699
vt 0.833976 0.900342
vt 0.849546 0.901286
vt 0.848249 0.901008
vt 0.808048 0.868587
vt 0.807356 0.868583
vt 0.823804 0.868791
vt 0.789640 0.868586
vt 0.846310 0.899258
vt 0.815663 0.868153
vt 0.824547 0.981871
vt 0.822448 0.868697
vt 0.838943 0.929265
vt 0.805661 0.982804
vt 0.854104 0.893686
vt 0.812943 0.982842
vt 0.825303 0.981873
vt 0.851473 0.900846
vt 0.817591 0.868138
vt 0.816885 0.868142
vt 0.816235 0.868147
vt 0.818334 0.868136
vt 0.852922 0.899503
vt 0.796841 0.983268
vt 0.795814 0.983268
vt 0.821219 0.879715
vt 0.806728 0.868578
vt 0.806181 0.868574
vt 0.813781 0.982845
vt 0.790193 0.982818
vt 0.804142 0.869185
vt 0.845013 0.925341
vt 0.848016 0.890822
vt 0.814460 0.982847
vt 0.799051 0.868586
vt 0.798448 0.868586
vt 0.850860 0.901105
vt 0.790827 0.982818
vt 0.821838 0.970885
vt 0.809456 0.982827
vt 0.846065 0.893513
vt 0.845970 0.894536
vt 0.838875 0.905184
vt 0.838864 0.903136
vt 0.860294 0.903845
vt 0.860004 0.905280
vt 0.860003 0.903741
vt 0.860285 0.905951
vt 0.841720 0.909456
vt 0.842321 0.908746
vt 0.860006 0.921614
vt 0.860010 0.922727
vt 0.846192 0.908708
vt 0.845299 0.908260
vt 0.853936 0.934760
vt 0.859128 0.931718
vt 0.858979 0.930708
vt 0.859172 0.930724
vt 0.854217 0.900639
vt 0.849657 0.923525
vt 0.828120 0.868275
vt 0.828346 0.868213
vt 0.835754 0.871166
vt 0.841290 0.902259
vt 0.841209 0.902098
vt 0.838764 0.902835
vt 0.836472 0.935258
vt 0.837186 0.935270
vt 0.838040 0.925092
vt 0.819072 0.868626
vt 0.854024 0.935077
vt 0.860286 0.921343
vt 0.860004 0.920008
vt 0.843216 0.908281
vt 0.844257 0.908104
vt 0.841598 0.910272
vt 0.843212 0.912257
vt 0.831689 0.934859
vt 0.846685 0.911012
vt 0.846536 0.910864
vt 0.828790 0.925457
vt 0.829916 0.868136
vt 0.859132 0.929681
vt 0.829107 0.924774
vt 0.828583 0.925338
vt 0.846120 0.908753
vt 0.842544 0.911442
vt 0.843331 0.911829
vt 0.828896 0.925497
vt 0.845955 0.911408
vt 0.858869 0.930704
vt 0.858944 0.931645
vt 0.831386 0.934157
vt 0.831490 0.934116
vt 0.858747 0.932358
vt 0.858828 0.931619
vt 0.858353 0.896459
vt 0.856415 0.897245
vt 0.856105 0.896458
vt 0.858246 0.895541
vt 0.856082 0.930748
vt 0.855960 0.932400
vt 0.831175 0.925492
vt 0.828566 0.937635
vt 0.838841 0.924450
vt 0.856290 0.893848
vt 0.831315 0.925503
vt 0.831012 0.926283
vt 0.831379 0.925536
vt 0.831082 0.926301
vt 0.834598 0.924700
vt 0.834216 0.925448
vt 0.834216 0.927200
vt 0.818309 0.879705
vt 0.828371 0.936802
vt 0.855880 0.932435
vt 0.855797 0.933141
vt 0.855877 0.935742
vt 0.855790 0.935773
vt 0.855854 0.930745
vt 0.855825 0.929812
vt 0.831839 0.928591
vt 0.855821 0.931636
vt 0.831784 0.924982
vt 0.831839 0.925025
vt 0.855743 0.928982
vt 0.856462 0.891455
vt 0.856013 0.934012
vt 0.856166 0.890579
vt 0.856355 0.890585
vt 0.856241 0.900594
vt 0.856044 0.933144
vt 0.856126 0.932443
vt 0.858626 0.932400
vt 0.858542 0.934878
vt 0.858378 0.890585
vt 0.856061 0.889839
vt 0.858084 0.889839
vt 0.856587 0.927928
vt 0.858544 0.933101
vt 0.858688 0.891455
vt 0.858583 0.892317
vt 0.858485 0.891455
vt 0.856358 0.924711
vt 0.858897 0.932413
vt 0.858816 0.933107
vt 0.858785 0.933967
vt 0.858513 0.933969
vt 0.858744 0.936252
vt 0.858894 0.935667
vt 0.859014 0.936227
vt 0.858623 0.935686
vt 0.859043 0.900581
vt 0.858770 0.900597
vt 0.859057 0.932464
vt 0.858978 0.933137
vt 0.828520 0.931642
vt 0.859200 0.897357
vt 0.859174 0.898096
vt 0.803677 0.971372
vt 0.855774 0.928343
vt 0.856205 0.927865
vt 0.849658 0.922483
vt 0.830562 0.934048
vt 0.829950 0.933953
vt 0.859200 0.900532
vt 0.829878 0.934116
vt 0.859055 0.935621
vt 0.831646 0.931780
vt 0.829530 0.933402
vt 0.819826 0.879707
vt 0.831839 0.931418
vt 0.831611 0.930709
vt 0.837432 0.871566
vt 0.860296 0.923467
vt 0.849654 0.924450
vt 0.845963 0.889310
vt 0.850045 0.923748
vt 0.849704 0.923190
vt 0.806087 0.880309
vt 0.834806 0.924668
vt 0.838879 0.905953
vt 0.854369 0.889922
vt 0.837275 0.935562
vt 0.836549 0.935550
vt 0.850916 0.924361
vt 0.836727 0.924756
vt 0.849654 0.902635
vt 0.845861 0.899471
vt 0.846787 0.900658
vt 0.840564 0.935256
vt 0.851442 0.890155
vt 0.843426 0.936006
vt 0.851027 0.901568
vt 0.844882 0.935622
vt 0.839727 0.925549
vt 0.848478 0.890045
vt 0.841927 0.935879
vt 0.847147 0.890748
vt 0.849969 0.889839
vt 0.853367 0.899750
vt 0.848063 0.901458
vt 0.828009 0.868639
vt 0.852718 0.890954
vt 0.832449 0.898669
vt 0.821795 0.868152
vt 0.822448 0.981757
vt 0.837146 0.902310
vt 0.834766 0.925038
vt 0.841967 0.910909
vt 0.841505 0.902309
vt 0.842392 0.908790
vt 0.831490 0.937680
vt 0.832690 0.927049
vt 0.858923 0.927966
vt 0.855908 0.897247
vt 0.832420 0.925287
vt 0.855870 0.893083
vt 0.858770 0.897293
vt 0.829124 0.930123
vt 0.828626 0.933286
vt 0.854024 0.924277
vt 0.799705 0.869154
vt 0.855844 0.900637
vt 0.799240 0.971340
vt 0.855844 0.889841
vt 0.849535 0.901774
vt 0.814748 0.868164
vt 0.791038 0.868136
vt 0.852358 0.900865
vt 0.846118 0.934773
vt 0.846344 0.926110
vt 0.838860 0.926760
vt 0.828047 0.898670
vt 0.841209 0.872050
vt 0.789640 0.982818
vt 0.829274 0.924920
vt 0.829060 0.924668
vt 0.841825 0.909472
vt 0.858855 0.932400
vt 0.858669 0.897247
vt 0.834520 0.924668
vt 0.855793 0.932400
vt 0.831894 0.928632
vt 0.856273 0.891455
vt 0.858583 0.890594
vt 0.855981 0.896452
vt 0.828371 0.931620
vt 0.855677 0.928186
vt 0.845627 0.889398
vt 0.849732 0.923839
vt 0.838841 0.902635
vt 0.854217 0.889839
vt 0.836850 0.872050
s 1
f 48/1/1 1/2/2 75/3/3
f 75/3/3 40/4/4 48/1/1
f 50/5/5 2/6/6 5/7/7
f 5/7/7 43/8/8 50/5/5
f 52/9/9 3/10/10 6/11/11
f 6/11/11 45/12/12 52/9/9
f 7/13/13 4/14/14 78/15/15
f 78/15/15 73/16/16 7/13/13
f 76/17/17 38/18/18 74/19/19
f 74/19/19 77/20/20 76/17/17
f 16/21/21 65/22/22 17/23/23
f 17/23/23 71/24/24 16/21/21
f 112/25/25 115/26/26 87/27/27
f 87/27/27 85/28/28 112/25/25
f 115/26/26 118/29/29 90/30/30
f 90/30/30 88/31/31 115/26/26
f 118/29/29 121/32/32 93/33/33
f 93/33/33 91/34/34 118/29/29
f 121/32/32 112/25/25 84/35/35
f 84/35/35 94/36/36 121/32/32
f 8/37/37 11/38/38 96/39/39
f 96/39/39 61/40/40 8/37/37
f 10/41/41 13/42/42 97/43/43
f 97/43/43 64/44/44 10/41/41
f 12/45/45 15/46/46 98/47/47
f 98/47/47 67/48/48 12/45/45
f 14/49/49 9/50/50 95/51/51
f 95/51/51 70/52/52 14/49/49
f 79/53/53 47/54/54 115/26/26
f 115/26/26 112/25/25 79/53/53
f 1/2/2 36/55/55 75/3/3
f 80/56/56 49/57/57 118/58/29
f 118/58/29 115/59/26 80/56/56
f 81/60/58 51/61/59 121/32/32
f 121/32/32 118/29/29 81/60/58
f 82/62/60 46/63/61 112/25/25
f 112/25/25 121/32/32 82/62/60
f 83/64/62 56/65/63 11/38/38
f 11/38/38 8/37/37 83/64/62
f 86/66/64 58/67/65 13/42/42
f 13/42/42 10/41/41 86/66/64
f 89/68/66 60/69/67 15/46/46
f 15/46/46 12/45/45 89/68/66
f 92/70/68 54/71/69 9/72/50
f 9/72/50 14/73/49 92/70/68
f 65/22/22 68/74/70 17/23/23
f 71/24/24 62/75/71 16/21/21
f 9/72/50 63/76/72 95/77/51
f 11/38/38 66/78/73 96/39/39
f 13/42/42 69/79/74 97/43/43
f 15/46/46 72/80/75 98/47/47
f 74/19/19 37/81/76 101/82/77
f 5/83/7 39/84/78 102/85/79
f 6/11/11 42/86/80 105/87/81
f 26/88/82 18/89/83 7/90/13
f 7/90/13 113/91/84 26/88/82
f 27/92/85 19/93/86 48/94/1
f 48/94/1 116/95/87 27/92/85
f 28/96/88 20/97/89 50/98/5
f 50/98/5 119/99/90 28/96/88
f 29/100/91 21/101/92 52/102/9
f 52/102/9 122/103/93 29/100/91
f 124/104/94 9/72/50 54/71/69
f 30/105/95 22/106/96 84/35/35
f 84/35/35 53/107/97 30/105/95
f 126/108/98 11/38/38 56/65/63
f 31/109/99 23/110/100 87/27/27
f 87/27/27 55/111/101 31/109/99
f 128/112/102 13/42/42 58/67/65
f 32/113/103 24/114/104 90/30/30
f 90/30/30 57/115/105 32/113/103
f 130/116/106 15/46/46 60/69/67
f 33/117/107 25/118/108 93/33/33
f 93/33/33 59/119/109 33/117/107
f 16/21/21 62/75/71 131/120/110
f 95/77/51 63/76/72 132/121/111
f 96/39/39 66/78/73 134/122/112
f 17/23/23 68/74/70 135/123/113
f 97/43/43 69/79/74 137/124/114
f 98/47/47 72/80/75 140/125/115
f 37/81/76 38/18/18 103/126/116
f 103/126/116 100/127/117 37/81/76
f 39/84/78 2/128/6 116/129/87
f 116/129/87 104/130/118 39/84/78
f 1/2/2 48/1/1 19/131/86
f 19/131/86 111/132/119 1/2/2
f 7/90/13 73/133/16 99/134/120
f 99/134/120 113/91/84 7/90/13
f 38/18/18 76/17/17 106/135/121
f 106/135/121 102/136/79 38/18/18
f 42/86/80 3/10/10 119/137/90
f 119/137/90 107/138/122 42/86/80
f 2/139/6 50/98/5 20/97/89
f 20/97/89 114/140/123 2/139/6
f 41/141/124 77/20/20 110/142/125
f 110/142/125 105/143/81 41/141/124
f 44/144/126 4/14/14 122/145/93
f 122/103/93 108/146/127 44/147/126
f 3/10/10 52/9/9 21/148/92
f 21/148/92 117/149/128 3/10/10
f 77/20/20 74/19/19 101/82/77
f 101/82/77 109/150/129 77/20/20
f 4/151/14 7/90/13 18/89/83
f 18/89/83 120/152/130 4/151/14
f 53/107/97 87/27/27 23/110/100
f 23/110/100 123/153/131 53/107/97
f 55/111/101 90/30/30 24/114/104
f 24/114/104 125/154/132 55/111/101
f 57/115/105 93/33/33 25/118/108
f 25/118/108 127/155/133 57/115/105
f 59/119/109 84/35/35 22/106/96
f 22/106/96 129/156/134 59/119/109
f 61/40/40 96/39/39 134/122/112
f 134/122/112 131/157/110 61/40/40
f 64/44/44 97/43/43 137/124/114
f 137/124/114 133/158/135 64/44/44
f 67/48/48 98/47/47 140/125/115
f 140/125/115 135/159/113 67/48/48
f 70/52/52 95/51/51 132/160/111
f 132/160/111 138/161/136 70/52/52
f 8/162/37 61/163/40 34/164/137
f 34/164/137 124/165/94 8/162/37
f 10/166/41 64/167/44 35/168/138
f 35/168/138 126/169/98 10/166/41
f 12/170/45 67/171/48 136/172/139
f 136/172/139 128/173/102 12/170/45
f 14/73/49 70/174/52 139/175/140
f 139/175/140 130/176/106 14/73/49
f 101/177/77 100/178/117 36/55/55
f 36/55/55 99/179/120 101/177/77
f 75/3/3 36/55/55 100/178/117
f 102/136/79 103/126/116 38/18/18
f 105/143/81 106/135/121 41/141/124
f 76/17/17 41/141/124 106/135/121
f 108/146/127 109/180/129 44/147/126
f 78/15/15 44/144/126 109/181/129
f 26/182/82 113/183/84 1/2/2
f 1/2/2 111/132/119 26/182/82
f 27/184/85 116/185/87 2/139/6
f 2/139/6 114/140/123 27/184/85
f 28/186/88 119/137/90 3/10/10
f 3/10/10 117/149/128 28/186/88
f 29/187/91 122/188/93 4/151/14
f 4/151/14 120/152/130 29/187/91
f 53/107/97 123/153/131 30/105/95
f 55/111/101 125/154/132 31/109/99
f 57/115/105 127/155/133 32/113/103
f 59/119/109 129/156/134 33/117/107
f 61/163/40 131/189/110 34/164/137
f 64/167/44 133/190/135 35/168/138
f 135/191/113 136/172/139 67/171/48
f 138/192/136 139/175/140 70/174/52
f 101/193/77 99/134/120 73/133/16
f 37/81/76 100/127/117 101/82/77
f 39/84/78 104/130/118 102/85/79
f 40/194/4 103/195/116 102/196/79
f 102/197/79 104/198/118 40/199/4
f 42/86/80 107/138/122 105/87/81
f 43/8/8 106/200/121 105/201/81
f 105/202/81 107/203/122 43/204/8
f 45/205/12 110/206/125 108/146/127
f 77/20/20 109/150/129 108/207/127
f 108/207/127 110/142/125 77/20/20
f 112/25/25 26/208/82 111/209/119
f 111/209/119 79/53/53 112/25/25
f 18/210/83 26/208/82 112/25/25
f 112/25/25 46/63/61 18/210/83
f 115/59/26 27/211/85 114/212/123
f 114/212/123 80/56/56 115/59/26
f 19/213/86 27/211/85 115/59/26
f 115/59/26 47/214/54 19/213/86
f 118/58/29 28/215/88 117/216/128
f 117/216/128 81/217/58 118/58/29
f 20/218/89 28/215/88 118/58/29
f 118/58/29 49/57/57 20/218/89
f 121/32/32 29/219/91 120/220/130
f 120/220/130 82/62/60 121/32/32
f 21/221/92 29/219/91 121/32/32
f 121/32/32 51/61/59 21/221/92
f 83/222/62 8/162/37 124/165/94
f 124/165/94 30/223/95 123/224/131
f 123/224/131 83/222/62 124/165/94
f 22/225/96 30/226/95 124/104/94
f 124/104/94 54/71/69 22/225/96
f 84/35/35 85/28/28 53/107/97
f 86/227/64 10/166/41 126/169/98
f 126/169/98 31/228/99 125/229/132
f 125/229/132 86/227/64 126/169/98
f 23/230/100 31/231/99 126/108/98
f 126/108/98 56/65/63 23/230/100
f 87/27/27 88/31/31 55/111/101
f 89/232/66 12/170/45 128/173/102
f 128/173/102 32/233/103 127/234/133
f 127/234/133 89/232/66 128/173/102
f 24/235/104 32/236/103 128/112/102
f 128/112/102 58/67/65 24/235/104
f 90/30/30 91/34/34 57/115/105
f 92/70/68 14/73/49 130/176/106
f 130/176/106 33/237/107 129/238/134
f 129/238/134 92/70/68 130/176/106
f 25/239/108 33/240/107 130/116/106
f 130/116/106 60/69/67 25/239/108
f 93/33/33 94/36/36 59/119/109
f 62/75/71 132/241/111 34/242/137
f 34/243/137 131/244/110 62/245/71
f 34/246/137 132/121/111 63/76/72
f 65/22/22 134/247/112 35/248/138
f 35/249/138 133/250/135 65/243/22
f 35/251/138 134/122/112 66/78/73
f 68/74/70 137/252/114 135/123/113
f 69/79/74 136/253/139 135/254/113
f 135/254/113 137/124/114 69/79/74
f 71/24/24 140/255/115 138/256/136
f 72/80/75 139/257/140 138/258/136
f 138/259/136 140/260/115 72/261/75
f 100/178/117 103/262/116 40/4/4
f 40/4/4 75/3/3 100/178/117
f 104/263/118 116/95/87 48/94/1
f 48/94/1 40/264/4 104/263/118
f 111/209/119 19/265/86 47/54/54
f 47/54/54 79/53/53 111/209/119
f 113/183/84 99/179/120 36/55/55
f 36/55/55 1/2/2 113/183/84
f 102/266/79 106/200/121 43/8/8
f 43/8/8 5/7/7 102/266/79
f 107/267/122 119/268/90 50/5/5
f 50/5/5 43/8/8 107/267/122
f 114/212/123 20/218/89 49/57/57
f 49/57/57 80/56/56 114/212/123
f 105/87/81 110/269/125 45/12/12
f 45/12/12 6/11/11 105/87/81
f 108/146/127 122/103/93 52/102/9
f 52/102/9 45/205/12 108/146/127
f 117/270/128 21/221/92 51/61/59
f 51/61/59 81/60/58 117/270/128
f 109/181/129 101/271/77 73/16/16
f 73/16/16 78/15/15 109/181/129
f 120/220/130 18/210/83 46/63/61
f 46/63/61 82/62/60 120/220/130
f 123/272/131 23/230/100 56/65/63
f 56/65/63 83/64/62 123/272/131
f 125/273/132 24/235/104 58/67/65
f 58/67/65 86/66/64 125/273/132
f 127/274/133 25/239/108 60/69/67
f 60/69/67 89/68/66 127/274/133
f 129/238/134 22/225/96 54/71/69
f 54/71/69 92/70/68 129/238/134
f 85/28/28 84/35/35 112/25/25
f 88/31/31 87/27/27 115/26/26
f 91/34/34 90/30/30 118/29/29
f 94/36/36 93/33/33 121/32/32
f 131/120/110 134/247/112 65/22/22
f 65/22/22 16/21/21 131/120/110
f 133/275/135 137/252/114 68/74/70
f 68/74/70 65/22/22 133/275/135
f 135/123/113 140/255/115 71/24/24
f 71/24/24 17/23/23 135/123/113
f 138/256/136 132/241/111 62/75/71
f 62/75/71 71/24/24 138/256/136
f 124/104/94 34/246/137 63/76/72
f 63/76/72 9/72/50 124/104/94
f 126/108/98 35/251/138 66/78/73
f 66/78/73 11/38/38 126/108/98
f 128/112/102 136/253/139 69/79/74
f 69/79/74 13/42/42 128/112/102
f 130/116/106 139/257/140 72/80/75
f 72/80/75 15/46/46 130/116/106
f 38/18/18 37/81/76 74/19/19
f 2/128/6 39/84/78 5/83/7
f 3/10/10 42/86/80 6/11/11
f 77/20/20 41/141/124 76/17/17
f 4/14/14 44/144/126 78/15/15
f 87/27/27 53/107/97 85/28/28
f 90/30/30 55/111/101 88/31/31
f 93/33/33 57/115/105 91/34/34
f 84/35/35 59/119/109 94/36/36
f 142/276/141 143/277/142 144/278/143
f 144/278/143 141/279/144 142/276/141
f 146/280/145 147/281/146 148/282/147
f 148/282/147 145/283/148 146/280/145
f 144/278/143 155/284/149 156/285/150
f 156/285/150 157/286/151 144/278/143
f 157/286/151 156/285/150 158/287/152
f 159/288/153 156/285/150 155/284/149
f 156/285/150 159/288/153 160/289/154
f 160/289/154 158/287/152 156/285/150
f 141/279/144 161/290/155 162/291/156
f 162/291/156 163/292/157 141/279/144
f 163/292/157 162/291/156 164/293/158
f 165/294/159 162/291/156 161/290/155
f 162/291/156 165/294/159 166/295/160
f 166/295/160 164/293/158 162/291/156
f 142/276/141 167/296/161 168/297/162
f 168/297/162 169/298/163 142/276/141
f 169/298/163 168/297/162 170/299/164
f 171/300/165 168/297/162 167/296/161
f 168/297/162 171/300/165 172/301/166
f 172/301/166 170/299/164 168/297/162
f 143/277/142 173/302/167 174/303/168
f 174/303/168 175/304/169 143/277/142
f 175/304/169 174/303/168 176/305/170
f 177/306/171 174/303/168 173/302/167
f 174/303/168 177/306/171 178/307/172
f 178/307/172 176/305/170 174/303/168
f 148/282/147 179/308/173 180/309/174
f 180/309/174 181/310/175 148/282/147
f 181/310/175 180/309/174 159/311/153
f 179/312/173 182/313/176 183/314/177
f 183/314/177 180/315/174 179/312/173
f 180/315/174 183/314/177 160/316/154
f 160/317/154 159/311/153 180/309/174
f 145/283/148 184/318/178 185/319/179
f 185/319/179 186/320/180 145/283/148
f 186/320/180 185/319/179 187/321/181
f 187/321/181 188/322/182 186/320/180
f 176/323/170 185/319/179 184/318/178
f 185/319/179 176/323/170 178/324/172
f 178/324/172 187/321/181 185/319/179
f 150/325/183 189/326/184 190/327/185
f 190/327/185 191/328/186 150/325/183
f 191/328/186 190/327/185 177/329/171
f 189/330/184 188/322/182 187/321/181
f 187/331/181 190/327/185 189/326/184
f 190/332/185 187/321/181 178/324/172
f 178/333/172 177/329/171 190/327/185
f 149/334/187 192/335/188 193/336/189
f 193/336/189 194/337/190 149/334/187
f 194/337/190 193/336/189 195/338/191
f 170/339/164 193/336/189 192/335/188
f 193/336/189 170/339/164 172/340/166
f 172/340/166 195/338/191 193/336/189
f 152/341/192 220/342/193 196/343/194
f 196/343/194 197/344/195 152/341/192
f 197/344/195 196/343/194 171/345/165
f 195/338/191 196/346/194 220/347/193
f 196/346/194 195/338/191 172/340/166
f 172/340/166 171/348/165 196/346/194
f 151/349/196 198/350/197 199/351/198
f 199/351/198 200/352/199 151/349/196
f 200/352/199 199/351/198 201/353/200
f 164/354/158 199/351/198 198/350/197
f 199/351/198 164/354/158 166/355/160
f 166/355/160 201/353/200 199/351/198
f 154/356/201 224/357/202 202/358/203
f 202/358/203 203/359/204 154/356/201
f 203/359/204 202/358/203 165/360/159
f 201/353/200 202/361/203 224/362/202
f 202/361/203 201/353/200 166/355/160
f 166/355/160 165/363/159 202/361/203
f 153/364/205 204/365/206 205/366/207
f 205/366/207 206/367/208 153/364/205
f 206/367/208 205/366/207 183/314/177
f 183/314/177 182/313/176 206/367/208
f 158/368/152 205/366/207 204/365/206
f 205/366/207 158/368/152 160/316/154
f 160/316/154 183/314/177 205/366/207
f 144/278/143 157/286/151 161/290/155
f 161/290/155 141/279/144 144/278/143
f 157/286/151 158/287/152 165/294/159
f 165/294/159 161/290/155 157/286/151
f 141/279/144 163/292/157 167/296/161
f 167/296/161 142/276/141 141/279/144
f 163/292/157 164/293/158 171/300/165
f 171/300/165 167/296/161 163/292/157
f 142/276/141 169/298/163 173/302/167
f 173/302/167 143/277/142 142/276/141
f 169/298/163 170/299/164 177/306/171
f 177/306/171 173/302/167 169/298/163
f 143/277/142 175/304/169 155/284/149
f 155/284/149 144/278/143 143/277/142
f 175/304/169 176/305/170 159/288/153
f 159/288/153 155/284/149 175/304/169
f 148/282/147 181/310/175 184/318/178
f 184/318/178 145/283/148 148/282/147
f 181/310/175 159/311/153 176/323/170
f 176/323/170 184/318/178 181/310/175
f 147/281/146 210/369/209 179/308/173
f 179/308/173 148/282/147 147/281/146
f 210/370/209 211/371/210 182/313/176
f 182/313/176 179/312/173 210/370/209
f 150/325/183 191/328/186 192/335/188
f 192/335/188 149/334/187 150/325/183
f 191/328/186 177/329/171 170/339/164
f 170/339/164 192/335/188 191/328/186
f 215/372/211 189/326/184 150/325/183
f 189/330/184 215/373/211 216/374/212
f 216/374/212 188/322/182 189/330/184
f 152/341/192 197/344/195 198/350/197
f 198/350/197 151/349/196 152/341/192
f 197/344/195 171/345/165 164/354/158
f 164/354/158 198/350/197 197/344/195
f 154/356/201 203/359/204 204/365/206
f 204/365/206 153/364/205 154/356/201
f 203/359/204 165/360/159 158/368/152
f 158/368/152 204/365/206 203/359/204
f 243/375/213 226/376/214 234/377/215
f 234/377/215 225/378/216 243/375/213
f 227/379/217 228/380/218 251/381/219
f 251/381/219 269/382/220 227/379/217
f 271/383/221 229/384/222 259/385/223
f 259/385/223 257/386/224 271/383/221
f 230/387/225 231/388/226 262/389/227
f 262/389/227 272/390/228 230/387/225
f 232/391/229 233/392/230 266/393/231
f 266/393/231 273/394/232 232/391/229
f 234/377/215 235/395/233 237/396/234
f 238/397/235 237/396/234 235/395/233
f 235/395/233 236/398/236 238/397/235
f 240/399/237 239/400/238 226/376/214
f 242/401/239 241/402/240 239/400/238
f 239/400/238 240/399/237 242/401/239
f 243/375/213 244/403/241 246/404/242
f 247/405/243 246/404/242 244/403/241
f 244/403/241 245/406/244 247/405/243
f 249/407/245 248/408/246 225/378/216
f 255/409/247 250/410/248 248/408/246
f 248/408/246 249/407/245 255/409/247
f 238/411/235 253/412/249 251/413/219
f 251/413/219 252/414/250 238/411/235
f 252/414/250 237/415/234 238/411/235
f 255/416/247 254/417/251 228/380/218
f 228/380/218 256/418/252 255/416/247
f 254/417/251 255/416/247 249/419/245
f 255/416/247 256/418/252 257/420/224
f 257/420/224 258/421/253 255/416/247
f 258/421/253 250/422/248 255/416/247
f 259/385/223 260/423/254 245/424/244
f 247/425/243 245/424/244 260/423/254
f 260/423/254 261/426/255 247/425/243
f 262/389/227 263/427/256 261/428/255
f 247/429/243 261/428/255 263/427/256
f 263/427/256 246/430/242 247/429/243
f 265/431/257 264/432/258 231/388/226
f 242/433/239 240/434/237 264/432/258
f 264/432/258 265/431/257 242/433/239
f 266/393/231 267/435/259 265/436/257
f 242/437/239 265/436/257 267/435/259
f 267/435/259 241/438/240 242/437/239
f 238/411/235 268/439/260 233/392/230
f 233/392/230 253/412/249 238/411/235
f 268/439/260 238/411/235 236/440/236
f 234/377/215 226/376/214 239/400/238
f 239/400/238 235/395/233 234/377/215
f 235/395/233 239/400/238 241/402/240
f 241/402/240 236/398/236 235/395/233
f 226/376/214 243/375/213 246/404/242
f 246/404/242 240/399/237 226/376/214
f 243/375/213 225/378/216 248/408/246
f 248/408/246 244/403/241 243/375/213
f 244/403/241 248/408/246 250/410/248
f 250/410/248 245/406/244 244/403/241
f 225/378/216 234/377/215 237/396/234
f 237/396/234 249/407/245 225/378/216
f 251/381/219 228/380/218 254/417/251
f 254/417/251 252/441/250 251/381/219
f 252/441/250 254/417/251 249/419/245
f 249/419/245 237/442/234 252/441/250
f 228/380/218 227/379/217 307/443/261
f 307/443/261 256/418/252 228/380/218
f 269/444/220 251/413/219 253/412/249
f 253/445/249 270/446/262 269/447/220
f 259/385/223 258/448/253 257/386/224
f 258/448/253 259/385/223 245/424/244
f 245/424/244 250/449/248 258/448/253
f 229/384/222 260/423/254 259/385/223
f 260/423/254 229/384/222 309/450/263
f 309/450/263 261/426/255 260/423/254
f 271/451/221 257/420/224 256/418/252
f 256/452/252 307/453/261 271/454/221
f 262/389/227 231/388/226 264/432/258
f 264/432/258 263/427/256 262/389/227
f 263/427/256 264/432/258 240/434/237
f 240/434/237 246/430/242 263/427/256
f 231/388/226 230/387/225 311/455/264
f 311/455/264 265/431/257 231/388/226
f 272/456/228 262/457/227 261/458/255
f 261/459/255 309/460/263 272/461/228
f 266/393/231 233/392/230 268/439/260
f 268/439/260 267/435/259 266/393/231
f 267/435/259 268/439/260 236/440/236
f 236/440/236 241/438/240 267/435/259
f 233/392/230 232/391/229 270/462/262
f 270/462/262 253/412/249 233/392/230
f 273/463/232 266/464/231 265/465/257
f 265/466/257 311/467/264 273/468/232
f 274/469/265 282/470/266 275/471/267
f 275/471/267 283/472/268 274/469/265
f 276/473/269 285/474/270 277/475/271
f 277/475/271 286/476/272 276/473/269
f 278/477/273 287/478/274 279/479/275
f 279/479/275 288/480/276 278/477/273
f 280/481/277 289/482/278 281/483/279
f 281/483/279 290/484/280 280/481/277
f 274/469/265 296/485/281 277/475/271
f 277/475/271 282/470/266 274/469/265
f 275/471/267 284/486/282 283/472/268
f 276/473/269 299/487/283 279/479/275
f 279/479/275 285/474/270 276/473/269
f 277/475/271 296/485/281 286/476/272
f 278/477/273 302/488/284 281/483/279
f 281/483/279 287/478/274 278/477/273
f 279/479/275 299/487/283 288/480/276
f 280/481/277 284/486/282 275/471/267
f 275/471/267 289/482/278 280/481/277
f 281/483/279 302/488/284 290/484/280
f 207/489/285 295/490/286 291/491/287
f 212/492/288 298/493/289 292/494/290
f 217/495/291 301/496/292 293/497/293
f 221/498/294 304/499/295 294/500/296
f 207/489/285 208/501/297 295/490/286
f 209/502/298 296/503/281 295/490/286
f 295/490/286 208/501/297 209/502/298
f 283/504/268 297/505/299 291/491/287
f 223/506/300 297/507/299 283/508/268
f 283/508/268 284/509/282 223/506/300
f 212/492/288 213/510/301 298/493/289
f 214/511/302 299/512/283 298/493/289
f 298/493/289 213/510/301 214/511/302
f 286/513/272 300/514/303 292/494/290
f 300/515/303 286/516/272 296/503/281
f 296/503/281 209/502/298 300/515/303
f 217/495/291 218/517/304 301/496/292
f 219/518/305 302/519/284 301/496/292
f 301/496/292 218/517/304 219/518/305
f 288/520/276 303/521/306 293/497/293
f 303/522/306 288/523/276 299/512/283
f 299/512/283 214/511/302 303/522/306
f 221/498/294 222/524/307 304/499/295
f 222/524/307 223/506/300 284/509/282
f 284/509/282 304/499/295 222/524/307
f 290/525/280 305/526/308 294/500/296
f 305/527/308 290/528/280 302/519/284
f 302/519/284 219/518/305 305/527/308
f 269/382/220 308/529/309 306/530/310
f 306/530/310 227/379/217 269/382/220
f 271/383/221 310/531/311 285/532/270
f 285/532/270 229/384/222 271/383/221
f 272/390/228 312/533/312 287/534/274
f 287/534/274 230/387/225 272/390/228
f 273/394/232 313/535/313 289/536/278
f 289/536/278 232/391/229 273/394/232
f 307/443/261 227/379/217 306/530/310
f 308/537/309 269/538/220 270/539/262
f 309/450/263 229/384/222 285/532/270
f 307/540/261 310/541/311 271/542/221
f 311/455/264 230/387/225 287/534/274
f 312/543/312 272/544/228 309/545/263
f 232/391/229 289/536/278 270/462/262
f 313/546/313 273/547/232 311/548/264
f 283/472/268 291/549/287 295/550/286
f 295/550/286 274/469/265 283/472/268
f 282/470/266 306/551/310 308/552/309
f 308/552/309 275/471/267 282/470/266
f 286/476/272 292/553/290 298/554/289
f 298/554/289 276/473/269 286/476/272
f 310/555/311 277/475/271 285/474/270
f 288/480/276 293/556/293 301/557/292
f 301/557/292 278/477/273 288/480/276
f 312/558/312 279/479/275 287/478/274
f 290/484/280 294/559/296 304/560/295
f 304/560/295 280/481/277 290/484/280
f 313/561/313 281/483/279 289/482/278
f 296/485/281 274/469/265 295/550/286
f 282/470/266 277/475/271 307/562/261
f 307/562/261 306/551/310 282/470/266
f 275/471/267 308/552/309 270/563/262
f 299/487/283 276/473/269 298/554/289
f 285/474/270 279/479/275 309/564/263
f 277/475/271 310/555/311 307/562/261
f 302/488/284 278/477/273 301/557/292
f 287/478/274 281/483/279 311/565/264
f 279/479/275 312/558/312 309/564/263
f 284/486/282 280/481/277 304/560/295
f 289/482/278 275/471/267 270/563/262
f 281/483/279 313/561/313 311/565/264
f 146/280/145 314/566/314 208/501/297
f 208/501/297 207/489/285 146/280/145
f 208/501/297 314/566/314 216/374/212
f 216/374/212 209/502/298 208/501/297
f 149/334/187 194/337/190 213/510/301
f 213/510/301 212/492/288 149/334/187
f 194/337/190 195/338/191 214/511/302
f 214/511/302 213/510/301 194/337/190
f 151/349/196 200/352/199 218/517/304
f 218/517/304 217/495/291 151/349/196
f 200/352/199 201/353/200 219/518/305
f 219/518/305 218/517/304 200/352/199
f 153/364/205 315/567/315 222/524/307
f 222/524/307 221/498/294 153/364/205
f 315/567/315 211/371/210 223/506/300
f 223/506/300 222/524/307 315/567/315
f 207/489/285 291/491/287 147/281/146
f 147/281/146 146/280/145 207/489/285
f 149/334/187 212/492/288 292/494/290
f 292/494/290 150/325/183 149/334/187
f 217/495/291 293/497/293 152/341/192
f 152/341/192 151/349/196 217/495/291
f 221/498/294 294/500/296 154/356/201
f 154/356/201 153/364/205 221/498/294
f 291/491/287 297/505/299 210/369/209
f 210/369/209 147/281/146 291/491/287
f 297/507/299 223/506/300 211/371/210
f 211/371/210 210/370/209 297/507/299
f 150/325/183 292/494/290 300/514/303
f 300/514/303 215/372/211 150/325/183
f 215/373/211 300/515/303 209/502/298
f 209/502/298 216/374/212 215/373/211
f 293/497/293 303/521/306 220/342/193
f 220/342/193 152/341/192 293/497/293
f 303/522/306 214/511/302 195/338/191
f 195/338/191 220/347/193 303/522/306
f 294/500/296 305/526/308 224/357/202
f 224/357/202 154/356/201 294/500/296
f 305/527/308 219/518/305 201/353/200
f 201/353/200 224/362/202 305/527/308
f 146/280/145 145/283/148 186/320/180
f 186/320/180 314/566/314 146/280/145
f 314/566/314 186/320/180 188/322/182
f 188/322/182 216/374/212 314/566/314
f 153/364/205 206/367/208 315/567/315
f 206/367/208 182/313/176 211/371/210
f 211/371/210 315/567/315 206/367/208
f 316/568/141 317/569/142 318/570/143
f 318/570/143 319/571/144 316/568/141
f 320/572/145 321/573/146 322/574/147
f 322/574/147 323/575/148 320/572/145
f 318/570/143 330/576/316 331/577/317
f 331/577/317 332/578/318 318/570/143
f 332/578/318 331/577/317 333/579/319
f 334/580/320 331/577/317 330/576/316
f 331/577/317 334/580/320 335/581/321
f 335/581/321 333/579/319 331/577/317
f 319/571/144 336/582/322 337/583/323
f 337/583/323 338/584/324 319/571/144
f 338/584/324 337/583/323 339/585/325
f 340/586/326 337/583/323 336/582/322
f 337/583/323 340/586/326 341/587/160
f 341/587/160 339/585/325 337/583/323
f 316/568/141 342/588/327 343/589/328
f 343/589/328 344/590/329 316/568/141
f 344/590/329 343/589/328 345/591/330
f 346/592/331 343/589/328 342/588/327
f 343/589/328 346/592/331 347/593/332
f 347/593/332 345/591/330 343/589/328
f 317/569/142 348/594/333 349/595/334
f 349/595/334 350/596/335 317/569/142
f 350/596/335 349/595/334 351/597/336
f 352/598/337 349/595/334 348/594/333
f 349/595/334 352/598/337 353/599/338
f 353/599/338 351/597/336 349/595/334
f 322/574/147 354/600/339 355/601/340
f 355/601/340 356/602/341 322/574/147
f 356/602/341 355/601/340 334/603/320
f 354/604/339 357/605/176 358/606/342
f 358/606/342 355/607/340 354/604/339
f 355/607/340 358/606/342 335/608/321
f 335/609/321 334/603/320 355/601/340
f 323/575/148 359/610/343 360/611/344
f 360/611/344 361/612/180 323/575/148
f 361/612/180 360/611/344 362/613/181
f 362/613/181 363/614/182 361/612/180
f 351/615/336 360/611/344 359/610/343
f 360/611/344 351/615/336 353/616/338
f 353/616/338 362/613/181 360/611/344
f 325/617/183 364/618/345 365/619/346
f 365/619/346 366/620/347 325/617/183
f 366/620/347 365/619/346 352/621/337
f 364/622/345 363/614/182 362/613/181
f 362/623/181 365/619/346 364/618/345
f 365/624/346 362/613/181 353/616/338
f 353/625/338 352/621/337 365/619/346
f 324/626/187 367/627/348 368/628/349
f 368/628/349 369/629/190 324/626/187
f 369/629/190 368/628/349 370/630/191
f 345/631/330 368/628/349 367/627/348
f 368/628/349 345/631/330 347/632/332
f 347/632/332 370/630/191 368/628/349
f 326/633/192 395/634/350 371/635/351
f 371/635/351 372/636/195 326/633/192
f 372/636/195 371/635/351 346/637/331
f 370/630/191 371/638/351 395/639/350
f 371/638/351 370/630/191 347/632/332
f 347/632/332 346/640/331 371/638/351
f 327/641/196 373/642/352 374/643/198
f 374/643/198 375/644/353 327/641/196
f 375/644/353 374/643/198 376/645/200
f 339/646/325 374/643/198 373/642/352
f 374/643/198 339/646/325 341/647/160
f 341/647/160 376/645/200 374/643/198
f 328/648/201 399/649/202 377/650/203
f 377/650/203 378/651/354 328/648/201
f 378/651/354 377/650/203 340/652/326
f 376/645/200 377/653/203 399/654/202
f 377/653/203 376/645/200 341/647/160
f 341/647/160 340/655/326 377/653/203
f 329/656/355 379/657/356 380/658/357
f 380/658/357 381/659/358 329/656/355
f 381/659/358 380/658/357 358/606/342
f 358/606/342 357/605/176 381/659/358
f 333/660/319 380/658/357 379/657/356
f 380/658/357 333/660/319 335/608/321
f 335/608/321 358/606/342 380/658/357
f 318/570/143 332/578/318 336/582/322
f 336/582/322 319/571/144 318/570/143
f 332/578/318 333/579/319 340/586/326
f 340/586/326 336/582/322 332/578/318
f 319/571/144 338/584/324 342/588/327
f 342/588/327 316/568/141 319/571/144
f 338/584/324 339/585/325 346/592/331
f 346/592/331 342/588/327 338/584/324
f 316/568/141 344/590/329 348/594/333
f 348/594/333 317/569/142 316/568/141
f 344/590/329 345/591/330 352/598/337
f 352/598/337 348/594/333 344/590/329
f 317/569/142 350/596/335 330/576/316
f 330/576/316 318/570/143 317/569/142
f 350/596/335 351/597/336 334/580/320
f 334/580/320 330/576/316 350/596/335
f 322/574/147 356/602/341 359/610/343
f 359/610/343 323/575/148 322/574/147
f 356/602/341 334/603/320 351/615/336
f 351/615/336 359/610/343 356/602/341
f 321/573/146 385/661/209 354/600/339
f 354/600/339 322/574/147 321/573/146
f 385/662/209 386/663/359 357/605/176
f 357/605/176 354/604/339 385/662/209
f 325/617/183 366/620/347 367/627/348
f 367/627/348 324/626/187 325/617/183
f 366/620/347 352/621/337 345/631/330
f 345/631/330 367/627/348 366/620/347
f 390/664/211 364/618/345 325/617/183
f 364/622/345 390/665/211 391/666/360
f 391/666/360 363/614/182 364/622/345
f 326/633/192 372/636/195 373/642/352
f 373/642/352 327/641/196 326/633/192
f 372/636/195 346/637/331 339/646/325
f 339/646/325 373/642/352 372/636/195
f 328/648/201 378/651/354 379/657/356
f 379/657/356 329/656/355 328/648/201
f 378/651/354 340/652/326 333/660/319
f 333/660/319 379/657/356 378/651/354
f 418/667/213 400/668/214 409/669/215
f 409/669/215 401/670/216 418/667/213
f 402/671/217 403/672/361 425/673/362
f 425/673/362 443/674/220 402/671/217
f 445/675/221 404/676/222 433/677/363
f 433/677/363 431/678/364 445/675/221
f 405/679/225 406/680/226 436/681/227
f 436/681/227 446/682/228 405/679/225
f 407/683/229 408/684/230 440/685/231
f 440/685/231 447/686/232 407/683/229
f 409/669/215 410/687/365 412/688/366
f 413/689/367 412/688/366 410/687/365
f 410/687/365 411/690/368 413/689/367
f 415/691/369 414/692/370 400/668/214
f 417/693/371 416/694/372 414/692/370
f 414/692/370 415/691/369 417/693/371
f 418/667/213 419/695/373 421/696/374
f 422/697/375 421/696/374 419/695/373
f 419/695/373 420/698/376 422/697/375
f 424/699/377 423/700/378 401/670/216
f 430/701/379 432/702/380 423/700/378
f 423/700/378 424/699/377 430/701/379
f 413/703/367 427/704/381 425/705/362
f 425/705/362 426/706/382 413/703/367
f 426/706/382 412/707/366 413/703/367
f 430/708/379 428/709/383 403/672/361
f 403/672/361 429/710/384 430/708/379
f 430/708/379 424/711/377 428/709/383
f 431/678/364 432/712/380 430/713/379
f 430/708/379 429/710/384 431/714/364
f 433/677/363 434/715/254 420/716/376
f 422/717/375 420/716/376 434/715/254
f 434/715/254 435/718/255 422/717/375
f 436/681/227 437/719/385 435/720/255
f 422/721/375 435/720/255 437/719/385
f 437/719/385 421/722/374 422/721/375
f 439/723/386 438/724/387 406/680/226
f 417/725/371 415/726/369 438/724/387
f 438/724/387 439/723/386 417/725/371
f 440/685/231 441/727/259 439/728/386
f 417/729/371 439/728/386 441/727/259
f 441/727/259 416/730/372 417/729/371
f 413/703/367 442/731/388 408/684/230
f 408/684/230 427/704/381 413/703/367
f 442/731/388 413/703/367 411/732/368
f 409/669/215 400/668/214 414/692/370
f 414/692/370 410/687/365 409/669/215
f 410/687/365 414/692/370 416/694/372
f 416/694/372 411/690/368 410/687/365
f 400/668/214 418/667/213 421/696/374
f 421/696/374 415/691/369 400/668/214
f 418/667/213 401/670/216 423/700/378
f 423/700/378 419/695/373 418/667/213
f 419/695/373 423/700/378 432/702/380
f 432/702/380 420/698/376 419/695/373
f 401/670/216 409/669/215 412/688/366
f 412/688/366 424/699/377 401/670/216
f 425/673/362 403/672/361 428/709/383
f 428/709/383 426/733/382 425/673/362
f 426/733/382 428/709/383 424/711/377
f 424/711/377 412/734/366 426/733/382
f 403/672/361 402/671/217 481/735/389
f 481/735/389 429/710/384 403/672/361
f 443/736/220 425/705/362 427/704/381
f 427/737/381 444/738/390 443/739/220
f 433/677/363 432/712/380 431/678/364
f 432/712/380 433/677/363 420/716/376
f 404/676/222 434/715/254 433/677/363
f 434/715/254 404/676/222 483/740/263
f 483/740/263 435/718/255 434/715/254
f 445/741/221 431/714/364 429/710/384
f 429/742/384 481/743/389 445/744/221
f 436/681/227 406/680/226 438/724/387
f 438/724/387 437/719/385 436/681/227
f 437/719/385 438/724/387 415/726/369
f 415/726/369 421/722/374 437/719/385
f 406/680/226 405/679/225 485/745/391
f 485/745/391 439/723/386 406/680/226
f 446/746/228 436/747/227 435/748/255
f 435/749/255 483/750/263 446/751/228
f 440/685/231 408/684/230 442/731/388
f 442/731/388 441/727/259 440/685/231
f 441/727/259 442/731/388 411/732/368
f 411/732/368 416/730/372 441/727/259
f 408/684/230 407/683/229 444/752/390
f 444/752/390 427/704/381 408/684/230
f 447/753/232 440/754/231 439/755/386
f 439/756/386 485/757/391 447/758/232
f 448/759/265 456/760/392 449/761/267
f 449/761/267 457/762/393 448/759/265
f 450/763/394 459/764/395 451/765/271
f 451/765/271 460/766/396 450/763/394
f 452/767/397 461/768/398 453/769/399
f 453/769/399 462/770/400 452/767/397
f 454/771/401 463/772/402 455/773/403
f 455/773/403 464/774/404 454/771/401
f 448/759/265 470/775/405 451/765/271
f 451/765/271 456/760/392 448/759/265
f 449/761/267 458/776/406 457/762/393
f 450/763/394 473/777/407 453/769/399
f 453/769/399 459/764/395 450/763/394
f 451/765/271 470/775/405 460/766/396
f 452/767/397 476/778/408 455/773/403
f 455/773/403 461/768/398 452/767/397
f 453/769/399 473/777/407 462/770/400
f 454/771/401 458/776/406 449/761/267
f 449/761/267 463/772/402 454/771/401
f 455/773/403 476/778/408 464/774/404
f 382/779/409 469/780/410 465/781/287
f 388/782/411 472/783/412 466/784/413
f 393/785/291 475/786/414 467/787/415
f 397/788/294 478/789/416 468/790/417
f 382/779/409 383/791/418 469/780/410
f 384/792/298 470/793/405 469/780/410
f 469/780/410 383/791/418 384/792/298
f 457/794/393 471/795/419 465/781/287
f 398/796/420 471/797/419 457/798/393
f 457/798/393 458/799/406 398/796/420
f 388/782/411 387/800/301 472/783/412
f 389/801/302 473/802/407 472/783/412
f 472/783/412 387/800/301 389/801/302
f 460/803/396 474/804/303 466/784/413
f 474/805/303 460/806/396 470/793/405
f 470/793/405 384/792/298 474/805/303
f 393/785/291 392/807/304 475/786/414
f 394/808/421 476/809/408 475/786/414
f 475/786/414 392/807/304 394/808/421
f 462/810/400 477/811/306 467/787/415
f 477/812/306 462/813/400 473/802/407
f 473/802/407 389/801/302 477/812/306
f 397/788/294 396/814/307 478/789/416
f 396/814/307 398/796/420 458/799/406
f 458/799/406 478/789/416 396/814/307
f 464/815/404 479/816/308 468/790/417
f 479/817/308 464/818/404 476/809/408
f 476/809/408 394/808/421 479/817/308
f 443/674/220 482/819/422 480/820/423
f 480/820/423 402/671/217 443/674/220
f 445/675/221 484/821/424 459/822/395
f 459/822/395 404/676/222 445/675/221
f 446/682/228 486/823/425 461/824/398
f 461/824/398 405/679/225 446/682/228
f 447/686/232 487/825/426 463/826/402
f 463/826/402 407/683/229 447/686/232
f 481/735/389 402/671/217 480/820/423
f 482/827/422 443/828/220 444/829/390
f 483/740/263 404/676/222 459/822/395
f 481/830/389 484/831/424 445/832/221
f 485/745/391 405/679/225 461/824/398
f 486/833/425 446/834/228 483/835/263
f 407/683/229 463/826/402 444/752/390
f 487/836/426 447/837/232 485/838/391
f 457/762/393 465/839/287 469/840/410
f 469/840/410 448/759/265 457/762/393
f 456/760/392 480/841/423 482/842/422
f 482/842/422 449/761/267 456/760/392
f 460/766/396 466/843/413 472/844/412
f 472/844/412 450/763/394 460/766/396
f 484/845/424 451/765/271 459/764/395
f 462/770/400 467/846/415 475/847/414
f 475/847/414 452/767/397 462/770/400
f 486/848/425 453/769/399 461/768/398
f 464/774/404 468/849/417 478/850/416
f 478/850/416 454/771/401 464/774/404
f 487/851/426 455/773/403 463/772/402
f 470/775/405 448/759/265 469/840/410
f 456/760/392 451/765/271 481/852/389
f 481/852/389 480/841/423 456/760/392
f 449/761/267 482/842/422 444/853/390
f 473/777/407 450/763/394 472/844/412
f 459/764/395 453/769/399 483/854/263
f 451/765/271 484/845/424 481/852/389
f 476/778/408 452/767/397 475/847/414
f 461/768/398 455/773/403 485/855/391
f 453/769/399 486/848/425 483/854/263
f 458/776/406 454/771/401 478/850/416
f 463/772/402 449/761/267 444/853/390
f 455/773/403 487/851/426 485/855/391
f 320/572/145 488/856/314 383/791/418
f 383/791/418 382/779/409 320/572/145
f 383/791/418 488/856/314 391/666/360
f 391/666/360 384/792/298 383/791/418
f 324/626/187 369/629/190 387/800/301
f 387/800/301 388/782/411 324/626/187
f 369/629/190 370/630/191 389/801/302
f 389/801/302 387/800/301 369/629/190
f 327/641/196 375/644/353 392/807/304
f 392/807/304 393/785/291 327/641/196
f 375/644/353 376/645/200 394/808/421
f 394/808/421 392/807/304 375/644/353
f 329/656/355 489/857/315 396/814/307
f 396/814/307 397/788/294 329/656/355
f 489/857/315 386/663/359 398/796/420
f 398/796/420 396/814/307 489/857/315
f 382/779/409 465/781/287 321/573/146
f 321/573/146 320/572/145 382/779/409
f 324/626/187 388/782/411 466/784/413
f 466/784/413 325/617/183 324/626/187
f 393/785/291 467/787/415 326/633/192
f 326/633/192 327/641/196 393/785/291
f 397/788/294 468/790/417 328/648/201
f 328/648/201 329/656/355 397/788/294
f 465/781/287 471/795/419 385/661/209
f 385/661/209 321/573/146 465/781/287
f 471/797/419 398/796/420 386/663/359
f 386/663/359 385/662/209 471/797/419
f 325/617/183 466/784/413 474/804/303
f 474/804/303 390/664/211 325/617/183
f 390/665/211 474/805/303 384/792/298
f 384/792/298 391/666/360 390/665/211
f 467/787/415 477/811/306 395/634/350
f 395/634/350 326/633/192 467/787/415
f 477/812/306 389/801/302 370/630/191
f 370/630/191 395/639/350 477/812/306
f 468/790/417 479/816/308 399/649/202
f 399/649/202 328/648/201 468/790/417
f 479/817/308 394/808/421 376/645/200
f 376/645/200 399/654/202 479/817/308
f 320/572/145 323/575/148 361/612/180
f 361/612/180 488/856/314 320/572/145
f 488/856/314 361/612/180 363/614/182
f 363/614/182 391/666/360 488/856/314
f 329/656/355 381/659/358 489/857/315
f 381/659/358 357/605/176 386/663/359
f 386/663/359 489/857/315 381/659/358
f 567/858/427 491/859/428 568/860/429
f 568/860/429 490/861/430 567/858/427
f 491/859/428 567/858/427 534/862/431
f 534/862/431 492/863/432 491/859/428
f 569/864/433 494/865/434 570/866/435
f 570/866/435 493/867/436 569/864/433
f 540/868/437 495/869/438 494/865/434
f 494/865/434 569/864/433 540/868/437
f 571/870/439 497/871/440 572/872/441
f 572/872/441 496/873/442 571/870/439
f 545/874/443 498/875/444 497/871/440
f 497/871/440 571/870/439 545/874/443
f 499/876/445 546/877/446 500/878/447
f 500/878/447 573/879/448 499/876/445
f 546/877/446 549/880/449 501/881/450
f 501/881/450 500/878/447 546/877/446
f 574/882/451 502/883/452 490/861/430
f 490/861/430 568/860/429 574/882/451
f 493/867/436 570/866/435 575/884/453
f 575/884/453 503/885/454 493/867/436
f 576/886/455 504/887/456 496/873/442
f 496/873/442 572/872/441 576/886/455
f 573/879/448 577/888/457 505/889/458
f 505/889/458 499/876/445 573/879/448
f 578/890/459 506/891/460 502/883/452
f 502/883/452 574/882/451 578/890/459
f 578/892/459 501/881/450 549/880/449
f 549/880/449 506/893/460 578/892/459
f 503/885/454 575/884/453 561/894/461
f 561/894/461 507/895/462 503/885/454
f 507/896/462 561/897/461 492/863/432
f 492/863/432 534/862/431 507/896/462
f 579/898/463 508/899/464 504/887/456
f 504/887/456 576/886/455 579/898/463
f 495/869/438 540/868/437 508/900/464
f 508/900/464 579/901/463 495/869/438
f 580/902/465 509/903/466 505/889/458
f 505/889/458 577/888/457 580/902/465
f 498/875/444 545/874/443 509/904/466
f 509/904/466 580/905/465 498/875/444
f 510/906/467 581/907/468 511/908/469
f 511/908/469 582/909/470 510/906/467
f 512/910/471 510/906/467 582/909/470
f 582/909/470 535/911/472 512/910/471
f 513/912/473 583/913/474 514/914/475
f 514/914/475 584/915/476 513/912/473
f 515/916/477 513/912/473 584/915/476
f 584/915/476 585/917/478 515/916/477
f 516/918/479 586/919/480 517/920/481
f 517/920/481 587/921/482 516/918/479
f 518/922/483 516/918/479 587/921/482
f 587/921/482 588/923/484 518/922/483
f 590/924/485 519/925/486 589/926/487
f 589/926/487 520/927/488 590/924/485
f 551/928/489 521/929/490 519/925/486
f 519/925/486 590/924/485 551/928/489
f 522/930/491 511/908/469 581/907/468
f 581/907/468 591/931/492 522/930/491
f 523/932/493 514/914/475 583/913/474
f 583/913/474 592/933/494 523/932/493
f 524/934/495 517/920/481 586/919/480
f 586/919/480 593/935/496 524/934/495
f 594/936/497 525/937/498 520/927/488
f 520/927/488 589/926/487 594/936/497
f 526/938/499 522/930/491 591/931/492
f 591/931/492 595/939/500 526/938/499
f 521/929/490 551/928/489 526/940/499
f 526/940/499 595/941/500 521/929/490
f 527/942/501 523/932/493 592/933/494
f 592/933/494 596/943/502 527/942/501
f 535/911/472 527/944/501 596/945/502
f 596/945/502 512/910/471 535/911/472
f 528/946/503 524/934/495 593/935/496
f 593/935/496 597/947/504 528/946/503
f 585/917/478 528/948/503 597/949/504
f 597/949/504 515/916/477 585/917/478
f 529/950/505 525/937/498 594/936/497
f 594/936/497 598/951/506 529/950/505
f 588/923/484 529/952/505 598/953/506
f 598/953/506 518/922/483 588/923/484
f 531/954/507 534/955/431 530/956/508
f 532/957/509 492/958/432 535/959/472
f 535/959/472 533/960/510 532/957/509
f 537/961/511 540/962/437 536/963/512
f 538/964/513 495/965/438 556/966/514
f 556/966/514 539/967/515 538/964/513
f 542/968/516 545/969/443 541/970/517
f 543/971/518 498/972/444 558/973/519
f 558/973/519 544/974/520 543/971/518
f 547/975/521 546/976/446 499/977/445
f 546/976/446 547/975/521 521/978/490
f 521/978/490 549/979/449 546/976/446
f 550/980/522 551/981/489 548/982/523
f 548/982/523 500/983/447 550/980/522
f 532/957/509 533/960/510 552/984/524
f 552/984/524 550/980/522 532/957/509
f 553/985/525 560/986/526 531/954/507
f 531/954/507 530/956/508 553/985/525
f 538/964/513 539/967/515 554/987/527
f 554/987/527 561/988/461 538/964/513
f 555/989/528 562/990/529 537/961/511
f 537/961/511 536/963/512 555/989/528
f 543/971/518 544/974/520 556/966/514
f 556/966/514 563/991/530 543/971/518
f 557/992/531 564/993/532 542/968/516
f 542/968/516 541/970/517 557/992/531
f 500/983/447 548/982/523 558/973/519
f 558/973/519 565/994/533 500/983/447
f 559/995/534 566/996/535 547/975/521
f 547/975/521 499/977/445 559/995/534
f 550/980/522 552/984/524 551/981/489
f 549/979/449 521/978/490 560/986/526
f 560/986/526 553/985/525 549/979/449
f 555/989/528 507/997/462 562/990/529
f 492/958/432 561/988/461 554/987/527
f 554/987/527 535/959/472 492/958/432
f 507/997/462 534/955/431 531/954/507
f 531/954/507 562/990/529 507/997/462
f 556/966/514 495/965/438 563/991/530
f 557/992/531 540/962/437 537/961/511
f 537/961/511 564/993/532 557/992/531
f 558/973/519 498/972/444 565/994/533
f 559/995/534 545/969/443 542/968/516
f 542/968/516 566/996/535 559/995/534
f 530/956/508 567/998/427 490/999/430
f 531/954/507 581/1000/468 510/1001/467
f 568/1002/429 491/1003/428 532/957/509
f 582/1004/470 511/1005/469 533/960/510
f 567/998/427 530/956/508 534/955/431
f 531/954/507 510/1001/467 512/1006/471
f 532/957/509 491/1003/428 492/958/432
f 535/959/472 582/1004/470 533/960/510
f 536/963/512 569/1007/433 493/1008/436
f 537/961/511 583/1009/474 513/1010/473
f 570/1011/435 494/1012/434 538/964/513
f 584/1013/476 514/1014/475 539/967/515
f 569/1007/433 536/963/512 540/962/437
f 537/961/511 513/1010/473 515/1015/477
f 495/965/438 538/964/513 494/1012/434
f 539/967/515 556/966/514 585/1016/478
f 585/1016/478 584/1013/476 539/967/515
f 541/970/517 571/1017/439 496/1018/442
f 542/968/516 586/1019/480 516/1020/479
f 572/1021/441 497/1022/440 543/971/518
f 587/1023/482 517/1024/481 544/974/520
f 571/1017/439 541/970/517 545/969/443
f 542/968/516 516/1020/479 518/1025/483
f 498/972/444 543/971/518 497/1022/440
f 544/974/520 558/973/519 588/1026/484
f 588/1026/484 587/1023/482 544/974/520
f 547/975/521 589/1027/487 519/1028/486
f 590/1029/485 520/1030/488 548/982/523
f 547/975/521 519/1028/486 521/978/490
f 500/983/447 501/1031/450 550/980/522
f 590/1029/485 548/982/523 551/981/489
f 550/980/522 574/1032/451 568/1002/429
f 568/1002/429 532/957/509 550/980/522
f 533/960/510 511/1005/469 522/1033/491
f 522/1033/491 552/984/524 533/960/510
f 530/956/508 490/999/430 502/1034/452
f 502/1034/452 553/985/525 530/956/508
f 560/986/526 591/1035/492 581/1000/468
f 581/1000/468 531/954/507 560/986/526
f 561/988/461 575/1036/453 570/1011/435
f 570/1011/435 538/964/513 561/988/461
f 539/967/515 514/1014/475 523/1037/493
f 523/1037/493 554/987/527 539/967/515
f 536/963/512 493/1008/436 503/1038/454
f 503/1038/454 555/989/528 536/963/512
f 562/990/529 592/1039/494 583/1009/474
f 583/1040/474 537/1041/511 562/1042/529
f 563/991/530 576/1043/455 572/1021/441
f 572/1021/441 543/971/518 563/991/530
f 544/974/520 517/1024/481 524/1044/495
f 524/1045/495 556/1046/514 544/1047/520
f 541/970/517 496/1018/442 504/1048/456
f 504/1048/456 557/992/531 541/970/517
f 564/993/532 593/1049/496 586/1019/480
f 586/1050/480 542/1051/516 564/1052/532
f 565/994/533 577/1053/457 573/1054/448
f 573/1054/448 500/983/447 565/994/533
f 548/982/523 520/1030/488 525/1055/498
f 525/1056/498 558/1057/519 548/1058/523
f 505/1059/458 559/995/534 499/977/445
f 566/996/535 594/1060/497 589/1027/487
f 589/1027/487 547/975/521 566/996/535
f 550/980/522 578/1061/459 574/1032/451
f 552/984/524 522/1033/491 526/1062/499
f 502/1034/452 506/1063/460 553/985/525
f 595/1064/500 591/1035/492 560/986/526
f 550/1065/522 501/881/450 578/892/459
f 552/984/524 526/1062/499 551/981/489
f 549/979/449 553/985/525 506/1063/460
f 595/1064/500 560/986/526 521/978/490
f 554/987/527 523/1037/493 527/1066/501
f 507/997/462 555/989/528 503/1038/454
f 596/1067/502 592/1039/494 562/990/529
f 554/987/527 527/1066/501 535/959/472
f 562/990/529 531/954/507 512/1006/471
f 512/1006/471 596/1067/502 562/990/529
f 563/991/530 579/1068/463 576/1043/455
f 556/966/514 524/1044/495 528/1069/503
f 504/1048/456 508/1070/464 557/992/531
f 597/1071/504 593/1049/496 564/993/532
f 579/1068/463 563/991/530 495/965/438
f 556/966/514 528/1069/503 585/1016/478
f 540/962/437 557/992/531 508/1070/464
f 564/993/532 537/961/511 515/1015/477
f 515/1015/477 597/1071/504 564/993/532
f 565/994/533 580/1072/465 577/1053/457
f 558/973/519 525/1055/498 529/1073/505
f 505/1059/458 509/1074/466 559/995/534
f 598/1075/506 594/1060/497 566/996/535
f 580/1072/465 565/994/533 498/972/444
f 558/973/519 529/1073/505 588/1026/484
f 545/969/443 559/995/534 509/1074/466
f 566/996/535 542/968/516 518/1025/483
f 518/1025/483 598/1075/506 566/996/535
f 603/1076/536 604/1077/537 600/1078/538
f 600/1078/538 599/1079/539 603/1076/536
f 604/1080/537 605/1081/540 601/1082/541
f 601/1082/541 600/1083/538 604/1080/537
f 605/1084/540 606/1085/542 602/1086/543
f 602/1086/543 601/1087/541 605/1084/540
f 606/1088/542 603/1089/536 599/1083/539
f 599/1083/539 602/1082/543 606/1088/542
f 607/1090/544 608/1091/545 604/1092/537
f 604/1092/537 603/1093/536 607/1090/544
f 608/1091/545 609/1094/546 605/1095/540
f 605/1095/540 604/1092/537 608/1091/545
f 609/1094/546 610/1096/547 606/1097/542
f 606/1097/542 605/1095/540 609/1094/546
f 610/1096/547 607/1090/544 603/1093/536
f 603/1093/536 606/1097/542 610/1096/547
f 611/1098/548 612/1099/549 608/1100/545
f 608/1100/545 607/1101/544 611/1098/548
f 612/1102/549 613/1103/550 609/1104/546
f 609/1104/546 608/1105/545 612/1102/549
f 613/1106/550 614/1107/551 610/1108/547
f 610/1108/547 609/1109/546 613/1106/550
f 614/1110/551 611/1111/548 607/1112/544
f 607/1112/544 610/1113/547 614/1110/551
f 615/1114/552 616/1115/553 612/1116/549
f 612/1116/549 611/1117/548 615/1114/552
f 616/1115/553 617/1118/554 613/1119/550
f 613/1119/550 612/1116/549 616/1115/553
f 617/1118/554 618/1120/555 614/1121/551
f 614/1121/551 613/1119/550 617/1118/554
f 618/1120/555 615/1114/552 611/1117/548
f 611/1117/548 614/1121/551 618/1120/555
f 619/1122/556 620/1123/557 616/1124/553
f 616/1124/553 615/1125/552 619/1122/556
f 620/1126/557 621/1127/558 617/1128/554
f 617/1128/554 616/1129/553 620/1126/557
f 621/1130/558 622/1131/559 618/1132/555
f 618/1132/555 617/1133/554 621/1130/558
f 622/1134/559 619/1135/556 615/1136/552
f 615/1136/552 618/1137/555 622/1134/559
f 623/1138/560 624/1139/561 620/1140/557
f 620/1140/557 619/1141/556 623/1138/560
f 624/1142/561 625/1143/562 621/1144/558
f 621/1144/558 620/1145/557 624/1142/561
f 625/1146/562 626/1147/563 622/1148/559
f 622/1148/559 621/1149/558 625/1146/562
f 626/1150/563 623/1151/560 619/1152/556
f 619/1152/556 622/1153/559 626/1150/563
f 627/1154/564 628/1155/565 624/1156/561
f 624/1156/561 623/1157/560 627/1154/564
f 628/1155/565 629/1158/566 625/1159/562
f 625/1159/562 624/1156/561 628/1155/565
f 629/1158/566 630/1160/567 626/1161/563
f 626/1161/563 625/1159/562 629/1158/566
f 630/1160/567 627/1154/564 623/1157/560
f 623/1157/560 626/1161/563 630/1160/567
f 631/1162/568 632/1163/569 628/1164/565
f 628/1164/565 627/1165/564 631/1162/568
f 632/1166/569 633/1167/570 629/1168/566
f 629/1168/566 628/1169/565 632/1166/569
f 633/1170/570 634/1171/571 630/1172/567
f 630/1172/567 629/1173/566 633/1170/570
f 634/1167/571 631/1166/568 627/1174/564
f 627/1174/564 630/1175/567 634/1167/571
f 635/1176/572 636/1177/573 632/1178/569
f 632/1178/569 631/1179/568 635/1176/572
f 636/1177/573 637/1180/574 633/1181/570
f 633/1181/570 632/1178/569 636/1177/573
f 637/1180/574 638/1182/575 634/1183/571
f 634/1183/571 633/1181/570 637/1180/574
f 638/1182/575 635/1176/572 631/1179/568
f 631/1179/568 634/1183/571 638/1182/575
f 639/1184/576 640/1185/577 636/1177/573
f 636/1177/573 635/1176/572 639/1184/576
f 640/1185/577 641/1186/578 637/1180/574
f 637/1180/574 636/1177/573 640/1185/577
f 641/1186/578 642/1187/579 638/1182/575
f 638/1182/575 637/1180/574 641/1186/578
f 642/1187/579 639/1184/576 635/1176/572
f 635/1176/572 638/1182/575 642/1187/579
f 639/1188/576 644/1189/580 640/1190/577
f 641/1191/578 640/1192/577 644/1193/580
f 644/1189/580 639/1188/576 643/1194/581
f 644/1193/580 645/1195/582 641/1191/578
f 645/1196/582 646/1197/583 642/1198/579
f 642/1198/579 641/1199/578 645/1196/582
f 646/1200/583 643/1201/581 639/1202/576
f 639/1202/576 642/1203/579 646/1200/583
f 643/1194/581 648/1204/584 644/1189/580
f 645/1195/582 644/1193/580 648/1205/584
f 648/1204/584 643/1194/581 647/1206/585
f 648/1205/584 652/1207/586 645/1195/582
f 652/1208/586 649/1209/587 646/1197/583
f 646/1197/583 645/1196/582 652/1208/586
f 649/1210/587 647/1211/585 643/1201/581
f 643/1201/581 646/1200/583 649/1210/587
f 650/1212/588 651/1213/589 648/1214/584
f 648/1214/584 647/1215/585 650/1212/588
f 652/1216/586 648/1214/584 651/1213/589
f 652/1216/586 653/1217/590 649/1218/587
f 653/1217/590 650/1212/588 647/1215/585
f 647/1215/585 649/1218/587 653/1217/590
f 654/1219/591 655/1220/592 651/1213/589
f 651/1213/589 650/1212/588 654/1219/591
f 655/1220/592 656/1221/593 652/1216/586
f 652/1216/586 651/1213/589 655/1220/592
f 656/1221/593 657/1222/594 653/1217/590
f 653/1217/590 652/1216/586 656/1221/593
f 657/1222/594 654/1219/591 650/1212/588
f 650/1212/588 653/1217/590 657/1222/594
f 658/1223/595 659/1224/596 655/1225/592
f 655/1225/592 654/1226/591 658/1223/595
f 659/1227/596 660/1228/597 656/1229/593
f 656/1229/593 655/1230/592 659/1227/596
f 660/1231/597 661/1232/598 657/1233/594
f 657/1233/594 656/1234/593 660/1231/597
f 661/1235/598 658/1236/595 654/1230/591
f 654/1230/591 657/1237/594 661/1235/598
f 662/1238/599 663/1239/600 659/1240/596
f 659/1240/596 658/1241/595 662/1238/599
f 663/1239/600 664/1242/601 660/1243/597
f 660/1243/597 659/1240/596 663/1239/600
f 664/1242/601 665/1244/602 661/1245/598
f 661/1245/598 660/1243/597 664/1242/601
f 665/1244/602 662/1238/599 658/1241/595
f 658/1241/595 661/1245/598 665/1244/602
f 666/1246/603 667/1247/604 663/1248/600
f 663/1248/600 662/1249/599 666/1246/603
f 667/1250/604 668/1251/605 664/1252/601
f 664/1252/601 663/1253/600 667/1250/604
f 668/1254/605 669/1255/606 665/1256/602
f 665/1256/602 664/1257/601 668/1254/605
f 669/1258/606 666/1259/603 662/1260/599
f 662/1260/599 665/1261/602 669/1258/606
f 670/1262/607 671/1263/608 667/1247/604
f 667/1247/604 666/1246/603 670/1262/607
f 671/1264/608 672/1265/609 668/1251/605
f 668/1251/605 667/1250/604 671/1264/608
f 672/1266/609 673/1267/610 669/1255/606
f 669/1255/606 668/1254/605 672/1266/609
f 673/1268/610 670/1269/607 666/1259/603
f 666/1259/603 669/1258/606 673/1268/610
f 674/1270/611 675/1271/612 671/1272/608
f 671/1272/608 670/1273/607 674/1270/611
f 675/1271/612 676/1274/613 672/1275/609
f 672/1275/609 671/1272/608 675/1271/612
f 676/1274/613 677/1276/614 673/1277/610
f 673/1277/610 672/1275/609 676/1274/613
f 677/1276/614 674/1270/611 670/1273/607
f 670/1273/607 673/1277/610 677/1276/614
f 678/1278/615 679/1279/616 675/1280/612
f 675/1280/612 674/1281/611 678/1278/615
f 679/1282/616 680/1283/617 676/1284/613
f 676/1284/613 675/1285/612 679/1282/616
f 680/1286/617 681/1287/618 677/1288/614
f 677/1288/614 676/1289/613 680/1286/617
f 681/1290/618 678/1291/615 674/1292/611
f 674/1292/611 677/1293/614 681/1290/618
f 682/1294/619 683/1295/620 679/1296/616
f 679/1296/616 678/1297/615 682/1294/619
f 683/1295/620 684/1298/621 680/1299/617
f 680/1299/617 679/1296/616 683/1295/620
f 684/1298/621 685/1300/622 681/1301/618
f 681/1301/618 680/1299/617 684/1298/621
f 685/1300/622 682/1294/619 678/1297/615
f 678/1297/615 681/1301/618 685/1300/622
f 686/1302/623 687/1303/624 683/1295/620
f 683/1295/620 682/1294/619 686/1302/623
f 687/1303/624 688/1304/625 684/1298/621
f 684/1298/621 683/1295/620 687/1303/624
f 688/1304/625 689/1305/626 685/1300/622
f 685/1300/622 684/1298/621 688/1304/625
f 689/1305/626 686/1302/623 682/1294/619
f 682/1294/619 685/1300/622 689/1305/626
f 690/1306/627 691/1307/628 687/1303/624
f 687/1303/624 686/1302/623 690/1306/627
f 691/1307/628 692/1308/629 688/1304/625
f 688/1304/625 687/1303/624 691/1307/628
f 692/1308/629 693/1309/630 689/1305/626
f 689/1305/626 688/1304/625 692/1308/629
f 693/1309/630 690/1306/627 686/1302/623
f 686/1302/623 689/1305/626 693/1309/630
f 694/1310/631 695/1311/632 691/1312/628
f 691/1312/628 690/1313/627 694/1310/631
f 695/1314/632 696/1315/633 692/1316/629
f 692/1316/629 691/1317/628 695/1314/632
f 696/1318/633 697/1319/634 693/1320/630
f 693/1320/630 692/1321/629 696/1318/633
f 697/1322/634 694/1323/631 690/1324/627
f 690/1324/627 693/1325/630 697/1322/634
f 698/1326/635 699/1327/636 695/1311/632
f 695/1311/632 694/1310/631 698/1326/635
f 699/1328/636 700/1329/637 696/1315/633
f 696/1315/633 695/1314/632 699/1328/636
f 700/1330/637 701/1331/638 697/1319/634
f 697/1319/634 696/1318/633 700/1330/637
f 701/1332/638 698/1333/635 694/1323/631
f 694/1323/631 697/1322/634 701/1332/638
f 702/1334/639 703/1335/640 699/1327/636
f 699/1327/636 698/1326/635 702/1334/639
f 703/1336/640 704/1337/641 700/1329/637
f 700/1329/637 699/1328/636 703/1336/640
f 704/1338/641 705/1339/642 701/1331/638
f 701/1331/638 700/1330/637 704/1338/641
f 705/1340/642 702/1341/639 698/1333/635
f 698/1333/635 701/1332/638 705/1340/642
f 706/1342/643 707/1343/644 703/1335/640
f 703/1335/640 702/1334/639 706/1342/643
f 707/1344/644 708/1345/645 704/1337/641
f 704/1337/641 703/1336/640 707/1344/644
f 708/1346/645 709/1347/646 705/1339/642
f 705/1339/642 704/1338/641 708/1346/645
f 709/1348/646 706/1080/643 702/1341/639
f 702/1341/639 705/1340/642 709/1348/646
f 710/1349/647 711/1350/648 707/1351/644
f 707/1351/644 706/1352/643 710/1349/647
f 711/1350/648 712/1353/649 708/1354/645
f 708/1354/645 707/1351/644 711/1350/648
f 712/1353/649 713/1355/650 709/1356/646
f 709/1356/646 708/1354/645 712/1353/649
f 713/1355/650 710/1349/647 706/1352/643
f 706/1352/643 709/1356/646 713/1355/650
f 599/1357/539 600/1358/538 711/1350/648
f 711/1350/648 710/1349/647 599/1357/539
f 600/1358/538 601/1359/541 712/1353/649
f 712/1353/649 711/1350/648 600/1358/538
f 601/1359/541 602/1360/543 713/1355/650
f 713/1355/650 712/1353/649 601/1359/541
f 602/1360/543 599/1357/539 710/1349/647
f 710/1349/647 713/1355/650 602/1360/543
f 827/1361/651 719/1362/652 867/1363/653
f 867/1363/653 837/1364/654 827/1361/651
f 828/1365/655 720/1366/656 719/1367/652
f 719/1367/652 827/1368/651 828/1365/655
f 748/1369/657 750/1370/658 725/1371/659
f 831/1372/660 727/1373/661 864/1374/662
f 864/1374/662 726/1375/663 831/1372/660
f 832/1376/664 728/1377/665 727/1378/661
f 727/1378/661 831/1379/660 832/1376/664
f 834/1380/666 729/1381/667 824/1382/668
f 729/1383/667 834/1384/666 835/1385/669
f 819/1386/670 731/1387/671 792/1388/672
f 792/1388/672 843/1389/673 819/1386/670
f 723/1390/674 734/1391/675 794/1392/676
f 794/1392/676 778/1393/677 723/1390/674
f 820/1394/678 735/1395/679 793/1396/680
f 793/1396/680 732/1397/681 820/1394/678
f 783/1398/682 733/1399/683 791/1400/684
f 791/1400/684 790/1401/685 783/1398/682
f 825/1402/686 730/1403/687 791/1404/684
f 737/1405/688 869/1406/689 793/1407/680
f 794/1408/676 738/1409/690 838/1410/691
f 792/1411/672 866/1412/692 853/1413/693
f 746/1414/694 745/1415/695 747/1416/696
f 753/1417/697 750/1370/658 749/1418/698
f 746/1414/694 754/1419/696 750/1370/658
f 732/1397/681 752/1420/699 818/1421/700
f 755/1422/701 775/1423/702 780/1424/703
f 840/1425/704 775/1423/702 755/1422/701
f 840/1426/704 718/1427/705 775/1428/702
f 841/1429/706 757/1430/707 759/1431/708
f 759/1431/708 756/1432/709 841/1429/706
f 775/1433/702 721/1434/710 780/1435/703
f 861/1436/711 782/1437/712 781/1438/713
f 844/1439/714 757/1440/707 841/1441/706
f 781/1442/713 782/1443/712 722/1444/715
f 758/1445/716 760/1446/717 821/1447/718
f 762/1448/719 761/1449/720 763/1450/721
f 746/1414/694 817/1451/722 764/1452/723
f 855/1453/724 796/1454/725 766/1455/726
f 736/1456/727 762/1457/719 763/1458/721
f 856/1459/728 795/1460/729 767/1461/730
f 857/1462/731 798/1463/732 769/1464/733
f 845/1465/734 770/1466/735 849/1467/736
f 858/1468/737 850/1469/738 771/1470/739
f 867/1363/653 719/1362/652 765/1471/740
f 765/1471/740 797/1472/741 867/1363/653
f 765/1473/740 719/1367/652 720/1366/656
f 822/1474/742 780/1424/703 758/1475/716
f 722/1444/715 782/1443/712 757/1440/707
f 757/1440/707 844/1439/714 722/1444/715
f 741/1476/743 804/1477/744 786/1478/745
f 786/1478/745 785/1479/746 741/1476/743
f 724/1480/747 807/1481/748 787/1482/749
f 864/1374/662 727/1373/661 768/1483/750
f 768/1483/750 847/1484/751 864/1374/662
f 768/1485/750 727/1378/661 728/1377/665
f 842/1486/752 729/1381/667 770/1487/735
f 789/1488/753 849/1489/736 770/1490/735
f 770/1490/735 729/1383/667 789/1488/753
f 777/1491/754 772/1492/755 791/1493/684
f 773/1494/756 813/1495/757 792/1496/672
f 731/1497/671 767/1498/730 795/1499/729
f 795/1499/729 716/1500/758 731/1497/671
f 774/1501/759 846/1502/760 794/1503/676
f 731/1387/671 819/1386/670 776/1504/761
f 776/1504/761 767/1505/730 731/1387/671
f 794/1392/676 799/1506/762 778/1393/677
f 793/1396/680 851/1507/763 732/1397/681
f 733/1508/683 766/1509/726 796/1510/725
f 796/1510/725 715/1511/764 733/1508/683
f 733/1399/683 783/1398/682 814/1512/765
f 814/1512/765 766/1513/726 733/1399/683
f 734/1514/675 771/1515/739 850/1516/738
f 850/1516/738 865/1517/766 734/1514/675
f 734/1391/675 723/1390/674 784/1518/767
f 784/1518/767 771/1519/739 734/1391/675
f 735/1520/679 769/1521/733 798/1522/732
f 798/1522/732 717/1523/768 735/1520/679
f 735/1395/679 820/1394/678 848/1524/769
f 848/1524/769 769/1525/733 735/1395/679
f 767/1461/730 776/1526/761 852/1527/770
f 797/1528/741 765/1529/740 863/1530/771
f 766/1455/726 814/1531/765 815/1532/772
f 771/1470/739 784/1533/767 862/1534/773
f 847/1535/751 768/1536/750 714/1537/774
f 769/1464/733 848/1538/769 859/1539/775
f 791/1404/684 730/1403/687 790/1540/685
f 772/1541/755 825/1402/686 791/1404/684
f 793/1407/680 869/1406/689 851/1542/763
f 839/1543/776 737/1405/688 793/1407/680
f 738/1409/690 846/1544/760 816/1545/777
f 816/1545/777 868/1546/778 738/1409/690
f 794/1408/676 838/1410/691 799/1547/762
f 846/1544/760 738/1409/690 794/1408/676
f 792/1411/672 853/1413/693 843/1548/673
f 813/1549/757 866/1412/692 792/1411/672
f 860/1550/779 779/1551/780 800/1552/781
f 803/1553/782 802/1554/783 787/1555/749
f 804/1477/744 741/1476/743 742/1556/784
f 742/1557/784 810/1558/785 817/1559/722
f 817/1559/722 804/1560/744 742/1557/784
f 786/1478/745 806/1561/786 785/1479/746
f 807/1562/748 724/1563/747 743/1564/787
f 806/1565/786 786/1566/745 740/1567/788
f 807/1568/748 743/1569/787 801/1570/789
f 764/1571/723 854/1572/790 808/1573/791
f 817/1559/722 810/1558/785 764/1571/723
f 788/1574/792 739/1575/793 748/1369/657
f 748/1369/657 739/1575/793 740/1576/788
f 740/1576/788 749/1418/698 748/1369/657
f 751/1577/794 800/1578/781 779/1579/780
f 885/1580/795 801/1581/789 800/1578/781
f 800/1578/781 751/1577/794 885/1580/795
f 752/1420/699 809/1582/796 811/1583/797
f 752/1420/699 811/1583/797 805/1584/798
f 749/1418/698 740/1576/788 786/1585/745
f 749/1418/698 786/1585/745 804/1586/744
f 804/1586/744 753/1417/697 749/1418/698
f 817/1451/722 746/1414/694 753/1417/697
f 885/1580/795 807/1481/748 801/1581/789
f 818/1421/700 787/1482/749 807/1481/748
f 807/1481/748 885/1580/795 818/1421/700
f 818/1421/700 805/1584/798 803/1587/782
f 803/1587/782 787/1482/749 818/1421/700
f 812/1588/799 774/1501/759 886/1589/800
f 777/1491/754 791/1493/684 733/1508/683
f 733/1508/683 715/1511/764 777/1491/754
f 773/1494/756 792/1496/672 731/1497/671
f 731/1497/671 716/1500/758 773/1494/756
f 839/1590/776 793/1591/680 735/1520/679
f 735/1520/679 717/1523/768 839/1590/776
f 774/1501/759 794/1503/676 734/1514/675
f 734/1514/675 865/1517/766 774/1501/759
f 822/1474/742 826/1592/801 755/1422/701
f 715/1511/764 722/1444/715 844/1439/714
f 715/1511/764 796/1510/725 781/1442/713
f 781/1442/713 722/1444/715 715/1511/764
f 863/1530/771 765/1529/740 758/1445/716
f 758/1445/716 821/1447/718 863/1530/771
f 842/1486/752 833/1593/802 824/1382/668
f 777/1491/754 715/1511/764 844/1439/714
f 755/1422/701 826/1592/801 829/1594/803
f 836/1595/804 830/1596/805 761/1597/720
f 763/1450/721 761/1449/720 830/1598/805
f 746/1414/694 747/1416/696 754/1419/696
f 718/1427/705 840/1426/704 762/1457/719
f 762/1457/719 736/1456/727 718/1427/705
f 844/1439/714 841/1441/706 776/1504/761
f 776/1504/761 819/1386/670 844/1439/714
f 842/1486/752 770/1487/735 768/1485/750
f 768/1485/750 728/1377/665 842/1486/752
f 862/1534/773 784/1533/767 798/1463/732
f 798/1463/732 857/1462/731 862/1534/773
f 777/1491/754 844/1439/714 819/1386/670
f 819/1386/670 843/1389/673 777/1491/754
f 755/1422/701 829/1594/803 836/1595/804
f 836/1595/804 761/1597/720 755/1422/701
f 864/1374/662 870/1599/659 726/1375/663
f 826/1592/801 822/1474/742 720/1366/656
f 720/1366/656 828/1365/655 826/1592/801
f 822/1474/742 758/1475/716 765/1473/740
f 765/1473/740 720/1366/656 822/1474/742
f 823/1600/806 781/1601/713 796/1454/725
f 796/1454/725 855/1453/724 823/1600/806
f 866/1412/692 869/1406/689 868/1546/778
f 777/1491/754 843/1389/673 772/1492/755
f 737/1405/688 839/1543/776 799/1547/762
f 799/1547/762 838/1410/691 737/1405/688
f 833/1593/802 842/1486/752 832/1376/664
f 730/1403/687 825/1402/686 868/1546/778
f 813/1495/757 773/1494/756 732/1397/681
f 814/1512/765 783/1398/682 886/1589/800
f 868/1546/778 816/1545/777 790/1540/685
f 790/1540/685 730/1403/687 868/1546/778
f 744/1602/807 809/1603/796 795/1460/729
f 795/1460/729 856/1459/728 744/1602/807
f 746/1414/694 808/1604/791 763/1450/721
f 812/1588/799 886/1589/800 783/1398/682
f 783/1398/682 790/1401/685 812/1588/799
f 741/1476/743 785/1479/746 724/1563/747
f 724/1563/747 787/1555/749 741/1476/743
f 785/1479/746 806/1561/786 743/1564/787
f 743/1564/787 724/1563/747 785/1479/746
f 806/1565/786 740/1567/788 801/1570/789
f 801/1570/789 743/1569/787 806/1565/786
f 764/1571/723 810/1558/785 805/1605/798
f 805/1605/798 811/1606/797 764/1571/723
f 721/1434/710 775/1433/702 759/1607/708
f 821/1447/718 760/1446/717 781/1601/713
f 781/1601/713 823/1600/806 821/1447/718
f 863/1530/771 855/1453/724 766/1455/726
f 736/1456/727 856/1459/728 767/1461/730
f 714/1537/774 857/1462/731 769/1464/733
f 845/1465/734 858/1468/737 771/1470/739
f 759/1607/708 861/1436/711 721/1434/710
f 767/1461/730 852/1527/770 736/1456/727
f 766/1455/726 815/1532/772 863/1530/771
f 771/1470/739 862/1534/773 845/1465/734
f 769/1464/733 859/1539/775 714/1537/774
f 860/1550/779 800/1552/781 739/1608/793
f 739/1608/793 788/1609/792 860/1550/779
f 800/1552/781 801/1570/789 740/1567/788
f 740/1567/788 739/1608/793 800/1552/781
f 787/1555/749 802/1554/783 742/1556/784
f 742/1556/784 741/1476/743 787/1555/749
f 810/1558/785 742/1557/784 802/1610/783
f 756/1432/709 759/1431/708 775/1428/702
f 775/1428/702 718/1427/705 756/1432/709
f 861/1436/711 781/1438/713 760/1611/717
f 863/1530/771 815/1532/772 858/1468/737
f 821/1447/718 823/1600/806 855/1453/724
f 855/1453/724 863/1530/771 821/1447/718
f 870/1599/659 864/1374/662 887/1612/659
f 835/1385/669 837/1364/654 880/1613/808
f 874/1614/809 881/1615/810 871/1616/811
f 871/1616/811 882/1617/812 874/1614/809
f 847/1535/751 714/1537/774 788/1609/792
f 751/1577/794 779/1579/780 848/1524/769
f 848/1524/769 820/1394/678 751/1577/794
f 867/1363/653 797/1472/741 849/1489/736
f 849/1489/736 789/1488/753 867/1363/653
f 815/1532/772 814/1531/765 850/1469/738
f 850/1469/738 858/1468/737 815/1532/772
f 866/1412/692 813/1549/757 851/1542/763
f 851/1542/763 869/1406/689 866/1412/692
f 732/1397/681 751/1577/794 820/1394/678
f 778/1393/677 799/1506/762 839/1590/776
f 825/1402/686 772/1541/755 843/1548/673
f 843/1548/673 853/1413/693 825/1402/686
f 736/1456/727 852/1527/770 718/1427/705
f 761/1597/720 762/1618/719 840/1425/704
f 840/1425/704 755/1422/701 761/1597/720
f 852/1527/770 776/1526/761 841/1429/706
f 841/1429/706 756/1432/709 852/1527/770
f 717/1523/768 798/1522/732 784/1518/767
f 784/1518/767 723/1390/674 717/1523/768
f 714/1537/774 768/1536/750 770/1466/735
f 770/1466/735 845/1465/734 714/1537/774
f 839/1590/776 717/1523/768 723/1390/674
f 723/1390/674 778/1393/677 839/1590/776
f 857/1462/731 714/1537/774 845/1465/734
f 845/1465/734 862/1534/773 857/1462/731
f 756/1432/709 718/1427/705 852/1527/770
f 838/1410/691 738/1409/690 869/1406/689
f 869/1406/689 738/1409/690 868/1546/778
f 714/1537/774 859/1539/775 860/1550/779
f 860/1550/779 788/1609/792 714/1537/774
f 859/1539/775 848/1538/769 779/1551/780
f 779/1551/780 860/1550/779 859/1539/775
f 864/1374/662 847/1484/751 788/1574/792
f 788/1574/792 748/1369/657 864/1374/662
f 845/1465/734 849/1467/736 797/1528/741
f 797/1528/741 863/1530/771 845/1465/734
f 732/1397/681 851/1507/763 813/1495/757
f 865/1517/766 850/1516/738 814/1512/765
f 814/1512/765 886/1589/800 865/1517/766
f 774/1501/759 865/1517/766 886/1589/800
f 858/1468/737 845/1465/734 863/1530/771
f 732/1397/681 885/1580/795 751/1577/794
f 812/1588/799 816/1619/777 846/1502/760
f 846/1502/760 774/1501/759 812/1588/799
f 867/1363/653 789/1488/753 873/1620/813
f 873/1620/813 876/1621/814 867/1363/653
f 872/1622/815 880/1613/808 837/1364/654
f 737/1405/688 838/1410/691 869/1406/689
f 763/1450/721 830/1598/805 745/1415/695
f 745/1415/695 746/1414/694 763/1450/721
f 837/1364/654 867/1363/653 872/1622/815
f 716/1500/758 795/1499/729 809/1582/796
f 809/1582/796 752/1420/699 716/1500/758
f 736/1456/727 763/1458/721 808/1573/791
f 808/1573/791 854/1572/790 736/1456/727
f 816/1619/777 812/1588/799 790/1401/685
f 773/1494/756 716/1500/758 752/1420/699
f 752/1420/699 732/1397/681 773/1494/756
f 856/1459/728 736/1456/727 854/1572/790
f 854/1572/790 744/1602/807 856/1459/728
f 825/1402/686 853/1413/693 866/1412/692
f 866/1412/692 868/1546/778 825/1402/686
f 879/1623/816 881/1624/810 878/1625/817
f 878/1625/817 883/1626/818 879/1623/816
f 884/1627/819 871/1628/811 881/1629/810
f 881/1629/810 879/1630/816 884/1627/819
f 877/1631/820 875/1632/821 871/1633/811
f 871/1633/811 884/1634/819 877/1631/820
f 883/1635/818 878/1636/817 875/1637/821
f 875/1637/821 877/1638/820 883/1635/818
f 874/1614/809 878/1639/817 881/1615/810
f 873/1620/813 879/1640/816 883/1641/818
f 883/1641/818 876/1621/814 873/1620/813
f 872/1622/815 877/1642/820 884/1643/819
f 884/1643/819 880/1613/808 872/1622/815
f 876/1621/814 883/1641/818 877/1642/820
f 877/1642/820 872/1622/815 876/1621/814
f 878/1639/817 874/1614/809 882/1617/812
f 880/1613/808 884/1643/819 879/1640/816
f 879/1640/816 873/1620/813 880/1613/808
f 875/1632/821 882/1644/812 871/1633/811
f 882/1645/812 875/1637/821 878/1636/817
f 809/1603/796 744/1602/807 811/1606/797
f 764/1452/723 808/1604/791 746/1414/694
f 764/1571/723 811/1606/797 744/1602/807
f 744/1602/807 854/1572/790 764/1571/723
f 729/1381/667 842/1486/752 824/1382/668
f 729/1383/667 835/1385/669 789/1488/753
f 885/1580/795 732/1397/681 818/1421/700
f 760/1611/717 758/1646/716 780/1435/703
f 780/1435/703 721/1434/710 760/1611/717
f 802/1610/783 803/1647/782 805/1605/798
f 804/1586/744 817/1451/722 753/1417/697
f 728/1377/665 832/1376/664 842/1486/752
f 835/1385/669 873/1620/813 789/1488/753
f 861/1436/711 760/1611/717 721/1434/710
f 864/1374/662 748/1369/657 725/1371/659
f 725/1371/659 887/1612/659 864/1374/662
f 835/1385/669 880/1613/808 873/1620/813
f 867/1363/653 876/1621/814 872/1622/815
f 749/1418/698 750/1370/658 748/1369/657
f 753/1417/697 746/1414/694 750/1370/658
f 780/1424/703 822/1474/742 755/1422/701
f 759/1607/708 757/1648/707 782/1437/712
f 782/1437/712 861/1436/711 759/1607/708
f 818/1421/700 752/1420/699 805/1584/798
f 810/1558/785 802/1610/783 805/1605/798
f 965/1649/822 888/1650/823 966/1651/429
f 966/1651/429 889/1652/824 965/1649/822
f 888/1650/823 965/1649/822 932/1653/825
f 932/1653/825 890/1654/432 888/1650/823
f 967/1655/826 891/1656/827 968/1657/435
f 968/1657/435 892/1658/828 967/1655/826
f 938/1659/437 893/1660/829 891/1656/827
f 891/1656/827 967/1655/826 938/1659/437
f 969/1661/830 894/1662/831 970/1663/832
f 970/1663/832 895/1664/833 969/1661/830
f 943/1665/834 896/1666/444 894/1662/831
f 894/1662/831 969/1661/830 943/1665/834
f 897/1667/835 945/1668/836 898/1669/837
f 898/1669/837 971/1670/448 897/1667/835
f 945/1668/836 947/1671/838 899/1672/839
f 899/1672/839 898/1669/837 945/1668/836
f 972/1673/451 900/1674/840 889/1652/824
f 889/1652/824 966/1651/429 972/1673/451
f 892/1658/828 968/1657/435 973/1675/841
f 973/1675/841 901/1676/842 892/1658/828
f 974/1677/455 902/1678/456 895/1664/833
f 895/1664/833 970/1663/832 974/1677/455
f 971/1670/448 975/1679/457 903/1680/458
f 903/1680/458 897/1667/835 971/1670/448
f 976/1681/459 904/1682/843 900/1674/840
f 900/1674/840 972/1673/451 976/1681/459
f 976/1683/459 899/1672/839 947/1671/838
f 947/1671/838 904/1684/843 976/1683/459
f 901/1676/842 973/1675/841 959/1685/461
f 959/1685/461 905/1686/462 901/1676/842
f 905/1687/462 959/1688/461 890/1654/432
f 890/1654/432 932/1653/825 905/1687/462
f 977/1689/844 906/1690/464 902/1678/456
f 902/1678/456 974/1677/455 977/1689/844
f 893/1660/829 938/1659/437 906/1691/464
f 906/1691/464 977/1692/844 893/1660/829
f 978/1693/845 907/1694/466 903/1680/458
f 903/1680/458 975/1679/457 978/1693/845
f 896/1666/444 943/1665/834 907/1695/466
f 907/1695/466 978/1696/845 896/1666/444
f 908/1697/846 979/1698/847 909/1699/848
f 909/1699/848 980/1700/849 908/1697/846
f 910/1701/850 908/1697/846 980/1700/849
f 980/1700/849 933/1702/851 910/1701/850
f 911/1703/852 981/1704/474 912/1705/475
f 912/1705/475 982/1706/853 911/1703/852
f 913/1707/854 911/1703/852 982/1706/853
f 982/1706/853 983/1708/478 913/1707/854
f 914/1709/855 984/1710/480 915/1711/856
f 915/1711/856 985/1712/857 914/1709/855
f 916/1713/858 914/1709/855 985/1712/857
f 985/1712/857 986/1714/859 916/1713/858
f 988/1715/860 917/1716/861 987/1717/862
f 987/1717/862 918/1718/863 988/1715/860
f 949/1719/864 919/1720/490 917/1716/861
f 917/1716/861 988/1715/860 949/1719/864
f 920/1721/491 909/1699/848 979/1698/847
f 979/1698/847 989/1722/492 920/1721/491
f 921/1723/865 912/1705/475 981/1704/474
f 981/1704/474 990/1724/866 921/1723/865
f 922/1725/495 915/1711/856 984/1710/480
f 984/1710/480 991/1726/496 922/1725/495
f 992/1727/867 923/1728/498 918/1718/863
f 918/1718/863 987/1717/862 992/1727/867
f 924/1729/868 920/1721/491 989/1722/492
f 989/1722/492 993/1730/500 924/1729/868
f 919/1720/490 949/1719/864 924/1731/868
f 924/1731/868 993/1732/500 919/1720/490
f 925/1733/869 921/1723/865 990/1724/866
f 990/1724/866 994/1734/870 925/1733/869
f 933/1702/851 925/1735/869 994/1736/870
f 994/1736/870 910/1701/850 933/1702/851
f 926/1737/871 922/1725/495 991/1726/496
f 991/1726/496 995/1738/504 926/1737/871
f 983/1708/478 926/1739/871 995/1740/504
f 995/1740/504 913/1707/854 983/1708/478
f 927/1741/505 923/1728/498 992/1727/867
f 992/1727/867 996/1742/506 927/1741/505
f 986/1714/859 927/1743/505 996/1744/506
f 996/1744/506 916/1713/858 986/1714/859
f 928/1745/872 932/1746/825 929/1747/508
f 930/1748/873 890/1749/432 933/1750/851
f 933/1750/851 931/1751/874 930/1748/873
f 934/1752/511 938/1753/437 935/1754/875
f 936/1755/876 893/1756/829 954/1757/877
f 954/1757/877 937/1758/878 936/1755/876
f 939/1759/516 943/1760/834 940/1761/879
f 941/1762/880 896/1763/444 956/1764/881
f 956/1764/881 942/1765/882 941/1762/880
f 944/1766/883 945/1767/836 897/1768/835
f 945/1767/836 944/1766/883 919/1769/490
f 919/1769/490 947/1770/838 945/1767/836
f 948/1771/884 949/1772/864 946/1773/885
f 946/1773/885 898/1774/837 948/1771/884
f 930/1748/873 931/1751/874 950/1775/886
f 950/1775/886 948/1771/884 930/1748/873
f 951/1776/887 958/1777/888 928/1745/872
f 928/1745/872 929/1747/508 951/1776/887
f 936/1755/876 937/1758/878 952/1778/889
f 952/1778/889 959/1779/461 936/1755/876
f 953/1780/528 960/1781/890 934/1752/511
f 934/1752/511 935/1754/875 953/1780/528
f 941/1762/880 942/1765/882 954/1757/877
f 954/1757/877 961/1782/891 941/1762/880
f 955/1783/892 962/1784/893 939/1759/516
f 939/1759/516 940/1761/879 955/1783/892
f 898/1774/837 946/1773/885 956/1764/881
f 956/1764/881 963/1785/894 898/1774/837
f 957/1786/895 964/1787/896 944/1766/883
f 944/1766/883 897/1768/835 957/1786/895
f 948/1771/884 950/1775/886 949/1772/864
f 947/1770/838 919/1769/490 958/1777/888
f 958/1777/888 951/1776/887 947/1770/838
f 953/1780/528 905/1788/462 960/1781/890
f 890/1749/432 959/1779/461 952/1778/889
f 952/1778/889 933/1750/851 890/1749/432
f 905/1788/462 932/1746/825 928/1745/872
f 928/1745/872 960/1781/890 905/1788/462
f 954/1757/877 893/1756/829 961/1782/891
f 955/1783/892 938/1753/437 934/1752/511
f 934/1752/511 962/1784/893 955/1783/892
f 956/1764/881 896/1763/444 963/1785/894
f 957/1786/895 943/1760/834 939/1759/516
f 939/1759/516 964/1787/896 957/1786/895
f 929/1747/508 965/1789/822 889/1790/824
f 928/1745/872 979/1791/847 908/1792/846
f 966/1793/429 888/1794/823 930/1748/873
f 980/1795/849 909/1796/848 931/1751/874
f 965/1789/822 929/1747/508 932/1746/825
f 928/1745/872 908/1792/846 910/1797/850
f 930/1748/873 888/1794/823 890/1749/432
f 933/1750/851 980/1795/849 931/1751/874
f 935/1754/875 967/1798/826 892/1799/828
f 934/1752/511 981/1800/474 911/1801/852
f 968/1802/435 891/1803/827 936/1755/876
f 982/1804/853 912/1805/475 937/1758/878
f 967/1798/826 935/1754/875 938/1753/437
f 934/1752/511 911/1801/852 913/1806/854
f 893/1756/829 936/1755/876 891/1803/827
f 937/463/878 954/1807/877 983/1808/478
f 983/1809/478 982/1804/853 937/1758/878
f 940/1761/879 969/1810/830 895/1811/833
f 939/1759/516 984/1812/480 914/1813/855
f 970/1814/832 894/1815/831 941/1762/880
f 985/1816/857 915/1817/856 942/1765/882
f 969/1810/830 940/1761/879 943/1760/834
f 939/1759/516 914/1813/855 916/1818/858
f 896/1763/444 941/1762/880 894/1815/831
f 942/1765/882 956/1764/881 986/1819/859
f 986/1819/859 985/1816/857 942/1765/882
f 944/1766/883 987/1820/862 917/1821/861
f 988/1822/860 918/1823/863 946/1773/885
f 944/1766/883 917/1821/861 919/1769/490
f 898/1774/837 899/1824/839 948/1771/884
f 988/1822/860 946/1773/885 949/1772/864
f 948/1771/884 972/1825/451 966/1793/429
f 966/1793/429 930/1748/873 948/1771/884
f 931/1751/874 909/1796/848 920/1826/491
f 920/1826/491 950/1775/886 931/1751/874
f 929/1747/508 889/1790/824 900/1827/840
f 900/1827/840 951/1776/887 929/1747/508
f 958/1777/888 989/1828/492 979/1791/847
f 979/1791/847 928/1745/872 958/1777/888
f 959/1779/461 973/1829/841 968/1802/435
f 968/1802/435 936/1755/876 959/1779/461
f 937/1758/878 912/1805/475 921/1830/865
f 921/1830/865 952/1778/889 937/1758/878
f 935/1754/875 892/1799/828 901/1831/842
f 901/1831/842 953/1780/528 935/1754/875
f 960/1781/890 990/1832/866 981/1800/474
f 981/1833/474 934/1834/511 960/1835/890
f 961/1782/891 974/1836/455 970/1814/832
f 970/1814/832 941/1762/880 961/1782/891
f 942/1765/882 915/1817/856 922/1837/495
f 922/1838/495 954/1839/877 942/1840/882
f 940/1761/879 895/1811/833 902/1841/456
f 902/1841/456 955/1783/892 940/1761/879
f 962/1784/893 991/1842/496 984/1812/480
f 984/1843/480 939/1844/516 962/1845/893
f 963/1785/894 975/1846/457 971/1847/448
f 971/1847/448 898/1774/837 963/1785/894
f 946/1773/885 918/1823/863 923/1848/498
f 923/1849/498 956/1850/881 946/1851/885
f 903/1852/458 957/1786/895 897/1768/835
f 964/1787/896 992/1853/867 987/1820/862
f 987/1820/862 944/1766/883 964/1787/896
f 948/1771/884 976/1854/459 972/1825/451
f 950/1775/886 920/1826/491 924/1855/868
f 900/1827/840 904/1856/843 951/1776/887
f 993/1857/500 989/1828/492 958/1777/888
f 948/1858/884 899/1672/839 976/1683/459
f 950/1775/886 924/1855/868 949/1772/864
f 947/1770/838 951/1776/887 904/1856/843
f 993/1857/500 958/1777/888 919/1769/490
f 952/1778/889 921/1830/865 925/1859/869
f 905/1788/462 953/1780/528 901/1831/842
f 994/1860/870 990/1832/866 960/1781/890
f 952/1778/889 925/1859/869 933/1750/851
f 960/1781/890 928/1745/872 910/1797/850
f 910/1797/850 994/1860/870 960/1781/890
f 961/1782/891 977/1861/844 974/1836/455
f 954/1862/877 922/1863/495 926/1864/871
f 902/1841/456 906/1865/464 955/1783/892
f 995/1866/504 991/1842/496 962/1784/893
f 977/1861/844 961/1782/891 893/1756/829
f 954/1862/877 926/1864/871 983/1867/478
f 938/1753/437 955/1783/892 906/1865/464
f 962/1784/893 934/1752/511 913/1806/854
f 913/1806/854 995/1866/504 962/1784/893
f 963/1785/894 978/1868/845 975/1846/457
f 956/1764/881 923/1848/498 927/1869/505
f 903/1852/458 907/1870/466 957/1786/895
f 996/1871/506 992/1853/867 964/1787/896
f 978/1868/845 963/1785/894 896/1763/444
f 956/1764/881 927/1869/505 986/1819/859
f 943/1760/834 957/1786/895 907/1870/466
f 964/1787/896 939/1759/516 916/1818/858
f 916/1818/858 996/1871/506 964/1787/896
f 1322/1872/897 998/1873/898 1038/1874/899
f 1037/1875/900 1314/1876/901 1316/1877/902
f 1037/1875/900 999/1878/903 1334/1879/904
f 999/1878/903 1037/1875/900 1331/1880/905
f 1001/1881/906 998/1873/898 1002/1882/907
f 998/1873/898 1001/1881/906 1038/1874/899
f 1001/1881/906 1002/1882/907 1041/1883/908
f 1697/1884/909 1384/1885/910 1383/1886/911
f 1730/1887/912 1429/1888/913 1430/1889/914
f 1695/1890/915 1441/1891/916 1694/1892/917
f 1009/1893/918 1007/1894/919 1010/1895/920
f 1236/1896/921 1009/1893/918 1235/1897/922
f 1009/1893/918 1234/1898/923 1235/1897/922
f 1234/1898/923 1009/1893/918 1010/1895/920
f 1011/1899/924 1060/1900/925 1308/1901/926
f 1060/1900/925 1011/1899/924 1012/1902/927
f 1393/1903/928 1395/1904/929 1663/1905/930
f 1664/1906/931 1396/1907/932 1397/1908/933
f 1397/1908/933 1398/1909/934 1664/1906/931
f 1016/1910/935 1017/1911/936 1309/1912/937
f 1016/1910/935 1018/1913/938 1017/1911/936
f 1018/1913/938 1016/1910/935 1241/1914/939
f 1697/1915/909 1428/1916/940 1468/1917/941
f 1716/1918/942 1713/1919/943 1467/1920/944
f 1104/1921/945 1102/1922/946 1103/1923/947
f 1022/1924/948 1024/1925/949 1023/1926/950
f 1024/1925/949 1022/1924/948 1244/1927/951
f 1317/1928/952 1026/1929/953 1051/1930/954
f 1374/1931/955 1068/1932/956 1046/1933/957
f 1662/1934/958 1389/1935/959 1388/1936/960
f 1530/1937/961 1596/1938/962 1531/1939/963
f 1766/1940/964 1744/1941/965 1738/1942/966
f 1936/1943/967 1939/1944/968 1941/1945/969
f 1462/1946/970 1714/1947/971 1464/1948/972
f 1050/1949/973 1380/1950/974 1329/1951/975
f 1329/1951/975 1380/1950/974 1332/1952/976
f 1326/1953/977 1082/1954/978 1331/1880/905
f 1413/1955/979 1687/1956/980 1412/1957/981
f 1087/1958/982 1560/1959/983 1203/1960/984
f 1016/1910/935 1378/1961/985 1320/1962/986
f 1418/1963/987 1421/1964/988 1684/1965/989
f 1690/1966/990 1571/1967/991 1581/1968/992
f 1320/1962/986 1241/1914/939 1016/1910/935
f 1694/1892/917 1398/1909/934 1695/1890/915
f 1040/1969/993 1038/1874/899 1001/1881/906
f 1414/1970/994 1416/1971/995 1415/1972/996
f 1380/1950/974 998/1873/898 1322/1872/897
f 1380/1950/974 1050/1949/973 998/1873/898
f 1604/1973/997 1602/1974/998 1601/1975/999
f 1004/1976/1000 1312/1977/1001 1366/1978/1002
f 1687/1979/980 1713/1919/1003 1412/1980/981
f 998/1981/898 1000/1982/1004 1002/1983/907
f 1026/1984/953 1055/1985/1005 1051/1986/1006
f 1003/1987/1007 1005/1988/1008 1056/1989/1009
f 997/1990/1010 1053/1991/1011 1060/1992/925
f 1028/1993/1012 1006/1994/1013 1027/1995/1014
f 1006/1994/1013 1026/1984/953 1027/1995/1014
f 1026/1984/953 1006/1994/1013 1055/1985/1005
f 1008/1996/1015 1002/1983/907 1000/1982/1004
f 1002/1983/907 1008/1996/1015 1061/1997/1016
f 1008/1996/1015 1062/1998/1017 1061/1997/1016
f 1007/1894/919 1031/1999/1018 1010/1895/920
f 1031/1999/1018 1007/1894/919 1030/2000/1019
f 1007/1894/919 1028/1993/1012 1030/2000/1019
f 1028/1993/1012 1007/1894/919 1006/1994/1013
f 1062/1998/1017 1008/1996/1015 1063/2001/1020
f 1008/1996/1015 1064/2002/1021 1063/2001/1020
f 1064/2002/1021 1008/1996/1015 1009/1893/918
f 1234/1898/923 1010/1895/920 1233/2003/1022
f 1010/1895/920 1034/2004/1023 1233/2003/1022
f 1034/2004/1023 1010/1895/920 1033/2005/1024
f 1010/1895/920 1031/1999/1018 1033/2005/1024
f 1424/2006/1025 1580/2007/1026 1425/2008/1027
f 1009/1893/918 1236/1896/921 1237/2009/1028
f 1020/2010/1029 1013/2011/1030 1065/2012/1031
f 1013/2011/1030 1020/2010/1029 1012/2013/1032
f 1020/2010/1029 1060/1992/925 1012/2013/1032
f 1060/1992/925 1020/2010/1029 997/1990/1010
f 1019/2014/1033 1005/1988/1008 1003/1987/1007
f 1005/1988/1008 1019/2014/1033 1066/2015/1034
f 1019/2014/1033 1067/2016/1035 1066/2015/1034
f 1065/2012/1031 1017/2017/1036 1022/1924/948
f 1017/2017/1036 1065/2012/1031 1015/2018/1037
f 1065/2012/1031 1013/2011/1030 1015/2018/1037
f 1021/2019/1038 1067/2016/1035 1019/2014/1033
f 1067/2016/1035 1021/2019/1038 1068/2020/956
f 1021/2019/1038 1069/2021/1039 1068/2020/956
f 1069/2021/1039 1021/2019/1038 1023/1926/950
f 1244/1927/951 1022/1924/948 1243/2022/1040
f 1455/2023/1041 1582/2024/1042 1399/2025/1043
f 1069/2021/1039 1023/1926/950 1070/2026/1044
f 1023/1926/950 1232/2027/1045 1070/2026/1044
f 1232/2027/1045 1023/1926/950 1231/2028/1046
f 1023/1926/950 1024/1925/949 1231/2028/1046
f 1460/2029/1047 1411/2030/1048 1709/2031/1049
f 1072/2032/1050 999/2033/903 1083/2034/1051
f 999/2033/903 1072/2032/1050 1334/2035/904
f 1073/2036/1052 1075/2037/1053 1074/2038/1054
f 1075/2037/1053 1073/2036/1052 1084/2039/1055
f 1315/2040/1056 1111/2041/1057 1092/2042/1058
f 1327/2043/1059 1330/2044/1060 1059/2045/1061
f 1417/2046/1062 1690/1966/990 1581/1968/992
f 1051/1986/1006 1055/1985/1005 1082/2047/978
f 1082/2047/978 1055/1985/1005 1083/2034/1051
f 1710/2048/1063 1433/2049/1064 1714/1947/971
f 997/1990/1010 1078/2050/1065 1053/1991/1011
f 1078/2050/1065 997/1990/1010 1077/2051/1066
f 1310/2052/1067 1081/2053/1068 1321/2054/1069
f 1088/2055/1070 1125/2056/1071 1090/2057/1072
f 1136/2058/1073 1091/2059/1074 1092/2042/1058
f 1689/2060/1058 1475/2061/1075 1474/2062/1076
f 1097/2063/1077 1096/2064/1078 1098/2065/1079
f 1134/2066/1080 1111/2041/1057 1110/2067/1081
f 1483/2068/1082 1486/2069/1083 1485/2070/1084
f 1485/2070/1084 1490/2071/1085 1489/2072/1086
f 1133/2073/1087 1110/2074/1081 1107/2075/1088
f 1487/2076/1089 1483/2068/1082 1485/2070/1084
f 1489/2072/1086 1492/2077/1090 1491/2078/1091
f 1700/2079/1092 1705/2080/1093 1384/1885/910
f 1102/1922/946 1131/2081/1094 1103/1923/947
f 1489/2072/1086 1487/2076/1089 1485/2070/1084
f 1495/2082/1095 1498/2083/1096 1497/2084/1097
f 1446/2085/1098 1432/2086/1099 1447/2087/1100
f 1499/2088/1101 1495/2082/1095 1497/2084/1097
f 1129/2089/1102 1102/1922/946 1099/2090/1103
f 1111/2041/1057 1109/2091/1104 1110/2067/1081
f 1482/2092/1105 1481/2093/1106 1483/2068/1082
f 1085/2094/1107 1113/2095/1108 1112/2096/1109
f 1114/2097/1110 1085/2094/1107 1340/2098/1111
f 1086/2099/1112 1116/2100/1113 1115/2101/1114
f 1113/2095/1108 1086/2099/1112 1112/2096/1109
f 1342/2102/1115 1118/2103/1116 1117/2104/1117
f 1116/2105/1113 1342/2102/1115 1115/2106/1114
f 1343/2107/1118 1120/2108/1119 1119/2109/1120
f 1118/2103/1116 1343/2107/1118 1117/2104/1117
f 1206/2110/1121 1356/2111/1122 1140/2112/1123
f 1471/2113/1124 1509/2114/1125 1344/2115/1126
f 1346/2116/1127 1123/2117/1128 1122/2118/1129
f 1124/2119/1130 1346/2116/1127 1087/1958/982
f 1347/2120/1131 1126/2121/1132 1125/2056/1071
f 1123/2117/1128 1347/2122/1131 1122/2118/1129
f 1135/2123/1133 1136/2058/1073 1111/2041/1057
f 1093/2124/1134 1139/2125/1135 1138/2126/1136
f 1137/2127/1137 1093/2124/1134 1136/2058/1073
f 1560/1959/983 1511/2128/1138 1562/2129/1139
f 1345/2130/1140 1120/2108/1119 1121/2131/1141
f 1357/2132/1142 1142/2133/1143 1141/2134/1144
f 1143/2135/1145 1357/2132/1142 1094/2136/1146
f 1358/2137/1147 1145/2138/1148 1144/2139/1149
f 1142/2133/1143 1358/2140/1147 1141/2134/1144
f 1360/2141/1150 1147/2142/1151 1146/2143/1152
f 1145/2138/1148 1360/2141/1150 1144/2139/1149
f 1095/2144/1153 1114/2097/1110 1340/2098/1111
f 1147/2142/1151 1095/2144/1153 1146/2143/1152
f 1304/2145/1154 1148/2146/1155 1215/2147/1156
f 1169/2148/1157 1258/2149/1158 1168/2150/1159
f 1590/2151/1160 1528/2152/1161 1527/2153/1162
f 1172/2154/1163 1262/2155/1164 1171/2156/1165
f 1620/2157/1166 1544/2158/1167 1543/2159/1168
f 1178/2160/1169 1268/2161/1170 1177/2162/1171
f 1202/2163/1172 1291/2164/1173 1201/2165/1174
f 1261/2166/1175 1166/2167/1176 1164/2168/1177
f 1558/2169/1178 1648/2170/1179 1559/2171/1180
f 1532/2172/1181 1599/2173/1182 1533/2174/1183
f 1601/1975/999 1606/2175/1184 1535/2176/1185
f 1627/2177/1186 1516/2178/1187 1628/2179/1188
f 1277/2180/1189 1184/2181/1190 1183/2182/1191
f 1181/2183/1192 1271/2184/1193 1180/2185/1194
f 1157/2186/1195 1249/2187/1196 1156/2188/1197
f 1288/2189/1198 1196/2190/1199 1195/2191/1200
f 1627/2192/1186 1548/2193/1201 1547/2194/1202
f 1540/2195/1203 1616/2196/1204 1541/2197/1205
f 1175/2198/1206 1265/2199/1207 1174/2200/1208
f 1291/2164/1173 1199/2201/1209 1198/2202/1210
f 1199/2201/1209 1288/2189/1198 1198/2202/1210
f 1538/2203/1211 1612/2204/1212 1539/2205/1213
f 1616/2196/1204 1542/2206/1214 1541/2197/1205
f 1150/2207/1215 1152/2208/1216 1149/2209/1217
f 1601/1975/999 1536/2210/1218 1534/2211/1219
f 1422/2212/1220 1407/2213/1221 1406/2214/1222
f 1634/2215/1223 1564/2216/1224 1551/2217/1225
f 1638/2218/1226 1553/2219/1227 1552/2220/1228
f 1531/2221/963 1597/2222/1229 1532/2172/1181
f 1245/2223/1230 1150/2207/1215 1149/2209/1217
f 1525/2224/1231 1590/2151/1160 1527/2153/1162
f 1249/2225/1196 1154/2226/1232 1153/2227/1233
f 1265/2199/1207 1172/2154/1163 1171/2156/1165
f 1546/2228/1234 1627/2192/1186 1547/2194/1202
f 1612/2204/1212 1540/2195/1203 1539/2205/1213
f 1205/2229/1235 1345/2130/1140 1121/2131/1141
f 1203/1960/984 1124/2119/1130 1087/1958/982
f 1213/2230/1236 1303/2231/1237 1216/2232/1238
f 1163/2233/1239 1207/2234/1240 1208/2235/1241
f 1163/2233/1239 1255/2236/1242 1162/2237/1243
f 1616/2238/1204 1482/2092/1105 1487/2076/1089
f 1167/2239/1244 1208/2235/1241 1207/2234/1240
f 1217/2240/1245 1211/2241/1246 1304/2145/1154
f 1213/2230/1236 1216/2232/1238 1212/2242/1247
f 1212/2242/1247 1216/2232/1238 1219/2243/1248
f 1301/2244/1249 1214/2245/1250 1302/2246/1251
f 1214/2245/1250 1303/2231/1237 1302/2246/1251
f 1214/2245/1250 1216/2232/1238 1303/2231/1237
f 1300/2247/1252 1219/2243/1248 1216/2232/1238
f 1215/2147/1156 1213/2230/1236 1304/2145/1154
f 1305/2248/1253 1304/2145/1154 1211/2241/1246
f 1296/2249/1254 1217/2240/1245 1297/2250/1255
f 1217/2240/1245 1218/2251/1256 1297/2250/1255
f 1213/2230/1236 1212/2242/1247 1218/2251/1256
f 1212/2242/1247 1219/2243/1248 1298/2252/1257
f 1219/2243/1248 1299/2253/1258 1298/2252/1257
f 1348/2254/1259 1221/2255/1260 1220/2256/1261
f 1679/2257/1262 1574/2258/1263 1573/2259/1264
f 1573/2259/1264 1724/2260/1265 1679/2257/1262
f 1676/2261/1266 1576/2262/1267 1575/2263/1268
f 1575/2263/1268 1725/2264/1269 1676/2261/1266
f 1745/2265/1270 1747/2266/1271 1767/2267/1272
f 1577/2268/1273 1726/2269/1274 1680/2270/1275
f 1578/2271/1276 1677/2272/1277 1474/2062/1076
f 1231/2028/1046 1109/2273/1104 1232/2027/1045
f 1109/2273/1104 1231/2028/1046 1108/2274/1278
f 1231/2028/1046 1105/2275/1279 1108/2274/1278
f 1105/2275/1279 1231/2028/1046 1024/1925/949
f 1672/2276/1280 1502/2277/1281 1458/2278/1282
f 1233/2003/1022 1226/2279/1283 1234/1898/923
f 1226/2279/1283 1233/2003/1022 1230/2280/1284
f 1233/2003/1022 1229/2281/1285 1230/2280/1284
f 1229/2281/1285 1233/2003/1022 1034/2004/1023
f 1235/1897/922 1226/2279/1283 1227/2282/1286
f 1226/2279/1283 1235/1897/922 1234/1898/923
f 1486/2283/1287 1582/2024/1042 1456/2284/1288
f 1108/2285/1278 1106/2286/1289 1107/2075/1088
f 1238/2287/1290 1239/2288/1291 1240/2289/1292
f 1071/2290/1293 1050/2291/973 1329/2292/1294
f 1727/2293/1295 1352/2294/1296 1677/2272/1277
f 1472/2295/1297 1473/2296/1298 1688/2297/1299
f 1243/2022/1040 1101/2298/1300 1244/1927/951
f 1101/2298/1300 1243/2022/1040 1100/2299/1301
f 1218/2251/1256 1304/2145/1154 1213/2230/1236
f 1244/1927/951 1105/2275/1279 1024/1925/949
f 1105/2275/1279 1244/1927/951 1104/2300/945
f 1244/1927/951 1101/2298/1300 1104/2300/945
f 1149/2301/1217 1246/2302/1302 1245/2303/1230
f 1631/2304/1303 1516/2178/1187 1477/2305/1304
f 1642/2306/1305 1521/2307/1306 1643/2308/1307
f 1171/2156/1165 1263/2309/1308 1267/2310/1309
f 1543/2159/1168 1619/2311/1310 1618/2312/1311
f 1590/2313/1160 1506/2314/1312 1470/2315/1313
f 1590/2313/1160 1507/2316/1314 1591/2317/1315
f 1171/2156/1165 1266/2318/1316 1265/2199/1207
f 1153/2319/1233 1246/2302/1302 1251/2320/1317
f 1196/2321/1199 1142/2133/1143 1193/2322/1318
f 1192/2323/1319 1142/2133/1143 1357/2132/1142
f 1167/2324/1244 1298/2252/1257 1166/2167/1176
f 1601/1975/999 1605/2325/1320 1604/1973/997
f 1164/2326/1177 1123/2117/1128 1346/2116/1127
f 1824/2327/1321 1826/2328/1322 1825/2329/1323
f 1189/2330/1324 1281/2331/1325 1283/2332/1326
f 1552/2220/1228 1554/2333/1327 1638/2218/1226
f 1527/2153/1162 1589/2334/1328 1588/2335/1329
f 1366/1978/1002 1056/2336/1009 1004/1976/1000
f 1562/2129/1139 1536/2337/1218 1600/2338/1330
f 1539/2205/1213 1607/2339/1331 1538/2203/1211
f 1177/2162/1171 1272/2340/1332 1271/2184/1193
f 1150/2207/1215 1114/2097/1110 1248/2341/1333
f 1608/2342/1334 1513/2343/1335 1609/2344/1336
f 1201/2345/1174 1247/2346/1337 1152/2347/1216
f 1557/2348/1338 1641/2349/1339 1556/2350/1340
f 1046/1933/957 1069/2351/1341 1375/2352/1342
f 1190/2353/1343 1280/2354/1344 1189/2355/1324
f 1541/2197/1205 1615/2356/1345 1614/2357/1346
f 1168/2150/1159 1259/2358/1347 1264/2359/1348
f 1616/2238/1204 1488/2360/1349 1617/2361/1350
f 1181/2362/1192 1134/2363/1080 1133/2073/1087
f 1541/2197/1205 1611/2364/1351 1540/2195/1203
f 1180/2185/1194 1275/2365/1352 1274/2366/1353
f 1651/2367/1354 1635/2368/1355 1564/2216/1224
f 1620/2369/1166 1488/2360/1349 1493/2370/1356
f 1198/2371/1210 1292/2372/1357 1291/2373/1173
f 1168/2150/1159 1263/2309/1308 1262/2155/1164
f 1178/2374/1169 1132/2375/1358 1131/2081/1094
f 1623/2376/1359 1500/2377/1360 1624/2378/1361
f 1180/2185/1194 1272/2340/1332 1276/2379/1362
f 1156/2188/1197 1253/2380/1363 1252/2381/1364
f 1514/2382/1365 1613/2383/1366 1612/2384/1212
f 1612/2384/1212 1513/2343/1335 1514/2382/1365
f 1550/2385/1367 1629/2386/1368 1549/2387/1369
f 1549/2387/1369 1626/2388/1370 1548/2193/1201
f 1646/2389/1371 1521/2390/1306 1479/2391/1372
f 1302/2246/1251 1280/2392/1344 1186/2393/1373
f 1207/2394/1240 1257/2395/1374 1295/2396/1375
f 1073/2036/1052 1077/2051/1066 1084/2039/1055
f 1597/2222/1229 1510/2397/1376 1599/2173/1182
f 1191/2398/1377 1285/2399/1378 1284/2400/1379
f 1286/2401/1380 1191/2398/1377 1194/2402/1381
f 1631/2304/1303 1517/2403/1382 1632/2404/1383
f 1154/2226/1232 1116/2100/1113 1086/2099/1112
f 1555/2405/1384 1641/2349/1339 1640/2406/1385
f 1198/2371/1210 1289/2407/1386 1293/2408/1387
f 1154/2226/1232 1113/2095/1108 1151/2409/1388
f 1586/2410/1389 1505/2411/1390 1469/2412/1391
f 1547/2194/1202 1622/2413/1392 1546/2228/1234
f 1543/2159/1168 1615/2356/1345 1542/2206/1214
f 1586/2410/1389 1506/2314/1312 1587/2414/1393
f 1646/2389/1371 1522/2415/1394 1647/2416/1395
f 1156/2188/1197 1250/2417/1396 1254/2418/1397
f 1183/2182/1191 1275/2365/1352 1279/2419/1398
f 1608/2420/1334 1512/2421/1399 1675/2422/1400
f 1157/2423/1195 1118/2103/1116 1342/2102/1115
f 1533/2424/1183 1595/2425/1401 1532/2426/1181
f 1564/2216/1224 1633/2427/1402 1551/2217/1225
f 1206/2110/1121 1190/2353/1343 1210/2428/1403
f 1140/2112/1123 1188/2429/1404 1190/2353/1343
f 1564/2216/1224 1636/2430/1405 1650/2431/1406
f 1562/2129/1139 1599/2173/1182 1510/2397/1376
f 1166/2167/1176 1165/2432/1407 1164/2168/1177
f 1211/2241/1246 1247/2346/1337 1305/2248/1253
f 1246/2302/1302 1211/2241/1246 1217/2240/1245
f 1246/2302/1302 1217/2240/1245 1251/2320/1317
f 1217/2240/1245 1250/2417/1396 1251/2320/1317
f 1296/2249/1254 1250/2417/1396 1217/2240/1245
f 1250/2417/1396 1296/2249/1254 1254/2418/1397
f 1296/2249/1254 1253/2380/1363 1254/2418/1397
f 1297/2250/1255 1253/2380/1363 1296/2249/1254
f 1256/2433/1408 1297/2250/1255 1218/2251/1256
f 1256/2433/1408 1218/2251/1256 1257/2395/1374
f 1257/2395/1374 1218/2251/1256 1212/2242/1247
f 1257/2395/1374 1212/2242/1247 1295/2396/1375
f 1212/2242/1247 1260/2434/1409 1295/2396/1375
f 1298/2252/1257 1260/2434/1409 1212/2242/1247
f 1259/2358/1347 1298/2252/1257 1299/2253/1258
f 1259/2358/1347 1299/2253/1258 1264/2359/1348
f 1299/2253/1258 1263/2309/1308 1264/2359/1348
f 1263/2309/1308 1299/2253/1258 1219/2243/1248
f 1263/2309/1308 1219/2243/1248 1267/2310/1309
f 1219/2243/1248 1266/2318/1316 1267/2310/1309
f 1266/2318/1316 1219/2243/1248 1300/2247/1252
f 1266/2318/1316 1300/2247/1252 1270/2435/1410
f 1300/2247/1252 1269/2436/1411 1270/2435/1410
f 1269/2436/1411 1300/2247/1252 1216/2232/1238
f 1269/2436/1411 1216/2232/1238 1273/2437/1412
f 1216/2232/1238 1272/2340/1332 1273/2437/1412
f 1272/2340/1332 1216/2232/1238 1214/2245/1250
f 1272/2340/1332 1214/2245/1250 1276/2379/1362
f 1214/2245/1250 1275/2365/1352 1276/2379/1362
f 1301/2244/1249 1275/2365/1352 1214/2245/1250
f 1275/2365/1352 1301/2244/1249 1279/2419/1398
f 1301/2244/1249 1278/2438/1413 1279/2419/1398
f 1302/2246/1251 1278/2438/1413 1301/2244/1249
f 1281/2331/1325 1302/2246/1251 1303/2231/1237
f 1281/2331/1325 1303/2231/1237 1283/2332/1326
f 1303/2231/1237 1282/2439/1414 1283/2332/1326
f 1213/2230/1236 1282/2439/1414 1303/2231/1237
f 1213/2230/1236 1286/2401/1380 1282/2439/1414
f 1215/2147/1156 1286/2401/1380 1213/2230/1236
f 1286/2401/1380 1215/2147/1156 1191/2398/1377
f 1215/2147/1156 1285/2399/1378 1191/2398/1377
f 1148/2146/1155 1285/2399/1378 1215/2147/1156
f 1285/2399/1378 1148/2146/1155 1290/2440/1415
f 1148/2146/1155 1289/2407/1386 1290/2440/1415
f 1304/2145/1154 1289/2407/1386 1148/2146/1155
f 1289/2407/1386 1304/2145/1154 1293/2408/1387
f 1304/2145/1154 1292/2372/1357 1293/2408/1387
f 1305/2248/1253 1292/2372/1357 1304/2145/1154
f 1292/2372/1357 1305/2248/1253 1294/2441/1416
f 1305/2248/1253 1247/2346/1337 1294/2441/1416
f 1316/1877/902 1075/2442/1053 1338/2443/1417
f 1075/2442/1053 1316/1877/902 1074/2444/1054
f 1049/2445/1418 1337/2446/1419 1339/2447/1420
f 1049/2445/1418 1078/2448/1065 1337/2446/1419
f 1373/2449/1421 1366/1978/1002 1311/2450/1422
f 1366/1978/1002 1312/1977/1001 1311/2450/1422
f 1495/2082/1095 1493/2370/1356 1491/2078/1091
f 1685/2451/1423 1403/2452/1424 1422/2212/1220
f 1046/1933/957 1045/2453/1425 1029/2454/1426
f 1041/1883/908 1040/1969/993 1001/1881/906
f 1696/2455/1427 1398/1909/934 1665/2456/1428
f 1692/2457/1429 1416/1971/995 1663/2458/930
f 1045/2453/1425 1048/2459/1025 1032/2460/1430
f 1406/2214/1222 1685/2451/1423 1422/2212/1220
f 1324/2461/1431 1326/1953/977 1325/2462/1422
f 1326/1953/977 1323/2463/1422 1325/2462/1422
f 1478/2464/1432 1517/2403/1382 1354/2465/1433
f 1326/1953/977 1366/1978/1002 1372/2466/1421
f 1318/2467/1434 1308/1901/926 1041/1883/908
f 1348/2254/1259 1724/2260/1265 1678/2468/1435
f 1339/2469/1420 1059/2045/1061 1332/2470/976
f 999/1878/903 1331/1880/905 1082/1954/978
f 1383/2471/1436 1460/2029/1047 1461/2472/1437
f 1755/2473/1438 1753/2474/1439 1754/2475/1440
f 1096/2064/1078 1376/2476/1441 1090/2057/1072
f 1706/2477/1442 1467/1920/944 1468/1917/941
f 1707/2478/1443 1706/2477/1442 1702/2479/1444
f 1004/1976/1000 1042/2480/1445 1317/1928/952
f 1478/2464/1432 1138/2126/1136 1356/2111/1122
f 1491/2078/1091 1496/2481/1446 1495/2082/1095
f 1461/2472/1437 1428/2482/940 1383/2471/1436
f 1083/2034/1051 999/2033/903 1082/2047/978
f 1075/2037/1053 1084/2039/1055 1054/2483/1447
f 1462/1946/970 1713/2484/943 1712/2485/1448
f 1460/2029/1047 1705/2486/1449 1410/2487/1450
f 1690/1966/990 1484/2488/1451 1473/2489/1298
f 1112/2096/1109 1469/2412/1391 1085/2094/1107
f 1479/2391/1372 1146/2143/1152 1361/2490/1452
f 1340/2098/1111 1480/2491/1453 1095/2144/1153
f 1470/2315/1313 1115/2101/1114 1341/2492/1454
f 1346/2116/1127 1722/2493/1455 1674/2494/1456
f 1297/2250/1255 1255/2495/1242 1161/2496/1457
f 1726/2269/1274 1351/2497/1458 1680/2270/1275
f 1424/2006/1025 1672/2276/1280 1686/2498/1459
f 1352/2294/1296 1136/2058/1073 1353/2499/1460
f 1673/2500/1461 1119/2109/1120 1344/2115/1126
f 1596/2501/962 1509/2114/1125 1597/2222/1229
f 1403/2452/1424 1405/2502/1462 1422/2212/1220
f 1871/2503/1463 1890/2504/1464 1889/2505/1465
f 1674/2494/1456 1087/1958/982 1346/2116/1127
f 1480/2491/1453 1146/2143/1152 1095/2144/1153
f 1357/2132/1142 1728/2506/1466 1681/2507/1467
f 1469/2412/1391 1340/2098/1111 1085/2094/1107
f 1673/2500/1461 1117/2104/1117 1343/2107/1118
f 1722/2493/1455 1347/2122/1131 1675/2422/1400
f 1089/2508/1468 1242/2509/1469 1239/2288/1291
f 1000/1982/1004 1050/2291/973 1035/2510/1470
f 1050/2291/973 1000/1982/1004 998/1981/898
f 1003/1987/1007 1054/2483/1447 1084/2039/1055
f 1003/1987/1007 1056/1989/1009 1054/2483/1447
f 1000/1982/1004 1083/2034/1051 1055/1985/1005
f 1745/2265/1270 1736/2511/1471 1735/2512/1472
f 1317/1928/952 1365/2513/1421 1364/2514/1421
f 1651/2515/1354 1518/2516/1473 1561/2517/1474
f 1884/2518/1475 1856/2519/1476 1857/2520/1477
f 1078/2448/1065 1049/2445/1418 1053/2521/1011
f 1053/2521/1011 1049/2445/1418 1052/2522/1478
f 1367/2523/1421 1366/1978/1002 1368/2524/1422
f 1366/1978/1002 1373/2449/1421 1368/2524/1422
f 1514/2382/1365 1723/2525/1479 1481/2093/1106
f 1739/2526/1480 1741/2527/1481 1718/2528/1482
f 1312/1977/1001 1004/1976/1000 1371/2529/1001
f 1004/1976/1000 1363/2530/1001 1371/2529/1001
f 1363/2530/1001 1004/1976/1000 1362/2531/1421
f 1699/2532/1483 1742/2533/1484 1766/1940/964
f 1735/2512/1472 1734/2534/1485 1745/2265/1270
f 1745/2265/1270 1768/2535/1486 1746/2536/1487
f 1740/2537/1488 1759/2538/1489 1741/2539/1481
f 1752/2540/1490 1753/2474/1439 1777/2541/1491
f 1749/2542/1492 1748/2543/1493 1732/2544/1494
f 1464/1948/972 1412/2545/981 1462/1946/970
f 1755/2473/1438 1756/2546/1495 1780/2547/1496
f 1731/2548/1497 1748/2543/1493 1771/2549/1498
f 1335/2550/1499 1076/2551/1500 1073/2036/1052
f 1551/2217/1225 1630/2552/1501 1550/2385/1367
f 1760/2553/1502 1754/2475/1440 1752/2540/1490
f 1350/2554/1503 1226/2555/1283 1225/2556/1504
f 1762/2557/1505 1741/2527/1481 1758/2558/1506
f 1619/2311/1310 1545/2559/1507 1657/2560/1508
f 1737/2561/1509 1691/2562/1000 1662/1934/958
f 1755/2473/1438 1669/2563/1510 1764/2564/1511
f 1317/1928/952 1324/2461/1431 1369/2565/1431
f 1317/1928/952 1326/1953/977 1324/2461/1431
f 1317/1928/952 1370/2566/1421 1365/2513/1421
f 1370/2566/1421 1317/1928/952 1369/2565/1431
f 1765/2567/1512 1732/2544/1494 1733/2568/1513
f 1372/2466/1421 1366/1978/1002 1367/2523/1421
f 1326/1953/977 1372/2466/1421 1323/2463/1422
f 1767/2267/1272 1770/2569/1514 1769/2570/1515
f 1780/2547/1496 1782/2571/1516 1781/2572/1517
f 1430/1889/914 1435/2573/1518 1434/2574/1519
f 1786/2575/1520 1788/2576/1521 1787/2577/1522
f 1783/2578/1523 1782/2571/1516 1756/2546/1495
f 1780/2547/1496 1779/2579/1524 1753/2474/1439
f 1774/2580/1525 1773/2581/1526 1748/2582/1493
f 1789/2583/1527 1791/2584/1528 1790/2585/1529
f 1789/2583/1527 1788/2576/1521 1759/2538/1489
f 1037/1875/900 1338/2443/1417 1331/1880/905
f 1790/2585/1529 1805/2586/1530 1788/2576/1521
f 1784/2587/1531 1801/2588/1532 1782/2571/1516
f 1781/2572/1517 1799/2589/1533 1779/2579/1524
f 1769/2590/1515 1807/2591/1534 1791/2592/1528
f 1781/2572/1517 1801/2588/1532 1800/2593/1535
f 1769/2590/1515 1793/2594/1536 1792/2595/1537
f 1500/2596/1360 1503/2597/1538 1515/2598/1539
f 1775/2599/1540 1795/2600/1541 1773/2581/1526
f 1804/2601/1542 1820/2602/1543 1803/2603/1544
f 1802/2604/1545 1818/2605/1546 1801/2588/1532
f 1796/2606/1547 1814/2607/1548 1813/2608/1549
f 1806/2609/1550 1808/2610/1551 1823/2611/1552
f 1792/2595/1537 1810/2612/1553 1809/2613/1554
f 1800/2593/1535 1816/2614/1555 1799/2589/1533
f 1798/2615/1556 1816/2616/1555 1815/2617/1557
f 1794/2618/1558 1812/2619/1559 1811/2620/1560
f 1804/2601/1542 1822/2621/1561 1821/2622/1562
f 1829/2623/1563 1811/2624/1560 1830/2625/1564
f 1830/2626/1564 1828/2627/1565 1829/2628/1563
f 1841/2629/1566 1817/2630/1567 1842/2631/1568
f 1830/2626/1564 1832/2632/1569 1831/2633/1570
f 1824/2327/1321 1828/2627/1565 1827/2634/1571
f 1815/2635/1557 1841/2629/1566 1838/2636/1572
f 1161/2496/1457 1253/2380/1363 1297/2250/1255
f 1834/2637/1573 1832/2638/1569 1833/2639/1574
f 1821/2622/1562 1853/2640/1575 1850/2641/1576
f 1838/2642/1572 1840/2643/1577 1839/2644/1578
f 1850/2645/1576 1852/2646/1579 1851/2647/1580
f 1817/2630/1567 1845/2648/1581 1842/2631/1568
f 1842/2649/1568 1840/2650/1577 1841/2651/1582
f 1159/2652/1583 1120/2108/1119 1343/2107/1118
f 1846/2653/1584 1844/2654/1585 1845/2655/1581
f 1823/2656/1586 1825/2657/1323 1854/2658/1587
f 1838/2642/1572 1836/2659/1588 1837/2660/1589
f 1854/2661/1587 1852/2646/1579 1853/2662/1590
f 1834/2637/1573 1836/2659/1588 1835/2663/1591
f 1839/2644/1578 1863/2664/1592 1862/2665/1593
f 1863/2666/1592 1843/2667/1594 1864/2668/1595
f 1861/2669/1596 1839/2644/1578 1862/2665/1593
f 1883/2670/1597 1827/2634/1571 1856/2519/1476
f 1847/2671/1598 1867/2672/1599 1866/2673/1600
f 1867/2672/1599 1851/2647/1580 1868/2674/1601
f 1831/2633/1570 1859/2675/1602 1858/2676/1603
f 1835/2663/1591 1861/2669/1596 1860/2677/1604
f 1349/2678/1605 1725/2264/1269 1679/2257/1262
f 1475/2061/1075 1672/2276/1280 1425/2008/1027
f 1691/2562/1000 1420/2679/1606 1662/1934/958
f 1887/2680/1607 1856/2519/1476 1871/2503/1463
f 1670/2681/1608 1701/2682/1609 1700/2079/1092
f 1877/2683/1610 1863/2666/1592 1864/2668/1595
f 1884/2518/1475 1858/2676/1603 1872/2684/1611
f 1860/2677/1604 1874/2685/1612 1873/2686/1613
f 1872/2684/1611 1892/2687/1614 1891/2688/1615
f 1873/2686/1613 1894/2689/1616 1893/2690/1617
f 1875/2691/1618 1894/2689/1616 1874/2685/1612
f 1877/2683/1610 1896/2692/1619 1876/2693/1620
f 1875/2691/1618 1896/2694/1619 1895/2695/1621
f 1910/2696/1622 1908/2697/1623 1909/2698/1624
f 1922/2699/1625 1920/2700/1626 1921/2701/1627
f 1909/2698/1628 1891/2688/1615 1910/2696/1622
f 1905/2702/1629 1889/2505/1465 1904/2703/1630
f 1926/2704/1631 1928/2705/1632 1927/2706/1633
f 1904/2703/1634 1908/2697/1623 1907/2707/1635
f 1893/2690/1617 1917/2708/1636 1914/2709/1637
f 1934/2710/1638 1906/2711/1639 1935/2712/1640
f 1934/2713/1638 1932/2714/1641 1933/2715/1642
f 1901/2716/1643 1933/2717/1644 1930/2718/1645
f 1930/2719/1645 1932/2714/1641 1931/2720/1646
f 1899/2721/1647 1929/2722/1648 1926/2704/1649
f 1922/2699/1625 1924/2723/1650 1923/2724/1651
f 1910/2696/1622 1912/2725/1652 1911/2726/1653
f 1921/2701/1627 1897/2727/1654 1922/2699/1625
f 1918/2728/1655 1920/2700/1626 1919/2729/1656
f 1209/2730/1657 1286/2401/1380 1194/2402/1381
f 1942/2731/1658 1928/2705/1632 1943/2732/1659
f 1939/1944/968 1912/2733/1652 1915/2734/1660
f 1390/2735/1661 1574/2736/1662 1575/2737/1268
f 1938/2738/1663 1908/2739/1623 1911/2740/1653
f 1936/1943/967 1935/2741/1640 1944/2742/1664
f 1931/2720/1646 1936/1943/967 1943/2732/1659
f 1040/1969/993 1053/2521/1011 1039/2743/1665
f 1053/2521/1011 1040/1969/993 1060/1900/925
f 1060/1900/925 1040/1969/993 1308/1901/926
f 1684/1965/989 1448/2744/1666 1449/2745/1667
f 1449/2746/1667 1420/2679/1606 1684/2747/989
f 1685/2451/1423 1453/2748/1668 1454/2749/1669
f 1454/2749/1669 1421/1964/988 1685/2451/1423
f 1686/2498/1459 1458/2278/1282 1459/2750/1670
f 1459/2750/1670 1423/2751/1671 1686/2498/1459
f 1704/2752/1672 1705/2080/1673 1701/2682/1674
f 1473/2296/1298 1481/2093/1106 1688/2297/1299
f 1090/2057/1072 1125/2056/1071 1096/2064/1078
f 1136/2058/1073 1092/2042/1058 1111/2041/1057
f 1503/2597/1538 1476/2753/1675 1689/2060/1058
f 1242/2509/1469 1018/1913/938 1241/1914/939
f 1581/1968/992 1572/2754/1676 1445/2755/1677
f 1338/2443/1417 1075/2442/1053 1054/2756/1447
f 1089/2757/1468 1348/2254/1259 1088/2055/1070
f 1044/2758/1678 1067/2759/1035 1374/1931/955
f 1204/2760/1679 1355/2761/1680 1561/2517/1474
f 1318/2762/1434 1002/2763/907 1061/2764/1681
f 1002/2763/907 1318/2762/1434 1041/2765/908
f 1464/1948/972 1466/2766/1682 1413/2767/979
f 1004/1976/1000 1005/2768/1008 1306/2769/1683
f 1320/1962/986 1238/2287/1290 1240/2289/1292
f 1238/2287/1290 1320/1962/986 1064/2770/1021
f 1064/2770/1021 1320/1962/986 1378/1961/985
f 1048/2459/1025 1232/2771/1045 1047/2772/1684
f 1125/2056/1071 1088/2055/1070 1348/2254/1259
f 1678/2468/1435 1571/2773/991 1472/2295/1297
f 1091/2059/1074 1229/2774/1685 1379/2775/1686
f 1091/2059/1074 1136/2058/1073 1352/2294/1296
f 1425/2008/1027 1578/2271/1276 1475/2061/1075
f 1497/2084/1097 1502/2776/1281 1501/2777/1687
f 1054/2756/1447 1366/1978/1002 1338/2443/1417
f 1053/2521/1011 1052/2522/1478 1039/2743/1665
f 1381/2778/1688 1698/2779/1689 1382/2780/1690
f 1321/2781/1069 1333/2782/1691 1327/2043/1059
f 1706/2477/1442 1386/2783/1692 1702/2479/1444
f 1386/2783/1692 1706/2477/1442 1385/2784/1693
f 1414/1970/994 1381/2778/1688 1382/2780/1690
f 1381/2778/1688 1414/1970/994 1387/2785/1694
f 1387/2785/1694 1414/1970/994 1415/1972/996
f 1014/2786/1695 1013/2787/1030 1307/2788/1696
f 1008/1996/1015 1055/1985/1005 1006/1994/1013
f 1438/2789/1697 1439/2790/1698 1442/2791/1699
f 1008/1996/1015 1007/1894/919 1009/1893/918
f 1439/2790/1698 1391/2792/1700 1390/2735/1661
f 1439/2790/1698 1392/2793/1701 1442/2791/1699
f 1392/2793/1701 1439/2790/1698 1390/2735/1661
f 1663/1905/930 1394/2794/1702 1393/1903/928
f 1394/2794/1702 1663/1905/930 1416/2795/995
f 1418/1963/987 1404/2796/1703 1403/2452/1424
f 1079/2797/1704 1310/2798/1067 1036/2799/1705
f 1438/2789/1697 1435/2573/1518 1439/2790/1698
f 1399/2800/1043 1665/2456/1428 1398/1909/934
f 1665/2456/1428 1582/2801/1706 1666/2802/1707
f 1582/2801/1706 1665/2456/1428 1399/2800/1043
f 1003/1987/1007 1020/2010/1029 1019/2014/1033
f 1065/2012/1031 1019/2014/1033 1020/2010/1029
f 1021/2019/1038 1022/1924/948 1023/1926/950
f 1455/2023/1041 1579/2803/1708 1400/2804/1709
f 1579/2803/1708 1455/2023/1041 1452/2805/1710
f 1027/2806/1014 1042/2480/1445 1025/2807/1711
f 1025/2808/1711 1028/2809/1012 1027/2810/1014
f 1030/2811/1019 1043/2812/1712 1029/2454/1426
f 1029/2454/1426 1031/2813/1018 1030/2811/1019
f 1033/2814/1713 1045/2453/1425 1032/2460/1430
f 1032/2460/1430 1034/2815/1023 1033/2814/1713
f 1072/2032/1050 1035/2510/1470 1071/2290/1293
f 1461/2472/1437 1709/2031/1049 1730/1887/912
f 1409/2816/1714 1411/2817/1048 1410/2818/1450
f 1409/2816/1714 1410/2818/1450 1704/2819/1672
f 1703/2820/1715 1717/2821/1716 1702/2479/1444
f 1694/1892/917 1436/2822/1717 1693/2823/1718
f 1471/2113/1124 1203/1960/984 1560/1959/983
f 1680/2270/1275 1228/2824/1719 1727/2825/1295
f 1724/2260/1265 1349/2678/1605 1679/2257/1262
f 1327/2043/1059 1313/2826/1720 1036/2799/1705
f 1025/2808/1711 1374/1931/955 1043/2812/1712
f 1042/2480/1445 1044/2827/1678 1025/2807/1711
f 1048/2459/1025 1328/2828/1280 1032/2460/1430
f 1663/1905/930 1693/2823/1718 1692/2829/1429
f 1381/2778/1688 1409/2816/1714 1698/2779/1689
f 1411/2817/1048 1409/2816/1714 1381/2778/1688
f 1761/2830/1721 1662/1934/958 1729/2831/1722
f 1547/2194/1202 1626/2388/1370 1625/2832/1723
f 1321/2054/1069 1058/2833/1724 1057/2834/1725
f 1429/1888/913 1381/2835/1688 1387/2836/1694
f 1430/1889/914 1402/2837/1726 1431/2838/1727
f 1389/2839/959 1432/2086/1099 1388/2840/960
f 1427/2841/1728 1433/2049/1064 1394/2842/1702
f 1434/2574/1519 1402/2837/1726 1430/1889/914
f 1402/2837/1726 1434/2574/1519 1401/2843/1729
f 1434/2574/1519 1404/2844/1703 1401/2843/1729
f 1436/2845/1730 1435/2573/1518 1437/2846/1731
f 1435/2573/1518 1387/2836/1694 1437/2846/1731
f 1387/2836/1694 1435/2573/1518 1429/1888/913
f 1438/2789/1697 1404/2844/1703 1434/2574/1519
f 1404/2844/1703 1438/2789/1697 1405/2847/1462
f 1438/2789/1697 1407/2848/1221 1405/2847/1462
f 1407/2848/1221 1438/2789/1697 1442/2791/1699
f 1435/2573/1518 1440/2849/1732 1439/2790/1698
f 1440/2849/1732 1435/2573/1518 1441/2850/916
f 1435/2573/1518 1436/2845/1730 1441/2850/916
f 1442/2791/1699 1392/2793/1701 1443/2851/1733
f 1407/2848/1221 1442/2791/1699 1408/2852/1734
f 1442/2791/1699 1580/2853/1026 1408/2852/1734
f 1580/2853/1026 1442/2791/1699 1443/2851/1733
f 1391/2792/1700 1439/2790/1698 1444/2854/1735
f 1009/1893/918 1238/2855/1736 1064/2002/1021
f 1446/2085/1098 1394/2842/1702 1433/2049/1064
f 1394/2842/1702 1446/2085/1098 1393/2856/928
f 1446/2085/1098 1396/2857/932 1393/2856/928
f 1396/2857/932 1446/2085/1098 1450/2858/1737
f 1448/2859/1666 1447/2087/1100 1449/2860/1667
f 1447/2087/1100 1389/2839/959 1449/2860/1667
f 1389/2839/959 1447/2087/1100 1432/2086/1099
f 1396/2857/932 1450/2858/1737 1397/2861/1738
f 1450/2858/1737 1399/2025/1043 1397/2861/1738
f 1399/2025/1043 1450/2858/1737 1455/2023/1041
f 1451/2862/1739 1453/2863/1668 1452/2805/1710
f 1453/2863/1668 1451/2862/1739 1454/2864/1669
f 1451/2862/1739 1448/2859/1666 1454/2864/1669
f 1448/2859/1666 1451/2862/1739 1447/2087/1100
f 1455/2023/1041 1400/2804/1709 1456/2284/1288
f 1439/2790/1698 1445/2865/1677 1444/2854/1735
f 1579/2803/1708 1452/2805/1710 1457/2866/1740
f 1452/2805/1710 1458/2867/1741 1457/2866/1740
f 1458/2867/1741 1452/2805/1710 1459/2868/1670
f 1452/2805/1710 1453/2863/1668 1459/2868/1670
f 1464/1948/972 1715/2869/1742 1465/2870/1743
f 1461/2472/1437 1386/2871/1692 1385/2872/1693
f 1386/2871/1692 1461/2472/1437 1730/1887/912
f 1462/1946/970 1463/2873/1744 1710/2048/1063
f 1463/2873/1744 1462/1946/970 1712/2485/1448
f 1076/2551/1500 1078/2050/1065 1077/2051/1066
f 1103/1923/947 1105/2874/1279 1104/1921/945
f 1700/2079/1092 1687/1956/980 1670/2681/1608
f 1349/2678/1605 1223/2875/1745 1222/2876/1746
f 1430/1889/914 1703/2877/1747 1730/1887/912
f 1703/2877/1747 1430/1889/914 1431/2838/1727
f 1809/2878/1748 1829/2623/1563 1824/2879/1749
f 1433/2049/1064 1715/2869/1742 1714/1947/971
f 1715/2869/1742 1433/2049/1064 1427/2841/1728
f 1723/2525/1479 1472/2295/1297 1688/2297/1299
f 1684/2747/989 1419/2880/1750 1418/2881/987
f 1328/2828/1280 1315/2040/1056 1379/2775/1686
f 1474/2062/1076 1353/2499/1460 1689/2060/1058
f 1729/2831/1722 1702/2479/1444 1717/2821/1716
f 1481/2093/1106 1484/2882/1451 1483/2068/1082
f 1493/2370/1356 1489/2072/1086 1491/2078/1091
f 1100/2883/1301 1098/2065/1079 1099/2090/1103
f 1450/2858/1737 1447/2087/1100 1451/2862/1739
f 1106/2286/1289 1133/2073/1087 1107/2075/1088
f 1131/2081/1094 1106/2286/1289 1103/1923/947
f 1670/2681/1608 1466/2884/1682 1671/2885/1751
f 1073/2036/1052 1336/2886/1752 1335/2550/1499
f 1501/2777/1687 1499/2088/1101 1497/2084/1097
f 1098/2065/1079 1129/2089/1102 1099/2090/1103
f 1107/2075/1088 1109/2887/1104 1108/2285/1278
f 1502/2277/1281 1503/2597/1538 1501/2888/1687
f 1128/2889/1753 1096/2064/1078 1127/2890/1754
f 1469/2412/1391 1505/2411/1390 1504/2891/1755
f 1506/2314/1312 1469/2412/1391 1719/2892/1756
f 1470/2315/1313 1506/2314/1312 1719/2892/1756
f 1507/2316/1314 1470/2315/1313 1341/2492/1454
f 1945/2893/1757 1507/2894/1314 1341/2895/1454
f 1508/2896/1758 1945/2893/1757 1720/2897/1759
f 1673/2500/1461 1508/2896/1758 1720/2897/1759
f 1509/2114/1125 1673/2500/1461 1344/2115/1126
f 1204/2760/1679 1143/2135/1145 1094/2136/1146
f 1857/2520/1477 1831/2633/1570 1858/2676/1603
f 1674/2494/1456 1511/2128/1138 1721/2898/1760
f 1512/2421/1399 1674/2494/1456 1722/2493/1455
f 1675/2422/1400 1512/2421/1399 1722/2493/1455
f 1513/2343/1335 1675/2899/1400 1723/2525/1479
f 1515/2598/1539 1353/2499/1460 1516/2178/1187
f 1127/2890/1754 1125/2056/1071 1126/2121/1132
f 1477/2305/1304 1516/2178/1187 1353/2499/1460
f 1517/2403/1382 1477/2305/1304 1354/2465/1433
f 1356/2111/1122 1139/2125/1135 1140/2112/1123
f 1681/2507/1467 1519/2900/1761 1355/2761/1680
f 1520/2901/1762 1681/2507/1467 1728/2506/1466
f 1682/2902/1763 1520/2901/1762 1728/2506/1466
f 1521/2390/1306 1682/2903/1763 1359/2904/1764
f 1479/2391/1372 1521/2390/1306 1359/2904/1764
f 1522/2415/1394 1479/2391/1372 1361/2490/1452
f 1480/2491/1453 1522/2415/1394 1361/2490/1452
f 1505/2411/1390 1480/2491/1453 1504/2891/1755
f 1566/2905/1765 1523/2906/1766 1660/2907/1767
f 1648/2170/1179 1583/2908/1768 1559/2171/1180
f 1544/2158/1167 1623/2909/1359 1545/2559/1507
f 1542/2206/1214 1620/2157/1166 1543/2159/1168
f 1271/2184/1193 1178/2160/1169 1177/2162/1171
f 1528/2152/1161 1593/2910/1769 1529/2911/1770
f 1623/2909/1359 1546/2228/1234 1545/2559/1507
f 1261/2912/1175 1205/2229/1235 1208/2235/1241
f 1284/2400/1379 1192/2913/1319 1191/2398/1377
f 1178/2374/1169 1130/2914/1771 1176/2915/1772
f 1620/2369/1166 1494/2916/1773 1621/2917/1774
f 1158/2918/1775 1161/2919/1457 1159/2652/1583
f 1161/2919/1457 1160/2920/1776 1159/2652/1583
f 1583/2908/1768 1586/2921/1389 1524/2922/1777
f 1608/2923/1334 1538/2203/1211 1537/2924/1778
f 1646/2925/1371 1558/2169/1178 1557/2348/1338
f 1262/2155/1164 1169/2148/1157 1168/2150/1159
f 1642/2926/1305 1556/2350/1340 1555/2405/1384
f 1154/2226/1232 1245/2223/1230 1153/2227/1233
f 1274/2366/1353 1181/2183/1192 1180/2185/1194
f 1556/2350/1340 1646/2925/1371 1557/2348/1338
f 1586/2921/1389 1525/2224/1231 1524/2922/1777
f 1186/2393/1373 1185/2927/1779 1277/2180/1189
f 1534/2928/1219 1512/2421/1399 1606/2929/1184
f 1184/2181/1190 1274/2366/1353 1183/2182/1191
f 1186/2393/1373 1188/2930/1404 1187/2931/1780
f 1593/2910/1769 1530/1937/961 1529/2911/1770
f 1190/2353/1343 1209/2932/1657 1210/2428/1403
f 1051/1930/954 1326/1953/977 1317/1928/952
f 1191/2933/1377 1287/2934/1781 1194/2935/1381
f 1268/2161/1170 1175/2198/1206 1174/2200/1208
f 1196/2936/1199 1284/2400/1379 1195/2937/1200
f 1152/2208/1216 1202/2163/1172 1201/2165/1174
f 1252/2381/1364 1157/2186/1195 1156/2188/1197
f 1535/2176/1185 1608/2923/1334 1537/2924/1778
f 1549/2387/1369 1628/2938/1188 1631/2939/1303
f 1562/2129/1139 1471/2113/1124 1560/1959/983
f 1561/2517/1474 1518/2516/1473 1478/2464/1432
f 1519/2900/1761 1561/2517/1474 1355/2761/1680
f 1659/2940/1782 1566/2905/1765 1567/2941/1783
f 1566/2905/1765 1659/2940/1782 1565/2942/1784
f 1181/2362/1192 1132/2375/1358 1179/2943/1785
f 1194/2935/1381 1210/2428/1403 1209/2932/1657
f 1550/2385/1367 1634/2215/1223 1551/2217/1225
f 1652/2944/1786 1568/2945/1787 1566/2905/1765
f 1567/2941/1783 1566/2905/1765 1569/2946/1788
f 1567/2941/1783 1569/2946/1788 1570/2947/1789
f 1567/2941/1783 1657/2560/1508 1659/2940/1782
f 1659/2940/1782 1657/2560/1508 1629/2386/1368
f 1657/2560/1508 1658/2948/1790 1629/2386/1368
f 1570/2947/1789 1656/2949/1791 1567/2941/1783
f 1566/2905/1765 1660/2907/1767 1652/2944/1786
f 1660/2907/1767 1661/2950/1792 1652/2944/1786
f 1568/2945/1787 1652/2944/1786 1588/2335/1329
f 1566/2905/1765 1568/2945/1787 1654/2951/1793
f 1654/2951/1793 1568/2945/1787 1653/2952/1794
f 1569/2946/1788 1566/2905/1765 1654/2951/1793
f 1655/2953/1795 1570/2947/1789 1604/1973/997
f 1570/2947/1789 1569/2946/1788 1604/1973/997
f 1572/2954/1676 1678/2468/1435 1724/2260/1265
f 1084/2039/1055 997/1990/1010 1003/1987/1007
f 1563/2955/1796 1598/2956/1797 1533/2424/1183
f 1351/2497/1458 1229/2957/1685 1228/2824/1719
f 1706/2477/1442 1428/1916/940 1385/2784/1693
f 1451/2862/1739 1455/2023/1041 1450/2858/1737
f 1457/2866/1740 1496/2958/1798 1579/2803/1708
f 1496/2958/1798 1457/2866/1740 1498/2959/1096
f 1457/2866/1740 1502/2960/1799 1498/2959/1096
f 1502/2960/1799 1457/2866/1740 1458/2867/1741
f 1072/2032/1050 1058/2961/1724 1334/2035/904
f 1443/2851/1733 1578/2962/1800 1580/2853/1026
f 1578/2962/1800 1443/2851/1733 1577/2963/1273
f 1443/2851/1733 1576/2964/1801 1577/2963/1273
f 1576/2964/1801 1443/2851/1733 1392/2793/1701
f 1390/2735/1661 1576/2964/1801 1392/2793/1701
f 1576/2964/1801 1390/2735/1661 1575/2737/1268
f 1235/1897/922 1223/2965/1802 1236/1896/921
f 1236/1896/921 1224/2966/1803 1237/2009/1028
f 1224/2966/1803 1238/2855/1736 1237/2009/1028
f 1581/1968/992 1445/2755/1677 1417/2046/1062
f 1239/2288/1291 1221/2967/1260 1089/2508/1468
f 1471/2113/1124 1119/2109/1120 1345/2130/1140
f 1676/2261/1266 1225/2556/1504 1726/2269/1274
f 1018/2968/1804 1100/2299/1301 1243/2022/1040
f 1456/2284/1288 1490/2969/1085 1486/2283/1287
f 1490/2969/1085 1456/2284/1288 1400/2804/1709
f 1490/2969/1085 1400/2804/1709 1492/2970/1090
f 1400/2804/1709 1496/2958/1798 1492/2970/1090
f 1496/2958/1798 1400/2804/1709 1579/2803/1708
f 1524/2922/1777 1584/2971/1805 1583/2908/1768
f 1585/2972/1806 1524/2922/1777 1525/2224/1231
f 1187/2973/1780 1137/2127/1137 1185/2974/1779
f 1202/2163/1172 1147/2142/1151 1200/2975/1807
f 1534/2928/1219 1511/2128/1138 1674/2494/1456
f 1157/2423/1195 1116/2105/1113 1155/2976/1808
f 1388/1936/960 1729/2831/1722 1662/1934/958
f 1529/2911/1770 1589/2334/1328 1528/2152/1161
f 1592/2977/1809 1529/2911/1770 1530/1937/961
f 1169/2978/1157 1126/2121/1132 1347/2120/1131
f 1648/2979/1179 1522/2415/1394 1480/2491/1453
f 1531/1939/963 1592/2977/1809 1530/1937/961
f 1595/2425/1401 1531/1939/963 1532/2426/1181
f 1479/2391/1372 1144/2139/1149 1360/2141/1150
f 1199/2201/1209 1145/2138/1148 1197/2980/1810
f 1162/2981/1243 1256/2433/1408 1257/2395/1374
f 1624/2982/1361 1515/2598/1539 1627/2177/1186
f 1549/2387/1369 1632/2983/1383 1550/2385/1367
f 1561/2517/1474 1554/2984/1327 1651/2515/1354
f 1166/2167/1176 1259/2358/1347 1258/2149/1158
f 1159/2652/1583 1118/2103/1116 1158/2918/1775
f 1527/2153/1162 1585/2972/1806 1525/2224/1231
f 1537/2924/1778 1605/2325/1320 1535/2176/1185
f 1607/2339/1331 1537/2924/1778 1538/2203/1211
f 1648/2979/1179 1505/2411/1390 1526/2985/1811
f 1150/2207/1215 1113/2095/1108 1085/2094/1107
f 1153/2319/1233 1250/2417/1396 1249/2187/1196
f 1558/2169/1178 1644/2986/1812 1557/2348/1338
f 1173/2987/1813 1127/2890/1754 1172/2988/1163
f 1172/2988/1163 1126/2121/1132 1170/2989/1814
f 1355/2761/1680 1357/2132/1142 1681/2507/1467
f 1195/2937/1200 1285/2399/1378 1290/2440/1415
f 1175/2990/1206 1130/2914/1771 1129/2089/1102
f 1175/2990/1206 1128/2889/1753 1173/2987/1813
f 1555/2405/1384 1637/2991/1815 1553/2219/1227
f 1174/2200/1208 1266/2318/1316 1270/2435/1410
f 1600/2338/1330 1602/2992/998 1563/2993/1796
f 1623/2376/1359 1494/2916/1773 1499/2088/1101
f 1622/2413/1392 1545/2559/1507 1546/2228/1234
f 1225/2556/1504 1230/2994/1816 1351/2497/1458
f 1121/2131/1141 1160/2920/1776 1163/2233/1239
f 1563/2993/1796 1599/2173/1182 1600/2338/1330
f 1201/2345/1174 1292/2372/1357 1294/2441/1416
f 1183/2182/1191 1278/2438/1413 1277/2180/1189
f 1184/2995/1190 1137/2127/1137 1135/2123/1133
f 1135/2123/1133 1182/2996/1817 1184/2995/1190
f 1192/2323/1319 1143/2135/1145 1287/2934/1781
f 1186/2393/1373 1278/2438/1413 1302/2246/1251
f 1638/2997/1226 1519/2900/1761 1681/2507/1467
f 1593/2998/1769 1507/2894/1314 1945/2893/1757
f 1375/2352/1342 1070/2999/1044 1048/2459/1025
f 1287/2934/1781 1206/2110/1121 1210/2428/1403
f 1552/2220/1228 1636/2430/1405 1635/2368/1355
f 1637/2991/1815 1552/2220/1228 1553/2219/1227
f 1596/2501/962 1508/2896/1758 1673/2500/1461
f 1195/2937/1200 1289/2407/1386 1288/3000/1198
f 1539/2205/1213 1611/2364/1351 1610/3001/1818
f 1638/2997/1226 1520/2901/1762 1639/3002/1819
f 1169/3003/1157 1123/2117/1128 1165/3004/1407
f 1174/2200/1208 1269/2436/1411 1268/2161/1170
f 1177/2162/1171 1269/2436/1411 1273/2437/1412
f 1196/2190/1199 1145/2138/1148 1358/2137/1147
f 1642/2306/1305 1520/2901/1762 1682/2902/1763
f 1559/2171/1180 1645/3005/1820 1558/2169/1178
f 1584/2971/1805 1559/2171/1180 1583/2908/1768
f 1202/2163/1172 1114/2097/1110 1095/2144/1153
f 1593/2998/1769 1508/2896/1758 1594/3006/1821
f 1283/2332/1326 1209/2730/1657 1189/2330/1324
f 1680/2270/1275 1578/3007/1276 1577/2268/1273
f 1632/2404/1383 1518/2516/1473 1634/3008/1223
f 1563/2955/1796 1603/3009/1822 1649/3010/1823
f 1889/2505/1465 1909/2698/1628 1904/2703/1630
f 1199/2201/1209 1147/2142/1151 1360/2141/1150
f 1652/2944/1786 1584/2971/1805 1524/2922/1777
f 1584/2971/1805 1652/2944/1786 1661/2950/1792
f 1585/2972/1806 1652/2944/1786 1524/2922/1777
f 1585/2972/1806 1588/2335/1329 1652/2944/1786
f 1588/2335/1329 1589/2334/1328 1568/2945/1787
f 1568/2945/1787 1589/2334/1328 1529/2911/1770
f 1568/2945/1787 1592/2977/1809 1653/2952/1794
f 1592/2977/1809 1568/2945/1787 1529/2911/1770
f 1653/2952/1794 1592/2977/1809 1531/1939/963
f 1653/2952/1794 1595/2425/1401 1654/2951/1793
f 1595/2425/1401 1653/2952/1794 1531/1939/963
f 1654/2951/1793 1595/2425/1401 1598/2956/1797
f 1654/2951/1793 1598/2956/1797 1569/2946/1788
f 1569/2946/1788 1598/2956/1797 1649/3010/1823
f 1603/3009/1822 1569/2946/1788 1649/3010/1823
f 1603/3009/1822 1604/1973/997 1569/2946/1788
f 1604/1973/997 1605/2325/1320 1655/2953/1795
f 1655/2953/1795 1605/2325/1320 1537/2924/1778
f 1655/2953/1795 1607/2339/1331 1570/2947/1789
f 1607/2339/1331 1655/2953/1795 1537/2924/1778
f 1570/2947/1789 1607/2339/1331 1610/3001/1818
f 1570/2947/1789 1611/2364/1351 1656/2949/1791
f 1611/2364/1351 1570/2947/1789 1610/3001/1818
f 1656/2949/1791 1611/2364/1351 1614/2357/1346
f 1656/2949/1791 1615/2356/1345 1567/2941/1783
f 1615/2356/1345 1656/2949/1791 1614/2357/1346
f 1567/2941/1783 1615/2356/1345 1618/2312/1311
f 1567/2941/1783 1619/2311/1310 1657/2560/1508
f 1619/2311/1310 1567/2941/1783 1618/2312/1311
f 1658/2948/1790 1622/2413/1392 1625/2832/1723
f 1622/2413/1392 1658/2948/1790 1657/2560/1508
f 1626/2388/1370 1658/2948/1790 1625/2832/1723
f 1626/2388/1370 1629/2386/1368 1658/2948/1790
f 1629/2386/1368 1630/2552/1501 1659/2940/1782
f 1659/2940/1782 1630/2552/1501 1633/2427/1402
f 1659/2940/1782 1650/2431/1406 1565/2942/1784
f 1650/2431/1406 1659/2940/1782 1633/2427/1402
f 1636/2430/1405 1565/2942/1784 1650/2431/1406
f 1566/2905/1765 1636/2430/1405 1552/2220/1228
f 1636/2430/1405 1566/2905/1765 1565/2942/1784
f 1637/2991/1815 1566/2905/1765 1552/2220/1228
f 1523/2906/1766 1637/2991/1815 1640/2406/1385
f 1637/2991/1815 1523/2906/1766 1566/2905/1765
f 1641/2349/1339 1523/2906/1766 1640/2406/1385
f 1660/2907/1767 1641/2349/1339 1644/2986/1812
f 1641/2349/1339 1660/2907/1767 1523/2906/1766
f 1645/3005/1820 1660/2907/1767 1644/2986/1812
f 1661/2950/1792 1645/3005/1820 1559/2171/1180
f 1645/3005/1820 1661/2950/1792 1660/2907/1767
f 1584/2971/1805 1661/2950/1792 1559/2171/1180
f 1716/1918/942 1463/3011/1824 1712/3012/1448
f 1463/3011/1824 1716/1918/942 1707/2478/1443
f 1465/3013/1825 1426/3014/1826 1708/3015/1827
f 1715/3016/1742 1426/3014/1826 1465/3013/1825
f 1761/2830/1721 1729/2831/1722 1760/3017/1502
f 1729/2831/1722 1669/3018/1510 1760/3017/1502
f 1029/2454/1426 1374/1931/955 1046/1933/957
f 1414/1970/994 1667/3019/1828 1683/3020/1829
f 1424/2006/1025 1423/2751/1671 1406/2214/1222
f 1698/2779/1689 1667/3019/1828 1382/2780/1690
f 1693/2823/1718 1664/1906/931 1694/1892/917
f 1322/1872/897 1039/2743/1665 1052/2522/1478
f 1699/3021/1483 1717/2821/1716 1762/2557/1505
f 1717/2821/1716 1718/2528/1482 1762/2557/1505
f 1331/1880/905 1366/1978/1002 1326/1953/977
f 1729/2831/1722 1717/2821/1716 1766/3022/964
f 1242/2509/1469 1240/2289/1292 1239/2288/1291
f 1701/2682/1674 1708/3023/1827 1704/2752/1672
f 1702/2479/1444 1386/2783/1692 1703/2820/1715
f 1207/2394/1240 1260/2434/1409 1167/2324/1244
f 1752/3024/1490 1750/3025/1830 1751/3026/1831
f 1332/2470/976 1330/2044/1060 1329/3027/975
f 1691/2562/1000 1402/3028/1726 1419/2880/1750
f 1339/2447/1420 1380/1950/974 1049/2445/1418
f 1327/2043/1059 1310/2798/1067 1321/2781/1069
f 1071/2290/1293 1330/3029/1060 1333/3030/1691
f 1328/2828/1280 1229/2774/1685 1034/2815/1023
f 1386/2871/1692 1730/1887/912 1703/2877/1747
f 1710/2048/1063 1463/2873/1744 1711/3031/1832
f 1047/2772/1684 1109/2091/1104 1315/2040/1056
f 1076/2551/1500 1080/3032/1833 1337/3033/1834
f 1316/1877/902 1336/3034/1752 1074/2444/1054
f 1470/2315/1313 1112/2096/1109 1086/2099/1112
f 1945/2893/1757 1115/2106/1114 1342/2102/1115
f 1675/2899/1400 1125/2056/1071 1723/2525/1479
f 1477/2305/1304 1138/2126/1136 1354/2465/1433
f 1682/2903/1763 1144/2139/1149 1359/2904/1764
f 1477/2305/1304 1136/2058/1073 1093/2124/1134
f 1378/1961/985 1014/2786/1695 1319/3035/1835
f 1678/2468/1435 1125/2056/1071 1348/2254/1259
f 1125/2056/1071 1678/2468/1435 1723/2525/1479
f 1696/2455/1427 1666/2802/1707 1417/2046/1062
f 1379/2775/1686 1092/2042/1058 1091/2059/1074
f 1014/2786/1695 1377/3036/1836 1319/3035/1835
f 1090/2057/1072 1089/2757/1468 1088/2055/1070
f 1318/2762/1434 1307/2788/1696 1011/3037/924
f 1353/2499/1460 1677/2272/1277 1352/2294/1296
f 1725/2264/1269 1350/2554/1503 1676/2261/1266
f 1728/2506/1466 1358/2140/1147 1682/2902/1763
f 1187/2973/1780 1139/2125/1135 1093/2124/1134
f 1429/1888/913 1411/2030/1048 1381/2835/1688
f 1411/2030/1048 1429/1888/913 1709/2031/1049
f 1432/2086/1099 1711/3031/1832 1388/2840/960
f 1711/3031/1832 1432/2086/1099 1710/2048/1063
f 1099/2090/1103 1101/3038/1300 1100/2883/1301
f 1708/3023/1827 1466/2884/1682 1465/3039/1825
f 1945/2893/1757 1117/2104/1117 1720/2897/1759
f 1691/2562/1000 1718/2528/1482 1717/2821/1716
f 1049/2445/1418 1322/1872/897 1052/2522/1478
f 1426/3014/1826 1715/3016/1742 1427/3040/1728
f 1426/3014/1826 1427/3040/1728 1668/3041/1837
f 1669/3018/1510 1729/2831/1722 1764/3042/1511
f 1729/2831/1722 1738/3043/966 1764/3042/1511
f 1765/2567/1512 1751/3044/1831 1749/2542/1492
f 1662/1934/958 1733/2568/1513 1763/3045/1838
f 1733/2568/1513 1662/1934/958 1765/2567/1512
f 1662/1934/958 1761/2830/1721 1765/2567/1512
f 1764/2564/1511 1744/1941/965 1755/2473/1438
f 1731/2548/1497 1747/2266/1271 1734/2534/1485
f 1742/2533/1484 1756/2546/1495 1744/1941/965
f 1758/3046/1506 1759/2538/1489 1786/2575/1520
f 1740/3047/1488 1768/2535/1486 1789/3048/1527
f 1742/2533/1484 1757/3049/1839 1783/2578/1523
f 1071/2290/1293 1057/3050/1725 1072/2032/1050
f 1749/3051/1492 1750/3025/1830 1774/2580/1525
f 1758/3052/1506 1757/3049/1839 1743/3053/1840
f 1762/2557/1505 1743/3054/1840 1699/3021/1483
f 1760/3017/1502 1751/3044/1831 1761/2830/1721
f 1662/1934/958 1763/3045/1838 1737/2561/1509
f 1733/2568/1513 1731/2548/1497 1763/3045/1838
f 1763/3045/1838 1734/2534/1485 1737/2561/1509
f 1718/2528/1482 1691/2562/1000 1739/2526/1480
f 1691/2562/1000 1736/2511/1471 1739/2526/1480
f 1736/2511/1471 1691/2562/1000 1735/2512/1472
f 1739/2526/1480 1746/2536/1487 1740/3047/1488
f 1766/3022/964 1717/2821/1716 1699/3021/1483
f 1729/2831/1722 1766/3022/964 1738/3043/966
f 1771/2549/1498 1773/3055/1526 1772/3056/1841
f 1149/2301/1217 1247/2346/1337 1211/2241/1246
f 1783/2578/1523 1785/3057/1842 1784/2587/1531
f 1771/2549/1498 1770/2569/1514 1747/2266/1271
f 1767/2267/1272 1791/3058/1528 1768/2535/1486
f 1774/2580/1525 1776/3059/1843 1775/2599/1540
f 1777/3060/1491 1776/3059/1843 1750/3025/1830
f 1786/2575/1520 1785/3061/1842 1757/3062/1839
f 1777/3060/1491 1779/3063/1524 1778/3064/1844
f 1772/3065/1841 1795/3066/1541 1794/3067/1558
f 1787/2577/1522 1803/2603/1544 1785/3061/1842
f 1772/3065/1841 1793/2594/1536 1770/3068/1514
f 1775/2599/1540 1797/3069/1845 1796/2606/1547
f 1778/3064/1844 1799/3070/1533 1798/2615/1556
f 1787/2577/1522 1805/2586/1530 1804/2601/1542
f 1778/3064/1844 1797/3069/1845 1776/3059/1843
f 1784/2587/1531 1803/3071/1544 1802/2604/1545
f 1790/2585/1529 1807/3072/1534 1806/2609/1550
f 1800/2593/1535 1818/2605/1546 1817/2630/1567
f 1306/2769/1683 1066/3073/1846 1044/2827/1678
f 1792/2595/1537 1808/3074/1551 1807/2591/1534
f 1796/2606/1547 1812/2619/1559 1795/2600/1541
f 1798/2615/1556 1814/2607/1548 1797/3069/1845
f 1802/2604/1545 1820/3075/1543 1819/3076/1847
f 1806/2609/1550 1822/2621/1561 1805/2586/1530
f 1819/3076/1848 1849/3077/1849 1846/3078/1584
f 1846/2653/1584 1848/3079/1850 1847/3080/1598
f 1845/2648/1581 1819/3076/1848 1846/3078/1584
f 1825/2657/1323 1809/2878/1748 1824/2879/1749
f 1842/2649/1568 1844/2654/1585 1843/3081/1594
f 1220/2256/1261 1224/3082/1803 1349/2678/1605
f 1853/2640/1575 1823/2611/1586 1854/3083/1587
f 1854/2661/1587 1826/3084/1322 1855/3085/1851
f 1850/2645/1576 1848/3086/1850 1849/3087/1849
f 1813/2608/1852 1837/3088/1853 1834/3089/1573
f 1811/2624/1560 1833/3090/1574 1830/2625/1564
f 1164/2326/1177 1124/2119/1130 1261/2912/1175
f 1837/3088/1853 1815/2617/1557 1838/3091/1572
f 1849/3077/1849 1821/3092/1562 1850/3093/1576
f 1833/3094/1574 1813/2608/1852 1834/3089/1573
f 1843/2667/1594 1865/3095/1854 1864/2668/1595
f 1851/2647/1580 1869/3096/1855 1868/2674/1601
f 1478/2464/1432 1204/2760/1679 1561/2517/1474
f 1865/3095/1854 1847/3097/1598 1866/3098/1600
f 1859/3099/1602 1835/2663/1591 1860/2677/1604
f 1869/3096/1855 1855/3085/1851 1870/3100/1856
f 1855/3085/1851 1883/3101/1597 1870/3100/1856
f 1827/2634/1571 1857/2520/1477 1856/2519/1476
f 1865/3095/1854 1877/2683/1610 1864/2668/1595
f 1426/3014/1826 1698/2779/1689 1409/2816/1714
f 1887/3102/1607 1870/3100/1856 1883/3101/1597
f 1880/3103/1857 1867/2672/1599 1868/2674/1601
f 1863/2664/1592 1875/2691/1618 1862/2665/1593
f 1879/3104/1858 1867/3105/1599 1886/3106/1859
f 1708/3015/1827 1409/2816/1714 1704/2819/1672
f 1885/3107/1860 1858/2676/1603 1859/2675/1602
f 1879/3104/1858 1865/3095/1854 1866/3098/1600
f 1882/3108/1861 1869/3096/1855 1870/3100/1856
f 1873/2686/1613 1859/3099/1602 1860/2677/1604
f 1869/3096/1855 1880/3103/1857 1868/2674/1601
f 1862/2665/1593 1874/2685/1612 1861/2669/1596
f 1877/2683/1610 1898/3109/1862 1897/3110/1654
f 1879/3104/1858 1898/3109/1862 1878/3111/1863
f 1871/2503/1463 1888/3112/1864 1887/2680/1607
f 1882/3108/1861 1888/3113/1864 1903/3114/1865
f 1882/3108/1861 1902/3115/1866 1881/3116/1867
f 1879/3117/1858 1900/3118/1868 1899/3119/1647
f 1872/2684/1611 1890/2504/1464 1884/2518/1475
f 1880/3103/1857 1900/3118/1868 1886/3120/1859
f 1873/2686/1613 1892/3121/1614 1885/3122/1860
f 1794/3067/1558 1810/2612/1553 1793/2594/1536
f 1880/3103/1857 1902/3115/1866 1901/2716/1643
f 1903/3114/1865 1905/3123/1629 1934/3124/1869
f 1904/2703/1634 1906/2711/1639 1905/2702/1870
f 1897/2727/1654 1925/3125/1871 1922/2699/1625
f 1926/2704/1631 1924/2723/1650 1925/3125/1872
f 1925/3125/1871 1899/2721/1647 1926/2704/1649
f 1895/2695/1621 1921/3126/1627 1918/3127/1873
f 1933/2717/1644 1903/3114/1865 1934/3124/1869
f 1406/2214/1222 1408/3128/1734 1424/2006/1025
f 1914/3129/1637 1912/2725/1652 1913/3130/1874
f 1717/2821/1716 1431/3131/1875 1691/2562/1000
f 1891/2688/1615 1913/3130/1874 1910/2696/1622
f 1372/2466/1421 1368/2524/1422 1325/2462/1422
f 1369/2565/1431 1325/2462/1422 1311/2450/1422
f 1362/2531/1421 1369/2565/1431 1371/2529/1001
f 1372/2466/1421 1367/2523/1421 1368/2524/1422
f 1325/2462/1422 1323/2463/1422 1372/2466/1421
f 1369/2565/1431 1324/2461/1431 1325/2462/1422
f 1369/2565/1431 1365/2513/1421 1370/2566/1421
f 1362/2531/1421 1364/2514/1421 1365/2513/1421
f 1914/3132/1637 1916/3133/1876 1915/2734/1660
f 1311/2450/1422 1371/2529/1001 1369/2565/1431
f 1917/2708/1636 1895/2695/1621 1918/3127/1873
f 1913/3134/1874 1893/2690/1617 1914/2709/1637
f 1930/2719/1645 1928/2705/1632 1929/2722/1648
f 1918/2728/1655 1916/3133/1876 1917/3135/1636
f 1929/3136/1648 1901/2716/1643 1930/2718/1645
f 1939/1944/968 1944/2742/1664 1937/3137/1877
f 1939/1944/968 1937/3137/1877 1938/2738/1663
f 1941/1945/969 1939/1944/968 1940/3138/1878
f 1942/2731/1658 1936/1943/967 1941/1945/969
f 1222/2876/1746 1227/3139/1286 1350/2554/1503
f 1943/2732/1659 1936/1943/967 1942/2731/1658
f 1908/2739/1623 1937/3137/1877 1907/3140/1635
f 1371/2529/1001 1363/2530/1001 1362/2531/1421
f 1912/2733/1652 1938/2738/1663 1911/2740/1653
f 1941/1945/969 1924/2723/1650 1942/2731/1658
f 1916/3133/1876 1939/1944/968 1915/2734/1660
f 1369/2565/1431 1362/2531/1421 1365/2513/1421
f 1940/3138/1878 1920/2700/1626 1941/1945/969
f 1920/2700/1626 1940/3138/1878 1919/2729/1656
f 1940/3138/1878 1916/3133/1876 1919/2729/1656
f 1916/3133/1876 1940/3138/1878 1939/1944/968
f 1311/2450/1422 1312/1977/1001 1371/2529/1001
f 1941/1945/969 1920/2700/1626 1923/2724/1651
f 1937/3137/1877 1906/3141/1639 1907/3140/1635
f 1942/2731/1658 1924/2723/1650 1927/2706/1633
f 1573/3142/1264 1391/2792/1700 1444/2854/1735
f 1943/2732/1659 1928/2705/1632 1931/2720/1646
f 1906/3141/1639 1944/2742/1664 1935/2741/1640
f 1373/2449/1421 1311/2450/1422 1368/2524/1422
f 1683/3020/1829 1394/3143/1702 1416/1971/995
f 1683/3020/1829 1427/3040/1728 1394/3143/1702
f 1427/3040/1728 1683/3020/1829 1667/3019/1828
f 1419/2880/1750 1401/3144/1729 1418/2881/987
f 1307/3145/1696 1012/1902/927 1011/1899/924
f 1693/3146/1718 1437/3147/1731 1692/2457/1429
f 1553/2219/1227 1642/2926/1305 1555/2405/1384
f 1325/2462/1422 1368/2524/1422 1311/2450/1422
f 1022/1924/948 1018/2968/1804 1243/2022/1040
f 1310/2052/1067 1336/3034/1752 1314/1876/901
f 1723/2525/1479 1688/2297/1299 1481/2093/1106
f 1004/1976/1000 1364/2514/1421 1362/2531/1421
f 1229/2774/1685 1352/2294/1296 1228/3148/1719
f 1689/2060/1058 1353/2499/1460 1503/2597/1538
f 1242/2509/1469 1097/3149/1077 1018/1913/938
f 1582/2801/1706 1690/1966/990 1666/2802/1707
f 1463/3011/1824 1707/2478/1443 1711/3150/1832
f 1339/2469/1420 1080/3151/1833 1313/2826/1879
f 1208/2235/1241 1121/2131/1141 1163/2233/1239
f 1692/2457/1429 1387/2785/1694 1415/1972/996
f 1387/2785/1694 1692/2457/1429 1437/3147/1731
f 1061/2764/1681 1377/3036/1836 1318/2762/1434
f 1319/3035/1835 1062/3152/1880 1063/3153/1020
f 1063/3153/1020 1378/1961/985 1319/3035/1835
f 1696/2455/1427 1440/3154/1881 1695/1890/915
f 1696/2455/1427 1445/2755/1677 1440/3154/1881
f 1445/2755/1677 1696/2455/1427 1417/2046/1062
f 1036/2799/1705 1080/3151/1833 1079/2797/1704
f 1309/1912/937 1015/3155/1037 1014/2786/1695
f 1472/2295/1297 1723/2525/1479 1678/2468/1435
f 1353/2499/1460 1474/2062/1076 1677/2272/1277
f 1578/2271/1276 1474/2062/1076 1475/2061/1075
f 1445/2865/1677 1573/3142/1264 1444/2854/1735
f 1037/1875/900 1058/2833/1724 1081/2053/1068
f 1729/2831/1722 1711/3150/1832 1707/2478/1443
f 1668/3041/1837 1427/3040/1728 1667/3019/1828
f 1468/1917/941 1687/1979/980 1697/1915/909
f 1037/1875/900 1081/2053/1068 1314/1876/901
f 1697/1884/909 1700/2079/1092 1384/1885/910
f 1730/1887/912 1709/2031/1049 1429/1888/913
f 1695/1890/915 1440/3154/1881 1441/1891/916
f 1393/1903/928 1396/1907/932 1395/1904/929
f 1664/1906/931 1395/1904/929 1396/1907/932
f 1397/1908/933 1399/2800/1043 1398/1909/934
f 1697/1915/909 1383/3156/911 1428/1916/940
f 1716/1918/942 1712/3012/1448 1713/1919/943
f 1104/1921/945 1101/3038/1300 1102/1922/946
f 1317/1928/952 1042/2480/1445 1026/1929/953
f 1374/1931/955 1067/2759/1035 1068/1932/956
f 1662/1934/958 1420/2679/1606 1389/1935/959
f 1530/1937/961 1594/3157/1821 1596/1938/962
f 1766/1940/964 1742/2533/1484 1744/1941/965
f 1936/1943/967 1944/2742/1664 1939/1944/968
f 1462/1946/970 1710/2048/1063 1714/1947/971
f 1413/1955/979 1670/2681/1608 1687/1956/980
f 1087/1958/982 1721/2898/1760 1560/1959/983
f 1016/1910/935 1309/1912/937 1378/1961/985
f 1418/1963/987 1403/2452/1424 1421/1964/988
f 1690/1966/990 1473/2489/1298 1571/1967/991
f 1320/1962/986 1240/2289/1292 1241/1914/939
f 1694/1892/917 1664/1906/931 1398/1909/934
f 1040/1969/993 1039/2743/1665 1038/1874/899
f 1414/1970/994 1683/3020/1829 1416/1971/995
f 1604/1973/997 1603/3009/1822 1602/1974/998
f 1687/1979/980 1467/1920/1882 1713/1919/1003
f 1424/2006/1025 1408/3128/1734 1580/2007/1026
f 1455/2023/1041 1456/2284/1288 1582/2024/1042
f 1460/2029/1047 1410/2487/1450 1411/2030/1048
f 1315/2040/1056 1109/2091/1104 1111/2041/1057
f 1327/2043/1059 1333/2782/1691 1330/2044/1060
f 1417/2046/1062 1666/2802/1707 1690/1966/990
f 1710/2048/1063 1432/2086/1099 1433/2049/1064
f 1310/2052/1067 1314/1876/901 1081/2053/1068
f 1689/2060/1058 1476/2753/1675 1475/2061/1075
f 1134/2066/1080 1135/2123/1133 1111/2041/1057
f 1483/2068/1082 1484/2882/1451 1486/2069/1083
f 1485/2070/1084 1486/2069/1083 1490/2071/1085
f 1133/2073/1087 1134/2363/1080 1110/2074/1081
f 1487/2076/1089 1482/2092/1105 1483/2068/1082
f 1489/2072/1086 1490/2071/1085 1492/2077/1090
f 1700/2079/1092 1701/2682/1609 1705/2080/1093
f 1102/1922/946 1130/2914/1771 1131/2081/1094
f 1489/2072/1086 1488/2360/1349 1487/2076/1089
f 1495/2082/1095 1496/2481/1446 1498/2083/1096
f 1446/2085/1098 1433/2049/1064 1432/2086/1099
f 1499/2088/1101 1494/2916/1773 1495/2082/1095
f 1129/2089/1102 1130/2914/1771 1102/1922/946
f 1482/2092/1105 1514/2382/1365 1481/2093/1106
f 1206/2110/1121 1204/2760/1679 1356/2111/1122
f 1471/2113/1124 1510/2397/1376 1509/2114/1125
f 1135/2123/1133 1137/2127/1137 1136/2058/1073
f 1560/1959/983 1721/2898/1760 1511/2128/1138
f 1345/2130/1140 1119/2109/1120 1120/2108/1119
f 1169/2148/1157 1165/2432/1407 1258/2149/1158
f 1590/2151/1160 1591/3158/1315 1528/2152/1161
f 1172/2154/1163 1170/3159/1814 1262/2155/1164
f 1620/2157/1166 1621/3160/1774 1544/2158/1167
f 1178/2160/1169 1176/3161/1772 1268/2161/1170
f 1202/2163/1172 1200/2975/1807 1291/2164/1173
f 1261/2166/1175 1167/2324/1244 1166/2167/1176
f 1558/2169/1178 1647/3162/1395 1648/2170/1179
f 1532/2172/1181 1597/2222/1229 1599/2173/1182
f 1601/1975/999 1534/2211/1219 1606/2175/1184
f 1627/2177/1186 1515/2598/1539 1516/2178/1187
f 1277/2180/1189 1185/2927/1779 1184/2181/1190
f 1181/2183/1192 1179/3163/1785 1271/2184/1193
f 1157/2186/1195 1155/3164/1808 1249/2187/1196
f 1288/2189/1198 1197/2980/1810 1196/2190/1199
f 1627/2192/1186 1628/2938/1188 1548/2193/1201
f 1540/2195/1203 1613/3165/1366 1616/2196/1204
f 1175/2198/1206 1173/3166/1813 1265/2199/1207
f 1291/2164/1173 1200/2975/1807 1199/2201/1209
f 1199/2201/1209 1197/2980/1810 1288/2189/1198
f 1538/2203/1211 1609/3167/1336 1612/2204/1212
f 1616/2196/1204 1617/3168/1350 1542/2206/1214
f 1150/2207/1215 1248/2341/1333 1152/2208/1216
f 1601/1975/999 1602/1974/998 1536/2210/1218
f 1422/2212/1220 1405/2502/1462 1407/2213/1221
f 1634/2215/1223 1651/2367/1354 1564/2216/1224
f 1638/2218/1226 1639/3169/1819 1553/2219/1227
f 1531/2221/963 1596/2501/962 1597/2222/1229
f 1245/2223/1230 1151/2409/1388 1150/2207/1215
f 1525/2224/1231 1587/3170/1393 1590/2151/1160
f 1249/2225/1196 1155/3171/1808 1154/2226/1232
f 1265/2199/1207 1173/3166/1813 1172/2154/1163
f 1546/2228/1234 1624/3172/1361 1627/2192/1186
f 1612/2204/1212 1613/3165/1366 1540/2195/1203
f 1205/2229/1235 1203/1960/984 1345/2130/1140
f 1203/1960/984 1205/2229/1235 1124/2119/1130
f 1163/2233/1239 1162/2237/1243 1207/2234/1240
f 1163/2233/1239 1160/2920/1776 1255/2236/1242
f 1616/2238/1204 1613/2383/1366 1482/2092/1105
f 1167/2239/1244 1261/2912/1175 1208/2235/1241
f 1679/2257/1262 1725/2264/1269 1574/2258/1263
f 1573/2259/1264 1572/2954/1676 1724/2260/1265
f 1676/2261/1266 1726/2269/1274 1576/2262/1267
f 1575/2263/1268 1574/2258/1263 1725/2264/1269
f 1745/2265/1270 1734/2534/1485 1747/2266/1271
f 1577/2268/1273 1576/2262/1267 1726/2269/1274
f 1578/2271/1276 1727/2293/1295 1677/2272/1277
f 1672/2276/1280 1476/2753/1675 1502/2277/1281
f 1486/2283/1287 1484/3173/1883 1582/2024/1042
f 1108/2285/1278 1105/2874/1279 1106/2286/1289
f 1071/2290/1293 1035/2510/1470 1050/2291/973
f 1727/2293/1295 1228/3148/1719 1352/2294/1296
f 1472/2295/1297 1571/2773/991 1473/2296/1298
f 1218/2251/1256 1217/2240/1245 1304/2145/1154
f 1149/2301/1217 1211/2241/1246 1246/2302/1302
f 1631/2304/1303 1628/2179/1188 1516/2178/1187
f 1642/2306/1305 1682/2902/1763 1521/2307/1306
f 1171/2156/1165 1262/2155/1164 1263/2309/1308
f 1543/2159/1168 1544/2158/1167 1619/2311/1310
f 1590/2313/1160 1587/2414/1393 1506/2314/1312
f 1590/2313/1160 1470/2315/1313 1507/2316/1314
f 1171/2156/1165 1267/2310/1309 1266/2318/1316
f 1153/2319/1233 1245/2303/1230 1246/2302/1302
f 1196/2321/1199 1358/2140/1147 1142/2133/1143
f 1192/2323/1319 1193/2322/1318 1142/2133/1143
f 1167/2324/1244 1260/2434/1409 1298/2252/1257
f 1601/1975/999 1535/2176/1185 1605/2325/1320
f 1164/2326/1177 1165/3004/1407 1123/2117/1128
f 1824/2327/1321 1827/2634/1571 1826/2328/1322
f 1189/2330/1324 1280/2392/1344 1281/2331/1325
f 1552/2220/1228 1635/2368/1355 1554/2333/1327
f 1527/2153/1162 1528/2152/1161 1589/2334/1328
f 1366/1978/1002 1054/2756/1447 1056/2336/1009
f 1562/2129/1139 1511/2128/1138 1536/2337/1218
f 1539/2205/1213 1610/3001/1818 1607/2339/1331
f 1177/2162/1171 1273/2437/1412 1272/2340/1332
f 1150/2207/1215 1085/2094/1107 1114/2097/1110
f 1608/2342/1334 1675/2899/1400 1513/2343/1335
f 1201/2345/1174 1294/2441/1416 1247/2346/1337
f 1557/2348/1338 1644/2986/1812 1641/2349/1339
f 1046/1933/957 1068/1932/956 1069/2351/1341
f 1190/2353/1343 1188/2429/1404 1280/2354/1344
f 1541/2197/1205 1542/2206/1214 1615/2356/1345
f 1168/2150/1159 1258/2149/1158 1259/2358/1347
f 1616/2238/1204 1487/2076/1089 1488/2360/1349
f 1181/2362/1192 1182/3174/1817 1134/2363/1080
f 1541/2197/1205 1614/2357/1346 1611/2364/1351
f 1180/2185/1194 1276/2379/1362 1275/2365/1352
f 1651/2367/1354 1554/2333/1327 1635/2368/1355
f 1620/2369/1166 1617/2361/1350 1488/2360/1349
f 1198/2371/1210 1293/2408/1387 1292/2372/1357
f 1168/2150/1159 1264/2359/1348 1263/2309/1308
f 1178/2374/1169 1179/2943/1785 1132/2375/1358
f 1623/2376/1359 1499/2088/1101 1500/2377/1360
f 1180/2185/1194 1271/2184/1193 1272/2340/1332
f 1156/2188/1197 1254/2418/1397 1253/2380/1363
f 1514/2382/1365 1482/2092/1105 1613/2383/1366
f 1612/2384/1212 1609/2344/1336 1513/2343/1335
f 1550/2385/1367 1630/2552/1501 1629/2386/1368
f 1549/2387/1369 1629/2386/1368 1626/2388/1370
f 1646/2389/1371 1643/3175/1307 1521/2390/1306
f 1302/2246/1251 1281/2331/1325 1280/2392/1344
f 1207/2394/1240 1162/2981/1243 1257/2395/1374
f 1073/2036/1052 1076/2551/1500 1077/2051/1066
f 1597/2222/1229 1509/2114/1125 1510/2397/1376
f 1631/2304/1303 1477/2305/1304 1517/2403/1382
f 1154/2226/1232 1155/3171/1808 1116/2100/1113
f 1555/2405/1384 1556/2350/1340 1641/2349/1339
f 1198/2371/1210 1288/3000/1198 1289/2407/1386
f 1154/2226/1232 1086/2099/1112 1113/2095/1108
f 1586/2410/1389 1526/2985/1811 1505/2411/1390
f 1547/2194/1202 1625/2832/1723 1622/2413/1392
f 1543/2159/1168 1618/2312/1311 1615/2356/1345
f 1586/2410/1389 1469/2412/1391 1506/2314/1312
f 1646/2389/1371 1479/2391/1372 1522/2415/1394
f 1156/2188/1197 1249/2187/1196 1250/2417/1396
f 1183/2182/1191 1274/2366/1353 1275/2365/1352
f 1608/2420/1334 1606/2929/1184 1512/2421/1399
f 1157/2423/1195 1158/2918/1775 1118/2103/1116
f 1533/2424/1183 1598/2956/1797 1595/2425/1401
f 1564/2216/1224 1650/2431/1406 1633/2427/1402
f 1206/2110/1121 1140/2112/1123 1190/2353/1343
f 1140/2112/1123 1139/2125/1135 1188/2429/1404
f 1564/2216/1224 1635/2368/1355 1636/2430/1405
f 1562/2129/1139 1600/2338/1330 1599/2173/1182
f 1166/2167/1176 1258/2149/1158 1165/2432/1407
f 1495/2082/1095 1494/2916/1773 1493/2370/1356
f 1685/2451/1423 1421/1964/988 1403/2452/1424
f 1046/1933/957 1375/2352/1342 1045/2453/1425
f 1041/1883/908 1308/1901/926 1040/1969/993
f 1696/2455/1427 1695/1890/915 1398/1909/934
f 1692/2457/1429 1415/1972/996 1416/1971/995
f 1045/2453/1425 1375/2352/1342 1048/2459/1025
f 1406/2214/1222 1423/2751/1671 1685/2451/1423
f 1478/2464/1432 1518/2516/1473 1517/2403/1382
f 1318/2467/1434 1011/1899/924 1308/1901/926
f 1348/2254/1259 1220/2256/1261 1724/2260/1265
f 1339/2469/1420 1313/2826/1879 1059/2045/1061
f 1383/2471/1436 1384/3176/1884 1460/2029/1047
f 1755/2473/1438 1780/2547/1496 1753/2474/1439
f 1096/2064/1078 1097/2063/1077 1376/2476/1441
f 1706/2477/1442 1716/1918/942 1467/1920/944
f 1707/2478/1443 1716/1918/942 1706/2477/1442
f 1004/1976/1000 1306/2769/1683 1042/2480/1445
f 1478/2464/1432 1354/2465/1433 1138/2126/1136
f 1491/2078/1091 1492/2077/1090 1496/2481/1446
f 1461/2472/1437 1385/2872/1693 1428/2482/940
f 1462/1946/970 1412/2545/981 1713/2484/943
f 1460/2029/1047 1384/3176/1884 1705/2486/1449
f 1690/1966/990 1582/2801/1706 1484/2488/1451
f 1112/2096/1109 1719/2892/1756 1469/2412/1391
f 1479/2391/1372 1360/2141/1150 1146/2143/1152
f 1340/2098/1111 1504/2891/1755 1480/2491/1453
f 1470/2315/1313 1086/2099/1112 1115/2101/1114
f 1346/2116/1127 1122/2118/1129 1722/2493/1455
f 1297/2250/1255 1256/2433/1408 1255/2495/1242
f 1726/2269/1274 1225/2556/1504 1351/2497/1458
f 1424/2006/1025 1425/2008/1027 1672/2276/1280
f 1673/2500/1461 1343/2107/1118 1119/2109/1120
f 1596/2501/962 1673/2500/1461 1509/2114/1125
f 1403/2452/1424 1404/2796/1703 1405/2502/1462
f 1871/2503/1463 1884/2518/1475 1890/2504/1464
f 1674/2494/1456 1721/2898/1760 1087/1958/982
f 1480/2491/1453 1361/2490/1452 1146/2143/1152
f 1357/2132/1142 1141/2134/1144 1728/2506/1466
f 1469/2412/1391 1504/2891/1755 1340/2098/1111
f 1673/2500/1461 1720/2897/1759 1117/2104/1117
f 1722/2493/1455 1122/2118/1129 1347/2122/1131
f 1089/2508/1468 1376/3177/1441 1242/2509/1469
f 1000/1982/1004 1035/2510/1470 1083/2034/1051
f 1745/2265/1270 1746/2536/1487 1736/2511/1471
f 1651/2515/1354 1634/3008/1223 1518/2516/1473
f 1884/2518/1475 1871/2503/1463 1856/2519/1476
f 1514/2382/1365 1513/2343/1335 1723/2525/1479
f 1739/2526/1480 1740/3047/1488 1741/2527/1481
f 1699/2532/1483 1743/3053/1840 1742/2533/1484
f 1735/2512/1472 1737/2561/1509 1734/2534/1485
f 1745/2265/1270 1767/2267/1272 1768/2535/1486
f 1740/2537/1488 1789/2583/1527 1759/2538/1489
f 1752/2540/1490 1754/2475/1440 1753/2474/1439
f 1749/2542/1492 1774/3178/1525 1748/2543/1493
f 1464/1948/972 1413/2767/979 1412/2545/981
f 1755/2473/1438 1744/1941/965 1756/2546/1495
f 1731/2548/1497 1732/2544/1494 1748/2543/1493
f 1335/2550/1499 1079/3179/1704 1076/2551/1500
f 1551/2217/1225 1633/2427/1402 1630/2552/1501
f 1760/3017/1502 1669/3018/1510 1754/3180/1440
f 1350/2554/1503 1227/3139/1286 1226/2555/1283
f 1762/2557/1505 1718/2528/1482 1741/2527/1481
f 1619/2311/1310 1544/2158/1167 1545/2559/1507
f 1737/2561/1509 1735/2512/1472 1691/2562/1000
f 1755/2473/1438 1754/2475/1440 1669/2563/1510
f 1765/2567/1512 1749/2542/1492 1732/2544/1494
f 1767/2267/1272 1747/2266/1271 1770/2569/1514
f 1780/2547/1496 1756/2546/1495 1782/2571/1516
f 1430/1889/914 1429/1888/913 1435/2573/1518
f 1786/2575/1520 1759/2538/1489 1788/2576/1521
f 1783/2578/1523 1784/2587/1531 1782/2571/1516
f 1780/2547/1496 1781/2572/1517 1779/2579/1524
f 1774/2580/1525 1775/2599/1540 1773/2581/1526
f 1789/2583/1527 1768/3181/1486 1791/2584/1528
f 1789/2583/1527 1790/2585/1529 1788/2576/1521
f 1037/1875/900 1316/1877/902 1338/2443/1417
f 1790/2585/1529 1806/2609/1550 1805/2586/1530
f 1784/2587/1531 1802/2604/1545 1801/2588/1532
f 1781/2572/1517 1800/2593/1535 1799/2589/1533
f 1769/2590/1515 1792/2595/1537 1807/2591/1534
f 1781/2572/1517 1782/2571/1516 1801/2588/1532
f 1769/2590/1515 1770/3068/1514 1793/2594/1536
f 1500/2596/1360 1501/2888/1687 1503/2597/1538
f 1775/2599/1540 1796/2606/1547 1795/2600/1541
f 1804/2601/1542 1821/2622/1562 1820/2602/1543
f 1802/2604/1545 1819/3076/1847 1818/2605/1546
f 1796/2606/1547 1797/3069/1845 1814/2607/1548
f 1806/2609/1550 1807/3072/1534 1808/2610/1551
f 1792/2595/1537 1793/2594/1536 1810/2612/1553
f 1800/2593/1535 1817/2630/1567 1816/2614/1555
f 1798/2615/1556 1799/3070/1533 1816/2616/1555
f 1794/2618/1558 1795/2600/1541 1812/2619/1559
f 1804/2601/1542 1805/2586/1530 1822/2621/1561
f 1829/2623/1563 1810/3182/1553 1811/2624/1560
f 1830/2626/1564 1831/2633/1570 1828/2627/1565
f 1841/2629/1566 1816/2614/1555 1817/2630/1567
f 1830/2626/1564 1833/3183/1574 1832/2632/1569
f 1824/2327/1321 1829/2628/1563 1828/2627/1565
f 1815/2635/1557 1816/2614/1555 1841/2629/1566
f 1161/2496/1457 1252/2381/1364 1253/2380/1363
f 1834/2637/1573 1835/2663/1591 1832/2638/1569
f 1821/2622/1562 1822/2621/1885 1853/2640/1575
f 1838/2642/1572 1841/3184/1582 1840/2643/1577
f 1850/2645/1576 1853/2662/1590 1852/2646/1579
f 1817/2630/1567 1818/2605/1886 1845/2648/1581
f 1842/2649/1568 1843/3081/1594 1840/2650/1577
f 1159/2652/1583 1160/2920/1776 1120/2108/1119
f 1846/2653/1584 1847/3080/1598 1844/2654/1585
f 1823/2656/1586 1808/3185/1551 1825/2657/1323
f 1838/2642/1572 1839/2644/1578 1836/2659/1588
f 1854/2661/1587 1855/3085/1851 1852/2646/1579
f 1834/2637/1573 1837/2660/1589 1836/2659/1588
f 1839/2644/1578 1840/2643/1577 1863/2664/1592
f 1863/2666/1592 1840/3186/1577 1843/2667/1594
f 1861/2669/1596 1836/2659/1588 1839/2644/1578
f 1883/2670/1597 1826/2328/1322 1827/2634/1571
f 1847/2671/1598 1848/3086/1850 1867/2672/1599
f 1867/2672/1599 1848/3086/1850 1851/2647/1580
f 1831/2633/1570 1832/2632/1569 1859/2675/1602
f 1835/2663/1591 1836/2659/1588 1861/2669/1596
f 1349/2678/1605 1222/2876/1746 1725/2264/1269
f 1475/2061/1075 1476/2753/1675 1672/2276/1280
f 1691/2562/1000 1419/2880/1750 1420/2679/1606
f 1887/2680/1607 1883/2670/1597 1856/2519/1476
f 1670/2681/1608 1671/2885/1751 1701/2682/1609
f 1877/2683/1610 1876/2693/1620 1863/2666/1592
f 1884/2518/1475 1857/2520/1477 1858/2676/1603
f 1860/2677/1604 1861/2669/1596 1874/2685/1612
f 1872/2684/1611 1885/3107/1860 1892/2687/1614
f 1873/2686/1613 1874/2685/1612 1894/2689/1616
f 1875/2691/1618 1895/2695/1621 1894/2689/1616
f 1877/2683/1610 1897/3110/1654 1896/2692/1619
f 1875/2691/1618 1876/3187/1620 1896/2694/1619
f 1910/2696/1622 1911/2726/1653 1908/2697/1623
f 1922/2699/1625 1923/2724/1651 1920/2700/1626
f 1909/2698/1628 1890/2504/1464 1891/2688/1615
f 1905/2702/1629 1888/3112/1864 1889/2505/1465
f 1926/2704/1631 1929/2722/1648 1928/2705/1632
f 1904/2703/1634 1909/2698/1624 1908/2697/1623
f 1893/2690/1617 1894/2689/1616 1917/2708/1636
f 1934/2710/1638 1905/2702/1870 1906/2711/1639
f 1934/2713/1638 1935/2741/1640 1932/2714/1641
f 1901/2716/1643 1902/3115/1866 1933/2717/1644
f 1930/2719/1645 1933/2715/1642 1932/2714/1641
f 1899/2721/1647 1900/3188/1868 1929/2722/1648
f 1922/2699/1625 1925/3125/1872 1924/2723/1650
f 1910/2696/1622 1913/3130/1874 1912/2725/1652
f 1921/2701/1627 1896/3189/1619 1897/2727/1654
f 1918/2728/1655 1921/2701/1627 1920/2700/1626
f 1209/2730/1657 1282/2439/1414 1286/2401/1380
f 1942/2731/1658 1927/2706/1633 1928/2705/1632
f 1939/1944/968 1938/2738/1663 1912/2733/1652
f 1390/2735/1661 1391/2792/1700 1574/2736/1662
f 1938/2738/1663 1937/3137/1877 1908/2739/1623
f 1936/1943/967 1932/2714/1641 1935/2741/1640
f 1931/2720/1646 1932/2714/1641 1936/1943/967
f 1684/1965/989 1421/1964/988 1448/2744/1666
f 1449/2746/1667 1389/1935/959 1420/2679/1606
f 1685/2451/1423 1423/2751/1671 1453/2748/1668
f 1454/2749/1669 1448/2744/1666 1421/1964/988
f 1686/2498/1459 1672/2276/1280 1458/2278/1282
f 1459/2750/1670 1453/2748/1668 1423/2751/1671
f 1704/2752/1672 1410/3190/1450 1705/2080/1673
f 1473/2296/1298 1484/2882/1451 1481/2093/1106
f 1503/2597/1538 1502/2277/1281 1476/2753/1675
f 1581/1968/992 1571/1967/991 1572/2754/1676
f 1089/2757/1468 1221/2255/1260 1348/2254/1259
f 1044/2758/1678 1066/3191/1846 1067/2759/1035
f 1204/2760/1679 1094/2136/1146 1355/2761/1680
f 1464/1948/972 1465/2870/1743 1466/2766/1682
f 1004/1976/1000 1056/2336/1009 1005/2768/1008
f 1048/2459/1025 1070/2999/1044 1232/2771/1045
f 1678/2468/1435 1572/2954/1676 1571/2773/991
f 1425/2008/1027 1580/2007/1026 1578/2271/1276
f 1497/2084/1097 1498/2083/1096 1502/2776/1281
f 1321/2781/1069 1057/3192/1725 1333/2782/1691
f 1014/2786/1695 1015/3155/1037 1013/2787/1030
f 1008/1996/1015 1000/1982/1004 1055/1985/1005
f 1008/1996/1015 1006/1994/1013 1007/1894/919
f 1418/1963/987 1401/3193/1729 1404/2796/1703
f 1079/2797/1704 1335/3194/1887 1310/2798/1067
f 1438/2789/1697 1434/2574/1519 1435/2573/1518
f 1003/1987/1007 997/1990/1010 1020/2010/1029
f 1065/2012/1031 1021/2019/1038 1019/2014/1033
f 1021/2019/1038 1065/2012/1031 1022/1924/948
f 1027/2806/1014 1026/1929/953 1042/2480/1445
f 1025/2808/1711 1043/2812/1712 1028/2809/1012
f 1030/2811/1019 1028/2809/1012 1043/2812/1712
f 1029/2454/1426 1045/2453/1425 1031/2813/1018
f 1033/2814/1713 1031/2813/1018 1045/2453/1425
f 1032/2460/1430 1328/2828/1280 1034/2815/1023
f 1072/2032/1050 1083/2034/1051 1035/2510/1470
f 1461/2472/1437 1460/2029/1047 1709/2031/1049
f 1694/1892/917 1441/1891/916 1436/2822/1717
f 1471/2113/1124 1345/2130/1140 1203/1960/984
f 1680/2270/1275 1351/2497/1458 1228/2824/1719
f 1724/2260/1265 1220/2256/1261 1349/2678/1605
f 1327/2043/1059 1059/2045/1061 1313/2826/1720
f 1025/2808/1711 1044/2758/1678 1374/1931/955
f 1042/2480/1445 1306/2769/1683 1044/2827/1678
f 1048/2459/1025 1047/2772/1684 1328/2828/1280
f 1663/1905/930 1395/1904/929 1693/2823/1718
f 1547/2194/1202 1548/2193/1201 1626/2388/1370
f 1321/2054/1069 1081/2053/1068 1058/2833/1724
f 1009/1893/918 1237/2009/1028 1238/2855/1736
f 1439/2790/1698 1440/2849/1732 1445/2865/1677
f 1464/1948/972 1714/1947/971 1715/2869/1742
f 1076/2551/1500 1337/3033/1834 1078/2050/1065
f 1103/1923/947 1106/2286/1289 1105/2874/1279
f 1700/2079/1092 1697/1884/909 1687/1956/980
f 1349/2678/1605 1224/3082/1803 1223/2875/1745
f 1809/2878/1748 1810/3182/1553 1829/2623/1563
f 1684/2747/989 1420/2679/1606 1419/2880/1750
f 1328/2828/1280 1047/2772/1684 1315/2040/1056
f 1729/2831/1722 1707/2478/1443 1702/2479/1444
f 1493/2370/1356 1488/2360/1349 1489/2072/1086
f 1100/2883/1301 1097/2063/1077 1098/2065/1079
f 1450/2858/1737 1446/2085/1098 1447/2087/1100
f 1106/2286/1289 1132/2375/1358 1133/2073/1087
f 1131/2081/1094 1132/2375/1358 1106/2286/1289
f 1670/2681/1608 1413/1955/979 1466/2884/1682
f 1073/2036/1052 1074/2038/1054 1336/2886/1752
f 1501/2777/1687 1500/2377/1360 1499/2088/1101
f 1098/2065/1079 1128/2889/1753 1129/2089/1102
f 1107/2075/1088 1110/2074/1081 1109/2887/1104
f 1128/2889/1753 1098/2065/1079 1096/2064/1078
f 1204/2760/1679 1206/2110/1121 1143/2135/1145
f 1857/2520/1477 1828/2627/1565 1831/2633/1570
f 1515/2598/1539 1503/2597/1538 1353/2499/1460
f 1127/2890/1754 1096/2064/1078 1125/2056/1071
f 1356/2111/1122 1138/2126/1136 1139/2125/1135
f 1648/2170/1179 1526/3195/1811 1583/2908/1768
f 1544/2158/1167 1621/3160/1774 1623/2909/1359
f 1542/2206/1214 1617/3168/1350 1620/2157/1166
f 1271/2184/1193 1179/3163/1785 1178/2160/1169
f 1528/2152/1161 1591/3158/1315 1593/2910/1769
f 1623/2909/1359 1624/3172/1361 1546/2228/1234
f 1261/2912/1175 1124/2119/1130 1205/2229/1235
f 1284/3196/1379 1193/2322/1318 1192/2323/1319
f 1178/2374/1169 1131/2081/1094 1130/2914/1771
f 1620/2369/1166 1493/2370/1356 1494/2916/1773
f 1158/2918/1775 1252/3197/1364 1161/2919/1457
f 1161/2919/1457 1255/2236/1242 1160/2920/1776
f 1583/2908/1768 1526/3195/1811 1586/2921/1389
f 1608/2923/1334 1609/3167/1336 1538/2203/1211
f 1646/2925/1371 1647/3162/1395 1558/2169/1178
f 1262/2155/1164 1170/3159/1814 1169/2148/1157
f 1642/2926/1305 1643/3198/1307 1556/2350/1340
f 1154/2226/1232 1151/2409/1388 1245/2223/1230
f 1274/2366/1353 1182/3199/1817 1181/2183/1192
f 1556/2350/1340 1643/3198/1307 1646/2925/1371
f 1586/2921/1389 1587/3170/1393 1525/2224/1231
f 1186/2393/1373 1187/2931/1780 1185/2927/1779
f 1534/2928/1219 1674/2494/1456 1512/2421/1399
f 1184/2181/1190 1182/3199/1817 1274/2366/1353
f 1186/2393/1373 1280/2392/1344 1188/2930/1404
f 1593/2910/1769 1594/3157/1821 1530/1937/961
f 1190/2353/1343 1189/2355/1324 1209/2932/1657
f 1051/1930/954 1082/1954/978 1326/1953/977
f 1191/2933/1377 1192/2323/1319 1287/2934/1781
f 1268/2161/1170 1176/3161/1772 1175/2198/1206
f 1196/2936/1199 1193/3200/1318 1284/2400/1379
f 1152/2208/1216 1248/2341/1333 1202/2163/1172
f 1252/2381/1364 1158/3201/1775 1157/2186/1195
f 1535/2176/1185 1606/2175/1184 1608/2923/1334
f 1549/2387/1369 1548/2193/1201 1628/2938/1188
f 1562/2129/1139 1510/2397/1376 1471/2113/1124
f 1181/2362/1192 1133/2073/1087 1132/2375/1358
f 1194/2935/1381 1287/2934/1781 1210/2428/1403
f 1550/2385/1367 1632/2983/1383 1634/2215/1223
f 1084/2039/1055 1077/2051/1066 997/1990/1010
f 1563/2955/1796 1649/3010/1823 1598/2956/1797
f 1351/2497/1458 1230/2994/1816 1229/2957/1685
f 1706/2477/1442 1468/1917/941 1428/1916/940
f 1451/2862/1739 1452/2805/1710 1455/2023/1041
f 1072/2032/1050 1057/3050/1725 1058/2961/1724
f 1235/1897/922 1227/2282/1286 1223/2965/1802
f 1236/1896/921 1223/2965/1802 1224/2966/1803
f 1224/2966/1803 1221/3202/1260 1238/2855/1736
f 1239/2288/1291 1238/2287/1290 1221/2967/1260
f 1471/2113/1124 1344/2115/1126 1119/2109/1120
f 1676/2261/1266 1350/2554/1503 1225/2556/1504
f 1018/2968/1804 1097/3203/1077 1100/2299/1301
f 1187/2973/1780 1093/2124/1134 1137/2127/1137
f 1202/2163/1172 1095/2144/1153 1147/2142/1151
f 1534/2928/1219 1536/2337/1218 1511/2128/1138
f 1157/2423/1195 1342/2102/1115 1116/2105/1113
f 1388/1936/960 1711/3150/1832 1729/2831/1722
f 1169/2978/1157 1170/2989/1814 1126/2121/1132
f 1648/2979/1179 1647/2416/1395 1522/2415/1394
f 1479/2391/1372 1359/2904/1764 1144/2139/1149
f 1199/2201/1209 1360/2141/1150 1145/2138/1148
f 1162/2981/1243 1255/2495/1242 1256/2433/1408
f 1624/2982/1361 1500/2596/1360 1515/2598/1539
f 1549/2387/1369 1631/2939/1303 1632/2983/1383
f 1561/2517/1474 1519/2900/1761 1554/2984/1327
f 1166/2167/1176 1298/2252/1257 1259/2358/1347
f 1159/2652/1583 1343/2107/1118 1118/2103/1116
f 1527/2153/1162 1588/2335/1329 1585/2972/1806
f 1648/2979/1179 1480/2491/1453 1505/2411/1390
f 1150/2207/1215 1151/2409/1388 1113/2095/1108
f 1153/2319/1233 1251/2320/1317 1250/2417/1396
f 1558/2169/1178 1645/3005/1820 1644/2986/1812
f 1173/2987/1813 1128/2889/1753 1127/2890/1754
f 1172/2988/1163 1127/2890/1754 1126/2121/1132
f 1355/2761/1680 1094/2136/1146 1357/2132/1142
f 1195/2937/1200 1284/2400/1379 1285/2399/1378
f 1175/2990/1206 1176/2915/1772 1130/2914/1771
f 1175/2990/1206 1129/2089/1102 1128/2889/1753
f 1555/2405/1384 1640/2406/1385 1637/2991/1815
f 1174/2200/1208 1265/2199/1207 1266/2318/1316
f 1600/2338/1330 1536/2337/1218 1602/2992/998
f 1623/2376/1359 1621/2917/1774 1494/2916/1773
f 1622/2413/1392 1657/2560/1508 1545/2559/1507
f 1225/2556/1504 1226/2555/1283 1230/2994/1816
f 1121/2131/1141 1120/2108/1119 1160/2920/1776
f 1563/2993/1796 1533/2174/1183 1599/2173/1182
f 1201/2345/1174 1291/2373/1173 1292/2372/1357
f 1183/2182/1191 1279/2419/1398 1278/2438/1413
f 1184/2995/1190 1185/2974/1779 1137/2127/1137
f 1135/2123/1133 1134/2066/1080 1182/2996/1817
f 1192/2323/1319 1357/2132/1142 1143/2135/1145
f 1186/2393/1373 1277/2180/1189 1278/2438/1413
f 1638/2997/1226 1554/2984/1327 1519/2900/1761
f 1593/2998/1769 1591/3204/1315 1507/2894/1314
f 1375/2352/1342 1069/2351/1341 1070/2999/1044
f 1287/2934/1781 1143/2135/1145 1206/2110/1121
f 1596/2501/962 1594/3006/1821 1508/2896/1758
f 1195/2937/1200 1290/2440/1415 1289/2407/1386
f 1539/2205/1213 1540/2195/1203 1611/2364/1351
f 1638/2997/1226 1681/2507/1467 1520/2901/1762
f 1169/3003/1157 1347/2122/1131 1123/2117/1128
f 1174/2200/1208 1270/2435/1410 1269/2436/1411
f 1177/2162/1171 1268/2161/1170 1269/2436/1411
f 1196/2190/1199 1197/2980/1810 1145/2138/1148
f 1642/2306/1305 1639/3002/1819 1520/2901/1762
f 1202/2163/1172 1248/2341/1333 1114/2097/1110
f 1593/2998/1769 1945/2893/1757 1508/2896/1758
f 1283/2332/1326 1282/2439/1414 1209/2730/1657
f 1680/2270/1275 1727/2825/1295 1578/3007/1276
f 1632/2404/1383 1517/2403/1382 1518/2516/1473
f 1563/2955/1796 1602/1974/998 1603/3009/1822
f 1889/2505/1465 1890/2504/1464 1909/2698/1628
f 1199/2201/1209 1200/2975/1807 1147/2142/1151
f 1029/2454/1426 1043/2812/1712 1374/1931/955
f 1414/1970/994 1382/2780/1690 1667/3019/1828
f 1424/2006/1025 1686/2498/1459 1423/2751/1671
f 1698/2779/1689 1668/3041/1837 1667/3019/1828
f 1693/2823/1718 1395/1904/929 1664/1906/931
f 1322/1872/897 1038/1874/899 1039/2743/1665
f 1331/1880/905 1338/2443/1417 1366/1978/1002
f 1242/2509/1469 1241/1914/939 1240/2289/1292
f 1701/2682/1674 1671/2885/1888 1708/3023/1827
f 1207/2394/1240 1295/2396/1375 1260/2434/1409
f 1752/3024/1490 1777/3060/1491 1750/3025/1830
f 1332/2470/976 1059/2045/1061 1330/2044/1060
f 1691/2562/1000 1431/3131/1875 1402/3028/1726
f 1339/2447/1420 1332/1952/976 1380/1950/974
f 1327/2043/1059 1036/2799/1705 1310/2798/1067
f 1071/2290/1293 1329/2292/1294 1330/3029/1060
f 1328/2828/1280 1379/2775/1686 1229/2774/1685
f 1047/2772/1684 1232/2771/1045 1109/2091/1104
f 1076/2551/1500 1079/3179/1704 1080/3032/1833
f 1316/1877/902 1314/1876/901 1336/3034/1752
f 1470/2315/1313 1719/2892/1756 1112/2096/1109
f 1945/2893/1757 1341/2895/1454 1115/2106/1114
f 1675/2899/1400 1347/2120/1131 1125/2056/1071
f 1477/2305/1304 1093/2124/1134 1138/2126/1136
f 1682/2903/1763 1358/2137/1147 1144/2139/1149
f 1477/2305/1304 1353/2499/1460 1136/2058/1073
f 1378/1961/985 1309/1912/937 1014/2786/1695
f 1696/2455/1427 1665/2456/1428 1666/2802/1707
f 1379/2775/1686 1315/2040/1056 1092/2042/1058
f 1014/2786/1695 1307/2788/1696 1377/3036/1836
f 1090/2057/1072 1376/2476/1441 1089/2757/1468
f 1318/2762/1434 1377/3036/1836 1307/2788/1696
f 1725/2264/1269 1222/2876/1746 1350/2554/1503
f 1728/2506/1466 1141/2134/1144 1358/2140/1147
f 1187/2973/1780 1188/2429/1404 1139/2125/1135
f 1099/2090/1103 1102/1922/946 1101/3038/1300
f 1708/3023/1827 1671/2885/1888 1466/2884/1682
f 1945/2893/1757 1342/2102/1115 1117/2104/1117
f 1049/2445/1418 1380/1950/974 1322/1872/897
f 1765/2567/1512 1761/2830/1721 1751/3044/1831
f 1764/2564/1511 1738/1942/966 1744/1941/965
f 1731/2548/1497 1771/2549/1498 1747/2266/1271
f 1742/2533/1484 1783/2578/1523 1756/2546/1495
f 1758/3046/1506 1741/2539/1481 1759/2538/1489
f 1740/3047/1488 1746/2536/1487 1768/2535/1486
f 1742/2533/1484 1743/3053/1840 1757/3049/1839
f 1071/2290/1293 1333/3030/1691 1057/3050/1725
f 1749/3051/1492 1751/3026/1831 1750/3025/1830
f 1758/3052/1506 1786/3205/1520 1757/3049/1839
f 1762/3206/1505 1758/3052/1506 1743/3053/1840
f 1760/3017/1502 1752/3207/1490 1751/3044/1831
f 1733/2568/1513 1732/2544/1494 1731/2548/1497
f 1763/3045/1838 1731/2548/1497 1734/2534/1485
f 1739/2526/1480 1736/2511/1471 1746/2536/1487
f 1771/2549/1498 1748/2543/1493 1773/3055/1526
f 1149/2301/1217 1152/2347/1216 1247/2346/1337
f 1783/2578/1523 1757/3049/1839 1785/3057/1842
f 1771/2549/1498 1772/3056/1841 1770/2569/1514
f 1767/2267/1272 1769/2570/1515 1791/3058/1528
f 1774/2580/1525 1750/3025/1830 1776/3059/1843
f 1777/3060/1491 1778/3064/1844 1776/3059/1843
f 1786/2575/1520 1787/2577/1522 1785/3061/1842
f 1777/3060/1491 1753/3208/1439 1779/3063/1524
f 1772/3065/1841 1773/3209/1526 1795/3066/1541
f 1787/2577/1522 1804/2601/1542 1803/2603/1544
f 1772/3065/1841 1794/3067/1558 1793/2594/1536
f 1775/2599/1540 1776/3059/1843 1797/3069/1845
f 1778/3064/1844 1779/3063/1524 1799/3070/1533
f 1787/2577/1522 1788/2576/1521 1805/2586/1530
f 1778/3064/1844 1798/2615/1556 1797/3069/1845
f 1784/2587/1531 1785/3057/1842 1803/3071/1544
f 1790/2585/1529 1791/2584/1528 1807/3072/1534
f 1800/2593/1535 1801/2588/1532 1818/2605/1546
f 1306/2769/1683 1005/2768/1008 1066/3073/1846
f 1792/2595/1537 1809/2613/1554 1808/3074/1551
f 1796/2606/1547 1813/2608/1549 1812/2619/1559
f 1798/2615/1556 1815/2617/1557 1814/2607/1548
f 1802/2604/1545 1803/3071/1544 1820/3075/1543
f 1806/2609/1550 1823/2611/1552 1822/2621/1561
f 1819/3076/1848 1820/3075/1889 1849/3077/1849
f 1846/2653/1584 1849/3210/1849 1848/3079/1850
f 1845/2648/1581 1818/2605/1886 1819/3076/1848
f 1825/2657/1323 1808/3185/1551 1809/2878/1748
f 1842/2649/1568 1845/2655/1581 1844/2654/1585
f 1220/2256/1261 1221/2255/1260 1224/3082/1803
f 1853/2640/1575 1822/2621/1885 1823/2611/1586
f 1854/2661/1587 1825/3211/1323 1826/3084/1322
f 1850/2645/1576 1851/2647/1580 1848/3086/1850
f 1813/2608/1852 1814/2607/1548 1837/3088/1853
f 1811/2624/1560 1812/3212/1890 1833/3090/1574
f 1164/2326/1177 1346/2116/1127 1124/2119/1130
f 1837/3088/1853 1814/2607/1548 1815/2617/1557
f 1849/3077/1849 1820/3075/1889 1821/3092/1562
f 1833/3094/1574 1812/2619/1890 1813/2608/1852
f 1843/2667/1594 1844/3213/1585 1865/3095/1854
f 1851/2647/1580 1852/2646/1579 1869/3096/1855
f 1478/2464/1432 1356/2111/1122 1204/2760/1679
f 1865/3095/1854 1844/3213/1585 1847/3097/1598
f 1859/3099/1602 1832/2638/1569 1835/2663/1591
f 1869/3096/1855 1852/2646/1579 1855/3085/1851
f 1855/3085/1851 1826/3084/1322 1883/3101/1597
f 1827/2634/1571 1828/2627/1565 1857/2520/1477
f 1865/3095/1854 1878/3111/1863 1877/2683/1610
f 1426/3014/1826 1668/3041/1837 1698/2779/1689
f 1887/3102/1607 1882/3108/1861 1870/3100/1856
f 1880/3103/1857 1886/3120/1859 1867/2672/1599
f 1863/2664/1592 1876/3187/1620 1875/2691/1618
f 1879/3104/1858 1866/3098/1600 1867/3105/1599
f 1708/3015/1827 1426/3014/1826 1409/2816/1714
f 1885/3107/1860 1872/2684/1611 1858/2676/1603
f 1879/3104/1858 1878/3111/1863 1865/3095/1854
f 1882/3108/1861 1881/3116/1867 1869/3096/1855
f 1873/2686/1613 1885/3122/1860 1859/3099/1602
f 1869/3096/1855 1881/3116/1867 1880/3103/1857
f 1862/2665/1593 1875/2691/1618 1874/2685/1612
f 1877/2683/1610 1878/3111/1863 1898/3109/1862
f 1879/3104/1858 1899/3214/1647 1898/3109/1862
f 1871/2503/1463 1889/2505/1465 1888/3112/1864
f 1882/3108/1861 1887/3102/1607 1888/3113/1864
f 1882/3108/1861 1903/3114/1865 1902/3115/1866
f 1879/3117/1858 1886/3120/1859 1900/3118/1868
f 1872/2684/1611 1891/2688/1615 1890/2504/1464
f 1880/3103/1857 1901/2716/1643 1900/3118/1868
f 1873/2686/1613 1893/2690/1617 1892/3121/1614
f 1794/3067/1558 1811/3215/1560 1810/2612/1553
f 1880/3103/1857 1881/3116/1867 1902/3115/1866
f 1903/3114/1865 1888/3113/1864 1905/3123/1629
f 1904/2703/1634 1907/2707/1635 1906/2711/1639
f 1897/2727/1654 1898/3216/1862 1925/3125/1871
f 1926/2704/1631 1927/2706/1633 1924/2723/1650
f 1925/3125/1871 1898/3216/1862 1899/2721/1647
f 1895/2695/1621 1896/2694/1619 1921/3126/1627
f 1933/2717/1644 1902/3115/1866 1903/3114/1865
f 1406/2214/1222 1407/2213/1221 1408/3128/1734
f 1914/3129/1637 1915/3217/1660 1912/2725/1652
f 1717/2821/1716 1703/2820/1715 1431/3131/1875
f 1891/2688/1615 1892/2687/1614 1913/3130/1874
f 1914/3132/1637 1917/3135/1636 1916/3133/1876
f 1917/2708/1636 1894/2689/1616 1895/2695/1621
f 1913/3134/1874 1892/3121/1614 1893/2690/1617
f 1930/2719/1645 1931/2720/1646 1928/2705/1632
f 1918/2728/1655 1919/2729/1656 1916/3133/1876
f 1929/3136/1648 1900/3118/1868 1901/2716/1643
f 1222/2876/1746 1223/2875/1745 1227/3139/1286
f 1941/1945/969 1923/2724/1651 1924/2723/1650
f 1937/3137/1877 1944/2742/1664 1906/3141/1639
f 1573/3142/1264 1574/2736/1662 1391/2792/1700
f 1419/2880/1750 1402/3028/1726 1401/3144/1729
f 1307/3145/1696 1013/3218/1030 1012/1902/927
f 1693/3146/1718 1436/3219/1717 1437/3147/1731
f 1553/2219/1227 1639/3169/1819 1642/2926/1305
f 1022/1924/948 1017/2017/1036 1018/2968/1804
f 1310/2052/1067 1335/3220/1887 1336/3034/1752
f 1004/1976/1000 1317/1928/952 1364/2514/1421
f 1229/2774/1685 1091/2059/1074 1352/2294/1296
f 1242/2509/1469 1376/3177/1441 1097/3149/1077
f 1339/2469/1420 1337/3221/1419 1080/3151/1833
f 1208/2235/1241 1205/2229/1235 1121/2131/1141
f 1061/2764/1681 1062/3152/1880 1377/3036/1836
f 1319/3035/1835 1377/3036/1836 1062/3152/1880
f 1063/3153/1020 1064/2770/1021 1378/1961/985
f 1036/2799/1705 1313/2826/1720 1080/3151/1833
f 1309/1912/937 1017/1911/936 1015/3155/1037
f 1445/2865/1677 1572/3222/1676 1573/3142/1264
f 1037/1875/900 1334/1879/904 1058/2833/1724
f 1468/1917/941 1467/1920/1882 1687/1979/980
