# Blender 4.0.0
# www.blender.org
o Refrigerator033_Drawer001
v 0.325942 0.279549 -0.226179
v 0.317148 0.280236 -0.226182
v 0.333303 0.277134 -0.226180
v 0.338952 -0.241488 -0.250437
v 0.337629 -0.249882 -0.249878
v 0.337623 -0.250039 -0.250461
v 0.333137 -0.256739 -0.249868
v 0.333127 -0.256871 -0.250450
v 0.339014 -0.240350 -0.226206
v 0.338975 0.268297 -0.226179
v 0.317185 -0.262779 -0.226338
v 0.326099 -0.261436 -0.226301
v 0.333417 -0.256894 -0.226225
v 0.337719 0.273109 -0.250412
v 0.338972 0.268308 -0.250416
v 0.333303 0.277134 -0.250412
v 0.319023 0.272395 -0.250000
v 0.319023 0.272395 -0.226591
v 0.311881 0.272946 -0.226591
v 0.311881 0.272946 -0.250000
v 0.324125 0.270745 -0.250000
v 0.324125 0.270745 -0.226591
v 0.327263 -0.240128 -0.226552
v 0.328237 -0.232736 -0.226573
v 0.328190 -0.233815 -0.250018
v 0.327143 -0.240395 -0.250044
v 0.324217 -0.245383 -0.226556
v 0.324068 -0.245116 -0.250043
v 0.328206 0.264141 -0.250000
v 0.328206 0.264141 -0.226591
v 0.318967 -0.247948 -0.250033
v 0.311855 -0.248887 -0.250030
v 0.311839 -0.249651 -0.225678
v 0.319099 -0.248528 -0.226561
v 0.327186 0.267993 -0.226591
v 0.327186 0.267993 -0.250000
v 0.325563 0.278966 -0.224911
v 0.317070 0.279629 -0.224911
v 0.311958 0.273533 -0.225365
v 0.319395 0.272960 -0.225365
v 0.317070 0.279629 -0.251681
v 0.325563 0.278966 -0.251681
v 0.319395 0.272960 -0.251225
v 0.311958 0.273533 -0.251226
v 0.332493 0.276691 -0.224911
v 0.324918 0.271173 -0.225365
v 0.332493 0.276691 -0.251681
v 0.324918 0.271172 -0.251225
v 0.336715 -0.248634 -0.224911
v 0.337887 -0.240024 -0.224911
v 0.329308 -0.232751 -0.225365
v 0.328276 -0.240319 -0.225365
v 0.337852 -0.241579 -0.251681
v 0.336596 -0.249817 -0.251681
v 0.328228 -0.240925 -0.251226
v 0.329294 -0.233950 -0.251226
v 0.332555 -0.255837 -0.224911
v 0.324989 -0.245937 -0.225365
v 0.332375 -0.256265 -0.251681
v 0.324900 -0.246108 -0.251226
v 0.317043 -0.261279 -0.251681
v -0.315505 -0.261279 -0.251681
v -0.310417 -0.250193 -0.251226
v 0.311954 -0.250193 -0.251226
v 0.337864 0.268257 -0.251681
v 0.329294 0.264183 -0.251225
v 0.337864 0.268257 -0.224911
v 0.329294 0.264184 -0.225365
v 0.325418 -0.260152 -0.251681
v 0.319379 -0.249202 -0.251226
v 0.317099 -0.261356 -0.224911
v 0.325665 -0.260087 -0.224911
v 0.319465 -0.249323 -0.225365
v 0.311991 -0.250416 -0.225365
v 0.336651 0.272901 -0.251681
v 0.328233 0.268194 -0.251226
v 0.336651 0.272902 -0.224911
v 0.328233 0.268194 -0.225365
v 0.317130 0.280085 -0.225227
v 0.325847 0.279404 -0.225227
v 0.317144 0.280237 -0.250407
v 0.325847 0.279404 -0.251364
v 0.317130 0.280085 -0.251364
v 0.333100 0.277023 -0.225227
v 0.333100 0.277023 -0.251364
v 0.337830 -0.249165 -0.226124
v 0.338725 -0.240095 -0.225223
v 0.337530 -0.248950 -0.225213
v 0.337385 -0.250076 -0.251376
v 0.338682 -0.241627 -0.251369
v 0.333186 -0.256486 -0.225216
v 0.332953 -0.256835 -0.251373
v -0.315580 -0.262146 -0.250443
v -0.315561 -0.262052 -0.251371
v 0.317098 -0.262052 -0.251371
v 0.338697 0.268289 -0.251364
v 0.338696 0.268289 -0.225227
v 0.325766 -0.260981 -0.250444
v 0.325683 -0.260896 -0.251372
v 0.325970 -0.260942 -0.225219
v 0.317168 -0.262249 -0.225220
v 0.337451 0.273057 -0.251364
v 0.337451 0.273057 -0.225227
v 0.319116 0.272537 -0.225671
v 0.311901 0.273092 -0.225671
v 0.311901 0.273092 -0.250919
v 0.319116 0.272537 -0.250919
v 0.324323 0.270852 -0.225671
v 0.324323 0.270851 -0.250920
v 0.327497 -0.240095 -0.225662
v 0.328496 -0.232711 -0.225666
v 0.328475 -0.233876 -0.250924
v 0.327436 -0.240601 -0.250930
v 0.324393 -0.245414 -0.225663
v 0.324305 -0.245459 -0.250930
v 0.328479 0.264152 -0.250919
v 0.328479 0.264152 -0.225671
v 0.319098 -0.248371 -0.250927
v 0.311893 -0.249330 -0.250926
v 0.319182 -0.248609 -0.225665
v 0.327447 0.268043 -0.250919
v 0.327447 0.268043 -0.225671
v -0.315562 -0.261356 -0.224910
v -0.315630 -0.262248 -0.225220
v -0.315534 0.279629 -0.251681
v -0.315592 0.280085 -0.251364
v 0.325942 0.279549 -0.250412
v 0.337826 -0.249293 -0.226600
v -0.315712 -0.262769 -0.226338
v 0.317225 -0.262109 -0.250320
v 0.325776 -0.260863 -0.249862
v 0.337719 0.273109 -0.226180
v -0.315582 -0.262033 -0.249861
v -0.310453 -0.250416 -0.225365
v -0.310421 0.273533 -0.251226
v -0.315611 0.280237 -0.250415
v -0.310356 -0.249330 -0.250926
v -0.310318 -0.248887 -0.250029
v -0.310363 0.273092 -0.250918
v -0.315617 0.280236 -0.226179
v -0.324404 0.279549 -0.226180
v -0.331765 0.277134 -0.226180
v -0.336085 -0.250039 -0.250461
v -0.336091 -0.249882 -0.249877
v -0.337409 -0.241524 -0.250445
v -0.331589 -0.256871 -0.250449
v -0.331599 -0.256739 -0.249868
v -0.337437 0.268300 -0.226180
v -0.337434 0.268305 -0.250421
v -0.337476 -0.240205 -0.226162
v -0.324538 -0.261457 -0.226344
v -0.331897 -0.256835 -0.226129
v -0.331890 -0.256943 -0.226604
v -0.336182 0.273109 -0.250411
v -0.331765 0.277134 -0.250412
v -0.317486 0.272395 -0.250000
v -0.310344 0.272946 -0.250000
v -0.310344 0.272946 -0.226591
v -0.317486 0.272395 -0.226591
v -0.322588 0.270745 -0.250000
v -0.322588 0.270746 -0.226591
v -0.325726 -0.240128 -0.226551
v -0.325605 -0.240395 -0.250044
v -0.326652 -0.233815 -0.250018
v -0.326699 -0.232736 -0.226573
v -0.322679 -0.245383 -0.226556
v -0.322530 -0.245116 -0.250043
v -0.310403 -0.249641 -0.225683
v -0.326669 0.264141 -0.250000
v -0.326669 0.264141 -0.226591
v -0.317429 -0.247948 -0.250032
v -0.317561 -0.248528 -0.226562
v -0.325648 0.267993 -0.226591
v -0.325648 0.267993 -0.250000
v -0.324026 0.278966 -0.224910
v -0.317857 0.272960 -0.225365
v -0.310421 0.273533 -0.225365
v -0.315534 0.279629 -0.224910
v -0.317857 0.272960 -0.251225
v -0.324026 0.278966 -0.251681
v -0.330955 0.276691 -0.224910
v -0.323381 0.271172 -0.225365
v -0.323381 0.271173 -0.251225
v -0.330955 0.276691 -0.251681
v -0.335178 -0.248634 -0.224910
v -0.326738 -0.240319 -0.225365
v -0.327771 -0.232751 -0.225365
v -0.336350 -0.240024 -0.224910
v -0.336316 -0.241578 -0.251681
v -0.327757 -0.233950 -0.251226
v -0.326690 -0.240924 -0.251226
v -0.335059 -0.249817 -0.251681
v -0.331019 -0.255837 -0.224910
v -0.323451 -0.245937 -0.225365
v -0.323362 -0.246108 -0.251226
v -0.330838 -0.256265 -0.251681
v -0.336326 0.268257 -0.251681
v -0.327757 0.264183 -0.251225
v -0.327757 0.264184 -0.225365
v -0.336326 0.268257 -0.224910
v -0.323880 -0.260152 -0.251681
v -0.317841 -0.249202 -0.251226
v -0.317928 -0.249322 -0.225365
v -0.324127 -0.260087 -0.224910
v -0.335114 0.272901 -0.251681
v -0.326695 0.268194 -0.251226
v -0.326695 0.268194 -0.225365
v -0.335114 0.272901 -0.224910
v -0.324310 0.279404 -0.225227
v -0.315592 0.280085 -0.225227
v -0.324310 0.279404 -0.251364
v -0.324404 0.279550 -0.250412
v -0.331563 0.277023 -0.225227
v -0.331563 0.277023 -0.251364
v -0.335992 -0.248950 -0.225213
v -0.337188 -0.240094 -0.225222
v -0.337145 -0.241626 -0.251369
v -0.335847 -0.250076 -0.251376
v -0.331649 -0.256486 -0.225216
v -0.331416 -0.256835 -0.251373
v -0.337160 0.268289 -0.251364
v -0.337159 0.268289 -0.225227
v -0.324229 -0.260981 -0.250444
v -0.324146 -0.260895 -0.251372
v -0.324433 -0.260942 -0.225219
v -0.335914 0.273057 -0.251363
v -0.335914 0.273057 -0.225227
v -0.336182 0.273109 -0.226180
v -0.310363 0.273092 -0.225671
v -0.317579 0.272537 -0.225671
v -0.317579 0.272537 -0.250919
v -0.322786 0.270852 -0.225671
v -0.322786 0.270852 -0.250919
v -0.326959 -0.232711 -0.225666
v -0.325959 -0.240094 -0.225662
v -0.325898 -0.240601 -0.250930
v -0.326937 -0.233876 -0.250924
v -0.322855 -0.245414 -0.225663
v -0.322767 -0.245459 -0.250930
v -0.326941 0.264152 -0.250919
v -0.326941 0.264152 -0.225671
v -0.317561 -0.248371 -0.250927
v -0.317645 -0.248609 -0.225664
v -0.325910 0.268043 -0.250919
v -0.325910 0.268043 -0.225671
v -0.336287 -0.249213 -0.226165
v -0.324239 -0.260863 -0.249862
v 0.312132 0.264141 -0.432475
v 0.312132 0.267993 -0.431325
v 0.318672 0.267718 -0.430175
v 0.319172 0.264082 -0.431327
v 0.323704 0.267168 -0.427302
v 0.312132 0.270745 -0.427876
v 0.317667 0.270469 -0.427302
v 0.322194 0.269644 -0.425577
v 0.312140 -0.250793 -0.432474
v 0.319177 -0.250733 -0.431325
v 0.318672 -0.257273 -0.430175
v 0.312132 -0.257776 -0.431325
v 0.317667 -0.262303 -0.427302
v 0.312132 -0.262807 -0.427876
v 0.324207 -0.250733 -0.427876
v 0.323704 -0.256267 -0.427302
v 0.322194 -0.260794 -0.425577
v 0.312132 -0.265825 -0.422128
v 0.318672 -0.264819 -0.421552
v 0.319147 -0.265837 -0.413952
v 0.323704 -0.262303 -0.420403
v 0.327226 0.264141 -0.422128
v 0.326218 0.267718 -0.421553
v 0.327226 0.267993 -0.414078
v 0.323704 0.270469 -0.420403
v 0.328232 -0.250784 -0.414109
v 0.326218 -0.257273 -0.421553
v 0.327228 -0.250620 -0.422123
v 0.312135 0.272946 -0.414134
v 0.318672 0.271845 -0.421552
v 0.312132 0.272395 -0.422128
v -0.310602 0.264174 -0.432474
v -0.310595 0.267993 -0.431325
v -0.310595 0.270746 -0.427876
v 0.312012 -0.266840 -0.324195
v 0.324068 -0.262963 -0.326201
v 0.327218 -0.257794 -0.413855
v 0.324215 0.264335 -0.427866
v 0.328125 -0.249383 -0.324299
v 0.327041 -0.255967 -0.322049
v 0.323961 -0.260754 -0.319788
v 0.319177 0.272395 -0.413868
v 0.312132 -0.264516 -0.317946
v 0.318968 -0.263577 -0.318388
v 0.312162 -0.263909 -0.250986
v 0.312160 -0.264102 -0.251926
v 0.319234 -0.263053 -0.251940
v 0.319237 -0.262854 -0.250983
v 0.324263 -0.259927 -0.251988
v 0.324265 -0.259716 -0.250976
v 0.312132 0.272946 -0.251019
v 0.324207 0.270744 -0.251018
v 0.328234 0.264136 -0.251023
v 0.322790 -0.125020 -0.322355
v 0.311748 -0.258859 -0.251956
v 0.316932 0.266765 -0.424512
v 0.311707 0.267004 -0.425425
v 0.311784 0.263931 -0.426342
v 0.319877 0.266336 -0.422929
v 0.320298 0.263950 -0.423408
v 0.316154 0.268389 -0.422954
v 0.312178 0.268602 -0.423415
v 0.318973 0.267882 -0.421894
v 0.316932 -0.255531 -0.424512
v 0.317368 -0.250306 -0.425425
v 0.311707 -0.255968 -0.425425
v 0.316144 -0.258477 -0.422929
v 0.311783 -0.258897 -0.423408
v 0.319900 -0.254754 -0.422954
v 0.320298 -0.250709 -0.423408
v 0.318973 -0.257572 -0.421894
v 0.316931 -0.259862 -0.419564
v 0.311707 -0.260662 -0.420062
v 0.311785 -0.261465 -0.413636
v 0.319877 -0.258477 -0.418663
v 0.321263 0.266765 -0.419564
v 0.322062 0.263908 -0.420062
v 0.322866 0.263932 -0.413672
v 0.319877 0.268376 -0.418663
v 0.320298 0.268607 -0.413679
v 0.321263 -0.255531 -0.419564
v 0.322062 -0.255968 -0.413592
v 0.316931 0.269134 -0.419564
v 0.317377 0.269570 -0.413431
v 0.317339 -0.260670 -0.413524
v 0.320303 -0.258884 -0.414008
v 0.322065 0.266999 -0.413521
v 0.320295 0.268606 -0.251021
v 0.322865 -0.250378 -0.413675
v 0.321899 -0.256413 -0.329021
v 0.320058 -0.259131 -0.327901
v 0.317343 0.269575 -0.251019
v 0.311754 0.270011 -0.413679
v 0.321855 -0.254254 -0.322914
v 0.320058 -0.256832 -0.321680
v 0.316954 -0.258445 -0.320865
v 0.311573 -0.259162 -0.320533
v 0.317307 -0.258033 -0.251970
v 0.320324 -0.256127 -0.251996
v 0.311750 0.270012 -0.251016
v 0.322078 -0.252870 -0.250989
v 0.322878 -0.247022 -0.250969
v 0.322077 -0.253085 -0.252044
v 0.320330 -0.255923 -0.250989
v 0.327158 0.264102 -0.249793
v 0.312054 -0.262591 -0.249793
v 0.318802 -0.261601 -0.249793
v 0.317672 -0.258643 -0.249793
v 0.311827 -0.259512 -0.249793
v 0.323416 -0.258759 -0.249793
v 0.321090 -0.256492 -0.249793
v 0.318810 0.271832 -0.249793
v 0.312055 0.272359 -0.249793
v 0.317710 0.270138 -0.249793
v 0.323425 0.270317 -0.249793
v 0.321077 0.269033 -0.249793
v 0.326191 -0.254008 -0.249793
v 0.323078 -0.253085 -0.249793
v 0.326193 0.267793 -0.249793
v 0.323098 0.267192 -0.249793
v 0.323939 0.263975 -0.249793
v -0.310576 0.272799 -0.250098
v 0.312114 0.272799 -0.250098
v 0.327966 -0.247058 -0.250095
v 0.319098 -0.262430 -0.250091
v 0.312121 -0.263457 -0.250091
v 0.324024 -0.259385 -0.250089
v 0.319175 0.272396 -0.251021
v 0.319085 0.272254 -0.250098
v 0.324010 0.270638 -0.250098
v 0.327266 -0.254627 -0.251149
v 0.326976 -0.254308 -0.250091
v 0.326967 0.267943 -0.250098
v 0.317308 -0.257842 -0.250991
v 0.311746 -0.258671 -0.250990
v 0.317391 -0.257928 -0.250092
v 0.320502 -0.255965 -0.250091
v 0.317437 0.269715 -0.250098
v 0.311771 0.270158 -0.250098
v 0.320491 0.268713 -0.250098
v 0.322311 -0.252852 -0.250091
v 0.323139 -0.246837 -0.250096
v 0.322066 0.266991 -0.251020
v 0.322324 0.267042 -0.250098
v 0.327962 0.264132 -0.250099
v 0.319071 -0.265283 -0.321268
v 0.312093 -0.266257 -0.320797
v 0.324083 -0.262354 -0.322680
v 0.327016 -0.258366 -0.328285
v 0.327127 -0.257471 -0.325028
v 0.311624 -0.260889 -0.323386
v 0.316949 -0.260765 -0.327149
v 0.311726 -0.261466 -0.326801
v 0.317052 -0.260149 -0.323744
v 0.320177 -0.258438 -0.324571
v 0.321964 -0.255674 -0.325913
v 0.322829 -0.250247 -0.328120
v -0.310575 0.272946 -0.414158
v 0.327226 0.267993 -0.251019
v 0.324160 -0.262851 -0.414540
v 0.324203 0.270746 -0.414413
v 0.322865 -0.082343 -0.413638
v 0.322860 0.263956 -0.318496
v 0.322828 0.023002 -0.319866
v 0.317368 0.263866 -0.425425
v 0.311740 -0.152426 -0.426342
v 0.311740 0.217892 -0.426342
v 0.311740 -0.033564 -0.426342
v 0.322062 -0.250203 -0.420065
v 0.323134 0.263940 -0.250098
v 0.322840 -0.107403 -0.325530
v 0.322852 -0.012234 -0.324509
v 0.295756 -0.068920 -0.428718
v -0.294219 -0.068920 -0.428718
v -0.294219 -0.095808 -0.428718
v 0.295756 -0.095808 -0.428718
v 0.322874 -0.116349 -0.251011
v 0.322867 0.263928 -0.251017
v 0.323939 -0.246892 -0.249793
v 0.322870 0.042631 -0.251013
v -0.310094 0.267002 -0.425426
v 0.311827 0.270598 -0.249793
v 0.311768 -0.258765 -0.250091
v 0.297045 0.235692 -0.426342
v 0.296543 0.236269 -0.426350
v 0.295757 -0.238532 -0.426342
v 0.296827 -0.031473 -0.426343
v 0.297045 -0.003852 -0.426342
v 0.296810 -0.096598 -0.426343
v 0.297045 -0.068920 -0.426342
v 0.296891 0.200114 -0.426344
v 0.297045 0.034326 -0.426342
v 0.296827 0.061947 -0.426343
v 0.296827 -0.161608 -0.426343
v 0.297045 -0.133987 -0.426342
v 0.296401 -0.030741 -0.427027
v 0.296401 -0.003852 -0.427027
v 0.296401 -0.003852 -0.428034
v 0.296401 -0.030741 -0.428034
v 0.295756 -0.068276 -0.427027
v -0.294219 -0.068276 -0.427027
v -0.294219 -0.068276 -0.428034
v 0.295756 -0.068276 -0.428034
v 0.296401 -0.095808 -0.427027
v 0.296401 -0.068920 -0.427027
v 0.296401 -0.068920 -0.428034
v 0.296401 -0.095808 -0.428034
v -0.294653 0.235993 -0.428111
v 0.295864 0.235985 -0.428506
v 0.296401 0.200775 -0.427027
v 0.296401 0.235692 -0.427027
v 0.296401 0.235692 -0.428034
v 0.296401 0.200775 -0.428034
v 0.295756 0.061860 -0.427027
v -0.294219 0.061859 -0.427027
v -0.294219 0.061859 -0.428034
v 0.295756 0.061860 -0.428034
v 0.296401 0.034326 -0.427027
v 0.296401 0.061215 -0.427027
v 0.296401 0.061215 -0.428034
v 0.296401 0.034326 -0.428034
v 0.296401 -0.160876 -0.427027
v 0.296401 -0.133987 -0.427027
v 0.296401 -0.133987 -0.428034
v 0.296401 -0.160876 -0.428034
v 0.295756 -0.032029 -0.426342
v -0.294220 -0.032031 -0.426343
v 0.295756 -0.097097 -0.426342
v 0.296493 -0.067804 -0.426344
v 0.295756 0.062503 -0.426342
v 0.296547 -0.002800 -0.426344
v 0.296546 -0.132934 -0.426344
v 0.295757 -0.162164 -0.426342
v 0.295756 -0.030741 -0.428718
v 0.295756 -0.031224 -0.428547
v 0.296240 -0.030741 -0.428547
v 0.295756 -0.003852 -0.428718
v 0.296190 -0.003497 -0.428493
v 0.295756 -0.003369 -0.428547
v 0.296240 -0.068920 -0.428547
v 0.296113 -0.068488 -0.428494
v 0.296112 -0.096242 -0.428493
v 0.296240 -0.095808 -0.428547
v 0.295756 0.200775 -0.428718
v 0.296112 0.200342 -0.428493
v 0.296240 0.200775 -0.428547
v 0.295756 0.235692 -0.428718
v 0.296240 0.235692 -0.428547
v 0.296200 0.235931 -0.428410
v 0.295756 0.034326 -0.428718
v 0.296112 0.033893 -0.428493
v 0.296240 0.034326 -0.428547
v 0.295756 0.061215 -0.428718
v 0.296240 0.061215 -0.428547
v 0.296194 0.061645 -0.428412
v 0.295756 0.061697 -0.428547
v 0.295757 -0.133987 -0.428718
v 0.296240 -0.133987 -0.428547
v 0.296113 -0.133555 -0.428494
v 0.295757 -0.160876 -0.428718
v 0.295757 -0.161360 -0.428547
v 0.296240 -0.160876 -0.428547
v 0.296326 -0.031310 -0.426514
v 0.295756 -0.031546 -0.426514
v 0.296562 -0.030741 -0.426514
v 0.296326 -0.096377 -0.426514
v 0.295756 -0.096613 -0.426514
v 0.296562 -0.095808 -0.426514
v 0.295757 0.199488 -0.426342
v 0.296326 0.200206 -0.426514
v 0.295756 0.199970 -0.426514
v 0.296562 0.200775 -0.426514
v 0.296546 0.033274 -0.426344
v 0.296326 0.033757 -0.426514
v 0.295756 0.033522 -0.426514
v 0.296562 0.034326 -0.426514
v 0.296326 -0.161446 -0.426514
v 0.295757 -0.161681 -0.426514
v 0.296562 -0.160876 -0.426514
v 0.295756 -0.031385 -0.427027
v 0.296213 -0.031196 -0.427027
v 0.295756 -0.031385 -0.428034
v 0.296187 -0.031178 -0.428411
v 0.296562 -0.003852 -0.426514
v 0.296326 -0.003283 -0.426514
v 0.296213 -0.003397 -0.427027
v 0.296240 -0.003369 -0.428034
v 0.295756 -0.003208 -0.427027
v 0.295756 -0.003047 -0.426514
v 0.295756 -0.003208 -0.428034
v 0.296213 -0.068464 -0.427027
v 0.296326 -0.068351 -0.426514
v 0.295756 -0.068115 -0.426514
v 0.296240 -0.068437 -0.428034
v 0.295756 -0.096453 -0.427027
v 0.296213 -0.096264 -0.427027
v 0.295756 -0.096453 -0.428034
v 0.296240 -0.096292 -0.428034
v 0.296562 -0.068920 -0.426514
v 0.296295 0.235969 -0.426564
v 0.295803 0.236092 -0.426547
v 0.295756 0.200131 -0.427027
v 0.296213 0.200320 -0.427027
v 0.295756 0.200131 -0.428034
v 0.296240 0.200293 -0.428034
v 0.296562 0.235692 -0.426514
v 0.296213 0.061670 -0.427027
v 0.296326 0.061784 -0.426514
v 0.295756 0.062021 -0.426514
v 0.295756 0.033683 -0.427027
v 0.296213 0.033871 -0.427027
v 0.295756 0.033683 -0.428034
v 0.296240 0.033843 -0.428034
v 0.296562 0.061215 -0.426514
v 0.295757 -0.161521 -0.427027
v 0.296213 -0.161332 -0.427027
v 0.295757 -0.161521 -0.428034
v 0.296187 -0.161314 -0.428411
v 0.296562 -0.133987 -0.426514
v 0.296326 -0.133418 -0.426514
v 0.296213 -0.133532 -0.427027
v 0.296240 -0.133504 -0.428034
v 0.295756 -0.133343 -0.427027
v 0.295756 -0.133183 -0.426514
v 0.295756 -0.133343 -0.428034
v -0.294219 -0.096292 -0.428547
v -0.294219 0.200776 -0.428718
v -0.294219 0.200293 -0.428547
v -0.294219 0.034326 -0.428718
v -0.294219 0.033844 -0.428547
v -0.294219 -0.003208 -0.428034
v -0.294219 -0.003369 -0.428547
v -0.294219 -0.068437 -0.428547
v -0.294219 -0.068115 -0.426514
v 0.295756 -0.237245 -0.428718
v 0.295757 -0.184286 -0.428718
v -0.294219 -0.184286 -0.428718
v -0.294219 -0.237245 -0.428718
v 0.322758 -0.249421 -0.325161
v 0.311757 -0.250356 -0.426341
v 0.327158 -0.143970 -0.249793
v 0.296828 -0.183553 -0.426343
v 0.295757 -0.182999 -0.426342
v -0.295007 -0.238296 -0.426344
v 0.296891 -0.237906 -0.426344
v 0.296401 -0.237245 -0.427027
v 0.296401 -0.184286 -0.427027
v 0.296401 -0.184286 -0.428034
v 0.296401 -0.237245 -0.428034
v 0.295757 -0.183642 -0.427027
v -0.294219 -0.183643 -0.427027
v -0.294219 -0.183643 -0.428034
v 0.295757 -0.183642 -0.428034
v 0.295756 -0.237727 -0.428547
v 0.296187 -0.237682 -0.428412
v 0.296240 -0.237245 -0.428547
v 0.296190 -0.183931 -0.428493
v 0.295757 -0.183803 -0.428547
v 0.296326 -0.237814 -0.426514
v 0.295756 -0.238050 -0.426514
v 0.296562 -0.237245 -0.426514
v 0.296326 -0.183718 -0.426514
v 0.296562 -0.184286 -0.426514
v 0.295757 -0.183482 -0.426514
v 0.296213 -0.237700 -0.427027
v 0.296213 -0.183831 -0.427027
v 0.296240 -0.183803 -0.428034
v 0.295756 -0.237889 -0.427027
v 0.295756 -0.237889 -0.428034
v -0.294949 -0.183222 -0.426346
v -0.294219 -0.183482 -0.426514
v -0.294219 -0.237889 -0.427027
v -0.294219 -0.238050 -0.426514
v 0.328220 -0.214749 -0.382048
v 0.312132 -0.266828 -0.414171
v 0.319021 -0.265880 -0.324664
v 0.328232 0.264150 -0.414092
v 0.327135 -0.258047 -0.353475
v 0.328246 -0.247337 -0.251025
v 0.327158 -0.247059 -0.249793
v 0.328198 -0.250849 -0.328981
v 0.324737 -0.213355 -0.382042
v 0.324748 0.251728 -0.379793
v 0.324748 0.251725 -0.347930
v 0.324730 -0.213454 -0.351672
v 0.328231 0.251729 -0.381274
v 0.328232 0.264142 -0.319081
v 0.328230 0.252351 -0.380707
v 0.328231 0.252488 -0.347923
v 0.327523 -0.213352 -0.382782
v 0.327533 0.251728 -0.380533
v 0.325445 0.251728 -0.380533
v 0.325436 -0.213352 -0.382783
v 0.328018 0.252158 -0.347874
v 0.325363 0.252035 -0.347408
v 0.324970 0.252058 -0.379860
v 0.327532 0.251725 -0.347189
v 0.327516 -0.213456 -0.350930
v 0.325428 -0.213456 -0.350930
v 0.325444 0.251725 -0.347189
v 0.327516 -0.214151 -0.351678
v 0.327522 -0.214052 -0.382046
v 0.325435 -0.214052 -0.382046
v 0.325428 -0.214151 -0.351678
v 0.328211 -0.214598 -0.350768
v 0.328230 0.252184 -0.346706
v 0.328212 -0.213464 -0.350191
v 0.328219 -0.214142 -0.383278
v 0.324912 -0.213878 -0.382045
v 0.325048 -0.213819 -0.382541
v 0.324912 -0.213353 -0.382597
v 0.324921 0.251728 -0.380348
v 0.324986 0.251993 -0.347510
v 0.324921 0.251725 -0.347375
v 0.324905 -0.213455 -0.351115
v 0.324905 -0.213977 -0.351677
v 0.328002 0.252028 -0.380408
v 0.328056 0.251729 -0.380718
v 0.328028 0.252175 -0.379789
v 0.327523 -0.213846 -0.382569
v 0.328046 -0.213968 -0.382699
v 0.328046 -0.213351 -0.382968
v 0.325063 0.251987 -0.380299
v 0.328002 0.252024 -0.347307
v 0.328056 0.251724 -0.347004
v 0.328039 -0.213458 -0.350745
v 0.328039 -0.214073 -0.351022
v 0.327516 -0.213949 -0.351153
v 0.325040 -0.213923 -0.351181
v 0.328040 -0.214325 -0.351679
v 0.328046 -0.214226 -0.382046
v -0.294219 -0.067631 -0.426343
v -0.310036 -0.259162 -0.320533
v -0.310090 -0.260663 -0.420058
v -0.310213 0.270160 -0.250097
v -0.310519 0.272359 -0.249793
v -0.310556 -0.266256 -0.320796
v -0.310474 -0.266840 -0.324201
v -0.310210 -0.258671 -0.250990
v -0.294219 -0.031385 -0.428034
v -0.294219 -0.031385 -0.427027
v -0.294219 -0.096453 -0.428034
v -0.294219 -0.096453 -0.427027
v -0.294219 0.200131 -0.428034
v -0.294219 0.200132 -0.427027
v -0.294219 0.033683 -0.428034
v -0.294219 0.033683 -0.427027
v -0.294219 -0.132699 -0.426342
v -0.294583 0.235931 -0.428488
v -0.294219 0.235692 -0.428718
v -0.294219 -0.003047 -0.426514
v -0.294219 -0.003208 -0.427027
v -0.294219 0.236132 -0.426514
v -0.294219 0.062020 -0.426514
v -0.294219 -0.161359 -0.428547
v -0.294219 -0.161521 -0.428034
v -0.294219 -0.237889 -0.428034
v -0.310591 -0.266828 -0.414163
v -0.326692 0.252184 -0.346706
v -0.310595 -0.264515 -0.317946
v -0.310595 0.272946 -0.251019
v -0.326708 -0.247337 -0.251024
v -0.317639 0.264141 -0.431325
v -0.317135 0.267718 -0.430175
v -0.322661 0.264356 -0.427886
v -0.322166 0.267168 -0.427302
v -0.316130 0.270469 -0.427302
v -0.320657 0.269644 -0.425577
v -0.310595 -0.250733 -0.432475
v -0.310595 -0.257776 -0.431325
v -0.317135 -0.257273 -0.430175
v -0.317634 -0.250626 -0.431327
v -0.310595 -0.262807 -0.427876
v -0.316129 -0.262303 -0.427302
v -0.322166 -0.256267 -0.427302
v -0.322670 -0.250733 -0.427876
v -0.320657 -0.260794 -0.425577
v -0.317135 -0.264819 -0.421552
v -0.310595 -0.265825 -0.422127
v -0.322602 -0.262870 -0.414509
v -0.322166 -0.262303 -0.420403
v -0.324681 0.267718 -0.421552
v -0.325689 0.264080 -0.422122
v -0.322671 0.270743 -0.414600
v -0.322166 0.270469 -0.420403
v -0.325688 -0.250733 -0.422127
v -0.324681 -0.257273 -0.421552
v -0.325689 -0.257768 -0.413965
v -0.310595 0.272395 -0.422127
v -0.317135 0.271845 -0.421552
v -0.317646 0.272393 -0.413947
v -0.317484 -0.265879 -0.324693
v -0.322529 -0.262964 -0.326108
v -0.325687 0.267994 -0.413836
v -0.325503 -0.255967 -0.322049
v -0.322424 -0.260753 -0.319788
v -0.317430 -0.263576 -0.318388
v -0.310625 -0.263909 -0.250986
v -0.317700 -0.262854 -0.250983
v -0.317697 -0.263053 -0.251940
v -0.310623 -0.264102 -0.251927
v -0.322727 -0.259716 -0.250976
v -0.322725 -0.259927 -0.251988
v -0.317639 0.272395 -0.251019
v -0.325729 -0.254628 -0.251152
v -0.325688 0.267993 -0.251019
v -0.322670 0.270745 -0.251019
v -0.321308 0.031463 -0.321885
v -0.315394 0.266765 -0.424512
v -0.315827 0.263823 -0.425428
v -0.318340 0.266336 -0.422929
v -0.318759 0.264096 -0.423409
v -0.314616 0.268389 -0.422955
v -0.310245 0.268607 -0.423408
v -0.317435 0.267882 -0.421894
v -0.315394 -0.255532 -0.424512
v -0.310019 -0.255973 -0.425423
v -0.314607 -0.258477 -0.422929
v -0.310515 -0.258890 -0.423415
v -0.318362 -0.254753 -0.422955
v -0.318760 -0.250382 -0.423408
v -0.317435 -0.257572 -0.421894
v -0.315394 -0.259862 -0.419563
v -0.315828 -0.260658 -0.413454
v -0.318340 -0.258477 -0.418663
v -0.318714 -0.258949 -0.413923
v -0.319725 0.266765 -0.419563
v -0.320520 0.267010 -0.413409
v -0.318340 0.268377 -0.418663
v -0.318760 0.268607 -0.413679
v -0.319725 -0.255532 -0.419563
v -0.320524 -0.250306 -0.420062
v -0.321326 -0.250396 -0.413642
v -0.315394 0.269134 -0.419563
v -0.310169 0.269572 -0.420062
v -0.310244 0.270012 -0.413633
v -0.315831 -0.250217 -0.425424
v -0.310205 -0.261464 -0.413692
v -0.320341 -0.256491 -0.329221
v -0.320520 -0.255999 -0.413440
v -0.318520 -0.259131 -0.327901
v -0.315823 0.269573 -0.413500
v -0.320317 -0.254253 -0.322914
v -0.321215 -0.248946 -0.324446
v -0.318521 -0.256832 -0.321680
v -0.315416 -0.258445 -0.320865
v -0.315769 -0.258033 -0.251970
v -0.310210 -0.258859 -0.251956
v -0.318786 -0.256127 -0.251996
v -0.315807 0.269574 -0.251019
v -0.318758 0.268606 -0.251020
v -0.320541 -0.252870 -0.250989
v -0.320540 -0.253085 -0.252044
v -0.318792 -0.255924 -0.250989
v -0.296251 0.272359 -0.249793
v -0.310517 -0.262591 -0.249793
v -0.310289 -0.259512 -0.249793
v -0.316136 -0.258643 -0.249793
v -0.317264 -0.261601 -0.249793
v -0.319552 -0.256491 -0.249793
v -0.321878 -0.258759 -0.249793
v -0.317272 0.271832 -0.249793
v -0.316173 0.270138 -0.249793
v -0.310290 0.270598 -0.249793
v -0.321887 0.270317 -0.249793
v -0.319541 0.269033 -0.249793
v -0.324653 -0.254008 -0.249793
v -0.321541 -0.253085 -0.249793
v -0.322401 -0.246894 -0.249793
v -0.321560 0.267192 -0.249793
v -0.324656 0.267793 -0.249793
v -0.326429 -0.247060 -0.250095
v -0.310584 -0.263457 -0.250091
v -0.317560 -0.262430 -0.250090
v -0.322486 -0.259385 -0.250089
v -0.317547 0.272255 -0.250098
v -0.322474 0.270638 -0.250099
v -0.325439 -0.254308 -0.250090
v -0.325430 0.267943 -0.250099
v -0.315771 -0.257842 -0.250991
v -0.315854 -0.257928 -0.250092
v -0.310232 -0.258765 -0.250091
v -0.318965 -0.255965 -0.250091
v -0.315899 0.269715 -0.250098
v -0.318953 0.268713 -0.250098
v -0.320775 -0.252852 -0.250091
v -0.320787 0.267042 -0.250098
v -0.321595 0.263934 -0.250103
v -0.317534 -0.265282 -0.321267
v -0.322546 -0.262354 -0.322680
v -0.325478 -0.258365 -0.328285
v -0.325590 -0.257471 -0.325029
v -0.321308 -0.081914 -0.325593
v -0.315411 -0.260765 -0.327149
v -0.315516 -0.260149 -0.323744
v -0.310086 -0.260889 -0.323386
v -0.310155 -0.261466 -0.326801
v -0.318639 -0.258438 -0.324571
v -0.320529 0.266991 -0.251019
v -0.320427 -0.255674 -0.325913
v -0.325601 -0.258039 -0.354387
v -0.326692 -0.250775 -0.414127
v -0.321328 0.263937 -0.413636
v -0.310207 0.066239 -0.426342
v -0.320525 0.263864 -0.420061
v -0.322401 0.263973 -0.249793
v -0.321596 -0.074691 -0.250099
v -0.321301 -0.152203 -0.326306
v -0.321324 0.263948 -0.318568
v -0.321335 -0.088924 -0.251011
v -0.325620 -0.130959 -0.249793
v -0.294219 -0.133987 -0.428718
v -0.294219 -0.160876 -0.428718
v -0.321330 0.263927 -0.251014
v -0.310211 0.270012 -0.251028
v -0.310239 0.263944 -0.426338
v 0.311611 0.269572 -0.420057
v -0.294971 0.236350 -0.426346
v -0.310187 0.002378 -0.426345
v -0.310243 -0.250332 -0.426344
v -0.295507 -0.095808 -0.426343
v -0.295507 0.235691 -0.426343
v -0.295508 0.200776 -0.426343
v -0.295507 0.061215 -0.426343
v -0.295289 -0.133256 -0.426344
v -0.295508 -0.160876 -0.426342
v -0.294864 -0.030741 -0.427027
v -0.294864 -0.030741 -0.428034
v -0.294864 -0.003852 -0.428034
v -0.294864 -0.003852 -0.427027
v -0.294864 -0.095808 -0.427027
v -0.294864 -0.095808 -0.428034
v -0.294864 -0.068920 -0.428034
v -0.294864 -0.068920 -0.427027
v -0.294864 0.200776 -0.427027
v -0.294864 0.200775 -0.428034
v -0.294864 0.235692 -0.428034
v -0.294864 0.235692 -0.427027
v -0.294864 0.034326 -0.427027
v -0.294864 0.034326 -0.428034
v -0.294864 0.061215 -0.428034
v -0.294864 0.061215 -0.427027
v -0.294864 -0.160876 -0.427027
v -0.294864 -0.160876 -0.428034
v -0.294864 -0.133987 -0.428034
v -0.294864 -0.133987 -0.427027
v -0.294219 -0.133343 -0.427027
v -0.294219 -0.133343 -0.428034
v -0.294219 0.033039 -0.426342
v -0.295273 -0.068133 -0.426344
v -0.294953 0.062285 -0.426344
v -0.295290 -0.003122 -0.426344
v -0.294220 -0.002566 -0.426343
v -0.310197 -0.166084 -0.426344
v -0.295338 -0.031474 -0.426344
v -0.294953 0.199707 -0.426344
v -0.295346 0.033670 -0.426347
v -0.295008 -0.096863 -0.426344
v -0.295005 -0.161923 -0.426346
v -0.294219 -0.030741 -0.428718
v -0.294703 -0.030741 -0.428547
v -0.294650 -0.031173 -0.428416
v -0.294219 -0.031224 -0.428547
v -0.294219 -0.003852 -0.428718
v -0.294652 -0.003422 -0.428416
v -0.294703 -0.003852 -0.428547
v -0.294703 -0.068920 -0.428547
v -0.294703 -0.095808 -0.428547
v -0.294650 -0.096241 -0.428416
v -0.294703 0.200776 -0.428547
v -0.294650 0.200344 -0.428415
v -0.294703 0.235692 -0.428547
v -0.294703 0.034326 -0.428547
v -0.294650 0.033894 -0.428416
v -0.294219 0.061216 -0.428718
v -0.294219 0.061697 -0.428547
v -0.294703 0.061216 -0.428547
v -0.294219 -0.133504 -0.428547
v -0.294652 -0.133557 -0.428416
v -0.294703 -0.133987 -0.428547
v -0.294703 -0.160876 -0.428547
v -0.294650 -0.161309 -0.428416
v -0.294219 -0.031546 -0.426514
v -0.294789 -0.031310 -0.426514
v -0.295025 -0.030741 -0.426514
v -0.294219 -0.096613 -0.426514
v -0.294789 -0.096377 -0.426514
v -0.295025 -0.095808 -0.426514
v -0.294219 0.199970 -0.426514
v -0.294789 0.200206 -0.426514
v -0.295025 0.200776 -0.426514
v -0.294219 0.033522 -0.426514
v -0.294789 0.033757 -0.426514
v -0.295025 0.034326 -0.426514
v -0.294219 -0.161681 -0.426514
v -0.294789 -0.161446 -0.426514
v -0.295025 -0.160876 -0.426514
v -0.294675 -0.031196 -0.427027
v -0.294675 -0.003397 -0.427027
v -0.294789 -0.003283 -0.426514
v -0.295025 -0.003852 -0.426514
v -0.294789 -0.068351 -0.426514
v -0.294675 -0.068465 -0.427027
v -0.294652 -0.068489 -0.428416
v -0.294675 -0.096264 -0.427027
v -0.295025 -0.068920 -0.426514
v -0.294789 0.236003 -0.426514
v -0.294627 0.235979 -0.427038
v -0.294675 0.200320 -0.427027
v -0.295025 0.235692 -0.426514
v -0.294789 0.061784 -0.426514
v -0.294675 0.061671 -0.427027
v -0.294652 0.061645 -0.428416
v -0.294675 0.033871 -0.427027
v -0.295025 0.061215 -0.426514
v -0.294219 -0.161521 -0.427027
v -0.294675 -0.161332 -0.427027
v -0.294675 -0.133532 -0.427027
v -0.294789 -0.133418 -0.426514
v -0.295025 -0.133987 -0.426514
v -0.294219 -0.133183 -0.426514
v -0.321256 -0.125408 -0.322374
v -0.321342 -0.247003 -0.250996
v -0.325620 -0.247060 -0.249793
v -0.322395 0.025814 -0.249793
v -0.321600 -0.246800 -0.250096
v -0.321289 -0.250261 -0.328074
v -0.295508 -0.237246 -0.426343
v -0.295508 -0.184287 -0.426342
v -0.294864 -0.237245 -0.427027
v -0.294864 -0.237245 -0.428034
v -0.294864 -0.184287 -0.428034
v -0.294864 -0.184287 -0.427027
v -0.294703 -0.237245 -0.428547
v -0.294219 -0.237727 -0.428547
v -0.294219 -0.183804 -0.428547
v -0.294652 -0.183857 -0.428416
v -0.294703 -0.184287 -0.428547
v -0.294789 -0.237814 -0.426514
v -0.295025 -0.237245 -0.426514
v -0.295025 -0.184287 -0.426514
v -0.294789 -0.183718 -0.426514
v -0.294675 -0.237700 -0.427027
v -0.294675 -0.183831 -0.427027
v -0.294650 -0.237677 -0.428416
v -0.326674 -0.214597 -0.350768
v -0.317618 -0.265831 -0.413869
v -0.326658 -0.250863 -0.328351
v -0.326681 -0.214142 -0.383277
v -0.326675 -0.213462 -0.350190
v -0.326588 -0.249308 -0.324262
v -0.326695 0.264137 -0.251022
v -0.326425 0.264132 -0.250098
v -0.323199 -0.213355 -0.382042
v -0.323192 -0.213454 -0.351672
v -0.323210 0.251725 -0.347930
v -0.323210 0.251728 -0.379792
v -0.326694 0.264149 -0.414091
v -0.326694 0.264142 -0.319109
v -0.325620 0.264099 -0.249793
v -0.326693 0.252488 -0.347924
v -0.326692 0.252351 -0.380707
v -0.325985 -0.213352 -0.382783
v -0.323898 -0.213352 -0.382783
v -0.323908 0.251728 -0.380533
v -0.325996 0.251728 -0.380533
v -0.326491 0.252176 -0.379789
v -0.325995 0.251725 -0.347189
v -0.323907 0.251725 -0.347189
v -0.323890 -0.213456 -0.350930
v -0.325978 -0.213456 -0.350930
v -0.325978 -0.214151 -0.351677
v -0.323890 -0.214151 -0.351678
v -0.323898 -0.214052 -0.382046
v -0.325985 -0.214052 -0.382046
v -0.326683 -0.214749 -0.382048
v -0.326693 0.251730 -0.381274
v -0.323374 -0.213353 -0.382597
v -0.323374 -0.213878 -0.382045
v -0.323430 0.252054 -0.379884
v -0.323523 0.251984 -0.380302
v -0.323384 0.251728 -0.380348
v -0.323384 0.251725 -0.347375
v -0.323447 0.251991 -0.347508
v -0.323367 -0.213977 -0.351676
v -0.323505 -0.213920 -0.351173
v -0.323367 -0.213455 -0.351115
v -0.326519 0.251729 -0.380718
v -0.326508 -0.213351 -0.382967
v -0.326508 -0.213968 -0.382700
v -0.325985 -0.213846 -0.382569
v -0.326466 0.252029 -0.380408
v -0.323513 -0.213827 -0.382537
v -0.325995 0.251995 -0.347403
v -0.326519 0.252062 -0.347271
v -0.326479 0.252156 -0.347872
v -0.323830 0.252036 -0.347405
v -0.326519 0.251724 -0.347004
v -0.325978 -0.213949 -0.351153
v -0.326500 -0.214073 -0.351022
v -0.326500 -0.213458 -0.350745
v -0.326501 -0.214325 -0.351679
v -0.326508 -0.214226 -0.382046
v -0.395509 -0.324582 -0.145888
v 0.397048 -0.324582 -0.145889
v 0.397047 -0.263740 -0.145889
v -0.395509 -0.263740 -0.145889
v 0.400418 -0.324582 -0.149468
v 0.400418 -0.324582 -0.489209
v 0.400418 -0.263740 -0.489209
v 0.400418 -0.263740 -0.149468
v 0.397047 -0.324582 -0.492789
v -0.395509 -0.324582 -0.492789
v -0.395509 -0.263740 -0.492790
v 0.397047 -0.263740 -0.492790
v -0.398880 -0.324582 -0.489209
v -0.398879 -0.324582 -0.149468
v -0.398879 -0.263740 -0.149468
v -0.398879 -0.263740 -0.489209
v 0.397047 -0.327953 -0.489209
v 0.397048 -0.327952 -0.149468
v -0.395509 -0.327952 -0.149468
v -0.395509 -0.327953 -0.489209
v 0.368157 -0.271327 -0.458523
v -0.366619 -0.271327 -0.458523
v -0.366619 -0.271327 -0.180154
v 0.368157 -0.271327 -0.180155
v -0.392174 -0.260380 -0.148956
v 0.393709 -0.260384 -0.148967
v 0.393715 -0.260381 -0.489722
v -0.392175 -0.260385 -0.489712
v -0.366619 -0.263740 -0.176575
v 0.368157 -0.263740 -0.176575
v 0.368157 -0.267956 -0.176575
v -0.366619 -0.267956 -0.176575
v 0.371528 -0.263740 -0.180155
v 0.371528 -0.263740 -0.458523
v 0.371528 -0.267957 -0.458523
v 0.371528 -0.267956 -0.180155
v 0.368157 -0.263740 -0.462104
v -0.366619 -0.263740 -0.462103
v -0.366619 -0.267957 -0.462103
v 0.368157 -0.267957 -0.462103
v -0.369989 -0.263740 -0.458523
v -0.369989 -0.263740 -0.180154
v -0.369989 -0.267956 -0.180154
v -0.369989 -0.267957 -0.458523
v -0.396861 -0.324582 -0.146072
v -0.396931 -0.326004 -0.146236
v -0.395509 -0.325934 -0.146072
v 0.398400 -0.327780 -0.149468
v 0.398470 -0.327624 -0.147957
v 0.397048 -0.327780 -0.148032
v 0.397047 -0.327780 -0.490645
v 0.398470 -0.327625 -0.490719
v 0.398400 -0.327780 -0.489209
v -0.398707 -0.324582 -0.490645
v -0.398552 -0.326004 -0.490720
v -0.398707 -0.325934 -0.489209
v -0.396650 -0.262239 -0.146149
v -0.396861 -0.263740 -0.146072
v 0.400179 -0.262247 -0.148265
v 0.400246 -0.263740 -0.148032
v 0.398174 -0.262242 -0.492536
v 0.398400 -0.263740 -0.492607
v -0.398634 -0.262240 -0.490422
v -0.398707 -0.263740 -0.490646
v -0.367813 -0.260536 -0.174409
v -0.370178 -0.260370 -0.173456
v 0.373567 -0.260536 -0.178886
v 0.374464 -0.260370 -0.176374
v 0.370216 -0.260539 -0.464103
v 0.371498 -0.260371 -0.465383
v -0.371871 -0.260538 -0.460712
v -0.373076 -0.260371 -0.462075
v -0.366619 -0.269309 -0.176758
v -0.368041 -0.269379 -0.176923
v -0.367971 -0.267956 -0.176758
v 0.371355 -0.269309 -0.180155
v 0.371199 -0.269379 -0.178644
v 0.371355 -0.267956 -0.178719
v 0.368157 -0.269309 -0.461921
v 0.369580 -0.269379 -0.461755
v 0.369509 -0.267957 -0.461921
v -0.369817 -0.269309 -0.458523
v -0.369661 -0.269379 -0.460034
v -0.369817 -0.267957 -0.459960
v 0.397048 -0.325934 -0.146072
v 0.398400 -0.324582 -0.146072
v 0.398400 -0.263740 -0.146072
v -0.394644 -0.260542 -0.148018
v 0.400246 -0.325934 -0.149468
v 0.400246 -0.325934 -0.489209
v 0.400246 -0.324582 -0.490645
v 0.400245 -0.263740 -0.490646
v 0.398402 -0.260529 -0.150640
v 0.398376 -0.260519 -0.487606
v 0.397047 -0.325934 -0.492606
v -0.395509 -0.325934 -0.492606
v -0.396861 -0.324582 -0.492606
v -0.396861 -0.263740 -0.492606
v 0.396182 -0.260542 -0.490659
v -0.398707 -0.325934 -0.149468
v -0.396863 -0.260529 -0.488037
v -0.396837 -0.260519 -0.151072
v -0.366724 -0.262362 -0.176383
v 0.368262 -0.262362 -0.176383
v 0.371708 -0.262362 -0.180043
v 0.371708 -0.262363 -0.458636
v 0.368262 -0.262363 -0.462294
v -0.366724 -0.262363 -0.462295
v -0.370169 -0.262363 -0.458636
v -0.370169 -0.262362 -0.180043
v -0.373214 -0.260369 -0.177234
v 0.370793 -0.260369 -0.173086
v 0.374813 -0.260370 -0.461322
v -0.369370 -0.260370 -0.465528
v -0.366619 -0.271155 -0.178719
v 0.368157 -0.271155 -0.178719
v 0.369509 -0.271155 -0.180155
v 0.369509 -0.271155 -0.458523
v 0.368157 -0.271155 -0.459960
v -0.366619 -0.271155 -0.459960
v -0.367971 -0.271155 -0.458523
v -0.367971 -0.271155 -0.180154
v -0.369817 -0.263740 -0.178718
v -0.369817 -0.267956 -0.178719
v 0.369509 -0.263740 -0.176758
v 0.369509 -0.267956 -0.176758
v 0.371355 -0.263740 -0.459960
v 0.371355 -0.267957 -0.459960
v -0.367971 -0.263740 -0.461920
v -0.367971 -0.267957 -0.461920
v -0.398707 -0.324582 -0.148032
v -0.398552 -0.326004 -0.147957
v -0.397958 -0.325795 -0.146803
v -0.398037 -0.327110 -0.149468
v -0.396861 -0.327780 -0.149468
v -0.396931 -0.327624 -0.147957
v -0.397948 -0.327021 -0.148054
v 0.399575 -0.327110 -0.149468
v 0.400090 -0.326004 -0.147957
v 0.399487 -0.327021 -0.148055
v 0.398470 -0.326004 -0.146236
v 0.399531 -0.325762 -0.146836
v 0.397047 -0.327110 -0.491894
v 0.398470 -0.326004 -0.492441
v 0.398378 -0.327021 -0.491800
v 0.400090 -0.326004 -0.490719
v 0.399542 -0.325758 -0.491830
v -0.398037 -0.324582 -0.491894
v -0.396931 -0.326004 -0.492441
v -0.397948 -0.325913 -0.491800
v -0.395509 -0.327780 -0.490645
v -0.396931 -0.327625 -0.490720
v -0.396688 -0.327040 -0.491868
v -0.396020 -0.261207 -0.146752
v -0.395478 -0.260370 -0.150850
v -0.396165 -0.260526 -0.148772
v -0.397441 -0.261212 -0.147417
v -0.398011 -0.262289 -0.146823
v 0.399620 -0.261235 -0.148907
v 0.397009 -0.260370 -0.150846
v 0.396188 -0.260543 -0.148023
v 0.397703 -0.260526 -0.148772
v 0.398979 -0.261212 -0.147416
v 0.399539 -0.262290 -0.146811
v 0.397550 -0.261211 -0.491935
v 0.397016 -0.260370 -0.487829
v 0.397703 -0.260526 -0.489907
v 0.398979 -0.261212 -0.491262
v 0.399532 -0.262290 -0.491874
v -0.398081 -0.261236 -0.489772
v -0.395471 -0.260370 -0.487832
v -0.394650 -0.260543 -0.490655
v -0.396165 -0.260526 -0.489906
v -0.397441 -0.261212 -0.491261
v -0.398000 -0.262291 -0.491866
v -0.367112 -0.261212 -0.175679
v -0.368083 -0.262362 -0.176616
v -0.368529 -0.261212 -0.176015
v -0.369147 -0.263740 -0.177470
v -0.369949 -0.262362 -0.178598
v -0.369253 -0.262362 -0.177356
v -0.369742 -0.261212 -0.176837
v -0.370515 -0.261212 -0.178125
v -0.370167 -0.260539 -0.175370
v 0.372370 -0.261212 -0.179631
v 0.371488 -0.262362 -0.178598
v 0.372054 -0.261212 -0.178126
v 0.370685 -0.263740 -0.177470
v 0.369622 -0.262362 -0.176616
v 0.370791 -0.262362 -0.177356
v 0.371280 -0.261212 -0.176837
v 0.370067 -0.261212 -0.176017
v 0.372656 -0.260539 -0.176379
v 0.368650 -0.261212 -0.462998
v 0.369622 -0.262363 -0.462061
v 0.370067 -0.261212 -0.462662
v 0.370685 -0.263740 -0.461209
v 0.371488 -0.262363 -0.460079
v 0.370791 -0.262363 -0.461322
v 0.371280 -0.261212 -0.461842
v 0.372054 -0.261212 -0.460552
v 0.372193 -0.260536 -0.462810
v -0.370832 -0.261212 -0.459048
v -0.369949 -0.262363 -0.460079
v -0.370515 -0.261212 -0.460552
v -0.369147 -0.263740 -0.461209
v -0.368083 -0.262363 -0.462061
v -0.369253 -0.262363 -0.461321
v -0.369742 -0.261212 -0.461841
v -0.368529 -0.261212 -0.462662
v -0.370179 -0.260542 -0.463283
v -0.368041 -0.270999 -0.178643
v -0.367832 -0.270406 -0.177490
v -0.369147 -0.270484 -0.180154
v -0.369817 -0.269309 -0.180154
v -0.369661 -0.269379 -0.178643
v -0.369058 -0.270396 -0.178741
v 0.369580 -0.270999 -0.178644
v 0.370628 -0.270424 -0.178835
v 0.368157 -0.269309 -0.176758
v 0.369580 -0.269379 -0.176923
v 0.369337 -0.270440 -0.177522
v 0.369580 -0.270999 -0.460034
v 0.369370 -0.270406 -0.461188
v 0.370685 -0.270485 -0.458523
v 0.371355 -0.269309 -0.458524
v 0.371199 -0.269379 -0.460034
v 0.370597 -0.270396 -0.459938
v -0.368041 -0.271000 -0.460034
v -0.369089 -0.270424 -0.459843
v -0.366619 -0.269309 -0.461920
v -0.368041 -0.269379 -0.461756
v -0.367799 -0.270440 -0.461156
v -0.395509 -0.327780 -0.148032
v 0.400246 -0.324582 -0.148032
v 0.398178 -0.262247 -0.146139
v 0.397576 -0.261209 -0.146743
v -0.398707 -0.263740 -0.148032
v 0.398400 -0.324582 -0.492606
v 0.400176 -0.262240 -0.490418
v 0.399623 -0.261223 -0.489761
v -0.396653 -0.262246 -0.492533
v -0.396047 -0.261206 -0.491925
v -0.396861 -0.327780 -0.489209
v -0.398644 -0.262247 -0.148266
v -0.398085 -0.261223 -0.148917
v 0.370259 -0.260536 -0.174581
v 0.368650 -0.261212 -0.175679
v 0.373404 -0.260536 -0.460760
v 0.372370 -0.261212 -0.459048
v -0.367813 -0.260536 -0.464268
v -0.367112 -0.261212 -0.462998
v -0.371928 -0.260536 -0.178052
v -0.370832 -0.261212 -0.179631
v -0.367971 -0.263740 -0.176758
v 0.371355 -0.263740 -0.178719
v 0.369509 -0.263740 -0.461921
v -0.369817 -0.263740 -0.459960
v -0.397597 -0.326670 -0.147250
v -0.396652 -0.327079 -0.146853
v 0.399135 -0.326670 -0.147250
v 0.398189 -0.327035 -0.146802
v 0.399136 -0.326670 -0.491427
v 0.399546 -0.327041 -0.490429
v -0.397597 -0.326670 -0.491427
v -0.397968 -0.327081 -0.490429
v -0.368707 -0.270045 -0.177937
v -0.369116 -0.269100 -0.177539
v 0.370245 -0.270045 -0.177937
v 0.370648 -0.269096 -0.177527
v 0.370245 -0.270045 -0.460742
v 0.370655 -0.269099 -0.461139
v -0.368707 -0.270045 -0.460742
v -0.369083 -0.269120 -0.461165
v -0.396834 -0.260935 -0.145719
v -0.324090 -0.322731 -0.139320
v -0.287971 -0.321763 -0.139316
v -0.300351 -0.319080 -0.139229
v -0.372516 -0.323883 -0.139155
v -0.377019 -0.324454 -0.139393
v -0.372750 -0.324355 -0.139409
v -0.373658 -0.324527 -0.139680
v -0.380369 -0.324582 -0.139642
v -0.299999 -0.260757 -0.104388
v -0.396994 -0.263071 -0.145888
v -0.395904 -0.324529 -0.145236
v 0.397814 -0.324582 -0.144795
v -0.353982 -0.324296 -0.139464
v -0.364792 -0.324007 -0.139286
v -0.346788 -0.324486 -0.139712
v -0.316460 -0.323705 -0.139465
v -0.325746 -0.324390 -0.139706
v -0.343316 -0.324003 -0.139404
v 0.287756 -0.321729 -0.139316
v 0.301995 -0.315030 -0.139175
v -0.359371 -0.323122 -0.139192
v -0.321947 -0.310637 -0.139123
v -0.323762 -0.310699 -0.138978
v -0.313190 -0.307975 -0.139034
v -0.344676 -0.317622 -0.139122
v -0.345509 -0.317597 -0.138994
v -0.351133 -0.319889 -0.139168
v -0.310815 -0.308704 -0.139167
v -0.298913 -0.261145 -0.104229
v -0.296999 -0.262214 -0.104151
v -0.352250 -0.260890 -0.104390
v -0.281667 -0.301619 -0.104151
v 0.297798 -0.299517 -0.104125
v -0.275465 -0.303071 -0.104390
v -0.253979 -0.302786 -0.104390
v -0.267426 -0.302464 -0.104231
v -0.398474 -0.263100 -0.145185
v -0.361713 -0.321494 -0.138959
v -0.368459 -0.322810 -0.138853
v -0.376438 -0.324219 -0.138877
v -0.368987 -0.322809 -0.137843
v -0.346632 -0.317779 -0.138821
v -0.354425 -0.319826 -0.138903
v -0.346830 -0.317756 -0.137881
v -0.354956 -0.319860 -0.137842
v -0.338456 -0.315260 -0.138821
v -0.322665 -0.310218 -0.138823
v -0.338524 -0.315192 -0.137845
v -0.313056 -0.307653 -0.138821
v -0.313048 -0.307509 -0.137875
v -0.321622 -0.309804 -0.137845
v -0.304506 -0.306016 -0.138821
v -0.295956 -0.304897 -0.138820
v -0.293504 -0.304876 -0.138992
v -0.304514 -0.305862 -0.137845
v -0.287406 -0.304179 -0.138821
v -0.275516 -0.303883 -0.138993
v -0.278851 -0.303573 -0.137874
v -0.287413 -0.304008 -0.137844
v -0.273962 -0.303561 -0.138821
v -0.253176 -0.303322 -0.138821
v -0.253999 -0.303602 -0.138994
v -0.270311 -0.303313 -0.137844
v -0.398148 -0.260940 -0.105764
v -0.397107 -0.260438 -0.145112
v -0.398149 -0.324054 -0.105773
v -0.398474 -0.321950 -0.145197
v -0.398510 -0.318694 -0.107309
v -0.362436 -0.321525 -0.137915
v -0.346844 -0.317745 -0.105730
v -0.376762 -0.324177 -0.137872
v -0.330074 -0.312439 -0.137881
v -0.313052 -0.307495 -0.105728
v -0.295950 -0.304730 -0.137874
v -0.278854 -0.303558 -0.105729
v -0.239998 -0.303132 -0.136390
v -0.257180 -0.303177 -0.138054
v -0.379097 -0.324508 -0.139005
v -0.380475 -0.324582 -0.107309
v -0.398239 -0.261574 -0.145503
v -0.398029 -0.261119 -0.145524
v -0.398146 -0.263538 -0.145717
v -0.398360 -0.263608 -0.145531
v -0.398365 -0.261488 -0.145096
v -0.398151 -0.260936 -0.145113
v -0.395905 -0.260380 -0.144795
v -0.377594 -0.324582 -0.140094
v -0.289497 -0.324300 -0.139712
v -0.280505 -0.323438 -0.139463
v 0.282226 -0.323437 -0.139463
v -0.315094 -0.260419 -0.105478
v -0.395946 -0.260436 -0.105500
v -0.311563 -0.260539 -0.104649
v -0.397792 -0.260610 -0.105789
v -0.397106 -0.260444 -0.105752
v -0.397738 -0.260799 -0.104697
v -0.397802 -0.261133 -0.104486
v -0.398050 -0.261091 -0.104718
v -0.396871 -0.260940 -0.104393
v -0.396824 -0.260607 -0.104660
v -0.398361 -0.323531 -0.105785
v -0.398239 -0.323453 -0.104697
v -0.398050 -0.323909 -0.104718
v -0.398148 -0.321498 -0.104393
v -0.398361 -0.321438 -0.104658
v -0.354961 -0.319848 -0.105778
v -0.362504 -0.321525 -0.105730
v -0.346837 -0.317286 -0.104390
v -0.354969 -0.319375 -0.104390
v -0.354969 -0.319666 -0.104656
v -0.346837 -0.317567 -0.104656
v -0.364311 -0.321420 -0.104391
v -0.365391 -0.321934 -0.104654
v -0.379233 -0.324045 -0.104391
v -0.376813 -0.324130 -0.105482
v -0.368973 -0.322791 -0.105778
v -0.376895 -0.324195 -0.107329
v -0.321611 -0.309787 -0.105777
v -0.330088 -0.312429 -0.105728
v -0.321606 -0.309391 -0.104390
v -0.313056 -0.307351 -0.104656
v -0.333989 -0.313270 -0.104391
v -0.322570 -0.309901 -0.104657
v -0.338538 -0.315013 -0.104656
v -0.338507 -0.315173 -0.105778
v -0.287408 -0.303993 -0.105777
v -0.295953 -0.304715 -0.105729
v -0.287406 -0.303644 -0.104390
v -0.287406 -0.303858 -0.104656
v -0.273953 -0.303236 -0.104656
v -0.295956 -0.304362 -0.104390
v -0.295956 -0.304579 -0.104656
v -0.304506 -0.305705 -0.104656
v -0.304506 -0.305482 -0.104390
v -0.304509 -0.305846 -0.105777
v -0.239997 -0.303097 -0.105479
v -0.258452 -0.303167 -0.105729
v -0.253169 -0.302995 -0.104656
v -0.270307 -0.303298 -0.105776
v -0.379028 -0.324481 -0.105731
v -0.376940 -0.323993 -0.104656
v -0.379913 -0.324367 -0.104656
v -0.280966 -0.305160 -0.139158
v -0.292113 -0.305205 -0.139099
v -0.304391 -0.306371 -0.139053
v -0.267462 -0.304095 -0.139098
v -0.298552 -0.315013 -0.139177
v -0.353734 -0.319971 -0.139118
v -0.362978 -0.322157 -0.139157
v -0.395906 -0.324582 -0.144795
v -0.380475 -0.324529 -0.105479
v -0.396884 -0.324050 -0.104394
v -0.395905 -0.324582 -0.107309
v -0.397794 -0.324370 -0.145091
v -0.397107 -0.324527 -0.145113
v -0.397733 -0.324139 -0.145558
v -0.398029 -0.323882 -0.145524
v -0.396793 -0.324371 -0.145532
v -0.396832 -0.324057 -0.145719
v -0.395913 -0.260380 -0.107374
v -0.396839 -0.261502 -0.104233
v -0.397905 -0.261590 -0.104370
v -0.398146 -0.263536 -0.104395
v -0.397791 -0.263609 -0.104236
v -0.396797 -0.323534 -0.145832
v -0.397920 -0.323432 -0.145730
v -0.398148 -0.321490 -0.145717
v -0.397792 -0.321436 -0.145829
v -0.396793 -0.260603 -0.145532
v -0.395906 -0.260436 -0.145235
v -0.397732 -0.260847 -0.145557
v -0.397794 -0.260604 -0.145091
v -0.398151 -0.324056 -0.145113
v -0.397107 -0.324529 -0.107307
v -0.396842 -0.324363 -0.104658
v -0.396885 -0.324519 -0.105480
v -0.397738 -0.324186 -0.104697
v -0.397802 -0.323869 -0.104487
v -0.397792 -0.324364 -0.105788
v -0.379171 -0.323505 -0.104231
v -0.379210 -0.321999 -0.104151
v -0.314866 -0.305820 -0.104151
v -0.304506 -0.305111 -0.104231
v -0.313072 -0.307028 -0.104315
v -0.291975 -0.303587 -0.104231
v 0.397810 -0.266395 -0.145907
v -0.395902 -0.318699 -0.145907
v -0.360137 -0.320120 -0.104231
v -0.355698 -0.317219 -0.104126
v -0.344789 -0.316261 -0.104233
v -0.322534 -0.309243 -0.104231
v -0.298939 -0.300072 -0.104125
v -0.395823 -0.265263 -0.104125
v -0.398510 -0.318695 -0.144795
v -0.398510 -0.266398 -0.107308
v -0.398361 -0.321438 -0.145531
v -0.398239 -0.323452 -0.145503
v -0.398365 -0.323533 -0.145095
v -0.398473 -0.321879 -0.105561
v -0.397041 -0.321811 -0.104152
v -0.398510 -0.266398 -0.144795
v -0.397792 -0.321443 -0.104235
v -0.397905 -0.323437 -0.104370
v -0.396821 -0.323532 -0.104234
v -0.397021 -0.321973 -0.145888
v -0.397004 -0.263140 -0.104151
v -0.395905 -0.318695 -0.104125
v -0.398473 -0.263165 -0.105587
v -0.398360 -0.263608 -0.104658
v -0.398239 -0.261574 -0.104697
v -0.398362 -0.261490 -0.105801
v -0.395906 -0.266399 -0.145907
v -0.397791 -0.263615 -0.145829
v -0.397920 -0.261595 -0.145730
v -0.396798 -0.261488 -0.145832
v 0.397814 -0.324529 -0.145236
v 0.397815 -0.260436 -0.145235
v 0.378928 -0.324454 -0.139393
v 0.374424 -0.323883 -0.139155
v 0.375567 -0.324527 -0.139680
v 0.381006 -0.324508 -0.139005
v 0.298192 -0.262207 -0.104151
v 0.398904 -0.263080 -0.145888
v 0.397808 -0.318697 -0.145907
v 0.355899 -0.324296 -0.139464
v 0.348696 -0.324486 -0.139712
v 0.374661 -0.324355 -0.139409
v 0.366721 -0.324007 -0.139286
v 0.327643 -0.324390 -0.139706
v 0.345236 -0.324003 -0.139404
v 0.326032 -0.322732 -0.139320
v 0.315098 -0.307975 -0.139034
v 0.323866 -0.310642 -0.139123
v 0.346585 -0.317622 -0.139122
v 0.325671 -0.310700 -0.138978
v 0.312760 -0.308697 -0.139166
v 0.347417 -0.317596 -0.138994
v 0.354149 -0.260890 -0.104390
v 0.298686 -0.261136 -0.104229
v 0.306147 -0.260767 -0.104387
v 0.256148 -0.302789 -0.104390
v 0.277367 -0.303071 -0.104390
v 0.282336 -0.301514 -0.104151
v 0.269220 -0.302461 -0.104231
v 0.400382 -0.263103 -0.105602
v 0.370367 -0.322810 -0.138853
v 0.370895 -0.322809 -0.137843
v 0.363620 -0.321494 -0.138959
v 0.364346 -0.321526 -0.137916
v 0.356864 -0.319860 -0.137842
v 0.356334 -0.319826 -0.138903
v 0.348540 -0.317779 -0.138821
v 0.340365 -0.315260 -0.138821
v 0.340433 -0.315192 -0.137843
v 0.324572 -0.310218 -0.138823
v 0.331981 -0.312439 -0.137881
v 0.323531 -0.309804 -0.137845
v 0.314965 -0.307653 -0.138821
v 0.306415 -0.306016 -0.138821
v 0.306302 -0.306371 -0.139053
v 0.306422 -0.305862 -0.137845
v 0.297865 -0.304897 -0.138821
v 0.297859 -0.304730 -0.137874
v 0.289321 -0.304008 -0.137844
v 0.289315 -0.304179 -0.138821
v 0.295410 -0.304876 -0.138992
v 0.275865 -0.303561 -0.138821
v 0.277422 -0.303883 -0.138994
v 0.272219 -0.303313 -0.137844
v 0.255447 -0.303324 -0.138821
v 0.259177 -0.303177 -0.138031
v 0.256169 -0.303604 -0.138994
v 0.378348 -0.324219 -0.138877
v 0.378671 -0.324178 -0.137873
v 0.382277 -0.324582 -0.139642
v 0.399015 -0.260438 -0.145113
v 0.397814 -0.260380 -0.144795
v 0.399014 -0.260444 -0.105752
v 0.400383 -0.321950 -0.145200
v 0.400382 -0.321861 -0.105558
v 0.348738 -0.317755 -0.137879
v 0.378806 -0.324195 -0.107330
v 0.364413 -0.321525 -0.105730
v 0.314957 -0.307509 -0.137875
v 0.331997 -0.312430 -0.105729
v 0.280759 -0.303573 -0.137874
v 0.297862 -0.304715 -0.105728
v 0.260361 -0.303167 -0.105729
v 0.241908 -0.303132 -0.136390
v 0.382383 -0.324582 -0.107309
v 0.380937 -0.324481 -0.105730
v 0.400148 -0.261574 -0.145503
v 0.399938 -0.261119 -0.145524
v 0.399829 -0.261595 -0.145730
v 0.400059 -0.260936 -0.145114
v 0.400273 -0.261488 -0.145096
v 0.400268 -0.263607 -0.145531
v 0.400382 -0.263131 -0.145179
v 0.400054 -0.263529 -0.145717
v 0.399015 -0.324527 -0.145113
v 0.334657 -0.324582 -0.140095
v 0.290044 -0.324297 -0.139712
v 0.318358 -0.323705 -0.139465
v 0.323536 -0.260420 -0.105475
v 0.397819 -0.260380 -0.107361
v 0.397845 -0.260436 -0.105491
v 0.311708 -0.260537 -0.104650
v 0.399700 -0.260610 -0.105789
v 0.400057 -0.260940 -0.105760
v 0.398778 -0.260940 -0.104393
v 0.398732 -0.260607 -0.104660
v 0.399958 -0.261091 -0.104718
v 0.399647 -0.260799 -0.104697
v 0.399710 -0.261133 -0.104486
v 0.400268 -0.323530 -0.105773
v 0.400056 -0.324052 -0.105753
v 0.400269 -0.321438 -0.104658
v 0.399711 -0.323869 -0.104487
v 0.399958 -0.323910 -0.104718
v 0.400148 -0.323453 -0.104697
v 0.399814 -0.323437 -0.104370
v 0.356868 -0.319848 -0.105777
v 0.348752 -0.317745 -0.105730
v 0.370882 -0.322792 -0.105778
v 0.366222 -0.321421 -0.104391
v 0.378848 -0.323993 -0.104656
v 0.367303 -0.321934 -0.104654
v 0.356877 -0.319666 -0.104656
v 0.348746 -0.317286 -0.104390
v 0.348746 -0.317567 -0.104656
v 0.356876 -0.319375 -0.104390
v 0.323519 -0.309787 -0.105777
v 0.314961 -0.307495 -0.105728
v 0.340416 -0.315173 -0.105778
v 0.335899 -0.313270 -0.104391
v 0.340447 -0.315013 -0.104656
v 0.324478 -0.309901 -0.104657
v 0.314982 -0.307027 -0.104314
v 0.314965 -0.307351 -0.104656
v 0.323514 -0.309391 -0.104390
v 0.289316 -0.303993 -0.105777
v 0.280762 -0.303558 -0.105729
v 0.306417 -0.305846 -0.105776
v 0.306415 -0.305482 -0.104390
v 0.306415 -0.305705 -0.104656
v 0.297865 -0.304362 -0.104390
v 0.297865 -0.304579 -0.104656
v 0.289315 -0.303858 -0.104656
v 0.289315 -0.303644 -0.104390
v 0.241709 -0.303124 -0.105742
v 0.272215 -0.303298 -0.105777
v 0.275862 -0.303236 -0.104656
v 0.255450 -0.302998 -0.104656
v -0.239999 -0.303132 -0.107307
v 0.378723 -0.324130 -0.105482
v 0.382383 -0.324529 -0.105479
v 0.381822 -0.324367 -0.104656
v 0.294053 -0.305208 -0.139099
v 0.286243 -0.305435 -0.139158
v 0.269327 -0.304093 -0.139098
v 0.361281 -0.323121 -0.139192
v 0.305967 -0.319360 -0.139230
v 0.353042 -0.319889 -0.139168
v 0.364892 -0.322158 -0.139157
v 0.355639 -0.319970 -0.139118
v 0.398911 -0.263139 -0.104151
v 0.398931 -0.321983 -0.145888
v 0.398741 -0.324057 -0.145719
v 0.381142 -0.324046 -0.104391
v 0.398794 -0.324519 -0.105479
v -0.332530 -0.324582 -0.140097
v 0.400418 -0.318710 -0.144794
v 0.399702 -0.324370 -0.145091
v 0.400059 -0.324057 -0.145114
v 0.398701 -0.324371 -0.145532
v 0.399641 -0.324139 -0.145559
v 0.399937 -0.323882 -0.145525
v 0.379501 -0.324582 -0.140094
v 0.398750 -0.261502 -0.104233
v 0.400054 -0.263528 -0.104395
v 0.399700 -0.263610 -0.104236
v 0.399813 -0.261590 -0.104370
v 0.398704 -0.323534 -0.145832
v 0.399700 -0.321436 -0.145829
v 0.399829 -0.323432 -0.145730
v 0.398703 -0.260603 -0.145532
v 0.398744 -0.260935 -0.145719
v 0.399702 -0.260604 -0.145091
v 0.399641 -0.260847 -0.145558
v 0.397814 -0.324582 -0.107309
v 0.399015 -0.324529 -0.107308
v 0.398752 -0.324363 -0.104658
v 0.398792 -0.324050 -0.104394
v 0.399700 -0.324364 -0.105789
v 0.399647 -0.324186 -0.104697
v 0.381109 -0.321998 -0.104151
v 0.381189 -0.323521 -0.104231
v 0.316768 -0.305818 -0.104151
v 0.293882 -0.303587 -0.104231
v 0.306415 -0.305111 -0.104231
v 0.355863 -0.317399 -0.104151
v 0.346691 -0.316259 -0.104233
v 0.361994 -0.320109 -0.104231
v 0.371289 -0.318197 -0.104125
v 0.324442 -0.309243 -0.104231
v 0.400418 -0.266402 -0.144794
v 0.400269 -0.321441 -0.145531
v 0.400274 -0.323533 -0.145095
v 0.400148 -0.323453 -0.145503
v 0.400056 -0.321496 -0.104393
v 0.400418 -0.318696 -0.107308
v 0.397814 -0.318693 -0.104125
v 0.398949 -0.321810 -0.104152
v 0.399700 -0.321441 -0.104235
v 0.398754 -0.323531 -0.104235
v 0.400056 -0.321500 -0.145718
v 0.397780 -0.265972 -0.104125
v 0.400418 -0.266396 -0.107308
v 0.400268 -0.263610 -0.104658
v 0.400271 -0.261490 -0.105805
v 0.400148 -0.261574 -0.104697
v 0.399699 -0.263616 -0.145829
v 0.398704 -0.261488 -0.145832
v 0.154481 -0.367119 -0.187218
v 0.130515 -0.362582 -0.188190
v 0.131152 -0.362562 -0.188519
v 0.130516 -0.312904 -0.187590
v 0.130516 -0.312904 -0.184127
v 0.130511 -0.313349 -0.183300
v 0.130518 -0.319673 -0.181302
v 0.130303 -0.371144 -0.182326
v 0.130516 -0.369953 -0.188374
v 0.154250 -0.368626 -0.181311
v 0.130303 -0.380289 -0.184526
v 0.130303 -0.382750 -0.188538
v 0.130298 -0.386370 -0.187389
v 0.154250 -0.369953 -0.188374
v 0.154250 -0.374268 -0.189025
v 0.153560 -0.373564 -0.189229
v 0.154250 -0.377771 -0.190143
v 0.153560 -0.377118 -0.190279
v 0.154481 -0.373905 -0.187858
v 0.154481 -0.378694 -0.189348
v 0.154481 -0.382763 -0.188531
v 0.130516 -0.368626 -0.181311
v 0.130516 -0.374724 -0.181911
v 0.131155 -0.375651 -0.181785
v 0.130516 -0.378227 -0.182838
v 0.130514 -0.381496 -0.184113
v 0.131155 -0.381189 -0.183653
v 0.130303 -0.313345 -0.184027
v 0.154480 -0.313343 -0.184029
v 0.154481 -0.319662 -0.182288
v 0.154480 -0.313344 -0.187544
v 0.130517 -0.319236 -0.188190
v 0.130511 -0.313348 -0.188271
v 0.154250 -0.312904 -0.184127
v 0.154250 -0.312904 -0.187590
v 0.131155 -0.366890 -0.188580
v 0.153560 -0.369288 -0.188690
v 0.131155 -0.369288 -0.188690
v 0.131153 -0.379396 -0.191346
v 0.131155 -0.372831 -0.181318
v 0.153560 -0.375651 -0.181785
v 0.153560 -0.369977 -0.181071
v 0.131155 -0.369977 -0.181071
v 0.131155 -0.378347 -0.182533
v 0.153560 -0.381189 -0.183653
v 0.131155 -0.384446 -0.185234
v 0.131155 -0.388269 -0.187235
v 0.131155 -0.366960 -0.180978
v 0.130303 -0.319663 -0.182288
v 0.154481 -0.319681 -0.187205
v 0.154251 -0.362579 -0.188190
v 0.130681 -0.313019 -0.183576
v 0.131155 -0.312755 -0.187598
v 0.154481 -0.371144 -0.182326
v 0.130516 -0.374268 -0.189025
v 0.130516 -0.377770 -0.190143
v 0.130303 -0.375478 -0.188145
v 0.130518 -0.379692 -0.191058
v 0.130303 -0.380586 -0.190179
v 0.154250 -0.372774 -0.181646
v 0.154250 -0.375562 -0.182106
v 0.154250 -0.378227 -0.182838
v 0.154252 -0.381496 -0.184113
v 0.154481 -0.380288 -0.184526
v 0.154481 -0.380586 -0.190179
v 0.154259 -0.387825 -0.187278
v 0.154483 -0.386441 -0.187384
v 0.154248 -0.319674 -0.181302
v 0.154256 -0.313348 -0.188271
v 0.154071 -0.313019 -0.188103
v 0.131155 -0.312756 -0.184168
v 0.131155 -0.312904 -0.183432
v 0.153560 -0.312904 -0.183432
v 0.130303 -0.319680 -0.187205
v 0.130303 -0.367120 -0.187217
v 0.153555 -0.379477 -0.191899
v 0.131155 -0.388950 -0.187486
v 0.153560 -0.388950 -0.187486
v 0.154733 -0.379025 -0.193108
v 0.154374 -0.379766 -0.191587
v 0.154733 -0.379866 -0.191650
v 0.155499 -0.379879 -0.191659
v 0.154598 -0.380939 -0.190323
v 0.154566 -0.382182 -0.189254
v 0.155499 -0.382246 -0.189292
v 0.154586 -0.383655 -0.188423
v 0.154559 -0.385213 -0.187838
v 0.155499 -0.385280 -0.187877
v 0.154573 -0.386878 -0.187553
v 0.154408 -0.388636 -0.187519
v 0.155499 -0.388614 -0.187586
v 0.154351 -0.390235 -0.187853
v 0.155478 -0.395999 -0.211858
v 0.155478 -0.392761 -0.212725
v 0.155477 -0.389422 -0.212433
v 0.155490 -0.386384 -0.211016
v 0.155490 -0.378451 -0.199686
v 0.155477 -0.378159 -0.196346
v 0.155509 -0.379048 -0.193118
v 0.155498 -0.380961 -0.190374
v 0.155498 -0.383702 -0.188455
v 0.155498 -0.386935 -0.187589
v 0.155509 -0.390266 -0.187888
v 0.155478 -0.393310 -0.189282
v 0.155476 -0.396232 -0.192440
v 0.155478 -0.401244 -0.200613
v 0.155477 -0.401536 -0.203952
v 0.155477 -0.400668 -0.207190
v 0.155478 -0.398745 -0.209936
v 0.156731 -0.399832 -0.205771
v 0.156679 -0.394113 -0.211293
v 0.155482 -0.397457 -0.211018
v 0.156679 -0.391182 -0.211549
v 0.156679 -0.388340 -0.210788
v 0.156680 -0.385788 -0.208888
v 0.156679 -0.379335 -0.197926
v 0.155487 -0.379163 -0.201463
v 0.156679 -0.379592 -0.194995
v 0.156679 -0.380835 -0.192329
v 0.156679 -0.382916 -0.190248
v 0.156679 -0.385582 -0.189005
v 0.156679 -0.388513 -0.188749
v 0.156679 -0.391354 -0.189511
v 0.156688 -0.393939 -0.191456
v 0.156611 -0.395369 -0.193136
v 0.156679 -0.400359 -0.202373
v 0.155487 -0.400532 -0.198835
v 0.156679 -0.400103 -0.205303
v 0.156679 -0.398859 -0.207970
v 0.155477 -0.380416 -0.203507
v 0.155401 -0.399278 -0.196789
v 0.156731 -0.399779 -0.200379
v 0.156731 -0.396271 -0.210234
v 0.156731 -0.385114 -0.189276
v 0.156731 -0.380651 -0.192837
v 0.131159 -0.379476 -0.191901
v 0.130362 -0.379766 -0.191587
v 0.130182 -0.382143 -0.189240
v 0.130182 -0.380857 -0.190316
v 0.130182 -0.383599 -0.188402
v 0.130362 -0.388562 -0.187488
v 0.130117 -0.386923 -0.187568
v 0.130508 -0.387825 -0.187278
v 0.154247 -0.379691 -0.191057
v 0.156669 -0.395505 -0.210798
v 0.156679 -0.396779 -0.210050
v 0.156713 -0.392655 -0.211509
v 0.156726 -0.389743 -0.211239
v 0.156729 -0.387043 -0.209952
v 0.156678 -0.381375 -0.202809
v 0.156668 -0.384337 -0.207077
v 0.155623 -0.383556 -0.207787
v 0.156612 -0.379520 -0.199399
v 0.156730 -0.379882 -0.199899
v 0.156680 -0.380247 -0.200974
v 0.156721 -0.379384 -0.196457
v 0.156669 -0.380087 -0.193603
v 0.156669 -0.381777 -0.191190
v 0.156669 -0.384190 -0.189501
v 0.156669 -0.387035 -0.188738
v 0.156730 -0.389951 -0.189064
v 0.156613 -0.392670 -0.190186
v 0.155622 -0.399176 -0.196851
v 0.156670 -0.400114 -0.200923
v 0.156680 -0.399447 -0.199324
v 0.156669 -0.400370 -0.203850
v 0.156669 -0.399608 -0.206696
v 0.156669 -0.397918 -0.209108
v 0.156680 -0.398316 -0.197487
v 0.156730 -0.393022 -0.190699
v 0.153560 -0.366982 -0.180978
v 0.153560 -0.371502 -0.188894
v 0.153560 -0.375502 -0.189734
v 0.153562 -0.379396 -0.191346
v 0.153560 -0.378214 -0.190735
v 0.153560 -0.312756 -0.184168
v 0.153560 -0.362561 -0.188519
v 0.146564 -0.327587 -0.180983
v 0.153560 -0.312904 -0.188285
v 0.153560 -0.312755 -0.187598
v 0.153560 -0.388269 -0.187235
v 0.155482 -0.394419 -0.212434
v 0.155482 -0.391079 -0.212726
v 0.155487 -0.384957 -0.209739
v 0.129821 -0.379025 -0.193108
v 0.129821 -0.380948 -0.190362
v 0.129821 -0.383695 -0.188439
v 0.130516 -0.390254 -0.187858
v 0.155482 -0.391854 -0.188440
v 0.155487 -0.394737 -0.190559
v 0.155398 -0.383464 -0.207861
v 0.153583 -0.313350 -0.183056
v 0.153575 -0.313350 -0.188514
v 0.131155 -0.373564 -0.189229
v 0.131155 -0.377118 -0.190279
v 0.138286 -0.327587 -0.180983
v 0.131155 -0.319695 -0.180976
v 0.131155 -0.312904 -0.188285
v 0.131133 -0.313350 -0.183056
v 0.130303 -0.313342 -0.187544
v 0.130681 -0.313019 -0.188103
v 0.154071 -0.313019 -0.183576
v 0.154256 -0.313349 -0.183300
v 0.154249 -0.319218 -0.188190
v 0.131155 -0.332784 -0.180974
v 0.131141 -0.313350 -0.188514
v 0.153559 -0.319699 -0.180975
v -0.095384 -0.397457 -0.211018
v 0.155482 -0.387841 -0.211859
v 0.129821 -0.379866 -0.191650
v 0.129821 -0.382237 -0.189279
v 0.130129 -0.385266 -0.187859
v 0.129821 -0.388616 -0.187570
v 0.155482 -0.401537 -0.202270
v 0.144648 -0.337275 -0.180982
v 0.142425 -0.337740 -0.180984
v 0.146562 -0.336031 -0.180986
v 0.138289 -0.336031 -0.180986
v 0.137027 -0.334085 -0.180990
v 0.136525 -0.331810 -0.180983
v 0.153560 -0.332745 -0.180974
v 0.140201 -0.326342 -0.180979
v 0.142425 -0.325881 -0.180983
v 0.140202 -0.337275 -0.180982
v 0.142425 -0.337192 -0.181538
v 0.146180 -0.335645 -0.181538
v 0.147824 -0.334085 -0.180990
v 0.148325 -0.331810 -0.180983
v 0.147778 -0.331810 -0.181537
v 0.147824 -0.329535 -0.180990
v 0.146180 -0.327975 -0.181537
v 0.144644 -0.326356 -0.180990
v 0.142425 -0.326429 -0.181537
v 0.138671 -0.327975 -0.181537
v 0.137027 -0.329535 -0.180990
v 0.137073 -0.331810 -0.181537
v 0.140405 -0.336779 -0.181543
v 0.144445 -0.336779 -0.181543
v 0.147340 -0.333884 -0.181543
v 0.147340 -0.329737 -0.181543
v 0.144445 -0.326842 -0.181543
v 0.140405 -0.326842 -0.181543
v 0.137511 -0.329737 -0.181543
v 0.137511 -0.333884 -0.181543
v 0.138671 -0.335645 -0.181537
v 0.142425 -0.337169 -0.188153
v 0.146164 -0.335629 -0.188153
v 0.147756 -0.331810 -0.188153
v 0.146164 -0.327991 -0.188153
v 0.142425 -0.326451 -0.188152
v 0.138686 -0.327991 -0.188153
v 0.137095 -0.331810 -0.188153
v 0.140414 -0.336758 -0.188149
v 0.138686 -0.335629 -0.188153
v 0.144437 -0.336758 -0.188149
v 0.147319 -0.333875 -0.188149
v 0.147319 -0.329745 -0.188149
v 0.144437 -0.326862 -0.188149
v 0.140414 -0.326862 -0.188149
v 0.137532 -0.329745 -0.188149
v 0.137532 -0.333875 -0.188149
v 0.140461 -0.336644 -0.188308
v 0.138775 -0.335540 -0.188308
v 0.142425 -0.337043 -0.188309
v 0.142425 -0.336912 -0.188066
v 0.140510 -0.336524 -0.188059
v 0.144390 -0.336644 -0.188308
v 0.146076 -0.335540 -0.188308
v 0.145983 -0.335447 -0.188066
v 0.144341 -0.336525 -0.188062
v 0.147205 -0.333827 -0.188308
v 0.147630 -0.331810 -0.188308
v 0.147502 -0.331810 -0.188072
v 0.147085 -0.333777 -0.188059
v 0.147205 -0.329793 -0.188308
v 0.146076 -0.328080 -0.188308
v 0.145986 -0.328171 -0.188073
v 0.147086 -0.329842 -0.188062
v 0.144390 -0.326976 -0.188308
v 0.142425 -0.326577 -0.188308
v 0.142425 -0.326708 -0.188065
v 0.144341 -0.327095 -0.188062
v 0.140461 -0.326976 -0.188308
v 0.138775 -0.328080 -0.188308
v 0.138865 -0.328171 -0.188072
v 0.140510 -0.327095 -0.188062
v 0.137646 -0.329793 -0.188308
v 0.137221 -0.331810 -0.188308
v 0.137349 -0.331810 -0.188072
v 0.137766 -0.329843 -0.188059
v 0.137646 -0.333827 -0.188308
v 0.137766 -0.333777 -0.188059
v 0.147486 -0.331810 -0.181535
v 0.145975 -0.328182 -0.181535
v 0.138876 -0.328182 -0.181535
v 0.137365 -0.331810 -0.181536
v 0.138867 -0.335447 -0.188066
v 0.142425 -0.336894 -0.181518
v 0.145970 -0.335434 -0.181518
v 0.142425 -0.326727 -0.181518
v 0.140516 -0.336510 -0.181552
v 0.138880 -0.335434 -0.181518
v 0.144335 -0.336512 -0.181557
v 0.147071 -0.333772 -0.181552
v 0.147072 -0.329848 -0.181557
v 0.144335 -0.327109 -0.181557
v 0.140515 -0.327109 -0.181557
v 0.137780 -0.329849 -0.181552
v 0.137780 -0.333772 -0.181552
v 0.140588 -0.336335 -0.181073
v 0.139011 -0.335302 -0.181073
v 0.142425 -0.336708 -0.181073
v 0.142425 -0.336332 -0.180915
v 0.139276 -0.335034 -0.180915
v 0.144263 -0.336335 -0.181073
v 0.145839 -0.335302 -0.181073
v 0.145476 -0.334935 -0.180871
v 0.144120 -0.335987 -0.180915
v 0.146896 -0.333699 -0.181073
v 0.147294 -0.331810 -0.181073
v 0.146917 -0.331810 -0.180914
v 0.146549 -0.333554 -0.180915
v 0.146896 -0.329922 -0.181073
v 0.145839 -0.328319 -0.181073
v 0.145574 -0.328587 -0.180914
v 0.144263 -0.327286 -0.181073
v 0.142425 -0.326912 -0.181073
v 0.142425 -0.327289 -0.180914
v 0.140588 -0.327286 -0.181073
v 0.139011 -0.328319 -0.181073
v 0.139276 -0.328587 -0.180914
v 0.137955 -0.329922 -0.181073
v 0.137557 -0.331810 -0.181073
v 0.137934 -0.331810 -0.180914
v 0.137955 -0.333699 -0.181073
v 0.140803 -0.335851 -0.180871
v 0.146418 -0.330149 -0.180871
v 0.144079 -0.327782 -0.180871
v 0.140803 -0.327770 -0.180871
v 0.138451 -0.330106 -0.180871
v 0.138477 -0.333477 -0.180862
v 0.153560 -0.366891 -0.188580
v 0.153560 -0.372831 -0.181318
v 0.153560 -0.378347 -0.182533
v 0.153560 -0.384446 -0.185234
v 0.131155 -0.371502 -0.188894
v 0.131155 -0.375502 -0.189734
v 0.131155 -0.378215 -0.190735
v -0.070418 -0.362581 -0.188190
v -0.071057 -0.312755 -0.187598
v -0.070205 -0.367120 -0.187217
v -0.070205 -0.380290 -0.184526
v -0.070206 -0.375478 -0.188145
v -0.094153 -0.369953 -0.188374
v -0.094153 -0.374268 -0.189025
v -0.094152 -0.377771 -0.190143
v -0.094150 -0.379691 -0.191057
v -0.094383 -0.371146 -0.182326
v -0.094383 -0.373907 -0.187858
v -0.094383 -0.380287 -0.184525
v -0.094386 -0.386441 -0.187384
v -0.070419 -0.374724 -0.181911
v -0.070418 -0.378227 -0.182838
v -0.070417 -0.381496 -0.184113
v -0.070411 -0.387825 -0.187278
v -0.094383 -0.313342 -0.187544
v -0.071036 -0.313350 -0.183056
v -0.071057 -0.366891 -0.188580
v -0.071057 -0.369288 -0.188690
v -0.071058 -0.366967 -0.180978
v -0.071057 -0.369977 -0.181071
v -0.071057 -0.371502 -0.188894
v -0.071057 -0.375502 -0.189734
v -0.071057 -0.378215 -0.190735
v -0.071057 -0.375651 -0.181785
v -0.071057 -0.372831 -0.181318
v -0.071057 -0.381189 -0.183653
v -0.071057 -0.378347 -0.182533
v -0.071057 -0.388270 -0.187235
v -0.071057 -0.384446 -0.185234
v -0.093462 -0.388269 -0.187235
v -0.071036 -0.313350 -0.188514
v -0.094383 -0.319682 -0.187205
v -0.070420 -0.319236 -0.188190
v -0.070418 -0.368626 -0.181311
v -0.094153 -0.362579 -0.188190
v -0.094151 -0.319674 -0.181302
v -0.094153 -0.368626 -0.181311
v -0.070418 -0.312904 -0.184127
v -0.070584 -0.313019 -0.183576
v -0.071057 -0.312903 -0.188285
v -0.070418 -0.369953 -0.188374
v -0.070419 -0.374268 -0.189025
v -0.070419 -0.377770 -0.190143
v -0.094153 -0.375561 -0.182106
v -0.094153 -0.372774 -0.181646
v -0.094383 -0.378694 -0.189348
v -0.094153 -0.378227 -0.182838
v -0.094155 -0.381496 -0.184113
v -0.070206 -0.313344 -0.187544
v -0.070206 -0.313342 -0.184027
v -0.094158 -0.313349 -0.183300
v -0.094383 -0.313345 -0.184028
v -0.094152 -0.319218 -0.188190
v -0.094153 -0.312903 -0.187590
v -0.093974 -0.313019 -0.188103
v -0.071057 -0.312756 -0.184168
v -0.071057 -0.312904 -0.183432
v -0.070205 -0.319681 -0.187205
v -0.070205 -0.371145 -0.182326
v -0.070420 -0.319673 -0.181302
v -0.094383 -0.319662 -0.182288
v -0.094383 -0.367121 -0.187217
v -0.095384 -0.379163 -0.201463
v -0.071062 -0.379476 -0.191901
v -0.095384 -0.400532 -0.198835
v -0.094636 -0.379025 -0.193107
v -0.094636 -0.379866 -0.191650
v -0.094276 -0.379766 -0.191587
v -0.094500 -0.380939 -0.190323
v -0.094469 -0.382182 -0.189254
v -0.094488 -0.383655 -0.188423
v -0.094462 -0.385213 -0.187838
v -0.094476 -0.386878 -0.187553
v -0.094311 -0.388636 -0.187519
v -0.094254 -0.390235 -0.187852
v -0.095380 -0.395999 -0.211858
v -0.095380 -0.392761 -0.212726
v -0.095380 -0.389422 -0.212433
v -0.095393 -0.386384 -0.211016
v -0.095300 -0.383465 -0.207863
v -0.095393 -0.378451 -0.199686
v -0.095380 -0.378159 -0.196346
v -0.095412 -0.379048 -0.193118
v -0.095401 -0.380961 -0.190374
v -0.095401 -0.383702 -0.188454
v -0.095401 -0.386935 -0.187589
v -0.095412 -0.390266 -0.187888
v -0.095380 -0.393310 -0.189282
v -0.095378 -0.396234 -0.192441
v -0.095304 -0.399280 -0.196793
v -0.095380 -0.401244 -0.200613
v -0.095380 -0.401536 -0.203952
v -0.095380 -0.400668 -0.207190
v -0.095380 -0.398745 -0.209936
v -0.096634 -0.400102 -0.204762
v -0.095384 -0.394419 -0.212435
v -0.096582 -0.396779 -0.210050
v -0.095384 -0.391079 -0.212727
v -0.095384 -0.387841 -0.211859
v -0.095390 -0.384957 -0.209739
v -0.095385 -0.378158 -0.198028
v -0.096582 -0.380245 -0.200977
v -0.095385 -0.378450 -0.194689
v -0.095402 -0.379878 -0.191659
v -0.095402 -0.382246 -0.189292
v -0.095402 -0.385280 -0.187877
v -0.095402 -0.388614 -0.187586
v -0.095384 -0.391854 -0.188439
v -0.095384 -0.394737 -0.190559
v -0.096515 -0.392670 -0.190186
v -0.095384 -0.401537 -0.202270
v -0.096582 -0.399450 -0.199321
v -0.096515 -0.400174 -0.200905
v -0.095385 -0.401244 -0.205609
v -0.095385 -0.399827 -0.208647
v -0.095380 -0.380416 -0.203507
v -0.095525 -0.399176 -0.196850
v -0.096634 -0.389021 -0.188935
v -0.096634 -0.380651 -0.192836
v -0.096632 -0.384219 -0.189564
v -0.096633 -0.399848 -0.200537
v -0.096634 -0.391715 -0.211455
v -0.096632 -0.379677 -0.199431
v -0.096624 -0.379384 -0.196457
v -0.070265 -0.379766 -0.191587
v -0.069724 -0.379866 -0.191650
v -0.070085 -0.380857 -0.190316
v -0.070085 -0.382143 -0.189240
v -0.069724 -0.382237 -0.189279
v -0.070085 -0.383599 -0.188402
v -0.070033 -0.385265 -0.187859
v -0.070265 -0.388562 -0.187488
v -0.069724 -0.388616 -0.187570
v -0.094161 -0.387824 -0.187278
v -0.070201 -0.386370 -0.187389
v -0.070205 -0.382750 -0.188538
v -0.070205 -0.380586 -0.190179
v -0.070421 -0.379692 -0.191058
v -0.071056 -0.379396 -0.191346
v -0.093464 -0.379396 -0.191346
v -0.094383 -0.380586 -0.190179
v -0.094383 -0.382763 -0.188531
v -0.096572 -0.395505 -0.210798
v -0.096582 -0.394113 -0.211293
v -0.096572 -0.392659 -0.211560
v -0.096582 -0.391182 -0.211549
v -0.096572 -0.389725 -0.211303
v -0.096582 -0.388341 -0.210787
v -0.096575 -0.387061 -0.210053
v -0.096583 -0.385788 -0.208888
v -0.096570 -0.384337 -0.207077
v -0.096581 -0.381375 -0.202809
v -0.095525 -0.383556 -0.207787
v -0.096582 -0.379335 -0.197925
v -0.096582 -0.379592 -0.194995
v -0.096572 -0.380087 -0.193603
v -0.096582 -0.380835 -0.192329
v -0.096572 -0.381777 -0.191190
v -0.096582 -0.382916 -0.190249
v -0.096582 -0.385582 -0.189005
v -0.096572 -0.387035 -0.188738
v -0.096582 -0.388513 -0.188749
v -0.096572 -0.389969 -0.188995
v -0.096582 -0.391354 -0.189511
v -0.096582 -0.393911 -0.191410
v -0.096570 -0.395358 -0.193222
v -0.096581 -0.398320 -0.197489
v -0.096582 -0.400359 -0.202373
v -0.096572 -0.400370 -0.203850
v -0.096582 -0.400103 -0.205303
v -0.096572 -0.399607 -0.206695
v -0.096582 -0.398859 -0.207969
v -0.096572 -0.397918 -0.209108
v -0.096634 -0.397126 -0.209635
v -0.096634 -0.386549 -0.209487
v -0.096633 -0.393023 -0.190699
v -0.093463 -0.366962 -0.180978
v -0.093462 -0.369977 -0.181071
v -0.093462 -0.371502 -0.188894
v -0.093462 -0.369288 -0.188690
v -0.093462 -0.373563 -0.189229
v -0.093462 -0.375502 -0.189734
v -0.093462 -0.377118 -0.190279
v -0.093462 -0.378215 -0.190735
v -0.093478 -0.313350 -0.188514
v -0.093462 -0.366891 -0.188580
v -0.093462 -0.372831 -0.181318
v -0.093462 -0.378347 -0.182533
v -0.093462 -0.384446 -0.185234
v -0.093460 -0.362691 -0.188521
v -0.088228 -0.331810 -0.180983
v -0.087905 -0.329463 -0.180974
v -0.093462 -0.319699 -0.180975
v -0.093462 -0.312755 -0.187598
v -0.093462 -0.312903 -0.188285
v -0.093462 -0.312756 -0.184168
v -0.093462 -0.312904 -0.183432
v -0.093458 -0.379477 -0.191899
v -0.093462 -0.388950 -0.187486
v -0.076428 -0.331810 -0.180983
v -0.071057 -0.332718 -0.180974
v -0.071058 -0.319695 -0.180976
v -0.070414 -0.313348 -0.188271
v -0.070584 -0.313019 -0.188103
v -0.093486 -0.313350 -0.183056
v -0.070418 -0.312903 -0.187590
v -0.070414 -0.313349 -0.183300
v -0.070205 -0.319662 -0.182288
v -0.093974 -0.313019 -0.183576
v -0.094153 -0.312904 -0.184127
v -0.094158 -0.313348 -0.188271
v -0.071057 -0.362374 -0.188517
v 0.155482 -0.378158 -0.198029
v 0.155482 -0.378450 -0.194689
v -0.069723 -0.379025 -0.193108
v -0.069724 -0.380948 -0.190361
v -0.069724 -0.383695 -0.188439
v -0.070020 -0.386922 -0.187567
v -0.070420 -0.390252 -0.187857
v 0.155482 -0.401245 -0.205609
v 0.155481 -0.399828 -0.208648
v -0.084551 -0.337275 -0.180982
v -0.082328 -0.337748 -0.180978
v -0.082328 -0.325881 -0.180983
v -0.078192 -0.336031 -0.180986
v -0.076930 -0.334085 -0.180990
v -0.080104 -0.326342 -0.180979
v -0.080105 -0.337275 -0.180982
v -0.078573 -0.335645 -0.181537
v -0.086464 -0.336031 -0.180986
v -0.087727 -0.334085 -0.180990
v -0.087673 -0.329558 -0.181033
v -0.086467 -0.327587 -0.180983
v -0.084547 -0.326356 -0.180990
v -0.078189 -0.327587 -0.180983
v -0.076930 -0.329535 -0.180990
v -0.080308 -0.336779 -0.181543
v -0.078589 -0.335629 -0.188153
v -0.082328 -0.337192 -0.181538
v -0.084348 -0.336779 -0.181543
v -0.086083 -0.335645 -0.181538
v -0.087242 -0.333884 -0.181543
v -0.087681 -0.331810 -0.181537
v -0.087242 -0.329737 -0.181543
v -0.086083 -0.327975 -0.181537
v -0.084348 -0.326842 -0.181543
v -0.082328 -0.326429 -0.181537
v -0.080308 -0.326842 -0.181543
v -0.078573 -0.327975 -0.181537
v -0.077414 -0.329737 -0.181543
v -0.076975 -0.331810 -0.181537
v -0.077414 -0.333884 -0.181543
v -0.080317 -0.336758 -0.188149
v -0.082328 -0.337169 -0.188153
v -0.084340 -0.336758 -0.188149
v -0.086067 -0.335629 -0.188153
v -0.087222 -0.333875 -0.188149
v -0.087658 -0.331810 -0.188153
v -0.087222 -0.329745 -0.188149
v -0.086067 -0.327991 -0.188153
v -0.084340 -0.326862 -0.188149
v -0.082328 -0.326451 -0.188152
v -0.080317 -0.326862 -0.188149
v -0.078589 -0.327991 -0.188152
v -0.077435 -0.329745 -0.188149
v -0.076998 -0.331810 -0.188153
v -0.077435 -0.333875 -0.188149
v -0.080364 -0.336644 -0.188308
v -0.078678 -0.335540 -0.188308
v -0.078770 -0.335447 -0.188066
v -0.082328 -0.337043 -0.188308
v -0.084293 -0.336644 -0.188308
v -0.085979 -0.335540 -0.188308
v -0.087107 -0.333827 -0.188308
v -0.087532 -0.331810 -0.188308
v -0.087107 -0.329793 -0.188308
v -0.085979 -0.328080 -0.188308
v -0.084293 -0.326976 -0.188308
v -0.082328 -0.326577 -0.188308
v -0.080364 -0.326976 -0.188308
v -0.078678 -0.328080 -0.188308
v -0.077549 -0.329793 -0.188308
v -0.077124 -0.331810 -0.188308
v -0.077549 -0.333827 -0.188308
v -0.080413 -0.336524 -0.188059
v -0.084243 -0.336524 -0.188059
v -0.086988 -0.333777 -0.188059
v -0.087405 -0.331810 -0.188072
v -0.086989 -0.329842 -0.188062
v -0.085889 -0.328171 -0.188072
v -0.084244 -0.327095 -0.188062
v -0.082328 -0.326704 -0.188072
v -0.080412 -0.327095 -0.188062
v -0.077252 -0.331810 -0.188073
v -0.077668 -0.333777 -0.188059
v -0.078783 -0.335434 -0.181518
v -0.082328 -0.336912 -0.188066
v -0.085886 -0.335447 -0.188066
v -0.078770 -0.328173 -0.188065
v -0.077670 -0.329843 -0.188055
v -0.080419 -0.336510 -0.181552
v -0.082328 -0.336894 -0.181518
v -0.084238 -0.336510 -0.181552
v -0.085873 -0.335434 -0.181518
v -0.086974 -0.333772 -0.181551
v -0.087389 -0.331810 -0.181535
v -0.086975 -0.329848 -0.181556
v -0.085878 -0.328182 -0.181535
v -0.084238 -0.327109 -0.181557
v -0.082328 -0.326720 -0.181535
v -0.080418 -0.327109 -0.181556
v -0.078783 -0.328187 -0.181517
v -0.077688 -0.329851 -0.181531
v -0.077267 -0.331810 -0.181536
v -0.077682 -0.333772 -0.181552
v -0.080491 -0.336334 -0.181073
v -0.078914 -0.335302 -0.181073
v -0.079179 -0.335034 -0.180914
v -0.080706 -0.335851 -0.180871
v -0.082328 -0.336332 -0.180915
v -0.082328 -0.336708 -0.181073
v -0.084165 -0.336334 -0.181073
v -0.084022 -0.335987 -0.180915
v -0.085379 -0.334935 -0.180871
v -0.085742 -0.335302 -0.181073
v -0.086799 -0.333699 -0.181073
v -0.086452 -0.333554 -0.180914
v -0.086819 -0.331810 -0.180914
v -0.087196 -0.331810 -0.181073
v -0.086799 -0.329922 -0.181073
v -0.086280 -0.330137 -0.180862
v -0.085477 -0.328587 -0.180914
v -0.085742 -0.328319 -0.181073
v -0.084165 -0.327286 -0.181073
v -0.083982 -0.327782 -0.180871
v -0.082328 -0.327289 -0.180914
v -0.082328 -0.326912 -0.181073
v -0.080491 -0.327286 -0.181073
v -0.080706 -0.327769 -0.180871
v -0.079179 -0.328587 -0.180914
v -0.078914 -0.328319 -0.181073
v -0.077858 -0.329922 -0.181073
v -0.078354 -0.330106 -0.180871
v -0.077837 -0.331810 -0.180914
v -0.077460 -0.331810 -0.181073
v -0.077858 -0.333699 -0.181073
v -0.078357 -0.333487 -0.180868
v -0.093462 -0.375651 -0.181785
v -0.093462 -0.381188 -0.183653
v -0.071057 -0.373564 -0.189229
v -0.071057 -0.377118 -0.190279
v -0.071057 -0.388950 -0.187486
vn -0.0080 0.0001 1.0000
vn -0.8775 0.0035 0.4796
vn -0.4534 0.4929 0.7426
vn 0.0573 0.0157 0.9982
vn 0.0080 0.0070 0.9999
vn 0.0370 0.0343 0.9987
vn 0.5883 0.5818 0.5617
vn 0.3345 0.3322 0.8819
vn 0.7252 0.0892 0.6827
vn -0.0006 0.9441 -0.3296
vn -0.3019 0.7189 -0.6261
vn -0.0002 0.7190 -0.6950
vn -1.0000 0.0012 0.0003
vn -0.7719 0.4459 -0.4531
vn -0.6370 0.7709 -0.0032
vn 0.1943 0.9660 0.1704
vn 0.0005 0.6731 0.7395
vn 0.4540 0.7845 0.4225
vn -0.4284 -0.7263 0.5375
vn -0.9162 -0.4006 0.0013
vn -0.7069 -0.3519 0.6136
vn -0.0002 -0.9944 0.1052
vn -0.4852 -0.4472 0.7515
vn -0.0002 -0.7922 0.6103
vn -0.0519 0.1128 0.9923
vn 0.0741 -0.0333 0.9967
vn 0.0495 -0.0775 0.9958
vn -0.7041 0.7100 0.0117
vn -0.0602 0.7405 0.6693
vn -0.7645 0.4545 0.4570
vn -0.0002 0.9945 0.1052
vn -0.4538 0.4849 0.7476
vn -0.7326 0.6747 0.0899
vn 0.7583 -0.3397 -0.5564
vn 0.6907 -0.7219 -0.0411
vn 0.5155 -0.6081 -0.6037
vn 0.7437 0.0017 -0.6686
vn 0.9472 0.3206 -0.0082
vn 0.6379 0.2549 -0.7267
vn -0.0003 -0.0063 1.0000
vn -0.6053 0.0024 0.7960
vn -0.8291 -0.0023 0.5590
vn 0.0002 0.9944 0.1052
vn 0.4528 0.4930 0.7429
vn 0.0001 0.7923 0.6102
vn -0.0007 -0.6705 0.7419
vn -0.0214 -0.0808 0.9965
vn -0.2423 -0.6778 0.6942
vn 0.9979 0.0030 0.0643
vn 0.4861 0.4469 0.7510
vn 0.7055 0.7055 0.0668
vn 0.4424 0.8089 -0.3872
vn 0.8448 0.4827 -0.2310
vn 0.6788 0.4291 -0.5959
vn -0.1470 -0.9810 0.1266
vn -0.4449 -0.8078 0.3866
vn -0.4748 -0.8702 0.1313
vn -0.0736 -0.0331 0.9967
vn 0.0517 0.1125 0.9923
vn -0.0495 -0.0775 0.9958
vn 0.6018 -0.5851 -0.5436
vn 0.8991 -0.3205 -0.2982
vn 0.7071 -0.7072 -0.0010
vn -0.9531 0.3027 0.0014
vn -0.4512 0.7853 0.4238
vn -0.7553 0.6554 0.0012
vn -0.0603 0.7477 -0.6613
vn -0.9877 -0.0037 0.1563
vn -0.4880 -0.5328 0.6914
vn -0.7063 -0.7063 0.0476
vn -0.1208 0.0003 0.9927
vn -0.6432 0.4375 0.6284
vn -0.7519 0.0016 0.6593
vn 0.7320 0.6752 0.0910
vn 0.8785 0.0069 0.4776
vn 0.9464 -0.3230 0.0002
vn 1.0000 -0.0050 0.0015
vn 0.9469 -0.3213 0.0068
vn -0.1270 -0.0001 0.9919
vn 0.0454 0.0135 0.9989
vn 0.0848 0.0003 0.9964
vn 0.1631 -0.9866 0.0018
vn 0.4766 -0.8692 0.1313
vn 0.1477 -0.9809 0.1269
vn 0.0158 0.0535 -0.9984
vn 0.3980 0.4784 -0.7828
vn 0.1666 0.5766 -0.7999
vn -0.9426 -0.3339 -0.0006
vn -0.9997 -0.0057 -0.0224
vn -0.9348 -0.3367 -0.1128
vn 1.0000 -0.0001 -0.0064
vn 0.6580 0.0065 -0.7530
vn 0.1857 -0.8255 -0.5329
vn -0.0000 0.0047 1.0000
vn -0.0002 0.7278 0.6858
vn -0.0000 -0.0046 1.0000
vn 0.4844 -0.4531 0.7483
vn 0.0003 -0.7875 0.6163
vn -0.0371 -0.0726 -0.9967
vn -0.6789 -0.3777 -0.6296
vn -0.4251 -0.7288 -0.5368
vn 0.0171 -0.0000 0.9999
vn -0.0000 0.0130 0.9999
vn 0.0001 0.0691 0.9976
vn -0.6805 0.4297 -0.5936
vn -0.9597 0.0017 -0.2809
vn -0.8459 0.4818 -0.2288
vn -0.9980 0.0032 0.0638
vn -0.9980 -0.0027 0.0637
vn -0.9879 0.0068 0.1551
vn 0.3085 0.9512 0.0056
vn 0.6973 0.7166 0.0162
vn 0.2576 0.9658 0.0296
vn -0.0001 -0.0209 0.9998
vn -0.0001 -0.1155 0.9933
vn -0.0166 -0.0974 0.9951
vn 0.0166 -0.0974 0.9951
vn 0.0060 -0.0112 0.9999
vn 0.0369 -0.0725 0.9967
vn -0.0166 -0.0976 -0.9951
vn -0.0001 -0.1158 -0.9933
vn -0.0000 -0.0211 -0.9998
vn -0.0370 -0.0725 0.9967
vn -0.0090 -0.0046 0.9999
vn -0.0060 -0.0113 0.9999
vn -0.0061 -0.0115 -0.9999
vn -0.0092 -0.0047 -0.9999
vn 0.0153 0.0001 0.9999
vn -0.0803 0.0001 0.9968
vn -0.0573 0.0156 0.9982
vn 0.0002 0.9461 0.3237
vn 0.2701 0.7700 0.5781
vn 0.0002 0.7196 0.6943
vn -0.8586 -0.5126 0.0034
vn -0.8741 -0.4387 0.2086
vn -0.0603 0.0202 -0.9980
vn -0.1035 0.0003 -0.9946
vn -0.0148 0.0002 -0.9999
vn -0.0370 0.0343 0.9987
vn 0.0086 -0.0084 0.9999
vn -0.0080 0.0071 0.9999
vn 0.0005 0.0021 -1.0000
vn -0.0013 -0.0029 -1.0000
vn -0.0309 0.0332 -0.9990
vn -0.0802 -0.0006 -0.9968
vn 0.0162 -0.0001 -0.9999
vn -0.0144 -0.0000 0.9999
vn -0.1033 -0.0002 0.9947
vn -0.5915 0.5749 0.5653
vn -0.3173 0.8990 0.3018
vn -0.6951 0.6948 0.1847
vn 0.8985 0.3144 0.3064
vn 0.0060 0.0070 -1.0000
vn 0.0309 0.0332 -0.9990
vn 0.0064 0.0067 1.0000
vn 0.0173 0.0538 0.9984
vn 0.0100 -0.0041 0.9999
vn 0.0557 -0.0328 0.9979
vn -0.7370 0.6714 0.0775
vn -0.0003 0.9924 0.1234
vn -0.0002 0.9944 0.1052
vn -0.6884 0.7253 -0.0062
vn -0.3079 0.9510 -0.0285
vn -0.7249 0.6888 0.0086
vn 0.3856 0.7694 0.5093
vn 0.1897 0.9818 0.0048
vn 0.1506 0.8833 0.4440
vn 0.6712 -0.6961 0.2550
vn 0.3117 -0.9502 0.0042
vn 0.6593 -0.7519 0.0038
vn 0.2612 0.7304 0.6311
vn 0.7249 0.6888 0.0088
vn 0.5764 0.5168 0.6329
vn -0.9419 -0.3358 0.0107
vn -0.5722 -0.4777 0.6666
vn -0.6906 -0.2063 0.6932
vn -0.6908 -0.7219 -0.0408
vn -0.7585 -0.3398 -0.5560
vn -0.5157 -0.6082 -0.6034
vn -0.7370 0.6714 0.0778
vn -0.0003 0.9923 0.1235
vn -0.0012 0.9131 0.4077
vn -0.0010 0.9987 -0.0504
vn 0.9488 0.2950 -0.1125
vn 0.6927 0.7211 -0.0161
vn 0.6436 0.7180 -0.2651
vn -0.7909 0.6119 -0.0097
vn -0.7509 0.0020 -0.6604
vn -0.9999 0.0030 -0.0120
vn 0.0758 -0.0003 0.9971
vn 0.7930 -0.0018 0.6092
vn 0.0753 -0.0005 0.9972
vn 0.6420 0.4580 0.6148
vn 0.4243 0.9055 0.0074
vn -0.0007 -0.9025 -0.4306
vn -0.1759 -0.9844 -0.0050
vn -0.0008 -1.0000 -0.0060
vn 0.5326 -0.8463 -0.0081
vn 0.1730 -0.8660 -0.4691
vn 0.1758 -0.9844 -0.0050
vn 0.7085 -0.7057 0.0075
vn 0.3528 -0.8876 0.2960
vn 0.3161 -0.9487 0.0089
vn 0.6804 0.1865 0.7087
vn 0.9999 0.0025 0.0119
vn 0.7479 0.0009 0.6638
vn 0.6960 0.1722 0.6971
vn 0.7021 0.0016 0.7120
vn -0.8476 -0.5305 -0.0146
vn 0.9456 -0.3246 -0.0199
vn 0.9999 -0.0050 -0.0126
vn 0.0605 0.7403 0.6696
vn 0.0706 -0.0050 0.9975
vn 0.2235 0.7064 0.6716
vn -0.4251 -0.7288 0.5367
vn -0.8491 -0.5282 0.0075
vn -0.6791 -0.3777 0.6294
vn 0.8476 -0.5305 -0.0147
vn 0.4251 -0.7286 -0.5371
vn -0.1732 -0.8659 -0.4692
vn 0.0006 0.9017 0.4323
vn 0.2571 0.9402 0.2235
vn 0.5998 0.6040 0.5248
vn 0.6926 0.6944 0.1953
vn 0.4253 -0.7291 0.5362
vn 0.1732 -0.8661 0.4689
vn 0.0370 -0.0726 -0.9967
vn 0.6791 -0.3776 -0.6295
vn 0.0559 -0.0329 -0.9979
vn -0.7461 -0.0012 0.6659
vn 0.0803 0.0001 0.9968
vn -0.0240 0.0595 0.9979
vn 0.0001 -0.0752 0.9972
vn 0.0214 -0.0808 0.9965
vn -0.0086 -0.0084 0.9999
vn 0.7237 -0.2068 0.6584
vn 0.0865 -0.0840 0.9927
vn 0.5832 -0.4824 0.6536
vn 0.6740 0.6740 0.3026
vn 0.0003 0.9923 0.1236
vn 0.0001 0.7276 0.6860
vn -0.0130 0.9999 -0.0001
vn -0.0000 0.9999 0.0128
vn 0.0037 1.0000 0.0001
vn -0.0978 -0.9952 -0.0034
vn -0.0341 -0.8561 -0.5157
vn -0.6674 -0.6564 -0.3518
vn 0.9162 -0.4008 0.0014
vn 0.4280 -0.7260 0.5382
vn 0.7065 -0.3520 0.6139
vn 0.8491 -0.5282 0.0075
vn 0.6792 -0.3778 0.6292
vn -0.2613 0.7305 0.6310
vn -0.0001 0.0780 0.9970
vn 0.0131 0.9999 0.0001
vn -0.0000 0.9999 -0.0127
vn -0.0037 1.0000 -0.0001
vn 0.6863 -0.2035 0.6982
vn 0.5773 -0.4879 0.6547
vn -0.6742 -0.6737 0.3025
vn -0.0003 -0.9943 0.1062
vn -0.0001 -0.7278 0.6857
vn -0.7018 -0.7123 -0.0111
vn -0.3271 -0.9449 -0.0132
vn -0.6236 -0.6961 0.3558
vn -0.0009 0.0059 1.0000
vn -0.3856 0.7693 0.5093
vn -0.6419 0.4579 0.6150
vn 0.1505 0.8834 -0.4438
vn 0.3856 0.7693 -0.5094
vn -0.7894 0.0062 0.6139
vn -0.0210 -0.0001 0.9998
vn -0.7252 -0.0132 0.6885
vn -0.8915 0.3267 0.3139
vn -0.7162 0.6979 0.0006
vn -0.6522 0.7051 0.2783
vn 0.8916 0.4528 -0.0104
vn 0.9999 0.0030 0.0099
vn 0.9999 0.0015 -0.0121
vn -0.0020 -0.9996 -0.0268
vn -0.3262 -0.9453 0.0013
vn -0.0017 -0.9999 -0.0150
vn 0.7041 0.7100 0.0117
vn 0.7655 0.4534 0.4565
vn 0.9401 0.2590 0.2216
vn 0.7308 0.2321 0.6420
vn 0.9999 -0.0013 0.0119
vn 0.7470 -0.0012 0.6648
vn 0.7003 -0.7138 -0.0093
vn 0.9351 -0.3360 -0.1126
vn 0.9416 -0.3368 -0.0010
vn 0.0016 0.9981 0.0617
vn 0.2793 0.7410 0.6107
vn -0.0179 0.0432 0.9989
vn -0.0000 0.0135 0.9999
vn 0.0001 -0.1155 0.9933
vn 0.0001 -0.0209 0.9998
vn 0.0001 -0.0210 -0.9998
vn 0.0001 -0.1157 -0.9933
vn 0.0166 -0.0976 -0.9951
vn 0.0092 -0.0047 -0.9999
vn 0.0060 -0.0115 -0.9999
vn -0.0153 0.0001 0.9999
vn 0.0148 0.0001 -0.9999
vn 0.1034 0.0003 -0.9946
vn 0.0603 0.0202 -0.9980
vn 0.0013 -0.0029 -1.0000
vn -0.0006 0.0021 -1.0000
vn 0.0802 -0.0001 -0.9968
vn -0.0162 -0.0001 -0.9999
vn 0.1033 -0.0002 0.9947
vn 0.0142 -0.0008 0.9999
vn -0.0158 0.0535 -0.9984
vn -0.0001 0.0122 -0.9999
vn -0.0001 0.0630 -0.9980
vn 0.3173 0.8995 0.3004
vn 0.0004 0.7281 0.6855
vn -0.0060 0.0071 -1.0000
vn -0.0559 -0.0329 -0.9979
vn -0.8286 -0.0030 0.5598
vn -0.0557 -0.0328 0.9979
vn -0.7371 -0.6714 0.0775
vn -0.9944 -0.0117 0.1047
vn -0.9944 -0.0034 0.1052
vn -0.0009 1.0000 0.0009
vn -0.1434 0.8903 0.4321
vn -0.0005 0.9014 0.4329
vn 0.4791 -0.8777 0.0008
vn 0.1586 -0.8604 0.4844
vn -0.1897 0.9818 0.0048
vn -0.1507 0.8832 0.4442
vn 0.8864 -0.3527 0.2997
vn -1.0000 0.0055 0.0046
vn -0.9401 0.2565 0.2245
vn -0.9566 0.2912 0.0116
vn 0.0001 0.0630 -0.9980
vn 0.0009 0.6764 -0.7366
vn 0.6375 0.7705 -0.0032
vn 0.0608 0.7479 -0.6610
vn 0.7728 0.4452 -0.4523
vn -0.9999 -0.0013 0.0119
vn -0.7472 -0.0012 0.6646
vn 0.1322 -0.7882 0.6011
vn 0.0707 -0.0061 0.9975
vn 0.1405 -0.9017 0.4090
vn -0.9442 0.3295 0.0004
vn -0.8992 0.3173 0.3014
vn -1.0000 -0.0033 0.0085
vn -0.7509 -0.0019 0.6604
vn 0.6432 0.4376 0.6283
vn 0.4207 0.9072 0.0011
vn 0.3856 0.7708 0.5071
vn 0.4816 0.8764 -0.0059
vn 0.6419 0.4579 -0.6150
vn 0.1405 -0.9901 0.0063
vn 0.0007 -0.9025 0.4306
vn 0.9478 -0.3189 0.0070
vn -0.5325 -0.8464 -0.0081
vn -0.7438 0.0017 -0.6684
vn -0.9472 0.3207 -0.0082
vn -0.9999 0.0024 -0.0104
vn -0.7501 -0.0023 -0.6613
vn -0.6380 0.2549 -0.7266
vn -0.6819 0.7313 -0.0121
vn -0.3210 -0.9468 0.0232
vn -0.6702 -0.6963 0.2570
vn -0.2729 -0.9030 0.3318
vn 0.3210 -0.9468 0.0232
vn 0.2728 -0.9027 0.3328
vn -0.2542 -0.6989 0.6685
vn -0.9994 -0.0068 -0.0338
vn -0.9454 -0.3254 -0.0201
vn -0.9464 -0.3231 0.0001
vn -0.2295 -0.7828 -0.5785
vn -0.0009 -0.8360 -0.5488
vn 0.9999 -0.0025 -0.0105
vn 0.0706 -0.0052 0.9975
vn 0.6628 -0.0037 0.7488
vn 0.0001 -0.1377 0.9905
vn -0.0000 -0.0000 1.0000
vn -0.0002 0.5382 0.8428
vn -0.0006 0.9016 -0.4326
vn -0.1507 0.8830 -0.4446
vn -0.0018 -0.5314 0.8471
vn -0.1593 -0.8912 0.4247
vn -0.0003 -0.9020 0.4318
vn 0.0006 -0.9029 0.4299
vn -0.5782 0.5209 0.6280
vn -0.9658 0.2590 0.0072
vn -0.6973 0.7166 0.0162
vn 0.9463 -0.3021 0.1147
vn 1.0000 -0.0026 -0.0003
vn 0.9484 -0.3170 0.0067
vn -0.9459 0.3034 -0.1151
vn -0.6183 0.7859 -0.0048
vn -0.6436 0.7180 -0.2651
vn -0.6804 0.1864 0.7087
vn 0.0010 -0.8362 -0.5485
vn 0.2281 -0.7943 -0.5631
vn -0.3266 -0.9449 -0.0219
vn -0.7023 -0.7118 -0.0098
vn 0.0001 0.0437 0.9990
vn 0.0009 0.8190 0.5737
vn -0.3980 0.4784 -0.7828
vn 0.2423 -0.6779 0.6941
vn -0.0173 0.0538 0.9984
vn -0.2469 -0.7292 -0.6382
vn -0.0012 -0.3570 -0.9341
vn -0.0006 -0.7525 -0.6586
vn -0.2579 0.9398 0.2244
vn -0.5997 0.6041 0.5248
vn -0.2328 0.7318 0.6405
vn -0.0221 -0.1058 0.9941
vn -0.1587 -0.8604 0.4843
vn 0.0014 -1.0000 0.0018
vn 0.0004 -1.0000 0.0026
vn -0.0007 -1.0000 0.0009
vn 0.0016 -0.9995 0.0313
vn 0.0009 -0.9373 0.3485
vn -0.4815 0.8764 0.0058
vn -0.8916 0.4527 0.0104
vn 1.0000 0.0025 0.0004
vn -0.8270 0.5623 0.0013
vn 0.3309 -0.9434 -0.0200
vn 0.3546 -0.9346 -0.0284
vn -0.9999 0.0025 0.0118
vn -1.0000 -0.0051 0.0015
vn -0.9468 -0.3219 0.0066
vn -0.9444 -0.3065 0.1190
vn -0.7284 -0.2462 -0.6394
vn -0.3563 -0.0019 -0.9344
vn -0.3191 -0.3167 -0.8932
vn 0.7418 -0.0012 -0.6707
vn -0.6013 -0.6013 -0.5262
vn 0.9242 -0.2884 -0.2506
vn -0.6907 -0.6926 -0.2077
vn -0.3110 -0.9504 -0.0076
vn -0.6843 -0.7291 -0.0045
vn 0.7304 -0.2461 -0.6372
vn 0.9598 -0.0017 -0.2807
vn -0.9235 -0.2896 -0.2515
vn -1.0000 -0.0026 0.0030
vn -0.7240 -0.2070 0.6580
vn -0.7496 -0.0011 0.6619
vn 0.6920 -0.6913 -0.2082
vn 0.3115 -0.9502 -0.0077
vn 0.2894 -0.9235 -0.2516
vn -0.5750 -0.5915 0.5653
vn -0.3173 -0.8992 0.3012
vn -0.0003 -0.7281 0.6854
vn -0.3024 0.7176 0.6274
vn -0.6655 0.4068 0.6258
vn -0.4177 0.8183 0.3948
vn 0.6012 -0.6012 -0.5264
vn 0.2470 -0.7292 -0.6382
vn -0.0001 -0.3548 0.9349
vn -0.2768 -0.0024 0.9609
vn -0.3216 -0.3434 0.8824
vn -0.3253 0.0029 0.9456
vn -0.7322 0.2381 0.6381
vn -0.7524 0.0007 0.6587
vn -0.4424 0.8089 -0.3871
vn -0.1671 0.9752 -0.1449
vn -0.1648 0.8897 -0.4258
vn -0.7278 0.0010 0.6858
vn -0.9925 -0.0056 0.1224
vn -0.7276 -0.0252 0.6855
vn 0.9877 -0.0037 0.1563
vn 0.8270 0.0032 0.5621
vn 0.0016 -0.0030 -1.0000
vn 0.3565 0.0019 -0.9343
vn 0.4258 -0.0026 -0.9048
vn -0.7526 0.0009 -0.6585
vn -0.3561 0.0038 -0.9344
vn -0.7419 -0.0012 -0.6705
vn -0.3161 -0.9487 0.0088
vn -0.0016 -0.9434 0.3317
vn -0.3528 -0.8876 0.2961
vn -0.7085 -0.7057 0.0074
vn -0.6508 -0.6922 0.3120
vn 0.0027 0.0001 1.0000
vn 0.8307 -0.0038 0.5567
vn 0.0014 -0.0001 1.0000
vn 0.5783 0.5210 0.6278
vn 0.9877 -0.0072 0.1563
vn 0.8248 0.0062 0.5654
vn 0.9979 0.0059 0.0650
vn -0.9670 0.0013 0.2549
vn 0.0009 -0.5318 0.8468
vn 0.1548 -0.8905 0.4278
vn 0.2634 -0.4730 0.8408
vn 0.8915 0.3269 0.3137
vn 0.7251 0.6886 0.0006
vn 0.9487 0.3162 0.0006
vn 0.0044 0.0295 0.9996
vn 0.2816 0.2862 0.9159
vn 0.0010 0.3245 0.9459
vn 0.3769 0.0019 0.9263
vn -1.0000 -0.0000 0.0008
vn -1.0000 0.0001 0.0030
vn -1.0000 -0.0000 0.0053
vn 0.0008 0.9669 0.2552
vn 0.2359 0.7305 0.6409
vn 0.8586 -0.5126 0.0034
vn 0.4790 -0.8778 0.0024
vn 1.0000 0.0023 0.0096
vn 0.9496 0.0019 0.3134
vn 0.8029 0.0010 0.5961
vn 0.9550 0.2966 0.0055
vn 0.0008 0.0059 -1.0000
vn -0.6927 0.1724 0.7004
vn -0.0378 0.0315 0.9988
vn -0.0454 0.0135 0.9989
vn 0.4450 -0.8078 0.3866
vn 0.9997 0.0083 -0.0241
vn 0.9599 0.0034 -0.2803
vn -0.4200 0.0015 0.9075
vn -0.6740 -0.0065 0.7387
vn 1.0000 0.0060 0.0034
vn 0.9459 0.3091 0.0986
vn 0.9562 0.2928 -0.0027
vn 0.6884 0.7253 -0.0062
vn -0.2227 0.7141 -0.6636
vn -1.0000 0.0001 -0.0055
vn -0.8124 0.5831 -0.0009
vn 1.0000 0.0005 0.0056
vn 0.5826 0.8127 0.0057
vn 0.0221 -0.1058 0.9941
vn 0.0212 0.1501 0.9885
vn -0.3111 -0.9504 0.0042
vn -0.0825 -0.0205 0.9964
vn 0.0378 0.0315 0.9988
vn 0.1673 0.9753 -0.1444
vn 0.4731 0.8694 -0.1424
vn 0.2563 -0.6975 0.6692
vn 0.0019 -1.0000 -0.0071
vn 0.3304 -0.9438 -0.0125
vn 0.6746 -0.7326 0.0909
vn 0.9945 -0.0062 0.1046
vn 0.6737 -0.6745 0.3020
vn -0.1795 0.9838 0.0007
vn -0.3857 0.7705 0.5075
vn -0.9481 -0.3180 0.0069
vn -0.5835 -0.4825 0.6533
vn -0.0012 1.0000 -0.0064
vn -0.3431 0.9393 -0.0062
vn -0.2815 0.9595 0.0062
vn 0.0708 0.0096 -0.9974
vn 0.7510 -0.0023 -0.6603
vn 0.0003 -0.9923 0.1239
vn 0.7055 -0.7056 0.0667
vn 0.6741 -0.6740 0.3021
vn -0.2662 0.9180 -0.2941
vn 0.0020 -0.9996 -0.0288
vn -0.1666 0.5766 -0.7999
vn -0.0009 0.6764 -0.7365
vn -0.0864 -0.0840 0.9927
vn -0.1732 -0.8659 0.4692
vn -0.0007 -0.9025 0.4306
vn 0.0006 0.9016 -0.4326
vn 0.0681 0.0511 0.9964
vn 0.0001 0.0655 0.9979
vn 0.0007 -0.9840 0.1779
vn 0.0004 -0.9265 0.3763
vn -1.0000 -0.0027 -0.0004
vn -1.0000 0.0044 0.0003
vn 0.0009 0.0059 1.0000
vn -0.0682 0.0512 0.9964
vn 0.2347 -0.0003 0.9721
vn -0.0426 0.0002 0.9991
vn -0.4759 0.8677 -0.1435
vn -0.8349 0.5504 -0.0042
vn -0.4799 0.8773 -0.0015
vn -0.0000 0.0046 1.0000
vn 0.0203 0.0001 0.9998
vn -0.1318 -0.9913 0.0024
vn -0.1421 -0.8992 0.4137
vn -0.1321 -0.7803 0.6113
vn -0.0013 0.9147 -0.4042
vn -0.2877 0.9573 -0.0275
vn -1.0000 0.0002 -0.0001
vn -1.0000 0.0001 -0.0008
vn 0.0024 1.0000 -0.0064
vn 0.2658 0.9182 -0.2936
vn 0.0009 0.9385 -0.3454
vn 0.2779 0.9606 -0.0043
vn 0.9554 0.2954 -0.0015
vn 0.9999 0.0153 -0.0020
vn 0.6816 0.7317 -0.0035
vn 0.1781 -0.9840 0.0039
vn 1.0000 -0.0090 -0.0001
vn 0.0972 -0.9953 -0.0032
vn -0.6056 0.0032 0.7957
vn 1.0000 0.0060 0.0005
vn -0.0002 0.0342 -0.9994
vn -0.3366 0.0235 -0.9414
vn -0.0001 0.0329 -0.9995
vn 0.2877 0.9573 -0.0275
vn -0.3253 -0.0012 0.9456
vn -0.0302 -0.0000 0.9995
vn -0.0206 0.0001 0.9998
vn -0.0274 -0.0000 0.9996
vn -0.0015 -0.0001 1.0000
vn 0.0010 0.9987 -0.0504
vn 0.2851 0.9585 -0.0069
vn 0.3079 0.9510 -0.0283
vn -0.3077 0.9515 0.0056
vn 0.0087 -0.0000 1.0000
vn 0.6052 -0.0021 0.7961
vn 0.0112 -0.0001 0.9999
vn -0.0354 -0.0000 0.9994
vn 0.0001 0.1382 0.9904
vn -0.0001 -0.1389 0.9903
vn -0.6950 -0.6950 0.1846
vn -0.9441 -0.3296 0.0004
vn -0.7071 -0.7071 0.0001
vn 0.6993 -0.7148 0.0035
vn 0.9417 -0.3365 -0.0012
vn 0.2731 -0.0005 0.9620
vn 0.0341 -0.0000 0.9994
vn 0.0334 0.0014 0.9994
vn -1.0000 -0.0008 -0.0052
vn -1.0000 -0.0003 0.0057
vn 1.0000 -0.0000 0.0053
vn -0.2568 0.9660 0.0295
vn 0.1087 0.9940 -0.0073
vn 0.2229 0.7142 -0.6635
vn -0.0706 -0.0061 0.9975
vn -0.3252 -0.9457 0.0003
vn 0.0016 -0.9434 0.3317
vn -0.0013 0.9495 0.3137
vn -0.0005 0.7527 0.6584
vn -1.0000 0.0001 -0.0009
vn -1.0000 -0.0000 0.0097
vn 0.0705 0.0087 -0.9975
vn -0.2867 0.5242 -0.8019
vn -0.0018 0.0026 -1.0000
vn -0.0003 0.0041 -1.0000
vn -0.3403 -0.0017 -0.9403
vn -0.3464 0.0022 -0.9381
vn 0.9487 0.3162 -0.0005
vn 0.9364 0.0331 -0.3495
vn 0.9995 0.0321 -0.0005
vn 1.0000 0.0022 0.0003
vn 0.0016 -1.0000 0.0091
vn 1.0000 -0.0000 0.0001
vn 1.0000 -0.0040 0.0061
vn 0.9999 -0.0116 -0.0013
vn -0.0535 -0.9984 -0.0183
vn -0.9999 -0.0001 -0.0142
vn 0.9999 -0.0001 -0.0147
vn 1.0000 0.0013 0.0003
vn -0.4243 0.9055 -0.0074
vn -0.6420 0.4580 -0.6150
vn -1.0000 -0.0090 -0.0000
vn -0.1795 -0.9838 0.0038
vn -0.3469 0.9379 0.0013
vn -0.0004 -0.0032 1.0000
vn -0.7278 0.0005 0.6858
vn -0.7278 -0.0130 0.6857
vn -0.4150 -0.9098 0.0075
vn -0.1406 -0.9901 0.0063
vn 0.9979 0.0041 0.0639
vn 0.9877 -0.0072 0.1564
vn -0.9944 0.0035 0.1052
vn -0.9980 -0.0074 0.0636
vn -0.9879 0.0088 0.1547
vn -0.9998 -0.0076 0.0188
vn -0.9618 -0.0015 0.2737
vn 0.6844 -0.7291 -0.0044
vn 0.0003 -0.9976 0.0689
vn 0.0001 -0.8814 0.4723
vn 0.4155 -0.5981 0.6853
vn 0.7515 -0.0013 0.6598
vn 0.6819 0.7313 -0.0121
vn -1.0000 0.0024 0.0004
vn 0.9999 -0.0029 0.0100
vn 0.9980 0.0032 0.0638
vn 0.9944 -0.0034 0.1054
vn 0.9878 -0.0098 0.1554
vn 0.0003 -0.9944 0.1061
vn 0.6035 -0.0050 0.7974
vn 0.0005 0.7527 0.6584
vn 0.7543 0.0020 0.6565
vn 0.7911 0.6117 0.0098
vn 0.8539 0.5205 0.0012
vn 0.4798 0.8774 -0.0014
vn 0.1897 0.9818 -0.0048
vn -0.0036 -0.0001 1.0000
vn -0.0064 0.0003 1.0000
vn -0.0052 -0.0000 1.0000
vn -0.0013 -0.0302 0.9995
vn -0.0000 -0.0037 1.0000
vn -0.0001 -0.9869 0.1611
vn -0.0232 -0.0001 0.9997
vn -0.0000 -0.0047 1.0000
vn 0.0002 -0.0029 1.0000
vn 0.2769 0.0015 0.9609
vn 0.0001 0.0041 1.0000
vn 0.8516 0.5241 -0.0073
vn 0.0213 -0.0000 0.9998
vn -0.0006 -0.7278 0.6858
vn -0.0003 -0.0073 1.0000
vn -0.8286 -0.0031 0.5598
vn 0.6731 0.6750 0.3021
vn 0.0002 0.0072 1.0000
vn 0.6056 0.0031 0.7957
vn 0.6731 0.6751 0.3021
vn 0.0003 0.0063 1.0000
vn 0.7278 0.0047 0.6858
vn 0.6727 0.6755 0.3018
vn 0.0001 0.0073 1.0000
vn 0.7278 0.0024 0.6857
vn 0.6728 0.6753 0.3022
vn 0.0002 0.0063 1.0000
vn 0.0003 0.9924 0.1232
vn -0.0000 0.7283 0.6852
vn -0.0000 -0.0190 0.9998
vn 0.4849 -0.4537 0.7477
vn 0.0003 -0.7888 0.6147
vn -0.4968 -0.4426 0.7465
vn -0.0002 -0.7744 0.6327
vn -0.0001 0.7929 0.6093
vn 0.0196 0.0005 0.9998
vn -0.7849 -0.0062 0.6196
vn -0.4542 -0.4846 0.7475
vn -0.7252 0.0129 0.6884
vn -0.4852 0.4471 0.7514
vn -0.0001 -0.7875 0.6164
vn -0.7122 -0.6931 0.1113
vn 0.4838 0.4535 0.7485
vn 0.0002 0.7879 0.6158
vn 0.6746 -0.7325 0.0909
vn 0.0003 0.9944 0.1052
vn 0.0001 0.7278 0.6858
vn 0.6740 -0.6741 0.3022
vn 0.9980 -0.0039 0.0635
vn 0.7278 -0.0012 0.6858
vn -0.0002 0.9945 0.1049
vn -0.4540 0.4852 0.7474
vn -0.0006 0.7278 0.6857
vn -0.7125 0.6928 0.1109
vn 0.6603 -0.0038 0.7510
vn -0.7366 0.6718 0.0778
vn -0.4467 0.4860 0.7512
vn 0.0240 0.0595 0.9979
vn 0.0002 -0.9945 0.1052
vn 0.4465 -0.4861 0.7512
vn -0.7370 -0.6714 0.0775
vn -0.8256 -0.0086 0.5642
vn -0.4857 -0.4471 0.7511
vn -0.5564 -0.7359 0.3859
vn 0.6748 -0.6735 0.3018
vn 0.0003 -0.0072 1.0000
vn -0.0000 -0.7283 0.6852
vn -0.7366 -0.6719 0.0778
vn -0.7253 -0.0130 0.6883
vn -0.8770 0.0053 0.4804
vn -0.0006 -0.7283 0.6852
vn -0.9979 -0.0072 0.0640
vn -0.7121 -0.6933 0.1108
vn -0.0002 -0.9945 0.1052
vn -0.0002 -0.7929 0.6094
vn -0.0003 -0.9944 0.1052
vn -0.0001 -0.7278 0.6858
vn -0.0006 0.7283 0.6853
vn -0.2235 0.7065 0.6715
vn -0.0371 0.9993 0.0103
vn -0.5823 0.8129 0.0057
vn -0.0018 0.0001 1.0000
vn -0.0049 0.0002 1.0000
vn -0.6842 0.0085 0.7293
vn 0.4858 0.4465 0.7514
vn -0.0000 0.0136 0.9999
vn 0.0048 -0.0002 1.0000
vn 0.6844 -0.0085 0.7291
vn 0.4533 -0.4847 0.7480
vn -0.0000 -0.0067 1.0000
vn -0.4471 -0.8734 0.1933
vn -0.9517 0.0267 -0.3060
vn -0.9995 0.0309 -0.0005
vn -0.9581 0.0345 -0.2845
vn 0.7278 -0.0023 0.6858
vn 0.0002 0.0328 0.9995
vn 0.2703 0.0328 0.9622
vn 0.3824 0.0292 0.9235
vn -0.6926 -0.7127 0.1109
vn 0.0324 -0.0120 0.9994
vn -0.0003 0.9944 0.1055
vn -0.9878 -0.0051 0.1555
vn -0.0011 1.0000 0.0060
vn -0.0006 0.9017 0.4323
vn -0.0003 -0.9923 0.1239
vn 0.9979 -0.0075 0.0636
vn 0.9878 -0.0051 0.1556
vn -0.0003 0.9944 0.1052
vn -0.9945 0.0124 0.1041
vn -0.6740 0.6740 0.3024
vn -0.7330 -0.6742 0.0900
vn -0.7326 0.6747 0.0900
vn -0.0003 0.9944 0.1059
vn -0.0003 -0.9923 0.1237
vn -0.9945 0.0064 0.1046
vn -0.6738 0.6742 0.3025
vn -0.9924 -0.0029 0.1229
vn -0.9945 0.0060 0.1050
vn -0.9880 0.0092 0.1543
vn -0.6057 0.0032 0.7957
vn 0.0003 0.9944 0.1058
vn 0.6739 0.6742 0.3022
vn 0.9879 0.0048 0.1553
vn 0.0011 1.0000 0.0060
vn 0.0840 0.0002 0.9965
vn 0.7520 0.0016 0.6591
vn 0.1321 -0.9912 0.0023
vn 0.0537 -0.9984 -0.0203
vn 0.3408 0.9401 -0.0015
vn 0.6508 0.7065 -0.2781
vn 0.7251 0.6887 -0.0006
vn 0.0003 -0.9923 0.1237
vn 0.7321 -0.6751 0.0910
vn -0.0212 0.1500 0.9885
vn -0.0009 0.0059 -1.0000
vn 0.0038 -0.0001 1.0000
vn -0.0037 0.0001 1.0000
vn -0.0001 0.7939 0.6080
vn -0.7850 0.0062 0.6194
vn -0.0006 0.7276 0.6860
vn -0.7130 0.6923 0.1108
vn -0.7660 0.0693 -0.6391
vn 0.9945 0.0096 0.1043
vn 0.7326 0.6746 0.0909
vn 0.0003 -0.9944 0.1052
vn -0.6601 -0.7512 0.0038
vn -0.9980 0.0021 0.0637
vn 0.0045 -0.0003 1.0000
vn 0.7055 0.7056 0.0668
vn 0.7278 -0.0046 0.6857
vn 0.9979 -0.0059 0.0650
vn 0.9945 0.0063 0.1046
vn 0.9945 -0.0123 0.1040
vn -0.0014 -1.0000 0.0026
vn 0.2897 -0.3696 -0.8828
vn 0.7773 -0.0064 -0.6291
vn -1.0000 0.0005 0.0056
vn -0.7277 -0.0036 0.6859
vn -0.6887 -0.4000 0.6047
vn -0.8029 -0.0010 0.5960
vn 0.6782 0.0108 -0.7348
vn 0.3530 -0.0020 -0.9356
vn 0.3449 0.0023 -0.9386
vn -0.0005 -0.9897 0.1429
vn -0.4542 -0.8908 -0.0155
vn -0.7285 0.0061 -0.6850
vn 1.0000 -0.0003 0.0057
vn 0.7277 -0.0040 0.6858
vn -1.0000 -0.0045 0.0001
vn -0.6627 -0.0046 0.7489
vn 1.0000 -0.0046 0.0002
vn -0.0707 -0.0058 0.9975
vn -0.7275 -0.0040 0.6861
vn -0.6925 -0.7127 0.1116
vn 0.9659 0.2590 0.0072
vn 0.0009 -0.7083 0.7059
vn -0.0064 0.0068 1.0000
vn -0.0001 0.0122 0.9999
vn 0.0003 0.9944 0.1055
vn 0.0001 0.7278 0.6857
vn 0.0003 -0.0063 1.0000
vn 0.0001 -0.7278 0.6858
vn -0.0708 0.0096 -0.9974
vn -0.6587 0.0073 -0.7524
vn -0.0707 0.0098 -0.9974
vn -0.7281 0.0065 -0.6854
vn -0.0695 0.0085 -0.9975
vn 0.0001 -0.0032 1.0000
vn 0.0001 -0.7281 0.6855
vn -0.6625 -0.0038 0.7491
vn 0.0003 0.9202 0.3915
vn -0.6581 0.0065 -0.7529
vn -1.0000 -0.0001 -0.0063
vn 0.9243 0.0014 -0.3817
vn 0.0374 0.9993 -0.0004
vn 0.0371 0.9993 0.0104
vn 1.0000 0.0002 0.0003
vn 1.0000 0.0001 -0.0016
vn 1.0000 0.0001 -0.0008
vn -0.1099 0.9939 0.0087
vn -0.9999 -0.0000 0.0101
vn -0.9997 0.0034 -0.0250
vn 0.0012 1.0000 0.0045
vn 0.2871 0.5211 -0.8038
vn 0.1648 0.8897 -0.4259
vn 0.0011 0.5728 -0.8197
vn 0.0004 0.9020 -0.4317
vn 0.3189 -0.3192 -0.8924
vn -0.2779 0.7402 0.6122
vn -0.0001 0.0655 0.9979
vn 0.6957 -0.0012 -0.7183
vn -0.0001 -0.0752 0.9972
vn 0.8246 0.0062 0.5656
vn 0.4855 0.4469 0.7514
vn 0.7525 0.0009 -0.6586
vn 0.5915 0.5750 -0.5653
vn 0.3173 0.8990 -0.3018
vn 0.6950 0.6949 -0.1846
vn -0.0011 -0.9595 -0.2817
vn -0.2898 -0.9238 -0.2503
vn 0.0009 1.0000 -0.0032
vn 0.1801 0.9836 -0.0024
vn 0.0006 0.9874 -0.1584
vn 0.7277 0.0335 0.6851
vn -0.6917 0.6949 0.1966
vn -0.9706 -0.0029 -0.2406
vn -1.0000 0.0039 -0.0005
vn -0.9299 0.0017 -0.3679
vn 0.0013 -0.3570 -0.9341
vn -0.3469 0.3403 -0.8740
vn -0.6950 0.0396 -0.7179
vn -0.3153 0.0440 -0.9480
vn 0.4151 -0.9098 0.0074
vn -1.0000 0.0011 0.0030
vn -0.2640 -0.4742 0.8399
vn -0.2831 0.2875 0.9150
vn -0.0013 0.9999 0.0161
vn -0.3857 0.7693 -0.5092
vn -0.9538 0.3003 -0.0032
vn -0.9458 0.3093 0.0985
vn 0.2777 0.9606 0.0062
vn -0.0006 0.9874 -0.1584
vn -0.0004 0.9020 -0.4317
vn 0.6800 0.7332 0.0035
vn -0.1628 -0.9867 0.0018
vn -0.4807 -0.8769 0.0024
vn 0.7278 0.0018 0.6858
vn 0.7278 -0.0037 0.6857
vn -0.9559 0.2935 -0.0014
vn -1.0000 0.0063 -0.0016
vn 0.0007 -0.9025 -0.4306
vn -0.6955 0.0398 0.7174
vn -0.3383 0.0239 0.9407
vn -0.7660 0.0694 0.6391
vn 0.0025 -0.0154 0.9999
vn 0.0011 -0.9595 -0.2817
vn 0.0006 -0.7525 -0.6586
vn 0.6868 -0.4056 0.6031
vn -0.1240 -0.0001 0.9923
vn -0.9878 -0.0079 0.1554
vn 0.0011 1.0000 -0.0060
vn -0.4801 -0.8772 0.0008
vn 1.0000 -0.0026 0.0030
vn 0.7497 -0.0011 0.6618
vn -0.0003 0.9924 0.1232
vn 0.1795 0.9838 0.0007
vn 0.1434 0.8905 0.4318
vn -0.9999 0.0118 0.0048
vn -0.5764 0.5167 0.6331
vn 0.7518 0.0020 -0.6593
vn -0.4801 0.8772 0.0009
vn 0.0007 -0.6705 0.7419
vn -0.6031 0.7576 -0.2496
vn -0.6654 0.4067 -0.6260
vn -0.4180 0.7984 -0.4334
vn 0.0826 -0.0205 0.9964
vn -0.7509 0.0007 0.6604
vn -0.7490 0.0021 0.6626
vn 0.0016 -1.0000 0.0061
vn 0.0005 0.9014 0.4329
vn 0.3407 0.9402 0.0016
vn 0.4614 0.7953 0.3933
vn 0.1646 0.9670 0.1942
vn -0.9597 -0.0017 -0.2811
vn -0.8031 -0.0012 -0.5958
vn 0.7137 -0.7002 0.0171
vn -0.0001 -0.7281 0.6855
vn -0.7771 -0.0014 -0.6293
vn -0.6654 0.0116 -0.7464
vn 0.7525 -0.0008 0.6586
vn -0.6927 0.7211 -0.0161
vn -0.9541 0.2993 -0.0061
vn -0.1087 0.9940 -0.0074
vn -0.0018 -0.0054 -1.0000
vn 0.7776 -0.0065 0.6288
vn 0.9241 0.0013 0.3821
vn 0.6781 0.0109 0.7349
vn 0.0003 0.0032 1.0000
vn 0.7278 0.0024 0.6858
vn 0.3470 0.3402 0.8740
vn -1.0000 -0.0053 -0.0007
vn 0.6651 0.4070 0.6262
vn 1.0000 0.0001 0.0052
vn 0.6655 -0.0000 0.7464
vn -0.8915 0.3269 -0.3137
vn 0.0004 -0.9990 0.0453
vn -0.0014 0.3957 0.9184
vn -0.0706 0.0087 -0.9975
vn -0.6830 0.7304 0.0034
vn 0.0018 0.0055 -1.0000
vn 0.8752 -0.4371 0.2073
vn -0.9999 -0.0026 -0.0105
vn -0.0000 -0.0087 1.0000
vn 0.8124 0.5831 -0.0008
vn -0.0001 -0.9845 0.1754
vn 0.9524 0.0229 0.3040
vn 0.9880 0.0093 0.1543
vn 0.8287 -0.0031 0.5597
vn 0.9980 -0.0075 0.0635
vn -0.9979 0.0041 0.0639
vn 0.9671 -0.0013 0.2544
vn 0.1099 0.9939 0.0088
vn -0.9999 -0.0030 0.0099
vn -0.0016 -1.0000 0.0061
vn 0.1620 -0.9868 0.0015
vn 1.0000 -0.0025 0.0033
vn -0.7071 0.7072 -0.0012
vn -0.3296 0.9441 -0.0005
vn -0.3174 0.8994 -0.3006
vn 0.9443 0.3292 0.0005
vn -0.7565 -0.2334 -0.6109
vn -1.0000 0.0065 0.0003
vn -0.1897 0.9818 -0.0048
vn -0.0020 -1.0000 -0.0071
vn -0.0009 -0.7083 0.7059
vn -0.0217 -0.0001 0.9998
vn -0.0373 0.9993 -0.0004
vn -0.0011 0.5728 -0.8197
vn -0.0002 0.0063 1.0000
vn -0.0001 0.7278 0.6858
vn 0.6751 -0.6731 0.3021
vn 0.0002 -0.0063 1.0000
vn 0.0001 -0.7278 0.6857
vn 0.0002 0.0056 1.0000
vn -0.7124 0.6931 0.1104
vn -0.0002 0.7923 0.6102
vn 0.0001 -0.7922 0.6103
vn 0.0002 -0.7743 0.6328
vn -0.0002 0.7916 0.6110
vn -0.0002 0.7879 0.6158
vn 0.4886 -0.5330 0.6908
vn 0.0002 -0.7929 0.6094
vn -0.0000 -0.0045 1.0000
vn 0.6746 0.7326 0.0908
vn 0.7055 0.7055 0.0667
vn 0.0002 0.9945 0.1052
vn 0.4421 0.4973 0.7465
vn 0.0003 0.7276 0.6860
vn 0.0002 0.7918 0.6108
vn 0.9877 0.0072 0.1563
vn 0.0003 0.9945 0.1052
vn 0.0002 0.7929 0.6094
vn -0.7480 0.0009 0.6637
vn 0.0003 0.7940 0.6079
vn -0.0002 -0.9945 0.1049
vn -0.0002 -0.7887 0.6147
vn 0.8287 -0.0030 0.5597
vn 0.0002 -0.9944 0.1052
vn 0.6879 -0.0059 0.7258
vn 0.0003 0.9924 0.1234
vn -0.0000 0.7278 0.6858
vn 0.8180 0.0070 0.5751
vn -0.6565 -0.0050 0.7543
vn 0.0070 0.0002 1.0000
vn 0.8296 0.0051 0.5583
vn -0.0002 0.0341 0.9994
vn -0.0001 0.0328 0.9995
vn -0.9474 -0.0018 0.3199
vn -1.0000 0.0039 0.0005
vn -1.0000 -0.0028 0.0002
vn 0.0033 -0.0000 1.0000
vn 0.0003 0.0041 -1.0000
vn 0.9945 0.0124 0.1040
vn 0.7055 -0.7055 0.0667
vn 0.0003 -0.9945 0.1052
vn 0.0009 1.0000 0.0009
vn -0.0011 1.0000 -0.0060
vn -0.9944 -0.0068 0.1052
vn 0.9995 0.0321 0.0006
vn 0.9995 0.0309 0.0003
vn -0.0006 -0.9029 0.4299
vn -0.1293 -0.9916 0.0010
vn 0.7659 0.0693 -0.6392
vn 0.9700 0.0256 -0.2417
vn -0.7132 -0.7007 0.0173
vn -0.0003 -0.0072 1.0000
vn -0.7463 -0.0028 0.6656
vn -0.1800 0.9837 -0.0024
vn 0.9679 -0.0023 0.2513
vn 1.0000 0.0038 0.0005
vn 1.0000 0.0001 0.0051
vn 0.0709 0.0098 -0.9974
vn 0.9995 0.0309 -0.0003
vn 0.3467 0.3406 -0.8739
vn 0.6955 0.0399 -0.7174
vn 0.6651 0.4069 -0.6261
vn -0.0006 0.3214 0.9469
vn -0.7732 0.0106 0.6341
vn 0.0005 -0.8093 0.5874
vn 1.0000 0.0002 -0.0055
vn 0.7284 0.0065 -0.6851
vn 0.7279 -0.0036 0.6857
vn -0.0002 0.0032 1.0000
vn -0.0707 -0.0052 0.9975
vn -0.0007 0.3218 -0.9468
vn -0.4538 0.7849 -0.4218
vn -0.0005 0.6725 -0.7401
vn -0.0001 0.0063 1.0000
vn 0.6586 0.0073 -0.7524
vn 0.3774 0.9261 -0.0004
vn 0.7551 0.6556 -0.0012
vn 0.1992 0.9664 -0.1627
vn 1.0000 -0.0008 -0.0053
vn 0.4560 -0.8898 -0.0156
vn -0.0016 -0.9995 0.0313
vn -0.0008 -0.9373 0.3484
vn -0.0707 -0.0049 0.9975
vn -0.0000 -0.0048 1.0000
vn -0.2851 0.9585 -0.0069
vn -0.9995 0.0321 0.0006
vn -0.9700 0.0257 0.2416
vn -0.9995 0.0309 0.0003
vn 1.0000 0.0039 -0.0005
vn 0.9684 -0.0023 -0.2493
vn -0.0000 1.0000 0.0039
vn -0.0000 1.0000 -0.0058
vn 0.0001 0.9999 -0.0118
vn 0.0120 0.9999 -0.0001
vn -0.0065 1.0000 -0.0000
vn -0.0000 1.0000 -0.0039
vn -0.0000 1.0000 0.0058
vn -0.0000 0.9999 0.0119
vn -0.0119 0.9999 0.0001
vn 0.0065 1.0000 -0.0001
vn 0.9442 0.3295 -0.0004
vn 0.8992 0.3173 -0.3012
vn -0.0001 0.9464 0.3230
vn -0.3298 0.9440 0.0004
vn -0.8990 -0.3173 0.3018
vn 0.0006 0.3214 0.9470
vn -0.9505 0.0021 0.3108
vn 0.1698 0.9667 -0.1913
vn 0.0003 0.9441 -0.3296
vn 0.0001 -0.3420 -0.9397
vn 0.9457 -0.3251 0.0003
vn 0.8995 -0.3183 0.2995
vn 0.0002 0.3532 0.9356
vn 0.3296 0.9441 0.0005
vn 0.0001 0.9464 0.3230
vn -0.0003 0.9546 0.2978
vn 0.2475 0.9689 0.0004
vn 0.0003 0.9545 -0.2983
vn -0.0003 0.9201 -0.3917
vn -0.2476 0.9689 -0.0004
vn -0.3774 0.9260 0.0004
vn 0.0015 -0.9999 -0.0104
vn 0.0004 0.7281 -0.6855
vn 0.0002 0.9464 -0.3231
vn -0.3720 -0.2838 -0.8838
vn 0.3433 0.3216 -0.8824
vn 0.3849 0.0294 -0.9225
vn -0.1993 0.9664 0.1621
vn -0.9531 0.3027 -0.0014
vn 0.0007 0.3217 -0.9468
vn 0.4496 0.7856 -0.4251
vn 0.9531 0.3028 0.0014
vn -0.9364 0.0331 0.3494
vn 0.0002 0.7190 -0.6950
vn 0.0002 0.3339 -0.9426
vn -0.7162 0.6979 -0.0005
vn -0.9487 0.3162 -0.0006
vn -0.3468 0.3402 0.8741
vn -0.0005 0.9461 0.3238
vn -0.1734 0.9717 0.1603
vn 0.7071 0.7071 0.0012
vn 0.6950 -0.6949 0.1848
vn 0.3295 -0.9441 0.0003
vn 0.7071 -0.7072 0.0001
vn 0.2702 0.0329 -0.9622
vn 0.0002 0.0328 -0.9995
vn -0.5853 -0.6017 -0.5435
vn -0.0004 -0.7281 -0.6855
vn -0.0004 0.7281 0.6855
vn -0.0001 -0.9501 -0.3120
vn -0.3184 -0.8979 -0.3038
vn -0.7071 -0.7071 -0.0010
vn 0.0709 0.0089 -0.9974
vn 0.7287 0.0061 -0.6848
vn -0.0003 0.7196 0.6943
vn -0.0003 0.3339 -0.9426
vn 0.4606 0.7967 -0.3912
vn 0.0002 0.3336 0.9427
vn 0.0001 0.0342 0.9994
vn -0.5889 0.5804 -0.5624
vn -0.0004 0.7281 -0.6855
vn -0.3434 0.3217 0.8824
vn 0.3298 0.9440 -0.0004
vn 0.7071 0.7071 -0.0001
vn -0.8990 0.3157 -0.3035
vn -0.0002 0.9464 -0.3230
vn -0.7071 0.7072 0.0001
vn -0.0000 0.0122 0.9999
vn 0.0001 -0.9470 0.3211
vn 0.3148 -0.8978 0.3081
vn 0.3259 -0.8977 -0.2966
vn -0.9442 -0.3294 -0.0004
vn -0.8977 -0.3259 -0.2966
vn -0.0002 0.3531 -0.9356
vn -0.3378 0.3311 -0.8811
vn 0.4202 -0.0025 0.9074
vn 0.0002 -0.3548 0.9349
vn 0.3334 -0.3316 0.8825
vn 0.9457 -0.3249 -0.0004
vn -0.0000 0.0122 -0.9999
vn 0.0002 0.3531 -0.9356
vn 0.5779 -0.5867 0.5673
vn 0.0004 -0.7281 0.6855
vn -0.0001 -0.9470 0.3211
vn 0.0004 0.7411 -0.6714
vn 0.6630 -0.0046 0.7486
vn 0.9531 0.3028 -0.0014
vn 0.6927 0.7212 0.0009
vn -0.0004 0.7410 0.6715
vn -0.1945 0.9661 -0.1699
vn -0.6929 0.7210 -0.0009
vn -0.0002 0.3532 0.9356
vn -0.9995 0.0322 -0.0003
vn 0.6533 0.7037 0.2792
vn -0.3468 0.9379 -0.0006
vn 0.9583 0.0418 0.2826
vn -0.3153 0.0438 0.9480
vn -0.0002 0.3336 0.9427
vn 0.2693 0.7706 -0.5776
vn 0.0001 0.0342 -0.9994
vn 0.8915 0.3269 -0.3136
vn -0.2042 0.9660 -0.1587
vn -0.9487 0.3162 0.0006
vn -0.3250 -0.9457 -0.0004
vn -0.0016 -0.9999 -0.0104
vn -0.0009 1.0000 -0.0032
vn -0.9443 0.3292 -0.0005
vn 0.3293 -0.9442 -0.0004
vn 0.0001 -0.9500 -0.3121
vn 0.6508 -0.6923 0.3119
vn 0.2335 -0.7566 -0.6108
vn 0.0001 -0.7281 -0.6855
vn -0.0002 -0.3420 -0.9397
vn -0.0002 0.0041 1.0000
vn -0.0001 -0.0029 1.0000
vn 0.9999 0.0024 -0.0104
vn -0.0002 0.0056 1.0000
vn 0.0009 -1.0000 -0.0060
vn -0.0001 0.0072 1.0000
vn 0.9564 0.2918 -0.0056
vn 0.9999 -0.0029 -0.0120
vn -0.0009 -1.0000 0.0060
vn 0.0706 -0.0059 0.9975
vn 0.0009 -1.0000 0.0060
vn 1.0000 -0.0028 0.0002
vn 1.0000 -0.0028 -0.0003
vn -0.9487 -0.3161 0.0066
vn -0.0016 -1.0000 0.0090
vn 0.0012 0.9996 -0.0283
vn 0.0012 1.0000 -0.0071
vn -0.0002 1.0000 -0.0006
vn 0.0002 1.0000 0.0006
vn 0.0002 1.0000 -0.0006
vn -0.9998 0.0030 0.0214
vn -0.0012 0.9996 -0.0283
vn -0.0012 1.0000 -0.0071
vn -0.0016 0.9999 0.0126
vn 0.0016 0.9999 0.0126
vn -0.0001 -0.0029 -1.0000
vn 0.0001 -0.9945 0.1052
vn -0.9944 0.0068 0.1052
vn -0.0002 0.0072 1.0000
vn 0.0002 -0.9945 0.1048
vn 0.0002 0.9945 0.1048
vn 1.0000 0.0011 0.0030
vn -0.0002 -1.0000 -0.0005
vn -0.0002 -1.0000 0.0005
vn -0.0015 0.9981 0.0617
vn -1.0000 -0.0028 -0.0003
vn 0.0002 -1.0000 0.0005
vn 0.0002 -1.0000 -0.0005
vn -0.0002 1.0000 0.0006
vn 0.0001 -0.0029 -1.0000
vn 0.0030 -0.0698 0.9976
vn 0.0001 -0.0544 0.9985
vn 0.0002 -0.0247 0.9997
vn 0.0481 -0.8972 0.4390
vn 0.0073 -0.6153 0.7883
vn 0.0424 -0.3372 0.9405
vn 0.1081 -0.9941 0.0034
vn 0.0022 -1.0000 0.0008
vn 0.0028 -0.9466 0.3225
vn -0.0008 -0.9999 -0.0155
vn 0.0001 -0.9999 0.0103
vn -0.0001 0.0789 -0.9969
vn -0.0002 0.2754 -0.9613
vn 0.0001 0.0787 -0.9969
vn -0.0006 0.0152 -0.9999
vn -0.0000 -0.0003 -1.0000
vn -0.0001 0.0003 -1.0000
vn -0.0000 0.0003 -1.0000
vn -0.0002 -0.7157 -0.6984
vn 0.0002 -0.3893 -0.9211
vn 0.0003 -0.7160 -0.6981
vn -0.0000 -0.9615 -0.2750
vn -0.0000 -0.9615 -0.2747
vn -0.0002 -0.2897 -0.9571
vn -0.0000 -0.9988 0.0484
vn 0.0005 -1.0000 -0.0051
vn 0.0051 -0.6226 0.7825
vn 0.0051 -0.2463 0.9692
vn 0.0068 -0.2592 0.9658
vn 0.0037 -0.7954 0.6060
vn 0.0032 -0.6026 0.7980
vn 0.0023 -0.1890 0.9820
vn -0.0001 -0.0554 0.9985
vn -0.0001 -0.0047 1.0000
vn 0.0001 -0.0024 1.0000
vn 0.0001 -0.0079 1.0000
vn 0.0031 -0.0413 0.9991
vn 0.0066 -0.0354 0.9994
vn 0.0306 -0.1089 0.9936
vn 0.0663 -0.2908 0.9545
vn 0.1443 -0.4730 0.8692
vn 0.0801 -0.2656 0.9607
vn 0.1795 -0.6077 0.7736
vn 0.0022 -0.0073 1.0000
vn -0.0015 0.1132 0.9936
vn -0.0001 0.1642 0.9864
vn -0.0010 0.4799 0.8773
vn -0.0000 0.0356 0.9994
vn -0.0142 0.0223 0.9997
vn -0.0069 0.4295 0.9030
vn -0.0001 0.0007 1.0000
vn -0.0001 0.5733 0.8193
vn 0.0003 -0.1489 0.9889
vn -0.0003 -0.0472 0.9989
vn 0.0003 -0.0301 0.9995
vn 0.0003 -0.5625 0.8268
vn -0.0003 -0.2357 0.9718
vn -0.0000 -0.0008 1.0000
vn 0.0001 0.0007 1.0000
vn 0.0193 -0.5914 0.8062
vn 0.1786 -0.8448 0.5044
vn 0.1789 -0.9599 0.2159
vn 0.1408 -0.9473 0.2878
vn 0.2057 -0.9786 0.0036
vn 0.1820 -0.9833 0.0034
vn 0.1694 -0.9855 0.0032
vn 0.2693 -0.9452 0.1846
vn 0.2301 -0.9451 0.2320
vn 0.2733 -0.9619 0.0029
vn 0.2348 -0.9720 0.0031
vn 0.2953 -0.9338 0.2023
vn 0.2735 -0.9294 0.2477
vn 0.3037 -0.9528 0.0036
vn 0.3024 -0.9532 0.0030
vn 0.2118 -0.9154 0.3422
vn 0.2246 -0.9744 0.0048
vn 0.2781 -0.9605 0.0036
vn 0.1462 -0.9069 0.3951
vn 0.0183 -0.1261 0.9918
vn 0.1004 -0.9345 0.3415
vn 0.0353 -0.3910 0.9197
vn 0.1077 -0.9942 0.0054
vn 0.1604 -0.9870 0.0051
vn 0.0213 -0.9163 0.4000
vn 0.0579 -0.9204 0.3866
vn 0.0122 -0.3357 0.9419
vn 0.0406 -0.9992 0.0053
vn 0.0671 -0.9977 0.0057
vn 0.0002 -0.9127 0.4087
vn 0.0002 -0.2933 0.9560
vn 0.0036 -0.9994 0.0331
vn 0.0183 -0.9998 0.0059
vn -0.0000 -1.0000 0.0008
vn 0.0001 -1.0000 0.0007
vn 0.0001 -1.0000 0.0028
vn -0.4298 0.9029 -0.0030
vn -0.8767 0.4810 -0.0057
vn -0.7956 0.6058 0.0053
vn -0.4292 0.9032 0.0049
vn -0.1195 0.9928 0.0040
vn -0.1175 0.9930 -0.0087
vn -0.0002 1.0000 -0.0014
vn -0.0000 1.0000 0.0006
vn -0.9890 -0.1477 0.0034
vn -0.9888 -0.1494 -0.0016
vn -0.8257 -0.5641 0.0038
vn -0.9993 -0.0187 0.0317
vn -0.9988 -0.0181 -0.0446
vn -1.0000 -0.0012 0.0008
vn -1.0000 -0.0003 -0.0005
vn 0.2347 -0.9721 0.0032
vn 0.2057 -0.9786 0.0100
vn 0.2733 -0.9619 0.0103
vn 0.1821 -0.9833 0.0038
vn 0.1608 -0.9870 0.0015
vn 0.2782 -0.9605 0.0028
vn 0.3042 -0.9526 0.0085
vn 0.2246 -0.9744 0.0088
vn 0.3024 -0.9532 0.0029
vn 0.0675 -0.9977 0.0025
vn 0.1076 -0.9942 0.0084
vn 0.0407 -0.9991 0.0072
vn 0.1605 -0.9870 0.0026
vn 0.0056 -1.0000 0.0070
vn 0.0187 -0.9998 0.0025
vn 0.1079 -0.9941 0.0112
vn 0.0093 -1.0000 0.0015
vn -0.0017 -1.0000 0.0016
vn -0.2055 0.0956 -0.9740
vn -0.8120 0.1168 -0.5719
vn -0.6265 0.4129 -0.6611
vn -0.4664 0.0025 -0.8846
vn -0.8493 0.0010 -0.5278
vn -0.9890 0.1477 -0.0034
vn -0.9994 0.0271 -0.0218
vn 0.0002 -0.4841 0.8750
vn -0.0000 -0.1536 0.9881
vn -0.0001 -0.1526 0.9883
vn -0.0001 -0.4948 0.8690
vn 0.0001 0.9530 0.3030
vn -0.0000 0.9985 0.0553
vn -0.0002 0.9518 0.3066
vn 0.0001 1.0000 0.0019
vn -0.0006 0.9951 0.0985
vn -0.0035 0.8846 0.4663
vn -0.3700 0.8629 0.3443
vn -0.7562 0.4917 0.4317
vn -0.3855 0.4034 0.8298
vn -0.2765 -0.1093 0.9548
vn -0.9402 -0.1443 0.3084
vn -0.3823 -0.4220 0.8220
vn -0.7464 -0.5105 0.4268
vn -0.5973 -0.0017 0.8020
vn -0.9631 -0.0021 0.2692
vn 0.1346 -0.4760 0.8691
vn 0.1138 -0.4811 0.8693
vn 0.2184 -0.9185 0.3296
vn 0.2588 -0.9141 0.3121
vn 0.0987 -0.4988 0.8611
vn 0.1757 -0.9144 0.3647
vn 0.0357 -0.4357 0.8994
vn 0.1486 -0.9129 0.3802
vn 0.1681 -0.9792 0.1138
vn 0.0774 -0.3365 0.9385
vn 0.1589 -0.5425 0.8249
vn 0.2722 -0.9188 0.2857
vn 0.2152 -0.9263 0.3093
vn 0.1596 -0.5068 0.8472
vn 0.2886 -0.9129 0.2887
vn 0.0382 -0.6058 0.7947
vn 0.0614 -0.9656 0.2526
vn 0.0218 -0.9719 0.2344
vn 0.0666 -0.6070 0.7919
vn 0.1039 -0.9616 0.2539
vn 0.1545 -0.9512 0.2671
vn 0.0938 -0.5795 0.8096
vn 0.0001 -0.9987 0.0518
vn 0.0003 -0.9665 0.2567
vn 0.0224 -0.9244 0.3809
vn 0.0017 -0.9966 0.0824
vn 0.0096 -0.1447 0.9894
vn 0.0002 -0.1080 0.9942
vn 0.0001 -0.0148 0.9999
vn -0.0001 -0.0962 0.9954
vn 0.0799 -0.3322 0.9398
vn -0.0055 -0.9136 0.4066
vn -0.0160 -0.9966 0.0805
vn -0.0151 -0.4525 0.8916
vn -0.2748 -0.6236 -0.7318
vn -0.1113 -0.9937 -0.0087
vn -0.4152 -0.9097 -0.0029
vn -0.8256 -0.5642 -0.0087
vn -0.6201 -0.4315 -0.6552
vn -0.0002 0.6960 -0.7180
vn -0.0000 0.9733 -0.2296
vn -0.0000 0.9357 -0.3528
vn 0.0001 1.0000 -0.0014
vn -0.5985 0.0033 0.8011
vn -0.2107 0.0010 0.9776
vn -0.2777 0.1074 0.9546
vn -0.2076 -0.0986 -0.9732
vn -0.4651 -0.0012 -0.8853
vn -0.1506 -0.0013 -0.9886
vn -0.0001 -0.0620 -0.9981
vn -0.0023 -0.0148 -0.9999
vn -0.2807 0.6031 -0.7466
vn -0.1136 -0.9935 0.0005
vn -0.4061 -0.9138 0.0063
vn -0.3572 -0.8741 0.3292
vn 0.0099 -0.0414 0.9991
vn 0.0254 -0.1850 0.9824
vn 0.0132 -0.1911 0.9815
vn 0.0001 -0.1077 -0.9942
vn 0.0012 -0.0152 -0.9999
vn 0.0241 -0.1163 0.9929
vn 0.0108 -0.1165 0.9931
vn 0.0021 -0.0239 0.9997
vn 0.0004 -0.0018 1.0000
vn 0.0286 -0.0980 0.9948
vn 0.0548 -0.1776 0.9826
vn -1.0000 0.0007 0.0010
vn -1.0000 0.0006 -0.0019
vn -0.8084 -0.1200 -0.5762
vn -0.8465 -0.0020 -0.5325
vn -0.9640 0.0011 0.2659
vn -0.9995 0.0172 0.0263
vn -0.0428 -0.0069 0.9991
vn -0.0005 -0.0006 1.0000
vn -0.0044 -0.1119 0.9937
vn -0.2140 -0.0018 0.9768
vn -0.1486 0.0007 -0.9889
vn -0.0000 0.0171 0.9999
vn 0.0001 0.1634 0.9866
vn -0.9893 0.1458 0.0018
vn -0.9421 0.1399 0.3048
vn 0.9996 0.0216 0.0172
vn 1.0000 0.0007 -0.0009
vn 0.9989 0.0243 -0.0389
vn 0.9936 0.1132 -0.0020
vn -0.0030 -0.0710 0.9975
vn -0.0001 -0.0187 0.9998
vn -0.0481 -0.8974 0.4387
vn -0.0424 -0.3375 0.9404
vn -0.0073 -0.6155 0.7881
vn -0.0021 -1.0000 0.0008
vn -0.0027 -0.9465 0.3228
vn -0.1081 -0.9941 0.0034
vn -0.0001 -0.9999 0.0103
vn 0.0002 0.3713 -0.9285
vn 0.0012 0.0149 -0.9999
vn -0.0000 -0.9984 0.0561
vn -0.0051 -0.6226 0.7825
vn -0.0068 -0.2592 0.9658
vn -0.0051 -0.2463 0.9692
vn -0.0037 -0.7950 0.6066
vn -0.0032 -0.6016 0.7988
vn -0.0023 -0.1883 0.9821
vn -0.0002 -0.0027 1.0000
vn -0.0067 -0.0361 0.9993
vn -0.0031 -0.0418 0.9991
vn -0.0308 -0.1096 0.9935
vn -0.1442 -0.4726 0.8694
vn -0.0666 -0.2922 0.9540
vn -0.0801 -0.2656 0.9608
vn -0.0022 -0.0074 1.0000
vn -0.1795 -0.6076 0.7737
vn 0.0015 0.1136 0.9935
vn 0.0010 0.4794 0.8776
vn 0.0125 0.0196 0.9997
vn 0.0068 0.4297 0.9030
vn 0.0001 0.5730 0.8196
vn -0.0003 -0.6762 0.7367
vn -0.0194 -0.5917 0.8059
vn 0.9810 0.1941 0.0027
vn 0.8765 0.4813 -0.0057
vn -0.1408 -0.9473 0.2879
vn -0.1788 -0.9599 0.2159
vn -0.1786 -0.8450 0.5041
vn -0.1694 -0.9855 0.0032
vn -0.1820 -0.9833 0.0034
vn -0.2057 -0.9786 0.0036
vn -0.2301 -0.9451 0.2320
vn -0.2693 -0.9452 0.1845
vn -0.2348 -0.9720 0.0031
vn -0.2733 -0.9619 0.0029
vn -0.2953 -0.9338 0.2020
vn -0.3024 -0.9532 0.0030
vn -0.3037 -0.9528 0.0036
vn -0.2735 -0.9295 0.2476
vn -0.2118 -0.9155 0.3421
vn -0.2781 -0.9605 0.0036
vn -0.2246 -0.9744 0.0048
vn -0.1462 -0.9069 0.3951
vn -0.0197 -0.1345 0.9907
vn -0.1604 -0.9870 0.0051
vn -0.1077 -0.9942 0.0054
vn -0.1004 -0.9345 0.3414
vn -0.0353 -0.3908 0.9198
vn -0.0580 -0.9205 0.3864
vn -0.0123 -0.3352 0.9421
vn -0.0213 -0.9175 0.3971
vn -0.0671 -0.9977 0.0056
vn -0.0406 -0.9992 0.0053
vn -0.0184 -0.9998 0.0059
vn -0.0027 -0.9989 0.0459
vn -0.0004 -0.9134 0.4070
vn -0.0002 -0.3972 0.9177
vn 0.4298 0.9029 -0.0030
vn 0.7955 0.6060 0.0053
vn 0.1195 0.9928 0.0040
vn 0.4291 0.9032 0.0050
vn 0.1175 0.9930 -0.0087
vn 0.9995 -0.0174 0.0261
vn 0.9888 -0.1493 -0.0015
vn 0.9977 -0.0210 -0.0639
vn 0.8260 -0.5636 0.0039
vn 0.8256 -0.5642 -0.0087
vn 1.0000 -0.0003 0.0004
vn 1.0000 -0.0012 -0.0008
vn 0.9891 -0.1472 0.0034
vn -0.1821 -0.9833 0.0038
vn -0.2057 -0.9786 0.0100
vn -0.1608 -0.9870 0.0015
vn -0.2347 -0.9721 0.0032
vn -0.2733 -0.9619 0.0103
vn -0.3024 -0.9532 0.0029
vn -0.3043 -0.9526 0.0085
vn -0.2782 -0.9605 0.0028
vn -0.2245 -0.9744 0.0088
vn -0.1604 -0.9870 0.0026
vn -0.1076 -0.9942 0.0084
vn -0.0675 -0.9977 0.0025
vn -0.0407 -0.9991 0.0072
vn -0.0187 -0.9998 0.0025
vn -0.0059 -1.0000 0.0067
vn -0.0002 -1.0000 0.0077
vn -0.0094 -1.0000 0.0015
vn -0.1078 -0.9941 0.0112
vn 0.0018 -1.0000 0.0016
vn 0.2049 0.0955 -0.9741
vn 0.6263 0.4125 -0.6615
vn 0.8152 0.1160 -0.5674
vn 0.8500 0.0011 -0.5268
vn 0.4664 0.0024 -0.8846
vn -0.0000 0.9983 0.0584
vn 0.0007 0.9949 0.1011
vn 0.0034 0.8837 0.4681
vn 0.7562 0.4915 0.4319
vn 0.3695 0.8630 0.3444
vn 0.3853 0.4035 0.8299
vn 0.3822 -0.4221 0.8221
vn 0.7463 -0.5104 0.4271
vn 0.9401 -0.1435 0.3091
vn 0.2784 -0.1092 0.9543
vn 0.9629 -0.0021 0.2699
vn 0.5974 -0.0017 0.8019
vn -0.1680 -0.9792 0.1138
vn -0.0358 -0.4363 0.8991
vn -0.0986 -0.4986 0.8612
vn -0.1756 -0.9144 0.3647
vn -0.1486 -0.9129 0.3802
vn -0.2184 -0.9185 0.3297
vn -0.1347 -0.4764 0.8688
vn -0.2589 -0.9141 0.3122
vn -0.1140 -0.4819 0.8688
vn -0.1596 -0.5068 0.8472
vn -0.2886 -0.9129 0.2886
vn -0.2722 -0.9188 0.2857
vn -0.0774 -0.3366 0.9385
vn -0.2152 -0.9263 0.3094
vn -0.1589 -0.5424 0.8249
vn -0.0939 -0.5797 0.8094
vn -0.1545 -0.9511 0.2674
vn -0.0666 -0.6071 0.7918
vn -0.1039 -0.9616 0.2541
vn -0.0614 -0.9656 0.2527
vn -0.0219 -0.9720 0.2341
vn -0.0381 -0.6057 0.7948
vn -0.0005 -0.9713 0.2378
vn -0.0017 -0.9966 0.0824
vn -0.0225 -0.9244 0.3809
vn -0.0095 -0.1410 0.9900
vn -0.0002 -0.0162 0.9999
vn -0.0800 -0.3325 0.9397
vn 0.0160 -0.9966 0.0805
vn 0.0055 -0.9136 0.4066
vn 0.0151 -0.4508 0.8925
vn 0.1113 -0.9937 -0.0087
vn 0.4161 -0.9093 -0.0030
vn 0.2746 -0.6236 -0.7319
vn 0.6200 -0.4310 -0.6556
vn 0.0003 0.6962 -0.7178
vn 0.2777 0.1075 0.9547
vn 0.2107 0.0010 0.9776
vn 0.5986 0.0033 0.8011
vn 0.2075 -0.0988 -0.9732
vn 0.1506 -0.0013 -0.9886
vn 0.4651 -0.0013 -0.8852
vn 0.2806 0.6031 -0.7467
vn 0.1136 -0.9935 0.0005
vn 0.4079 -0.9130 0.0063
vn 0.3562 -0.8744 0.3295
vn -0.0065 -0.0277 0.9996
vn -0.0131 -0.1894 0.9818
vn -0.0258 -0.1880 0.9818
vn -0.0027 -0.0311 0.9995
vn -0.0002 -0.0008 1.0000
vn -0.0065 -0.0256 0.9997
vn -0.0259 -0.1257 0.9917
vn -0.0334 -0.1136 0.9930
vn -0.0107 -0.1165 0.9931
vn -0.0548 -0.1776 0.9826
vn 0.8081 -0.1204 -0.5767
vn 0.8447 -0.0020 -0.5353
vn 1.0000 0.0006 0.0018
vn 0.9642 0.0011 0.2651
vn 0.0329 -0.0072 0.9994
vn 0.0009 -0.0005 1.0000
vn 0.0044 -0.1118 0.9937
vn 0.2139 -0.0018 0.9769
vn 0.1487 0.0007 -0.9889
vn 0.9414 0.1408 0.3064
vn -0.6857 0.7270 -0.0344
vn -0.4519 0.8915 0.0310
vn -0.0063 0.9993 -0.0358
vn -0.0061 0.9982 0.0603
vn -0.0204 0.3628 0.9317
vn -0.7385 0.2342 0.6323
vn -0.8832 0.0218 0.4684
vn -0.0109 0.1655 0.9862
vn -0.0140 0.0254 -0.9996
vn -0.8581 0.0387 -0.5120
vn -0.7382 0.0017 -0.6746
vn -0.0143 0.0012 -0.9999
vn -0.0157 0.0679 -0.9976
vn 0.0113 -0.0020 0.9999
vn 0.0070 -0.0579 0.9983
vn 0.7385 -0.0048 0.6742
vn -0.9994 0.0004 -0.0358
vn -0.9996 0.0072 -0.0291
vn -0.9985 -0.0013 0.0541
vn -0.9983 -0.0200 0.0551
vn -0.9986 0.0229 0.0485
vn -0.9983 -0.0074 0.0572
vn 0.0266 0.1257 -0.9917
vn 0.0079 0.0679 -0.9977
vn 0.8373 0.0398 -0.5453
vn 0.7677 0.1387 -0.6256
vn 0.0076 0.2056 -0.9786
vn 0.0275 0.2839 -0.9585
vn 0.8567 0.1764 -0.4846
vn 0.0078 0.3461 -0.9382
vn 0.0285 0.4241 -0.9052
vn 0.8820 0.2728 -0.3843
vn 0.0128 0.5939 -0.8044
vn 0.9982 -0.0016 0.0597
vn 0.9993 0.0072 -0.0356
vn 0.9992 0.0003 -0.0388
vn 0.9996 0.0099 -0.0262
vn 0.9987 -0.0174 0.0474
vn 0.9982 -0.0138 0.0578
vn 0.9947 0.0446 0.0929
vn -0.0163 -0.1244 0.9921
vn -0.0138 -0.0579 0.9982
vn -0.7656 -0.0065 0.6433
vn -0.8808 -0.0868 0.4655
vn -0.0140 -0.2151 0.9765
vn -0.0160 -0.3194 0.9475
vn -0.8356 -0.1696 0.5225
vn -0.7412 -0.2783 0.6109
vn -0.0128 -0.4050 0.9142
vn -0.0118 -0.4513 0.8923
vn -0.8043 -0.2534 0.5375
vn -0.0096 -0.4341 0.9008
vn -0.9998 0.0006 0.0209
vn -0.9945 0.0703 0.0773
vn -0.9990 0.0139 -0.0417
vn 0.9987 0.0265 -0.0440
vn 0.9946 0.0567 0.0871
vn 0.9997 0.0007 0.0226
vn 0.9992 -0.0002 -0.0392
vn -0.9086 -0.0011 -0.4177
vn -0.7561 0.0291 -0.6538
vn -0.0139 0.0046 -0.9999
vn 0.0123 0.9993 -0.0357
vn 0.0040 0.9998 0.0202
vn 0.5375 0.8429 0.0258
vn 0.5401 0.8402 -0.0486
vn 0.0072 0.0012 -1.0000
vn 0.0270 0.0254 -0.9993
vn 0.0073 -0.2151 0.9766
vn 0.0313 -0.1238 0.9918
vn 0.0065 -0.4050 0.9143
vn 0.0283 -0.3195 0.9472
vn 0.0061 -0.4539 0.8910
vn 0.0229 -0.4512 0.8921
vn 0.0270 0.0046 -0.9996
vn 0.7111 0.0018 -0.7031
vn 0.0618 -0.0000 0.9981
vn 0.8674 0.0231 0.4972
vn -0.4944 0.7668 0.4093
vn -0.0074 0.8818 0.4716
vn -0.8581 0.0387 -0.5121
vn -0.7657 -0.0065 0.6432
vn -0.8040 0.1287 -0.5805
vn -0.8001 0.2094 -0.5622
vn -0.9276 0.2069 -0.3111
vn -0.9981 0.0566 -0.0227
vn 0.7678 0.1387 -0.6255
vn 0.7385 -0.0049 0.6742
vn 0.7917 -0.0696 0.6070
vn 0.8830 -0.1023 0.4581
vn 0.8567 0.1764 -0.4847
vn 0.8088 -0.1882 0.5572
vn 0.7145 -0.2900 0.6367
vn 0.9960 0.0897 0.0057
vn 0.7765 -0.2689 0.5699
vn -0.9993 -0.0002 -0.0363
vn -0.7385 0.2343 0.6323
vn 0.7120 0.2440 0.6585
vn 0.8957 -0.0012 -0.4446
vn 0.7306 0.0306 -0.6821
vn 0.4931 0.7227 -0.4843
vn 0.0043 0.8388 -0.5444
vn 0.0037 0.8817 0.4717
vn -0.0032 0.9547 0.2975
vn 0.0041 0.9754 0.2206
vn 0.0058 0.9578 0.2875
vn 0.0057 -0.4451 0.8954
vn 0.0045 -0.3052 0.9523
vn -0.0002 -0.2922 0.9564
vn 0.0026 -0.2982 0.9545
vn -0.0051 -0.2980 0.9545
vn 0.4779 0.8126 0.3335
vn 0.1176 0.8157 0.5664
vn 0.0709 0.8950 0.4404
vn 0.5048 0.7072 0.4950
vn 0.2400 0.6992 0.6734
vn 0.4731 0.5066 0.7208
vn 0.4949 0.4982 0.7120
vn 0.5028 0.6112 0.6112
vn 0.1956 0.4142 0.8889
vn 0.3034 0.2517 0.9190
vn 0.4895 0.2259 0.8422
vn 0.4998 0.3660 0.7850
vn 0.1496 0.0807 0.9855
vn 0.1934 -0.1511 0.9694
vn 0.4676 -0.0820 0.8801
vn 0.4951 0.0757 0.8655
vn 0.5177 0.7751 0.3623
vn 0.4633 -0.2283 0.8563
vn 0.7183 -0.2940 -0.6305
vn 0.0047 -0.4225 -0.9063
vn 0.0044 -0.2588 -0.9659
vn 0.7955 -0.1583 -0.5849
vn 0.7270 -0.3938 -0.5625
vn 0.0044 -0.5735 -0.8192
vn 0.8652 -0.0443 -0.4995
vn 0.0049 -0.0871 -0.9962
vn 0.0060 0.0581 -0.9983
vn 0.7389 0.0590 -0.6712
vn 0.9928 0.0306 -0.1160
vn 0.0033 0.2309 -0.9730
vn 0.0034 0.4227 -0.9063
vn 0.7313 0.3095 -0.6078
vn 0.0059 0.6187 -0.7856
vn 0.0046 0.7518 -0.6594
vn 0.7353 0.4859 -0.4724
vn 0.9999 0.0070 -0.0084
vn 0.7642 0.5219 -0.3789
vn 0.6769 0.5950 -0.4333
vn 0.0068 0.9962 -0.0869
vn 0.7559 0.6501 -0.0769
vn 0.0043 0.9597 -0.2808
vn 0.7260 0.6589 -0.1968
vn 0.7273 0.6180 -0.2984
vn 0.0045 0.8767 -0.4811
vn 0.8899 0.4544 0.0400
vn 0.0024 0.9962 0.0872
vn 0.7954 0.5850 0.1585
vn 0.7198 0.6293 0.2928
vn 0.7281 0.5615 0.3932
vn 0.7421 0.4720 0.4760
vn 0.8986 0.2537 0.3581
vn 0.7197 0.2934 0.6293
vn 0.7282 0.1774 0.6621
vn 0.7421 0.0556 0.6680
vn 0.8467 -0.0417 0.5305
vn 0.9999 -0.0035 0.0129
vn 0.7779 -0.2682 0.5683
vn 0.7140 -0.4166 0.5627
vn 0.0044 -0.5922 0.8058
vn 0.0044 -0.7340 0.6791
vn 0.8242 -0.4234 0.3760
vn 0.7176 -0.5627 0.4103
vn 0.0047 -0.8081 0.5890
vn 0.7172 -0.6685 0.1969
vn 0.0046 -0.9598 0.2808
vn 0.0044 -0.9962 0.0871
vn 0.8864 -0.4614 0.0373
vn 0.7427 -0.5942 0.3088
vn 0.0044 -0.8894 0.4571
vn 0.7404 -0.6699 -0.0559
vn 0.0047 -0.9962 -0.0872
vn 0.0044 -0.9659 -0.2589
vn 0.7268 -0.6634 -0.1778
vn 0.7183 -0.6306 -0.2941
vn 0.0046 -0.9063 -0.4227
vn 0.0044 -0.8191 -0.5736
vn 0.8972 -0.3604 -0.2553
vn 0.7405 -0.4772 -0.4733
vn 0.0046 -0.7070 -0.7072
vn 0.8535 0.4343 -0.2880
vn 0.0078 0.8299 -0.5579
vn 0.8551 -0.4327 0.2857
vn 0.6872 -0.6000 0.4095
vn 1.0000 -0.0021 -0.0008
vn 0.9997 -0.0130 -0.0194
vn 0.9999 -0.0129 0.0057
vn 0.9987 -0.0374 0.0350
vn 1.0000 0.0076 0.0053
vn 0.9993 0.0122 0.0351
vn 1.0000 0.0046 -0.0022
vn -0.0005 0.9080 0.4189
vn -0.0003 0.8196 0.5729
vn -0.3885 0.8232 0.4139
vn -0.0010 0.7071 0.7071
vn -0.0002 0.5735 0.8192
vn -0.5511 0.4808 0.6819
vn -0.6287 0.5700 0.5290
vn -0.0009 0.2606 0.9655
vn -0.5278 0.3508 0.7736
vn -0.0006 0.4244 0.9055
vn -0.0014 0.0858 0.9963
vn -0.0002 -0.0869 0.9962
vn -0.2580 -0.1658 0.9518
vn -0.5512 0.4808 0.6819
vn -0.5278 0.3508 0.7735
vn -0.0176 0.7893 -0.6137
vn 0.0003 0.8127 -0.5826
vn 0.0003 -0.8256 0.5643
vn 0.0117 0.3266 0.9451
vn 0.0138 0.1064 0.9942
vn 0.7120 0.2439 0.6585
vn -0.0159 -0.0143 0.9998
vn -0.1906 -0.0795 0.9785
vn -0.0969 -0.0001 0.9953
vn -0.0095 -0.0033 0.9999
vn -0.0137 0.1253 -0.9920
vn -0.0149 0.2056 -0.9785
vn -0.0142 0.2836 -0.9588
vn -0.0153 0.3460 -0.9381
vn -0.0147 0.4219 -0.9065
vn -0.0615 -0.0000 0.9981
vn 0.0150 -0.0146 0.9998
vn 0.0947 -0.0001 0.9955
vn 0.1867 -0.0779 0.9793
vn 0.0098 -0.0247 0.9996
vn -0.0085 0.8389 -0.5442
vn -0.6857 0.7270 -0.0343
vn -0.5207 0.7102 -0.4737
vn -0.5207 0.7103 -0.4737
vn 0.4362 0.7955 0.4206
vn 0.4931 0.7227 -0.4844
vn -0.0023 -0.4226 -0.9063
vn -0.0087 -0.2588 -0.9659
vn -0.0087 -0.5735 -0.8192
vn -0.0023 -0.0871 -0.9962
vn -0.0058 0.1163 -0.9932
vn -0.0050 0.7141 -0.7001
vn -0.0039 0.8299 -0.5579
vn -0.0049 0.9021 -0.4316
vn -0.0059 -0.3974 0.9176
vn -0.0022 -0.5922 0.8058
vn -0.0089 -0.7340 0.6791
vn -0.0023 -0.7071 -0.7071
vn -0.0003 0.8028 -0.5962
vn -0.0024 -0.8059 0.5920
vn -0.0000 0.0188 0.9998
vn 0.0055 0.0114 0.9999
vn 0.0021 -0.0866 0.9962
vn -0.0384 -0.0930 0.9949
vn -0.0021 0.0044 1.0000
vn -0.1676 0.0693 0.9834
vn -0.1248 0.1266 0.9841
vn -0.0000 0.9890 0.1477
vn 0.3805 0.9238 0.0422
vn 0.6996 0.6994 0.1463
vn 0.1202 0.1219 0.9852
vn -0.6996 0.6994 0.1463
vn -0.3805 0.9238 0.0422
vn -0.9892 -0.0000 0.1463
vn -0.9223 0.3842 0.0414
vn -0.6997 -0.6994 0.1460
vn -0.9223 -0.3843 0.0413
vn 0.0001 -0.9891 0.1472
vn -0.3805 -0.9239 0.0413
vn 0.6995 -0.6993 0.1470
vn 0.3805 -0.9238 0.0424
vn 0.9892 -0.0000 0.1462
vn 0.9223 -0.3843 0.0413
vn 0.1638 0.0677 0.9842
vn 0.9223 0.3843 0.0414
vn -0.0000 0.9998 0.0215
vn 0.3807 0.9244 0.0216
vn 0.7071 0.7068 0.0215
vn -0.7071 0.7068 0.0216
vn -0.3807 0.9244 0.0216
vn -0.9998 -0.0000 0.0215
vn -0.9229 0.3846 0.0216
vn -0.7071 -0.7068 0.0215
vn -0.9229 -0.3845 0.0216
vn -0.0000 -0.9998 0.0214
vn -0.3808 -0.9244 0.0215
vn 0.7071 -0.7068 0.0215
vn 0.3808 -0.9244 0.0215
vn 0.9998 -0.0000 0.0215
vn 0.9229 -0.3845 0.0216
vn 0.9229 0.3845 0.0216
vn -0.1187 -0.2884 0.9501
vn 0.0116 0.0112 0.9999
vn -0.0000 0.0143 0.9999
vn -0.1188 -0.2884 0.9501
vn -0.0000 0.0144 0.9999
vn -0.0003 -0.9998 0.0220
vn -0.3803 -0.9246 0.0214
vn -0.7072 -0.7066 0.0220
vn 0.0116 0.0111 0.9999
vn 0.1172 -0.2846 0.9514
vn -0.0118 0.0112 0.9999
vn 0.1173 -0.2847 0.9514
vn -0.0118 0.0113 0.9999
vn 0.7075 -0.7064 0.0220
vn 0.3803 -0.9246 0.0212
vn 0.2831 -0.1193 0.9516
vn -0.0187 -0.0000 0.9998
vn -0.0187 -0.0001 0.9998
vn 0.9992 -0.0003 0.0394
vn 0.9447 -0.3277 0.0152
vn 0.2752 0.1145 0.9545
vn -0.0123 -0.0119 0.9999
vn -0.0122 -0.0118 0.9999
vn 0.7068 0.7063 0.0392
vn 0.9229 0.3850 0.0120
vn 0.1141 0.2800 0.9532
vn -0.0000 -0.0147 0.9999
vn -0.0000 -0.0148 0.9999
vn -0.0000 0.9998 0.0220
vn 0.4372 0.8992 0.0151
vn -0.1140 0.2800 0.9532
vn 0.0122 -0.0118 0.9999
vn -0.1141 0.2801 0.9532
vn -0.7071 0.7060 0.0393
vn -0.4372 0.8993 0.0150
vn -0.2791 0.1161 0.9532
vn 0.0189 -0.0001 0.9998
vn -0.2791 0.1162 0.9532
vn -0.9992 -0.0000 0.0394
vn -0.9229 0.3849 0.0121
vn -0.2831 -0.1193 0.9516
vn -0.2831 -0.1192 0.9516
vn -0.9447 -0.3277 0.0152
vn 0.3804 -0.9247 0.0165
vn 0.9996 -0.0003 0.0291
vn 0.7071 0.7065 0.0292
vn 0.9225 0.3848 0.0295
vn 0.3222 0.9464 0.0210
vn -0.7073 0.7063 0.0291
vn -0.3222 0.9464 0.0210
vn -0.9996 -0.0000 0.0291
vn -0.3808 -0.9245 0.0164
vn -0.0002 -0.9986 0.0520
vn -0.7051 -0.7072 0.0520
vn 0.7066 -0.7057 0.0520
vn 0.8974 -0.4407 0.0208
vn -0.0000 0.9986 0.0522
vn -0.9227 0.3844 0.0294
vn -0.8974 -0.4407 0.0208
vn -0.2737 -0.6643 0.6956
vn -0.5174 -0.5169 0.6820
vn -0.0000 -0.7317 0.6816
vn -0.0000 -0.7318 0.6816
vn 0.0041 -0.1814 0.9834
vn -0.0159 -0.0486 0.9987
vn -0.1969 -0.1962 0.9606
vn -0.5175 -0.5169 0.6819
vn 0.2831 -0.6792 0.6772
vn 0.4796 -0.4791 0.7352
vn 0.0211 -0.0210 0.9996
vn 0.0838 -0.2136 0.9733
vn 0.6791 -0.2850 0.6764
vn 0.7371 -0.0000 0.6758
vn 0.6791 -0.2850 0.6765
vn 0.1785 -0.0042 0.9839
vn 0.2123 -0.0842 0.9736
vn 0.6670 0.2778 0.6914
vn 0.5217 0.5211 0.6755
vn 0.5217 0.5212 0.6754
vn 0.1985 0.1972 0.9600
vn 0.0148 0.0050 0.9999
vn 0.2756 0.6661 0.6931
vn -0.0000 0.7316 0.6818
vn 0.2755 0.6661 0.6931
vn -0.0000 0.7316 0.6817
vn 0.0005 0.2820 0.9594
vn 0.0077 0.0184 0.9998
vn -0.2755 0.6661 0.6931
vn -0.5217 0.5211 0.6755
vn -0.2756 0.6661 0.6931
vn -0.1981 0.1986 0.9598
vn -0.0121 0.0292 0.9995
vn -0.6661 0.2774 0.6923
vn -0.7372 -0.0000 0.6757
vn -0.2759 -0.0002 0.9612
vn -0.0702 0.0298 0.9971
vn -0.6580 -0.2730 0.7018
vn -0.0084 -0.0035 1.0000
vn 0.8088 -0.1881 0.5572
vn 0.4931 0.7226 -0.4844
vn 0.0063 0.9993 -0.0358
vn 0.5673 0.8232 0.0252
vn 0.5700 0.8202 -0.0475
vn 0.0061 0.9982 0.0603
vn 0.0204 0.3628 0.9317
vn 0.0109 0.1656 0.9861
vn 0.8833 0.0218 0.4683
vn 0.7384 0.2342 0.6324
vn 0.0141 0.0253 -0.9996
vn 0.0134 0.0007 -0.9999
vn 0.8275 0.0024 -0.5614
vn 0.8581 0.0387 -0.5121
vn 0.0157 0.0679 -0.9976
vn -0.8080 -0.0061 0.5892
vn -0.0070 -0.0579 0.9983
vn -0.0254 -0.0016 0.9997
vn 0.9985 -0.0013 0.0541
vn 0.9996 0.0072 -0.0291
vn 0.9994 0.0004 -0.0358
vn 0.9983 -0.0200 0.0551
vn 0.9983 -0.0075 0.0571
vn 0.9986 0.0228 0.0484
vn -0.8373 0.0398 -0.5453
vn -0.0079 0.0679 -0.9977
vn -0.0265 0.1257 -0.9917
vn -0.0076 0.2056 -0.9786
vn -0.7677 0.1387 -0.6256
vn -0.0275 0.2839 -0.9585
vn -0.0078 0.3461 -0.9382
vn -0.8567 0.1764 -0.4847
vn -0.0285 0.4241 -0.9052
vn -0.0128 0.5939 -0.8044
vn -0.8820 0.2728 -0.3843
vn -0.9979 0.0005 -0.0652
vn -0.9993 0.0072 -0.0356
vn -0.9992 -0.0010 0.0394
vn -0.9987 -0.0174 0.0474
vn -0.9996 0.0099 -0.0262
vn -0.9947 0.0446 0.0929
vn -0.9982 -0.0138 0.0578
vn 0.0162 -0.1244 0.9921
vn 0.8808 -0.0868 0.4655
vn 0.7655 -0.0065 0.6434
vn 0.0138 -0.0579 0.9982
vn 0.0140 -0.2151 0.9765
vn 0.0160 -0.3194 0.9475
vn 0.8356 -0.1696 0.5225
vn 0.0129 -0.4049 0.9143
vn 0.7411 -0.2783 0.6110
vn 0.0118 -0.4513 0.8923
vn 0.0096 -0.4341 0.9008
vn 0.8043 -0.2534 0.5375
vn 0.9989 0.0246 -0.0408
vn 0.9954 0.0525 0.0806
vn 0.9998 0.0006 0.0209
vn 0.9993 -0.0002 -0.0363
vn -0.9936 0.0759 0.0834
vn -0.9989 0.0151 -0.0451
vn -0.9993 0.0011 0.0369
vn 0.0152 0.0091 -0.9998
vn 0.7591 0.0291 -0.6504
vn 0.8424 -0.0009 -0.5389
vn -0.4244 0.9049 0.0315
vn -0.0040 0.9998 0.0202
vn -0.0123 0.9993 -0.0357
vn -0.6570 0.7530 -0.0356
vn -0.0273 0.0281 -0.9992
vn -0.0131 0.0022 -0.9999
vn -0.0313 -0.1238 0.9918
vn -0.0073 -0.2151 0.9766
vn -0.0283 -0.3195 0.9472
vn -0.0065 -0.4050 0.9143
vn -0.0229 -0.4512 0.8921
vn -0.0061 -0.4539 0.8910
vn -0.7108 0.0018 -0.7034
vn -0.0139 0.0024 -0.9999
vn -0.8229 0.0202 0.5678
vn 0.0074 0.8818 0.4716
vn 0.4940 0.7670 0.4095
vn 0.8040 0.1287 -0.5806
vn 0.8001 0.2094 -0.5622
vn 0.9981 0.0566 -0.0227
vn 0.9276 0.2069 -0.3111
vn -0.7678 0.1387 -0.6255
vn -0.8830 -0.1024 0.4581
vn -0.7917 -0.0696 0.6070
vn -0.7145 -0.2900 0.6366
vn -0.8088 -0.1882 0.5572
vn -0.9960 0.0897 0.0057
vn -0.7765 -0.2689 0.5698
vn 0.7591 0.0292 -0.6504
vn 0.7384 0.2343 0.6324
vn -0.8230 0.0202 0.5677
vn -0.7119 0.2440 0.6586
vn -0.7307 0.0305 -0.6820
vn -0.8957 -0.0012 -0.4446
vn -0.9998 -0.0001 -0.0218
vn -0.0043 0.8386 -0.5447
vn -0.4928 0.7228 -0.4844
vn -0.0037 0.8818 0.4717
vn -0.0054 0.9710 0.2392
vn -0.0041 0.9754 0.2205
vn 0.0033 0.9547 0.2975
vn 0.0002 -0.2376 0.9714
vn 0.0051 -0.2981 0.9545
vn -0.0027 -0.2981 0.9545
vn -0.0045 -0.3051 0.9523
vn -0.5049 0.7072 0.4950
vn -0.1176 0.8157 0.5664
vn -0.0709 0.8950 0.4404
vn -0.4779 0.8126 0.3335
vn -0.2400 0.6992 0.6734
vn -0.5029 0.6112 0.6112
vn -0.4976 0.4962 0.7115
vn -0.4731 0.5066 0.7208
vn -0.1956 0.4143 0.8889
vn -0.5106 0.3634 0.7793
vn -0.4922 0.2267 0.8404
vn -0.3034 0.2516 0.9190
vn -0.1495 0.0806 0.9855
vn -0.4951 0.0757 0.8655
vn -0.4649 -0.0809 0.8817
vn -0.1933 -0.1511 0.9694
vn -0.5177 0.7751 0.3623
vn -0.4514 -0.2298 0.8622
vn -0.7404 -0.2840 -0.6092
vn -0.8972 -0.1166 -0.4260
vn -0.7269 -0.3939 -0.5626
vn -0.7183 -0.0606 -0.6931
vn -0.7269 0.0599 -0.6841
vn -0.7404 0.1740 -0.6492
vn -0.8532 0.2318 -0.4673
vn -0.0067 0.4225 -0.9063
vn -0.0031 0.2866 -0.9580
vn -0.0061 0.5639 -0.8259
vn -0.7299 0.4079 -0.5485
vn -0.7254 0.4937 -0.4796
vn -0.7487 0.5365 -0.3894
vn -0.6769 0.5954 -0.4328
vn -0.0091 0.9597 -0.2807
vn -0.7312 0.6771 -0.0831
vn -0.0034 0.9962 -0.0871
vn -0.7330 0.6129 -0.2950
vn -0.9999 0.0105 -0.0035
vn -0.8685 0.4937 0.0444
vn -0.7954 0.5846 0.1599
vn -0.0049 0.9962 0.0872
vn -0.7198 0.6293 0.2929
vn -0.7281 0.5615 0.3932
vn -0.7421 0.4740 0.4740
vn -0.8466 0.3091 0.4332
vn -0.9997 0.0105 0.0223
vn -0.8467 0.1332 0.5152
vn -0.7421 0.0584 0.6678
vn -0.7281 -0.0598 0.6828
vn -0.7199 -0.1803 0.6703
vn -0.8338 -0.2340 0.5001
vn -0.7132 -0.4165 0.5638
vn -0.7370 -0.4993 0.4555
vn -0.7508 -0.5335 0.3895
vn -0.7140 -0.6715 0.1983
vn -0.8286 -0.5577 0.0491
vn -0.0086 -0.9962 0.0871
vn -0.0022 -0.9598 0.2808
vn -0.0088 -0.8894 0.4571
vn -0.7441 -0.5930 0.3078
vn -0.7183 -0.6931 -0.0607
vn -0.7269 -0.6634 -0.1778
vn -0.0087 -0.9659 -0.2589
vn -0.0023 -0.9962 -0.0872
vn -0.7405 -0.6091 -0.2841
vn -0.8972 -0.3632 -0.2514
vn -0.0087 -0.8191 -0.5736
vn -0.0024 -0.9063 -0.4226
vn -0.7183 -0.4919 -0.4920
vn -0.9999 -0.0118 0.0111
vn -1.0000 -0.0019 0.0010
vn -0.8504 0.4389 -0.2902
vn -0.8581 -0.4291 0.2820
vn -0.6878 -0.5996 0.4092
vn -0.9999 -0.0082 -0.0108
vn -1.0000 0.0003 -0.0072
vn -0.9996 0.0222 0.0147
vn -0.9988 -0.0053 0.0485
vn -1.0000 0.0040 -0.0036
vn -0.9992 -0.0394 -0.0112
vn 0.3885 0.8232 0.4139
vn 0.0006 0.8191 0.5736
vn 0.0003 0.9094 0.4159
vn 0.0005 0.7071 0.7071
vn 0.6288 0.5700 0.5290
vn 0.5512 0.4808 0.6819
vn 0.0005 0.5735 0.8192
vn 0.0003 0.4245 0.9054
vn 0.5280 0.3509 0.7734
vn 0.0018 0.2607 0.9654
vn 0.2580 -0.1658 0.9518
vn 0.0004 -0.0868 0.9962
vn 0.0007 0.0859 0.9963
vn 0.5281 0.3508 0.7733
vn 0.6287 0.5700 0.5290
vn 0.3886 0.8232 0.4139
vn 0.0176 0.7893 -0.6137
vn -0.0004 -0.8354 0.5496
vn -0.0117 0.3265 0.9451
vn -0.0261 0.0716 0.9971
vn -0.8958 -0.0012 -0.4446
vn -0.7307 0.0306 -0.6820
vn 0.0020 -0.0004 1.0000
vn 0.0392 -0.0341 0.9986
vn 0.0960 -0.0032 0.9954
vn 0.0102 -0.0035 0.9999
vn 0.0137 0.1253 -0.9920
vn 0.0149 0.2056 -0.9785
vn 0.0142 0.2836 -0.9588
vn 0.0153 0.3454 -0.9383
vn 0.0147 0.4242 -0.9054
vn -0.0150 -0.0146 0.9998
vn 0.0615 -0.0000 0.9981
vn -0.1858 -0.0775 0.9795
vn -0.0947 -0.0000 0.9955
vn -0.0098 -0.0247 0.9996
vn 0.0085 0.8386 -0.5447
vn 0.5701 0.8202 -0.0474
vn 0.5673 0.8231 0.0252
vn -0.4244 0.9049 0.0314
vn -0.6570 0.7530 -0.0355
vn 0.0086 0.8386 -0.5447
vn 0.5215 0.7104 -0.4726
vn 0.0074 0.8818 0.4715
vn -0.0037 0.8817 0.4717
vn 0.5214 0.7104 -0.4726
vn -0.4367 0.7953 0.4205
vn -0.4928 0.7228 -0.4845
vn -0.0000 0.0032 1.0000
vn -0.0051 0.0115 0.9999
vn 0.0384 -0.0930 0.9949
vn -0.0021 -0.0866 0.9962
vn 0.0112 0.0314 0.9994
vn 0.0127 0.0149 0.9998
vn 0.0528 0.0214 0.9984
vn -0.1219 0.1237 0.9848
vn -0.0000 0.9889 0.1487
vn 0.9898 0.0004 0.1427
vn 0.6114 -0.2549 0.7492
vn 0.9224 -0.3844 0.0373
vn 0.6998 -0.7000 0.1425
vn 0.3805 -0.9239 0.0413
vn -0.0001 -0.9891 0.1472
vn -0.3804 -0.9238 0.0424
vn -0.6995 -0.6994 0.1469
vn -0.1644 0.0680 0.9840
vn -0.9223 0.3843 0.0414
vn -0.7071 0.7067 0.0216
vn -0.0000 0.9998 0.0216
vn 0.3808 0.9244 0.0216
vn 0.7071 -0.7068 0.0214
vn 0.3807 -0.9244 0.0215
vn -0.0000 -0.9998 0.0215
vn -0.9229 -0.3845 0.0215
vn -0.9998 -0.0000 0.0216
vn -0.9229 0.3845 0.0216
vn 0.1188 -0.2885 0.9501
vn 0.1188 -0.2886 0.9500
vn -0.0119 0.0114 0.9999
vn 0.7072 -0.7066 0.0220
vn 0.3804 -0.9246 0.0213
vn -0.0000 -0.9998 0.0220
vn 0.0001 0.0143 0.9999
vn -0.1188 -0.2885 0.9501
vn 0.0118 0.0113 0.9999
vn -0.2829 -0.1192 0.9517
vn -0.2830 -0.1192 0.9517
vn -0.9992 -0.0003 0.0393
vn 0.0184 -0.0001 0.9998
vn -0.2751 0.1145 0.9546
vn -0.9228 0.3850 0.0120
vn -0.7069 0.7063 0.0392
vn 0.0123 -0.0119 0.9999
vn 0.0124 -0.0120 0.9999
vn -0.1133 0.2749 0.9548
vn -0.1133 0.2748 0.9548
vn -0.3804 0.9248 0.0121
vn -0.0000 0.9992 0.0393
vn -0.0000 -0.0154 0.9999
vn -0.0000 -0.0152 0.9999
vn 0.1163 0.2790 0.9532
vn 0.1163 0.2791 0.9532
vn 0.3229 0.9463 0.0151
vn 0.6605 0.7502 0.0283
vn -0.0117 -0.0115 0.9999
vn -0.0117 -0.0114 0.9999
vn 0.2880 0.1212 0.9499
vn 0.2881 0.1212 0.9499
vn 0.9227 0.3853 0.0126
vn 0.9992 0.0004 0.0395
vn -0.0188 -0.0000 0.9998
vn -0.0188 -0.0001 0.9998
vn 0.2831 -0.1192 0.9517
vn 0.2830 -0.1192 0.9517
vn -0.9996 -0.0002 0.0291
vn -0.9225 0.3848 0.0295
vn -0.7071 0.7065 0.0291
vn -0.3803 0.9244 0.0296
vn -0.0000 0.9996 0.0292
vn 0.4378 0.8988 0.0209
vn 0.9996 0.0006 0.0290
vn 0.3803 -0.9247 0.0165
vn 0.7064 -0.7059 0.0519
vn -0.0000 -0.9987 0.0519
vn -0.3804 -0.9247 0.0165
vn -0.7051 -0.7072 0.0519
vn 0.7505 0.6598 0.0368
vn 0.9223 0.3855 0.0291
vn 0.2736 -0.6642 0.6957
vn 0.5174 -0.5169 0.6820
vn 0.2736 -0.6642 0.6956
vn 0.1970 -0.1967 0.9605
vn 0.0059 -0.0184 0.9998
vn -0.0041 -0.1814 0.9834
vn -0.0000 -0.7318 0.6815
vn -0.2827 -0.6783 0.6783
vn -0.2828 -0.6783 0.6782
vn -0.0838 -0.2136 0.9733
vn -0.0364 -0.0367 0.9987
vn -0.4795 -0.4790 0.7352
vn -0.4795 -0.4791 0.7352
vn -0.6790 -0.2850 0.6766
vn -0.6790 -0.2849 0.6766
vn -0.2123 -0.0842 0.9736
vn -0.1793 -0.0046 0.9838
vn -0.7370 -0.0000 0.6759
vn -0.6611 0.2753 0.6979
vn -0.0089 0.0031 1.0000
vn -0.1995 0.1983 0.9596
vn -0.5216 0.5211 0.6756
vn -0.2752 0.6679 0.6915
vn -0.2752 0.6680 0.6915
vn -0.0291 0.0719 0.9970
vn -0.0005 0.2820 0.9594
vn -0.0000 0.7378 0.6751
vn -0.0000 0.7377 0.6751
vn 0.2736 0.6669 0.6931
vn 0.0122 0.0296 0.9995
vn 0.1981 0.1986 0.9598
vn 0.5173 0.5167 0.6822
vn 0.6612 0.2742 0.6983
vn 0.0188 0.0082 0.9998
vn 0.2763 0.0001 0.9611
vn 0.7372 -0.0000 0.6757
vn 0.6624 -0.2748 0.6969
vn 0.0162 -0.0067 0.9998
vn -0.8830 -0.1024 0.4582
vn -0.8088 -0.1881 0.5572
vn 0.8040 0.1287 -0.5805
vn 0.8000 0.2094 -0.5622
vt 0.766745 0.637320
vt 0.766703 0.637299
vt 0.766739 0.637285
vt 0.699620 0.556549
vt 0.700145 0.556017
vt 0.699975 0.556756
vt 0.729488 0.617428
vt 0.729410 0.617522
vt 0.729365 0.617375
vt 0.688334 0.659055
vt 0.688244 0.659042
vt 0.688265 0.658955
vt 0.735357 0.596030
vt 0.735378 0.596046
vt 0.735373 0.596087
vt 0.019106 0.822831
vt 0.019205 0.824267
vt 0.018217 0.823798
vt 0.689014 0.639717
vt 0.689060 0.639868
vt 0.689000 0.639872
vt 0.736595 0.596040
vt 0.736558 0.596064
vt 0.736563 0.596030
vt 0.701160 0.598788
vt 0.701357 0.598809
vt 0.701241 0.598936
vt 0.735378 0.598001
vt 0.735417 0.598035
vt 0.735384 0.598043
vt 0.769978 0.555952
vt 0.769945 0.555916
vt 0.769978 0.555920
vt 0.772713 0.584303
vt 0.772714 0.583803
vt 0.772771 0.583803
vt 0.773172 0.628404
vt 0.773121 0.628003
vt 0.773176 0.628002
vt 0.764204 0.593117
vt 0.766405 0.593148
vt 0.764204 0.593148
vt 0.736462 0.596039
vt 0.736428 0.596060
vt 0.736430 0.596030
vt 0.734812 0.599502
vt 0.734696 0.599081
vt 0.734748 0.599062
vt 0.736866 0.594942
vt 0.736834 0.594908
vt 0.736867 0.594911
vt 0.756778 0.667825
vt 0.756537 0.667590
vt 0.756891 0.667645
vt 0.699641 0.640388
vt 0.699771 0.640543
vt 0.699562 0.640540
vt 0.701357 0.639453
vt 0.701160 0.639474
vt 0.701241 0.639325
vt 0.530629 0.901126
vt 0.530081 0.901556
vt 0.529907 0.900851
vt 0.047834 0.903339
vt 0.047183 0.902573
vt 0.048265 0.902599
vt 0.735412 0.596054
vt 0.736996 0.594945
vt 0.736964 0.594912
vt 0.736997 0.594915
vt 0.701552 0.598553
vt 0.701309 0.598565
vt 0.701549 0.598502
vt 0.736461 0.596064
vt 0.736427 0.596099
vt 0.763606 0.666744
vt 0.762014 0.666965
vt 0.762036 0.666563
vt 0.733779 0.598554
vt 0.734159 0.598811
vt 0.733768 0.598757
vt 0.677015 0.640843
vt 0.677347 0.640714
vt 0.677397 0.640879
vt 0.734365 0.597284
vt 0.734128 0.597594
vt 0.734312 0.597266
vt 0.774514 0.580899
vt 0.774558 0.580450
vt 0.774551 0.580909
vt 0.735189 0.596030
vt 0.735218 0.596049
vt 0.735206 0.596067
vt 0.753765 0.637248
vt 0.753720 0.637284
vt 0.753734 0.637248
vt 0.747819 0.600005
vt 0.747851 0.600015
vt 0.747836 0.600051
vt 0.701565 0.556759
vt 0.701761 0.556599
vt 0.701584 0.556796
vt 0.762217 0.599044
vt 0.761970 0.637248
vt 0.761955 0.600002
vt 0.748001 0.594552
vt 0.747669 0.594823
vt 0.747639 0.594687
vt 0.735944 0.597737
vt 0.736006 0.596081
vt 0.736007 0.597743
vt 0.773146 0.627337
vt 0.771651 0.627603
vt 0.771668 0.627274
vt 0.666839 0.597138
vt 0.667224 0.596816
vt 0.667260 0.597285
vt 0.667260 0.557107
vt 0.666881 0.556718
vt 0.667372 0.556759
vt 0.701452 0.557107
vt 0.701416 0.557576
vt 0.701032 0.557254
vt 0.667372 0.597633
vt 0.667025 0.598110
vt 0.666881 0.597673
vt 0.701074 0.556718
vt 0.701217 0.556281
vt 0.699602 0.598452
vt 0.699143 0.597911
vt 0.699620 0.597846
vt 0.670437 0.613405
vt 0.670535 0.613361
vt 0.670514 0.613448
vt 0.699223 0.640670
vt 0.699607 0.640678
vt 0.733843 0.556550
vt 0.733403 0.556483
vt 0.733885 0.555943
vt 0.699975 0.597639
vt 0.700599 0.598116
vt 0.700145 0.598378
vt 0.734404 0.556022
vt 0.734810 0.556288
vt 0.734169 0.556760
vt 0.702005 0.556483
vt 0.701749 0.555943
vt 0.667556 0.598449
vt 0.667813 0.597909
vt 0.047107 0.949243
vt 0.047582 0.949754
vt 0.046864 0.949815
vt 0.245126 0.896058
vt 0.245570 0.895549
vt 0.245887 0.896213
vt 0.735055 0.597665
vt 0.734169 0.597632
vt 0.700867 0.556713
vt 0.700188 0.557104
vt 0.667025 0.556281
vt 0.667560 0.556550
vt 0.700457 0.598535
vt 0.700521 0.598567
vt 0.700457 0.598566
vt 0.748380 0.556077
vt 0.748314 0.556292
vt 0.748317 0.556072
vt 0.735175 0.555904
vt 0.735239 0.556278
vt 0.735179 0.556287
vt 0.761721 0.666218
vt 0.761875 0.665853
vt 0.761946 0.666212
vt 0.734831 0.638844
vt 0.734878 0.639045
vt 0.734821 0.639047
vt 0.773033 0.580739
vt 0.772938 0.581271
vt 0.772971 0.580734
vt 0.774516 0.581419
vt 0.774606 0.580926
vt 0.774572 0.581429
vt 0.700587 0.598535
vt 0.700650 0.598567
vt 0.700587 0.598566
vt 0.748256 0.556640
vt 0.748312 0.556640
vt 0.739590 0.639227
vt 0.739330 0.639098
vt 0.739511 0.639018
vt 0.773185 0.627638
vt 0.773202 0.627319
vt 0.736762 0.595856
vt 0.736814 0.596014
vt 0.736755 0.596030
vt 0.716575 0.598757
vt 0.701562 0.598807
vt 0.701560 0.598756
vt 0.771596 0.626879
vt 0.771643 0.627232
vt 0.771582 0.627230
vt 0.774956 0.598631
vt 0.774841 0.598952
vt 0.774899 0.598633
vt 0.771466 0.636408
vt 0.771508 0.636709
vt 0.771452 0.636701
vt 0.757287 0.665885
vt 0.757249 0.665531
vt 0.757310 0.665527
vt 0.771584 0.627994
vt 0.771640 0.628423
vt 0.771582 0.628431
vt 0.734144 0.598860
vt 0.733762 0.598808
vt 0.774776 0.599496
vt 0.774856 0.599248
vt 0.774832 0.599509
vt 0.767373 0.667146
vt 0.767327 0.667515
vt 0.770960 0.555898
vt 0.770828 0.555929
vt 0.770804 0.555899
vt 0.773277 0.599119
vt 0.773312 0.599377
vt 0.773253 0.599380
vt 0.771490 0.636152
vt 0.771522 0.636411
vt 0.701478 0.557125
vt 0.666811 0.597142
vt 0.666853 0.597691
vt 0.745503 0.638990
vt 0.745643 0.639182
vt 0.745437 0.639155
vt 0.667392 0.556797
vt 0.667286 0.557125
vt 0.667004 0.598149
vt 0.701565 0.597633
vt 0.701761 0.597793
vt 0.701752 0.597842
vt 0.699606 0.555890
vt 0.700165 0.555965
vt 0.699143 0.556484
vt 0.699606 0.556598
vt 0.699141 0.556535
vt 0.734509 0.639112
vt 0.734758 0.638758
vt 0.734696 0.639184
vt 0.700599 0.556279
vt 0.700640 0.556239
vt 0.734236 0.639699
vt 0.734516 0.639475
vt 0.734556 0.639513
vt 0.700675 0.633723
vt 0.700651 0.633701
vt 0.700683 0.633698
vt 0.688223 0.659315
vt 0.689918 0.660505
vt 0.689801 0.660709
vt 0.683909 0.640508
vt 0.683876 0.640534
vt 0.683872 0.640508
vt 0.666894 0.639482
vt 0.666821 0.639623
vt 0.666836 0.639468
vt 0.770029 0.635998
vt 0.769947 0.636245
vt 0.769972 0.635983
vt 0.734464 0.639095
vt 0.734564 0.638744
vt 0.670573 0.613080
vt 0.668864 0.611899
vt 0.668981 0.611695
vt 0.700165 0.598430
vt 0.700640 0.598156
vt 0.737218 0.596275
vt 0.737198 0.596245
vt 0.737230 0.596256
vt 0.773027 0.581290
vt 0.772953 0.581805
vt 0.772997 0.581282
vt 0.667264 0.556019
vt 0.667004 0.556243
vt 0.667254 0.555969
vt 0.701046 0.556700
vt 0.701196 0.556243
vt 0.757786 0.637299
vt 0.756091 0.637329
vt 0.756091 0.637299
vt 0.736040 0.596077
vt 0.736040 0.597739
vt 0.487520 0.895228
vt 0.486755 0.894392
vt 0.487825 0.894399
vt 0.773183 0.626912
vt 0.771661 0.626571
vt 0.773187 0.626609
vt 0.774352 0.582319
vt 0.774458 0.581917
vt 0.774389 0.582327
vt 0.735752 0.598019
vt 0.735775 0.597985
vt 0.735781 0.598026
vt 0.745489 0.639361
vt 0.745707 0.639367
vt 0.770064 0.635777
vt 0.770006 0.635760
vt 0.772676 0.583806
vt 0.772656 0.584309
vt 0.772618 0.584313
vt 0.759192 0.594076
vt 0.759250 0.594480
vt 0.759193 0.594486
vt 0.767530 0.638258
vt 0.766784 0.637249
vt 0.667224 0.557576
vt 0.666839 0.557254
vt 0.701032 0.597139
vt 0.701416 0.596816
vt 0.701452 0.597285
vt 0.701217 0.598111
vt 0.701074 0.597674
vt 0.699602 0.555943
vt 0.733885 0.598449
vt 0.733403 0.597909
vt 0.733843 0.597842
vt 0.734810 0.598103
vt 0.734404 0.598369
vt 0.702005 0.597909
vt 0.701749 0.598449
vt 0.667813 0.556483
vt 0.667556 0.555943
vt 0.734365 0.557108
vt 0.735126 0.557255
vt 0.734427 0.557576
vt 0.566614 0.947225
vt 0.566153 0.947739
vt 0.565977 0.946943
vt 0.735055 0.556727
vt 0.701752 0.556550
vt 0.769831 0.635757
vt 0.769858 0.635729
vt 0.769858 0.635760
vt 0.667560 0.597842
vt 0.737131 0.594915
vt 0.737193 0.594950
vt 0.737130 0.594945
vt 0.736900 0.593648
vt 0.736841 0.594076
vt 0.736841 0.593650
vt 0.666880 0.639632
vt 0.666813 0.639799
vt 0.735245 0.595008
vt 0.735181 0.595486
vt 0.735185 0.595005
vt 0.771135 0.583664
vt 0.771129 0.584205
vt 0.771070 0.584197
vt 0.699421 0.665322
vt 0.699804 0.665531
vt 0.699424 0.665555
vt 0.734427 0.596816
vt 0.734372 0.596812
vt 0.735773 0.596071
vt 0.735750 0.596038
vt 0.735778 0.596030
vt 0.773305 0.599602
vt 0.773245 0.599608
vt 0.770804 0.585266
vt 0.770960 0.585250
vt 0.770990 0.585269
vt 0.487464 0.900900
vt 0.486437 0.900114
vt 0.487503 0.900165
vt 0.689054 0.640047
vt 0.688995 0.640053
vt 0.745744 0.667314
vt 0.745793 0.667554
vt 0.745734 0.667553
vt 0.773168 0.627269
vt 0.773242 0.626919
vt 0.773228 0.627270
vt 0.769991 0.636547
vt 0.769928 0.636875
vt 0.769932 0.636544
vt 0.757163 0.665888
vt 0.757188 0.666252
vt 0.757119 0.666248
vt 0.774800 0.599240
vt 0.774898 0.598954
vt 0.774945 0.623435
vt 0.774903 0.623686
vt 0.774891 0.623416
vt 0.733887 0.598501
vt 0.734420 0.598419
vt 0.760786 0.555918
vt 0.760722 0.556211
vt 0.760730 0.555930
vt 0.682109 0.665269
vt 0.682418 0.665023
vt 0.682290 0.665361
vt 0.761463 0.665918
vt 0.761658 0.665861
vt 0.772882 0.581780
vt 0.688167 0.664771
vt 0.688151 0.665144
vt 0.684425 0.664855
vt 0.774515 0.581921
vt 0.774447 0.582328
vt 0.771525 0.635930
vt 0.771547 0.636149
vt 0.770960 0.555929
vt 0.770993 0.555890
vt 0.770993 0.555929
vt 0.701142 0.599519
vt 0.701031 0.600404
vt 0.701031 0.599505
vt 0.701003 0.597142
vt 0.701046 0.597692
vt 0.700050 0.640303
vt 0.699859 0.640408
vt 0.699920 0.640237
vt 0.701197 0.599166
vt 0.701169 0.599524
vt 0.701584 0.597596
vt 0.701478 0.597268
vt 0.701366 0.598858
vt 0.701261 0.598973
vt 0.667569 0.556600
vt 0.759185 0.556185
vt 0.759250 0.555905
vt 0.759242 0.556195
vt 0.761825 0.666588
vt 0.761708 0.667000
vt 0.761626 0.666635
vt 0.753040 0.556011
vt 0.753159 0.556197
vt 0.752950 0.556174
vt 0.699606 0.597797
vt 0.734846 0.556252
vt 0.734420 0.555973
vt 0.735175 0.557252
vt 0.735102 0.556710
vt 0.774422 0.581908
vt 0.774480 0.581409
vt 0.734464 0.599170
vt 0.734564 0.599521
vt 0.734517 0.599524
vt 0.734128 0.556797
vt 0.734748 0.639202
vt 0.699941 0.597601
vt 0.700188 0.597291
vt 0.700392 0.638878
vt 0.700113 0.638529
vt 0.700424 0.638529
vt 0.667815 0.597858
vt 0.667569 0.597793
vt 0.758935 0.556448
vt 0.759086 0.556281
vt 0.759149 0.556468
vt 0.701261 0.639289
vt 0.701171 0.639113
vt 0.701197 0.639096
vt 0.667392 0.597596
vt 0.666870 0.640059
vt 0.677020 0.641100
vt 0.667009 0.666409
vt 0.761442 0.665582
vt 0.761635 0.665518
vt 0.735241 0.595496
vt 0.735235 0.595843
vt 0.752132 0.640849
vt 0.754044 0.640867
vt 0.754044 0.640901
vt 0.677843 0.639290
vt 0.677792 0.639439
vt 0.677783 0.639298
vt 0.772710 0.583303
vt 0.772747 0.583301
vt 0.773375 0.623562
vt 0.773424 0.623246
vt 0.773433 0.623558
vt 0.682804 0.664336
vt 0.682792 0.664742
vt 0.682589 0.664678
vt 0.700011 0.639258
vt 0.699662 0.638973
vt 0.700079 0.638941
vt 0.702007 0.597858
vt 0.700294 0.639163
vt 0.767849 0.667177
vt 0.688526 0.665538
vt 0.688081 0.665859
vt 0.688161 0.665517
vt 0.768198 0.667154
vt 0.767826 0.667531
vt 0.688837 0.665555
vt 0.688617 0.665201
vt 0.688956 0.665286
vt 0.677968 0.663770
vt 0.677901 0.664149
vt 0.677908 0.663763
vt 0.767821 0.666830
vt 0.767448 0.666433
vt 0.767914 0.666508
vt 0.577855 0.722388
vt 0.577389 0.722932
vt 0.577190 0.722132
vt 0.728514 0.721563
vt 0.728655 0.721664
vt 0.728502 0.721733
vt 0.733822 0.556600
vt 0.768130 0.666869
vt 0.768250 0.666619
vt 0.577111 0.926547
vt 0.578058 0.925602
vt 0.578111 0.926608
vt 0.767527 0.638611
vt 0.767809 0.638770
vt 0.767554 0.638795
vt 0.747896 0.594410
vt 0.747646 0.594153
vt 0.748006 0.594124
vt 0.736820 0.597378
vt 0.736782 0.596102
vt 0.736813 0.596079
vt 0.736866 0.597862
vt 0.736834 0.594946
vt 0.699674 0.599266
vt 0.667219 0.598823
vt 0.699669 0.598822
vt 0.667197 0.639290
vt 0.667215 0.638973
vt 0.702007 0.556534
vt 0.677956 0.664892
vt 0.677840 0.665218
vt 0.677896 0.664878
vt 0.677999 0.664537
vt 0.677936 0.664522
vt 0.753730 0.599981
vt 0.751989 0.600001
vt 0.751943 0.599984
vt 0.699941 0.556794
vt 0.736202 0.597577
vt 0.736169 0.596099
vt 0.736202 0.596094
vt 0.699827 0.665312
vt 0.700026 0.665454
vt 0.733822 0.597792
vt 0.733398 0.597857
vt 0.734913 0.599049
vt 0.734826 0.598763
vt 0.734928 0.598715
vt 0.245169 0.900994
vt 0.244494 0.901841
vt 0.244169 0.901007
vt 0.767529 0.599042
vt 0.767857 0.598716
vt 0.767885 0.599056
vt 0.767522 0.598689
vt 0.767809 0.598529
vt 0.748257 0.556288
vt 0.693451 0.651849
vt 0.689197 0.658142
vt 0.689137 0.650577
vt 0.758965 0.593806
vt 0.759149 0.594031
vt 0.758935 0.594105
vt 0.701366 0.639404
vt 0.677031 0.640524
vt 0.677034 0.640674
vt 0.745111 0.639683
vt 0.745518 0.639674
vt 0.745734 0.639621
vt 0.745101 0.639350
vt 0.701456 0.556019
vt 0.701446 0.555969
vt 0.734144 0.639405
vt 0.734373 0.639328
vt 0.734159 0.639453
vt 0.677553 0.640750
vt 0.677616 0.640899
vt 0.756074 0.667320
vt 0.756564 0.638981
vt 0.756577 0.667363
vt 0.577909 0.883287
vt 0.578834 0.926519
vt 0.734870 0.639615
vt 0.734872 0.639267
vt 0.734939 0.639257
vt 0.734941 0.639035
vt 0.735560 0.596054
vt 0.735588 0.596086
vt 0.735567 0.596086
vt 0.775181 0.627307
vt 0.775149 0.627342
vt 0.775150 0.627308
vt 0.701171 0.599148
vt 0.701064 0.639183
vt 0.682504 0.665409
vt 0.734217 0.598615
vt 0.734373 0.598937
vt 0.747892 0.556127
vt 0.747642 0.556289
vt 0.747567 0.556017
vt 0.771172 0.583152
vt 0.771255 0.582702
vt 0.771244 0.583142
vt 0.769593 0.635799
vt 0.769660 0.635777
vt 0.769680 0.635808
vt 0.736899 0.594079
vt 0.736838 0.594403
vt 0.677970 0.664158
vt 0.677878 0.664511
vt 0.753086 0.556741
vt 0.753109 0.556415
vt 0.758553 0.556437
vt 0.770565 0.585236
vt 0.770598 0.585275
vt 0.770565 0.585267
vt 0.772639 0.584749
vt 0.700775 0.633797
vt 0.700714 0.633762
vt 0.700801 0.633771
vt 0.752895 0.556395
vt 0.772747 0.582886
vt 0.734312 0.557126
vt 0.734372 0.557580
vt 0.735175 0.597140
vt 0.735102 0.597681
vt 0.733779 0.598503
vt 0.734236 0.598566
vt 0.734516 0.598790
vt 0.667286 0.597267
vt 0.667251 0.596812
vt 0.701003 0.557250
vt 0.701139 0.639511
vt 0.701319 0.639648
vt 0.701309 0.639697
vt 0.700143 0.557122
vt 0.700257 0.557576
vt 0.700208 0.557579
vt 0.734556 0.598752
vt 0.677426 0.641124
vt 0.677643 0.641098
vt 0.682547 0.664244
vt 0.682109 0.639782
vt 0.667264 0.598373
vt 0.667254 0.598423
vt 0.701319 0.598613
vt 0.701139 0.598751
vt 0.733779 0.639710
vt 0.733768 0.639507
vt 0.747571 0.594480
vt 0.747153 0.594738
vt 0.747206 0.594501
vt 0.757853 0.600002
vt 0.757786 0.599970
vt 0.685886 0.640803
vt 0.685943 0.640682
vt 0.685913 0.640804
vt 0.752872 0.556733
vt 0.752717 0.556364
vt 0.693663 0.658903
vt 0.693754 0.653550
vt 0.753086 0.593775
vt 0.752895 0.594065
vt 0.752872 0.593757
vt 0.739684 0.638795
vt 0.739469 0.638827
vt 0.739799 0.639184
vt 0.739723 0.639555
vt 0.739721 0.638981
vt 0.735198 0.598105
vt 0.735175 0.596105
vt 0.735199 0.596102
vt 0.771553 0.635760
vt 0.739495 0.639620
vt 0.730491 0.721066
vt 0.729898 0.721258
vt 0.729897 0.721067
vt 0.752717 0.594023
vt 0.735110 0.638609
vt 0.761356 0.638256
vt 0.771611 0.627270
vt 0.771594 0.627606
vt 0.749581 0.637329
vt 0.753862 0.638256
vt 0.747840 0.637315
vt 0.748312 0.593679
vt 0.748375 0.593997
vt 0.748314 0.593993
vt 0.760771 0.557024
vt 0.760717 0.556573
vt 0.760773 0.556575
vt 0.734888 0.638847
vt 0.766703 0.599971
vt 0.763365 0.600001
vt 0.763365 0.599971
vt 0.738008 0.638255
vt 0.701031 0.638757
vt 0.701142 0.638742
vt 0.047673 0.948799
vt 0.048699 0.948058
vt 0.048669 0.948860
vt 0.771201 0.583661
vt 0.771159 0.584202
vt 0.735113 0.598688
vt 0.751596 0.599044
vt 0.747570 0.599043
vt 0.683886 0.640663
vt 0.685878 0.640827
vt 0.756062 0.638929
vt 0.754122 0.640902
vt 0.759237 0.556565
vt 0.760730 0.594472
vt 0.760784 0.594080
vt 0.760786 0.594489
vt 0.735621 0.596072
vt 0.735603 0.596041
vt 0.770631 0.585250
vt 0.770786 0.585266
vt 0.770601 0.585269
vt 0.578104 0.722968
vt 0.577344 0.724000
vt 0.757189 0.665539
vt 0.757257 0.665182
vt 0.758965 0.556776
vt 0.759179 0.556737
vt 0.693854 0.658083
vt 0.699355 0.657326
vt 0.677839 0.664859
vt 0.677783 0.665194
vt 0.770565 0.555909
vt 0.770594 0.555891
vt 0.770598 0.555909
vt 0.666988 0.638941
vt 0.667215 0.638530
vt 0.019191 0.715999
vt 0.018467 0.758776
vt 0.018232 0.716005
vt 0.048898 0.901731
vt 0.047951 0.900753
vt 0.048967 0.900757
vt 0.750702 0.638795
vt 0.751830 0.666556
vt 0.750091 0.667173
vt 0.757317 0.665179
vt 0.739334 0.655079
vt 0.745111 0.668041
vt 0.739125 0.667892
vt 0.700942 0.598505
vt 0.700966 0.598595
vt 0.700942 0.598612
vt 0.684161 0.662668
vt 0.684197 0.662725
vt 0.752038 0.640889
vt 0.752075 0.640827
vt 0.736769 0.595509
vt 0.736822 0.595841
vt 0.683914 0.640484
vt 0.685905 0.640671
vt 0.670637 0.659249
vt 0.670569 0.659117
vt 0.670649 0.659165
vt 0.760816 0.593117
vt 0.764155 0.593148
vt 0.760794 0.593145
vt 0.754085 0.640916
vt 0.773337 0.599120
vt 0.773377 0.598832
vt 0.736460 0.596094
vt 0.736524 0.597579
vt 0.736460 0.597577
vt 0.737134 0.597577
vt 0.737193 0.596302
vt 0.737197 0.597582
vt 0.699227 0.640850
vt 0.699633 0.640849
vt 0.767460 0.666787
vt 0.769327 0.635793
vt 0.769293 0.635814
vt 0.769294 0.635784
vt 0.699606 0.598505
vt 0.773130 0.627649
vt 0.735357 0.598001
vt 0.771057 0.584664
vt 0.770993 0.584657
vt 0.735814 0.596094
vt 0.735877 0.598021
vt 0.735814 0.598020
vt 0.769654 0.635834
vt 0.769329 0.635770
vt 0.769297 0.635760
vt 0.768044 0.598765
vt 0.768070 0.599024
vt 0.737096 0.596228
vt 0.737096 0.594948
vt 0.771600 0.626578
vt 0.771657 0.626875
vt 0.745803 0.667310
vt 0.756081 0.667807
vt 0.734812 0.638281
vt 0.734812 0.599039
vt 0.736766 0.556291
vt 0.736822 0.555918
vt 0.736826 0.556301
vt 0.763318 0.637316
vt 0.761935 0.637316
vt 0.736886 0.637328
vt 0.735106 0.638258
vt 0.736850 0.637297
vt 0.749648 0.637298
vt 0.769300 0.660809
vt 0.751988 0.637329
vt 0.751922 0.637298
vt 0.019897 0.927689
vt 0.018797 0.885396
vt 0.019748 0.885374
vt 0.756070 0.667563
vt 0.761889 0.599970
vt 0.768194 0.593140
vt 0.768221 0.593117
vt 0.768221 0.593148
vt 0.769942 0.555893
vt 0.769915 0.555921
vt 0.769915 0.555890
vt 0.769823 0.598505
vt 0.769795 0.598533
vt 0.769795 0.598502
vt 0.771579 0.598505
vt 0.771551 0.598533
vt 0.771552 0.598502
vt 0.768186 0.555893
vt 0.768158 0.555921
vt 0.768158 0.555890
vt 0.700805 0.633723
vt 0.700780 0.633701
vt 0.700813 0.633698
vt 0.763297 0.600006
vt 0.763329 0.600016
vt 0.763314 0.600052
vt 0.756020 0.637295
vt 0.756055 0.637284
vt 0.756040 0.637248
vt 0.766754 0.637249
vt 0.749663 0.600051
vt 0.749618 0.600015
vt 0.749623 0.599980
vt 0.747886 0.637298
vt 0.747850 0.637284
vt 0.749581 0.637299
vt 0.749617 0.637284
vt 0.737135 0.596240
vt 0.737098 0.596264
vt 0.737103 0.596230
vt 0.737224 0.594920
vt 0.737194 0.594921
vt 0.735816 0.596039
vt 0.735782 0.596060
vt 0.735783 0.596030
vt 0.769727 0.635799
vt 0.769692 0.635831
vt 0.769694 0.635796
vt 0.770066 0.591108
vt 0.770041 0.591086
vt 0.770074 0.591083
vt 0.700554 0.598531
vt 0.769814 0.635808
vt 0.769794 0.635777
vt 0.769826 0.635787
vt 0.700846 0.598566
vt 0.700813 0.598531
vt 0.700846 0.598535
vt 0.700550 0.598542
vt 0.700521 0.598535
vt 0.769597 0.635770
vt 0.769560 0.635796
vt 0.769565 0.635760
vt 0.700685 0.598505
vt 0.700716 0.598535
vt 0.700684 0.598531
vt 0.700426 0.598505
vt 0.700425 0.598531
vt 0.734340 0.598974
vt 0.734509 0.599152
vt 0.700712 0.633790
vt 0.700681 0.633759
vt 0.736721 0.596068
vt 0.736686 0.596101
vt 0.736688 0.596064
vt 0.764189 0.593145
vt 0.766436 0.555893
vt 0.766463 0.555921
vt 0.766433 0.555920
vt 0.736591 0.596068
vt 0.736556 0.596101
vt 0.700555 0.598505
vt 0.736684 0.596073
vt 0.736653 0.596103
vt 0.736654 0.596073
vt 0.736725 0.596040
vt 0.736693 0.596030
vt 0.736788 0.596045
vt 0.736820 0.596056
vt 0.769558 0.635831
vt 0.700809 0.598542
vt 0.700781 0.598515
vt 0.700813 0.598525
vt 0.700716 0.598566
vt 0.735565 0.598031
vt 0.735537 0.598000
vt 0.735572 0.598000
vt 0.757836 0.637315
vt 0.757822 0.637284
vt 0.753730 0.637316
vt 0.753684 0.637299
vt 0.757786 0.600001
vt 0.757822 0.600016
vt 0.766703 0.600001
vt 0.766770 0.600002
vt 0.766739 0.600016
vt 0.760147 0.599984
vt 0.760193 0.600001
vt 0.760157 0.600016
vt 0.747805 0.637248
vt 0.736845 0.600003
vt 0.736886 0.600000
vt 0.736866 0.600015
vt 0.736861 0.637250
vt 0.736868 0.637281
vt 0.290142 0.896931
vt 0.291143 0.899882
vt 0.290144 0.899892
vt 0.768100 0.598502
vt 0.729216 0.617723
vt 0.728622 0.617532
vt 0.729213 0.617532
vt 0.736784 0.596073
vt 0.739155 0.600004
vt 0.700909 0.598567
vt 0.736590 0.596097
vt 0.735246 0.594470
vt 0.735186 0.594472
vt 0.737198 0.594893
vt 0.736073 0.596094
vt 0.736136 0.597579
vt 0.736073 0.597577
vt 0.770041 0.555952
vt 0.770042 0.555900
vt 0.770065 0.555922
vt 0.737131 0.596268
vt 0.770107 0.555920
vt 0.770170 0.555952
vt 0.770106 0.555952
vt 0.736658 0.596045
vt 0.770171 0.555900
vt 0.770194 0.555922
vt 0.737059 0.594950
vt 0.700522 0.598515
vt 0.736653 0.597382
vt 0.736686 0.596099
vt 0.736686 0.597378
vt 0.736932 0.594888
vt 0.736955 0.594914
vt 0.736930 0.594944
vt 0.735240 0.556788
vt 0.735180 0.556792
vt 0.751988 0.637299
vt 0.751953 0.637284
vt 0.701551 0.639709
vt 0.701549 0.639760
vt 0.735332 0.598096
vt 0.735317 0.596061
vt 0.688136 0.613151
vt 0.688130 0.613238
vt 0.688037 0.613218
vt 0.773377 0.598502
vt 0.773319 0.598825
vt 0.700641 0.633797
vt 0.700580 0.633762
vt 0.700667 0.633771
vt 0.701064 0.599079
vt 0.701003 0.599501
vt 0.701037 0.599062
vt 0.701446 0.598423
vt 0.701456 0.598373
vt 0.747886 0.599970
vt 0.739129 0.637319
vt 0.739087 0.637298
vt 0.739123 0.637283
vt 0.761924 0.637284
vt 0.761939 0.637248
vt 0.700814 0.598505
vt 0.700552 0.633723
vt 0.700547 0.633759
vt 0.734846 0.598140
vt 0.700679 0.598542
vt 0.700651 0.598515
vt 0.700683 0.598525
vt 0.769731 0.635770
vt 0.769699 0.635760
vt 0.737135 0.594888
vt 0.737098 0.594912
vt 0.737103 0.594877
vt 0.700650 0.598535
vt 0.289340 0.900720
vt 0.768100 0.635729
vt 0.769795 0.635760
vt 0.768078 0.635757
vt 0.737096 0.597466
vt 0.737089 0.594927
vt 0.735877 0.596096
vt 0.735814 0.596064
vt 0.735902 0.596066
vt 0.736963 0.597859
vt 0.736930 0.597863
vt 0.735879 0.596041
vt 0.769788 0.635834
vt 0.682633 0.665070
vt 0.737000 0.597465
vt 0.737063 0.597470
vt 0.756041 0.599985
vt 0.736332 0.596064
vt 0.736397 0.596041
vt 0.736419 0.596066
vt 0.769692 0.635787
vt 0.736331 0.597577
vt 0.736394 0.596096
vt 0.736394 0.597579
vt 0.677163 0.667451
vt 0.573006 0.758195
vt 0.572634 0.757719
vt 0.573323 0.757549
vt 0.737096 0.596301
vt 0.737100 0.597580
vt 0.735593 0.598000
vt 0.735583 0.598035
vt 0.699829 0.640658
vt 0.699857 0.640792
vt 0.573074 0.712931
vt 0.572595 0.756718
vt 0.572360 0.713946
vt 0.677565 0.667466
vt 0.683862 0.640639
vt 0.683853 0.640653
vt 0.735332 0.598124
vt 0.735357 0.598092
vt 0.735350 0.598127
vt 0.685964 0.640659
vt 0.685963 0.640696
vt 0.735206 0.598144
vt 0.735181 0.598163
vt 0.685947 0.640716
vt 0.770762 0.585250
vt 0.770795 0.585250
vt 0.737060 0.594920
vt 0.771641 0.627986
vt 0.701003 0.597146
vt 0.700867 0.597681
vt 0.700947 0.597141
vt 0.700933 0.633723
vt 0.700909 0.633701
vt 0.700942 0.633698
vt 0.769829 0.598505
vt 0.769856 0.598533
vt 0.769826 0.598533
vt 0.770235 0.585238
vt 0.770202 0.585277
vt 0.770202 0.585238
vt 0.770391 0.585267
vt 0.770367 0.585238
vt 0.770400 0.585238
vt 0.770396 0.555895
vt 0.770367 0.555911
vt 0.770372 0.555892
vt 0.760789 0.555893
vt 0.760816 0.555921
vt 0.760786 0.555920
vt 0.686209 0.662838
vt 0.686230 0.662870
vt 0.686192 0.662866
vt 0.020174 0.823353
vt 0.019588 0.821369
vt 0.021913 0.822680
vt 0.683855 0.640523
vt 0.683838 0.640492
vt 0.529981 0.945249
vt 0.530889 0.901749
vt 0.530879 0.946293
vt 0.772804 0.583307
vt 0.772812 0.582890
vt 0.735745 0.596071
vt 0.735624 0.597986
vt 0.770235 0.585269
vt 0.739365 0.646429
vt 0.739612 0.644959
vt 0.739567 0.648834
vt 0.735413 0.598001
vt 0.735605 0.598018
vt 0.736556 0.596092
vt 0.736556 0.597574
vt 0.685999 0.640691
vt 0.688048 0.640269
vt 0.758562 0.593826
vt 0.737193 0.596230
vt 0.667019 0.598537
vt 0.666988 0.598854
vt 0.748002 0.556381
vt 0.748251 0.556764
vt 0.748039 0.556705
vt 0.757056 0.667834
vt 0.756872 0.668011
vt 0.700079 0.598854
vt 0.700143 0.597273
vt 0.700257 0.596819
vt 0.700011 0.598537
vt 0.699663 0.598505
vt 0.734758 0.599506
vt 0.761889 0.600001
vt 0.761924 0.600016
vt 0.756457 0.667816
vt 0.756928 0.667474
vt 0.728440 0.617346
vt 0.728337 0.617438
vt 0.728326 0.617296
vt 0.688908 0.665821
vt 0.688541 0.666189
vt 0.688558 0.665870
vt 0.747176 0.556652
vt 0.747158 0.556243
vt 0.747679 0.556667
vt 0.747190 0.555979
vt 0.728612 0.617367
vt 0.758881 0.556244
vt 0.288046 0.946222
vt 0.287029 0.903509
vt 0.288029 0.903499
vt 0.700392 0.598918
vt 0.700113 0.599267
vt 0.730686 0.721272
vt 0.730494 0.721430
vt 0.730492 0.721258
vt 0.770005 0.636255
vt 0.677852 0.639432
vt 0.734928 0.638581
vt 0.734912 0.638252
vt 0.734956 0.638767
vt 0.699951 0.640525
vt 0.767857 0.638583
vt 0.767987 0.638711
vt 0.758559 0.556785
vt 0.701196 0.598149
vt 0.748388 0.555910
vt 0.748322 0.555905
vt 0.758549 0.594144
vt 0.747683 0.593752
vt 0.748043 0.593789
vt 0.745117 0.638949
vt 0.745137 0.639132
vt 0.758942 0.556101
vt 0.699314 0.640104
vt 0.699254 0.640355
vt 0.699246 0.640522
vt 0.735910 0.596092
vt 0.735910 0.598017
vt 0.694136 0.665152
vt 0.694070 0.664892
vt 0.701443 0.596813
vt 0.728612 0.721649
vt 0.729213 0.721484
vt 0.729362 0.721645
vt 0.735175 0.595827
vt 0.735105 0.599040
vt 0.767957 0.666188
vt 0.768289 0.666365
vt 0.677727 0.640801
vt 0.677631 0.640647
vt 0.701560 0.639506
vt 0.736031 0.596064
vt 0.735943 0.596076
vt 0.735915 0.596056
vt 0.736767 0.556801
vt 0.736827 0.556806
vt 0.689038 0.639544
vt 0.689073 0.639719
vt 0.757116 0.666630
vt 0.757056 0.666625
vt 0.700780 0.598567
vt 0.736834 0.555903
vt 0.736895 0.556156
vt 0.736836 0.556163
vt 0.689195 0.664609
vt 0.689243 0.664360
vt 0.689253 0.664605
vt 0.748260 0.556062
vt 0.773246 0.626618
vt 0.736896 0.594413
vt 0.736834 0.594635
vt 0.734812 0.638762
vt 0.289693 0.895133
vt 0.289212 0.895987
vt 0.288825 0.895164
vt 0.700921 0.597701
vt 0.748183 0.594243
vt 0.733779 0.639761
vt 0.734217 0.639649
vt 0.733765 0.639457
vt 0.667554 0.555890
vt 0.701747 0.555890
vt 0.666853 0.556701
vt 0.701037 0.639200
vt 0.761853 0.665509
vt 0.701003 0.638761
vt 0.670657 0.613154
vt 0.670586 0.613285
vt 0.670498 0.613259
vt 0.688659 0.664852
vt 0.688995 0.665005
vt 0.761526 0.666269
vt 0.737064 0.594893
vt 0.737096 0.594903
vt 0.699714 0.640151
vt 0.288891 0.946195
vt 0.288852 0.902454
vt 0.734956 0.598528
vt 0.735097 0.598502
vt 0.752771 0.556146
vt 0.752853 0.555986
vt 0.735532 0.596086
vt 0.699670 0.638529
vt 0.289076 0.902642
vt 0.289836 0.946139
vt 0.289018 0.947189
vt 0.764155 0.555921
vt 0.760816 0.555890
vt 0.764155 0.555890
vt 0.728666 0.617517
vt 0.728519 0.617654
vt 0.728514 0.617454
vt 0.700921 0.556694
vt 0.693275 0.640378
vt 0.245918 0.899991
vt 0.246002 0.900962
vt 0.734812 0.639633
vt 0.734871 0.648330
vt 0.734813 0.649122
vt 0.701562 0.639455
vt 0.290051 0.895960
vt 0.289297 0.896958
vt 0.769394 0.635800
vt 0.667251 0.557580
vt 0.767884 0.638254
vt 0.768043 0.638533
vt 0.693941 0.665104
vt 0.770235 0.555911
vt 0.770202 0.555890
vt 0.770235 0.555894
vt 0.758565 0.556059
vt 0.758587 0.556224
vt 0.667217 0.599267
vt 0.666973 0.599267
vt 0.772530 0.556078
vt 0.772567 0.556076
vt 0.677072 0.640349
vt 0.677417 0.640586
vt 0.774769 0.599722
vt 0.774824 0.599737
vt 0.772874 0.555890
vt 0.772823 0.556075
vt 0.772812 0.555899
vt 0.763283 0.637249
vt 0.773237 0.627272
vt 0.736040 0.596048
vt 0.245082 0.897063
vt 0.736265 0.596096
vt 0.736298 0.597574
vt 0.736265 0.597579
vt 0.736590 0.597377
vt 0.745518 0.668023
vt 0.735748 0.597985
vt 0.773039 0.580262
vt 0.772978 0.580264
vt 0.682417 0.665740
vt 0.666872 0.639802
vt 0.666811 0.640060
vt 0.734871 0.667785
vt 0.728275 0.721546
vt 0.728086 0.721387
vt 0.728300 0.721398
vt 0.734815 0.639274
vt 0.747163 0.594877
vt 0.244075 0.896117
vt 0.288821 0.947127
vt 0.693885 0.664835
vt 0.666920 0.639307
vt 0.666864 0.639290
vt 0.736773 0.595021
vt 0.736829 0.595500
vt 0.739288 0.638913
vt 0.729739 0.721426
vt 0.772883 0.582230
vt 0.772812 0.582203
vt 0.760193 0.637330
vt 0.736427 0.597574
vt 0.735408 0.596087
vt 0.761888 0.637299
vt 0.760193 0.637299
vt 0.017363 0.714996
vt 0.748256 0.593848
vt 0.768186 0.593144
vt 0.768158 0.593117
vt 0.768189 0.593117
vt 0.768073 0.598505
vt 0.768100 0.598533
vt 0.768070 0.598533
vt 0.766430 0.555893
vt 0.766402 0.555921
vt 0.766402 0.555890
vt 0.768192 0.555893
vt 0.768219 0.555921
vt 0.768189 0.555920
vt 0.734340 0.639291
vt 0.700780 0.598535
vt 0.749632 0.637248
vt 0.760112 0.600052
vt 0.760143 0.600052
vt 0.756040 0.600051
vt 0.756055 0.600016
vt 0.757837 0.637248
vt 0.739168 0.637247
vt 0.739138 0.637247
vt 0.751908 0.600051
vt 0.751953 0.600015
vt 0.751938 0.600051
vt 0.760127 0.637298
vt 0.760157 0.637284
vt 0.736041 0.596060
vt 0.736074 0.596063
vt 0.736170 0.596060
vt 0.736203 0.596064
vt 0.736678 0.597396
vt 0.735593 0.596073
vt 0.736333 0.596039
vt 0.736299 0.596060
vt 0.736301 0.596030
vt 0.769545 0.635808
vt 0.769526 0.635777
vt 0.769558 0.635787
vt 0.736204 0.596039
vt 0.736172 0.596030
vt 0.736331 0.596094
vt 0.736812 0.597396
vt 0.736786 0.597382
vt 0.736869 0.594887
vt 0.736836 0.594877
vt 0.769463 0.635770
vt 0.769426 0.635796
vt 0.769431 0.635760
vt 0.700781 0.633740
vt 0.700813 0.633750
vt 0.764182 0.555893
vt 0.770075 0.555890
vt 0.770074 0.555916
vt 0.699141 0.597860
vt 0.700554 0.598525
vt 0.736043 0.596030
vt 0.737001 0.594887
vt 0.736969 0.594877
vt 0.700647 0.633740
vt 0.700679 0.633750
vt 0.700578 0.633790
vt 0.700718 0.633733
vt 0.700686 0.633723
vt 0.700546 0.633723
vt 0.700521 0.633701
vt 0.700554 0.633698
vt 0.753684 0.600001
vt 0.753720 0.600015
vt 0.756091 0.600001
vt 0.736886 0.637298
vt 0.739088 0.599969
vt 0.739123 0.600015
vt 0.739087 0.600000
vt 0.757837 0.600052
vt 0.749582 0.600000
vt 0.736858 0.600050
vt 0.728625 0.721293
vt 0.729216 0.721293
vt 0.769916 0.593148
vt 0.047692 0.947113
vt 0.048689 0.904393
vt 0.048707 0.947115
vt 0.736886 0.599969
vt 0.571435 0.713948
vt 0.736526 0.596041
vt 0.736548 0.596066
vt 0.736524 0.596096
vt 0.736138 0.596041
vt 0.736161 0.596066
vt 0.769459 0.635799
vt 0.736290 0.596066
vt 0.737226 0.596298
vt 0.737230 0.597578
vt 0.769520 0.635834
vt 0.736896 0.556563
vt 0.736837 0.556567
vt 0.736040 0.596099
vt 0.736774 0.594483
vt 0.736832 0.595019
vt 0.737130 0.596297
vt 0.244081 0.900033
vt 0.244084 0.897074
vt 0.689083 0.639290
vt 0.689096 0.639551
vt 0.736298 0.597581
vt 0.736298 0.596099
vt 0.735596 0.597987
vt 0.736136 0.596096
vt 0.736169 0.597574
vt 0.771504 0.637041
vt 0.735910 0.597741
vt 0.735910 0.596080
vt 0.736268 0.596041
vt 0.047090 0.896966
vt 0.047954 0.897794
vt 0.683858 0.640620
vt 0.682236 0.664937
vt 0.759180 0.556561
vt 0.770194 0.591108
vt 0.770170 0.591086
vt 0.770202 0.591083
vt 0.667554 0.598502
vt 0.766436 0.593140
vt 0.766463 0.593117
vt 0.766463 0.593148
vt 0.763328 0.637284
vt 0.763364 0.637299
vt 0.753735 0.600051
vt 0.735781 0.596099
vt 0.737088 0.597484
vt 0.769946 0.555890
vt 0.769457 0.635827
vt 0.700910 0.598515
vt 0.700933 0.598537
vt 0.736719 0.596097
vt 0.688023 0.640126
vt 0.701170 0.638739
vt 0.747168 0.594168
vt 0.289875 0.903438
vt 0.290833 0.946128
vt 0.750407 0.638871
vt 0.764201 0.555921
vt 0.754007 0.666584
vt 0.753971 0.666618
vt 0.770433 0.585236
vt 0.770409 0.585266
vt 0.666811 0.557250
vt 0.048970 0.897797
vt 0.736556 0.597380
vt 0.677474 0.640421
vt 0.730686 0.617514
vt 0.730494 0.617373
vt 0.730688 0.617357
vt 0.577757 0.882252
vt 0.578313 0.881666
vt 0.578715 0.882353
vt 0.769418 0.635803
vt 0.769391 0.635777
vt 0.769423 0.635787
vt 0.773206 0.627270
vt 0.773236 0.627306
vt 0.773202 0.627300
vt 0.667019 0.639259
vt 0.667815 0.556535
vt 0.770795 0.555929
vt 0.733887 0.555891
vt 0.701003 0.557249
vt 0.764183 0.593144
vt 0.764155 0.593117
vt 0.764185 0.593117
vt 0.770631 0.555929
vt 0.770598 0.555890
vt 0.770631 0.555898
vt 0.018364 0.714954
vt 0.017692 0.714242
vt 0.018726 0.714228
vt 0.769823 0.635756
vt 0.769795 0.635729
vt 0.769826 0.635729
vt 0.752073 0.640895
vt 0.752090 0.640862
vt 0.668977 0.660794
vt 0.668842 0.660870
vt 0.668834 0.660752
vt 0.754102 0.640951
vt 0.735357 0.596092
vt 0.735335 0.596066
vt 0.748256 0.593682
vt 0.748257 0.593999
vt 0.682026 0.665592
vt 0.682205 0.665691
vt 0.770762 0.555929
vt 0.770786 0.555899
vt 0.770428 0.555890
vt 0.745747 0.667074
vt 0.753765 0.600051
vt 0.756010 0.600051
vt 0.748375 0.556296
vt 0.736967 0.597468
vt 0.736963 0.594948
vt 0.486427 0.896198
vt 0.487444 0.899161
vt 0.486428 0.899159
vt 0.734517 0.638740
vt 0.528964 0.945245
vt 0.530019 0.902548
vt 0.689936 0.611899
vt 0.688427 0.659088
vt 0.688420 0.613259
vt 0.668963 0.660710
vt 0.670603 0.659337
vt 0.668846 0.660506
vt 0.670359 0.613309
vt 0.670352 0.659132
vt 0.689819 0.611695
vt 0.688187 0.613072
vt 0.048961 0.896841
vt 0.047894 0.896789
vt 0.048583 0.949804
vt 0.047636 0.950818
vt 0.047632 0.948106
vt 0.018950 0.884364
vt 0.047674 0.904390
vt 0.688302 0.613260
vt 0.688361 0.613405
vt 0.571658 0.757672
vt 0.233248 0.751215
vt 0.232642 0.751788
vt 0.232610 0.751191
vt 0.729403 0.617723
vt 0.566109 0.948804
vt 0.565154 0.947798
vt 0.576154 0.821197
vt 0.574415 0.820542
vt 0.689814 0.660796
vt 0.668788 0.660658
vt 0.668806 0.611746
vt 0.668968 0.611609
vt 0.689805 0.611610
vt 0.767469 0.666091
vt 0.737226 0.594946
vt 0.737226 0.596226
vt 0.736723 0.597376
vt 0.728502 0.617468
vt 0.728326 0.617638
vt 0.017581 0.758786
vt 0.018408 0.759778
vt 0.017639 0.759723
vt 0.729698 0.617525
vt 0.729739 0.617379
vt 0.729898 0.617533
vt 0.577688 0.819044
vt 0.577222 0.820663
vt 0.576732 0.819202
vt 0.287868 0.902444
vt 0.288402 0.901679
vt 0.578575 0.820567
vt 0.572190 0.712894
vt 0.572628 0.712181
vt 0.290002 0.947190
vt 0.289472 0.947968
vt 0.735370 0.598079
vt 0.018789 0.824709
vt 0.730845 0.721126
vt 0.730846 0.721329
vt 0.488350 0.896220
vt 0.487443 0.896200
vt 0.730845 0.617642
vt 0.730685 0.617703
vt 0.290734 0.895118
vt 0.291055 0.895948
vt 0.728666 0.721500
vt 0.728847 0.721649
vt 0.670431 0.659052
vt 0.670511 0.659175
vt 0.566887 0.947862
vt 0.017463 0.725062
vt 0.018231 0.726087
vt 0.017404 0.726058
vt 0.730492 0.617532
vt 0.729897 0.617721
vt 0.046793 0.903351
vt 0.046795 0.947942
vt 0.017852 0.760257
vt 0.018528 0.760511
vt 0.047723 0.948932
vt 0.578112 0.964109
vt 0.577280 0.963290
vt 0.578280 0.963331
vt 0.578750 0.963779
vt 0.579008 0.963098
vt 0.770404 0.555893
vt 0.770433 0.555909
vt 0.770400 0.555910
vt 0.670519 0.659042
vt 0.670498 0.658955
vt 0.730685 0.721078
vt 0.670742 0.659185
vt 0.688210 0.613285
vt 0.700294 0.598632
vt 0.728670 0.617708
vt 0.728857 0.617532
vt 0.728860 0.617723
vt 0.767987 0.598587
vt 0.578583 0.927174
vt 0.577919 0.927420
vt 0.232651 0.750071
vt 0.233245 0.750509
vt 0.232607 0.750486
vt 0.728403 0.721493
vt 0.728460 0.721365
vt 0.729410 0.721493
vt 0.728124 0.617447
vt 0.728126 0.617283
vt 0.290099 0.900897
vt 0.289647 0.901399
vt 0.728289 0.721197
vt 0.017363 0.698413
vt 0.018136 0.699416
vt 0.017305 0.699409
vt 0.700947 0.557253
vt 0.019178 0.725077
vt 0.018178 0.725020
vt 0.019069 0.965419
vt 0.018602 0.965870
vt 0.018311 0.965189
vt 0.287039 0.947175
vt 0.288092 0.947215
vt 0.729707 0.721069
vt 0.729698 0.721270
vt 0.729607 0.721373
vt 0.018946 0.927711
vt 0.019900 0.928648
vt 0.018901 0.928718
vt 0.529014 0.901602
vt 0.760778 0.556204
vt 0.735126 0.597137
vt 0.729707 0.617723
vt 0.018436 0.929287
vt 0.019102 0.929492
vt 0.576389 0.722996
vt 0.047092 0.948542
vt 0.668708 0.660742
vt 0.668750 0.660831
vt 0.735218 0.598165
vt 0.578126 0.821622
vt 0.529824 0.946305
vt 0.018611 0.821520
vt 0.017763 0.822752
vt 0.577129 0.822093
vt 0.774613 0.580470
vt 0.668852 0.611652
vt 0.668726 0.611659
vt 0.668767 0.611572
vt 0.668859 0.611533
vt 0.684194 0.662678
vt 0.684212 0.662709
vt 0.688194 0.659117
vt 0.728847 0.617367
vt 0.729403 0.721293
vt 0.291142 0.896922
vt 0.245531 0.901824
vt 0.246392 0.901788
vt 0.688114 0.659165
vt 0.688068 0.659259
vt 0.688021 0.659185
vt 0.530480 0.947074
vt 0.529393 0.947043
vt 0.245079 0.900022
vt 0.488424 0.895249
vt 0.488765 0.894423
vt 0.728857 0.721484
vt 0.728670 0.721308
vt 0.728860 0.721293
vt 0.730846 0.617446
vt 0.730848 0.617283
vt 0.730491 0.617720
vt 0.728655 0.617352
vt 0.728502 0.617283
vt 0.047873 0.901726
vt 0.048645 0.902567
vt 0.047572 0.902558
vt 0.046964 0.901700
vt 0.046627 0.902529
vt 0.670666 0.613238
vt 0.670759 0.613218
vt 0.688223 0.659203
vt 0.486497 0.895224
vt 0.047039 0.900729
vt 0.728519 0.721363
vt 0.730688 0.721443
vt 0.730848 0.721507
vt 0.688261 0.613361
vt 0.688282 0.613448
vt 0.578227 0.962279
vt 0.047929 0.896050
vt 0.047346 0.896284
vt 0.688043 0.666196
vt 0.288544 0.947647
vt 0.287861 0.947951
vt 0.488044 0.900664
vt 0.488304 0.899984
vt 0.747182 0.593735
vt 0.729488 0.721587
vt 0.291151 0.900838
vt 0.019115 0.964367
vt 0.020069 0.965370
vt 0.757222 0.665889
vt 0.017708 0.724480
vt 0.018372 0.724180
vt 0.019136 0.966147
vt 0.020072 0.966214
vt 0.232314 0.750229
vt 0.232137 0.750604
vt 0.019414 0.759723
vt 0.571596 0.758505
vt 0.572514 0.758440
vt 0.729607 0.617440
vt 0.747886 0.600000
vt 0.689920 0.660870
vt 0.689937 0.611533
vt 0.768158 0.593148
vt 0.576958 0.883272
vt 0.577107 0.925587
vt 0.017994 0.884467
vt 0.736690 0.597380
vt 0.756916 0.639076
vt 0.729550 0.617556
vt 0.770106 0.591086
vt 0.769461 0.660822
vt 0.769524 0.660829
vt 0.769423 0.660820
vt 0.769945 0.555955
vt 0.773116 0.628398
vt 0.766405 0.593117
vt 0.287386 0.901721
vt 0.571695 0.712177
vt 0.748033 0.594640
vt 0.734813 0.667792
vt 0.244961 0.895301
vt 0.771526 0.663390
vt 0.771448 0.637029
vt 0.771581 0.635752
vt 0.771553 0.635729
vt 0.735235 0.555890
vt 0.739402 0.639297
vt 0.771582 0.598547
vt 0.771645 0.598526
vt 0.701443 0.557580
vt 0.290260 0.901650
vt 0.745718 0.639047
vt 0.671137 0.639741
vt 0.688542 0.640355
vt 0.774401 0.556189
vt 0.689186 0.664357
vt 0.700809 0.633793
vt 0.700782 0.658791
vt 0.772579 0.584761
vt 0.773170 0.598502
vt 0.769827 0.635729
vt 0.770065 0.663236
vt 0.770006 0.663238
vt 0.770828 0.585250
vt 0.486468 0.900963
vt 0.769987 0.636875
vt 0.774956 0.623712
vt 0.771582 0.635925
vt 0.734826 0.638532
vt 0.759194 0.555890
vt 0.753234 0.556031
vt 0.290872 0.903427
vt 0.529003 0.902544
vt 0.773366 0.623251
vt 0.768070 0.635729
vt 0.699663 0.639290
vt 0.768185 0.667435
vt 0.733398 0.556534
vt 0.682401 0.664594
vt 0.736834 0.597866
vt 0.677898 0.665232
vt 0.736169 0.597581
vt 0.700050 0.665280
vt 0.677783 0.641043
vt 0.767533 0.598504
vt 0.759179 0.593796
vt 0.700555 0.633704
vt 0.700554 0.598570
vt 0.752695 0.593717
vt 0.748373 0.593683
vt 0.734949 0.638838
vt 0.745910 0.686893
vt 0.710049 0.592125
vt 0.745944 0.592125
vt 0.735578 0.596051
vt 0.772885 0.556067
vt 0.775185 0.627337
vt 0.771181 0.582719
vt 0.770598 0.585236
vt 0.770795 0.585250
vt 0.752695 0.556699
vt 0.748373 0.556644
vt 0.770598 0.555929
vt 0.770598 0.585250
vt 0.753109 0.594074
vt 0.700717 0.633701
vt 0.760716 0.557016
vt 0.726459 0.598554
vt 0.745734 0.667987
vt 0.727279 0.639710
vt 0.760728 0.594068
vt 0.722911 0.598807
vt 0.578170 0.723964
vt 0.757197 0.665196
vt 0.768070 0.638258
vt 0.666973 0.638529
vt 0.019426 0.758771
vt 0.761494 0.639139
vt 0.757056 0.638815
vt 0.757115 0.638798
vt 0.745947 0.591801
vt 0.710049 0.591951
vt 0.709882 0.591808
vt 0.775278 0.652976
vt 0.775243 0.652980
vt 0.666950 0.666410
vt 0.290882 0.902485
vt 0.769978 0.591086
vt 0.767327 0.639709
vt 0.769591 0.635827
vt 0.769558 0.660825
vt 0.769553 0.635830
vt 0.729546 0.721464
vt 0.686153 0.662893
vt 0.773236 0.652948
vt 0.737130 0.596224
vt 0.770074 0.555949
vt 0.677783 0.667466
vt 0.736762 0.555903
vt 0.770202 0.555949
vt 0.769945 0.555920
vt 0.769944 0.593140
vt 0.769916 0.593117
vt 0.769826 0.598533
vt 0.771582 0.598533
vt 0.764186 0.555898
vt 0.764201 0.555890
vt 0.768189 0.555921
vt 0.749632 0.600051
vt 0.766754 0.600052
vt 0.769725 0.635827
vt 0.769821 0.635830
vt 0.700813 0.598569
vt 0.736298 0.596092
vt 0.700717 0.598515
vt 0.700458 0.598515
vt 0.700679 0.633794
vt 0.764185 0.593124
vt 0.700424 0.598570
vt 0.766463 0.555890
vt 0.700588 0.598515
vt 0.736427 0.596092
vt 0.700683 0.598569
vt 0.739138 0.600051
vt 0.747835 0.637248
vt 0.700684 0.633704
vt 0.728625 0.617723
vt 0.700425 0.633704
vt 0.736892 0.555890
vt 0.769979 0.555900
vt 0.736427 0.597581
vt 0.770107 0.555900
vt 0.700846 0.633701
vt 0.048925 0.895988
vt 0.773435 0.598513
vt 0.701747 0.598502
vt 0.766433 0.593140
vt 0.761939 0.600052
vt 0.700847 0.598515
vt 0.700584 0.633733
vt 0.688878 0.640495
vt 0.736963 0.594939
vt 0.745806 0.667067
vt 0.760786 0.593117
vt 0.684225 0.662818
vt 0.686124 0.662969
vt 0.769856 0.598502
vt 0.770400 0.555911
vt 0.700942 0.598564
vt 0.577277 0.962291
vt 0.576393 0.724012
vt 0.769792 0.660829
vt 0.769945 0.591089
vt 0.774389 0.556012
vt 0.700585 0.658785
vt 0.700648 0.658791
vt 0.667198 0.598505
vt 0.666811 0.598918
vt 0.700209 0.596810
vt 0.688900 0.666075
vt 0.287047 0.946231
vt 0.019182 0.726092
vt 0.700424 0.599267
vt 0.693754 0.665017
vt 0.735106 0.638793
vt 0.759157 0.556168
vt 0.020065 0.964372
vt 0.728622 0.721484
vt 0.759179 0.557020
vt 0.748266 0.555890
vt 0.736892 0.594650
vt 0.770795 0.555929
vt 0.770993 0.555911
vt 0.774458 0.556206
vt 0.751849 0.666537
vt 0.689140 0.639301
vt 0.757867 0.637248
vt 0.770202 0.555911
vt 0.689319 0.664621
vt 0.735240 0.598151
vt 0.684192 0.662808
vt 0.735918 0.596030
vt 0.700587 0.633701
vt 0.761712 0.639138
vt 0.751938 0.637248
vt 0.710015 0.686893
vt 0.745911 0.687067
vt 0.710015 0.687067
vt 0.736834 0.594486
vt 0.700552 0.658789
vt 0.700545 0.633794
vt 0.767816 0.639807
vt 0.766433 0.555920
vt 0.768219 0.555890
vt 0.685915 0.640823
vt 0.764185 0.555921
vt 0.290920 0.901688
vt 0.736075 0.596039
vt 0.770400 0.585236
vt 0.760142 0.637248
vt 0.571670 0.756719
vt 0.769730 0.660822
vt 0.769696 0.660826
vt 0.751907 0.666575
vt 0.736040 0.597581
vt 0.773202 0.655863
vt 0.769658 0.660829
vt 0.769687 0.635830
vt 0.769692 0.660825
vt 0.736169 0.596092
vt 0.773145 0.655853
vt 0.700674 0.633793
vt 0.763314 0.637249
vt 0.770074 0.555955
vt 0.769423 0.635831
vt 0.735781 0.598024
vt 0.771671 0.655818
vt 0.771612 0.655825
vt 0.700458 0.633701
vt 0.745734 0.638889
vt 0.745794 0.638867
vt 0.770074 0.591089
vt 0.769428 0.660826
vt 0.768148 0.639983
vt 0.677681 0.640528
vt 0.577579 0.822531
vt 0.735350 0.596058
vt 0.700813 0.633704
vt 0.019083 0.698402
vt 0.019087 0.699415
vt 0.233248 0.751781
vt 0.536608 0.697402
vt 0.535659 0.697408
vt 0.535654 0.696396
vt 0.728086 0.721196
vt 0.290481 0.947921
vt 0.018386 0.883778
vt 0.729555 0.617559
vt 0.769826 0.660825
vt 0.577313 0.881598
vt 0.757176 0.638795
vt 0.761301 0.639200
vt 0.745945 0.591951
vt 0.710017 0.687220
vt 0.746083 0.687213
vt 0.233248 0.750030
vt 0.232139 0.751309
vt 0.729550 0.721242
vt 0.018155 0.928614
vt 0.735210 0.598201
vt 0.728123 0.617637
vt 0.558887 0.803381
vt 0.700686 0.658789
vt 0.769562 0.660826
vt 0.511616 0.711139
vt 0.486220 0.710559
vt 0.494917 0.708652
vt 0.548832 0.712207
vt 0.545830 0.712151
vt 0.545665 0.711797
vt 0.032751 0.858011
vt 0.031290 0.858286
vt 0.030394 0.857839
vt 0.035752 0.857993
vt 0.035112 0.857798
vt 0.019458 0.854266
vt 0.032344 0.857514
vt 0.018648 0.761175
vt 0.018611 0.760787
vt 0.572944 0.759119
vt 0.018523 0.762288
vt 0.019500 0.801391
vt 0.019295 0.764624
vt 0.572347 0.762571
vt 0.018866 0.805384
vt 0.573201 0.803106
vt 0.573157 0.803328
vt 0.577486 0.851876
vt 0.019458 0.853959
vt 0.018832 0.853761
vt 0.578109 0.851673
vt 0.018855 0.805161
vt 0.064027 0.857394
vt 0.577488 0.852182
vt 0.532636 0.712164
vt 0.525136 0.711982
vt 0.540235 0.711917
vt 0.048947 0.857908
vt 0.054004 0.857706
vt 0.527578 0.712341
vt 0.512785 0.712328
vt 0.506254 0.711852
vt 0.068798 0.857660
vt 0.081452 0.712036
vt 0.071425 0.707400
vt 0.502249 0.701402
vt 0.493643 0.705823
vt 0.536421 0.711306
vt 0.538955 0.710622
vt 0.510080 0.702714
vt 0.503917 0.700876
vt 0.511356 0.702737
vt 0.526076 0.707512
vt 0.526662 0.707479
vt 0.530622 0.709076
vt 0.578496 0.928045
vt 0.509648 0.928051
vt 0.547146 0.927751
vt 0.508305 0.928792
vt 0.578616 0.929175
vt 0.578518 0.927671
vt 0.577791 0.930652
vt 0.510411 0.927795
vt 0.487610 0.956871
vt 0.101095 0.957635
vt 0.497621 0.956237
vt 0.478157 0.957146
vt 0.110319 0.958267
vt 0.090220 0.956283
vt 0.019846 0.933214
vt 0.493264 0.957288
vt 0.509760 0.955114
vt 0.043514 0.858420
vt 0.038771 0.858447
vt 0.035917 0.858194
vt 0.566886 0.947410
vt 0.572581 0.947389
vt 0.569830 0.947673
vt 0.043008 0.859152
vt 0.038402 0.859157
vt 0.032936 0.859090
vt 0.033160 0.858383
vt 0.054908 0.858543
vt 0.054119 0.858659
vt 0.048639 0.858521
vt 0.053982 0.859319
vt 0.048268 0.859265
vt 0.537389 0.697044
vt 0.543398 0.697022
vt 0.542612 0.697151
vt 0.070200 0.858834
vt 0.070972 0.858964
vt 0.059868 0.858760
vt 0.065765 0.859535
vt 0.059823 0.859448
vt 0.503821 0.700630
vt 0.510583 0.702389
vt 0.077737 0.859736
vt 0.071708 0.859667
vt 0.077729 0.859065
vt 0.497807 0.699514
vt 0.497727 0.699785
vt 0.491793 0.698757
vt 0.490069 0.698767
vt 0.089759 0.859827
vt 0.083738 0.859815
vt 0.083741 0.859123
vt 0.089752 0.859155
vt 0.476327 0.697886
vt 0.485780 0.698281
vt 0.477420 0.698124
vt 0.101781 0.859838
vt 0.095762 0.859861
vt 0.095764 0.859168
vt 0.105216 0.859162
vt 0.461712 0.697774
vt 0.462292 0.697984
vt 0.117017 0.859675
vt 0.107786 0.859850
vt 0.119830 0.859120
vt 0.467908 0.859534
vt 0.129176 0.881197
vt 0.129101 0.860799
vt 0.578686 0.822957
vt 0.578939 0.822946
vt 0.579040 0.850604
vt 0.578787 0.850582
vt 0.578305 0.850607
vt 0.578203 0.822941
vt 0.577358 0.823167
vt 0.577461 0.849469
vt 0.575861 0.918828
vt 0.576052 0.946405
vt 0.575501 0.918811
vt 0.577016 0.918672
vt 0.577161 0.946477
vt 0.579260 0.919891
vt 0.579443 0.946189
vt 0.048348 0.881754
vt 0.043044 0.881725
vt 0.054056 0.881869
vt 0.038496 0.881647
vt 0.032921 0.880512
vt 0.071800 0.882159
vt 0.065838 0.882086
vt 0.077818 0.882283
vt 0.059918 0.881940
vt 0.095849 0.882352
vt 0.089840 0.882373
vt 0.101863 0.882385
vt 0.083825 0.882307
vt 0.116207 0.882350
vt 0.107872 0.882342
vt 0.031425 0.881624
vt 0.030404 0.880516
vt 0.019556 0.880557
vt 0.017857 0.761254
vt 0.017614 0.761242
vt 0.017760 0.760921
vt 0.017706 0.762620
vt 0.017540 0.762672
vt 0.564577 0.940453
vt 0.564524 0.940732
vt 0.563442 0.940524
vt 0.563091 0.940763
vt 0.564973 0.940453
vt 0.564850 0.940736
vt 0.487299 0.712361
vt 0.480975 0.711759
vt 0.094283 0.857565
vt 0.085344 0.713225
vt 0.079850 0.713869
vt 0.501733 0.856044
vt 0.079989 0.853319
vt 0.520648 0.851023
vt 0.518168 0.851618
vt 0.510040 0.851836
vt 0.019442 0.851646
vt 0.577490 0.850788
vt 0.546775 0.851694
vt 0.578484 0.927466
vt 0.578110 0.851378
vt 0.518541 0.927640
vt 0.564885 0.912081
vt 0.564669 0.912111
vt 0.564647 0.911937
vt 0.579128 0.927601
vt 0.579173 0.927812
vt 0.578754 0.851352
vt 0.564777 0.912849
vt 0.578469 0.721427
vt 0.578705 0.721471
vt 0.578398 0.721740
vt 0.578573 0.721792
vt 0.577289 0.917836
vt 0.577325 0.918032
vt 0.575915 0.918059
vt 0.575936 0.917814
vt 0.575601 0.918066
vt 0.542551 0.717285
vt 0.548273 0.718716
vt 0.548274 0.718946
vt 0.542552 0.717507
vt 0.554846 0.720115
vt 0.555607 0.720496
vt 0.048346 0.882550
vt 0.041017 0.882468
vt 0.054063 0.882631
vt 0.565343 0.721902
vt 0.563732 0.721898
vt 0.032984 0.881810
vt 0.032896 0.882396
vt 0.519713 0.959934
vt 0.525719 0.961563
vt 0.526398 0.961943
vt 0.519703 0.960194
vt 0.537390 0.697296
vt 0.546100 0.697264
vt 0.538073 0.697491
vt 0.071128 0.882941
vt 0.077818 0.883042
vt 0.536711 0.715753
vt 0.533509 0.714525
vt 0.059899 0.882734
vt 0.525472 0.712239
vt 0.104249 0.883339
vt 0.095854 0.883342
vt 0.095853 0.883145
vt 0.105311 0.883140
vt 0.089842 0.883329
vt 0.089841 0.883132
vt 0.513688 0.959072
vt 0.083830 0.883297
vt 0.077808 0.883297
vt 0.083830 0.883100
vt 0.129183 0.882481
vt 0.119924 0.883097
vt 0.119355 0.883296
vt 0.031285 0.882586
vt 0.030807 0.882386
vt 0.030409 0.881802
vt 0.489092 0.699011
vt 0.471758 0.698303
vt 0.481255 0.699015
vt 0.094366 0.699700
vt 0.532450 0.709122
vt 0.532936 0.708997
vt 0.538064 0.710144
vt 0.018904 0.882429
vt 0.018872 0.881845
vt 0.577753 0.721859
vt 0.577725 0.722104
vt 0.565822 0.722151
vt 0.018213 0.805222
vt 0.018613 0.854048
vt 0.018130 0.854073
vt 0.018172 0.853757
vt 0.017879 0.854074
vt 0.017964 0.853794
vt 0.577981 0.822650
vt 0.577358 0.822858
vt 0.019346 0.825026
vt 0.019348 0.825334
vt 0.579420 0.929472
vt 0.579171 0.929508
vt 0.579246 0.928117
vt 0.018003 0.805043
vt 0.018096 0.804725
vt 0.017929 0.803360
vt 0.018187 0.803320
vt 0.018888 0.804792
vt 0.018732 0.803695
vt 0.578643 0.822633
vt 0.565052 0.940745
vt 0.017969 0.760729
vt 0.018620 0.760555
vt 0.017983 0.881665
vt 0.018711 0.880564
vt 0.018234 0.881639
vt 0.578354 0.721982
vt 0.018274 0.882412
vt 0.018055 0.882412
vt 0.520971 0.959073
vt 0.513687 0.958890
vt 0.513686 0.958615
vt 0.507674 0.958133
vt 0.504872 0.957588
vt 0.501661 0.957656
vt 0.573184 0.802737
vt 0.573341 0.801645
vt 0.572548 0.799338
vt 0.551908 0.719204
vt 0.565298 0.721509
vt 0.565322 0.720454
vt 0.548780 0.717188
vt 0.541108 0.716561
vt 0.525445 0.711738
vt 0.520046 0.709369
vt 0.526371 0.961442
vt 0.524793 0.711859
vt 0.549706 0.966892
vt 0.575693 0.946409
vt 0.560939 0.913963
vt 0.524401 0.940397
vt 0.524218 0.914100
vt 0.561123 0.940261
vt 0.017853 0.804742
vt 0.576115 0.946685
vt 0.575821 0.946691
vt 0.577526 0.946705
vt 0.017762 0.803326
vt 0.562890 0.912090
vt 0.521974 0.912880
vt 0.522283 0.912240
vt 0.563202 0.912745
vt 0.562947 0.911895
vt 0.522247 0.912045
vt 0.577857 0.720277
vt 0.577051 0.718110
vt 0.577707 0.721482
vt 0.578384 0.720027
vt 0.578635 0.720081
vt 0.017964 0.762672
vt 0.522119 0.940686
vt 0.522484 0.940913
vt 0.579561 0.969784
vt 0.579310 0.969731
vt 0.578783 0.969981
vt 0.577977 0.967814
vt 0.089853 0.930338
vt 0.089503 0.929603
vt 0.564383 0.912886
vt 0.564323 0.912106
vt 0.564322 0.911861
vt 0.532606 0.918736
vt 0.535152 0.946196
vt 0.532857 0.946476
vt 0.531699 0.946428
vt 0.054545 0.712834
vt 0.068643 0.710427
vt 0.017360 0.714177
vt 0.020525 0.713744
vt 0.020360 0.714099
vt 0.566578 0.855837
vt 0.564223 0.856027
vt 0.561860 0.855831
vt 0.561224 0.856032
vt 0.565685 0.856291
vt 0.564624 0.855527
vt 0.572959 0.758732
vt 0.573095 0.760237
vt 0.533097 0.855644
vt 0.033550 0.714015
vt 0.025941 0.713824
vt 0.041046 0.713777
vt 0.548032 0.856045
vt 0.542967 0.855881
vt 0.528167 0.855945
vt 0.059942 0.713506
vt 0.038616 0.714154
vt 0.053416 0.714031
vt 0.063841 0.703022
vt 0.027222 0.712520
vt 0.029763 0.713184
vt 0.056038 0.704400
vt 0.054769 0.704430
vt 0.062196 0.702513
vt 0.040082 0.709314
vt 0.035548 0.710912
vt 0.039497 0.709285
vt 0.019154 0.930119
vt 0.050509 0.929593
vt 0.019044 0.931249
vt 0.682234 0.604406
vt 0.682254 0.604774
vt 0.651978 0.604808
vt 0.682344 0.603308
vt 0.614018 0.603937
vt 0.084257 0.929382
vt 0.119510 0.958477
vt 0.104593 0.958729
vt 0.531471 0.918889
vt 0.531303 0.946454
vt 0.572582 0.947389
vt 0.569828 0.947125
vt 0.561058 0.856233
vt 0.558207 0.856508
vt 0.553464 0.856516
vt 0.564047 0.857107
vt 0.558581 0.857215
vt 0.563817 0.856402
vt 0.553976 0.857244
vt 0.548342 0.856656
vt 0.542864 0.856834
vt 0.542073 0.856724
vt 0.548718 0.857397
vt 0.543005 0.857495
vt 0.543399 0.697274
vt 0.537390 0.697296
vt 0.542611 0.697151
vt 0.537167 0.857667
vt 0.537117 0.856978
vt 0.531226 0.857797
vt 0.526016 0.857265
vt 0.526788 0.857129
vt 0.055540 0.704076
vt 0.062288 0.702267
vt 0.525287 0.857973
vt 0.519259 0.858087
vt 0.519263 0.857417
vt 0.068296 0.701106
vt 0.068376 0.701377
vt 0.513260 0.858211
vt 0.513252 0.857519
vt 0.507240 0.858269
vt 0.507242 0.857596
vt 0.076030 0.700302
vt 0.074304 0.700305
vt 0.080313 0.699784
vt 0.088674 0.699565
vt 0.089768 0.699319
vt 0.501238 0.858347
vt 0.501231 0.857654
vt 0.495219 0.858370
vt 0.491775 0.857719
vt 0.489214 0.858426
vt 0.480045 0.858335
vt 0.477420 0.857784
vt 0.103616 0.699315
vt 0.104122 0.699101
vt 0.017771 0.825125
vt 0.018021 0.825135
vt 0.017876 0.852787
vt 0.018606 0.852782
vt 0.018125 0.852760
vt 0.018503 0.825115
vt 0.573844 0.918552
vt 0.575244 0.946265
vt 0.574138 0.946337
vt 0.575369 0.918701
vt 0.575603 0.946289
vt 0.571635 0.919785
vt 0.571863 0.946059
vt 0.575012 0.918705
vt 0.558655 0.879705
vt 0.554108 0.879817
vt 0.564221 0.878527
vt 0.548804 0.879886
vt 0.543099 0.880043
vt 0.537239 0.880157
vt 0.531321 0.880348
vt 0.525362 0.880466
vt 0.519346 0.880634
vt 0.513340 0.880704
vt 0.507326 0.880815
vt 0.501318 0.880838
vt 0.495304 0.880916
vt 0.489295 0.880917
vt 0.480961 0.880988
vt 0.467848 0.881030
vt 0.566736 0.878514
vt 0.565723 0.879630
vt 0.577585 0.878473
vt 0.573719 0.759193
vt 0.573774 0.758860
vt 0.573920 0.759179
vt 0.531756 0.946720
vt 0.531429 0.946747
vt 0.533189 0.946727
vt 0.573882 0.760552
vt 0.533126 0.946870
vt 0.071670 0.852769
vt 0.083900 0.853492
vt 0.050154 0.853623
vt 0.019429 0.852962
vt 0.531057 0.946877
vt 0.592239 0.946651
vt 0.562401 0.946956
vt 0.018808 0.853551
vt 0.682223 0.604980
vt 0.683055 0.604649
vt 0.682844 0.604848
vt 0.682886 0.604637
vt 0.018166 0.853530
vt 0.017949 0.853521
vt 0.017703 0.723819
vt 0.017529 0.723871
vt 0.017395 0.723552
vt 0.017629 0.723507
vt 0.574947 0.917958
vt 0.575259 0.917981
vt 0.573537 0.917928
vt 0.017454 0.722160
vt 0.573568 0.917755
vt 0.564167 0.879826
vt 0.030758 0.723883
vt 0.041241 0.722019
vt 0.040483 0.722406
vt 0.032371 0.723868
vt 0.556142 0.880545
vt 0.564257 0.880412
vt 0.047807 0.720801
vt 0.053518 0.719098
vt 0.053519 0.719320
vt 0.047807 0.720572
vt 0.548813 0.880681
vt 0.543097 0.880805
vt 0.062540 0.716271
vt 0.059347 0.717523
vt 0.070562 0.713926
vt 0.537264 0.880952
vt 0.526039 0.881243
vt 0.071488 0.963630
vt 0.078157 0.961571
vt 0.078170 0.961831
vt 0.072164 0.963245
vt 0.519352 0.881393
vt 0.575593 0.947104
vt 0.566885 0.947136
vt 0.567566 0.946936
vt 0.519365 0.881648
vt 0.513342 0.881693
vt 0.513341 0.881496
vt 0.084177 0.960664
vt 0.507331 0.881770
vt 0.507331 0.881573
vt 0.501320 0.881631
vt 0.492921 0.881887
vt 0.491862 0.881697
vt 0.501321 0.881828
vt 0.478003 0.881957
vt 0.477511 0.881762
vt 0.566741 0.879800
vt 0.566349 0.880386
vt 0.565871 0.880590
vt 0.076985 0.700540
vt 0.082477 0.700684
vt 0.033722 0.710970
vt 0.028114 0.712034
vt 0.033233 0.710849
vt 0.578278 0.879757
vt 0.018378 0.724178
vt 0.030281 0.724136
vt 0.018349 0.723933
vt 0.578251 0.880341
vt 0.578331 0.851958
vt 0.579065 0.851978
vt 0.578814 0.851980
vt 0.578770 0.851663
vt 0.578979 0.851699
vt 0.573814 0.803162
vt 0.572912 0.758500
vt 0.018722 0.824822
vt 0.682956 0.604337
vt 0.682878 0.602985
vt 0.683119 0.603029
vt 0.573958 0.802664
vt 0.574016 0.802982
vt 0.573869 0.801259
vt 0.574108 0.801305
vt 0.573569 0.758669
vt 0.018064 0.824810
vt 0.531226 0.946788
vt 0.531055 0.946458
vt 0.578429 0.878473
vt 0.579165 0.879584
vt 0.578915 0.879544
vt 0.017749 0.724061
vt 0.578880 0.880319
vt 0.579099 0.880317
vt 0.076898 0.960718
vt 0.096194 0.959159
vt 0.092983 0.959115
vt 0.090185 0.959680
vt 0.084175 0.960207
vt 0.084176 0.960482
vt 0.030775 0.722435
vt 0.037670 0.719763
vt 0.048514 0.719171
vt 0.044210 0.721079
vt 0.054960 0.718362
vt 0.030723 0.723502
vt 0.075972 0.711014
vt 0.038596 0.969467
vt 0.071511 0.963128
vt 0.070585 0.713424
vt 0.071238 0.713541
vt 0.574159 0.802679
vt 0.575185 0.946558
vt 0.573812 0.946719
vt 0.573778 0.946577
vt 0.575478 0.946584
vt 0.534929 0.919922
vt 0.532951 0.918080
vt 0.532884 0.917907
vt 0.018233 0.722350
vt 0.019023 0.720177
vt 0.018374 0.723555
vt 0.017704 0.722104
vt 0.573646 0.760613
vt 0.019949 0.969881
vt 0.019158 0.972054
vt 0.018630 0.971808
vt 0.018491 0.931587
vt 0.018380 0.971863
vt 0.018242 0.931547
vt 0.531075 0.918871
vt 0.537662 0.696887
vt 0.537839 0.697042
vt 0.683183 0.604325
vt 0.531518 0.918119
vt 0.531171 0.918145
vt 0.840924 0.926730
vt 0.839988 0.926730
vt 0.840896 0.926515
vt 0.839969 0.926515
vt 0.837320 0.918349
vt 0.837111 0.918404
vt 0.837113 0.916369
vt 0.837328 0.916291
vt 0.857917 0.879326
vt 0.858132 0.878493
vt 0.858132 0.880352
vt 0.857918 0.880428
vt 0.857917 0.878732
vt 0.844861 0.904418
vt 0.844861 0.903687
vt 0.845093 0.904080
vt 0.845639 0.896459
vt 0.845810 0.899280
vt 0.843932 0.897731
vt 0.844516 0.900837
vt 0.845819 0.901728
vt 0.845374 0.902925
vt 0.850383 0.878206
vt 0.850383 0.878732
vt 0.850151 0.878493
vt 0.853530 0.918860
vt 0.853079 0.918627
vt 0.854118 0.918627
vt 0.854032 0.918860
vt 0.854556 0.918860
vt 0.855121 0.918627
vt 0.855027 0.918859
vt 0.855369 0.918859
vt 0.855752 0.918628
vt 0.855771 0.918859
vt 0.843327 0.897731
vt 0.841519 0.898747
vt 0.841620 0.896458
vt 0.841101 0.900378
vt 0.842743 0.900836
vt 0.841888 0.902947
vt 0.841442 0.901731
vt 0.819997 0.886766
vt 0.820673 0.886766
vt 0.820900 0.886981
vt 0.819438 0.886980
vt 0.819272 0.886766
vt 0.818500 0.886766
vt 0.818447 0.886981
vt 0.817416 0.886981
vt 0.817601 0.886766
vt 0.816493 0.886766
vt 0.815240 0.886983
vt 0.815156 0.886766
vt 0.844783 0.880447
vt 0.845472 0.878354
vt 0.846651 0.878411
vt 0.840609 0.878411
vt 0.841787 0.878354
vt 0.842476 0.880448
vt 0.840829 0.880533
vt 0.858132 0.891518
vt 0.858134 0.893052
vt 0.857922 0.893104
vt 0.840896 0.918981
vt 0.839969 0.918981
vt 0.839987 0.918749
vt 0.840923 0.918749
vt 0.850383 0.880428
vt 0.850383 0.879326
vt 0.819272 0.879232
vt 0.819997 0.879232
vt 0.820673 0.879232
vt 0.817601 0.879232
vt 0.818500 0.879232
vt 0.815156 0.879232
vt 0.816494 0.879232
vt 0.850378 0.893104
vt 0.850151 0.880352
vt 0.844861 0.913014
vt 0.845093 0.916369
vt 0.837327 0.918747
vt 0.837113 0.918701
vt 0.837168 0.918548
vt 0.837327 0.918545
vt 0.846037 0.894949
vt 0.845975 0.897427
vt 0.841286 0.897426
vt 0.841224 0.894947
vt 0.843728 0.898924
vt 0.843630 0.896867
vt 0.846120 0.898886
vt 0.844353 0.901234
vt 0.843980 0.900115
vt 0.846436 0.900080
vt 0.845308 0.903410
vt 0.846711 0.900740
vt 0.846406 0.901028
vt 0.841140 0.898885
vt 0.843630 0.896867
vt 0.843587 0.898265
vt 0.843480 0.899208
vt 0.840824 0.900079
vt 0.843279 0.900114
vt 0.842907 0.901232
vt 0.840854 0.901027
vt 0.840550 0.900738
vt 0.841952 0.903408
vt 0.846890 0.878422
vt 0.846764 0.880397
vt 0.846431 0.880533
vt 0.844448 0.880433
vt 0.845224 0.878342
vt 0.842036 0.878342
vt 0.842812 0.880433
vt 0.840496 0.880391
vt 0.840371 0.878422
vt 0.841085 0.918809
vt 0.841111 0.918981
vt 0.844861 0.918545
vt 0.844861 0.918747
vt 0.833831 0.954390
vt 0.833831 0.961921
vt 0.832950 0.962569
vt 0.814075 0.878586
vt 0.814574 0.878966
vt 0.814569 0.886980
vt 0.814945 0.879232
vt 0.814945 0.886766
vt 0.833974 0.962196
vt 0.833985 0.962317
vt 0.833448 0.962317
vt 0.833986 0.962575
vt 0.834551 0.962271
vt 0.835102 0.962261
vt 0.835110 0.962575
vt 0.834545 0.962574
vt 0.835658 0.962267
vt 0.836180 0.962259
vt 0.836188 0.962575
vt 0.835663 0.962574
vt 0.836662 0.962263
vt 0.837111 0.962208
vt 0.837090 0.962575
vt 0.836668 0.962574
vt 0.814991 0.878580
vt 0.815004 0.878947
vt 0.833451 0.962578
vt 0.814558 0.878577
vt 0.830949 0.963362
vt 0.831051 0.962961
vt 0.831583 0.962962
vt 0.831415 0.963365
vt 0.830459 0.963365
vt 0.830494 0.962962
vt 0.846669 0.926823
vt 0.846459 0.927139
vt 0.846008 0.926799
vt 0.846266 0.926534
vt 0.847104 0.927060
vt 0.846962 0.927398
vt 0.845942 0.926161
vt 0.845623 0.926385
vt 0.845315 0.925911
vt 0.845658 0.925755
vt 0.826511 0.878622
vt 0.825880 0.878623
vt 0.825816 0.878222
vt 0.826355 0.878206
vt 0.845095 0.925391
vt 0.845479 0.925270
vt 0.825037 0.878226
vt 0.825072 0.878578
vt 0.845522 0.920253
vt 0.845850 0.920493
vt 0.845264 0.920756
vt 0.845602 0.920923
vt 0.845477 0.921493
vt 0.845095 0.921375
vt 0.846161 0.920112
vt 0.845863 0.919803
vt 0.846277 0.919420
vt 0.846513 0.919762
vt 0.846928 0.919490
vt 0.846756 0.919122
vt 0.847274 0.918900
vt 0.847387 0.919301
vt 0.847871 0.919188
vt 0.847825 0.918776
vt 0.848389 0.918747
vt 0.848367 0.919167
vt 0.848860 0.919225
vt 0.848949 0.918818
vt 0.849490 0.918984
vt 0.849334 0.919375
vt 0.849778 0.919598
vt 0.849992 0.919242
vt 0.850443 0.919581
vt 0.850172 0.919900
vt 0.850493 0.920277
vt 0.850825 0.919997
vt 0.851139 0.920466
vt 0.850780 0.920680
vt 0.850996 0.921125
vt 0.851359 0.920986
vt 0.851482 0.921616
vt 0.851078 0.921724
vt 0.851122 0.922460
vt 0.812908 0.878584
vt 0.812101 0.878588
vt 0.812105 0.878206
vt 0.850815 0.925504
vt 0.851189 0.925621
vt 0.850932 0.926123
vt 0.850587 0.925942
vt 0.850961 0.924942
vt 0.851359 0.925002
vt 0.850291 0.926338
vt 0.850591 0.926573
vt 0.850177 0.926957
vt 0.849924 0.926673
vt 0.829006 0.963362
vt 0.828839 0.962961
vt 0.829371 0.962962
vt 0.829474 0.963365
vt 0.849509 0.926944
vt 0.849702 0.927262
vt 0.829962 0.963362
vt 0.829928 0.962961
vt 0.823290 0.878223
vt 0.823288 0.878627
vt 0.822484 0.878623
vt 0.822569 0.878222
vt 0.851030 0.924222
vt 0.851397 0.924200
vt 0.849757 0.926744
vt 0.847897 0.927215
vt 0.850835 0.925292
vt 0.850985 0.921336
vt 0.847234 0.919401
vt 0.849153 0.919354
vt 0.845596 0.921133
vt 0.833448 0.953940
vt 0.833985 0.953940
vt 0.833974 0.954122
vt 0.834545 0.953940
vt 0.835110 0.953940
vt 0.835096 0.954062
vt 0.834532 0.954062
vt 0.836189 0.954044
vt 0.835649 0.954062
vt 0.835664 0.953940
vt 0.836670 0.954040
vt 0.837094 0.953940
vt 0.837099 0.954122
vt 0.815027 0.887032
vt 0.814994 0.887214
vt 0.841882 0.903686
vt 0.841837 0.903098
vt 0.841714 0.902543
vt 0.815240 0.878997
vt 0.845553 0.902564
vt 0.845428 0.903115
vt 0.845369 0.903662
vt 0.846067 0.901537
vt 0.845762 0.902012
vt 0.844304 0.919129
vt 0.844361 0.918747
vt 0.844363 0.919913
vt 0.846890 0.900775
vt 0.846450 0.901123
vt 0.855771 0.926394
vt 0.855937 0.926392
vt 0.855910 0.926660
vt 0.855752 0.926607
vt 0.855937 0.918861
vt 0.841189 0.901548
vt 0.840809 0.901149
vt 0.840371 0.900773
vt 0.841491 0.902030
vt 0.825074 0.878653
vt 0.810321 0.878613
vt 0.810327 0.878538
vt 0.809522 0.878584
vt 0.848071 0.927268
vt 0.847577 0.927209
vt 0.845358 0.924730
vt 0.845337 0.923952
vt 0.845407 0.922211
vt 0.849050 0.927133
vt 0.848567 0.927247
vt 0.844869 0.918349
vt 0.844861 0.916290
vt 0.845095 0.918404
vt 0.850149 0.893052
vt 0.850152 0.891523
vt 0.842509 0.914311
vt 0.842932 0.913823
vt 0.843101 0.913250
vt 0.837328 0.904424
vt 0.837327 0.903687
vt 0.853530 0.926393
vt 0.854033 0.926393
vt 0.857917 0.878206
vt 0.854557 0.926393
vt 0.855027 0.926393
vt 0.855370 0.926393
vt 0.837327 0.913004
vt 0.839725 0.914311
vt 0.839133 0.913250
vt 0.839302 0.913823
vt 0.840369 0.914622
vt 0.841112 0.926515
vt 0.845509 0.878206
vt 0.846669 0.878262
vt 0.840592 0.878261
vt 0.841752 0.878206
vt 0.841263 0.926519
vt 0.841197 0.926731
vt 0.841085 0.926674
vt 0.841262 0.918976
vt 0.846836 0.878307
vt 0.845318 0.878234
vt 0.841943 0.878234
vt 0.840426 0.878307
vt 0.845033 0.918548
vt 0.831051 0.878610
vt 0.831582 0.878609
vt 0.830494 0.878609
vt 0.832072 0.878610
vt 0.832506 0.878609
vt 0.832506 0.962962
vt 0.832072 0.962961
vt 0.827912 0.878625
vt 0.827916 0.962979
vt 0.827501 0.878627
vt 0.825885 0.962981
vt 0.823292 0.962977
vt 0.822488 0.962979
vt 0.821862 0.878623
vt 0.814075 0.962939
vt 0.813545 0.962938
vt 0.812908 0.962939
vt 0.813545 0.878587
vt 0.829928 0.878610
vt 0.825079 0.962951
vt 0.812099 0.962937
vt 0.841117 0.911762
vt 0.840370 0.911878
vt 0.837113 0.904080
vt 0.841117 0.914739
vt 0.841863 0.914621
vt 0.841865 0.911878
vt 0.842932 0.912681
vt 0.842508 0.912191
vt 0.841117 0.912023
vt 0.840438 0.912128
vt 0.839855 0.912411
vt 0.839726 0.912191
vt 0.842380 0.912411
vt 0.841796 0.912128
vt 0.845028 0.922576
vt 0.845040 0.923345
vt 0.844842 0.923341
vt 0.844832 0.922640
vt 0.842770 0.912855
vt 0.857889 0.922276
vt 0.858308 0.922700
vt 0.858081 0.922829
vt 0.857702 0.922439
vt 0.845026 0.924106
vt 0.844830 0.924034
vt 0.858570 0.923345
vt 0.858674 0.924091
vt 0.858413 0.924091
vt 0.858323 0.923412
vt 0.858576 0.924839
vt 0.858308 0.925483
vt 0.858081 0.925354
vt 0.858323 0.924771
vt 0.840087 0.928800
vt 0.840073 0.928039
vt 0.840272 0.928035
vt 0.840284 0.928728
vt 0.857889 0.925907
vt 0.857702 0.925744
vt 0.839302 0.912681
vt 0.839465 0.912855
vt 0.840087 0.927270
vt 0.840284 0.927334
vt 0.858362 0.892521
vt 0.858443 0.891842
vt 0.860227 0.891842
vt 0.860144 0.892518
vt 0.859919 0.893099
vt 0.858134 0.893104
vt 0.858362 0.891163
vt 0.858134 0.890580
vt 0.859919 0.890585
vt 0.860144 0.891166
vt 0.842622 0.923341
vt 0.842615 0.922643
vt 0.842590 0.922043
vt 0.844810 0.922038
vt 0.844806 0.924616
vt 0.842586 0.924611
vt 0.842613 0.924031
vt 0.856694 0.924091
vt 0.856607 0.923415
vt 0.856364 0.922834
vt 0.856364 0.925349
vt 0.856607 0.924768
vt 0.842492 0.928039
vt 0.842501 0.928729
vt 0.842529 0.929308
vt 0.840310 0.929309
vt 0.840310 0.926731
vt 0.842529 0.926741
vt 0.842501 0.927341
vt 0.844138 0.919732
vt 0.843861 0.919165
vt 0.843918 0.919135
vt 0.844202 0.919716
vt 0.844304 0.920392
vt 0.844238 0.920392
vt 0.856023 0.928204
vt 0.855937 0.927544
vt 0.856028 0.927544
vt 0.856113 0.928188
vt 0.856342 0.928740
vt 0.856259 0.928771
vt 0.844138 0.921053
vt 0.844202 0.921069
vt 0.843918 0.921650
vt 0.843861 0.921620
vt 0.856023 0.926883
vt 0.856260 0.926316
vt 0.856342 0.926347
vt 0.856112 0.926899
vt 0.843431 0.921999
vt 0.843478 0.922038
vt 0.842559 0.922658
vt 0.842567 0.923340
vt 0.860592 0.878771
vt 0.860603 0.879445
vt 0.860520 0.879446
vt 0.860506 0.878789
vt 0.860482 0.878238
vt 0.860566 0.878206
vt 0.842557 0.924014
vt 0.855937 0.922484
vt 0.855989 0.922446
vt 0.856304 0.922864
vt 0.860593 0.880127
vt 0.860566 0.880713
vt 0.860485 0.880683
vt 0.860507 0.880111
vt 0.856541 0.923431
vt 0.856627 0.924091
vt 0.851583 0.920635
vt 0.851482 0.919974
vt 0.851570 0.919974
vt 0.851668 0.920618
vt 0.851935 0.921172
vt 0.851860 0.921202
vt 0.856541 0.924752
vt 0.856304 0.925319
vt 0.851583 0.919314
vt 0.851860 0.918747
vt 0.851935 0.918777
vt 0.851668 0.919330
vt 0.855937 0.925699
vt 0.855989 0.925737
vt 0.842557 0.928712
vt 0.842547 0.928038
vt 0.842580 0.929116
vt 0.842572 0.928434
vt 0.842654 0.928436
vt 0.842666 0.929100
vt 0.842684 0.929672
vt 0.842603 0.929702
vt 0.842557 0.927356
vt 0.843431 0.918785
vt 0.843478 0.918747
vt 0.842582 0.927760
vt 0.842607 0.927194
vt 0.842690 0.927226
vt 0.842668 0.927778
vt 0.857801 0.926901
vt 0.858327 0.879442
vt 0.858292 0.880675
vt 0.858325 0.880105
vt 0.858304 0.897576
vt 0.856624 0.896933
vt 0.858380 0.896932
vt 0.856833 0.896382
vt 0.858598 0.896378
vt 0.858380 0.898220
vt 0.858598 0.898773
vt 0.856833 0.898769
vt 0.856624 0.898218
vt 0.844848 0.928436
vt 0.844878 0.929668
vt 0.857802 0.928186
vt 0.857729 0.927544
vt 0.858042 0.928736
vt 0.858042 0.926352
vt 0.858323 0.878787
vt 0.858286 0.878238
vt 0.856537 0.897576
vt 0.844850 0.929098
vt 0.844852 0.927780
vt 0.844888 0.927231
vt 0.857964 0.928161
vt 0.858185 0.928692
vt 0.857884 0.927544
vt 0.858006 0.927544
vt 0.858120 0.928089
vt 0.858284 0.928602
vt 0.857964 0.926926
vt 0.858185 0.926396
vt 0.858316 0.926518
vt 0.858079 0.926974
vt 0.858158 0.878813
vt 0.858134 0.878284
vt 0.858168 0.879444
vt 0.858529 0.926040
vt 0.858933 0.925907
vt 0.858975 0.926033
vt 0.858601 0.926157
vt 0.858158 0.880082
vt 0.858134 0.880631
vt 0.858347 0.901759
vt 0.857821 0.901651
vt 0.857866 0.901523
vt 0.858356 0.901569
vt 0.858793 0.901512
vt 0.858825 0.901640
vt 0.857332 0.901320
vt 0.857724 0.901759
vt 0.857212 0.901418
vt 0.856817 0.900904
vt 0.856944 0.900831
vt 0.857057 0.900766
vt 0.857449 0.901182
vt 0.856718 0.900248
vt 0.856573 0.900303
vt 0.856537 0.899688
vt 0.856679 0.899660
vt 0.856813 0.899686
vt 0.856898 0.900228
vt 0.845014 0.929075
vt 0.845036 0.929623
vt 0.845007 0.928437
vt 0.856852 0.899151
vt 0.857197 0.898799
vt 0.857290 0.898892
vt 0.857014 0.899250
vt 0.845016 0.927806
vt 0.845040 0.927276
vt 0.858529 0.929047
vt 0.858631 0.928871
vt 0.858975 0.929054
vt 0.858933 0.929181
vt 0.858659 0.899219
vt 0.859241 0.900697
vt 0.857754 0.898836
vt 0.858217 0.898881
vt 0.859026 0.899637
vt 0.859235 0.900175
vt 0.859111 0.901187
vt 0.819208 0.879000
vt 0.819925 0.879000
vt 0.820900 0.879000
vt 0.817416 0.878999
vt 0.818447 0.879000
vt 0.845093 0.918701
vt 0.855910 0.918586
vt 0.841196 0.918747
vt 0.854118 0.926608
vt 0.853080 0.926608
vt 0.855121 0.926608
vt 0.842190 0.918963
vt 0.841281 0.918748
vt 0.842217 0.918748
vt 0.841263 0.918963
vt 0.852870 0.918349
vt 0.852863 0.916291
vt 0.853077 0.916369
vt 0.853079 0.918404
vt 0.853296 0.904807
vt 0.853296 0.905957
vt 0.853081 0.905833
vt 0.853081 0.903974
vt 0.853296 0.904214
vt 0.845097 0.904080
vt 0.845329 0.903687
vt 0.845329 0.904423
vt 0.849847 0.897731
vt 0.847970 0.899279
vt 0.848140 0.896458
vt 0.849263 0.900836
vt 0.848406 0.902923
vt 0.847960 0.901727
vt 0.861062 0.903974
vt 0.860829 0.904214
vt 0.860829 0.903687
vt 0.837562 0.926547
vt 0.838064 0.926547
vt 0.838150 0.926780
vt 0.837111 0.926780
vt 0.838588 0.926547
vt 0.839059 0.926547
vt 0.839153 0.926779
vt 0.839401 0.926547
vt 0.839803 0.926548
vt 0.839784 0.926778
vt 0.839121 0.896460
vt 0.839222 0.898748
vt 0.837414 0.897732
vt 0.837997 0.900837
vt 0.839640 0.900380
vt 0.839299 0.901733
vt 0.838853 0.902949
vt 0.819997 0.954759
vt 0.819438 0.954545
vt 0.820900 0.954544
vt 0.820673 0.954759
vt 0.819272 0.954759
vt 0.818500 0.954759
vt 0.818447 0.954544
vt 0.817601 0.954759
vt 0.817416 0.954544
vt 0.816493 0.954759
vt 0.815155 0.954759
vt 0.815239 0.954542
vt 0.847129 0.878411
vt 0.848307 0.878354
vt 0.848996 0.880447
vt 0.847349 0.880533
vt 0.838953 0.878354
vt 0.840132 0.878411
vt 0.838264 0.880447
vt 0.853289 0.918585
vt 0.853079 0.918534
vt 0.853081 0.916999
vt 0.841282 0.926729
vt 0.841263 0.926497
vt 0.842190 0.926497
vt 0.842218 0.926729
vt 0.860829 0.904807
vt 0.860829 0.905876
vt 0.820673 0.962293
vt 0.819997 0.962293
vt 0.819272 0.962293
vt 0.818500 0.962293
vt 0.817601 0.962293
vt 0.816493 0.962293
vt 0.815155 0.962293
vt 0.861062 0.905834
vt 0.860835 0.918586
vt 0.845098 0.916369
vt 0.852863 0.918747
vt 0.852863 0.918545
vt 0.853022 0.918548
vt 0.853078 0.918701
vt 0.847805 0.897426
vt 0.847743 0.894948
vt 0.839518 0.894949
vt 0.839456 0.897427
vt 0.850149 0.896867
vt 0.850051 0.898923
vt 0.847660 0.898885
vt 0.849799 0.900114
vt 0.849427 0.901232
vt 0.847344 0.900079
vt 0.848472 0.903408
vt 0.847374 0.901027
vt 0.847070 0.900738
vt 0.839602 0.898886
vt 0.837261 0.899209
vt 0.837153 0.898265
vt 0.837111 0.896867
vt 0.839918 0.900080
vt 0.837834 0.901233
vt 0.837461 0.900115
vt 0.839887 0.901028
vt 0.840192 0.900740
vt 0.838789 0.903409
vt 0.847016 0.880397
vt 0.846890 0.878422
vt 0.848556 0.878342
vt 0.849331 0.880433
vt 0.837929 0.880433
vt 0.838705 0.878342
vt 0.840371 0.878422
vt 0.840245 0.880392
vt 0.839912 0.880533
vt 0.842406 0.926497
vt 0.842380 0.926669
vt 0.845329 0.918747
vt 0.845329 0.918545
vt 0.832950 0.878215
vt 0.833831 0.878863
vt 0.833831 0.886394
vt 0.814569 0.954545
vt 0.814944 0.954759
vt 0.814944 0.962293
vt 0.814574 0.962559
vt 0.833986 0.878209
vt 0.833985 0.878467
vt 0.833448 0.878467
vt 0.833974 0.878588
vt 0.834551 0.878512
vt 0.834545 0.878209
vt 0.835110 0.878209
vt 0.835102 0.878523
vt 0.835658 0.878516
vt 0.835663 0.878209
vt 0.836188 0.878209
vt 0.836180 0.878525
vt 0.836662 0.878520
vt 0.836668 0.878209
vt 0.837091 0.878209
vt 0.837111 0.878576
vt 0.815003 0.962578
vt 0.814990 0.962945
vt 0.833451 0.878206
vt 0.814558 0.962948
vt 0.830949 0.878209
vt 0.831415 0.878206
vt 0.830459 0.878206
vt 0.854971 0.901195
vt 0.855366 0.900893
vt 0.855625 0.901161
vt 0.855173 0.901501
vt 0.854670 0.901759
vt 0.854528 0.901419
vt 0.855706 0.900532
vt 0.855973 0.900114
vt 0.856317 0.900273
vt 0.856010 0.900747
vt 0.856537 0.899752
vt 0.856167 0.899658
vt 0.826515 0.962982
vt 0.826390 0.963379
vt 0.825820 0.963382
vt 0.825041 0.963378
vt 0.825077 0.963026
vt 0.856368 0.895115
vt 0.855781 0.894850
vt 0.856110 0.894612
vt 0.856537 0.895734
vt 0.856156 0.895850
vt 0.855995 0.895323
vt 0.855470 0.894468
vt 0.855118 0.894118
vt 0.855355 0.893778
vt 0.855769 0.894162
vt 0.854703 0.893846
vt 0.854244 0.893657
vt 0.854358 0.893258
vt 0.854876 0.893480
vt 0.853760 0.893543
vt 0.853264 0.893522
vt 0.853243 0.893104
vt 0.853807 0.893133
vt 0.852776 0.893605
vt 0.852297 0.893730
vt 0.852142 0.893341
vt 0.852683 0.893176
vt 0.851853 0.893953
vt 0.851459 0.894256
vt 0.851189 0.893939
vt 0.851640 0.893599
vt 0.851118 0.894616
vt 0.850852 0.895035
vt 0.850493 0.894823
vt 0.850807 0.894355
vt 0.850635 0.895481
vt 0.850551 0.896061
vt 0.850149 0.895974
vt 0.850273 0.895343
vt 0.812085 0.963338
vt 0.812865 0.963342
vt 0.850796 0.899868
vt 0.851044 0.900299
vt 0.850700 0.900484
vt 0.850443 0.899981
vt 0.850273 0.899361
vt 0.850669 0.899299
vt 0.851341 0.900696
vt 0.851707 0.901031
vt 0.851456 0.901317
vt 0.851041 0.900933
vt 0.829006 0.878209
vt 0.829474 0.878206
vt 0.829371 0.878609
vt 0.828839 0.878610
vt 0.852122 0.901303
vt 0.851930 0.901623
vt 0.829962 0.878209
vt 0.850645 0.895692
vt 0.850809 0.899706
vt 0.823295 0.963381
vt 0.822574 0.963382
vt 0.850601 0.898580
vt 0.850235 0.898559
vt 0.850530 0.896838
vt 0.853384 0.901587
vt 0.855204 0.900977
vt 0.854397 0.893757
vt 0.851361 0.894409
vt 0.856190 0.899404
vt 0.851598 0.900887
vt 0.833974 0.886662
vt 0.833985 0.886844
vt 0.833448 0.886844
vt 0.834545 0.886843
vt 0.834532 0.886722
vt 0.835096 0.886722
vt 0.835110 0.886843
vt 0.835665 0.886843
vt 0.835649 0.886722
vt 0.836188 0.886739
vt 0.837099 0.886662
vt 0.837094 0.886843
vt 0.836670 0.886744
vt 0.814994 0.954311
vt 0.815027 0.954493
vt 0.839027 0.902545
vt 0.838904 0.903099
vt 0.838859 0.903687
vt 0.815239 0.962528
vt 0.848411 0.903660
vt 0.848351 0.903113
vt 0.848226 0.902562
vt 0.844582 0.919913
vt 0.844583 0.918747
vt 0.844640 0.919129
vt 0.848017 0.902011
vt 0.847712 0.901535
vt 0.847330 0.901121
vt 0.846890 0.900773
vt 0.839803 0.919013
vt 0.839784 0.918800
vt 0.839942 0.918747
vt 0.839969 0.919015
vt 0.839969 0.926546
vt 0.840371 0.900775
vt 0.839932 0.901150
vt 0.839552 0.901550
vt 0.839250 0.902031
vt 0.810326 0.962987
vt 0.810319 0.962912
vt 0.809522 0.962939
vt 0.854054 0.901568
vt 0.853560 0.901627
vt 0.856273 0.899089
vt 0.856295 0.898310
vt 0.856224 0.896569
vt 0.852581 0.901492
vt 0.853064 0.901605
vt 0.845321 0.918349
vt 0.845329 0.916290
vt 0.861061 0.917004
vt 0.861063 0.918534
vt 0.847198 0.913838
vt 0.847681 0.914311
vt 0.847089 0.913250
vt 0.852863 0.904422
vt 0.852863 0.903687
vt 0.837561 0.919014
vt 0.838064 0.919014
vt 0.853296 0.903687
vt 0.838588 0.919014
vt 0.839059 0.919014
vt 0.839401 0.919014
vt 0.850465 0.914311
vt 0.852863 0.913020
vt 0.850888 0.913823
vt 0.851057 0.913250
vt 0.849821 0.914622
vt 0.842405 0.918963
vt 0.847111 0.878262
vt 0.848271 0.878206
vt 0.838989 0.878206
vt 0.840150 0.878262
vt 0.842557 0.918956
vt 0.842379 0.918804
vt 0.842490 0.918747
vt 0.842557 0.926502
vt 0.846945 0.878307
vt 0.848461 0.878234
vt 0.838799 0.878234
vt 0.840316 0.878307
vt 0.845157 0.918548
vt 0.827505 0.962977
vt 0.827034 0.962979
vt 0.827030 0.878625
vt 0.821866 0.962982
vt 0.821359 0.962979
vt 0.821355 0.878625
vt 0.832506 0.962567
vt 0.832506 0.878216
vt 0.820900 0.878627
vt 0.820904 0.962978
vt 0.808909 0.962938
vt 0.808416 0.962939
vt 0.808417 0.878586
vt 0.808909 0.878587
vt 0.828349 0.878609
vt 0.828349 0.962962
vt 0.827916 0.878610
vt 0.827916 0.962961
vt 0.807981 0.962938
vt 0.807981 0.878587
vt 0.849073 0.911758
vt 0.849821 0.911878
vt 0.853078 0.904080
vt 0.848327 0.914621
vt 0.849073 0.914739
vt 0.848326 0.911878
vt 0.847682 0.912191
vt 0.847258 0.912681
vt 0.850464 0.912191
vt 0.850336 0.912411
vt 0.849752 0.912128
vt 0.849073 0.912023
vt 0.848394 0.912128
vt 0.847811 0.912411
vt 0.847421 0.912855
vt 0.837125 0.927360
vt 0.837322 0.927424
vt 0.837310 0.928125
vt 0.837111 0.928129
vt 0.837141 0.928881
vt 0.837322 0.928818
vt 0.857873 0.922198
vt 0.857702 0.922053
vt 0.858081 0.921663
vt 0.858308 0.921793
vt 0.858570 0.921147
vt 0.858323 0.921080
vt 0.858413 0.920401
vt 0.858674 0.920401
vt 0.858576 0.919653
vt 0.858323 0.919722
vt 0.858081 0.919138
vt 0.858308 0.919009
vt 0.857889 0.918586
vt 0.857702 0.918748
vt 0.845026 0.926684
vt 0.844830 0.926612
vt 0.844842 0.925919
vt 0.845040 0.925924
vt 0.845028 0.925155
vt 0.844832 0.925218
vt 0.850888 0.912681
vt 0.850725 0.912855
vt 0.847276 0.913827
vt 0.857908 0.922276
vt 0.858362 0.881296
vt 0.858134 0.880713
vt 0.859919 0.880718
vt 0.860144 0.881299
vt 0.860227 0.881976
vt 0.858443 0.881976
vt 0.858362 0.882655
vt 0.860144 0.882652
vt 0.859919 0.883233
vt 0.858134 0.883238
vt 0.837347 0.926821
vt 0.839567 0.926830
vt 0.839538 0.927431
vt 0.839529 0.928129
vt 0.839538 0.928819
vt 0.839567 0.929398
vt 0.837347 0.929399
vt 0.856364 0.921658
vt 0.856607 0.921077
vt 0.856694 0.920401
vt 0.856607 0.919725
vt 0.856364 0.919144
vt 0.844806 0.927194
vt 0.842586 0.927189
vt 0.842613 0.926609
vt 0.842622 0.925919
vt 0.842615 0.925221
vt 0.842590 0.924621
vt 0.844810 0.924616
vt 0.843264 0.921053
vt 0.843328 0.921069
vt 0.843044 0.921650
vt 0.842987 0.921620
vt 0.856623 0.894081
vt 0.856859 0.893514
vt 0.856942 0.893545
vt 0.856713 0.894097
vt 0.856628 0.894741
vt 0.856537 0.894741
vt 0.843364 0.920392
vt 0.843431 0.920392
vt 0.843264 0.919732
vt 0.843328 0.919716
vt 0.856623 0.895402
vt 0.856713 0.895385
vt 0.856942 0.895938
vt 0.856859 0.895969
vt 0.842987 0.919165
vt 0.843044 0.919135
vt 0.842557 0.918785
vt 0.842604 0.918747
vt 0.845105 0.927963
vt 0.845130 0.927397
vt 0.845214 0.927430
vt 0.845191 0.927981
vt 0.845177 0.928639
vt 0.845095 0.928638
vt 0.839594 0.927446
vt 0.839584 0.928128
vt 0.839594 0.928802
vt 0.845103 0.929319
vt 0.845188 0.929304
vt 0.845207 0.929875
vt 0.845126 0.929905
vt 0.855937 0.922008
vt 0.856304 0.921628
vt 0.855989 0.922046
vt 0.856541 0.921061
vt 0.844995 0.920635
vt 0.844718 0.921202
vt 0.844642 0.921172
vt 0.844910 0.920618
vt 0.845010 0.919974
vt 0.845095 0.919974
vt 0.856627 0.920401
vt 0.856541 0.919740
vt 0.844995 0.919314
vt 0.844910 0.919330
vt 0.844640 0.918778
vt 0.844718 0.918747
vt 0.856304 0.919173
vt 0.855937 0.918794
vt 0.855989 0.918755
vt 0.851472 0.929319
vt 0.851446 0.929905
vt 0.851362 0.929874
vt 0.851385 0.929303
vt 0.851400 0.928638
vt 0.851482 0.928637
vt 0.842557 0.926592
vt 0.842567 0.925918
vt 0.842559 0.925236
vt 0.851472 0.927963
vt 0.851386 0.927980
vt 0.851362 0.927429
vt 0.851446 0.927398
vt 0.842557 0.921999
vt 0.842604 0.922038
vt 0.847371 0.928639
vt 0.847372 0.929302
vt 0.847401 0.929871
vt 0.859973 0.890026
vt 0.860191 0.890580
vt 0.858426 0.890576
vt 0.858217 0.890025
vt 0.858134 0.889382
vt 0.859898 0.889382
vt 0.859973 0.888738
vt 0.858217 0.888740
vt 0.860189 0.888186
vt 0.849207 0.928634
vt 0.858402 0.894099
vt 0.858642 0.893549
vt 0.858329 0.894741
vt 0.858402 0.895384
vt 0.858642 0.895934
vt 0.847376 0.927983
vt 0.847411 0.927434
vt 0.858422 0.888190
vt 0.849166 0.929866
vt 0.849196 0.929296
vt 0.849203 0.927978
vt 0.849166 0.927430
vt 0.858564 0.894124
vt 0.858785 0.893593
vt 0.858884 0.893683
vt 0.858720 0.894196
vt 0.858605 0.894741
vt 0.858484 0.894741
vt 0.858564 0.895359
vt 0.858679 0.895311
vt 0.858916 0.895767
vt 0.858785 0.895890
vt 0.847540 0.928009
vt 0.847563 0.927480
vt 0.859129 0.896245
vt 0.859201 0.896128
vt 0.859574 0.896252
vt 0.859533 0.896378
vt 0.847530 0.928640
vt 0.847538 0.929279
vt 0.853973 0.929620
vt 0.853495 0.929500
vt 0.853528 0.929372
vt 0.853972 0.929418
vt 0.854454 0.929383
vt 0.854499 0.929512
vt 0.847559 0.929827
vt 0.854988 0.929181
vt 0.855108 0.929278
vt 0.854596 0.929620
vt 0.854871 0.929043
vt 0.855264 0.928627
vt 0.855376 0.928691
vt 0.855508 0.928767
vt 0.855602 0.928109
vt 0.855747 0.928164
vt 0.855422 0.928089
vt 0.855507 0.927546
vt 0.855641 0.927520
vt 0.855778 0.927548
vt 0.849038 0.929274
vt 0.849013 0.929822
vt 0.855468 0.927012
vt 0.855306 0.927111
vt 0.855030 0.926752
vt 0.855124 0.926660
vt 0.849048 0.928635
vt 0.849038 0.928004
vt 0.859129 0.893238
vt 0.859533 0.893104
vt 0.859574 0.893231
vt 0.859227 0.893406
vt 0.849013 0.927475
vt 0.853661 0.927079
vt 0.854569 0.926689
vt 0.853079 0.928557
vt 0.854103 0.926741
vt 0.853086 0.928035
vt 0.853294 0.927498
vt 0.853209 0.929047
vt 0.820900 0.962525
vt 0.819924 0.962525
vt 0.819208 0.962525
vt 0.818447 0.962525
vt 0.817416 0.962526
vt 0.845097 0.918701
vt 0.839942 0.926821
vt 0.842491 0.926731
vt 0.837111 0.918799
vt 0.838150 0.918799
vt 0.839152 0.918799
vt 0.771582 0.663403
vt 0.700813 0.658800
vt 0.773228 0.598504
vt 0.700719 0.658785
vt 0.770993 0.585250
vt 0.773202 0.652943
vt 0.772624 0.556087
vt 0.771067 0.555890
vt 0.769595 0.660822
vt 0.753971 0.666589
vt 0.686161 0.662965
vt 0.019372 0.883703
vt 0.700679 0.658800
vt 0.565159 0.948810
s 1
f 592/1/1 608/2/2 606/3/3
f 186/4/4 185/5/5 194/6/6
f 1323/7/7 1282/8/8 1324/9/9
f 1297/10/10 1242/11/11 1298/12/12
f 993/13/13 1047/14/14 1049/15/15
f 1212/16/16 1287/17/17 1213/18/18
f 387/19/19 390/20/20 391/21/21
f 570/22/22 567/23/23 571/24/24
f 812/25/25 817/26/26 813/27/27
f 1050/28/28 1038/29/29 1037/30/30
f 527/31/31 510/32/32 528/33/33
f 89/34/34 8/35/35 92/36/36
f 237/37/37 163/38/38 236/39/39
f 494/40/40 493/41/41 495/42/42
f 694/43/43 940/44/44 939/45/45
f 820/46/46 806/47/47 821/48/48
f 977/49/49 986/50/50 990/51/51
f 255/52/52 270/53/53 252/54/54
f 330/55/55 310/56/56 326/57/57
f 367/58/58 362/59/59 363/60/60
f 1313/61/61 1196/62/62 1314/63/63
f 1295/64/64 1207/65/65 1296/66/66
f 1046/67/67 1049/15/15 1047/14/14
f 594/68/68 609/69/69 613/70/70
f 1007/71/71 826/72/72 1000/73/73
f 961/74/74 941/75/75 940/44/44
f 625/76/76 628/77/77 396/78/78
f 971/79/79 815/80/80 816/81/81
f 789/82/82 776/83/83 781/84/84
f 202/85/85 239/86/86 242/87/87
f 144/88/88 145/89/89 143/90/90
f 653/91/91 672/92/92 671/93/93
f 473/94/94 510/95/32 511/96/95
f 898/97/96 958/98/97 701/99/98
f 48/100/99 121/101/100 109/102/101
f 901/103/102 480/104/103 906/105/104
f 713/106/105 730/107/106 729/108/107
f 457/109/108 459/110/109 460/111/110
f 171/112/111 166/113/112 172/114/113
f 38/115/114 39/116/115 40/117/116
f 176/118/117 175/119/118 182/120/119
f 43/121/120 44/122/121 41/123/122
f 46/124/123 45/125/124 37/126/125
f 42/127/126 47/128/127 48/100/99
f 50/129/128 51/130/129 52/131/130
f 1301/132/131 1260/133/132 1302/134/133
f 334/135/134 326/57/57 323/136/135
f 55/137/136 56/138/137 53/139/138
f 58/140/139 57/141/140 49/142/141
f 54/143/142 59/144/143 60/145/144
f 53/139/138 56/138/137 66/146/145
f 66/146/145 65/147/146 53/139/138
f 67/148/147 68/149/148 51/130/129
f 51/130/129 50/129/128 67/148/147
f 1321/150/149 1273/151/150 1278/152/151
f 1133/153/152 1323/154/7 1324/155/9
f 201/156/153 195/157/154 202/85/85
f 194/6/6 204/158/155 203/159/156
f 181/160/157 207/161/158 182/120/119
f 543/162/159 544/163/160 542/164/161
f 346/165/162 381/166/163 351/167/164
f 84/168/165 1/169/166 80/170/167
f 395/171/168 623/172/169 283/173/170
f 828/174/171 801/175/172 830/176/173
f 246/177/174 219/178/175 215/179/176
f 146/180/177 218/181/178 220/182/179
f 550/183/180 551/184/181 549/185/31
f 430/186/182 381/166/163 382/187/183
f 847/188/184 792/189/185 845/190/186
f 239/191/86 171/112/111 242/192/87
f 154/193/187 221/194/188 149/195/189
f 972/196/190 835/197/191 853/198/192
f 103/199/193 3/200/194 84/201/165
f 106/202/195 17/203/196 20/204/197
f 160/205/198 231/206/199 156/207/200
f 296/208/201 295/209/202 294/210/203
f 235/211/204 165/212/205 234/213/206
f 816/81/81 833/214/207 973/215/208
f 36/216/209 109/217/101 121/218/100
f 284/219/210 273/220/211 625/76/76
f 667/221/212 640/222/213 657/223/214
f 108/224/215 35/225/216 122/226/217
f 174/227/218 233/228/219 160/205/198
f 107/229/220 44/122/121 43/121/120
f 79/230/221 37/126/125 80/231/167
f 770/232/222 769/233/223 772/234/224
f 176/118/117 232/235/225 230/236/226
f 80/231/167 45/125/124 84/237/165
f 183/238/227 244/239/228 206/240/229
f 185/5/5 216/241/230 215/242/176
f 187/243/231 235/244/204 234/245/206
f 355/246/232 353/247/233 354/248/234
f 193/249/235 215/242/176 219/250/175
f 379/251/236 357/252/237 374/253/238
f 918/254/239 691/255/240 575/256/241
f 1118/257/242 1076/258/243 1210/259/244
f 1043/260/245 1041/261/246 1042/262/247
f 846/263/248 832/264/249 834/265/250
f 173/266/251 232/267/225 245/268/252
f 383/269/253 356/270/254 355/246/232
f 1122/271/255 1078/272/256 1221/273/257
f 88/274/258 57/141/140 91/275/259
f 502/276/260 464/277/261 503/278/262
f 153/279/263 151/280/264 152/281/265
f 208/282/266 213/283/267 227/284/268
f 47/128/127 82/285/269 85/286/270
f 109/102/101 43/121/120 48/100/99
f 515/287/271 437/288/272 546/289/273
f 460/111/110 495/290/42 493/291/41
f 1248/292/274 1300/293/275 1251/294/276
f 152/281/265 246/177/174 153/279/263
f 14/295/277 10/296/278 15/297/279
f 133/298/280 223/299/281 93/300/282
f 667/301/212 678/302/283 668/303/284
f 778/304/285 769/233/223 767/305/286
f 170/306/287 245/268/252 241/307/288
f 7/308/289 6/309/290 5/310/291
f 168/311/292 172/312/113 243/313/293
f 587/314/294 592/1/1 433/315/295
f 176/118/117 177/316/296 178/317/297
f 43/121/120 42/127/126 48/100/99
f 125/318/298 135/319/299 179/320/300
f 40/117/116 37/126/125 38/115/114
f 175/119/118 181/160/157 182/120/119
f 183/238/227 184/321/301 180/322/302
f 186/4/4 187/243/231 188/323/303
f 52/131/130 49/142/141 50/129/128
f 189/324/304 190/325/305 191/326/306
f 55/137/136 54/143/142 60/145/144
f 185/5/5 193/249/235 194/6/6
f 195/157/154 196/327/307 192/328/308
f 198/329/309 190/325/305 189/324/304
f 189/324/304 197/330/310 198/329/309
f 187/243/231 199/331/311 200/332/312
f 200/332/312 188/323/303 187/243/231
f 70/333/313 61/334/314 64/335/315
f 1323/336/7 1279/337/316 1283/338/317
f 60/145/144 69/339/318 70/333/313
f 76/340/319 65/147/146 66/146/145
f 502/341/260 500/342/40 501/343/320
f 47/128/127 76/340/319 48/100/99
f 78/344/321 45/125/124 46/124/123
f 538/345/322 453/346/323 452/347/324
f 708/348/325 823/349/326 369/350/327
f 798/351/328 831/352/329 832/264/249
f 141/353/330 213/354/267 209/355/331
f 91/356/259 86/357/332 88/358/258
f 336/359/333 328/360/334 329/361/335
f 63/362/336 242/87/87 137/363/337
f 677/364/338 675/365/339 674/366/340
f 122/226/217 30/367/341 117/368/342
f 670/369/343 638/370/344 664/371/345
f 1278/372/151 1276/373/346 1277/374/347
f 391/21/21 425/375/348 417/376/349
f 380/377/350 299/378/351 377/379/352
f 16/380/353 102/381/354 85/382/270
f 159/383/355 229/384/356 230/385/226
f 374/386/238 378/387/357 379/388/236
f 21/389/358 107/390/220 109/217/101
f 112/391/359 26/392/360 25/393/361
f 217/394/362 192/328/308 218/395/178
f 113/396/363 28/397/364 26/398/360
f 744/399/365 837/400/366 836/401/367
f 395/171/168 291/402/368 393/403/369
f 152/281/265 225/404/370 219/178/175
f 849/405/371 735/406/372 848/407/373
f 93/300/282 224/408/374 94/409/375
f 169/410/376 244/411/228 174/227/218
f 637/412/377 668/413/284 669/414/378
f 811/415/379 802/416/380 683/417/381
f 126/418/382 180/322/302 211/419/383
f 304/420/384 308/421/385 309/422/386
f 811/415/379 831/423/329 682/424/387
f 184/321/301 211/419/383 180/322/302
f 233/425/219 179/320/300 231/426/199
f 813/27/27 834/427/250 832/428/249
f 182/120/119 245/429/252 232/235/225
f 114/430/388 23/431/389 27/432/390
f 397/433/391 286/434/392 287/435/393
f 403/436/394 338/437/395 402/438/396
f 110/439/397 58/140/139 52/131/130
f 92/440/36 54/143/142 89/441/34
f 95/442/398 69/339/318 99/443/399
f 146/180/177 247/444/400 147/445/401
f 828/446/171 804/447/402 829/448/403
f 115/449/404 55/137/136 60/145/144
f 357/252/237 372/450/405 374/253/238
f 114/451/388 73/452/406 58/140/139
f 721/453/407 717/454/408 720/455/409
f 817/26/26 835/197/191 834/427/250
f 117/456/342 78/344/321 122/457/217
f 319/458/410 318/459/411 314/460/412
f 387/461/19 361/462/413 385/463/414
f 122/457/217 46/124/123 108/464/215
f 862/465/415 783/466/416 347/467/417
f 393/403/369 290/468/418 394/469/419
f 142/470/420 154/193/187 228/471/421
f 677/472/338 621/473/422 678/474/283
f 753/475/423 1000/476/73 826/477/72
f 8/35/35 131/478/424 98/479/425
f 110/480/397 24/481/426 23/482/389
f 995/483/427 838/484/428 839/485/429
f 722/486/430 719/487/431 718/488/432
f 206/240/229 240/489/433 198/329/309
f 724/490/434 718/488/432 721/453/407
f 274/491/435 273/220/211 284/219/210
f 728/492/436 994/493/437 727/494/438
f 263/495/439 275/496/440 274/491/435
f 724/497/434 734/498/441 722/499/430
f 709/500/442 825/501/443 819/502/444
f 268/503/445 267/504/446 266/505/447
f 1309/506/448 1186/507/449 1310/508/450
f 1246/509/451 1249/510/452 1250/511/453
f 113/512/363 56/138/137 55/137/136
f 264/513/454 266/505/447 260/514/455
f 1097/515/456 1095/516/457 1096/517/458
f 312/518/459 316/519/460 317/520/461
f 715/521/462 737/522/463 714/523/464
f 483/524/465 445/525/466 485/526/467
f 980/527/468 987/528/469 977/49/49
f 256/529/470 251/530/471 257/531/472
f 719/487/431 712/532/473 710/533/474
f 76/340/319 116/534/475 121/101/100
f 747/535/476 745/536/477 746/537/478
f 750/538/479 746/537/478 749/539/480
f 902/540/481 948/541/482 899/542/483
f 235/244/204 194/6/6 238/543/484
f 881/544/485 935/545/486 878/546/487
f 416/547/488 316/548/460 328/360/334
f 236/549/39 190/325/305 237/550/37
f 428/551/489 760/552/490 756/553/491
f 1254/554/492 1253/555/493 1159/556/494
f 867/557/495 763/558/496 764/559/497
f 784/560/498 767/561/286 763/558/496
f 383/562/253 351/167/164 381/166/163
f 411/563/499 424/564/500 427/565/501
f 681/566/502 765/567/503 770/568/222
f 391/569/21 363/60/60 387/461/19
f 775/570/504 776/83/83 777/571/505
f 780/572/506 778/304/285 779/573/507
f 779/573/507 767/305/286 768/574/508
f 787/575/509 772/234/224 778/304/285
f 75/576/510 85/286/270 102/577/354
f 388/578/511 358/579/512 365/580/513
f 781/84/84 762/581/514 760/582/490
f 624/583/515 275/584/440 269/585/516
f 1108/586/517 1183/587/518 1095/516/457
f 970/588/519 799/589/520 800/590/521
f 800/590/521 801/175/172 796/591/522
f 1033/592/523 1002/593/524 1032/594/525
f 657/595/214 629/596/526 656/597/527
f 683/417/381 810/598/528 811/415/379
f 359/599/529 361/462/413 363/60/60
f 363/60/60 362/59/59 359/599/529
f 837/400/366 739/600/530 836/401/367
f 814/601/531 807/602/532 815/80/80
f 255/603/52 277/604/533 272/605/534
f 100/606/535 11/607/536 12/608/537
f 959/609/538 888/610/539 960/611/540
f 751/612/541 824/613/542 823/349/326
f 752/614/543 822/615/544 825/501/443
f 400/616/545 399/617/546 332/618/547
f 645/619/548 674/620/340 675/621/339
f 90/622/549 6/309/290 89/34/34
f 449/623/550 950/624/551 951/625/552
f 402/438/396 399/617/546 401/626/553
f 130/627/554 98/479/425 131/478/424
f 118/628/555 64/335/315 119/629/556
f 201/156/153 94/630/375 224/631/374
f 814/601/531 819/632/444 825/633/443
f 808/634/557 821/48/48 806/47/47
f 104/635/558 39/116/115 105/636/559
f 83/637/560 42/127/126 41/123/122
f 810/598/528 832/428/249 831/423/329
f 377/638/352 366/639/561 380/640/350
f 243/641/293 134/642/562 168/643/292
f 808/634/557 825/633/443 822/644/544
f 782/645/563 760/582/490 761/646/564
f 998/647/565 1006/648/566 995/483/427
f 84/237/165 77/649/567 103/650/193
f 818/651/568 824/652/542 826/72/72
f 365/580/513 627/653/569 426/654/570
f 732/655/571 741/656/572 731/657/573
f 839/485/429 998/647/565 995/483/427
f 901/103/102 905/658/574 868/659/575
f 1027/660/576 1039/661/577 1028/662/578
f 398/663/579 343/664/580 401/626/553
f 301/665/581 411/563/499 419/666/582
f 844/667/583 842/668/584 843/669/585
f 841/670/586 845/190/186 842/671/584
f 786/672/587 974/673/588 847/188/184
f 788/674/589 847/188/184 845/190/186
f 666/675/590 636/676/591 641/677/592
f 500/342/40 499/678/593 501/343/320
f 791/679/594 847/188/184 974/673/588
f 1080/680/595 1176/681/596 1081/682/597
f 793/683/598 843/669/585 842/668/584
f 412/684/599 413/685/600 587/314/294
f 243/686/293 166/113/112 238/687/484
f 439/688/601 415/689/602 440/690/603
f 862/465/415 789/82/82 783/466/416
f 686/691/604 794/692/605 827/693/606
f 119/694/556 31/695/607 118/696/555
f 827/697/606 796/591/522 801/175/172
f 749/539/480 752/614/543 750/538/479
f 975/698/608 988/699/609 976/700/610
f 415/689/602 412/684/599 414/701/611
f 361/462/413 360/702/612 429/703/613
f 1187/704/614 1150/705/615 1184/706/616
f 13/707/617 128/708/618 86/357/332
f 757/709/619 866/710/620 851/711/621
f 1003/712/622 1027/660/576 1004/713/623
f 273/714/211 655/715/624 621/473/422
f 27/432/390 31/695/607 34/716/625
f 171/717/111 137/718/337 242/719/87
f 675/365/339 651/720/626 676/721/627
f 1013/722/628 1028/723/578 1039/724/577
f 1187/725/614 1185/726/629 1186/507/449
f 372/727/405 292/728/630 295/209/202
f 320/729/631 314/460/412 315/730/632
f 418/731/633 409/732/634 336/359/333
f 821/733/48 745/536/477 820/734/46
f 644/735/635 671/736/93 672/737/92
f 711/738/636 279/739/637 710/533/474
f 1061/740/638 1147/741/639 1148/742/640
f 1160/743/641 1173/744/642 1092/745/643
f 628/746/77 653/747/91 634/748/644
f 294/210/203 292/728/630 293/749/645
f 755/750/646 850/751/647 856/752/648
f 173/266/251 169/410/376 174/227/218
f 1044/753/649 1041/754/246 1043/755/245
f 995/483/427 997/756/650 993/757/13
f 654/758/651 628/746/77 652/759/652
f 155/760/653 226/761/654 154/193/187
f 1008/762/655 1014/763/656 1043/260/245
f 1299/764/657 1250/765/453 1251/766/276
f 583/767/658 603/768/659 604/769/660
f 621/473/422 668/770/284 678/474/283
f 17/203/196 22/771/661 18/772/662
f 886/773/663 888/774/539 889/775/664
f 465/776/665 467/777/666 468/778/667
f 325/779/668 323/136/135 324/780/669
f 268/503/445 284/219/210 407/781/670
f 955/782/671 700/783/672 954/784/673
f 87/785/674 49/142/141 88/274/258
f 236/39/39 167/786/675 239/191/86
f 1023/787/676 1049/15/15 1050/28/28
f 88/358/258 9/788/677 87/789/674
f 163/38/38 166/113/112 167/786/675
f 882/790/678 884/791/679 885/792/680
f 400/616/545 843/669/585 398/663/579
f 463/793/681 959/609/538 960/611/540
f 885/794/680 954/784/673 957/795/682
f 764/559/497 765/796/503 766/797/683
f 452/347/324 515/798/271 546/799/273
f 409/732/634 416/547/488 336/359/333
f 97/800/684 132/801/685 103/199/193
f 299/378/351 406/802/686 408/803/687
f 428/551/489 309/804/386 761/805/564
f 127/806/688 85/807/270 82/808/269
f 589/809/689 413/685/600 441/810/690
f 431/811/691 305/812/692 432/813/693
f 520/814/94 415/689/602 439/688/601
f 548/815/694 700/783/672 955/782/671
f 435/816/695 415/689/602 478/817/696
f 1052/818/697 1137/819/698 1053/820/699
f 624/583/515 271/821/700 406/802/686
f 901/103/102 906/105/104 873/822/701
f 488/823/702 420/824/703 487/825/704
f 916/826/705 422/827/706 915/828/707
f 909/829/708 907/830/709 908/831/710
f 921/832/711 576/833/712 920/834/713
f 197/330/310 206/240/229 198/329/309
f 929/835/714 860/836/715 928/837/707
f 921/838/711 693/839/716 577/840/717
f 617/841/718 989/842/719 618/843/720
f 546/289/273 476/844/696 539/845/721
f 476/844/696 540/846/722 539/845/721
f 433/315/295 606/3/3 607/847/723
f 264/513/454 274/491/435 268/503/445
f 896/848/574 940/849/44 904/850/724
f 561/851/725 440/690/603 555/852/726
f 520/814/94 523/853/727 521/854/728
f 461/855/22 555/856/726 556/857/729
f 488/858/702 453/346/323 541/859/730
f 692/860/43 937/861/731 936/862/732
f 991/863/733 618/864/720 989/865/719
f 909/866/708 687/867/734 910/868/735
f 549/185/31 517/869/3 550/183/180
f 984/870/736 979/871/737 985/872/738
f 562/873/739 524/874/740 563/875/33
f 489/876/741 544/163/160 545/877/742
f 889/878/664 958/879/97 962/880/743
f 523/881/727 558/882/744 521/883/728
f 515/884/271 543/162/159 513/885/745
f 830/886/173 805/887/746 828/446/171
f 448/888/747 949/889/748 950/624/551
f 533/890/749 531/891/750 532/892/751
f 496/893/752 494/40/40 495/42/42
f 542/164/161 513/885/745 543/162/159
f 147/445/401 143/90/90 146/180/177
f 926/894/753 859/895/754 925/896/755
f 568/897/756 566/898/757 567/23/23
f 519/899/758 550/183/180 517/869/3
f 506/900/759 471/901/760 569/902/761
f 535/903/762 532/892/751 536/904/763
f 485/526/467 537/905/764 486/906/765
f 959/609/538 701/907/98 958/879/97
f 498/908/766 468/909/667 499/910/593
f 557/911/161 521/883/728 558/882/744
f 1040/912/767 1021/913/768 1026/914/769
f 436/915/770 515/287/271 513/916/745
f 434/917/771 512/918/772 510/95/32
f 935/919/486 905/658/574 934/920/773
f 987/921/469 591/922/774 986/923/50
f 872/924/775 967/925/776 966/926/777
f 477/927/696 555/852/726 440/690/603
f 865/928/778 957/929/682 954/930/673
f 548/931/694 547/932/779 432/813/693
f 859/895/754 928/837/707 860/836/715
f 478/817/696 415/689/602 520/814/94
f 1306/933/780 1086/934/781 1128/935/782
f 907/830/709 913/936/783 908/831/710
f 1089/937/784 1179/938/785 1180/939/786
f 533/890/749 537/905/764 534/940/787
f 851/711/621 898/97/96 903/941/788
f 563/875/33 564/942/789 562/873/739
f 991/863/733 979/871/737 984/870/736
f 568/897/756 471/901/760 470/943/790
f 140/944/791 209/355/331 210/945/792
f 538/345/322 450/946/793 541/859/730
f 890/947/487 892/948/794 893/949/795
f 528/33/33 529/950/796 527/31/31
f 528/33/33 446/951/797 530/952/798
f 554/953/799 464/277/261 502/276/260
f 889/775/664 941/75/75 886/773/663
f 612/954/800 616/955/801 615/956/31
f 568/897/756 572/957/802 569/902/761
f 612/954/800 596/958/803 602/959/804
f 613/70/70 595/960/805 594/68/68
f 543/162/159 454/961/806 545/877/742
f 472/962/807 505/963/704 509/964/808
f 990/51/51 704/965/809 992/966/810
f 978/967/811 990/51/51 992/966/810
f 80/170/167 2/968/812 79/969/221
f 191/326/306 192/328/308 189/324/304
f 26/398/360 27/432/390 23/431/389
f 531/970/750 478/817/696 532/971/751
f 380/640/350 352/972/813 392/973/814
f 414/701/611 412/684/599 305/812/692
f 643/974/815 641/677/592 642/975/816
f 1303/976/817 1233/977/818 1304/978/819
f 105/979/559 18/772/662 104/980/558
f 895/981/820 965/982/821 926/983/753
f 809/984/822 369/985/327 823/986/326
f 197/330/310 226/987/654 205/988/823
f 871/989/824 958/98/97 898/97/96
f 438/990/825 519/991/758 517/992/3
f 480/104/103 524/993/740 525/994/826
f 526/995/827 563/875/33 524/874/740
f 967/996/776 965/982/821 966/997/777
f 192/328/308 220/998/179 218/395/178
f 492/999/828 460/1000/110 493/1001/41
f 980/1002/468 989/865/719 988/1003/609
f 447/1004/762 539/1005/721 540/1006/722
f 492/999/828 551/184/181 552/1007/829
f 1320/1008/830 1306/933/780 1128/935/782
f 484/1009/40 483/1010/465 485/1011/467
f 603/1012/659 595/960/805 604/1013/660
f 883/1014/831 956/1015/832 918/1016/239
f 978/967/811 985/1017/738 979/1018/737
f 956/1015/832 691/1019/240 918/1016/239
f 599/1020/833 991/863/733 984/870/736
f 550/183/180 460/1000/110 552/1007/829
f 848/407/373 727/494/438 740/1021/834
f 437/288/272 415/689/602 476/844/696
f 775/570/504 798/351/328 846/263/248
f 593/1022/835 595/960/805 596/1023/803
f 401/626/553 400/616/545 398/663/579
f 901/103/102 897/1024/836 902/540/481
f 945/1025/837 687/1026/734 909/1027/708
f 960/611/540 888/610/539 924/1028/838
f 877/1029/839 875/1030/840 876/1031/841
f 100/606/535 13/707/617 91/356/259
f 867/557/495 591/922/774 975/698/608
f 783/466/416 340/1032/842 347/467/417
f 1313/1033/61 1194/1034/843 1197/1035/844
f 561/1036/725 465/776/665 523/1037/727
f 1040/912/767 1001/1038/845 1025/1039/846
f 324/780/669 306/1040/847 307/1041/848
f 1219/1042/849 1289/1043/850 1112/1044/851
f 783/466/416 864/1045/852 340/1032/842
f 807/602/532 806/47/47 805/887/746
f 1031/1046/853 1003/712/622 1030/1047/854
f 670/1048/343 630/1049/855 659/1050/856
f 1009/1051/857 1035/1052/858 1039/661/577
f 666/675/590 664/1053/345 635/1054/859
f 1013/1055/628 1039/661/577 1035/1052/858
f 1028/723/578 1012/1056/860 1029/1057/861
f 604/1013/660 595/960/805 614/1058/862
f 238/687/484 162/1059/863 235/211/204
f 101/1060/864 72/1061/865 71/1062/866
f 929/1063/714 703/1064/867 702/1065/868
f 960/1066/540 922/1067/869 923/1068/870
f 1018/1069/871 1047/1070/14 1048/1071/872
f 1033/1072/523 1017/1073/873 1034/1074/874
f 1031/1075/853 1016/1076/875 1044/1077/649
f 984/1078/736 584/1079/876 983/1080/877
f 1036/1081/878 996/1082/501 1037/1083/30
f 1211/1084/879 1210/1085/244 1076/1086/243
f 653/91/91 671/93/93 641/677/592
f 641/677/592 636/676/591 653/91/91
f 1045/1087/880 706/1088/881 1042/262/247
f 587/314/294 312/518/459 412/684/599
f 1142/1089/882 1197/1090/844 1219/1091/849
f 99/1092/399 130/627/554 95/1093/398
f 648/1094/883 650/1095/884 651/720/626
f 789/82/82 798/351/328 777/571/505
f 1017/1073/873 1046/1096/67 1018/1069/871
f 969/1097/885 855/1098/886 840/1099/887
f 1021/913/768 1038/29/29 1022/1100/888
f 650/1095/884 667/301/212 657/1101/214
f 888/774/539 920/1102/713 924/1103/838
f 1024/1104/889 1009/1051/857 1005/1105/890
f 104/980/558 22/771/661 108/224/215
f 439/688/601 561/851/725 523/853/727
f 844/667/583 400/616/545 785/1106/891
f 454/1107/806 452/347/324 453/346/323
f 1005/1105/890 996/1082/501 1024/1104/889
f 92/36/36 98/479/425 99/1092/399
f 252/1108/54 251/530/471 250/1109/892
f 254/1110/893 249/1111/894 253/1112/895
f 255/52/52 250/1113/892 254/1114/893
f 258/1115/896 256/529/470 257/531/472
f 120/1116/897 74/1117/898 73/452/406
f 263/1118/439 257/531/472 262/1119/899
f 995/483/427 848/407/373 838/484/428
f 728/492/436 735/406/372 734/498/441
f 805/887/746 803/1120/900 804/447/402
f 944/1121/901 906/105/104 943/1122/902
f 270/53/53 624/583/515 269/585/516
f 272/1123/534 271/821/700 270/53/53
f 252/54/54 269/585/516 285/1124/903
f 1317/1125/904 1262/1126/905 1267/1127/906
f 721/1128/407 726/1129/907 725/1130/908
f 724/497/434 725/1130/908 728/492/436
f 277/604/533 276/1131/909 289/1132/910
f 254/1110/893 278/1133/911 277/604/533
f 272/605/534 289/1132/910 408/1134/687
f 16/380/353 132/801/685 14/295/277
f 1180/939/786 1256/1135/912 1324/9/9
f 332/618/547 322/1136/913 319/458/410
f 1104/1137/914 1066/1138/915 1114/1139/916
f 438/990/825 414/701/611 431/811/691
f 260/1140/455 259/1141/917 258/1115/896
f 1239/1142/918 1238/1143/919 1175/1144/920
f 161/1145/921 230/385/226 232/267/225
f 999/1146/922 753/475/423 1006/648/566
f 424/564/500 411/563/499 301/665/581
f 305/812/692 303/1147/923 304/1148/384
f 412/684/599 306/1149/847 303/1147/923
f 303/1150/923 310/56/56 308/421/385
f 407/781/670 625/76/76 283/173/170
f 311/1151/924 318/1152/411 316/519/460
f 321/1153/925 319/458/410 320/729/631
f 205/988/823 214/1154/926 184/321/301
f 184/321/301 206/240/229 205/988/823
f 350/1155/927 351/167/164 348/1156/928
f 323/136/135 310/56/56 306/1040/847
f 785/1106/891 770/568/222 771/1157/929
f 714/523/464 736/1158/930 281/1159/931
f 771/1160/929 772/234/224 773/1161/932
f 328/1162/334 318/459/411 322/1136/913
f 340/1163/842 330/55/55 331/1164/933
f 833/214/207 807/602/532 830/886/173
f 331/1164/933 326/57/57 327/1165/934
f 884/791/679 917/1166/935 919/1167/936
f 337/1168/937 404/1169/938 336/359/333
f 231/426/199 135/319/299 139/1170/939
f 1247/1171/940 1131/1172/941 1322/1173/942
f 142/470/420 227/1174/268 213/354/267
f 305/812/692 428/551/489 863/1175/943
f 260/514/455 265/1176/944 261/1177/945
f 756/1178/491 762/581/514 758/1179/946
f 813/27/27 810/598/528 809/984/822
f 809/984/822 812/25/25 813/27/27
f 368/1180/947 366/639/561 367/58/58
f 496/1181/752 458/1182/948 547/1183/779
f 81/1184/949 82/808/269 83/1185/560
f 385/1186/414 335/1187/950 387/19/19
f 379/388/236 626/1188/951 371/1189/952
f 223/299/281 220/182/179 224/408/374
f 558/882/744 559/1190/953 557/911/161
f 377/1191/352 375/1192/954 376/1193/955
f 388/1194/511 349/1195/956 348/1196/928
f 384/1197/957 348/1156/928 351/167/164
f 14/295/277 96/1198/958 102/381/354
f 754/1199/959 826/1200/72 824/613/542
f 373/1201/960 354/248/234 353/247/233
f 1237/1202/961 1240/1203/962 1241/1204/963
f 57/141/140 100/1205/535 91/275/259
f 715/521/462 711/1206/636 713/106/105
f 812/25/25 823/986/326 824/652/542
f 371/1207/952 364/1208/964 379/251/236
f 388/578/511 426/654/570 389/1209/965
f 200/332/312 227/284/268 222/1210/966
f 65/147/146 102/577/354 96/1211/958
f 181/160/157 209/1212/331 213/283/267
f 376/1213/955 362/59/59 377/638/352
f 282/1214/967 393/403/369 394/469/419
f 370/1215/968 359/599/529 376/1213/955
f 1121/1216/969 1259/1217/970 1261/1218/971
f 722/499/430 733/1219/972 723/1220/973
f 397/433/391 288/1221/974 395/171/168
f 664/1053/345 643/974/815 670/1048/343
f 301/665/581 419/666/582 418/731/633
f 840/1099/887 755/750/646 969/1097/885
f 604/1013/660 600/1222/764 605/1223/975
f 864/1224/852 308/421/385 330/55/55
f 1198/1225/976 1114/1139/916 1225/1226/977
f 757/709/619 758/1227/946 759/1228/978
f 403/436/394 342/1229/979 341/1230/980
f 436/915/770 415/689/602 437/288/272
f 840/1099/887 780/572/506 755/750/646
f 1020/1231/981 1046/67/67 1033/592/523
f 335/1187/950 331/1164/933 327/1165/934
f 716/1232/982 719/487/431 279/739/637
f 160/205/198 173/266/251 174/227/218
f 1192/1233/983 1110/1234/984 1214/1235/985
f 585/1236/986 985/1237/738 981/1238/987
f 1257/1239/988 1302/1240/133 1260/1241/132
f 193/249/235 225/1242/370 204/158/155
f 425/375/348 410/1243/989 411/563/499
f 321/1153/925 681/566/502 785/1106/891
f 843/669/585 400/616/545 844/667/583
f 1254/554/492 1256/1244/912 1258/1245/990
f 973/1246/208 857/1247/991 854/1248/992
f 368/1180/947 417/1249/349 389/1209/965
f 1236/1250/993 1238/1251/919 1240/1203/962
f 885/794/680 455/1252/994 955/782/671
f 419/666/582 411/563/499 410/1243/989
f 177/316/296 230/236/226 229/1253/356
f 313/1254/995 314/1255/412 311/1151/924
f 995/483/427 706/1088/881 997/756/650
f 404/1169/938 337/1168/937 403/1256/394
f 1015/1257/996 1042/1258/247 1041/1259/246
f 329/1260/335 322/1136/913 333/1261/997
f 250/1109/892 248/1262/998 249/1263/894
f 130/627/554 133/1264/280 93/1265/282
f 850/1266/647 774/1267/999 775/570/504
f 29/1268/1000 121/218/100 116/1269/475
f 228/1270/421 222/1271/966 227/1272/268
f 706/1088/881 995/483/427 1006/648/566
f 589/809/689 480/104/103 590/1273/1001
f 629/596/526 663/1274/1002 656/597/527
f 1001/1038/845 1032/594/525 1002/593/524
f 547/1183/779 456/1275/1003 496/1181/752
f 1256/1244/912 1134/1276/1004 1324/155/9
f 901/103/102 975/698/608 976/700/610
f 879/1277/1005 914/1278/1006 880/1279/1007
f 878/546/487 880/1279/1007 881/544/485
f 469/1280/1008 471/901/760 472/962/807
f 901/103/102 757/709/619 784/560/498
f 780/572/506 852/1281/1009 850/751/647
f 649/1282/1010 677/364/338 678/302/283
f 150/1283/1011 215/179/176 216/1284/230
f 685/1285/1012 836/401/367 739/600/530
f 798/351/328 789/82/82 797/1286/1013
f 653/747/91 628/746/77 654/758/651
f 797/1286/1013 682/1287/387 831/352/329
f 755/750/646 861/1288/1014 857/1247/991
f 1269/1289/1015 1167/1290/1016 1268/1291/1017
f 833/1292/207 970/588/519 973/1246/208
f 729/108/107 1005/1293/890 741/656/572
f 1134/1276/1004 1132/1294/1018 1133/153/152
f 1200/1295/1019 1104/1137/914 1198/1225/976
f 403/1256/394 586/1296/1020 404/1169/938
f 861/1297/1014 834/265/250 835/1298/191
f 212/1299/1021 214/1300/926 155/760/653
f 845/190/186 793/1301/598 842/671/584
f 1176/681/596 1238/1143/919 1320/1302/830
f 225/404/370 129/1303/1022 124/1304/1023
f 441/810/690 413/685/600 442/1305/1024
f 875/1030/840 913/1306/783 876/1031/841
f 1019/1307/1025 1021/913/768 1022/1100/888
f 526/1308/827 442/1305/1024 566/1309/757
f 1147/741/639 1225/1310/977 1148/742/640
f 714/523/464 280/1311/1026 711/1206/636
f 565/1312/798 507/1313/1027 508/1314/1028
f 912/1315/1029 911/1316/1030 579/1317/1031
f 918/1318/239 574/1319/1032 917/1320/935
f 951/1321/552 421/1322/754 580/1323/870
f 1028/662/578 1004/713/623 1027/660/576
f 207/161/158 200/332/312 199/331/311
f 384/1324/957 355/246/232 358/579/512
f 78/344/321 67/148/147 77/649/567
f 498/908/766 559/1190/953 560/1325/1033
f 520/814/94 521/854/728 522/1326/1034
f 695/1327/696 966/926/777 968/1328/1035
f 581/1329/1036 897/1024/836 949/1330/748
f 514/1331/1037 436/915/770 513/916/745
f 516/1332/94 517/992/3 518/1333/1038
f 900/1334/696 947/1335/1039 698/1336/1040
f 899/542/483 948/541/482 947/1335/1039
f 441/810/690 526/1308/827 524/993/740
f 976/700/610 989/842/719 617/841/718
f 566/1309/757 479/1337/1041 567/1338/23
f 890/947/487 943/1339/902 964/1340/1042
f 878/546/487 934/1341/773 952/1342/1043
f 565/1343/798 472/962/807 509/964/808
f 676/721/627 651/720/626 663/1344/1002
f 688/1345/1044 931/1346/1045 930/1347/1046
f 912/1348/1029 876/1349/841 913/1350/783
f 690/1351/1044 934/1341/773 933/1352/1047
f 485/526/467 445/525/466 534/940/787
f 874/1353/1048 931/1346/1045 945/1025/837
f 530/1354/798 446/1355/797 483/524/465
f 619/1356/1049 986/50/50 620/1357/1050
f 877/1358/839 947/1359/1039 948/1360/482
f 951/625/552 880/1361/1007 914/1362/1006
f 830/176/173 799/589/520 833/1292/207
f 992/1363/810 585/1236/986 981/1238/987
f 608/1364/2 612/954/800 606/1365/3
f 110/439/397 51/130/129 111/1366/1051
f 489/876/741 454/961/806 490/1367/593
f 538/345/322 546/799/273 539/1005/721
f 942/1368/1052 964/1340/1042 943/1339/902
f 597/1369/1053 609/69/69 611/1370/1054
f 926/983/753 892/1371/794 927/1372/1055
f 894/1373/1056 966/997/777 965/982/821
f 881/1374/485 949/889/748 953/1375/1057
f 554/953/799 561/1036/725 555/856/726
f 916/1376/705 689/1377/1058 573/1378/1059
f 932/1379/1060 902/540/481 931/1380/1045
f 897/1024/836 953/1381/1057 949/1330/748
f 553/1382/1061 432/813/693 547/932/779
f 870/1383/1062 937/1384/731 938/1385/1063
f 905/658/574 933/1386/1047 934/920/773
f 941/1387/75 904/850/724 940/849/44
f 865/928/778 954/930/673 700/1388/672
f 1131/1172/941 1087/1389/1064 1090/1390/1065
f 420/824/703 490/1391/593 487/825/704
f 1181/1392/1066 1065/1393/1067 1064/1394/1068
f 870/1383/1062 957/929/682 869/1395/1069
f 1289/1043/850 1062/1396/1070 1112/1044/851
f 961/74/74 693/1397/716 921/1398/711
f 922/1067/869 920/834/713 576/833/712
f 887/1399/1071 961/74/74 921/1398/711
f 964/1340/1042 703/1400/867 929/1401/714
f 946/1402/1072 876/1349/841 912/1348/1029
f 950/624/551 880/1361/1007 951/625/552
f 879/1277/1005 952/1342/1043 916/1403/705
f 35/225/216 21/389/358 36/216/209
f 875/1030/840 945/1025/837 909/1027/708
f 468/778/667 501/1404/320 499/1405/593
f 578/1406/1073 946/1402/1072 912/1348/1029
f 376/1193/955 298/1407/1074 370/1408/968
f 893/949/795 944/1409/901 890/947/487
f 1015/1257/996 1044/1077/649 1016/1076/875
f 136/1410/1075 211/1411/383 212/1299/1021
f 554/953/799 467/777/666 466/1412/1076
f 1134/1276/1004 1091/1413/1077 1094/1414/1078
f 386/1415/1079 339/1416/1080 385/1186/414
f 874/1353/1048 948/1417/482 932/1418/1060
f 651/720/626 656/1419/527 663/1344/1002
f 891/1420/1005 964/1340/1042 929/1401/714
f 891/1420/1005 927/1421/1055 892/948/794
f 139/1422/939 156/207/200 231/206/199
f 458/1182/948 519/1423/758 553/1424/1061
f 952/1342/1043 689/1425/1058 916/1403/705
f 1173/744/642 1318/1426/1081 1174/1427/1082
f 424/564/500 301/665/581 586/1296/1020
f 1027/660/576 1031/1046/853 1044/1428/649
f 743/1429/1083 839/485/429 837/400/366
f 402/438/396 343/664/580 342/1229/979
f 120/1430/897 27/432/390 34/716/625
f 901/103/102 976/700/610 617/841/718
f 305/812/692 304/1148/384 428/551/489
f 440/690/603 516/1332/94 477/927/696
f 965/982/821 892/1371/794 926/983/753
f 992/1431/810 704/1432/809 982/1433/735
f 103/650/193 67/148/147 97/1434/684
f 977/49/49 979/1018/737 980/527/468
f 506/1435/759 504/1436/1084 505/1437/704
f 589/809/689 609/1438/69 610/1439/1085
f 590/1273/1001 609/1438/69 589/809/689
f 902/540/481 930/1440/1046 931/1380/1045
f 956/1015/832 938/1441/1063 937/861/731
f 615/956/31 606/1365/3 612/954/800
f 602/1442/804 596/1023/803 603/1012/659
f 512/1443/772 528/33/33 510/32/32
f 699/1444/1056 947/1359/1039 946/1402/1072
f 512/918/772 435/816/695 531/970/750
f 868/659/575 953/1381/1057 897/1024/836
f 873/822/701 967/925/776 872/924/775
f 563/875/33 472/1445/807 565/1446/798
f 885/792/680 938/1441/1063 882/790/678
f 613/70/70 600/1222/764 614/1058/862
f 558/882/744 468/909/667 560/1325/1033
f 533/890/749 445/525/466 444/1447/1076
f 1006/648/566 741/1448/572 1005/1105/890
f 385/463/414 429/703/613 386/1449/1079
f 732/655/571 738/1450/1086 737/522/463
f 161/1145/921 156/207/200 159/383/355
f 1285/1451/1087 1058/1452/1088 1110/1234/984
f 415/689/602 434/917/771 476/844/696
f 634/748/644 286/1453/392 628/746/77
f 697/1454/869 917/1320/935 574/1319/1032
f 35/225/216 29/1268/1000 30/367/341
f 633/1455/1089 624/583/515 635/1456/859
f 646/1457/1090 675/621/339 676/1458/627
f 434/917/771 415/689/602 435/816/695
f 175/119/118 210/1459/792 209/1212/331
f 1092/745/643 1174/1427/1082 1093/1460/1091
f 470/943/790 526/1461/827 566/898/757
f 852/1462/1009 758/1179/946 774/1267/999
f 421/1322/754 915/828/707 422/827/706
f 1227/1463/1092 1229/1464/1093 1231/1465/1094
f 321/1153/925 320/729/631 681/566/502
f 358/579/512 354/248/234 357/252/237
f 1107/1466/1095 1207/1467/65 1208/1468/1096
f 696/1469/1097 884/1470/679 919/1471/936
f 676/1472/627 632/1473/1098 662/1474/1099
f 774/1267/999 762/581/514 776/83/83
f 1009/1051/857 1039/661/577 1014/763/656
f 713/1475/105 710/533/474 712/532/473
f 207/161/158 241/1476/288 245/429/252
f 657/223/214 640/222/213 658/1477/1100
f 90/1478/549 54/143/142 53/139/138
f 124/1479/1023 204/158/155 225/1242/370
f 602/1480/804 582/1481/1101 601/1482/1028
f 1010/1483/1102 1037/1484/30 1038/1485/29
f 1292/1486/1103 1224/1487/1104 1293/1488/1105
f 417/1249/349 367/58/58 391/569/21
f 530/1489/798 481/1490/1106 482/1491/1028
f 673/1492/1107 652/759/652 674/1493/340
f 1043/260/245 1042/262/247 706/1088/881
f 706/1088/881 1008/762/655 1043/260/245
f 1144/1494/1108 1291/1495/1109 1217/1496/1110
f 655/715/624 669/1497/378 668/770/284
f 631/1498/1111 643/974/815 660/1499/1112
f 1020/1231/981 1026/914/769 1021/913/768
f 829/1500/403 827/693/606 828/1501/171
f 707/1502/1113 836/401/367 684/1503/1114
f 865/928/778 548/931/694 432/813/693
f 1011/1504/1115 1038/1485/29 1040/1505/767
f 644/735/635 642/1506/816 671/736/93
f 392/1507/814 406/802/686 380/377/350
f 1022/1100/888 1049/15/15 1019/1307/1025
f 474/1508/94 897/1024/836 679/1509/1116
f 345/1510/1117 382/187/183 381/166/163
f 594/68/68 608/1511/2 610/1512/1085
f 1084/1513/1118 1178/1514/1119 1085/1515/1120
f 356/270/254 430/1516/182 829/448/403
f 356/270/254 829/448/403 804/447/402
f 1057/1517/1121 1141/1518/1122 1142/1089/882
f 1075/1519/1123 1076/258/243 1162/1520/1124
f 1162/1520/1124 1116/1521/1125 1075/1519/1123
f 1210/259/244 1216/1522/1126 1163/1523/1127
f 1163/1523/1127 1118/257/242 1210/259/244
f 1077/1524/1128 1078/272/256 1164/1525/1129
f 1164/1525/1129 1120/1526/1130 1077/1524/1128
f 1221/273/257 1205/1527/1131 1161/1528/1132
f 1161/1528/1132 1122/271/255 1221/273/257
f 279/739/637 256/529/470 716/1232/982
f 587/314/294 311/1151/924 312/518/459
f 1265/1529/1133 1174/1427/1082 1266/1530/1134
f 1169/1531/1135 1168/1532/1136 1273/151/150
f 1181/1392/1066 1150/705/615 1182/1533/1137
f 1286/1534/1138 1053/820/699 1137/819/698
f 1292/1486/1103 1061/740/638 1148/742/640
f 1295/64/64 1065/1393/1067 1288/1535/1139
f 238/543/484 203/159/156 243/641/293
f 1234/1536/1140 1116/1521/1125 1115/1537/1141
f 1145/1538/1142 1289/1043/850 1194/1034/843
f 1139/1539/1143 1285/1540/1087 1189/1541/1144
f 1281/1542/1145 1180/939/786 1282/8/8
f 1171/1543/1146 1170/1544/1147 1279/337/316
f 1138/1545/1148 1211/1084/879 1076/1086/243
f 1076/1086/243 1075/1546/1123 1138/1545/1148
f 1143/1547/1149 1144/1494/1108 1216/1522/1126
f 1216/1522/1126 1210/259/244 1143/1547/1149
f 851/711/621 903/941/788 870/1383/1062
f 1149/1548/1150 1222/1549/1151 1078/272/256
f 1078/272/256 1077/1524/1128 1149/1548/1150
f 1151/1550/1152 1152/1551/1153 1205/1527/1131
f 1205/1527/1131 1221/273/257 1151/1550/1152
f 266/505/447 622/1552/1154 265/1176/944
f 734/498/441 849/405/371 733/1219/972
f 1043/260/245 1027/660/576 1044/1428/649
f 454/1107/806 487/1553/704 490/1554/593
f 442/1305/1024 413/685/600 479/1337/1041
f 438/990/825 553/1382/1061 519/991/758
f 443/1555/665 445/525/466 446/1355/797
f 1263/1556/1155 1165/1557/1156 1262/1126/905
f 1198/1558/976 1199/1559/1157 1200/1560/1019
f 1124/1561/1158 1318/1562/1081 1125/1563/1159
f 749/539/480 821/733/48 822/615/544
f 1152/1564/1153 1206/1565/1160 1205/1566/1131
f 1113/1567/1161 1224/1568/1104 1225/1226/977
f 1152/1564/1153 1296/1569/66 1206/1565/1160
f 1149/1548/1150 1216/1522/1126 1217/1496/1110
f 1111/1570/1162 1218/1571/1163 1219/1042/849
f 1144/1494/1108 1217/1496/1110 1216/1522/1126
f 1109/1572/1164 1213/1573/18 1214/1235/985
f 1023/787/676 1037/30/30 996/1574/501
f 1286/1575/1138 1213/18/18 1287/17/17
f 1239/1142/918 1298/1576/12 1242/1577/11
f 1248/292/274 1247/1578/940 1177/1579/1165
f 1261/1218/971 1259/1217/970 1260/133/132
f 1227/1463/1092 1226/1580/1166 1153/1581/1167
f 839/485/429 740/1021/834 837/400/366
f 1236/1250/993 1235/1582/1168 1155/1583/1169
f 1245/1584/1170 1247/1585/940 1249/510/452
f 1119/1586/1171 1250/765/453 1252/1587/1172
f 1280/1588/1173 1171/1543/1146 1279/337/316
f 1190/1589/1174 1098/1590/1175 1188/1591/1176
f 1305/1592/1177 1082/1593/1178 1125/1563/1159
f 1208/1594/1096 1181/1392/1066 1183/1595/518
f 1229/1464/1093 1125/1563/1159 1318/1562/1081
f 108/464/215 40/117/116 104/635/558
f 99/443/399 59/144/143 92/440/36
f 239/86/86 191/326/306 236/549/39
f 592/1/1 610/1439/1085 608/2/2
f 1315/1596/1179 1199/1559/1157 1203/1597/1180
f 1274/1598/1181 1169/1531/1135 1273/151/150
f 715/521/462 729/108/107 732/655/571
f 1203/1599/1180 1201/1600/1182 1202/1601/1183
f 1315/1602/1179 1202/1601/1183 1316/1603/1184
f 660/1604/1112 647/1605/1185 661/1606/1186
f 783/466/416 781/84/84 782/645/563
f 1246/1607/451 1119/1586/1171 1244/1608/1187
f 1154/1609/1188 1175/1144/920 1080/680/595
f 1261/1218/971 1164/1525/1129 1122/271/255
f 1299/764/657 1251/766/276 1300/1610/275
f 1303/976/817 1232/1611/1189 1233/977/818
f 1234/1536/1140 1161/1528/1132 1116/1521/1125
f 264/1612/454 258/1115/896 263/1118/439
f 1158/1613/1190 1179/1614/785 1088/1615/1191
f 58/140/139 72/1061/865 57/141/140
f 763/558/496 769/1616/223 765/796/503
f 397/433/391 283/173/170 396/78/78
f 856/752/648 861/1288/1014 755/750/646
f 1096/517/458 1309/1617/448 1310/1618/450
f 1190/1619/1174 1139/1620/1143 1189/1621/1144
f 1319/1622/1192 1268/1291/1017 1272/1623/1193
f 1130/1624/1194 1322/1173/942 1131/1172/941
f 718/488/432 716/1232/982 717/454/408
f 1267/1127/906 1172/1625/1195 1264/1626/1196
f 1127/1627/1197 1319/1628/1192 1320/1008/830
f 1167/1290/1016 1166/1629/1198 1268/1291/1017
f 1278/1630/151 1168/1631/1136 1275/1632/1199
f 203/159/156 123/1633/1200 134/642/562
f 1100/1634/1201 1098/1590/1175 1099/1635/1202
f 1183/1595/518 1181/1392/1066 1182/1533/1137
f 1102/1636/1203 1313/1637/61 1314/1638/63
f 1106/1639/1204 1104/1137/914 1105/1640/1205
f 73/452/406 71/1062/866 72/1061/865
f 1270/1641/1206 1176/681/596 1271/1642/1207
f 1319/1643/1192 1271/1642/1207 1320/1302/830
f 1136/1644/1208 1135/1645/1209 1191/1646/1210
f 1141/1518/1122 1140/1647/1211 1196/62/62
f 115/1648/404 31/695/607 28/397/364
f 62/1649/1212 202/85/85 63/362/336
f 1125/1563/1159 1123/1650/1213 1124/1561/1158
f 1311/1651/1214 1191/1646/1210 1312/1652/1215
f 1185/726/629 1284/1653/1216 1186/507/449
f 1309/1654/448 1182/1533/1137 1187/704/614
f 1222/1549/1151 1221/273/257 1078/272/256
f 1215/1655/1217 1217/1496/1110 1218/1656/1163
f 665/1657/1218 635/1054/859 664/1053/345
f 1296/1569/66 1207/1658/65 1206/1565/1160
f 1290/1659/1219 1057/1517/1121 1142/1089/882
f 1210/1085/244 1212/16/16 1143/1660/1149
f 1212/16/16 1213/18/18 1209/1661/1220
f 1204/1662/1221 1206/1565/1160 1207/1658/65
f 143/90/90 217/1663/362 218/181/178
f 1138/1545/1148 1205/1566/1131 1206/1565/1160
f 1223/1664/1222 1293/1665/1105 1224/1666/1104
f 1291/1495/1109 1218/1656/1163 1217/1496/1110
f 1221/273/257 1223/1664/1222 1151/1550/1152
f 1223/1664/1222 1224/1666/1104 1220/1667/1223
f 993/757/13 1048/1668/872 1047/1669/14
f 1297/10/10 1241/1670/963 1242/11/11
f 1257/1239/988 1256/1671/912 1179/1614/785
f 1131/1172/941 1129/1672/1224 1130/1624/1194
f 1306/933/780 1155/1583/1169 1083/1673/1225
f 1255/1674/1226 1258/1245/990 1259/1675/970
f 1237/1676/961 1117/1677/1227 1235/1678/1168
f 1290/1659/1219 1218/1679/1163 1291/1680/1109
f 1252/1587/1172 1163/1523/1127 1120/1526/1130
f 1308/1681/1228 1159/556/494 1091/1413/1077
f 1249/1682/452 1251/294/276 1250/1683/453
f 1307/1684/1229 1157/1685/1230 1087/1686/1064
f 358/579/512 364/1208/964 365/580/513
f 1228/1687/1231 1231/1465/1094 1232/1688/1189
f 1305/1592/1177 1153/1581/1167 1079/1689/1232
f 389/1209/965 426/654/570 368/1180/947
f 1258/1690/990 1260/1241/132 1259/1691/970
f 863/1175/943 756/553/491 757/709/619
f 1230/1692/1233 1304/1693/819 1233/1694/818
f 1231/1695/1094 1233/1694/818 1232/1696/1189
f 1255/1697/1226 1121/1216/969 1253/1698/493
f 1243/1699/1234 1118/257/242 1117/1677/1227
f 1156/1700/1235 1177/1579/1165 1084/1513/1118
f 1230/1692/1233 1229/1701/1093 1173/744/642
f 818/651/568 853/198/192 817/26/26
f 1245/1584/1170 1244/1702/1187 1157/1685/1230
f 1240/1703/962 1242/1577/11 1241/1704/963
f 1228/1705/1231 1115/1537/1141 1226/1706/1166
f 1243/1699/1234 1162/1520/1124 1118/257/242
f 1201/1600/1182 1294/1707/1236 1202/1601/1183
f 1267/1708/906 1265/1529/1133 1266/1530/1134
f 1317/1709/904 1266/1530/1134 1318/1426/1081
f 1197/1090/844 1141/1518/1122 1196/62/62
f 725/1130/908 705/1710/1237 994/493/437
f 1105/1640/1205 1315/1711/1179 1316/1712/1184
f 1165/1557/1156 1172/1625/1195 1262/1126/905
f 1321/1713/149 1277/374/347 1322/1714/942
f 737/522/463 405/1715/1238 736/1158/930
f 1096/517/458 1310/1618/450 1097/515/456
f 1130/1624/1194 1321/1716/149 1322/1173/942
f 1128/935/782 1126/1717/1239 1127/1627/1197
f 179/320/300 180/322/302 125/318/298
f 1103/1718/1240 1101/1719/1241 1102/1636/1203
f 372/727/405 297/1720/1242 374/386/238
f 1099/1635/1202 1311/1721/1214 1312/1722/1215
f 1276/373/346 1178/1514/1119 1277/374/347
f 1195/1723/1243 1101/1719/1241 1193/1724/1244
f 1311/1725/1214 1189/1621/1144 1192/1726/983
f 1147/741/639 1146/1727/1245 1199/1559/1157
f 1193/1728/1244 1194/1034/843 1195/1729/1243
f 1124/1561/1158 1317/1730/904 1318/1562/1081
f 904/850/724 962/1731/743 871/989/824
f 1204/1662/1221 1287/17/17 1211/1084/879
f 1211/1084/879 1138/1545/1148 1204/1662/1221
f 1209/1732/1220 1291/1495/1109 1144/1494/1108
f 1144/1494/1108 1143/1547/1149 1209/1732/1220
f 1177/1579/1165 1322/1714/942 1178/1514/1119
f 1215/1655/1217 1293/1665/1105 1222/1549/1151
f 1222/1549/1151 1149/1548/1150 1215/1655/1217
f 279/739/637 719/487/431 710/533/474
f 1220/1667/1223 1296/1733/66 1152/1551/1153
f 1152/1551/1153 1151/1550/1152 1220/1667/1223
f 115/449/404 70/333/313 118/628/555
f 504/1436/1084 509/1734/808 505/1437/704
f 196/327/307 224/631/374 220/998/179
f 1054/1735/1246 1095/516/457 1051/1736/1247
f 1136/1644/1208 1214/1737/985 1137/819/698
f 531/891/750 443/1555/665 512/1738/772
f 275/584/440 262/1739/899 285/1124/903
f 186/4/4 188/323/303 185/5/5
f 1323/7/7 1283/1740/317 1282/8/8
f 1212/16/16 1211/1084/879 1287/17/17
f 1120/1526/1130 1301/132/131 1119/1586/1171
f 896/848/574 478/817/696 520/814/94
f 387/19/19 335/1187/950 390/20/20
f 570/22/22 568/897/756 567/23/23
f 812/25/25 818/651/568 817/26/26
f 619/1741/1049 616/955/801 704/1432/809
f 455/1252/994 548/815/694 955/782/671
f 535/1742/762 578/1406/1073 537/1743/764
f 455/1252/994 696/1469/1097 456/1744/1003
f 838/484/428 848/407/373 740/1021/834
f 1050/28/28 1022/1100/888 1038/29/29
f 527/31/31 511/1745/95 510/32/32
f 89/34/34 6/309/290 8/35/35
f 237/37/37 164/1746/1248 163/38/38
f 1117/1677/1227 1300/1610/275 1235/1678/1168
f 494/40/40 491/1747/1249 493/41/41
f 694/43/43 961/74/74 940/44/44
f 820/46/46 803/1120/900 806/47/47
f 977/49/49 987/528/469 986/50/50
f 255/52/52 272/1123/534 270/53/53
f 283/173/170 625/76/76 396/78/78
f 1295/64/64 1220/1748/1223 1113/1567/1161
f 1292/1486/1103 1215/1749/1217 1111/1570/1162
f 1253/555/493 1160/743/641 1159/556/494
f 330/55/55 308/421/385 310/56/56
f 367/58/58 366/639/561 362/59/59
f 1313/61/61 1197/1090/844 1196/62/62
f 1295/64/64 1208/1594/1096 1207/65/65
f 1046/67/67 1019/1307/1025 1049/15/15
f 594/68/68 610/1512/1085 609/69/69
f 1007/71/71 818/651/568 826/72/72
f 961/74/74 886/773/663 941/75/75
f 971/79/79 814/601/531 815/80/80
f 789/82/82 777/571/505 776/83/83
f 202/85/85 195/157/154 239/86/86
f 672/737/92 645/619/548 644/735/635
f 473/94/94 434/917/771 510/95/32
f 48/100/99 76/340/319 121/101/100
f 162/1059/863 164/1746/1248 165/212/205
f 1107/1466/1095 1108/586/517 1054/1735/1246
f 713/106/105 712/1750/473 730/107/106
f 296/208/201 291/402/368 288/1221/974
f 251/530/471 262/1119/899 257/531/472
f 457/109/108 458/1182/948 459/110/109
f 134/642/562 71/1062/866 74/1117/898
f 835/1751/191 857/1247/991 861/1288/1014
f 171/112/111 167/786/675 166/113/112
f 176/118/117 178/317/297 175/119/118
f 1301/132/131 1261/1218/971 1260/133/132
f 334/135/134 327/1165/934 326/57/57
f 791/679/594 855/1098/886 969/1097/885
f 1321/150/149 1274/1598/1181 1273/151/150
f 1133/153/152 1280/1752/1173 1323/154/7
f 201/156/153 196/327/307 195/157/154
f 194/6/6 193/249/235 204/158/155
f 139/1422/939 20/1753/197 157/1754/1250
f 498/1755/766 499/678/593 497/1756/1251
f 181/160/157 208/282/266 207/161/158
f 543/162/159 545/877/742 544/163/160
f 346/165/162 345/1510/1117 381/166/163
f 84/168/165 3/1757/194 1/169/166
f 395/171/168 393/403/369 623/172/169
f 828/174/171 827/697/606 801/175/172
f 246/177/174 152/281/265 219/178/175
f 146/180/177 143/90/90 218/181/178
f 145/89/89 246/177/174 150/1283/1011
f 550/183/180 552/1007/829 551/184/181
f 430/186/182 383/562/253 381/166/163
f 847/188/184 790/1758/1252 792/189/185
f 239/191/86 167/786/675 171/112/111
f 154/193/187 226/761/654 221/194/188
f 103/199/193 132/801/685 3/200/194
f 106/202/195 107/390/220 17/203/196
f 10/296/278 87/1759/674 9/1760/677
f 160/205/198 233/228/219 231/206/199
f 296/208/201 297/1720/1242 295/209/202
f 235/211/204 162/1059/863 165/212/205
f 816/81/81 815/80/80 833/214/207
f 36/216/209 21/389/358 109/217/101
f 819/632/444 1007/71/71 1000/73/73
f 234/245/206 199/331/311 187/243/231
f 139/1170/939 44/122/121 106/1761/195
f 1269/1762/1015 1127/1627/1197 1126/1717/1239
f 667/221/212 637/412/377 640/222/213
f 108/224/215 22/771/661 35/225/216
f 174/227/218 244/411/228 233/228/219
f 107/229/220 106/1761/195 44/122/121
f 79/230/221 38/115/114 37/126/125
f 770/232/222 765/1763/503 769/233/223
f 176/118/117 182/120/119 232/235/225
f 80/231/167 37/126/125 45/125/124
f 183/238/227 233/425/219 244/239/228
f 185/5/5 188/323/303 216/241/230
f 187/243/231 186/4/4 235/244/204
f 355/246/232 356/270/254 353/247/233
f 193/249/235 185/5/5 215/242/176
f 379/251/236 364/1208/964 357/252/237
f 1118/257/242 1162/1520/1124 1076/258/243
f 744/399/365 750/538/479 743/1429/1083
f 846/263/248 798/351/328 832/264/249
f 173/266/251 161/1145/921 232/267/225
f 383/269/253 430/1516/182 356/270/254
f 1122/271/255 1164/1525/1129 1078/272/256
f 88/274/258 49/142/141 57/141/140
f 775/570/504 856/1764/648 850/1266/647
f 208/282/266 181/160/157 213/283/267
f 47/128/127 42/127/126 82/285/269
f 109/102/101 107/229/220 43/121/120
f 515/287/271 436/915/770 437/288/272
f 460/111/110 459/110/109 495/290/42
f 1248/292/274 1156/1700/1235 1300/293/275
f 849/405/371 730/1765/106 733/1219/972
f 149/1766/189 145/89/89 150/1283/1011
f 425/375/348 389/1767/965 417/376/349
f 144/88/88 153/279/263 246/177/174
f 177/316/296 38/115/114 178/317/297
f 14/295/277 132/801/685 10/296/278
f 133/298/280 247/444/400 223/299/281
f 667/301/212 649/1282/1010 678/302/283
f 778/304/285 772/234/224 769/233/223
f 210/1459/792 38/115/114 79/230/221
f 170/306/287 173/266/251 245/268/252
f 1048/1071/872 1015/1257/996 1018/1069/871
f 580/1768/870 450/1769/793 449/623/550
f 5/310/291 6/309/290 4/1770/1253
f 7/308/289 8/35/35 6/309/290
f 29/1268/1000 24/481/426 30/367/341
f 425/375/348 427/565/501 389/1767/965
f 738/1450/1086 754/1199/959 751/612/541
f 4/1771/1253 96/1198/958 15/297/279
f 43/121/120 41/123/122 42/127/126
f 40/117/116 46/124/123 37/126/125
f 52/131/130 58/140/139 49/142/141
f 55/137/136 53/139/138 54/143/142
f 70/333/313 69/339/318 61/334/314
f 1323/336/7 1280/1588/1173 1279/337/316
f 60/145/144 59/144/143 69/339/318
f 76/340/319 75/576/510 65/147/146
f 502/341/260 503/1772/262 500/342/40
f 47/128/127 75/576/510 76/340/319
f 78/344/321 77/649/567 45/125/124
f 538/345/322 541/859/730 453/346/323
f 708/348/325 751/612/541 823/349/326
f 798/351/328 797/1286/1013 831/352/329
f 141/353/330 142/470/420 213/354/267
f 91/356/259 13/707/617 86/357/332
f 336/359/333 416/547/488 328/360/334
f 63/362/336 202/85/85 242/87/87
f 677/364/338 648/1094/883 675/365/339
f 229/384/356 19/1773/1254 105/1774/559
f 122/226/217 35/225/216 30/367/341
f 670/369/343 639/1775/1255 638/370/344
f 1278/372/151 1275/1776/1199 1276/373/346
f 391/21/21 390/20/20 425/375/348
f 380/377/350 406/802/686 299/378/351
f 16/380/353 14/295/277 102/381/354
f 159/383/355 158/1777/1256 229/384/356
f 374/386/238 297/1720/1242 378/387/357
f 21/389/358 17/203/196 107/390/220
f 112/391/359 113/1778/363 26/392/360
f 217/394/362 189/324/304 192/328/308
f 113/396/363 115/1648/404 28/397/364
f 744/399/365 743/1429/1083 837/400/366
f 96/1211/958 53/139/138 65/147/146
f 128/708/618 7/308/289 5/310/291
f 395/171/168 288/1221/974 291/402/368
f 369/985/327 360/702/612 370/1215/968
f 152/281/265 151/280/264 225/404/370
f 93/300/282 223/299/281 224/408/374
f 169/410/376 240/1779/433 244/411/228
f 637/412/377 667/221/212 668/413/284
f 126/418/382 125/318/298 180/322/302
f 304/1148/384 303/1147/923 308/1780/385
f 811/415/379 810/598/528 831/423/329
f 184/321/301 214/1154/926 211/419/383
f 233/425/219 183/238/227 179/320/300
f 813/27/27 817/26/26 834/427/250
f 182/120/119 207/161/158 245/429/252
f 458/1182/948 553/1424/1061 547/1183/779
f 114/430/388 110/1781/397 23/431/389
f 397/433/391 628/77/77 286/434/392
f 403/436/394 337/1782/937 338/437/395
f 110/439/397 114/451/388 58/140/139
f 92/440/36 59/144/143 54/143/142
f 116/1269/475 25/393/361 29/1268/1000
f 50/129/128 97/1434/684 67/148/147
f 212/1299/1021 140/944/791 136/1410/1075
f 95/442/398 61/334/314 69/339/318
f 146/180/177 223/299/281 247/444/400
f 828/446/171 805/887/746 804/447/402
f 115/449/404 113/512/363 55/137/136
f 357/252/237 354/248/234 372/450/405
f 114/451/388 120/1116/897 73/452/406
f 721/453/407 718/488/432 717/454/408
f 817/26/26 853/198/192 835/197/191
f 117/456/342 68/149/148 78/344/321
f 319/458/410 322/1136/913 318/459/411
f 387/461/19 363/60/60 361/462/413
f 122/457/217 78/344/321 46/124/123
f 1298/1576/12 1153/1581/1167 1226/1580/1166
f 11/607/536 131/478/424 12/608/537
f 393/403/369 291/402/368 290/468/418
f 12/608/537 7/308/289 13/707/617
f 4/1770/1253 128/708/618 5/310/291
f 142/470/420 155/760/653 154/193/187
f 414/701/611 440/690/603 415/689/602
f 1057/1517/1121 1055/1783/1257 1056/1784/1258
f 677/472/338 652/759/652 621/473/422
f 753/475/423 999/1146/922 1000/476/73
f 8/35/35 7/308/289 131/478/424
f 229/1253/356 39/116/115 177/316/296
f 333/1261/997 337/1782/937 329/1260/335
f 110/480/397 111/1785/1051 24/481/426
f 579/1317/1031 484/1009/40 486/1786/765
f 771/1160/929 788/674/589 841/670/586
f 1194/1034/843 1289/1043/850 1197/1035/844
f 722/486/430 723/1787/973 719/487/431
f 206/240/229 244/239/228 240/489/433
f 724/490/434 722/486/430 718/488/432
f 274/491/435 275/496/440 273/220/211
f 728/492/436 725/1130/908 994/493/437
f 263/495/439 262/1788/899 275/496/440
f 724/497/434 728/492/436 734/498/441
f 709/500/442 752/614/543 825/501/443
f 268/503/445 407/781/670 267/504/446
f 1309/506/448 1187/725/614 1186/507/449
f 1246/509/451 1245/1584/1170 1249/510/452
f 113/512/363 112/1789/359 56/138/137
f 1066/1138/915 1064/1394/1068 1065/1393/1067
f 264/513/454 268/503/445 266/505/447
f 1097/515/456 1051/1736/1247 1095/516/457
f 312/518/459 311/1151/924 316/519/460
f 715/521/462 732/655/571 737/522/463
f 483/524/465 446/1355/797 445/525/466
f 709/500/442 742/1790/1259 752/614/543
f 980/527/468 988/1791/609 987/528/469
f 325/779/668 409/732/634 410/1243/989
f 76/340/319 66/146/145 116/534/475
f 747/535/476 748/1792/1260 745/536/477
f 750/538/479 747/535/476 746/537/478
f 902/540/481 932/1379/1060 948/541/482
f 1092/745/643 1094/1414/1078 1091/1413/1077
f 235/244/204 186/4/4 194/6/6
f 301/665/581 404/1169/938 586/1296/1020
f 881/544/485 953/1793/1057 935/545/486
f 416/547/488 317/1794/461 316/548/460
f 707/1502/1113 747/535/476 744/399/365
f 1208/1594/1096 1295/64/64 1288/1535/1139
f 236/549/39 191/326/306 190/325/305
f 428/1795/489 761/646/564 760/582/490
f 1254/554/492 1255/1674/1226 1253/555/493
f 867/557/495 784/560/498 763/558/496
f 784/560/498 768/1796/508 767/561/286
f 383/562/253 384/1197/957 351/167/164
f 681/566/502 766/1797/683 765/567/503
f 391/569/21 367/58/58 363/60/60
f 775/570/504 774/1267/999 776/83/83
f 780/572/506 787/575/509 778/304/285
f 779/573/507 778/304/285 767/305/286
f 787/575/509 773/1161/932 772/234/224
f 75/576/510 47/128/127 85/286/270
f 1219/1091/849 1290/1659/1219 1142/1089/882
f 388/578/511 384/1324/957 358/579/512
f 781/84/84 776/83/83 762/581/514
f 773/1161/932 786/672/587 788/674/589
f 549/185/31 936/1798/732 518/1799/1038
f 680/1800/1261 794/692/605 795/1801/1262
f 793/1301/598 796/591/522 794/1802/605
f 1074/1803/1263 1072/1804/1264 1073/1805/1265
f 790/1758/1252 970/588/519 800/590/521
f 1108/586/517 1208/1468/1096 1183/587/518
f 800/590/521 799/589/520 801/175/172
f 237/550/37 198/329/309 240/489/433
f 1033/592/523 1034/1806/874 1002/593/524
f 150/1283/1011 148/1807/1266 149/1766/189
f 657/595/214 658/1808/1100 629/596/526
f 683/417/381 809/984/822 810/598/528
f 837/400/366 740/1021/834 739/600/530
f 814/601/531 808/634/557 807/602/532
f 255/603/52 254/1110/893 277/604/533
f 100/606/535 101/1809/864 11/607/536
f 1283/338/317 1279/337/316 1170/1544/1147
f 959/609/538 889/878/664 888/610/539
f 751/612/541 754/1199/959 824/613/542
f 752/614/543 749/539/480 822/615/544
f 645/619/548 673/1810/1107 674/620/340
f 1052/818/697 1097/515/456 1135/1645/1209
f 90/622/549 4/1770/1253 6/309/290
f 449/623/550 448/888/747 950/624/551
f 402/438/396 338/437/395 399/617/546
f 118/628/555 70/333/313 64/335/315
f 201/156/153 62/1649/1212 94/630/375
f 814/601/531 971/79/79 819/632/444
f 808/634/557 822/644/544 821/48/48
f 104/635/558 40/117/116 39/116/115
f 83/637/560 82/285/269 42/127/126
f 810/598/528 813/27/27 832/428/249
f 377/638/352 362/59/59 366/639/561
f 243/641/293 203/159/156 134/642/562
f 808/634/557 814/601/531 825/633/443
f 782/645/563 781/84/84 760/582/490
f 84/237/165 45/125/124 77/649/567
f 818/651/568 812/25/25 824/652/542
f 365/580/513 364/1208/964 627/653/569
f 670/369/343 659/1811/856 639/1775/1255
f 732/655/571 729/108/107 741/656/572
f 345/1510/1117 344/1812/1267 302/1813/1268
f 839/485/429 742/1790/1259 998/647/565
f 1036/1814/878 1013/722/628 1035/1815/858
f 804/447/402 353/247/233 356/270/254
f 1027/660/576 1014/763/656 1039/661/577
f 398/663/579 344/1812/1267 343/664/580
f 844/667/583 841/1816/586 842/668/584
f 841/670/586 788/674/589 845/190/186
f 788/674/589 786/672/587 847/188/184
f 666/675/590 635/1054/859 636/676/591
f 500/342/40 497/1756/1251 499/678/593
f 791/679/594 790/1758/1252 847/188/184
f 1080/680/595 1175/1144/920 1176/681/596
f 793/683/598 680/1800/1261 843/669/585
f 862/465/415 797/1286/1013 789/82/82
f 431/811/691 414/701/611 305/812/692
f 243/686/293 172/114/113 166/113/112
f 694/1817/43 559/1190/953 693/839/716
f 841/1816/586 785/1106/891 771/1157/929
f 346/165/162 343/664/580 345/1510/1117
f 624/583/515 655/715/624 273/714/211
f 646/1457/1090 661/1606/1186 647/1605/1185
f 686/691/604 795/1801/1262 794/692/605
f 119/694/556 32/1818/1269 31/695/607
f 827/697/606 794/1802/605 796/591/522
f 972/196/190 1007/71/71 858/1819/380
f 975/698/608 987/921/469 988/699/609
f 361/462/413 359/599/529 360/702/612
f 901/103/102 617/841/718 590/1273/1001
f 1187/704/614 1182/1533/1137 1150/705/615
f 587/314/294 764/559/497 313/1254/995
f 1006/648/566 709/500/442 999/1146/922
f 415/689/602 413/685/600 412/684/599
f 852/1281/1009 768/574/508 759/1820/978
f 588/1821/380 352/972/813 426/654/570
f 779/573/507 852/1281/1009 780/572/506
f 1003/712/622 1031/1046/853 1027/660/576
f 216/1284/230 148/1807/1266 150/1283/1011
f 27/432/390 28/397/364 31/695/607
f 171/717/111 138/1822/1270 137/718/337
f 835/1751/191 854/1248/992 857/1247/991
f 675/365/339 648/1094/883 651/720/626
f 972/196/190 854/1823/992 835/197/191
f 1013/722/628 1012/1056/860 1028/723/578
f 1187/725/614 1184/1824/616 1185/726/629
f 372/727/405 373/1825/960 292/728/630
f 315/1826/632 764/559/497 766/797/683
f 320/729/631 319/458/410 314/460/412
f 780/572/506 840/1099/887 855/1098/886
f 324/780/669 409/732/634 325/779/668
f 821/733/48 746/537/478 745/536/477
f 1061/740/638 1111/1570/1162 1062/1396/1070
f 871/989/824 898/97/96 851/711/621
f 711/738/636 280/1827/1026 279/739/637
f 419/666/582 410/1243/989 409/732/634
f 1061/740/638 1060/1828/1271 1147/741/639
f 1160/743/641 1230/1692/1233 1173/744/642
f 290/468/418 684/1829/1114 394/469/419
f 292/728/630 820/1830/46 745/1831/477
f 816/81/81 858/1819/380 971/79/79
f 634/748/644 635/1456/859 624/583/515
f 222/1210/966 188/323/303 200/332/312
f 294/210/203 295/209/202 292/728/630
f 1264/1832/1196 1171/1833/1146 1280/1834/1173
f 755/750/646 780/572/506 850/751/647
f 418/731/633 419/666/582 409/732/634
f 344/1812/1267 795/1801/1262 302/1813/1268
f 629/596/526 659/1835/856 630/1836/855
f 173/266/251 170/306/287 169/410/376
f 210/945/792 2/968/812 140/944/791
f 382/187/183 829/1500/403 430/186/182
f 155/760/653 214/1300/926 226/761/654
f 682/1287/387 347/467/417 386/1837/1079
f 1056/1784/1258 1139/1838/1143 1140/1647/1211
f 1008/762/655 1009/1051/857 1014/763/656
f 1299/764/657 1252/1587/1172 1250/765/453
f 1051/1736/1247 1053/820/699 1054/1735/1246
f 688/1839/1044 529/950/796 687/867/734
f 583/767/658 582/1481/1101 603/768/659
f 621/473/422 655/715/624 668/770/284
f 580/1323/870 420/824/703 488/823/702
f 450/1769/793 448/888/747 449/623/550
f 540/846/722 679/1509/1116 581/1329/1036
f 17/203/196 21/389/358 22/771/661
f 886/773/663 887/1399/1071 888/774/539
f 465/776/665 466/1412/1076 467/777/666
f 282/1214/967 705/1840/1237 622/1552/1154
f 325/779/668 334/135/134 323/136/135
f 268/503/445 274/491/435 284/219/210
f 87/785/674 50/129/128 49/142/141
f 236/39/39 163/38/38 167/786/675
f 1023/787/676 993/13/13 1049/15/15
f 669/414/378 638/370/344 637/412/377
f 88/358/258 86/357/332 9/788/677
f 398/663/579 680/1800/1261 344/1812/1267
f 163/38/38 162/1059/863 166/113/112
f 882/790/678 883/1014/831 884/791/679
f 463/793/681 462/1841/1272 959/609/538
f 622/1552/1154 623/172/169 282/1214/967
f 486/1842/765 578/1406/1073 579/1843/1031
f 1314/63/63 1196/62/62 1140/1647/1211
f 1130/1624/1194 1129/1672/1224 1274/1844/1181
f 885/794/680 955/782/671 954/784/673
f 764/559/497 763/558/496 765/796/503
f 849/405/371 1023/1845/676 996/1082/501
f 1103/1718/1240 1102/1636/1203 1314/1638/63
f 577/840/717 559/1190/953 498/908/766
f 631/1846/1111 662/1474/1099 632/1473/1098
f 452/347/324 451/1847/1273 515/798/271
f 129/1303/1022 247/444/400 133/298/280
f 910/868/735 529/950/796 482/1848/1028
f 97/800/684 10/296/278 132/801/685
f 719/487/431 723/1787/973 712/532/473
f 864/1045/852 761/646/564 309/1849/386
f 634/748/644 624/583/515 406/802/686
f 587/314/294 867/557/495 764/559/497
f 18/772/662 20/204/197 17/203/196
f 127/806/688 16/1850/353 85/807/270
f 573/1378/1059 544/163/160 489/876/741
f 504/1436/1084 860/836/715 507/1313/1027
f 1052/818/697 1136/1644/1208 1137/819/698
f 704/1432/809 601/1851/1028 982/1433/735
f 916/826/705 573/1852/1059 422/827/706
f 489/1853/741 490/1391/593 423/1854/1274
f 909/829/708 910/1855/735 907/830/709
f 921/832/711 577/1856/717 576/833/712
f 696/1857/1097 919/1858/936 697/1454/869
f 197/330/310 205/988/823 206/240/229
f 929/835/714 702/1859/868 860/836/715
f 546/289/273 437/288/272 476/844/696
f 433/315/295 592/1/1 606/3/3
f 264/513/454 263/495/439 274/491/435
f 896/848/574 939/1860/45 940/849/44
f 591/922/774 620/1861/1050 986/923/50
f 520/814/94 439/688/601 523/853/727
f 461/855/22 554/953/799 555/856/726
f 488/858/702 487/1553/704 453/346/323
f 692/860/43 956/1015/832 937/861/731
f 991/863/733 598/1862/1275 618/864/720
f 984/870/736 983/1863/877 599/1020/833
f 549/185/31 518/1799/1038 517/869/3
f 562/873/739 525/1864/826 524/874/740
f 889/878/664 959/609/538 958/879/97
f 916/1403/705 915/1865/707 879/1277/1005
f 523/881/727 465/1866/665 558/882/744
f 515/884/271 451/1867/1273 543/162/159
f 830/886/173 807/602/532 805/887/746
f 530/952/798 482/1848/1028 529/950/796
f 448/888/747 581/1868/1036 949/889/748
f 533/890/749 444/1447/1076 531/891/750
f 496/893/752 456/1869/1003 494/40/40
f 502/276/260 501/1404/320 467/777/666
f 542/164/161 514/1870/1037 513/885/745
f 147/445/401 144/88/88 143/90/90
f 926/894/753 927/1871/1055 859/895/754
f 568/897/756 470/943/790 566/898/757
f 519/899/758 457/1872/108 550/183/180
f 506/900/759 505/963/704 471/901/760
f 1033/592/523 1032/594/525 1020/1231/981
f 535/903/762 533/890/749 532/892/751
f 485/526/467 534/940/787 537/905/764
f 959/609/538 462/1841/1272 701/907/98
f 498/908/766 560/1325/1033 468/909/667
f 909/1027/708 908/1873/710 875/1030/840
f 557/911/161 522/1874/1034 521/883/728
f 903/941/788 936/1875/732 937/1384/731
f 935/919/486 868/659/575 905/658/574
f 987/921/469 975/698/608 591/922/774
f 477/927/696 556/1876/729 555/852/726
f 865/928/778 869/1395/1069 957/929/682
f 859/895/754 927/1871/1055 928/837/707
f 1306/933/780 1083/1673/1225 1086/934/781
f 1012/1056/860 1010/1483/1102 1011/1504/1115
f 907/830/709 911/1316/1030 913/936/783
f 557/911/161 939/1877/45 522/1874/1034
f 1089/937/784 1088/1878/1191 1179/938/785
f 542/164/161 933/1879/1047 514/1870/1037
f 575/256/241 551/184/181 492/999/828
f 533/890/749 535/903/762 537/905/764
f 563/875/33 565/1446/798 564/942/789
f 991/863/733 980/1002/468 979/871/737
f 289/1132/910 299/1880/351 408/1134/687
f 568/897/756 569/902/761 471/901/760
f 1170/1544/1147 1274/1598/1181 1283/338/317
f 140/944/791 141/353/330 209/355/331
f 538/345/322 447/1004/762 450/946/793
f 890/947/487 891/1420/1005 892/948/794
f 528/33/33 530/952/798 529/950/796
f 736/1158/930 253/1112/895 281/1159/931
f 528/33/33 443/1881/665 446/951/797
f 554/953/799 461/855/22 464/277/261
f 889/775/664 962/1882/743 941/75/75
f 612/954/800 602/959/804 616/955/801
f 568/897/756 570/22/22 572/957/802
f 612/954/800 593/1883/835 596/958/803
f 613/70/70 614/1058/862 595/960/805
f 543/162/159 451/1867/1273 454/961/806
f 472/962/807 471/901/760 505/963/704
f 990/51/51 619/1356/1049 704/965/809
f 854/1823/992 816/81/81 973/215/208
f 978/967/811 977/49/49 990/51/51
f 80/170/167 1/169/166 2/968/812
f 901/103/102 866/710/620 757/709/619
f 191/326/306 195/157/154 192/328/308
f 26/398/360 28/397/364 27/432/390
f 963/1884/1276 564/942/789 703/1064/867
f 506/900/759 569/902/761 572/957/802
f 855/1098/886 974/673/588 780/572/506
f 531/970/750 435/816/695 478/817/696
f 380/640/350 366/639/561 352/972/813
f 1132/1294/1018 1264/1885/1196 1280/1752/1173
f 1128/935/782 1127/1627/1197 1320/1008/830
f 643/974/815 666/675/590 641/677/592
f 135/319/299 41/123/122 44/122/121
f 105/979/559 19/1886/1254 18/772/662
f 895/981/820 894/1373/1056 965/982/821
f 809/984/822 683/417/381 369/985/327
f 197/330/310 221/1887/188 226/987/654
f 492/1888/828 493/41/41 491/1747/1249
f 871/989/824 962/1731/743 958/98/97
f 906/105/104 942/1889/1052 943/1122/902
f 480/104/103 441/810/690 524/993/740
f 526/995/827 469/1890/1008 563/875/33
f 967/996/776 893/1891/795 965/982/821
f 192/328/308 196/327/307 220/998/179
f 492/999/828 552/1007/829 460/1000/110
f 980/1002/468 991/863/733 989/865/719
f 447/1004/762 538/345/322 539/1005/721
f 1320/1008/830 1238/1251/919 1306/933/780
f 484/1009/40 481/1490/1106 483/1010/465
f 723/1220/973 730/1765/106 712/1892/473
f 603/1012/659 596/1023/803 595/960/805
f 883/1014/831 882/790/678 956/1015/832
f 978/967/811 981/1893/987 985/1017/738
f 956/1015/832 692/860/43 691/1019/240
f 599/1020/833 598/1862/1275 991/863/733
f 739/600/530 705/1710/1237 685/1285/1012
f 550/183/180 457/1872/108 460/1000/110
f 126/418/382 41/123/122 125/318/298
f 507/1313/1027 702/1859/868 508/1314/1028
f 248/1262/998 256/529/470 279/739/637
f 1113/1567/1161 1114/1139/916 1066/1138/915
f 922/1067/869 503/1772/262 923/1068/870
f 1157/1685/1230 1088/1615/1191 1087/1686/1064
f 995/483/427 849/405/371 848/407/373
f 300/1894/1277 634/748/644 406/802/686
f 307/1041/848 416/547/488 324/780/669
f 1201/1600/1182 1193/1724/1244 1101/1719/1241
f 593/1022/835 594/68/68 595/960/805
f 95/442/398 62/1649/1212 61/334/314
f 349/1195/956 424/564/500 586/1296/1020
f 93/1265/282 95/1093/398 130/627/554
f 604/769/660 605/1895/975 583/767/658
f 1002/1896/524 1004/713/623 1001/1897/845
f 795/1801/1262 382/187/183 302/1813/1268
f 1005/1105/890 849/405/371 996/1082/501
f 401/626/553 399/617/546 400/616/545
f 905/658/574 872/924/775 695/1327/696
f 945/1025/837 688/1345/1044 687/1026/734
f 784/560/498 757/709/619 759/1228/978
f 877/1029/839 874/1353/1048 875/1030/840
f 494/40/40 574/1319/1032 491/1747/1249
f 100/606/535 12/608/537 13/707/617
f 1313/1033/61 1195/1729/1243 1194/1034/843
f 561/1036/725 466/1412/1076 465/776/665
f 1040/912/767 1026/914/769 1001/1038/845
f 324/780/669 323/136/135 306/1040/847
f 1219/1042/849 1197/1035/844 1289/1043/850
f 23/482/389 25/393/361 26/392/360
f 752/614/543 743/1429/1083 750/538/479
f 137/718/337 32/1818/1269 119/694/556
f 1006/648/566 1009/1051/857 1008/762/655
f 406/802/686 271/821/700 408/803/687
f 287/435/393 626/1188/951 378/387/357
f 1006/648/566 1008/762/655 706/1088/881
f 807/602/532 808/634/557 806/47/47
f 670/1048/343 643/974/815 630/1049/855
f 780/572/506 786/672/587 787/575/509
f 1009/1051/857 1024/1104/889 1035/1052/858
f 238/687/484 166/113/112 162/1059/863
f 101/1060/864 100/1205/535 72/1061/865
f 960/1066/540 924/1898/838 922/1067/869
f 1018/1069/871 1046/1096/67 1047/1070/14
f 1031/1075/853 1030/1899/854 1016/1076/875
f 153/279/263 247/444/400 151/280/264
f 984/1078/736 985/1237/738 584/1079/876
f 565/1446/798 508/1900/1028 564/942/789
f 1211/1084/879 1212/16/16 1210/1085/244
f 866/710/620 904/850/724 871/989/824
f 1142/1089/882 1141/1518/1122 1197/1090/844
f 99/1092/399 98/479/425 130/627/554
f 648/1094/883 649/1282/1010 650/1095/884
f 1030/1899/854 1017/1073/873 1016/1076/875
f 228/1270/421 149/1766/189 148/1807/1266
f 1017/1073/873 1033/1072/523 1046/1096/67
f 1185/726/629 1070/1901/1278 1069/1902/1279
f 1021/913/768 1040/912/767 1038/29/29
f 650/1095/884 649/1282/1010 667/301/212
f 888/774/539 887/1399/1071 920/1102/713
f 900/1334/696 866/710/620 899/542/483
f 104/980/558 18/772/662 22/771/661
f 1184/1824/616 1294/1707/1236 1185/726/629
f 600/1903/764 598/1862/1275 599/1020/833
f 439/688/601 440/690/603 561/851/725
f 298/1407/1074 289/1132/910 276/1131/909
f 527/31/31 930/1904/1046 511/1745/95
f 228/1270/421 154/1905/187 149/1766/189
f 136/1410/1075 2/968/812 81/1184/949
f 570/1906/22 895/981/820 572/1907/802
f 454/1107/806 451/1847/1273 452/347/324
f 1160/743/641 1091/1413/1077 1159/556/494
f 92/36/36 8/35/35 98/479/425
f 252/1108/54 285/1908/903 251/530/471
f 254/1909/893 250/1109/892 249/1263/894
f 255/52/52 252/54/54 250/1113/892
f 258/1115/896 259/1141/917 256/529/470
f 120/1116/897 33/1910/1280 74/1117/898
f 263/1118/439 258/1115/896 257/531/472
f 1155/1583/1169 1084/1513/1118 1083/1673/1225
f 728/492/436 727/494/438 735/406/372
f 805/887/746 806/47/47 803/1120/900
f 944/1121/901 873/822/701 906/105/104
f 270/53/53 271/821/700 624/583/515
f 272/1123/534 408/803/687 271/821/700
f 252/54/54 270/53/53 269/585/516
f 1317/1125/904 1263/1556/1155 1262/1126/905
f 903/941/788 477/927/696 516/1332/94
f 721/1128/407 720/1911/409 726/1129/907
f 724/497/434 721/1128/407 725/1130/908
f 277/604/533 278/1133/911 276/1131/909
f 254/1110/893 253/1112/895 278/1133/911
f 272/605/534 277/604/533 289/1132/910
f 16/380/353 3/200/194 132/801/685
f 1180/939/786 1179/938/785 1256/1135/912
f 332/618/547 333/1261/997 322/1136/913
f 1104/1137/914 1063/1912/1281 1066/1138/915
f 866/710/620 871/989/824 851/711/621
f 1100/1634/1201 1069/1902/1279 1068/1913/1282
f 294/210/203 290/468/418 291/402/368
f 1089/937/784 1087/1389/1064 1088/1878/1191
f 260/1140/455 261/1914/945 259/1141/917
f 1239/1142/918 1240/1703/962 1238/1143/919
f 161/1145/921 159/383/355 230/385/226
f 341/1915/980 349/1195/956 586/1296/1020
f 288/1221/974 378/387/357 296/208/201
f 1161/1528/1132 1121/1216/969 1122/271/255
f 1006/648/566 753/475/423 741/1448/572
f 305/812/692 412/684/599 303/1147/923
f 412/684/599 307/1916/848 306/1149/847
f 333/1261/997 338/437/395 337/1782/937
f 303/1150/923 306/1040/847 310/56/56
f 1234/1536/1140 1228/1705/1231 1232/1611/1189
f 311/1151/924 314/1255/412 318/1152/411
f 321/1153/925 332/618/547 319/458/410
f 205/988/823 226/987/654 214/1154/926
f 184/321/301 183/238/227 206/240/229
f 350/1155/927 346/165/162 351/167/164
f 323/136/135 326/57/57 310/56/56
f 785/1106/891 681/566/502 770/568/222
f 714/523/464 737/522/463 736/1158/930
f 771/1160/929 770/232/222 772/234/224
f 328/1162/334 316/1917/460 318/459/411
f 340/1163/842 864/1224/852 330/55/55
f 833/214/207 815/80/80 807/602/532
f 331/1164/933 330/55/55 326/57/57
f 1068/1913/1282 1070/1901/1278 1067/1918/1283
f 884/791/679 883/1014/831 917/1166/935
f 335/1187/950 327/1165/934 334/135/134
f 231/426/199 179/320/300 135/319/299
f 335/1187/950 339/1416/1080 331/1164/933
f 332/618/547 321/1153/925 400/616/545
f 1093/1460/1091 1132/1294/1018 1094/1414/1078
f 901/103/102 872/924/775 905/658/574
f 297/1720/1242 296/208/201 378/387/357
f 429/703/613 802/416/380 811/415/379
f 1247/1171/940 1307/1919/1229 1131/1172/941
f 1111/1570/1162 1112/1044/851 1062/1396/1070
f 142/470/420 228/471/421 227/1174/268
f 260/514/455 266/505/447 265/1176/944
f 921/1398/711 920/1102/713 887/1399/1071
f 756/1178/491 760/582/490 762/581/514
f 628/77/77 397/433/391 396/78/78
f 368/1180/947 352/972/813 366/639/561
f 496/1181/752 459/110/109 458/1182/948
f 1322/1714/942 1277/374/347 1178/1514/1119
f 81/1184/949 127/806/688 82/808/269
f 385/1186/414 339/1416/1080 335/1187/950
f 379/388/236 378/387/357 626/1188/951
f 112/1789/359 66/146/145 56/138/137
f 759/1228/978 768/1796/508 784/560/498
f 1115/1537/1141 1298/12/12 1226/1706/1166
f 33/1920/1280 120/1430/897 34/716/625
f 223/299/281 146/180/177 220/182/179
f 558/882/744 560/1325/1033 559/1190/953
f 377/1191/352 299/1880/351 375/1192/954
f 388/1194/511 389/1767/965 349/1195/956
f 384/1197/957 388/1921/511 348/1156/928
f 14/295/277 15/297/279 96/1198/958
f 754/1199/959 753/1922/423 826/1200/72
f 373/1201/960 372/450/405 354/248/234
f 1237/1202/961 1236/1250/993 1240/1203/962
f 57/141/140 72/1061/865 100/1205/535
f 1040/1505/767 1025/1923/846 1011/1504/1115
f 715/521/462 714/523/464 711/1206/636
f 625/76/76 273/220/211 628/77/77
f 1066/1138/915 1295/64/64 1113/1567/1161
f 812/25/25 809/984/822 823/986/326
f 371/1207/952 627/653/569 364/1208/964
f 388/578/511 365/580/513 426/654/570
f 124/1924/1023 11/607/536 101/1809/864
f 200/332/312 208/282/266 227/284/268
f 65/147/146 75/576/510 102/577/354
f 181/160/157 175/119/118 209/1212/331
f 376/1213/955 359/599/529 362/59/59
f 155/760/653 141/353/330 212/1299/1021
f 282/1214/967 623/172/169 393/403/369
f 522/1326/1034 896/848/574 520/814/94
f 370/1215/968 360/702/612 359/599/529
f 1121/1216/969 1255/1697/1226 1259/1217/970
f 722/499/430 734/498/441 733/1219/972
f 397/433/391 287/435/393 288/1221/974
f 253/1112/895 280/1311/1026 281/1159/931
f 157/1754/1250 159/383/355 156/207/200
f 664/1053/345 666/675/590 643/974/815
f 604/1013/660 614/1058/862 600/1222/764
f 864/1224/852 309/422/386 308/421/385
f 1085/1515/1120 1083/1673/1225 1084/1513/1118
f 1198/1225/976 1104/1137/914 1114/1139/916
f 757/709/619 756/553/491 758/1227/946
f 403/436/394 402/438/396 342/1229/979
f 111/1785/1051 30/367/341 24/481/426
f 1045/1087/880 997/756/650 706/1088/881
f 332/618/547 338/437/395 333/1261/997
f 407/781/670 284/219/210 625/76/76
f 1020/1231/981 1019/1307/1025 1046/67/67
f 221/1925/188 145/89/89 149/1766/189
f 630/1836/855 632/1473/1098 629/596/526
f 740/1021/834 994/493/437 739/600/530
f 309/804/386 428/551/489 304/1148/384
f 1/169/166 16/1850/353 127/806/688
f 9/1760/677 15/297/279 10/296/278
f 138/1822/1270 33/1920/1280 32/1818/1269
f 160/205/198 161/1145/921 173/266/251
f 1192/1233/983 1285/1451/1087 1110/1234/984
f 785/1106/891 400/616/545 321/1153/925
f 585/1236/986 584/1079/876 985/1237/738
f 654/758/651 672/1926/92 653/747/91
f 1257/1239/988 1158/1613/1190 1302/1240/133
f 193/249/235 219/250/175 225/1242/370
f 1316/1603/1184 1202/1601/1183 1294/1707/1236
f 347/1927/417 331/1164/933 339/1416/1080
f 410/1243/989 334/135/134 325/779/668
f 317/520/461 412/684/599 312/518/459
f 639/1775/1255 658/1477/1100 640/222/213
f 172/312/113 138/1822/1270 171/717/111
f 1254/554/492 1308/1681/1228 1256/1244/912
f 424/564/500 349/1195/956 389/1767/965
f 973/1246/208 970/588/519 857/1247/991
f 933/1386/1047 475/1928/94 514/1331/1037
f 1236/1250/993 1306/933/780 1238/1251/919
f 885/794/680 884/1470/679 455/1252/994
f 177/316/296 176/118/117 230/236/226
f 313/1254/995 315/1826/632 314/1255/412
f 427/565/501 424/564/500 389/1767/965
f 1015/1257/996 1045/1929/880 1042/1258/247
f 329/1260/335 328/1162/334 322/1136/913
f 349/1195/956 350/1930/927 348/1196/928
f 907/830/709 484/1009/40 911/1316/1030
f 250/1109/892 251/530/471 248/1262/998
f 850/1266/647 852/1462/1009 774/1267/999
f 638/1931/344 665/1657/1218 664/1053/345
f 1025/1923/846 1012/1056/860 1011/1504/1115
f 1034/1932/874 1003/712/622 1002/1896/524
f 411/563/499 427/565/501 425/375/348
f 29/1268/1000 36/216/209 121/218/100
f 228/1270/421 148/1807/1266 222/1271/966
f 404/1169/938 418/731/633 336/359/333
f 589/809/689 441/810/690 480/104/103
f 369/350/327 298/1407/1074 708/348/325
f 629/596/526 632/1473/1098 663/1274/1002
f 429/703/613 682/424/387 386/1449/1079
f 1001/1038/845 1026/914/769 1032/594/525
f 754/1199/959 741/656/572 753/1922/423
f 547/1183/779 548/1933/694 456/1275/1003
f 645/619/548 647/1605/1185 644/735/635
f 1256/1244/912 1308/1681/1228 1134/1276/1004
f 692/1934/43 551/184/181 691/255/240
f 703/1064/867 508/1900/1028 702/1065/868
f 879/1277/1005 915/1865/707 914/1278/1006
f 878/546/487 879/1277/1005 880/1279/1007
f 469/1280/1008 470/943/790 471/901/760
f 1036/1081/878 1024/1104/889 996/1082/501
f 701/99/98 477/927/696 898/97/96
f 649/1282/1010 648/1094/883 677/364/338
f 150/1283/1011 246/177/174 215/179/176
f 745/1831/477 293/749/645 292/728/630
f 685/1285/1012 684/1503/1114 836/401/367
f 371/1207/952 352/972/813 627/653/569
f 775/570/504 777/571/505 798/351/328
f 329/361/335 337/1168/937 336/359/333
f 137/363/337 64/335/315 63/362/336
f 970/588/519 969/1097/885 857/1247/991
f 797/1286/1013 862/465/415 682/1287/387
f 833/1292/207 799/589/520 970/588/519
f 729/108/107 730/107/106 1005/1293/890
f 1134/1276/1004 1094/1414/1078 1132/1294/1018
f 1200/1295/1019 1105/1640/1205 1104/1137/914
f 403/1256/394 341/1915/980 586/1296/1020
f 861/1297/1014 846/263/248 834/265/250
f 848/407/373 735/406/372 727/494/438
f 212/1299/1021 211/1411/383 214/1300/926
f 845/190/186 792/189/185 793/1301/598
f 685/1935/1012 394/469/419 684/1829/1114
f 1176/681/596 1175/1144/920 1238/1143/919
f 251/530/471 256/529/470 248/1262/998
f 317/520/461 307/1916/848 412/684/599
f 819/502/444 999/1146/922 709/500/442
f 1023/1845/676 995/483/427 993/757/13
f 225/404/370 151/280/264 129/1303/1022
f 536/1936/763 900/1334/696 698/1336/1040
f 1071/1937/1284 1167/1938/1016 1168/1939/1136
f 315/730/632 681/566/502 320/729/631
f 784/560/498 867/557/495 901/103/102
f 782/645/563 864/1045/852 783/466/416
f 126/1940/382 81/1184/949 83/1185/560
f 894/1373/1056 571/1941/24 968/1942/1035
f 869/1395/1069 865/928/778 863/1175/943
f 875/1030/840 908/1873/710 913/1306/783
f 1019/1307/1025 1020/1231/981 1021/913/768
f 265/1176/944 705/1840/1237 726/1943/907
f 1016/1076/875 1018/1069/871 1015/1257/996
f 526/1308/827 441/810/690 442/1305/1024
f 800/590/521 792/189/185 790/1758/1252
f 866/710/620 896/848/574 904/850/724
f 1147/741/639 1198/1558/976 1225/1310/977
f 714/523/464 281/1159/931 280/1311/1026
f 485/1011/467 486/1786/765 484/1009/40
f 565/1312/798 509/1734/808 507/1313/1027
f 912/1315/1029 913/936/783 911/1316/1030
f 918/1318/239 575/1944/241 574/1319/1032
f 951/1321/552 914/1945/1006 421/1322/754
f 1028/662/578 1029/1946/861 1004/713/623
f 207/161/158 208/282/266 200/332/312
f 384/1324/957 383/269/253 355/246/232
f 78/344/321 68/149/148 67/148/147
f 695/1327/696 872/924/775 966/926/777
f 581/1329/1036 679/1509/1116 897/1024/836
f 514/1331/1037 475/1928/94 436/915/770
f 516/1332/94 438/990/825 517/992/3
f 900/1334/696 899/542/483 947/1335/1039
f 976/700/610 988/699/609 989/842/719
f 566/1309/757 442/1305/1024 479/1337/1041
f 918/1016/239 917/1166/935 883/1014/831
f 890/947/487 944/1409/901 943/1339/902
f 878/546/487 935/545/486 934/1341/773
f 688/1345/1044 945/1025/837 931/1346/1045
f 690/1351/1044 952/1342/1043 934/1341/773
f 874/1353/1048 932/1418/1060 931/1346/1045
f 619/1356/1049 990/51/51 986/50/50
f 877/1358/839 946/1402/1072 947/1359/1039
f 912/1348/1029 579/1843/1031 578/1406/1073
f 830/176/173 801/175/172 799/589/520
f 992/1363/810 982/1947/735 585/1236/986
f 608/1364/2 593/1883/835 612/954/800
f 110/439/397 52/131/130 51/130/129
f 496/1181/752 495/290/42 459/110/109
f 489/876/741 545/877/742 454/961/806
f 538/345/322 452/347/324 546/799/273
f 1140/1647/1211 1188/1948/1176 1314/63/63
f 942/1368/1052 963/1949/1276 964/1340/1042
f 657/1101/214 656/1419/527 650/1095/884
f 597/1369/1053 613/70/70 609/69/69
f 676/1458/627 662/1950/1099 646/1457/1090
f 894/1373/1056 968/1942/1035 966/997/777
f 881/1374/485 950/624/551 949/889/748
f 554/953/799 466/1412/1076 561/1036/725
f 992/966/810 981/1893/987 978/967/811
f 857/1247/991 969/1097/885 755/750/646
f 553/1382/1061 431/811/691 432/813/693
f 870/1383/1062 903/941/788 937/1384/731
f 478/817/696 536/1936/763 532/971/751
f 479/1337/1041 571/1951/24 567/1338/23
f 1131/1172/941 1307/1919/1229 1087/1389/1064
f 577/1856/717 497/1756/1251 576/833/712
f 420/824/703 423/1854/1274 490/1391/593
f 936/1875/732 516/1332/94 518/1333/1038
f 1181/1392/1066 1288/1535/1139 1065/1393/1067
f 1146/1727/1245 1059/1952/1285 1145/1538/1142
f 870/1383/1062 938/1385/1063 957/929/682
f 1289/1043/850 1059/1952/1285 1062/1396/1070
f 863/1175/943 870/1383/1062 869/1395/1069
f 961/74/74 694/43/43 693/1397/716
f 922/1067/869 924/1898/838 920/834/713
f 887/1399/1071 886/773/663 961/74/74
f 964/1340/1042 963/1949/1276 703/1400/867
f 946/1402/1072 877/1358/839 876/1349/841
f 950/624/551 881/1374/485 880/1361/1007
f 1201/1600/1182 1067/1918/1283 1070/1901/1278
f 879/1277/1005 878/546/487 952/1342/1043
f 35/225/216 22/771/661 21/389/358
f 875/1030/840 874/1353/1048 945/1025/837
f 468/778/667 467/777/666 501/1404/320
f 578/1406/1073 699/1444/1056 946/1402/1072
f 618/864/720 597/1953/1053 611/1954/1054
f 653/747/91 636/1955/591 634/748/644
f 376/1193/955 375/1192/954 298/1407/1074
f 893/949/795 967/1956/776 944/1409/901
f 1015/1257/996 1041/1259/246 1044/1077/649
f 930/1440/1046 473/94/94 511/96/95
f 136/1410/1075 126/1940/382 211/1411/383
f 240/1957/433 164/1746/1248 237/37/37
f 554/953/799 502/276/260 467/777/666
f 1134/1276/1004 1308/1681/1228 1091/1413/1077
f 386/1415/1079 347/1927/417 339/1416/1080
f 874/1353/1048 877/1029/839 948/1417/482
f 464/1958/261 923/1959/870 503/1960/262
f 651/720/626 650/1095/884 656/1419/527
f 891/1420/1005 890/947/487 964/1340/1042
f 891/1420/1005 928/1961/707 927/1421/1055
f 139/1422/939 157/1754/1250 156/207/200
f 458/1182/948 457/109/108 519/1423/758
f 952/1342/1043 690/1351/1044 689/1425/1058
f 1173/744/642 1229/1701/1093 1318/1426/1081
f 1103/1718/1240 1188/1591/1176 1098/1590/1175
f 867/557/495 433/315/295 591/922/774
f 11/607/536 133/1264/280 130/627/554
f 169/1962/376 165/212/205 164/1746/1248
f 426/654/570 627/653/569 588/1821/380
f 743/1429/1083 742/1790/1259 839/485/429
f 926/983/753 925/1963/755 895/981/820
f 851/711/621 863/1175/943 757/709/619
f 402/438/396 401/626/553 343/664/580
f 68/149/148 111/1366/1051 51/130/129
f 120/1430/897 114/430/388 27/432/390
f 1243/1699/1234 1237/1676/961 1241/1670/963
f 440/690/603 438/990/825 516/1332/94
f 334/135/134 390/20/20 335/1187/950
f 965/982/821 893/1891/795 892/1371/794
f 32/1818/1269 34/716/625 31/695/607
f 1283/1740/317 1129/1672/1224 1281/1542/1145
f 103/650/193 77/649/567 67/148/147
f 977/49/49 978/967/811 979/1018/737
f 590/1273/1001 611/1964/1054 609/1438/69
f 902/540/481 474/1508/94 930/1440/1046
f 956/1015/832 882/790/678 938/1441/1063
f 615/956/31 607/1965/723 606/1365/3
f 929/1401/714 928/1961/707 891/1420/1005
f 512/1443/772 443/1881/665 528/33/33
f 951/625/552 580/1768/870 449/623/550
f 699/1444/1056 698/1966/1040 947/1359/1039
f 602/959/804 601/1851/1028 616/955/801
f 512/918/772 434/917/771 435/816/695
f 868/659/575 935/919/486 953/1381/1057
f 873/822/701 944/1121/901 967/925/776
f 563/875/33 469/1890/1008 472/1445/807
f 885/792/680 957/1967/682 938/1441/1063
f 613/70/70 597/1369/1053 600/1222/764
f 621/473/422 628/746/77 273/714/211
f 558/882/744 465/1866/665 468/909/667
f 533/890/749 534/940/787 445/525/466
f 267/504/446 283/173/170 623/172/169
f 584/1079/876 605/1895/975 983/1080/877
f 234/213/206 170/1968/287 241/1969/288
f 385/463/414 361/462/413 429/703/613
f 732/655/571 731/657/573 738/1450/1086
f 161/1145/921 160/205/198 156/207/200
f 1154/1609/1188 1079/1689/1232 1153/1581/1167
f 690/1970/1044 544/163/160 689/1377/1058
f 1285/1451/1087 1055/1783/1257 1058/1452/1088
f 300/1894/1277 371/1971/952 626/1972/951
f 626/1972/951 634/748/644 300/1894/1277
f 298/1407/1074 405/1715/1238 708/348/325
f 607/1965/723 619/1741/1049 620/1973/1050
f 699/1444/1056 536/1974/763 698/1966/1040
f 697/1454/869 919/1858/936 917/1320/935
f 35/225/216 36/216/209 29/1268/1000
f 368/1180/947 426/654/570 352/972/813
f 265/1176/944 720/1975/409 261/1177/945
f 464/1958/261 462/1841/1272 463/793/681
f 410/1243/989 425/375/348 390/20/20
f 646/1457/1090 645/619/548 675/621/339
f 901/103/102 867/557/495 975/698/608
f 175/119/118 178/317/297 210/1459/792
f 1064/1394/1068 1106/1639/1204 1150/705/615
f 640/222/213 638/370/344 639/1775/1255
f 1092/745/643 1173/744/642 1174/1427/1082
f 470/943/790 469/1280/1008 526/1461/827
f 852/1462/1009 759/1976/978 758/1179/946
f 436/915/770 413/685/600 415/689/602
f 423/1854/1274 421/1322/754 422/827/706
f 421/1322/754 914/1945/1006 915/828/707
f 456/1869/1003 697/1454/869 494/40/40
f 1227/1463/1092 1305/1592/1177 1229/1464/1093
f 633/1455/1089 669/1497/378 655/715/624
f 358/579/512 355/246/232 354/248/234
f 1107/1977/1095 1204/1662/1221 1207/1658/65
f 696/1469/1097 455/1252/994 884/1470/679
f 676/1472/627 663/1274/1002 632/1473/1098
f 774/1267/999 758/1179/946 762/581/514
f 713/1475/105 711/738/636 710/533/474
f 207/161/158 199/331/311 241/1476/288
f 660/1499/1112 661/1978/1186 631/1498/1111
f 90/1478/549 89/441/34 54/143/142
f 124/1479/1023 123/1633/1200 204/158/155
f 602/1480/804 603/768/659 582/1481/1101
f 1010/1483/1102 1036/1814/878 1037/1484/30
f 1292/1486/1103 1225/1310/977 1224/1487/1104
f 417/1249/349 368/1180/947 367/58/58
f 530/1489/798 483/1010/465 481/1490/1106
f 488/858/702 541/859/730 450/946/793
f 673/1492/1107 654/758/651 652/759/652
f 652/759/652 677/472/338 674/1493/340
f 631/1498/1111 630/1049/855 643/974/815
f 1020/1231/981 1032/594/525 1026/914/769
f 829/1500/403 686/691/604 827/693/606
f 642/975/816 641/677/592 671/93/93
f 643/974/815 642/975/816 660/1499/1112
f 707/1502/1113 744/399/365 836/401/367
f 865/928/778 700/1388/672 548/931/694
f 1011/1504/1115 1010/1483/1102 1038/1485/29
f 644/735/635 647/1605/1185 642/1506/816
f 392/1507/814 300/1894/1277 406/802/686
f 1022/1100/888 1050/28/28 1049/15/15
f 573/1852/1059 423/1854/1274 422/827/706
f 590/1273/1001 480/104/103 901/103/102
f 474/1508/94 902/540/481 897/1024/836
f 1029/1946/861 1001/1897/845 1004/713/623
f 345/1510/1117 302/1813/1268 382/187/183
f 1061/740/638 1059/1952/1285 1060/1828/1271
f 475/1928/94 695/1327/696 479/1337/1041
f 1081/682/597 1079/1689/1232 1080/680/595
f 868/659/575 897/1024/836 901/103/102
f 738/1450/1086 708/348/325 405/1715/1238
f 585/1236/986 583/767/658 584/1079/876
f 481/1490/1106 910/1855/735 482/1491/1028
f 620/1861/1050 433/315/295 607/847/723
f 594/68/68 593/1022/835 608/1511/2
f 269/585/516 275/584/440 285/1124/903
f 866/710/620 902/540/481 899/542/483
f 624/583/515 273/714/211 275/584/440
f 571/1951/24 695/1327/696 968/1328/1035
f 434/917/771 473/94/94 476/844/696
f 562/873/739 942/1979/1052 525/1864/826
f 1084/1513/1118 1177/1579/1165 1178/1514/1119
f 157/1754/1250 19/1773/1254 158/1777/1256
f 1007/71/71 972/196/190 853/198/192
f 1057/1517/1121 1056/1784/1258 1141/1518/1122
f 280/1827/1026 248/1262/998 279/739/637
f 500/342/40 576/833/712 497/1756/1251
f 1085/1515/1120 1126/1717/1239 1086/934/781
f 587/314/294 313/1254/995 311/1151/924
f 1265/1529/1133 1093/1460/1091 1174/1427/1082
f 1169/1980/1135 1071/1981/1284 1168/1631/1136
f 1181/1392/1066 1064/1394/1068 1150/705/615
f 238/543/484 194/6/6 203/159/156
f 1145/1538/1142 1059/1952/1285 1289/1043/850
f 1139/1539/1143 1055/1982/1257 1285/1540/1087
f 1281/1542/1145 1089/937/784 1180/939/786
f 1171/1983/1146 1072/1984/1264 1170/1985/1147
f 717/454/408 261/1914/945 720/455/409
f 1126/1717/1239 1275/1776/1199 1269/1762/1015
f 1312/1722/1215 1284/1653/1216 1100/1634/1201
f 901/103/102 873/822/701 872/924/775
f 1074/1986/1263 1165/1557/1156 1166/1629/1198
f 1135/1645/1209 1310/1618/450 1312/1652/1215
f 33/1910/1280 134/642/562 74/1117/898
f 266/505/447 267/504/446 622/1552/1154
f 1166/1629/1198 1263/1556/1155 1272/1623/1193
f 734/498/441 735/406/372 849/405/371
f 1043/260/245 1014/763/656 1027/660/576
f 925/896/755 504/1436/1084 506/1435/759
f 582/1481/1101 982/1947/735 601/1482/1028
f 353/247/233 820/46/46 373/1201/960
f 454/1107/806 453/346/323 487/1553/704
f 438/990/825 431/811/691 553/1382/1061
f 443/1555/665 444/1447/1076 445/525/466
f 1280/1752/1173 1133/153/152 1132/1294/1018
f 124/1479/1023 71/1062/866 123/1633/1200
f 1198/1558/976 1147/741/639 1199/1559/1157
f 749/539/480 746/537/478 821/733/48
f 1199/1559/1157 1146/1727/1245 1203/1597/1180
f 1272/1623/1193 1268/1291/1017 1166/1629/1198
f 1113/1567/1161 1220/1748/1223 1224/1568/1104
f 1149/1548/1150 1077/1524/1128 1216/1522/1126
f 1111/1570/1162 1215/1749/1217 1218/1571/1163
f 1109/1572/1164 1209/1987/1220 1213/1573/18
f 1143/1660/1149 1212/16/16 1209/1661/1220
f 1023/787/676 1050/28/28 1037/30/30
f 1286/1534/1138 1214/1737/985 1213/1988/18
f 1239/1142/918 1154/1609/1188 1298/1576/12
f 1248/292/274 1249/1682/452 1247/1578/940
f 86/357/332 128/708/618 9/788/677
f 1227/1463/1092 1228/1687/1231 1226/1580/1166
f 839/485/429 838/484/428 740/1021/834
f 1236/1250/993 1237/1202/961 1235/1582/1168
f 1245/1584/1170 1307/1684/1229 1247/1585/940
f 1119/1586/1171 1246/1607/451 1250/765/453
f 1318/1426/1081 1266/1530/1134 1174/1427/1082
f 1190/1589/1174 1099/1635/1202 1098/1590/1175
f 1134/1276/1004 1133/153/152 1324/155/9
f 259/1141/917 716/1232/982 256/529/470
f 1124/1561/1158 1123/1650/1213 1263/1989/1155
f 600/1903/764 983/1863/877 605/1990/975
f 575/1944/241 491/1747/1249 574/1319/1032
f 1305/1592/1177 1079/1689/1232 1082/1593/1178
f 1208/1594/1096 1288/1535/1139 1181/1392/1066
f 1286/1534/1138 1204/1991/1221 1107/1466/1095
f 1291/1680/1109 1109/1572/1164 1290/1659/1219
f 1229/1464/1093 1305/1592/1177 1125/1563/1159
f 1301/132/131 1244/1608/1187 1119/1586/1171
f 1303/976/817 1253/1698/493 1121/1216/969
f 1082/1593/1178 1270/1641/1206 1123/1650/1213
f 108/464/215 46/124/123 40/117/116
f 99/443/399 69/339/318 59/144/143
f 1120/1526/1130 1163/1523/1127 1216/1522/1126
f 239/86/86 195/157/154 191/326/306
f 1116/1521/1125 1161/1528/1132 1205/1527/1131
f 290/468/418 748/1992/1260 707/1993/1113
f 592/1/1 589/809/689 610/1439/1085
f 1073/1805/1265 1171/1833/1146 1172/1994/1195
f 1275/1995/1199 1167/1938/1016 1269/1996/1015
f 1146/1727/1245 1193/1728/1244 1203/1597/1180
f 62/1649/1212 64/335/315 61/334/314
f 1191/1646/1210 1135/1645/1209 1312/1652/1215
f 1315/1596/1179 1200/1560/1019 1199/1559/1157
f 1283/1740/317 1281/1542/1145 1282/8/8
f 1106/1639/1204 1105/1640/1205 1316/1712/1184
f 1310/508/450 1186/507/449 1284/1653/1216
f 715/521/462 713/106/105 729/108/107
f 1315/1602/1179 1203/1599/1180 1202/1601/1183
f 660/1604/1112 642/1506/816 647/1605/1185
f 1112/1044/851 1111/1570/1162 1219/1042/849
f 1114/1139/916 1113/1567/1161 1225/1226/977
f 1214/1737/985 1286/1534/1138 1137/819/698
f 783/466/416 789/82/82 781/84/84
f 1154/1609/1188 1239/1142/918 1175/1144/920
f 1303/976/817 1234/1536/1140 1232/1611/1189
f 1234/1536/1140 1303/976/817 1161/1528/1132
f 264/1612/454 260/1140/455 258/1115/896
f 1158/1613/1190 1257/1239/988 1179/1614/785
f 58/140/139 73/452/406 72/1061/865
f 763/558/496 767/561/286 769/1616/223
f 397/433/391 395/171/168 283/173/170
f 1282/8/8 1180/939/786 1324/9/9
f 1096/517/458 1183/587/518 1309/1617/448
f 1096/517/458 1095/516/457 1183/587/518
f 1190/1619/1174 1188/1997/1176 1139/1620/1143
f 1319/1622/1192 1269/1289/1015 1268/1291/1017
f 1192/1998/983 1189/1541/1144 1285/1540/1087
f 718/488/432 719/487/431 716/1232/982
f 1267/1127/906 1262/1126/905 1172/1625/1195
f 1127/1627/1197 1269/1762/1015 1319/1628/1192
f 1167/1290/1016 1074/1986/1263 1166/1629/1198
f 1278/152/151 1273/151/150 1168/1532/1136
f 203/159/156 204/158/155 123/1633/1200
f 1100/1634/1201 1068/1913/1282 1098/1590/1175
f 1102/1636/1203 1195/1723/1243 1313/1637/61
f 1106/1639/1204 1063/1912/1281 1104/1137/914
f 73/452/406 74/1117/898 71/1062/866
f 1270/1641/1206 1081/682/597 1176/681/596
f 1272/1999/1193 1270/1641/1206 1271/1642/1207
f 1319/1643/1192 1272/1999/1193 1271/1642/1207
f 1136/1644/1208 1052/818/697 1135/1645/1209
f 1141/1518/1122 1056/1784/1258 1140/1647/1211
f 1192/2000/983 1136/1644/1208 1191/1646/1210
f 115/1648/404 118/696/555 31/695/607
f 62/1649/1212 201/156/153 202/85/85
f 1125/1563/1159 1082/1593/1178 1123/1650/1213
f 1271/1642/1207 1176/681/596 1320/1302/830
f 1311/1651/1214 1192/2000/983 1191/1646/1210
f 1185/726/629 1069/1902/1279 1284/1653/1216
f 1309/1654/448 1183/1595/518 1182/1533/1137
f 1222/1549/1151 1223/1664/1222 1221/273/257
f 1215/1655/1217 1149/1548/1150 1217/1496/1110
f 665/1657/1218 633/2001/1089 635/1054/859
f 1110/1234/984 1109/1572/1164 1214/1235/985
f 342/1229/979 350/1155/927 341/1230/980
f 1204/1662/1221 1138/1545/1148 1206/1565/1160
f 960/611/540 923/1959/870 463/793/681
f 143/90/90 145/89/89 217/1663/362
f 1138/1545/1148 1075/1546/1123 1205/1566/1131
f 1223/1664/1222 1222/1549/1151 1293/1665/1105
f 1151/1550/1152 1223/1664/1222 1220/1667/1223
f 1109/1572/1164 1110/1234/984 1058/1452/1088
f 993/757/13 997/756/650 1048/1668/872
f 221/1887/188 189/324/304 217/394/362
f 1108/586/517 1107/1466/1095 1208/1468/1096
f 1297/10/10 1243/1699/1234 1241/1670/963
f 1257/1239/988 1258/1690/990 1256/1671/912
f 1131/1172/941 1090/1390/1065 1129/1672/1224
f 1306/933/780 1236/1250/993 1155/1583/1169
f 1255/1674/1226 1254/554/492 1258/1245/990
f 1237/1676/961 1243/1699/1234 1117/1677/1227
f 1290/1659/1219 1219/1091/849 1218/1679/1163
f 1252/1587/1172 1299/764/657 1163/1523/1127
f 1308/1681/1228 1254/554/492 1159/556/494
f 305/812/692 865/928/778 432/813/693
f 1249/1682/452 1248/292/274 1251/294/276
f 1307/1684/1229 1245/1584/1170 1157/1685/1230
f 358/579/512 357/252/237 364/1208/964
f 1228/1687/1231 1227/1463/1092 1231/1465/1094
f 1261/1218/971 1301/132/131 1164/1525/1129
f 1120/1526/1130 1119/1586/1171 1252/1587/1172
f 1305/1592/1177 1227/1463/1092 1153/1581/1167
f 1258/1690/990 1257/1239/988 1260/1241/132
f 863/1175/943 428/551/489 756/553/491
f 1230/1692/1233 1160/743/641 1304/1693/819
f 1231/1695/1094 1230/1692/1233 1233/1694/818
f 1122/271/255 1121/1216/969 1261/1218/971
f 1156/1700/1235 1248/292/274 1177/1579/1165
f 1230/1692/1233 1231/1695/1094 1229/1701/1093
f 818/651/568 1007/71/71 853/198/192
f 1225/1310/977 1292/1486/1103 1148/742/640
f 1245/1584/1170 1246/509/451 1244/1702/1187
f 1240/1703/962 1239/1142/918 1242/1577/11
f 1228/1705/1231 1234/1536/1140 1115/1537/1141
f 1243/1699/1234 1297/10/10 1162/1520/1124
f 1201/1600/1182 1070/1901/1278 1294/1707/1236
f 1267/1708/906 1264/1885/1196 1265/1529/1133
f 1317/1709/904 1267/1708/906 1266/1530/1134
f 725/1130/908 726/1129/907 705/1710/1237
f 1105/1640/1205 1200/1295/1019 1315/1711/1179
f 1165/1557/1156 1073/2002/1265 1172/1625/1195
f 1100/1634/1201 1099/1635/1202 1312/1722/1215
f 1321/1713/149 1278/372/151 1277/374/347
f 737/522/463 738/1450/1086 405/1715/1238
f 1130/1624/1194 1274/1844/1181 1321/1716/149
f 1128/935/782 1086/934/781 1126/1717/1239
f 179/320/300 183/238/227 180/322/302
f 1103/1718/1240 1067/1918/1283 1101/1719/1241
f 372/727/405 295/209/202 297/1720/1242
f 1099/1635/1202 1190/1589/1174 1311/1721/1214
f 1276/373/346 1085/1515/1120 1178/1514/1119
f 1195/1723/1243 1102/1636/1203 1101/1719/1241
f 1311/1725/1214 1190/1619/1174 1189/1621/1144
f 1147/741/639 1060/1828/1271 1146/1727/1245
f 1193/1728/1244 1145/1538/1142 1194/1034/843
f 1124/1561/1158 1263/1989/1155 1317/1730/904
f 904/850/724 941/1387/75 962/1731/743
f 925/1963/755 572/1907/802 895/981/820
f 1103/1718/1240 1068/1913/1282 1067/1918/1283
f 1177/1579/1165 1247/1578/940 1322/1714/942
f 1244/1702/1187 1158/1613/1190 1157/1685/1230
f 1300/293/275 1155/1583/1169 1235/1582/1168
f 1281/1542/1145 1090/1390/1065 1089/937/784
f 1116/2003/1125 1205/1566/1131 1075/1546/1123
f 1120/1526/1130 1216/1522/1126 1077/1524/1128
f 846/263/248 861/1297/1014 856/1764/648
f 942/1889/1052 480/104/103 525/994/826
f 618/843/720 590/1273/1001 617/841/718
f 1272/1999/1193 1123/1650/1213 1270/1641/1206
f 1184/706/616 1106/1639/1204 1316/1712/1184
f 589/809/689 587/314/294 413/685/600
f 436/915/770 475/1928/94 479/1337/1041
f 405/1715/1238 278/1133/911 736/1158/930
f 115/449/404 60/145/144 70/333/313
f 504/1436/1084 507/1313/1027 509/1734/808
f 679/1509/1116 473/94/94 474/1508/94
f 196/327/307 201/156/153 224/631/374
f 1169/1980/1135 1072/1984/1264 1071/1981/1284
f 1054/1735/1246 1286/1534/1138 1107/1466/1095
f 1290/1659/1219 1058/1452/1088 1057/1517/1121
f 1162/1520/1124 1115/1537/1141 1116/1521/1125
f 1163/1523/1127 1117/1677/1227 1118/257/242
f 448/888/747 540/2004/722 581/1868/1036
f 81/1184/949 1/169/166 127/806/688
f 1054/1735/1246 1108/586/517 1095/516/457
f 1136/1644/1208 1192/2000/983 1214/1737/985
f 531/891/750 444/1447/1076 443/1555/665
f 462/1841/1272 556/2005/729 701/907/98
f 1326/2006/1286 1327/2007/1287 1328/2008/1288
f 1330/2009/1289 1331/2010/1290 1329/2011/1291
f 1330/2012/1289 1403/2013/1292 1333/2014/1293
f 1331/2015/1290 1330/2012/1289 1332/2016/1294
f 1332/2016/1294 1330/2012/1289 1333/2014/1293
f 1333/2014/1293 1475/2017/1295 1412/2018/1296
f 1332/2016/1294 1333/2014/1293 1412/2018/1296
f 1540/2019/1297 1325/2020/1298 1748/2021/1299
f 1335/2022/1300 1540/2019/1297 1748/2021/1299
f 1512/2023/1301 1537/2024/1302 1511/2025/1303
f 1537/2024/1302 1335/2022/1300 1511/2025/1303
f 1483/2026/1304 1693/2027/1305 1700/2028/1306
f 1541/2029/1307 1336/2030/1308 1483/2031/1304
f 1541/2029/1307 1483/2031/1304 1700/2032/1306
f 1483/2026/1304 1484/2033/1309 1693/2027/1305
f 1696/2034/1310 1475/2017/1295 1337/2035/1311
f 1337/2035/1311 1475/2017/1295 1541/2029/1307
f 1541/2029/1307 1475/2017/1295 1336/2030/1308
f 1338/2036/1312 1343/2037/1313 1339/2038/1314
f 1331/2010/1290 1338/2036/1312 1339/2038/1314
f 1338/2039/1312 1331/2015/1290 1332/2016/1294
f 1340/2040/1315 1338/2039/1312 1332/2016/1294
f 1331/2010/1290 1339/2038/1314 1329/2011/1291
f 1340/2040/1315 1332/2016/1294 1696/2034/1310
f 1696/2034/1310 1332/2016/1294 1412/2018/1296
f 1343/2037/1313 1338/2036/1312 1340/2041/1315
f 1342/2042/1316 1341/2043/1317 1343/2037/1313
f 1342/2042/1316 1343/2037/1313 1340/2041/1315
f 1343/2037/1313 1341/2043/1317 1326/2006/1286
f 1342/2044/1316 1340/2040/1315 1696/2034/1310
f 1344/2045/1318 1328/2008/1288 1327/2007/1287
f 1345/2046/1319 1353/2047/1320 1472/2048/1321
f 1339/2038/1314 1346/2049/1322 1329/2011/1291
f 1329/2011/1291 1346/2049/1322 1474/2050/1323
f 1339/2038/1314 1343/2037/1313 1346/2049/1322
f 1347/2051/1324 1349/2052/1325 1348/2053/1326
f 1350/2054/1327 1347/2051/1324 1348/2053/1326
f 1347/2051/1324 1353/2047/1320 1349/2052/1325
f 1350/2054/1327 1348/2053/1326 1351/2055/1328
f 1352/2056/1329 1347/2051/1324 1350/2054/1327
f 1352/2056/1329 1353/2047/1320 1347/2051/1324
f 1486/2057/1330 1354/2058/1331 1356/2059/1332
f 1355/2060/1333 1354/2058/1331 1486/2057/1330
f 1531/2061/1334 1355/2060/1333 1486/2057/1330
f 1486/2057/1330 1356/2059/1332 1424/2062/1335
f 1518/2063/1336 1355/2060/1333 1531/2061/1334
f 1354/2058/1331 1334/2064/1337 1356/2059/1332
f 1361/2065/1338 1568/2066/1339 1357/2067/1340
f 1360/2068/1341 1569/2069/1342 1361/2065/1338
f 1361/2065/1338 1569/2069/1342 1568/2066/1339
f 1568/2066/1339 1358/2070/1343 1357/2067/1340
f 1358/2070/1343 1742/2071/1344 1518/2063/1336
f 1359/2072/1345 1360/2068/1341 1361/2065/1338
f 1358/2070/1343 1518/2063/1336 1517/2073/1343
f 1357/2067/1340 1358/2070/1343 1517/2073/1343
f 1363/2074/1346 1364/2075/1347 1329/2076/1291
f 1364/2077/1347 1365/2078/1348 1329/2079/1291
f 1394/2080/1349 1366/2081/1350 1364/2075/1347
f 1363/2074/1346 1394/2080/1349 1364/2075/1347
f 1364/2075/1347 1396/2082/1351 1365/2083/1348
f 1364/2075/1347 1366/2081/1350 1396/2082/1351
f 1351/2084/1328 1367/2085/1352 1368/2086/1353
f 1369/2087/1354 1370/2088/1355 1368/2086/1353
f 1367/2085/1352 1369/2087/1354 1368/2086/1353
f 1368/2086/1353 1394/2080/1349 1363/2074/1346
f 1368/2086/1353 1370/2088/1355 1394/2080/1349
f 1371/2089/1356 1367/2090/1352 1351/2091/1328
f 1348/2092/1326 1372/2093/1357 1371/2094/1356
f 1348/2092/1326 1371/2094/1356 1351/2084/1328
f 1397/2095/1358 1373/2096/1359 1371/2094/1356
f 1372/2093/1357 1397/2095/1358 1371/2094/1356
f 1371/2094/1356 1369/2087/1354 1367/2085/1352
f 1371/2094/1356 1373/2096/1359 1369/2087/1354
f 1374/2097/1360 1372/2098/1357 1349/2052/1325
f 1349/2052/1325 1372/2098/1357 1348/2053/1326
f 1375/2099/1361 1376/2100/1362 1372/2093/1357
f 1375/2099/1361 1372/2093/1357 1374/2101/1360
f 1376/2100/1362 1397/2095/1358 1372/2093/1357
f 1377/2102/1363 1349/2052/1325 1470/2103/1364
f 1377/2102/1363 1374/2097/1360 1349/2052/1325
f 1378/2104/1365 1377/2102/1363 1379/2105/1366
f 1379/2105/1366 1377/2102/1363 1470/2103/1364
f 1399/2106/1367 1380/2107/1368 1377/2108/1363
f 1399/2106/1367 1377/2108/1363 1378/2109/1365
f 1377/2108/1363 1375/2099/1361 1374/2101/1360
f 1380/2107/1368 1375/2099/1361 1377/2108/1363
f 1385/2110/1369 1381/2111/1370 1382/2112/1371
f 1382/2112/1371 1381/2111/1370 1379/2105/1366
f 1383/2113/1372 1384/2114/1373 1381/2115/1370
f 1385/2116/1369 1383/2113/1372 1381/2115/1370
f 1381/2115/1370 1399/2106/1367 1378/2109/1365
f 1384/2114/1373 1399/2106/1367 1381/2115/1370
f 1381/2111/1370 1378/2104/1365 1379/2105/1366
f 1386/2117/1374 1385/2110/1369 1387/2118/1375
f 1387/2118/1375 1385/2110/1369 1382/2112/1371
f 1402/2119/1376 1388/2120/1377 1385/2116/1369
f 1386/2121/1374 1402/2119/1376 1385/2116/1369
f 1388/2120/1377 1383/2113/1372 1385/2116/1369
f 1614/2122/1378 1679/2123/1379 1401/2124/1380
f 1329/2076/1291 1365/2083/1348 1330/2012/1289
f 1365/2083/1348 1396/2082/1351 1403/2013/1292
f 1330/2012/1289 1365/2083/1348 1403/2013/1292
f 1497/2125/1381 1410/2126/1382 1389/2127/1383
f 1497/2125/1381 1389/2127/1383 1419/2128/1384
f 1420/2129/1385 1390/2130/1386 1497/2125/1381
f 1420/2129/1385 1497/2125/1381 1419/2128/1384
f 1411/2131/1387 1420/2129/1385 1485/2132/1388
f 1411/2131/1387 1390/2130/1386 1420/2129/1385
f 1426/2133/1389 1523/2134/1390 1391/2135/1391
f 1524/2136/1392 1523/2134/1390 1426/2133/1389
f 1524/2136/1392 1392/2137/1393 1523/2134/1390
f 1393/2138/1394 1392/2137/1393 1524/2136/1392
f 1393/2138/1394 1519/2139/1395 1392/2137/1393
f 1431/2140/1396 1394/2080/1349 1370/2088/1355
f 1431/2140/1396 1432/2141/1397 1394/2080/1349
f 1395/2142/1398 1431/2140/1396 1369/2087/1354
f 1369/2087/1354 1431/2140/1396 1370/2088/1355
f 1441/2143/1399 1396/2082/1351 1366/2081/1350
f 1441/2143/1399 1442/2144/1400 1396/2082/1351
f 1432/2141/1397 1441/2143/1399 1394/2080/1349
f 1394/2080/1349 1441/2143/1399 1366/2081/1350
f 1443/2145/1401 1397/2095/1358 1376/2100/1362
f 1443/2145/1401 1444/2146/1402 1397/2095/1358
f 1398/2147/1403 1443/2145/1401 1375/2099/1361
f 1375/2099/1361 1443/2145/1401 1376/2100/1362
f 1450/2148/1404 1369/2087/1354 1373/2096/1359
f 1450/2148/1404 1395/2142/1398 1369/2087/1354
f 1397/2095/1358 1444/2146/1402 1450/2148/1404
f 1397/2095/1358 1450/2148/1404 1373/2096/1359
f 1451/2149/1405 1399/2106/1367 1384/2114/1373
f 1451/2149/1405 1452/2150/1406 1399/2106/1367
f 1400/2151/1407 1451/2149/1405 1383/2113/1372
f 1383/2113/1372 1451/2149/1405 1384/2114/1373
f 1460/2152/1408 1375/2099/1361 1380/2107/1368
f 1460/2152/1408 1398/2147/1403 1375/2099/1361
f 1399/2106/1367 1452/2150/1406 1460/2152/1408
f 1399/2106/1367 1460/2152/1408 1380/2107/1368
f 1679/2123/1379 1402/2119/1376 1401/2124/1380
f 1679/2123/1379 1462/2153/1409 1402/2119/1376
f 1464/2154/1410 1383/2113/1372 1388/2120/1377
f 1464/2154/1410 1400/2151/1407 1383/2113/1372
f 1462/2153/1409 1464/2154/1410 1402/2119/1376
f 1402/2119/1376 1464/2154/1410 1388/2120/1377
f 1442/2144/1400 1403/2013/1292 1396/2082/1351
f 1442/2144/1400 1465/2155/1411 1403/2013/1292
f 1404/2156/1412 1478/2157/1413 1333/2014/1293
f 1465/2155/1411 1404/2156/1412 1403/2013/1292
f 1403/2013/1292 1404/2156/1412 1333/2014/1293
f 1539/2158/1414 1405/2159/1415 1406/2160/1416
f 1405/2159/1415 1407/2161/1417 1408/2162/1418
f 1407/2161/1417 1405/2159/1415 1539/2158/1414
f 1409/2163/1419 1405/2164/1415 1362/2165/1420
f 1362/2165/1420 1405/2164/1415 1408/2166/1418
f 1410/2167/1382 1406/2168/1416 1405/2164/1415
f 1410/2167/1382 1405/2164/1415 1409/2163/1419
f 1341/2043/1317 1327/2007/1287 1326/2006/1286
f 1342/2042/1316 1413/2169/1421 1341/2043/1317
f 1413/2169/1421 1414/2170/1422 1341/2043/1317
f 1341/2043/1317 1414/2170/1422 1327/2007/1287
f 1413/2171/1421 1342/2044/1316 1696/2034/1310
f 1415/2172/1423 1344/2045/1318 1414/2170/1422
f 1627/2173/1424 1415/2172/1423 1414/2170/1422
f 1414/2170/1422 1344/2045/1318 1327/2007/1287
f 1413/2169/1421 1627/2173/1424 1414/2170/1422
f 1627/2174/1424 1413/2171/1421 1696/2034/1310
f 1632/2175/1425 1416/2176/1426 1418/2177/1427
f 1632/2175/1425 1418/2177/1427 1334/2178/1337
f 1630/2179/1428 1485/2132/1388 1416/2176/1426
f 1416/2176/1426 1485/2132/1388 1417/2180/1429
f 1334/2178/1337 1418/2177/1427 1356/2181/1332
f 1416/2176/1426 1417/2180/1429 1418/2177/1427
f 1356/2059/1332 1425/2182/1430 1424/2062/1335
f 1418/2177/1427 1417/2180/1429 1425/2183/1430
f 1418/2184/1427 1425/2182/1430 1356/2059/1332
f 1421/2185/1431 1423/2186/1432 1422/2187/1433
f 1424/2062/1335 1425/2182/1430 1421/2188/1431
f 1424/2062/1335 1421/2188/1431 1422/2189/1433
f 1420/2129/1385 1419/2128/1384 1421/2190/1431
f 1425/2183/1430 1420/2129/1385 1421/2190/1431
f 1421/2185/1431 1389/2191/1383 1423/2186/1432
f 1421/2190/1431 1419/2128/1384 1389/2127/1383
f 1417/2180/1429 1420/2129/1385 1425/2183/1430
f 1485/2132/1388 1420/2129/1385 1417/2180/1429
f 1528/2192/1434 1427/2193/1435 1503/2194/1436
f 1503/2194/1436 1427/2193/1435 1428/2195/1437
f 1429/2196/1438 1430/2197/1439 1427/2198/1435
f 1429/2196/1438 1427/2198/1435 1528/2199/1434
f 1427/2198/1435 1524/2136/1392 1426/2133/1389
f 1430/2197/1439 1524/2136/1392 1427/2198/1435
f 1427/2198/1435 1391/2135/1391 1428/2200/1437
f 1427/2198/1435 1426/2133/1389 1391/2135/1391
f 1433/2201/1440 1434/2202/1441 1435/2203/1442
f 1433/2201/1440 1435/2203/1442 1436/2204/1443
f 1435/2203/1442 1437/2205/1444 1438/2206/1445
f 1434/2202/1441 1437/2205/1444 1435/2203/1442
f 1435/2207/1442 1432/2141/1397 1431/2140/1396
f 1435/2207/1442 1438/2208/1445 1432/2141/1397
f 1395/2142/1398 1436/2209/1443 1435/2207/1442
f 1395/2142/1398 1435/2207/1442 1431/2140/1396
f 1438/2206/1445 1439/2210/1446 1466/2211/1447
f 1437/2205/1444 1439/2210/1446 1438/2206/1445
f 1438/2208/1445 1440/2212/1448 1441/2143/1399
f 1438/2208/1445 1466/2213/1447 1440/2212/1448
f 1432/2141/1397 1438/2208/1445 1441/2143/1399
f 1441/2143/1399 1440/2212/1448 1442/2144/1400
f 1509/2214/1449 1445/2215/1450 1448/2216/1451
f 1509/2214/1449 1448/2216/1451 1446/2217/1452
f 1445/2218/1450 1447/2219/1453 1448/2220/1451
f 1448/2221/1451 1444/2146/1402 1443/2145/1401
f 1446/2222/1452 1448/2221/1451 1398/2147/1403
f 1398/2147/1403 1448/2221/1451 1443/2145/1401
f 1449/2223/1454 1433/2201/1440 1436/2204/1443
f 1447/2224/1453 1433/2201/1440 1449/2223/1454
f 1449/2225/1454 1395/2142/1398 1450/2148/1404
f 1449/2225/1454 1436/2209/1443 1395/2142/1398
f 1444/2146/1402 1448/2221/1451 1449/2225/1454
f 1444/2146/1402 1449/2225/1454 1450/2148/1404
f 1447/2224/1453 1449/2223/1454 1448/2226/1451
f 1359/2227/1345 1453/2228/1455 1454/2229/1456
f 1455/2230/1457 1359/2227/1345 1454/2229/1456
f 1454/2229/1456 1456/2231/1458 1457/2232/1459
f 1453/2228/1455 1456/2231/1458 1454/2229/1456
f 1454/2229/1456 1452/2150/1406 1451/2149/1405
f 1454/2229/1456 1457/2232/1459 1452/2150/1406
f 1455/2230/1457 1454/2229/1456 1400/2151/1407
f 1400/2151/1407 1454/2229/1456 1451/2149/1405
f 1458/2233/1460 1509/2214/1449 1446/2217/1452
f 1459/2234/1461 1509/2235/1449 1458/2236/1460
f 1458/2236/1460 1398/2147/1403 1460/2152/1408
f 1458/2236/1460 1446/2222/1452 1398/2147/1403
f 1457/2232/1459 1458/2236/1460 1452/2150/1406
f 1452/2150/1406 1458/2236/1460 1460/2152/1408
f 1456/2231/1458 1459/2234/1461 1458/2236/1460
f 1456/2231/1458 1458/2236/1460 1457/2232/1459
f 1461/2237/1462 1462/2153/1409 1679/2123/1379
f 1463/2238/1463 1462/2153/1409 1461/2237/1462
f 1455/2230/1457 1400/2151/1407 1464/2154/1410
f 1463/2238/1463 1455/2230/1457 1462/2153/1409
f 1462/2153/1409 1455/2230/1457 1464/2154/1410
f 1360/2239/1341 1359/2227/1345 1455/2230/1457
f 1463/2238/1463 1360/2239/1341 1455/2230/1457
f 1440/2212/1448 1465/2155/1411 1442/2144/1400
f 1466/2213/1447 1439/2240/1446 1467/2241/1464
f 1466/2213/1447 1465/2155/1411 1440/2212/1448
f 1466/2213/1447 1467/2241/1464 1465/2155/1411
f 1465/2155/1411 1467/2241/1464 1476/2242/1465
f 1465/2155/1411 1476/2242/1465 1404/2156/1412
f 1469/2243/1466 1382/2112/1371 1379/2105/1366
f 1469/2243/1466 1471/2244/1467 1382/2112/1371
f 1468/2245/1468 1471/2244/1467 1469/2243/1466
f 1353/2047/1320 1470/2103/1364 1349/2052/1325
f 1470/2103/1364 1468/2245/1468 1469/2243/1466
f 1353/2047/1320 1468/2245/1468 1470/2103/1364
f 1470/2103/1364 1469/2243/1466 1379/2105/1366
f 1685/2246/1469 1387/2118/1375 1471/2244/1467
f 1468/2245/1468 1685/2246/1469 1471/2244/1467
f 1471/2244/1467 1387/2118/1375 1382/2112/1371
f 1346/2049/1322 1472/2048/1321 1474/2050/1323
f 1343/2037/1313 1326/2006/1286 1346/2049/1322
f 1326/2006/1286 1328/2008/1288 1346/2049/1322
f 1346/2049/1322 1328/2008/1288 1472/2048/1321
f 1474/2050/1323 1472/2048/1321 1352/2056/1329
f 1472/2048/1321 1353/2047/1320 1352/2056/1329
f 1352/2056/1329 1350/2054/1327 1473/2247/1470
f 1368/2248/1353 1473/2247/1470 1351/2055/1328
f 1473/2247/1470 1350/2054/1327 1351/2055/1328
f 1363/2249/1346 1474/2050/1323 1473/2247/1470
f 1473/2247/1470 1368/2248/1353 1363/2249/1346
f 1329/2011/1291 1474/2050/1323 1363/2249/1346
f 1474/2050/1323 1352/2056/1329 1473/2247/1470
f 1467/2241/1464 1500/2250/1471 1476/2242/1465
f 1476/2242/1465 1500/2250/1471 1501/2251/1472
f 1439/2210/1446 1477/2252/1473 1500/2253/1471
f 1467/2254/1464 1439/2210/1446 1500/2253/1471
f 1476/2242/1465 1501/2251/1472 1478/2157/1413
f 1404/2156/1412 1476/2242/1465 1478/2157/1413
f 1483/2026/1304 1481/2255/1474 1484/2033/1309
f 1480/2256/1475 1479/2257/1476 1481/2258/1474
f 1483/2031/1304 1480/2256/1475 1481/2258/1474
f 1481/2258/1474 1498/2259/1477 1482/2260/1478
f 1481/2258/1474 1479/2257/1476 1498/2259/1477
f 1336/2030/1308 1480/2256/1475 1483/2031/1304
f 1475/2017/1295 1480/2256/1475 1336/2030/1308
f 1494/2261/1479 1495/2262/1480 1542/2263/1481
f 1602/2264/1482 1495/2262/1480 1411/2131/1387
f 1542/2263/1481 1495/2262/1480 1602/2264/1482
f 1696/2034/1310 1412/2018/1296 1475/2017/1295
f 1488/2265/1483 1489/2266/1484 1487/2267/1485
f 1531/2061/1334 1486/2057/1330 1487/2267/1485
f 1489/2266/1484 1531/2061/1334 1487/2267/1485
f 1487/2267/1485 1424/2062/1335 1422/2189/1433
f 1487/2267/1485 1486/2057/1330 1424/2062/1335
f 1481/2255/1474 1482/2268/1478 1491/2269/1486
f 1491/2269/1486 1492/2270/1487 1493/2271/1488
f 1490/2272/1489 1491/2269/1486 1530/2273/1490
f 1491/2269/1486 1493/2271/1488 1530/2273/1490
f 1484/2033/1309 1481/2255/1474 1491/2269/1486
f 1484/2033/1309 1491/2269/1486 1490/2272/1489
f 1494/2261/1479 1390/2130/1386 1495/2262/1480
f 1496/2274/1491 1410/2126/1382 1497/2125/1381
f 1496/2275/1491 1406/2168/1416 1410/2167/1382
f 1494/2261/1479 1496/2274/1491 1390/2130/1386
f 1390/2130/1386 1496/2274/1491 1497/2125/1381
f 1325/2020/1298 1496/2276/1491 1494/2277/1479
f 1495/2262/1480 1390/2130/1386 1411/2131/1387
f 1479/2257/1476 1391/2278/1391 1498/2259/1477
f 1499/2279/1492 1504/2280/1493 1479/2257/1476
f 1499/2279/1492 1479/2257/1476 1480/2256/1475
f 1504/2280/1493 1391/2278/1391 1479/2257/1476
f 1333/2014/1293 1478/2157/1413 1475/2017/1295
f 1475/2017/1295 1499/2279/1492 1480/2256/1475
f 1478/2157/1413 1499/2279/1492 1475/2017/1295
f 1502/2281/1494 1503/2194/1436 1428/2195/1437
f 1502/2282/1494 1391/2278/1391 1504/2280/1493
f 1502/2282/1494 1428/2283/1437 1391/2278/1391
f 1500/2250/1471 1502/2282/1494 1501/2251/1472
f 1501/2251/1472 1502/2282/1494 1504/2280/1493
f 1477/2252/1473 1503/2194/1436 1502/2281/1494
f 1477/2252/1473 1502/2281/1494 1500/2253/1471
f 1501/2251/1472 1504/2280/1493 1499/2279/1492
f 1478/2157/1413 1501/2251/1472 1499/2279/1492
f 1507/2284/1495 1357/2067/1340 1517/2073/1343
f 1509/2214/1449 1459/2285/1461 1508/2286/1496
f 1508/2286/1496 1456/2287/1458 1510/2288/1497
f 1459/2285/1461 1456/2287/1458 1508/2286/1496
f 1508/2286/1496 1357/2067/1340 1507/2284/1495
f 1508/2286/1496 1510/2288/1497 1357/2067/1340
f 1509/2214/1449 1508/2286/1496 1507/2284/1495
f 1510/2288/1497 1359/2072/1345 1361/2065/1338
f 1453/2289/1455 1359/2072/1345 1510/2288/1497
f 1510/2288/1497 1361/2065/1338 1357/2067/1340
f 1456/2287/1458 1453/2289/1455 1510/2288/1497
f 1693/2027/1305 1484/2033/1309 1708/2290/1498
f 1490/2272/1489 1692/2291/1499 1708/2290/1498
f 1484/2033/1309 1490/2272/1489 1708/2290/1498
f 1512/2023/1301 1511/2025/1303 1549/2292/1301
f 1530/2273/1490 1512/2023/1301 1692/2291/1499
f 1692/2291/1499 1512/2023/1301 1549/2292/1301
f 1490/2272/1489 1530/2273/1490 1692/2291/1499
f 1439/2210/1446 1437/2205/1444 1513/2293/1500
f 1439/2210/1446 1513/2293/1500 1505/2294/1501
f 1505/2294/1501 1513/2293/1500 1506/2295/1502
f 1513/2293/1500 1514/2296/1503 1506/2295/1502
f 1513/2293/1500 1433/2201/1440 1515/2297/1504
f 1434/2202/1441 1433/2201/1440 1513/2293/1500
f 1513/2293/1500 1515/2297/1504 1514/2296/1503
f 1437/2205/1444 1434/2202/1441 1513/2293/1500
f 1433/2201/1440 1447/2224/1453 1515/2297/1504
f 1515/2297/1504 1447/2224/1453 1516/2298/1505
f 1515/2297/1504 1516/2298/1505 1507/2299/1495
f 1514/2296/1503 1515/2297/1504 1507/2299/1495
f 1445/2215/1450 1509/2214/1449 1516/2300/1505
f 1516/2300/1505 1509/2214/1449 1507/2284/1495
f 1447/2224/1453 1445/2301/1450 1516/2298/1505
f 1514/2302/1503 1517/2073/1343 1518/2063/1336
f 1507/2284/1495 1517/2073/1343 1514/2302/1503
f 1523/2134/1390 1498/2303/1477 1391/2135/1391
f 1520/2304/1506 1519/2305/1395 1393/2306/1394
f 1526/2307/1507 1519/2305/1395 1520/2304/1506
f 1482/2268/1478 1522/2308/1508 1491/2269/1486
f 1498/2303/1477 1523/2134/1390 1522/2309/1508
f 1498/2303/1477 1522/2309/1508 1482/2310/1478
f 1392/2137/1393 1521/2311/1509 1522/2309/1508
f 1523/2134/1390 1392/2137/1393 1522/2309/1508
f 1522/2308/1508 1492/2270/1487 1491/2269/1486
f 1522/2308/1508 1521/2312/1509 1492/2270/1487
f 1534/2313/1510 1524/2314/1392 1430/2315/1439
f 1534/2313/1510 1533/2316/1511 1524/2314/1392
f 1488/2317/1483 1534/2313/1510 1429/2318/1438
f 1429/2318/1438 1534/2313/1510 1430/2315/1439
f 1533/2316/1511 1520/2304/1506 1524/2314/1392
f 1524/2314/1392 1520/2304/1506 1393/2306/1394
f 1525/2319/1512 1506/2295/1502 1532/2320/1513
f 1477/2252/1473 1439/2210/1446 1529/2321/1514
f 1529/2321/1514 1506/2295/1502 1525/2319/1512
f 1439/2210/1446 1505/2294/1501 1529/2321/1514
f 1505/2294/1501 1506/2295/1502 1529/2321/1514
f 1506/2295/1502 1514/2296/1503 1532/2320/1513
f 1477/2252/1473 1529/2321/1514 1528/2192/1434
f 1477/2252/1473 1528/2192/1434 1503/2194/1436
f 1528/2192/1434 1525/2319/1512 1527/2322/1515
f 1529/2321/1514 1525/2319/1512 1528/2192/1434
f 1528/2192/1434 1527/2322/1515 1429/2323/1438
f 1530/2273/1490 1493/2271/1488 1538/2324/1516
f 1530/2273/1490 1538/2324/1516 1335/2022/1300
f 1492/2270/1487 1407/2161/1417 1538/2324/1516
f 1492/2270/1487 1538/2324/1516 1493/2271/1488
f 1530/2273/1490 1335/2022/1300 1537/2024/1302
f 1530/2273/1490 1537/2024/1302 1512/2023/1301
f 1408/2162/1418 1492/2270/1487 1521/2312/1509
f 1408/2162/1418 1407/2161/1417 1492/2270/1487
f 1362/2165/1420 1408/2166/1418 1392/2325/1393
f 1392/2325/1393 1408/2166/1418 1521/2326/1509
f 1526/2307/1507 1392/2325/1393 1519/2305/1395
f 1526/2307/1507 1362/2165/1420 1392/2325/1393
f 1429/2327/1438 1527/2328/1515 1489/2266/1484
f 1429/2327/1438 1489/2266/1484 1488/2265/1483
f 1525/2329/1512 1531/2061/1334 1489/2266/1484
f 1525/2329/1512 1489/2266/1484 1527/2328/1515
f 1525/2329/1512 1532/2330/1513 1518/2063/1336
f 1525/2329/1512 1518/2063/1336 1531/2061/1334
f 1514/2302/1503 1518/2063/1336 1532/2330/1513
f 1518/2063/1336 1547/2331/1517 1355/2060/1333
f 1547/2331/1517 1564/2332/1518 1355/2060/1333
f 1355/2060/1333 1564/2332/1518 1354/2058/1331
f 1564/2332/1518 1334/2064/1337 1354/2058/1331
f 1536/2333/1519 1410/2167/1382 1409/2163/1419
f 1536/2333/1519 1389/2191/1383 1410/2167/1382
f 1533/2316/1511 1536/2333/1519 1362/2165/1420
f 1536/2333/1519 1409/2163/1419 1362/2165/1420
f 1520/2304/1506 1362/2165/1420 1526/2307/1507
f 1533/2316/1511 1362/2165/1420 1520/2304/1506
f 1422/2187/1433 1423/2186/1432 1535/2334/1520
f 1487/2335/1485 1422/2187/1433 1535/2334/1520
f 1535/2334/1520 1389/2191/1383 1536/2333/1519
f 1535/2334/1520 1423/2186/1432 1389/2191/1383
f 1534/2313/1510 1535/2334/1520 1533/2316/1511
f 1535/2334/1520 1536/2333/1519 1533/2316/1511
f 1488/2317/1483 1487/2335/1485 1535/2334/1520
f 1488/2317/1483 1535/2334/1520 1534/2313/1510
f 1539/2158/1414 1406/2160/1416 1496/2276/1491
f 1539/2158/1414 1325/2020/1298 1540/2019/1297
f 1539/2158/1414 1496/2276/1491 1325/2020/1298
f 1538/2324/1516 1539/2158/1414 1335/2022/1300
f 1335/2022/1300 1539/2158/1414 1540/2019/1297
f 1407/2161/1417 1539/2158/1414 1538/2324/1516
f 1570/2336/1521 1731/2337/1522 1623/2338/1523
f 1570/2336/1521 1623/2338/1523 1621/2339/1524
f 1556/2340/1525 1687/2341/1526 1344/2045/1318
f 1543/2342/1527 1544/2343/1528 1552/2344/1529
f 1600/2345/1530 1543/2346/1527 1545/2347/1531
f 1543/2346/1527 1552/2348/1529 1545/2347/1531
f 1600/2345/1530 1546/2349/1532 1543/2346/1527
f 1703/2350/1533 1600/2345/1530 1545/2347/1531
f 1337/2035/1311 1600/2345/1530 1703/2350/1533
f 1748/2021/1299 1325/2020/1298 1712/2351/1534
f 1511/2025/1303 1335/2022/1300 1548/2352/1535
f 1335/2022/1300 1748/2021/1299 1548/2352/1535
f 1626/2353/1536 1696/2034/1310 1337/2035/1311
f 1550/2354/1537 1553/2355/1538 1555/2356/1539
f 1545/2347/1531 1550/2357/1537 1551/2358/1540
f 1545/2347/1531 1552/2348/1529 1550/2357/1537
f 1552/2344/1529 1553/2355/1538 1550/2354/1537
f 1703/2350/1533 1545/2347/1531 1626/2353/1536
f 1626/2353/1536 1545/2347/1531 1551/2358/1540
f 1552/2344/1529 1544/2343/1528 1553/2355/1538
f 1626/2353/1536 1551/2358/1540 1554/2359/1541
f 1555/2356/1539 1556/2340/1525 1628/2360/1542
f 1551/2361/1540 1555/2356/1539 1554/2362/1541
f 1554/2362/1541 1555/2356/1539 1628/2360/1542
f 1551/2361/1540 1550/2354/1537 1555/2356/1539
f 1345/2046/1319 1561/2363/1543 1353/2047/1320
f 1344/2045/1318 1687/2341/1526 1328/2008/1288
f 1687/2341/1526 1472/2048/1321 1328/2008/1288
f 1687/2341/1526 1345/2046/1319 1472/2048/1321
f 1544/2343/1528 1689/2364/1544 1686/2365/1545
f 1553/2355/1538 1544/2343/1528 1686/2365/1545
f 1553/2355/1538 1686/2365/1545 1555/2356/1539
f 1558/2366/1546 1560/2367/1547 1557/2368/1548
f 1558/2366/1546 1557/2368/1548 1561/2363/1543
f 1559/2369/1549 1560/2367/1547 1558/2366/1546
f 1688/2370/1550 1558/2366/1546 1561/2363/1543
f 1688/2370/1550 1559/2369/1549 1558/2366/1546
f 1559/2369/1549 1562/2371/1551 1560/2367/1547
f 1547/2331/1517 1704/2372/1552 1564/2332/1518
f 1704/2372/1552 1563/2373/1553 1564/2332/1518
f 1742/2071/1344 1691/2374/1554 1547/2331/1517
f 1704/2375/1552 1635/2376/1555 1563/2377/1553
f 1691/2378/1554 1704/2375/1552 1547/2379/1517
f 1564/2332/1518 1563/2373/1553 1565/2380/1556
f 1566/2381/1557 1569/2069/1342 1360/2068/1341
f 1567/2382/1558 1569/2069/1342 1566/2381/1557
f 1411/2131/1387 1485/2132/1388 1602/2264/1482
f 1745/2383/1559 1621/2339/1524 1620/2384/1560
f 1570/2336/1521 1621/2339/1524 1745/2383/1559
f 1598/2385/1561 1571/2077/1562 1544/2386/1528
f 1544/2387/1528 1571/2388/1562 1573/2389/1563
f 1599/2390/1564 1572/2391/1565 1571/2388/1562
f 1599/2390/1564 1571/2388/1562 1598/2392/1561
f 1571/2388/1562 1574/2393/1566 1573/2389/1563
f 1572/2391/1565 1574/2393/1566 1571/2388/1562
f 1576/2394/1567 1577/2395/1568 1562/2396/1551
f 1574/2393/1566 1575/2397/1569 1576/2394/1567
f 1574/2393/1566 1576/2394/1567 1573/2389/1563
f 1576/2394/1567 1606/2398/1570 1577/2395/1568
f 1575/2397/1569 1606/2398/1570 1576/2394/1567
f 1577/2399/1568 1578/2400/1571 1562/2401/1551
f 1606/2398/1570 1579/2402/1572 1578/2403/1571
f 1606/2398/1570 1578/2403/1571 1577/2395/1568
f 1578/2403/1571 1581/2404/1573 1580/2405/1574
f 1579/2402/1572 1581/2404/1573 1578/2403/1571
f 1578/2403/1571 1560/2406/1547 1562/2396/1551
f 1578/2403/1571 1580/2405/1574 1560/2406/1547
f 1580/2407/1574 1557/2368/1548 1560/2367/1547
f 1580/2407/1574 1583/2408/1575 1557/2368/1548
f 1581/2404/1573 1582/2409/1576 1580/2405/1574
f 1580/2405/1574 1609/2410/1577 1583/2411/1575
f 1582/2409/1576 1609/2410/1577 1580/2405/1574
f 1583/2408/1575 1584/2412/1578 1557/2368/1548
f 1557/2368/1548 1584/2412/1578 1585/2413/1579
f 1609/2410/1577 1586/2414/1580 1584/2415/1578
f 1609/2410/1577 1584/2415/1578 1583/2411/1575
f 1584/2415/1578 1588/2416/1581 1587/2417/1582
f 1586/2414/1580 1588/2416/1581 1584/2415/1578
f 1584/2412/1578 1591/2418/1583 1585/2413/1579
f 1584/2412/1578 1587/2419/1582 1591/2418/1583
f 1590/2420/1584 1593/2421/1585 1591/2418/1583
f 1590/2420/1584 1592/2422/1586 1593/2421/1585
f 1587/2419/1582 1590/2420/1584 1591/2418/1583
f 1588/2416/1581 1589/2423/1587 1590/2424/1584
f 1588/2416/1581 1590/2424/1584 1587/2417/1582
f 1590/2424/1584 1611/2425/1588 1592/2426/1586
f 1589/2423/1587 1611/2425/1588 1590/2424/1584
f 1611/2425/1588 1594/2427/1589 1592/2426/1586
f 1592/2426/1586 1596/2428/1590 1595/2429/1591
f 1594/2427/1589 1596/2428/1590 1592/2426/1586
f 1592/2422/1586 1597/2430/1592 1593/2421/1585
f 1592/2422/1586 1595/2431/1591 1597/2430/1592
f 1614/2122/1378 1401/2124/1380 1596/2428/1590
f 1596/2428/1590 1401/2124/1380 1402/2119/1376
f 1595/2431/1591 1386/2117/1374 1597/2430/1592
f 1597/2430/1592 1386/2117/1374 1387/2118/1375
f 1596/2428/1590 1402/2119/1376 1386/2121/1374
f 1596/2428/1590 1386/2121/1374 1595/2429/1591
f 1598/2392/1561 1544/2387/1528 1543/2346/1527
f 1546/2349/1532 1598/2392/1561 1543/2346/1527
f 1546/2349/1532 1599/2390/1564 1598/2392/1561
f 1620/2432/1560 1713/2433/1593 1634/2434/1594
f 1713/2433/1593 1603/2435/1595 1633/2436/1596
f 1713/2433/1593 1601/2437/1597 1603/2435/1595
f 1634/2434/1594 1713/2433/1593 1633/2436/1596
f 1601/2437/1597 1602/2264/1482 1603/2435/1595
f 1603/2435/1595 1602/2264/1482 1630/2179/1428
f 1605/2438/1598 1733/2439/1599 1604/2440/1600
f 1641/2441/1601 1699/2442/1602 1733/2439/1599
f 1731/2337/1522 1736/2443/1603 1697/2444/1604
f 1605/2438/1598 1604/2440/1600 1697/2444/1604
f 1736/2443/1603 1605/2438/1598 1697/2444/1604
f 1640/2445/1605 1641/2441/1601 1733/2439/1599
f 1640/2445/1605 1733/2439/1599 1605/2438/1598
f 1649/2446/1606 1574/2393/1566 1572/2391/1565
f 1649/2446/1606 1608/2447/1607 1574/2393/1566
f 1599/2390/1564 1607/2448/1608 1649/2446/1606
f 1599/2390/1564 1649/2446/1606 1572/2391/1565
f 1647/2449/1609 1606/2398/1570 1575/2397/1569
f 1647/2449/1609 1648/2450/1610 1606/2398/1570
f 1608/2447/1607 1647/2449/1609 1574/2393/1566
f 1574/2393/1566 1647/2449/1609 1575/2397/1569
f 1659/2451/1611 1581/2404/1573 1579/2402/1572
f 1659/2451/1611 1610/2452/1612 1581/2404/1573
f 1648/2450/1610 1659/2451/1611 1606/2398/1570
f 1606/2398/1570 1659/2451/1611 1579/2402/1572
f 1657/2453/1613 1609/2410/1577 1582/2409/1576
f 1657/2453/1613 1658/2454/1614 1609/2410/1577
f 1610/2452/1612 1657/2453/1613 1581/2404/1573
f 1581/2404/1573 1657/2453/1613 1582/2409/1576
f 1668/2455/1615 1588/2416/1581 1586/2414/1580
f 1668/2455/1615 1612/2456/1616 1588/2416/1581
f 1609/2410/1577 1658/2454/1614 1668/2455/1615
f 1609/2410/1577 1668/2455/1615 1586/2414/1580
f 1666/2457/1617 1611/2425/1588 1589/2423/1587
f 1666/2457/1617 1667/2458/1618 1611/2425/1588
f 1612/2456/1616 1666/2457/1617 1588/2416/1581
f 1588/2416/1581 1666/2457/1617 1589/2423/1587
f 1594/2427/1589 1676/2459/1619 1596/2428/1590
f 1676/2459/1619 1613/2460/1620 1596/2428/1590
f 1611/2425/1588 1667/2458/1618 1676/2459/1619
f 1611/2425/1588 1676/2459/1619 1594/2427/1589
f 1596/2428/1590 1613/2460/1620 1675/2461/1621
f 1596/2428/1590 1675/2461/1621 1614/2122/1378
f 1615/2462/1622 1546/2349/1532 1600/2345/1530
f 1615/2462/1622 1616/2463/1623 1546/2349/1532
f 1715/2464/1624 1615/2462/1622 1600/2345/1530
f 1546/2349/1532 1616/2463/1623 1607/2448/1608
f 1546/2349/1532 1607/2448/1608 1599/2390/1564
f 1619/2465/1625 1618/2466/1626 1617/2467/1627
f 1620/2384/1560 1621/2339/1524 1617/2468/1627
f 1620/2384/1560 1617/2468/1627 1618/2469/1626
f 1623/2338/1523 1622/2470/1628 1617/2468/1627
f 1621/2339/1524 1623/2338/1523 1617/2468/1627
f 1624/2471/1629 1619/2465/1625 1617/2467/1627
f 1617/2468/1627 1622/2470/1628 1624/2472/1629
f 1554/2359/1541 1627/2174/1424 1626/2353/1536
f 1628/2360/1542 1556/2340/1525 1344/2045/1318
f 1628/2360/1542 1344/2045/1318 1415/2172/1423
f 1627/2173/1424 1628/2360/1542 1415/2172/1423
f 1554/2362/1541 1628/2360/1542 1627/2173/1424
f 1627/2174/1424 1696/2034/1310 1626/2353/1536
f 1629/2473/1630 1630/2179/1428 1416/2176/1426
f 1602/2264/1482 1485/2132/1388 1630/2179/1428
f 1629/2473/1630 1416/2176/1426 1632/2175/1425
f 1632/2175/1425 1334/2178/1337 1565/2474/1556
f 1632/2175/1425 1565/2474/1556 1563/2475/1553
f 1630/2179/1428 1629/2473/1630 1631/2476/1631
f 1636/2477/1632 1632/2478/1425 1563/2479/1553
f 1636/2480/1632 1631/2476/1631 1632/2175/1425
f 1631/2476/1631 1629/2473/1630 1632/2175/1425
f 1636/2481/1632 1563/2377/1553 1635/2376/1555
f 1603/2435/1595 1630/2179/1428 1631/2476/1631
f 1603/2435/1595 1631/2476/1631 1636/2480/1632
f 1637/2482/1633 1638/2483/1634 1639/2484/1635
f 1634/2434/1594 1633/2436/1596 1638/2485/1634
f 1634/2434/1594 1638/2485/1634 1637/2486/1633
f 1638/2485/1634 1603/2435/1595 1636/2480/1632
f 1633/2436/1596 1603/2435/1595 1638/2485/1634
f 1638/2483/1634 1635/2376/1555 1639/2484/1635
f 1638/2483/1634 1636/2481/1632 1635/2376/1555
f 1643/2487/1636 1644/2488/1637 1645/2489/1638
f 1646/2490/1639 1643/2487/1636 1645/2489/1638
f 1645/2491/1638 1641/2441/1601 1640/2445/1605
f 1645/2491/1638 1644/2492/1637 1641/2441/1601
f 1642/2493/1640 1645/2491/1638 1605/2438/1598
f 1645/2491/1638 1640/2445/1605 1605/2438/1598
f 1735/2494/1641 1646/2490/1639 1645/2489/1638
f 1735/2495/1641 1645/2491/1638 1642/2493/1640
f 1680/2496/1642 1649/2446/1606 1607/2448/1608
f 1694/2497/1643 1650/2498/1644 1652/2499/1645
f 1694/2497/1643 1652/2499/1645 1651/2500/1646
f 1652/2501/1645 1608/2447/1607 1649/2446/1606
f 1680/2496/1642 1651/2502/1646 1652/2501/1645
f 1680/2496/1642 1652/2501/1645 1649/2446/1606
f 1653/2503/1647 1654/2504/1648 1655/2505/1649
f 1656/2506/1650 1654/2504/1648 1653/2503/1647
f 1653/2507/1647 1648/2450/1610 1647/2449/1609
f 1653/2507/1647 1655/2508/1649 1648/2450/1610
f 1652/2501/1645 1653/2507/1647 1608/2447/1607
f 1608/2447/1607 1653/2507/1647 1647/2449/1609
f 1650/2498/1644 1656/2506/1650 1653/2503/1647
f 1650/2498/1644 1653/2503/1647 1652/2499/1645
f 1654/2504/1648 1660/2509/1651 1661/2510/1652
f 1655/2505/1649 1654/2504/1648 1661/2510/1652
f 1661/2510/1652 1660/2509/1651 1662/2511/1653
f 1661/2512/1652 1610/2452/1612 1659/2451/1611
f 1661/2512/1652 1662/2513/1653 1610/2452/1612
f 1655/2508/1649 1661/2512/1652 1648/2450/1610
f 1648/2450/1610 1661/2512/1652 1659/2451/1611
f 1662/2514/1653 1663/2515/1654 1664/2516/1655
f 1665/2517/1656 1663/2515/1654 1662/2514/1653
f 1662/2513/1653 1658/2454/1614 1657/2453/1613
f 1662/2513/1653 1664/2518/1655 1658/2454/1614
f 1610/2452/1612 1662/2513/1653 1657/2453/1613
f 1660/2519/1651 1665/2520/1656 1662/2521/1653
f 1663/2522/1654 1669/2523/1657 1670/2524/1658
f 1663/2515/1654 1670/2525/1658 1664/2516/1655
f 1670/2524/1658 1671/2526/1659 1672/2527/1660
f 1669/2523/1657 1671/2526/1659 1670/2524/1658
f 1670/2524/1658 1612/2456/1616 1668/2455/1615
f 1670/2524/1658 1672/2527/1660 1612/2456/1616
f 1658/2454/1614 1664/2518/1655 1670/2524/1658
f 1658/2454/1614 1670/2524/1658 1668/2455/1615
f 1673/2528/1661 1567/2529/1558 1677/2530/1662
f 1673/2528/1661 1674/2531/1663 1567/2529/1558
f 1673/2528/1661 1667/2458/1618 1666/2457/1617
f 1673/2528/1661 1677/2530/1662 1667/2458/1618
f 1672/2527/1660 1673/2528/1661 1612/2456/1616
f 1612/2456/1616 1673/2528/1661 1666/2457/1617
f 1671/2526/1659 1674/2531/1663 1673/2528/1661
f 1672/2527/1660 1671/2526/1659 1673/2528/1661
f 1677/2530/1662 1566/2532/1557 1678/2533/1664
f 1567/2529/1558 1566/2532/1557 1677/2530/1662
f 1677/2530/1662 1613/2460/1620 1676/2459/1619
f 1677/2530/1662 1678/2533/1664 1613/2460/1620
f 1667/2458/1618 1677/2530/1662 1676/2459/1619
f 1613/2460/1620 1678/2533/1664 1675/2461/1621
f 1675/2461/1621 1679/2123/1379 1614/2122/1378
f 1675/2461/1621 1461/2237/1462 1679/2123/1379
f 1678/2533/1664 1463/2238/1463 1675/2461/1621
f 1675/2461/1621 1463/2238/1463 1461/2237/1462
f 1566/2532/1557 1360/2239/1341 1463/2238/1463
f 1566/2532/1557 1463/2238/1463 1678/2533/1664
f 1616/2463/1623 1680/2496/1642 1607/2448/1608
f 1681/2534/1665 1616/2463/1623 1615/2462/1622
f 1682/2535/1666 1616/2463/1623 1681/2534/1665
f 1616/2463/1623 1682/2535/1666 1651/2502/1646
f 1616/2463/1623 1651/2502/1646 1680/2496/1642
f 1694/2536/1643 1651/2502/1646 1682/2535/1666
f 1585/2413/1579 1591/2418/1583 1683/2537/1667
f 1561/2363/1543 1585/2413/1579 1684/2538/1668
f 1585/2413/1579 1683/2537/1667 1684/2538/1668
f 1561/2363/1543 1557/2368/1548 1585/2413/1579
f 1683/2537/1667 1593/2421/1585 1685/2246/1469
f 1683/2537/1667 1591/2418/1583 1593/2421/1585
f 1684/2538/1668 1683/2537/1667 1685/2246/1469
f 1561/2363/1543 1468/2245/1468 1353/2047/1320
f 1685/2246/1469 1597/2430/1592 1387/2118/1375
f 1561/2363/1543 1684/2538/1668 1468/2245/1468
f 1685/2246/1469 1593/2421/1585 1597/2430/1592
f 1684/2538/1668 1685/2246/1469 1468/2245/1468
f 1686/2365/1545 1689/2364/1544 1345/2046/1319
f 1345/2046/1319 1688/2370/1550 1561/2363/1543
f 1689/2364/1544 1688/2370/1550 1345/2046/1319
f 1555/2356/1539 1686/2365/1545 1556/2340/1525
f 1686/2365/1545 1345/2046/1319 1687/2341/1526
f 1556/2340/1525 1686/2365/1545 1687/2341/1526
f 1688/2370/1550 1690/2539/1669 1559/2369/1549
f 1544/2343/1528 1573/2540/1563 1689/2364/1544
f 1689/2364/1544 1690/2539/1669 1688/2370/1550
f 1690/2539/1669 1562/2371/1551 1559/2369/1549
f 1576/2541/1567 1562/2371/1551 1690/2539/1669
f 1573/2540/1563 1576/2541/1567 1690/2539/1669
f 1573/2540/1563 1690/2539/1669 1689/2364/1544
f 1715/2464/1624 1681/2534/1665 1615/2462/1622
f 1695/2542/1670 1681/2534/1665 1715/2464/1624
f 1717/2543/1671 1694/2497/1643 1682/2544/1666
f 1718/2545/1672 1694/2497/1643 1717/2543/1671
f 1717/2546/1671 1681/2534/1665 1695/2542/1670
f 1717/2546/1671 1682/2535/1666 1681/2534/1665
f 1625/2547/1673 1337/2035/1311 1541/2029/1307
f 1625/2547/1673 1541/2029/1307 1700/2032/1306
f 1699/2548/1602 1698/2549/1674 1701/2550/1675
f 1699/2548/1602 1701/2550/1675 1702/2551/1676
f 1701/2550/1675 1625/2547/1673 1700/2032/1306
f 1698/2549/1674 1625/2547/1673 1701/2550/1675
f 1700/2028/1306 1693/2027/1305 1701/2552/1675
f 1325/2020/1298 1494/2277/1479 1712/2351/1534
f 1712/2351/1534 1494/2277/1479 1711/2553/1677
f 1711/2554/1677 1494/2261/1479 1542/2263/1481
f 1703/2350/1533 1626/2353/1536 1337/2035/1311
f 1707/2555/1678 1635/2376/1555 1704/2375/1552
f 1707/2555/1678 1639/2484/1635 1635/2376/1555
f 1706/2556/1679 1707/2555/1678 1691/2378/1554
f 1691/2378/1554 1707/2555/1678 1704/2375/1552
f 1705/2557/1680 1707/2555/1678 1706/2556/1679
f 1701/2552/1675 1710/2558/1681 1702/2559/1676
f 1693/2027/1305 1708/2290/1498 1710/2558/1681
f 1693/2027/1305 1710/2558/1681 1701/2552/1675
f 1710/2558/1681 1692/2291/1499 1709/2560/1682
f 1708/2290/1498 1692/2291/1499 1710/2558/1681
f 1710/2558/1681 1709/2560/1682 1741/2561/1683
f 1601/2437/1597 1711/2554/1677 1542/2263/1481
f 1601/2437/1597 1542/2263/1481 1602/2264/1482
f 1712/2351/1534 1711/2553/1677 1714/2562/1684
f 1713/2433/1593 1714/2563/1684 1601/2437/1597
f 1714/2563/1684 1711/2554/1677 1601/2437/1597
f 1620/2384/1560 1618/2469/1626 1714/2564/1684
f 1620/2384/1560 1714/2564/1684 1713/2565/1593
f 1716/2566/1685 1715/2464/1624 1337/2035/1311
f 1625/2547/1673 1716/2566/1685 1337/2035/1311
f 1715/2464/1624 1600/2345/1530 1337/2035/1311
f 1641/2567/1601 1719/2568/1686 1698/2549/1674
f 1641/2567/1601 1698/2549/1674 1699/2548/1602
f 1698/2549/1674 1716/2566/1685 1625/2547/1673
f 1719/2568/1686 1716/2566/1685 1698/2549/1674
f 1716/2566/1685 1695/2542/1670 1715/2464/1624
f 1719/2568/1686 1695/2542/1670 1716/2566/1685
f 1644/2488/1637 1643/2487/1636 1720/2569/1687
f 1720/2569/1687 1718/2545/1672 1717/2543/1671
f 1720/2569/1687 1643/2487/1636 1718/2545/1672
f 1719/2568/1686 1720/2570/1687 1695/2542/1670
f 1720/2570/1687 1717/2546/1671 1695/2542/1670
f 1641/2567/1601 1644/2571/1637 1720/2570/1687
f 1641/2567/1601 1720/2570/1687 1719/2568/1686
f 1723/2572/1688 1358/2070/1343 1568/2066/1339
f 1674/2573/1663 1724/2574/1689 1567/2382/1558
f 1724/2574/1689 1569/2069/1342 1567/2382/1558
f 1671/2575/1659 1724/2574/1689 1674/2573/1663
f 1724/2574/1689 1568/2066/1339 1569/2069/1342
f 1663/2515/1654 1725/2576/1690 1669/2577/1657
f 1663/2515/1654 1723/2572/1688 1725/2576/1690
f 1725/2576/1690 1568/2066/1339 1724/2574/1689
f 1725/2576/1690 1723/2572/1688 1568/2066/1339
f 1669/2577/1657 1725/2576/1690 1671/2575/1659
f 1725/2576/1690 1724/2574/1689 1671/2575/1659
f 1721/2578/1691 1729/2579/1692 1726/2580/1693
f 1656/2506/1650 1728/2581/1694 1654/2504/1648
f 1728/2581/1694 1727/2582/1695 1654/2504/1648
f 1650/2498/1644 1728/2581/1694 1656/2506/1650
f 1728/2581/1694 1726/2580/1693 1727/2582/1695
f 1694/2497/1643 1722/2583/1696 1728/2581/1694
f 1694/2497/1643 1728/2581/1694 1650/2498/1644
f 1728/2581/1694 1721/2578/1691 1726/2580/1693
f 1722/2583/1696 1721/2578/1691 1728/2581/1694
f 1726/2580/1693 1729/2579/1692 1723/2584/1688
f 1723/2572/1688 1729/2585/1692 1358/2070/1343
f 1729/2585/1692 1742/2071/1344 1358/2070/1343
f 1665/2517/1656 1730/2586/1697 1663/2515/1654
f 1660/2509/1651 1730/2587/1697 1665/2588/1656
f 1730/2586/1697 1723/2572/1688 1663/2515/1654
f 1654/2504/1648 1727/2582/1695 1660/2509/1651
f 1726/2580/1693 1723/2584/1688 1727/2582/1695
f 1727/2582/1695 1723/2584/1688 1730/2587/1697
f 1727/2582/1695 1730/2587/1697 1660/2509/1651
f 1702/2559/1676 1710/2558/1681 1734/2589/1698
f 1734/2590/1698 1741/2591/1683 1732/2592/1699
f 1734/2589/1698 1710/2558/1681 1741/2561/1683
f 1733/2439/1599 1734/2590/1698 1604/2440/1600
f 1604/2440/1600 1734/2590/1698 1732/2592/1699
f 1699/2442/1602 1702/2593/1676 1734/2590/1698
f 1699/2442/1602 1734/2590/1698 1733/2439/1599
f 1605/2438/1598 1736/2443/1603 1743/2594/1700
f 1570/2336/1521 1605/2438/1598 1743/2594/1700
f 1743/2594/1700 1736/2443/1603 1731/2337/1522
f 1735/2495/1641 1642/2493/1640 1744/2595/1701
f 1705/2596/1680 1735/2495/1641 1744/2595/1701
f 1744/2595/1701 1605/2438/1598 1570/2336/1521
f 1744/2595/1701 1642/2493/1640 1605/2438/1598
f 1738/2597/1702 1729/2579/1692 1721/2578/1691
f 1738/2597/1702 1737/2598/1703 1729/2579/1692
f 1740/2599/1704 1721/2578/1691 1722/2583/1696
f 1740/2599/1704 1738/2597/1702 1721/2578/1691
f 1718/2545/1672 1740/2599/1704 1694/2497/1643
f 1694/2497/1643 1740/2599/1704 1722/2583/1696
f 1646/2490/1639 1735/2494/1641 1739/2600/1705
f 1740/2599/1704 1646/2490/1639 1738/2597/1702
f 1646/2490/1639 1739/2600/1705 1738/2597/1702
f 1718/2545/1672 1643/2487/1636 1646/2490/1639
f 1718/2545/1672 1646/2490/1639 1740/2599/1704
f 1549/2292/1301 1511/2025/1303 1692/2291/1499
f 1692/2291/1499 1511/2025/1303 1548/2352/1535
f 1741/2561/1683 1709/2560/1682 1747/2601/1706
f 1741/2561/1683 1747/2601/1706 1624/2471/1629
f 1692/2291/1499 1548/2352/1535 1747/2601/1706
f 1692/2291/1499 1747/2601/1706 1709/2560/1682
f 1729/2585/1692 1737/2602/1703 1742/2071/1344
f 1604/2440/1600 1622/2470/1628 1623/2338/1523
f 1604/2440/1600 1732/2592/1699 1622/2470/1628
f 1622/2470/1628 1741/2591/1683 1624/2472/1629
f 1622/2470/1628 1732/2592/1699 1741/2591/1683
f 1731/2337/1522 1604/2440/1600 1623/2338/1523
f 1697/2444/1604 1604/2440/1600 1731/2337/1522
f 1738/2603/1702 1739/2604/1705 1706/2605/1679
f 1738/2603/1702 1706/2605/1679 1691/2374/1554
f 1735/2606/1641 1705/2607/1680 1706/2605/1679
f 1735/2606/1641 1706/2605/1679 1739/2604/1705
f 1738/2603/1702 1691/2374/1554 1742/2071/1344
f 1738/2603/1702 1742/2071/1344 1737/2602/1703
f 1742/2071/1344 1547/2331/1517 1518/2063/1336
f 1564/2332/1518 1565/2380/1556 1334/2064/1337
f 1743/2594/1700 1731/2337/1522 1570/2336/1521
f 1745/2383/1559 1620/2384/1560 1634/2608/1594
f 1707/2609/1678 1746/2610/1707 1639/2089/1635
f 1639/2484/1635 1746/2611/1707 1637/2482/1633
f 1705/2596/1680 1744/2595/1701 1746/2612/1707
f 1705/2557/1680 1746/2611/1707 1707/2555/1678
f 1746/2612/1707 1570/2336/1521 1745/2383/1559
f 1744/2595/1701 1570/2336/1521 1746/2612/1707
f 1746/2612/1707 1634/2608/1594 1637/2613/1633
f 1746/2612/1707 1745/2383/1559 1634/2608/1594
f 1619/2465/1625 1714/2562/1684 1618/2466/1626
f 1624/2471/1629 1747/2601/1706 1619/2465/1625
f 1548/2352/1535 1748/2021/1299 1619/2465/1625
f 1747/2601/1706 1548/2352/1535 1619/2465/1625
f 1619/2465/1625 1712/2351/1534 1714/2562/1684
f 1619/2465/1625 1748/2021/1299 1712/2351/1534
f 1752/2614/1708 1753/2615/1709 1801/2616/1710
f 1753/2615/1709 1819/2617/1711 1801/2616/1710
f 1947/2618/1712 1754/2619/1713 1755/2620/1714
f 1755/2620/1714 1945/2621/1715 1947/2618/1712
f 1784/2622/1716 1757/2623/1717 1750/2624/1718
f 1750/2624/1718 1751/2625/1719 1784/2622/1716
f 1784/2622/1716 1786/2626/1720 1757/2623/1717
f 1919/2627/1721 1790/2628/1722 1758/2629/1723
f 1823/2630/1724 1805/2631/1725 1756/2632/1726
f 1759/2633/1727 1756/2632/1726 1805/2631/1725
f 1805/2631/1725 1760/2634/1728 1761/2635/1729
f 1761/2635/1729 1759/2633/1727 1805/2631/1725
f 1920/2636/1730 1785/2637/1731 1762/2638/1732
f 1920/2639/1730 1762/2640/1732 1763/2641/1733
f 1763/2641/1733 1764/2642/1734 1920/2639/1730
f 1921/2643/1735 1764/2642/1734 1763/2641/1733
f 1921/2643/1735 1763/2641/1733 1765/2644/1736
f 1765/2644/1736 1766/2645/1737 1921/2643/1735
f 1923/2646/1738 1766/2645/1737 1765/2644/1736
f 1923/2646/1738 1765/2644/1736 1892/2647/1739
f 1892/2647/1739 1922/2648/1740 1923/2646/1738
f 1802/2649/1741 1767/2650/1742 1749/2651/1743
f 1768/2652/1744 1767/2650/1742 1812/2653/1745
f 1767/2650/1742 1802/2649/1741 1812/2653/1745
f 1768/2652/1744 1812/2653/1745 1815/2654/1746
f 1815/2654/1746 1769/2655/1747 1768/2652/1744
f 1788/2656/1748 1791/2657/1749 1770/2658/1750
f 1770/2658/1750 1771/2659/1751 1788/2656/1748
f 1771/2659/1751 1772/2660/1752 1788/2656/1748
f 1792/2661/1753 1772/2660/1752 1771/2659/1751
f 1771/2659/1751 1773/2662/1754 1792/2661/1753
f 1792/2661/1753 1773/2662/1754 1774/2663/1755
f 1774/2663/1755 1775/2664/1756 1792/2661/1753
f 1794/2665/1757 1775/2664/1756 1774/2663/1755
f 1794/2665/1757 1774/2663/1755 1891/2666/1758
f 1891/2666/1758 1795/2667/1759 1794/2665/1757
f 1797/2668/1760 1776/2669/1761 1948/2670/1762
f 1779/2671/1763 1777/2672/1764 1778/2673/1765
f 1778/2673/1765 1798/2674/1766 1779/2671/1763
f 1780/2675/1767 1781/2676/1768 1954/2677/1769
f 1928/2678/1770 1924/2679/1771 1782/2680/1772
f 1928/2678/1770 1782/2680/1772 1783/2681/1773
f 1784/2622/1716 1751/2625/1719 1925/2682/1774
f 1925/2682/1774 2090/2683/1775 1784/2622/1716
f 1784/2622/1716 2090/2683/1775 1785/2637/1731
f 1785/2637/1731 1786/2626/1720 1784/2622/1716
f 1788/2656/1748 1772/2660/1752 1789/2684/1776
f 1789/2684/1776 2091/2685/1777 1788/2656/1748
f 1788/2656/1748 2091/2685/1777 1790/2686/1722
f 1790/2686/1722 1791/2657/1749 1788/2656/1748
f 1792/2661/1753 1775/2664/1756 1793/2687/1778
f 1793/2687/1778 2092/2688/1779 1792/2661/1753
f 1792/2661/1753 2092/2688/1779 1789/2684/1776
f 1789/2684/1776 1772/2660/1752 1792/2661/1753
f 1794/2665/1757 1795/2667/1759 1929/2689/1780
f 1929/2689/1780 2093/2690/1781 1794/2665/1757
f 1794/2665/1757 2093/2690/1781 1793/2687/1778
f 1793/2687/1778 1775/2664/1756 1794/2665/1757
f 1954/2677/1769 1750/2624/1718 1780/2675/1767
f 1925/2682/1774 1941/2691/1782 1799/2692/1783
f 1969/2693/1784 1919/2627/1721 1758/2629/1723
f 1969/2693/1784 1758/2629/1723 1816/2694/1785
f 1819/2695/1711 1753/2696/1709 1800/2697/1786
f 1800/2697/1786 1820/2698/1787 1819/2695/1711
f 1750/2699/1718 1757/2700/1788 1823/2630/1724
f 1749/2651/1743 1762/2701/1732 1799/2702/1783
f 1756/2632/1726 1771/2703/1751 1770/2704/1789
f 1805/2631/1725 1823/2630/1724 1757/2700/1788
f 1805/2631/1725 1757/2700/1788 1803/2705/1790
f 1774/2706/1755 1773/2707/1754 1759/2633/1727
f 1759/2633/1727 1773/2707/1754 1771/2703/1751
f 1771/2703/1751 1756/2632/1726 1759/2633/1727
f 1805/2631/1725 1803/2705/1790 1804/2708/1791
f 1759/2633/1727 1761/2635/1729 1891/2709/1758
f 1891/2709/1758 1774/2706/1755 1759/2633/1727
f 1805/2631/1725 1804/2708/1791 1806/2710/1792
f 1806/2710/1792 1807/2711/1793 1805/2631/1725
f 1805/2631/1725 1807/2711/1793 1760/2634/1728
f 1763/2712/1794 1762/2701/1732 1767/2650/1742
f 1762/2701/1732 1749/2651/1743 1767/2650/1742
f 1758/2713/1795 1808/2714/1796 1802/2649/1741
f 1802/2649/1741 1808/2714/1796 1809/2715/1797
f 1767/2650/1742 1768/2652/1744 1765/2716/1798
f 1765/2716/1798 1763/2712/1794 1767/2650/1742
f 1812/2653/1745 1802/2649/1741 1809/2715/1797
f 1809/2715/1797 1810/2717/1799 1812/2653/1745
f 1812/2653/1745 1810/2717/1799 1811/2718/1800
f 1769/2655/1747 1813/2719/1801 1768/2652/1744
f 1768/2652/1744 1813/2719/1801 1892/2720/1739
f 1892/2720/1739 1765/2716/1798 1768/2652/1744
f 1812/2653/1745 1811/2718/1800 1814/2721/1802
f 1814/2721/1802 1815/2654/1746 1812/2653/1745
f 1948/2670/1762 1781/2722/1768 1780/2723/1767
f 1780/2723/1767 1822/2724/1803 1948/2670/1762
f 1948/2670/1762 1822/2724/1803 1797/2668/1760
f 1776/2669/1761 1797/2668/1760 1755/2725/1714
f 1755/2725/1714 1754/2726/1804 1776/2669/1761
f 1777/2672/1764 1951/2727/1805 1816/2728/1785
f 1816/2728/1785 1778/2673/1765 1777/2672/1764
f 1779/2671/1763 1798/2674/1766 1952/2729/1806
f 1952/2729/1806 1817/2730/1807 1779/2671/1763
f 1928/2678/1770 1783/2681/1773 1818/2731/1808
f 1818/2731/1808 1927/2732/1809 1928/2678/1770
f 1819/2695/1711 1820/2698/1787 1821/2733/1810
f 1821/2733/1810 1924/2734/1771 1819/2695/1711
f 1756/2632/1726 1770/2704/1789 1755/2725/1714
f 1755/2725/1714 1797/2668/1760 1756/2632/1726
f 1797/2668/1760 1823/2630/1724 1756/2632/1726
f 1749/2651/1743 1799/2702/1783 1952/2729/1806
f 1952/2729/1806 1798/2674/1766 1749/2651/1743
f 1749/2651/1743 1798/2674/1766 1778/2673/1765
f 1884/2735/1811 1824/2736/1812 2313/2737/1813
f 1937/2738/1814 1840/2739/1815 1936/2740/1816
f 1936/2740/1816 1840/2739/1815 1826/2741/1817
f 1826/2741/1817 1825/2742/1818 1936/2740/1816
f 1828/2743/1819 1829/2744/1820 1827/2745/1821
f 1827/2745/1821 1829/2744/1820 1830/2746/1822
f 1831/2747/1823 1829/2744/1820 1828/2743/1819
f 1831/2747/1823 1832/2748/1824 1833/2749/1825
f 1833/2749/1825 1848/2750/1826 1831/2747/1823
f 1831/2747/1823 1848/2750/1826 1830/2746/1822
f 1830/2746/1822 1829/2744/1820 1831/2747/1823
f 1834/2751/1827 1835/2752/1828 1836/2753/1829
f 1836/2753/1829 1849/2754/1830 1834/2751/1827
f 1834/2751/1827 1849/2754/1830 1833/2749/1825
f 1833/2749/1825 1832/2748/1824 1834/2751/1827
f 1837/2755/1831 1838/2756/1832 1839/2757/1833
f 1839/2757/1833 1850/2758/1834 1837/2755/1831
f 1837/2755/1831 1850/2758/1834 1836/2753/1829
f 1836/2753/1829 1835/2752/1828 1837/2755/1831
f 1839/2759/1833 1838/2760/1832 1840/2739/1815
f 2313/2737/1813 1827/2745/1821 1847/2761/1835
f 1847/2761/1835 1827/2745/1821 1830/2746/1822
f 1839/2759/1833 1840/2739/1815 1851/2762/1836
f 1851/2762/1836 1840/2739/1815 1937/2738/1814
f 1893/2763/1837 1841/2764/1838 1930/2765/1839
f 1930/2765/1839 1859/2766/1840 1893/2763/1837
f 1893/2763/1837 1894/2767/1841 1860/2768/1842
f 1860/2768/1842 1841/2764/1838 1893/2763/1837
f 1895/2769/1843 1842/2770/1844 1931/2771/1845
f 1931/2771/1845 1861/2772/1846 1895/2769/1843
f 1895/2769/1843 1859/2773/1840 1930/2774/1839
f 1930/2774/1839 1842/2770/1844 1895/2769/1843
f 1896/2775/1847 1843/2776/1848 1957/2777/1849
f 1957/2777/1849 1862/2778/1850 1896/2775/1847
f 1896/2775/1847 1861/2772/1846 1931/2771/1845
f 1931/2771/1845 1843/2776/1848 1896/2775/1847
f 1844/2779/1851 1932/2780/1852 1863/2781/1853
f 1863/2781/1853 1897/2782/1854 1844/2779/1851
f 1844/2783/1851 1897/2784/1854 1862/2778/1850
f 1844/2783/1851 1862/2778/1850 1957/2777/1849
f 1863/2781/1853 1932/2780/1852 1899/2785/1855
f 1932/2780/1852 1900/2786/1856 1899/2785/1855
f 2312/2787/1857 1864/2788/1858 1845/2789/1859
f 1864/2788/1858 1901/2790/1860 1845/2789/1859
f 1845/2789/1859 1901/2790/1860 1903/2791/1861
f 1903/2791/1861 1865/2792/1862 1845/2789/1859
f 1904/2793/1863 1846/2794/1864 2313/2795/1813
f 2313/2795/1813 1866/2796/1865 1904/2793/1863
f 1904/2793/1863 1864/2788/1858 2312/2787/1857
f 2312/2787/1857 1846/2794/1864 1904/2793/1863
f 1905/2797/1866 1847/2798/1835 1830/2799/1822
f 1830/2799/1822 1867/2800/1867 1905/2797/1866
f 1905/2797/1866 1866/2796/1865 2313/2795/1813
f 2313/2795/1813 1847/2798/1835 1905/2797/1866
f 1906/2801/1868 1848/2802/1826 1833/2803/1825
f 1833/2803/1825 1868/2804/1869 1906/2801/1868
f 1906/2801/1868 1867/2800/1867 1830/2799/1822
f 1830/2799/1822 1848/2802/1826 1906/2801/1868
f 1907/2805/1870 1849/2806/1830 1836/2807/1829
f 1836/2807/1829 1869/2808/1871 1907/2805/1870
f 1907/2805/1870 1868/2804/1869 1833/2803/1825
f 1833/2803/1825 1849/2806/1830 1907/2805/1870
f 1908/2809/1872 1850/2810/1834 1839/2811/1833
f 1839/2811/1833 1870/2812/1873 1908/2809/1872
f 1908/2809/1872 1869/2808/1871 1836/2807/1829
f 1836/2807/1829 1850/2810/1834 1908/2809/1872
f 1909/2813/1874 1851/2814/1836 1937/2815/1814
f 1937/2815/1814 1871/2816/1875 1909/2813/1874
f 1909/2813/1874 1870/2812/1873 1839/2811/1833
f 1839/2811/1833 1851/2814/1836 1909/2813/1874
f 1910/2817/1876 1852/2818/1877 1938/2819/1878
f 1910/2817/1876 1938/2819/1878 1872/2820/1879
f 1910/2817/1876 1871/2816/1875 1937/2815/1814
f 1937/2815/1814 1852/2818/1877 1910/2817/1876
f 1872/2820/1879 1938/2819/1878 1873/2821/1880
f 1938/2822/1878 1853/2823/1881 1873/2824/1880
f 1912/2825/1882 1854/2826/1883 1962/2827/1884
f 1962/2827/1884 1874/2828/1885 1912/2825/1882
f 1913/2829/1886 1875/2830/1887 1912/2825/1882
f 1875/2830/1887 1854/2826/1883 1912/2825/1882
f 1914/2831/1888 1855/2832/1889 2319/2833/1890
f 2319/2833/1890 1876/2834/1891 1914/2831/1888
f 1914/2831/1888 1874/2828/1885 1962/2827/1884
f 1962/2827/1884 1855/2832/1889 1914/2831/1888
f 1915/2835/1892 1856/2836/1893 2320/2837/1894
f 2320/2837/1894 1877/2838/1895 1915/2835/1892
f 1915/2839/1892 1876/2834/1891 2319/2833/1890
f 2319/2833/1890 1856/2840/1893 1915/2839/1892
f 1916/2841/1896 1857/2842/1897 1860/2768/1842
f 1860/2768/1842 1894/2767/1841 1916/2841/1896
f 1916/2841/1896 1877/2838/1895 2320/2837/1894
f 2320/2837/1894 1857/2842/1897 1916/2841/1896
f 1898/2843/1898 1878/2844/1899 1865/2845/1862
f 1898/2843/1898 1865/2845/1862 1903/2846/1861
f 1899/2785/1855 1878/2844/1899 1898/2843/1898
f 1917/2847/1900 1911/2848/1901 1875/2830/1887
f 1917/2847/1900 1875/2830/1887 1913/2829/1886
f 1873/2821/1880 1911/2848/1901 1917/2847/1900
f 1896/2775/1847 1858/2849/1902 1881/2850/1903
f 1858/2849/1902 1897/2784/1854 1909/2813/1874
f 1880/2851/1904 1858/2849/1902 1909/2813/1874
f 1909/2813/1874 1918/2852/1905 1880/2851/1904
f 1883/2853/1906 1882/2854/1907 1909/2813/1874
f 1858/2849/1902 1896/2775/1847 1897/2784/1854
f 1881/2850/1903 1895/2769/1843 1896/2775/1847
f 1897/2784/1854 1902/2855/1908 1909/2813/1874
f 1909/2813/1874 1902/2855/1908 1883/2853/1906
f 1883/2853/1906 1902/2855/1908 1904/2793/1863
f 1933/2856/1909 1958/2857/1910 1885/2858/1911
f 1934/2859/1912 1959/2860/1913 1886/2861/1914
f 1886/2861/1914 1887/2862/1915 1934/2859/1912
f 1934/2859/1912 1887/2862/1915 1885/2858/1911
f 1885/2858/1911 1958/2857/1910 1934/2859/1912
f 1960/2863/1916 1888/2864/1917 1935/2865/1918
f 1935/2865/1918 1888/2864/1917 1886/2861/1914
f 1886/2861/1914 1959/2860/1913 1935/2865/1918
f 1890/2866/1919 1961/2867/1920 1889/2868/1921
f 1889/2869/1921 1961/2870/1920 1936/2740/1816
f 1815/2654/1746 1814/2721/1802 1838/2871/1832
f 1838/2871/1832 1837/2872/1831 1815/2654/1746
f 1815/2654/1746 1837/2872/1831 1835/2873/1828
f 1929/2689/1780 1826/2741/1817 1838/2760/1832
f 1838/2760/1832 1814/2874/1802 1929/2689/1780
f 1960/2875/1916 1890/2876/1919 1761/2635/1729
f 1761/2635/1729 1890/2876/1919 1889/2877/1921
f 1889/2877/1921 1891/2709/1758 1761/2635/1729
f 1886/2878/1922 1888/2879/1923 1760/2634/1728
f 1760/2634/1728 1888/2879/1923 1960/2875/1916
f 1960/2880/1916 1761/2881/1729 1760/2882/1728
f 1807/2711/1793 1806/2710/1792 1885/2883/1911
f 1885/2883/1911 1887/2884/1915 1807/2711/1793
f 1807/2711/1793 1887/2884/1915 1886/2878/1922
f 1886/2878/1922 1760/2634/1728 1807/2711/1793
f 1787/2885/1924 1884/2886/1811 1885/2887/1911
f 1885/2887/1911 1806/2888/1792 1787/2885/1924
f 1787/2885/1924 1922/2648/1740 1824/2889/1812
f 1824/2889/1812 1884/2886/1811 1787/2885/1924
f 1813/2719/1801 1769/2655/1747 1832/2890/1824
f 1832/2890/1824 1831/2891/1823 1813/2719/1801
f 1813/2719/1801 1831/2891/1823 1828/2892/1819
f 1828/2892/1819 1892/2720/1739 1813/2719/1801
f 1769/2655/1747 1815/2654/1746 1835/2873/1828
f 1835/2873/1828 1834/2893/1827 1769/2655/1747
f 1769/2655/1747 1834/2893/1827 1832/2890/1824
f 1932/2780/1852 1939/2894/1925 1900/2786/1856
f 1864/2788/1858 1902/2855/1908 1901/2790/1860
f 1901/2790/1860 1902/2855/1908 1903/2791/1861
f 1872/2820/1879 1918/2852/1905 1910/2817/1876
f 1910/2817/1876 1918/2852/1905 1871/2816/1875
f 1917/2847/1900 1872/2820/1879 1873/2821/1880
f 1879/2895/1926 1911/2896/1901 1853/2823/1881
f 1853/2823/1881 1911/2896/1901 1873/2824/1880
f 1899/2785/1855 1900/2786/1856 1878/2844/1899
f 1878/2844/1899 1900/2786/1856 1939/2894/1925
f 1911/2896/1901 1879/2895/1926 1875/2897/1887
f 1894/2898/1841 1893/2899/1837 1881/2850/1903
f 1881/2850/1903 1893/2899/1837 1859/2773/1840
f 1895/2769/1843 1881/2850/1903 1859/2773/1840
f 1861/2772/1846 1896/2775/1847 1895/2769/1843
f 1862/2778/1850 1897/2784/1854 1896/2775/1847
f 1863/2900/1853 1899/2901/1855 1897/2784/1854
f 1897/2784/1854 1899/2901/1855 1898/2902/1898
f 1898/2902/1898 1902/2855/1908 1897/2784/1854
f 1902/2855/1908 1898/2902/1898 1903/2791/1861
f 1864/2788/1858 1904/2793/1863 1902/2855/1908
f 1866/2796/1865 1883/2853/1906 1904/2793/1863
f 1866/2796/1865 1905/2797/1866 1883/2853/1906
f 1883/2853/1906 1905/2797/1866 1867/2800/1867
f 1867/2800/1867 1906/2801/1868 1883/2853/1906
f 1883/2853/1906 1906/2801/1868 1868/2804/1869
f 1868/2804/1869 1882/2854/1907 1883/2853/1906
f 1868/2804/1869 1907/2805/1870 1882/2854/1907
f 1882/2854/1907 1907/2805/1870 1869/2808/1871
f 1869/2808/1871 1908/2809/1872 1882/2854/1907
f 1882/2854/1907 1908/2809/1872 1870/2812/1873
f 1870/2812/1873 1909/2813/1874 1882/2854/1907
f 1918/2852/1905 1909/2813/1874 1871/2816/1875
f 1918/2852/1905 1872/2820/1879 1917/2847/1900
f 1880/2851/1904 1918/2852/1905 1917/2847/1900
f 1880/2851/1904 1917/2847/1900 1913/2829/1886
f 1913/2829/1886 1912/2825/1882 1880/2851/1904
f 1880/2851/1904 1912/2825/1882 1874/2828/1885
f 1858/2849/1902 1880/2851/1904 1874/2828/1885
f 1874/2828/1885 1914/2831/1888 1858/2849/1902
f 1858/2849/1902 1914/2831/1888 1876/2834/1891
f 1876/2834/1891 1915/2839/1892 1858/2849/1902
f 1858/2849/1902 1915/2839/1892 1877/2903/1895
f 1881/2850/1903 1858/2849/1902 1877/2903/1895
f 1877/2903/1895 1916/2904/1896 1881/2850/1903
f 1881/2850/1903 1916/2904/1896 1894/2898/1841
f 1940/2905/1927 1955/2906/1928 1816/2694/1785
f 1816/2694/1785 1951/2907/1929 1940/2905/1927
f 1941/2691/1782 1817/2908/1807 1952/2909/1806
f 1955/2906/1928 1926/2910/1930 1969/2693/1784
f 1926/2910/1930 1978/2911/1931 1969/2693/1784
f 1969/2693/1784 1978/2911/1931 1976/2912/1932
f 1796/2913/1933 1791/2914/1749 1790/2628/1722
f 1790/2628/1722 1919/2627/1721 1796/2913/1933
f 2094/2915/1934 1920/2639/1730 1764/2642/1734
f 1764/2642/1734 1942/2916/1935 2094/2915/1934
f 2094/2917/1934 1786/2626/1720 1785/2637/1731
f 1785/2637/1731 1920/2636/1730 2094/2917/1934
f 2095/2918/1936 1921/2643/1735 1766/2645/1737
f 1766/2645/1737 1943/2919/1937 2095/2918/1936
f 2095/2918/1936 1942/2916/1935 1764/2642/1734
f 1764/2642/1734 1921/2643/1735 2095/2918/1936
f 2096/2920/1938 1923/2646/1738 1922/2648/1740
f 1922/2648/1740 1787/2885/1924 2096/2920/1938
f 2096/2920/1938 1943/2919/1937 1766/2645/1737
f 1766/2645/1737 1923/2646/1738 2096/2920/1938
f 1953/2921/1939 1944/2922/1940 1945/2621/1715
f 1968/2923/1941 1983/2924/1942 1953/2921/1939
f 1953/2921/1939 1983/2924/1942 1944/2922/1940
f 1945/2621/1715 1970/2925/1943 1955/2906/1928
f 1801/2616/1710 1928/2678/1770 1927/2732/1809
f 1927/2732/1809 1946/2926/1944 1801/2616/1710
f 1801/2616/1710 1819/2617/1711 1924/2679/1771
f 1924/2679/1771 1928/2678/1770 1801/2616/1710
f 1795/2667/1759 1825/2742/1818 1826/2741/1817
f 1826/2741/1817 1929/2689/1780 1795/2667/1759
f 1776/2669/1761 1753/2927/1709 1752/2928/1945
f 1752/2928/1945 1948/2670/1762 1776/2669/1761
f 1783/2929/1773 1782/2930/1772 1779/2671/1763
f 1782/2930/1772 1777/2672/1764 1779/2671/1763
f 1954/2931/1769 1781/2932/1768 1949/2933/1946
f 1949/2933/1946 1946/2926/1944 1954/2931/1769
f 1947/2618/1712 1940/2905/1927 1821/2733/1810
f 1821/2733/1810 1820/2698/1787 1947/2618/1712
f 1945/2621/1715 1955/2906/1928 1940/2905/1927
f 1940/2905/1927 1947/2618/1712 1945/2621/1715
f 1954/2931/1769 1946/2926/1944 1927/2732/1809
f 1927/2732/1809 1941/2934/1782 1954/2931/1769
f 1948/2670/1762 1752/2928/1945 1949/2935/1947
f 1949/2935/1947 1781/2722/1768 1948/2670/1762
f 1776/2669/1761 1754/2726/1804 1800/2936/1786
f 1800/2936/1786 1753/2927/1709 1776/2669/1761
f 1777/2672/1764 1782/2930/1772 1950/2937/1948
f 1950/2937/1948 1951/2727/1805 1777/2672/1764
f 1779/2671/1763 1817/2730/1807 1818/2938/1949
f 1818/2938/1949 1783/2929/1773 1779/2671/1763
f 1940/2905/1927 1951/2907/1929 1950/2939/1948
f 1950/2939/1948 1821/2733/1810 1940/2905/1927
f 1953/2921/1939 1945/2621/1715 1755/2620/1714
f 2175/2940/1950 2195/2941/1951 1930/2765/1839
f 1930/2765/1839 1841/2764/1838 2175/2940/1950
f 2175/2940/1950 1841/2764/1838 1860/2768/1842
f 1860/2768/1842 1956/2942/1952 2175/2940/1950
f 2176/2943/1953 2197/2944/1954 1931/2945/1845
f 1931/2945/1845 1842/2946/1844 2176/2943/1953
f 2176/2943/1953 1842/2946/1844 1930/2765/1839
f 1930/2765/1839 2195/2941/1951 2176/2943/1953
f 1931/2947/1845 2197/2948/1954 1843/2949/1848
f 1844/2779/1851 2199/2950/1955 1932/2780/1852
f 2215/2951/1956 2162/2952/1957 1865/2845/1862
f 1865/2845/1862 1878/2844/1899 2215/2951/1956
f 2215/2951/1956 1878/2844/1899 1939/2894/1925
f 1865/2845/1862 2162/2952/1957 1845/2953/1859
f 1936/2740/1816 2207/2954/1958 1937/2738/1814
f 2187/2955/1959 2208/2956/1960 1938/2822/1878
f 1938/2822/1878 1852/2957/1877 2187/2955/1959
f 2187/2955/1959 1852/2957/1877 1937/2738/1814
f 1937/2738/1814 2207/2954/1958 2187/2955/1959
f 2193/2958/1961 1956/2942/1952 1860/2768/1842
f 1860/2768/1842 1857/2842/1897 2193/2958/1961
f 2193/2958/1961 1857/2842/1897 2320/2837/1894
f 2179/2959/1962 1939/2894/1925 1932/2780/1852
f 1932/2780/1852 2199/2950/1955 2179/2959/1962
f 1879/2895/1926 1853/2823/1881 2188/2960/1963
f 2188/2960/1963 1853/2823/1881 1938/2822/1878
f 1938/2822/1878 2208/2956/1960 2188/2960/1963
f 1816/2694/1785 1955/2906/1928 1969/2693/1784
f 1823/2630/1724 1822/2724/1803 1780/2723/1767
f 1780/2723/1767 1750/2699/1718 1823/2630/1724
f 1797/2668/1760 1822/2724/1803 1823/2630/1724
f 1802/2649/1741 1778/2673/1765 1816/2728/1785
f 1816/2728/1785 1758/2713/1795 1802/2649/1741
f 1802/2649/1741 1749/2651/1743 1778/2673/1765
f 1796/2913/1933 1964/2961/1964 1972/2962/1965
f 1755/2620/1714 1770/2963/1750 1953/2921/1939
f 1770/2963/1750 1796/2913/1933 1953/2921/1939
f 1952/2909/1806 1799/2692/1783 1941/2691/1782
f 1971/2964/1966 1980/2965/1967 1955/2906/1928
f 1955/2906/1928 1980/2965/1967 1926/2910/1930
f 1969/2693/1784 1963/2966/1968 1919/2627/1721
f 1976/2912/1932 1975/2967/1969 1969/2693/1784
f 1969/2693/1784 1975/2967/1969 1965/2968/1970
f 1965/2968/1970 1963/2966/1968 1969/2693/1784
f 1972/2962/1965 1964/2961/1964 1973/2969/1971
f 1973/2969/1971 1985/2970/1972 1972/2962/1965
f 1972/2962/1965 1985/2970/1972 1993/2971/1973
f 1993/2971/1973 1966/2972/1974 1972/2962/1965
f 1963/2966/1968 1965/2968/1970 1974/2973/1975
f 1974/2973/1975 1986/2974/1976 1963/2966/1968
f 1963/2966/1968 1986/2974/1976 1973/2969/1971
f 1973/2969/1971 1964/2961/1964 1963/2966/1968
f 1975/2975/1969 1976/2976/1932 1977/2977/1977
f 1977/2977/1977 1987/2978/1978 1975/2975/1969
f 1975/2967/1969 1987/2979/1978 1974/2973/1975
f 1974/2973/1975 1965/2968/1970 1975/2967/1969
f 1978/2980/1931 1926/2981/1930 1979/2982/1979
f 1979/2982/1979 1988/2983/1980 1978/2980/1931
f 1978/2984/1931 1988/2985/1980 1977/2977/1977
f 1977/2977/1977 1976/2976/1932 1978/2984/1931
f 1980/2986/1967 1971/2987/1966 1981/2988/1981
f 1981/2988/1981 1989/2989/1982 1980/2986/1967
f 1980/2986/1967 1989/2989/1982 1979/2982/1979
f 1979/2982/1979 1926/2981/1930 1980/2986/1967
f 1970/2990/1943 1944/2991/1940 1982/2992/1983
f 1982/2992/1983 1990/2993/1984 1970/2990/1943
f 1970/2990/1943 1990/2993/1984 1981/2988/1981
f 1981/2988/1981 1971/2987/1966 1970/2990/1943
f 1983/2994/1942 1968/2995/1941 1984/2996/1985
f 1984/2996/1985 1991/2997/1986 1983/2994/1942
f 1983/2998/1942 1991/2999/1986 1982/2992/1983
f 1982/2992/1983 1944/2991/1940 1983/2998/1942
f 1967/3000/1987 1966/2972/1974 1993/2971/1973
f 1993/2971/1973 1992/3001/1988 1967/3000/1987
f 1967/3002/1987 1992/3003/1988 1984/2996/1985
f 1984/2996/1985 1968/2995/1941 1967/3002/1987
f 1963/2966/1968 1964/2961/1964 1796/2913/1933
f 1963/2966/1968 1796/2913/1933 1919/2627/1721
f 1953/2921/1939 1967/3000/1987 1968/2923/1941
f 1796/2913/1933 1972/2962/1965 1953/2921/1939
f 1953/2921/1939 1972/2962/1965 1966/2972/1974
f 1966/2972/1974 1967/3000/1987 1953/2921/1939
f 1970/2925/1943 1971/2964/1966 1955/2906/1928
f 1945/2621/1715 1944/2922/1940 1970/2925/1943
f 1985/3004/1972 1973/3005/1971 1994/3006/1989
f 1994/3006/1989 2001/3007/1990 1985/3004/1972
f 1985/3004/1972 2001/3007/1990 2002/3008/1991
f 2002/3008/1991 1993/3009/1973 1985/3004/1972
f 1986/3010/1976 1974/3011/1975 1995/3012/1992
f 1995/3012/1992 2003/3013/1993 1986/3010/1976
f 1986/3010/1976 2003/3013/1993 1994/3006/1989
f 1994/3006/1989 1973/3005/1971 1986/3010/1976
f 1987/2978/1978 1977/2977/1977 1996/3014/1994
f 1996/3014/1994 2004/3015/1995 1987/2978/1978
f 1987/2978/1978 2004/3015/1995 1995/3016/1992
f 1995/3016/1992 1974/3017/1975 1987/2978/1978
f 1988/2985/1980 1979/3018/1979 1997/3019/1996
f 1997/3019/1996 2005/3020/1997 1988/2985/1980
f 1988/2985/1980 2005/3020/1997 1996/3014/1994
f 1996/3014/1994 1977/2977/1977 1988/2985/1980
f 1989/2989/1982 1981/2988/1981 1998/3021/1998
f 1998/3021/1998 2006/3022/1999 1989/2989/1982
f 1989/2989/1982 2006/3022/1999 1997/3023/1996
f 1997/3023/1996 1979/2982/1979 1989/2989/1982
f 1990/2993/1984 1982/2992/1983 1999/3024/2000
f 1999/3024/2000 2007/3025/2001 1990/2993/1984
f 1990/2993/1984 2007/3025/2001 1998/3021/1998
f 1998/3021/1998 1981/2988/1981 1990/2993/1984
f 1991/2997/1986 1984/2996/1985 2000/3026/2002
f 2000/3026/2002 2008/3027/2003 1991/2997/1986
f 1991/2997/1986 2008/3027/2003 1999/3028/2000
f 1999/3028/2000 1982/3029/1983 1991/2997/1986
f 1992/3003/1988 1993/3030/1973 2002/3031/1991
f 2002/3031/1991 2009/3032/2004 1992/3003/1988
f 1992/3003/1988 2009/3032/2004 2000/3026/2002
f 2000/3026/2002 1984/2996/1985 1992/3003/1988
f 2010/3033/2005 2011/3034/2006 2002/3035/1991
f 2002/3035/1991 2001/3036/1990 2010/3033/2005
f 2010/3033/2005 2001/3036/1990 1994/3037/1989
f 1994/3037/1989 2012/3038/2007 2010/3033/2005
f 2010/3039/2008 2012/3040/2009 2013/3041/2010
f 2013/3041/2010 2014/3042/2011 2010/3039/2008
f 2010/3039/2008 2014/3042/2011 2045/3043/2012
f 2045/3043/2012 2011/3044/2013 2010/3039/2008
f 2015/3045/2014 2012/3038/2007 1994/3037/1989
f 1994/3037/1989 2003/3046/1993 2015/3045/2014
f 2015/3045/2014 2003/3046/1993 1995/3047/1992
f 1995/3047/1992 2016/3048/2015 2015/3045/2014
f 2015/3049/2016 2016/3050/2017 2017/3051/2018
f 2017/3051/2018 2018/3052/2019 2015/3049/2016
f 2015/3049/2016 2018/3052/2019 2013/3041/2010
f 2013/3041/2010 2012/3040/2009 2015/3049/2016
f 2019/3053/2020 2016/3048/2015 1995/3047/1992
f 1995/3047/1992 2004/3054/1995 2019/3053/2020
f 2019/3055/2020 2004/3015/1995 1996/3014/1994
f 1996/3014/1994 2020/3056/2021 2019/3055/2020
f 2019/3057/2020 2020/3058/2022 2021/3059/2023
f 2021/3059/2023 2022/3060/2024 2019/3057/2020
f 2019/3057/2020 2022/3060/2024 2017/3061/2018
f 2017/3061/2018 2016/3062/2017 2019/3057/2020
f 2023/3063/2025 2020/3056/2021 1996/3014/1994
f 1996/3014/1994 2005/3020/1997 2023/3063/2025
f 2023/3064/2025 2005/3065/1997 1997/3023/1996
f 1997/3023/1996 2024/3066/2026 2023/3064/2025
f 2023/3067/2025 2024/3068/2027 2025/3069/2028
f 2025/3069/2028 2026/3070/2029 2023/3067/2025
f 2023/3067/2025 2026/3070/2029 2021/3059/2023
f 2021/3059/2023 2020/3058/2022 2023/3067/2025
f 2027/3071/2030 2024/3066/2026 1997/3023/1996
f 1997/3023/1996 2006/3022/1999 2027/3071/2030
f 2027/3071/2030 2006/3022/1999 1998/3021/1998
f 1998/3021/1998 2028/3072/2031 2027/3071/2030
f 2027/3073/2030 2028/3074/2032 2029/3075/2033
f 2029/3075/2033 2030/3076/2034 2027/3073/2030
f 2027/3073/2030 2030/3076/2034 2025/3077/2028
f 2025/3077/2028 2024/3078/2027 2027/3073/2030
f 2031/3079/2035 2028/3072/2031 1998/3021/1998
f 1998/3021/1998 2007/3025/2001 2031/3079/2035
f 2031/3079/2035 2007/3025/2001 1999/3024/2000
f 1999/3024/2000 2032/3080/2036 2031/3079/2035
f 2031/3081/2037 2032/3082/2036 2033/3083/2038
f 2033/3083/2038 2034/3084/2039 2031/3081/2037
f 2031/3081/2037 2034/3084/2039 2029/3075/2033
f 2029/3075/2033 2028/3074/2032 2031/3081/2037
f 2035/3085/2040 2032/3080/2036 1999/3024/2000
f 1999/3024/2000 2008/3086/2003 2035/3085/2040
f 2035/3087/2040 2008/3027/2003 2000/3026/2002
f 2000/3026/2002 2036/3088/2041 2035/3087/2040
f 2035/3089/2042 2036/3090/2041 2037/3091/2043
f 2037/3091/2043 2038/3092/2044 2035/3089/2042
f 2035/3089/2042 2038/3092/2044 2033/3093/2038
f 2033/3093/2038 2032/3094/2036 2035/3089/2042
f 2039/3095/2045 2036/3088/2041 2000/3026/2002
f 2000/3026/2002 2009/3032/2004 2039/3095/2045
f 2039/3096/2045 2009/3097/2004 2002/3035/1991
f 2002/3035/1991 2011/3034/2006 2039/3096/2045
f 2039/3098/2046 2011/3099/2013 2045/3100/2012
f 2045/3100/2012 2040/3101/2047 2039/3098/2046
f 2039/3098/2046 2040/3101/2047 2037/3091/2043
f 2037/3091/2043 2036/3090/2041 2039/3098/2046
f 2017/3051/2018 2051/3102/2048 2018/3052/2019
f 2018/3052/2019 2051/3102/2048 2013/3041/2010
f 2022/3060/2024 2021/3059/2023 2041/3103/2049
f 2026/3070/2029 2025/3069/2028 2042/3104/2050
f 2042/3104/2050 2053/3105/2051 2026/3070/2029
f 2026/3070/2029 2053/3105/2051 2041/3103/2049
f 2041/3103/2049 2021/3059/2023 2026/3070/2029
f 2029/3106/2033 2054/3107/2052 2030/3108/2034
f 2030/3108/2034 2054/3107/2052 2042/3109/2050
f 2042/3109/2050 2025/3110/2028 2030/3108/2034
f 2034/3111/2039 2033/3112/2038 2043/3113/2053
f 2043/3113/2053 2055/3114/2054 2034/3111/2039
f 2034/3111/2039 2055/3114/2054 2029/3106/2033
f 2038/3092/2044 2037/3091/2043 2044/3115/2055
f 2043/3116/2053 2033/3093/2038 2038/3092/2044
f 2044/3115/2055 2037/3091/2043 2040/3101/2047
f 2045/3043/2012 2014/3042/2011 2049/3117/2056
f 2049/3117/2056 2014/3042/2011 2013/3041/2010
f 2049/3117/2056 2013/3041/2010 2046/3118/2057
f 2050/3119/2058 2045/3043/2012 2049/3117/2056
f 2051/3102/2048 2017/3051/2018 2047/3120/2059
f 2046/3118/2057 2013/3041/2010 2051/3102/2048
f 2017/3061/2018 2022/3060/2024 2052/3121/2060
f 2052/3121/2060 2022/3060/2024 2041/3103/2049
f 2047/3122/2059 2017/3061/2018 2052/3121/2060
f 2054/3107/2052 2029/3106/2033 2048/3123/2061
f 2048/3123/2061 2029/3106/2033 2055/3114/2054
f 2043/3116/2053 2038/3092/2044 2056/3124/2062
f 2056/3124/2062 2038/3092/2044 2044/3115/2055
f 2044/3115/2055 2040/3101/2047 2057/3125/2063
f 2057/3125/2063 2040/3101/2047 2045/3100/2012
f 2057/3125/2063 2045/3100/2012 2050/3126/2058
f 2058/3127/2064 2059/3128/2065 2050/3119/2058
f 2050/3119/2058 2049/3117/2056 2058/3127/2064
f 2058/3127/2064 2049/3117/2056 2046/3118/2057
f 2046/3118/2057 2060/3129/2066 2058/3127/2064
f 2058/3127/2064 2060/3129/2067 2061/3130/2068
f 2061/3130/2068 2084/3131/2069 2058/3127/2064
f 2058/3127/2064 2084/3131/2069 2062/3132/2070
f 2062/3132/2070 2059/3128/2071 2058/3127/2064
f 2063/3133/2072 2060/3129/2066 2046/3118/2057
f 2046/3118/2057 2051/3102/2048 2063/3133/2072
f 2063/3133/2072 2051/3102/2048 2047/3120/2059
f 2047/3120/2059 2064/3134/2073 2063/3133/2072
f 2063/3133/2072 2064/3134/2073 2065/3135/2074
f 2065/3135/2074 2066/3136/2075 2063/3133/2072
f 2063/3133/2072 2066/3136/2075 2061/3130/2068
f 2061/3130/2068 2060/3129/2067 2063/3133/2072
f 2067/3137/2076 2064/3138/2073 2047/3122/2059
f 2047/3122/2059 2052/3121/2060 2067/3137/2076
f 2067/3137/2076 2052/3121/2060 2041/3103/2049
f 2041/3103/2049 2068/3139/2077 2067/3137/2076
f 2067/3140/2078 2068/3141/2077 2069/3142/2079
f 2069/3142/2079 2070/3143/2080 2067/3140/2078
f 2067/3140/2078 2070/3143/2080 2065/3135/2074
f 2065/3135/2074 2064/3134/2073 2067/3140/2078
f 2071/3144/2081 2068/3139/2077 2041/3103/2049
f 2041/3103/2049 2053/3105/2051 2071/3144/2081
f 2071/3144/2081 2053/3105/2051 2042/3104/2050
f 2042/3104/2050 2072/3145/2082 2071/3144/2081
f 2071/3146/2081 2072/3147/2083 2073/3148/2084
f 2073/3148/2084 2085/3149/2085 2071/3146/2081
f 2071/3146/2081 2085/3149/2085 2069/3150/2079
f 2069/3150/2079 2068/3151/2077 2071/3146/2081
f 2074/3152/2086 2072/3147/2082 2042/3153/2050
f 2042/3153/2050 2054/3154/2052 2074/3152/2086
f 2074/3152/2086 2054/3154/2052 2048/3155/2061
f 2048/3155/2061 2075/3156/2087 2074/3152/2086
f 2074/3152/2088 2075/3156/2089 2076/3157/2090
f 2076/3157/2090 2086/3158/2091 2074/3152/2088
f 2074/3152/2088 2086/3158/2091 2073/3148/2084
f 2073/3148/2084 2072/3147/2083 2074/3152/2088
f 2077/3159/2092 2075/3156/2087 2048/3155/2061
f 2048/3155/2061 2055/3160/2054 2077/3159/2092
f 2077/3159/2092 2055/3160/2054 2043/3161/2053
f 2043/3161/2053 2078/3162/2093 2077/3159/2092
f 2077/3159/2094 2078/3162/2093 2079/3163/2095
f 2079/3163/2095 2087/3164/2096 2077/3159/2094
f 2077/3159/2094 2087/3164/2096 2076/3157/2090
f 2076/3157/2090 2075/3156/2089 2077/3159/2094
f 2080/3165/2097 2078/3166/2093 2043/3116/2053
f 2043/3116/2053 2056/3124/2062 2080/3165/2097
f 2080/3165/2097 2056/3124/2062 2044/3115/2055
f 2044/3115/2055 2081/3167/2098 2080/3165/2097
f 2080/3168/2097 2081/3169/2098 2082/3170/2099
f 2082/3170/2099 2088/3171/2100 2080/3168/2097
f 2080/3168/2097 2088/3171/2100 2079/3163/2095
f 2079/3163/2095 2078/3162/2093 2080/3168/2097
f 2083/3172/2101 2081/3167/2098 2044/3115/2055
f 2044/3115/2055 2057/3125/2063 2083/3172/2101
f 2083/3172/2101 2057/3125/2063 2050/3126/2058
f 2050/3126/2058 2059/3173/2065 2083/3172/2101
f 2083/3174/2101 2059/3128/2071 2062/3132/2070
f 2062/3132/2070 2089/3175/2102 2083/3174/2101
f 2083/3174/2101 2089/3175/2102 2082/3176/2099
f 2082/3176/2099 2081/3177/2098 2083/3174/2101
f 2084/3178/2069 2065/3179/2074 2089/3180/2102
f 2089/3180/2102 2065/3179/2074 2085/3149/2085
f 2089/3180/2102 2085/3149/2085 2086/3158/2091
f 2089/3180/2102 2086/3158/2091 2087/3164/2096
f 2089/3180/2102 2087/3164/2096 2088/3171/2100
f 2084/3178/2069 2089/3180/2102 2062/3181/2070
f 2065/3179/2074 2084/3178/2069 2061/3182/2068
f 2061/3182/2068 2066/3183/2075 2065/3179/2074
f 2065/3179/2074 2070/3184/2080 2069/3150/2079
f 2069/3150/2079 2085/3149/2085 2065/3179/2074
f 2073/3148/2084 2086/3158/2091 2085/3149/2085
f 2076/3157/2090 2087/3164/2096 2086/3158/2091
f 2079/3163/2095 2088/3171/2100 2087/3164/2096
f 2082/3170/2099 2089/3180/2102 2088/3171/2100
f 2090/2683/1775 1925/2682/1774 1799/2692/1783
f 1799/2692/1783 1762/2638/1732 2090/2683/1775
f 1762/2638/1732 1785/2637/1731 2090/2683/1775
f 2091/2685/1777 1789/2684/1776 1809/3185/1797
f 1809/3185/1797 1808/3186/1796 2091/2685/1777
f 2091/2685/1777 1808/3186/1796 1758/3187/1723
f 1758/3187/1723 1790/2686/1722 2091/2685/1777
f 2092/2688/1779 1793/2687/1778 1811/3188/1800
f 1811/3188/1800 1810/3189/2103 2092/2688/1779
f 2092/2688/1779 1810/3189/2103 1809/3185/1797
f 1809/3185/1797 1789/2684/1776 2092/2688/1779
f 2093/2690/1781 1929/2689/1780 1814/2874/1802
f 1814/2874/1802 1811/3188/1800 2093/2690/1781
f 1811/3188/1800 1793/2687/1778 2093/2690/1781
f 1924/2734/1771 1821/2733/1810 1950/2939/1948
f 1950/2939/1948 1782/3190/1772 1924/2734/1771
f 1828/2743/1819 1827/2745/1821 1824/2736/1812
f 1824/2736/1812 1827/2745/1821 2313/2737/1813
f 1838/2760/1832 1826/2741/1817 1840/2739/1815
f 1922/2648/1740 1892/2647/1739 1828/3191/1819
f 1828/3191/1819 1824/2889/1812 1922/2648/1740
f 1941/2934/1782 1927/2732/1809 1818/2731/2104
f 1818/2731/2104 1817/3192/1807 1941/2934/1782
f 1770/2963/1750 1791/2914/1749 1796/2913/1933
f 2094/2915/1934 1942/2916/1935 1803/3193/1790
f 1803/3193/1790 1757/3194/1717 2094/2915/1934
f 1757/2623/1717 1786/2626/1720 2094/2917/1934
f 2095/2918/1936 1943/2919/1937 1804/3195/1791
f 1804/3195/1791 1803/3193/1790 2095/2918/1936
f 1803/3193/1790 1942/2916/1935 2095/2918/1936
f 2096/2920/1938 1787/2885/1924 1806/2888/1792
f 1806/2888/1792 1804/3195/1791 2096/2920/1938
f 1804/3195/1791 1943/2919/1937 2096/2920/1938
f 1801/2616/1710 1946/2926/1944 1949/2933/1946
f 1949/2933/1946 1752/2614/1708 1801/2616/1710
f 2313/2737/1813 1933/2856/1909 1884/2735/1811
f 1884/2735/1811 1933/2856/1909 1885/2858/1911
f 1936/2740/1816 1825/2742/1818 1889/2869/1921
f 1795/2667/1759 1891/2666/1758 1889/2869/1921
f 1889/2869/1921 1825/2742/1818 1795/2667/1759
f 1947/2618/1712 1820/2698/1787 1800/2697/1786
f 1800/2697/1786 1754/2619/1713 1947/2618/1712
f 1954/2677/1769 1751/2625/1719 1750/2624/1718
f 1954/2677/1769 1941/2691/1782 1925/2682/1774
f 1954/2677/1769 1925/2682/1774 1751/2625/1719
f 2098/3196/2105 2137/3197/2106 2305/3198/2107
f 2098/3196/2105 2155/3199/2108 2137/3197/2106
f 2115/3200/2109 2301/3201/2110 2159/3202/2111
f 2159/3202/2111 2306/3203/2112 2115/3200/2109
f 2116/3204/2113 2311/3205/2114 2097/3206/2115
f 2097/3206/2115 2140/3207/2116 2116/3204/2113
f 2140/3207/2116 2117/3208/2117 2116/3204/2113
f 2136/3209/2118 2277/3210/2119 2276/3211/2120
f 2158/3212/2121 2101/3213/2122 2099/3214/2123
f 2101/3213/2122 2158/3212/2121 2100/3215/2124
f 2101/3213/2122 2100/3215/2124 2234/3216/2125
f 2234/3216/2125 2235/3217/2126 2101/3213/2122
f 2102/3218/2127 2279/3219/2128 2278/3220/2129
f 2278/3221/2129 2280/3222/2130 2103/3223/2131
f 2103/3223/2131 2102/3224/2127 2278/3221/2129
f 2103/3223/2131 2280/3222/2130 2281/3225/2132
f 2281/3225/2132 2282/3226/2133 2104/3227/2134
f 2104/3227/2134 2103/3223/2131 2281/3225/2132
f 2104/3227/2134 2282/3226/2133 2283/3228/2135
f 2283/3228/2135 2239/3229/2136 2105/3230/2137
f 2105/3230/2137 2104/3227/2134 2283/3228/2135
f 2161/3231/2138 2107/3232/2139 2106/3233/2140
f 2108/3234/2141 2106/3233/2140 2107/3232/2139
f 2108/3234/2141 2107/3232/2139 2145/3235/2142
f 2145/3235/2142 2241/3236/2143 2109/3237/2144
f 2109/3237/2144 2108/3234/2141 2145/3235/2142
f 2124/3238/2145 2110/3239/2146 2133/3240/2147
f 2133/3240/2147 2119/3241/2148 2124/3238/2145
f 2124/3238/2145 2123/3242/2149 2110/3239/2146
f 2126/3243/2150 2111/3244/2151 2110/3239/2146
f 2110/3239/2146 2123/3242/2149 2126/3243/2150
f 2126/3243/2150 2125/3245/2152 2112/3246/2153
f 2112/3246/2153 2111/3244/2151 2126/3243/2150
f 2112/3246/2153 2125/3245/2152 2128/3247/2154
f 2128/3247/2154 2127/3248/2155 2113/3249/2156
f 2113/3249/2156 2112/3246/2153 2128/3247/2154
f 2148/3250/2157 2149/3251/2158 2307/3252/2159
f 2307/3252/2159 2157/3253/2160 2148/3250/2157
f 2151/3254/2161 2114/3255/2162 2160/3256/2163
f 2130/3257/2164 2302/3258/2165 2132/3259/2166
f 2309/3260/2167 2295/3261/2168 2293/3262/2169
f 2153/3263/2170 2309/3260/2167 2293/3262/2169
f 2116/3204/2113 2117/3208/2117 2279/3219/2128
f 2279/3219/2128 2285/3264/2171 2116/3204/2113
f 2116/3204/2113 2285/3264/2171 2289/3265/2172
f 2289/3265/2172 2311/3205/2114 2116/3204/2113
f 2124/3238/2145 2119/3241/2148 2277/3266/2119
f 2277/3266/2119 2286/3267/2173 2124/3238/2145
f 2124/3238/2145 2286/3267/2173 2447/3268/2174
f 2447/3268/2174 2123/3242/2149 2124/3238/2145
f 2126/3243/2150 2123/3242/2149 2447/3268/2174
f 2447/3268/2174 2287/3269/2175 2126/3243/2150
f 2126/3243/2150 2287/3269/2175 2448/3270/2176
f 2448/3270/2176 2125/3245/2152 2126/3243/2150
f 2128/3247/2154 2125/3245/2152 2448/3270/2176
f 2448/3270/2176 2288/3271/2177 2128/3247/2154
f 2128/3247/2154 2288/3271/2177 2129/3272/2178
f 2129/3272/2178 2127/3248/2155 2128/3247/2154
f 2132/3259/2166 2097/3206/2115 2311/3205/2114
f 2134/3273/2179 2284/3274/2180 2289/3265/2172
f 2289/3265/2172 2284/3274/2180 2311/3205/2114
f 2135/3275/2181 2136/3209/2118 2276/3211/2120
f 2155/3276/2108 2156/3277/2182 2138/3278/2183
f 2138/3278/2183 2137/3279/2106 2155/3276/2108
f 2099/3214/2123 2140/3280/2116 2097/3281/2115
f 2134/3282/2179 2102/3283/2127 2161/3231/2138
f 2133/3284/2147 2110/3285/2146 2158/3212/2121
f 2141/3286/2184 2140/3280/2116 2101/3213/2122
f 2140/3280/2116 2099/3214/2123 2101/3213/2122
f 2100/3215/2124 2158/3212/2121 2110/3285/2146
f 2110/3285/2146 2111/3287/2151 2100/3215/2124
f 2100/3215/2124 2111/3287/2151 2112/3288/2153
f 2142/3289/2185 2141/3286/2184 2101/3213/2122
f 2100/3215/2124 2112/3288/2153 2113/3290/2156
f 2113/3290/2156 2234/3216/2125 2100/3215/2124
f 2235/3217/2126 2236/3291/2186 2101/3213/2122
f 2101/3213/2122 2236/3291/2186 2237/3292/2187
f 2237/3292/2187 2142/3289/2185 2101/3213/2122
f 2107/3232/2139 2161/3231/2138 2102/3283/2127
f 2107/3232/2139 2102/3283/2127 2103/3293/2188
f 2143/3294/2189 2144/3295/2190 2106/3233/2140
f 2106/3233/2140 2144/3295/2190 2136/3296/2118
f 2107/3232/2139 2103/3293/2188 2104/3297/2134
f 2104/3297/2134 2145/3235/2142 2107/3232/2139
f 2147/3298/2191 2146/3299/2192 2108/3234/2141
f 2108/3234/2141 2146/3299/2192 2143/3294/2189
f 2143/3294/2189 2106/3233/2140 2108/3234/2141
f 2145/3235/2142 2240/3300/2193 2241/3236/2143
f 2145/3235/2142 2104/3297/2134 2105/3301/2137
f 2105/3301/2137 2240/3300/2193 2145/3235/2142
f 2108/3234/2141 2109/3237/2144 2233/3302/2194
f 2233/3302/2194 2147/3298/2191 2108/3234/2141
f 2148/3250/2157 2157/3253/2160 2132/3303/2166
f 2132/3303/2166 2302/3304/2195 2148/3250/2157
f 2149/3251/2158 2306/3305/2196 2159/3306/2111
f 2159/3306/2111 2307/3252/2159 2149/3251/2158
f 2151/3254/2161 2160/3256/2163 2135/3307/2197
f 2135/3307/2197 2150/3308/2198 2151/3254/2161
f 2114/3255/2162 2310/3309/2199 2152/3310/2200
f 2152/3310/2200 2131/3311/2201 2114/3255/2162
f 2114/3255/2162 2131/3311/2201 2160/3256/2163
f 2293/3262/2169 2294/3312/2202 2154/3313/2203
f 2154/3313/2203 2153/3263/2170 2293/3262/2169
f 2155/3276/2108 2295/3314/2168 2296/3315/2204
f 2296/3315/2204 2156/3277/2182 2155/3276/2108
f 2158/3212/2121 2099/3214/2123 2307/3252/2159
f 2158/3212/2121 2307/3252/2159 2159/3306/2111
f 2159/3306/2111 2133/3284/2147 2158/3212/2121
f 2161/3231/2138 2106/3233/2140 2131/3311/2201
f 2161/3231/2138 2131/3311/2201 2152/3310/2200
f 2152/3310/2200 2134/3282/2179 2161/3231/2138
f 2202/3316/2205 2297/3317/2206 2163/3318/2207
f 2318/3319/2208 2451/3320/2209 2298/3321/2210
f 2298/3321/2210 2174/3322/2211 2318/3319/2208
f 2318/3319/2208 2174/3322/2211 2207/2954/1958
f 2203/3323/2212 2166/3324/2213 2165/3325/2214
f 2165/3325/2214 2166/3324/2213 2167/3326/2215
f 2167/3326/2215 2166/3324/2213 2168/3327/2216
f 2168/3327/2216 2166/3324/2213 2203/3323/2212
f 2203/3323/2212 2183/3328/2217 2168/3327/2216
f 2168/3327/2216 2183/3328/2217 2204/3329/2218
f 2204/3329/2218 2169/3330/2219 2168/3327/2216
f 2170/3331/2220 2169/3330/2219 2204/3329/2218
f 2204/3329/2218 2184/3332/2221 2170/3331/2220
f 2170/3331/2220 2184/3332/2221 2205/3333/2222
f 2205/3333/2222 2171/3334/2223 2170/3331/2220
f 2172/3335/2224 2171/3334/2223 2205/3333/2222
f 2205/3333/2222 2185/3336/2225 2172/3335/2224
f 2172/3335/2224 2185/3336/2225 2206/3337/2226
f 2206/3337/2226 2173/3338/2227 2172/3335/2224
f 2174/3322/2211 2173/3339/2227 2206/3340/2226
f 2182/3341/2228 2165/3325/2214 2202/3316/2205
f 2203/3323/2212 2165/3325/2214 2182/3341/2228
f 2186/3342/2229 2174/3322/2211 2206/3340/2226
f 2207/2954/1958 2174/3322/2211 2186/3342/2229
f 2242/3343/2230 2243/3344/2231 2195/2941/1951
f 2195/2941/1951 2175/2940/1950 2242/3343/2230
f 2242/3343/2230 2175/2940/1950 1956/2942/1952
f 1956/2942/1952 2196/3345/2232 2242/3343/2230
f 2244/3346/2233 2245/3347/2234 2197/3348/1954
f 2197/3348/1954 2176/3349/1953 2244/3346/2233
f 2244/3346/2233 2176/3349/1953 2195/3350/1951
f 2195/3350/1951 2243/3351/2231 2244/3346/2233
f 2246/3352/2235 2247/3353/2236 2198/3354/2237
f 2198/3354/2237 2177/3355/2238 2246/3352/2235
f 2246/3352/2235 2177/3355/2238 2197/3348/1954
f 2197/3348/1954 2245/3347/2234 2246/3352/2235
f 2198/3354/2237 2247/3353/2236 2178/3356/2239
f 2247/3353/2236 2248/3357/2240 2178/3356/2239
f 2178/3358/2239 2248/3359/2240 2249/3360/2241
f 2249/3360/2241 2199/2950/1955 2178/3358/2239
f 2250/3361/2242 2252/3362/2243 2199/2950/1955
f 2250/3361/2242 2199/2950/1955 2249/3360/2241
f 2180/3363/2244 2253/3364/2245 2200/3365/2246
f 2162/3366/1957 2201/3367/2247 2180/3363/2244
f 2201/3367/2247 2222/3368/2248 2180/3363/2244
f 2180/3363/2244 2222/3368/2248 2253/3364/2245
f 2223/3369/2249 2254/3370/2250 2202/3371/2205
f 2202/3371/2205 2181/3372/2251 2223/3369/2249
f 2223/3369/2249 2181/3372/2251 2200/3365/2246
f 2200/3365/2246 2253/3364/2245 2223/3369/2249
f 2255/3373/2252 2256/3374/2253 2203/3375/2212
f 2203/3375/2212 2182/3376/2228 2255/3373/2252
f 2255/3373/2252 2182/3376/2228 2202/3371/2205
f 2202/3371/2205 2254/3370/2250 2255/3373/2252
f 2257/3377/2254 2258/3378/2255 2204/3379/2218
f 2204/3379/2218 2183/3380/2217 2257/3377/2254
f 2257/3377/2254 2183/3380/2217 2203/3375/2212
f 2203/3375/2212 2256/3374/2253 2257/3377/2254
f 2219/3381/2256 2259/3382/2257 2205/3383/2222
f 2205/3383/2222 2184/3384/2221 2219/3381/2256
f 2219/3381/2256 2184/3384/2221 2204/3379/2218
f 2204/3379/2218 2258/3378/2255 2219/3381/2256
f 2260/3385/2258 2261/3386/2259 2206/3387/2226
f 2206/3387/2226 2185/3388/2225 2260/3385/2258
f 2260/3385/2258 2185/3388/2225 2205/3383/2222
f 2205/3383/2222 2259/3382/2257 2260/3385/2258
f 2262/3389/2260 2263/3390/2261 2207/3391/1958
f 2207/3391/1958 2186/3392/2229 2262/3389/2260
f 2262/3389/2260 2186/3392/2229 2206/3387/2226
f 2206/3387/2226 2261/3386/2259 2262/3389/2260
f 2209/3393/2262 2264/3394/2263 2208/3395/1960
f 2208/3395/1960 2187/3396/1959 2209/3393/2262
f 2209/3393/2262 2187/3396/1959 2207/3391/1958
f 2207/3391/1958 2263/3390/2261 2209/3393/2262
f 2265/3397/2264 2188/2960/1963 2208/2956/1960
f 2208/2956/1960 2264/3398/2263 2265/3397/2264
f 2212/3399/2265 2267/3400/2266 2210/3401/2267
f 2210/3401/2267 2190/3402/2268 2212/3399/2265
f 2212/3399/2265 2190/3402/2268 2164/3403/2269
f 2164/3403/2269 2211/3404/2270 2212/3399/2265
f 2268/3405/2271 2269/3406/2272 2213/3407/2273
f 2213/3407/2273 2191/3408/2274 2268/3405/2271
f 2268/3405/2271 2191/3408/2274 2210/3401/2267
f 2210/3401/2267 2267/3400/2266 2268/3405/2271
f 2270/3409/2275 2271/3410/2276 2214/3411/2277
f 2214/3411/2277 2192/3412/2278 2270/3409/2275
f 2270/3413/2275 2192/3414/2278 2213/3407/2273
f 2213/3407/2273 2269/3406/2272 2270/3413/2275
f 2272/3415/2279 2196/3345/2232 1956/2942/1952
f 1956/2942/1952 2193/2958/1961 2272/3415/2279
f 2272/3415/2279 2193/2958/1961 2214/3411/2277
f 2214/3411/2277 2271/3410/2276 2272/3415/2279
f 2275/3416/2280 2219/3381/2256 2220/3417/2281
f 2251/3418/2282 2201/3419/2247 2162/2952/1957
f 2162/2952/1957 2215/2951/1956 2251/3418/2282
f 2251/3418/2282 2215/2951/1956 2250/3361/2242
f 2266/3420/2283 2211/3404/2270 2164/3403/2269
f 2164/3403/2269 2216/3421/2284 2266/3420/2283
f 2266/3420/2283 2216/3421/2284 2265/3422/2264
f 2273/3423/2285 2220/3417/2281 2221/3424/2286
f 2219/3381/2256 2222/3368/2248 2220/3417/2281
f 2219/3381/2256 2218/3425/2287 2222/3368/2248
f 2219/3381/2256 2275/3416/2280 2217/3426/2288
f 2274/3427/2289 2221/3424/2286 2220/3417/2281
f 2194/3428/2290 2220/3417/2281 2273/3423/2285
f 2220/3417/2281 2222/3368/2248 2274/3427/2289
f 2223/3369/2249 2222/3368/2248 2218/3425/2287
f 2224/3429/2291 2225/3430/2292 2314/3431/2293
f 2315/3432/2294 2226/3433/2295 2227/3434/2296
f 2227/3434/2296 2228/3435/2297 2315/3432/2294
f 2315/3432/2294 2225/3430/2292 2224/3429/2291
f 2224/3429/2291 2226/3433/2295 2315/3432/2294
f 2316/3436/2298 2229/3437/2299 2230/3438/2300
f 2316/3436/2298 2228/3435/2297 2227/3434/2296
f 2227/3434/2296 2229/3437/2299 2316/3436/2298
f 2231/3439/2301 2232/3440/2302 2317/3441/2303
f 2318/3319/2208 2232/3442/2302 2231/3443/2301
f 2171/3444/2223 2172/3445/2224 2109/3237/2144
f 2109/3237/2144 2172/3445/2224 2173/3446/2227
f 2173/3446/2227 2233/3302/2194 2109/3237/2144
f 2129/3272/2178 2233/3447/2194 2173/3339/2227
f 2173/3339/2227 2298/3321/2210 2129/3272/2178
f 2234/3216/2125 2113/3290/2156 2231/3448/2301
f 2231/3448/2301 2317/3449/2303 2234/3216/2125
f 2234/3216/2125 2317/3449/2303 2230/3450/2300
f 2235/3451/2126 2234/3452/2125 2230/3453/2300
f 2230/3450/2300 2229/3454/2304 2235/3217/2126
f 2235/3217/2126 2229/3454/2304 2227/3455/2296
f 2236/3291/2186 2235/3217/2126 2227/3455/2296
f 2227/3455/2296 2226/3456/2305 2236/3291/2186
f 2236/3291/2186 2226/3456/2305 2224/3457/2306
f 2224/3457/2306 2237/3292/2187 2236/3291/2186
f 2238/3458/2307 2237/3459/2187 2224/3460/2291
f 2224/3460/2291 2163/3461/2207 2238/3458/2307
f 2238/3458/2307 2163/3461/2207 2297/3462/2206
f 2297/3462/2206 2239/3229/2136 2238/3458/2307
f 2240/3300/2193 2105/3301/2137 2167/3463/2215
f 2167/3463/2215 2168/3464/2216 2240/3300/2193
f 2240/3300/2193 2168/3464/2216 2169/3465/2219
f 2169/3465/2219 2241/3236/2143 2240/3300/2193
f 2169/3465/2219 2170/3466/2220 2241/3236/2143
f 2241/3236/2143 2170/3466/2220 2171/3444/2223
f 2171/3444/2223 2109/3237/2144 2241/3236/2143
f 2252/3362/2243 2179/2959/1962 2199/2950/1955
f 2263/3390/2261 2275/3416/2280 2209/3393/2262
f 2209/3393/2262 2275/3416/2280 2264/3394/2263
f 2265/3397/2264 2216/3467/2284 2188/2960/1963
f 2188/2960/1963 2216/3467/2284 2189/3468/2308
f 2211/3404/2270 2220/3417/2281 2212/3399/2265
f 2212/3399/2265 2220/3417/2281 2267/3400/2266
f 2215/2951/1956 2252/3362/2243 2250/3361/2242
f 2179/2959/1962 2252/3362/2243 2215/2951/1956
f 2164/3469/2269 2189/3468/2308 2216/3467/2284
f 2273/3423/2285 2242/3470/2230 2196/3471/2232
f 2273/3423/2285 2221/3424/2286 2243/3351/2231
f 2243/3351/2231 2242/3470/2230 2273/3423/2285
f 2221/3424/2286 2244/3346/2233 2243/3351/2231
f 2245/3347/2234 2244/3346/2233 2221/3424/2286
f 2221/3424/2286 2246/3352/2235 2245/3347/2234
f 2221/3424/2286 2274/3427/2289 2247/3353/2236
f 2247/3353/2236 2246/3352/2235 2221/3424/2286
f 2274/3427/2289 2248/3357/2240 2247/3353/2236
f 2249/3472/2241 2248/3357/2240 2274/3427/2289
f 2274/3427/2289 2250/3473/2242 2249/3472/2241
f 2251/3474/2282 2250/3473/2242 2274/3427/2289
f 2251/3474/2282 2274/3427/2289 2222/3368/2248
f 2201/3367/2247 2251/3474/2282 2222/3368/2248
f 2222/3368/2248 2223/3369/2249 2253/3364/2245
f 2223/3369/2249 2218/3425/2287 2254/3370/2250
f 2218/3425/2287 2255/3373/2252 2254/3370/2250
f 2256/3374/2253 2255/3373/2252 2218/3425/2287
f 2218/3425/2287 2257/3377/2254 2256/3374/2253
f 2218/3425/2287 2219/3381/2256 2258/3378/2255
f 2258/3378/2255 2257/3377/2254 2218/3425/2287
f 2217/3426/2288 2260/3385/2258 2259/3382/2257
f 2259/3382/2257 2219/3381/2256 2217/3426/2288
f 2261/3386/2259 2260/3385/2258 2217/3426/2288
f 2217/3426/2288 2262/3389/2260 2261/3386/2259
f 2263/3390/2261 2262/3389/2260 2217/3426/2288
f 2263/3390/2261 2217/3426/2288 2275/3416/2280
f 2275/3416/2280 2265/3422/2264 2264/3394/2263
f 2266/3420/2283 2265/3422/2264 2275/3416/2280
f 2266/3420/2283 2275/3416/2280 2220/3417/2281
f 2211/3404/2270 2266/3420/2283 2220/3417/2281
f 2220/3417/2281 2194/3428/2290 2267/3400/2266
f 2194/3428/2290 2268/3405/2271 2267/3400/2266
f 2269/3406/2272 2268/3405/2271 2194/3428/2290
f 2194/3428/2290 2270/3413/2275 2269/3406/2272
f 2194/3428/2290 2273/3423/2285 2271/3475/2276
f 2271/3475/2276 2270/3413/2275 2194/3428/2290
f 2273/3423/2285 2272/3476/2279 2271/3475/2276
f 2196/3471/2232 2272/3476/2279 2273/3423/2285
f 2304/3477/2309 2150/2907/2198 2135/3275/2181
f 2135/3275/2181 2292/3478/2310 2304/3477/2309
f 2152/3479/2311 2310/3480/2312 2284/3274/2180
f 2291/3481/2313 2332/3482/2314 2292/3478/2310
f 2276/3211/2120 2290/3483/2315 2291/3481/2313
f 2118/3484/2316 2276/3211/2120 2277/3210/2119
f 2277/3210/2119 2119/3485/2148 2118/3484/2316
f 2120/3486/2317 2449/3487/2318 2280/3222/2130
f 2280/3222/2130 2278/3221/2129 2120/3486/2317
f 2120/3488/2317 2278/3220/2129 2279/3219/2128
f 2279/3219/2128 2117/3208/2117 2120/3488/2317
f 2121/3489/2319 2450/3490/2320 2282/3226/2133
f 2282/3226/2133 2281/3225/2132 2121/3489/2319
f 2121/3489/2319 2281/3225/2132 2280/3222/2130
f 2280/3222/2130 2449/3487/2318 2121/3489/2319
f 2122/3491/2321 2238/3458/2307 2239/3229/2136
f 2239/3229/2136 2283/3228/2135 2122/3491/2321
f 2122/3491/2321 2283/3228/2135 2282/3226/2133
f 2282/3226/2133 2450/3490/2320 2122/3491/2321
f 2301/3201/2110 2334/3492/2322 2300/3493/2323
f 2334/3492/2322 2335/3494/2324 2300/3493/2323
f 2300/3493/2323 2335/3494/2324 2299/3495/2325
f 2292/3478/2310 2326/3496/2326 2301/3201/2110
f 2098/3196/2105 2139/3497/2327 2294/3312/2202
f 2294/3312/2202 2293/3262/2169 2098/3196/2105
f 2098/3196/2105 2293/3262/2169 2295/3261/2168
f 2295/3261/2168 2155/3199/2108 2098/3196/2105
f 2127/3248/2155 2129/3272/2178 2298/3321/2210
f 2298/3321/2210 2451/3320/2209 2127/3248/2155
f 2305/3498/2328 2137/3499/2329 2148/3250/2157
f 2137/3499/2329 2149/3251/2158 2148/3250/2157
f 2151/3254/2161 2309/3500/2330 2153/3501/2331
f 2153/3501/2331 2114/3255/2162 2151/3254/2161
f 2130/3502/2164 2139/3497/2332 2303/3503/2333
f 2303/3503/2333 2302/3504/2165 2130/3502/2164
f 2115/3200/2109 2156/3277/2334 2296/3315/2335
f 2296/3315/2335 2304/3477/2309 2115/3200/2109
f 2301/3201/2110 2115/3200/2109 2304/3477/2309
f 2304/3477/2309 2292/3478/2310 2301/3201/2110
f 2130/3502/2164 2284/3505/2180 2294/3312/2202
f 2294/3312/2202 2139/3497/2332 2130/3502/2164
f 2148/3250/2157 2302/3304/2195 2303/3506/2336
f 2303/3506/2336 2305/3498/2328 2148/3250/2157
f 2149/3251/2158 2137/3499/2329 2138/3507/2183
f 2138/3507/2183 2306/3305/2196 2149/3251/2158
f 2151/3254/2161 2150/3308/2198 2308/3508/2337
f 2308/3508/2337 2309/3500/2330 2151/3254/2161
f 2114/3255/2162 2153/3501/2331 2154/3509/2338
f 2154/3509/2338 2310/3309/2199 2114/3255/2162
f 2304/3477/2309 2296/3315/2335 2308/3510/2337
f 2308/3510/2337 2150/2907/2198 2304/3477/2309
f 2159/3202/2111 2301/3201/2110 2300/3493/2323
f 2311/3205/2114 2284/3274/2180 2130/3257/2164
f 2177/3511/2238 2198/3512/2237 1957/3513/1849
f 1957/3513/1849 1843/2949/1848 2177/3511/2238
f 2177/3511/2238 1843/2949/1848 2197/2948/1954
f 2199/2950/1955 1844/2779/1851 2178/3358/2239
f 2178/3358/2239 1844/2779/1851 1957/3513/1849
f 1957/3513/1849 2198/3512/2237 2178/3358/2239
f 1939/2894/1925 2179/2959/1962 2215/2951/1956
f 1845/2953/1859 2180/3514/2244 2200/3515/2246
f 2200/3515/2246 2312/3516/1857 1845/2953/1859
f 2162/2952/1957 2180/3514/2244 1845/2953/1859
f 1846/3517/1864 2181/3518/2251 2202/3316/2205
f 2202/3316/2205 2313/2737/1813 1846/3517/1864
f 1846/3519/1864 2312/3516/1857 2200/3515/2246
f 2200/3515/2246 2181/3520/2251 1846/3519/1864
f 2314/3431/2293 2225/3430/2292 1958/2857/1910
f 1958/2857/1910 1933/2856/1909 2314/3431/2293
f 2314/3431/2293 1933/2856/1909 2313/2737/1813
f 2314/3431/2293 2313/2737/1813 2202/3316/2205
f 2315/3432/2294 2228/3435/2297 1959/2860/1913
f 1959/2860/1913 1934/2859/1912 2315/3432/2294
f 2315/3432/2294 1934/2859/1912 1958/2857/1910
f 1958/2857/1910 2225/3430/2292 2315/3432/2294
f 2316/3436/2298 2230/3438/2300 1960/2863/1916
f 1960/2863/1916 1935/2865/1918 2316/3436/2298
f 2316/3436/2298 1935/2865/1918 1959/2860/1913
f 1959/2860/1913 2228/3435/2297 2316/3436/2298
f 2317/3441/2303 2232/3440/2302 1961/2867/1920
f 1961/2867/1920 1890/2866/1919 2317/3441/2303
f 2317/3441/2303 1890/2866/1919 1960/2863/1916
f 1960/2863/1916 2230/3438/2300 2317/3441/2303
f 2207/2954/1958 1936/2740/1816 2318/3319/2208
f 2318/3319/2208 1936/2740/1816 1961/2870/1920
f 1961/2870/1920 2232/3442/2302 2318/3319/2208
f 2189/3468/2308 2164/3469/2269 1875/2897/1887
f 1875/2897/1887 1879/2895/1926 2189/3468/2308
f 1879/2895/1926 2188/2960/1963 2189/3468/2308
f 2190/3521/2268 2210/3522/2267 1962/3523/1884
f 1962/3523/1884 1854/3524/1883 2190/3521/2268
f 2190/3521/2268 1854/3524/1883 1875/2897/1887
f 1875/2897/1887 2164/3469/2269 2190/3521/2268
f 2213/3525/2273 2319/3526/1890 2191/3527/2274
f 2319/3526/1890 1855/3528/1889 2191/3527/2274
f 2191/3529/2274 1855/3530/1889 1962/3523/1884
f 1962/3523/1884 2210/3522/2267 2191/3529/2274
f 2214/3411/2277 2320/2837/1894 2192/3412/2278
f 2320/2837/1894 1856/2836/1893 2192/3412/2278
f 2192/3412/2278 1856/2836/1893 2319/3526/1890
f 2192/3412/2278 2319/3526/1890 2213/3525/2273
f 2193/2958/1961 2320/2837/1894 2214/3411/2277
f 2311/3205/2114 2130/3257/2164 2132/3259/2166
f 2135/3275/2181 2276/3211/2120 2292/3478/2310
f 2276/3211/2120 2291/3481/2313 2292/3478/2310
f 2099/3214/2123 2097/3281/2115 2132/3303/2166
f 2132/3303/2166 2157/3253/2160 2099/3214/2123
f 2099/3214/2123 2157/3253/2160 2307/3252/2159
f 2106/3233/2140 2136/3296/2118 2135/3307/2197
f 2135/3307/2197 2160/3256/2163 2106/3233/2140
f 2106/3233/2140 2160/3256/2163 2131/3311/2201
f 2322/3531/2339 2118/3484/2316 2327/3532/2340
f 2300/3493/2323 2133/3533/2147 2159/3202/2111
f 2300/3493/2323 2118/3484/2316 2133/3533/2147
f 2284/3274/2180 2134/3273/2179 2152/3479/2311
f 2332/3482/2314 2333/3534/2341 2292/3478/2310
f 2292/3478/2310 2333/3534/2341 2323/3535/2342
f 2276/3211/2120 2321/3536/2343 2329/3537/2344
f 2329/3537/2344 2330/3538/2345 2276/3211/2120
f 2276/3211/2120 2330/3538/2345 2290/3483/2315
f 2327/3532/2340 2324/3539/2346 2328/3540/1975
f 2328/3540/1975 2336/3541/1976 2327/3532/2340
f 2327/3532/2340 2336/3541/1976 2338/3542/2347
f 2338/3542/2347 2322/3531/2339 2327/3532/2340
f 2321/3536/2343 2322/3531/2339 2338/3542/2347
f 2338/3542/2347 2339/3543/1972 2321/3536/2343
f 2321/3536/2343 2339/3543/1972 2340/3544/1973
f 2340/3544/1973 2329/3537/2344 2321/3536/2343
f 2330/3538/2345 2329/3537/2344 2340/3544/1973
f 2340/3544/1973 2341/3545/1988 2330/3538/2345
f 2330/3546/2345 2341/3547/1988 2342/3548/2348
f 2342/3548/2348 2290/3549/2315 2330/3546/2345
f 2331/3550/2349 2290/3549/2315 2342/3548/2348
f 2342/3548/2348 2343/3551/2350 2331/3550/2349
f 2331/3552/2349 2343/3553/2350 2344/3554/2351
f 2344/3554/2351 2332/3555/2314 2331/3552/2349
f 2333/3556/2341 2332/3555/2314 2344/3554/2351
f 2344/3554/2351 2345/3557/2352 2333/3556/2341
f 2333/3556/2341 2345/3557/2352 2346/3558/2353
f 2346/3558/2353 2323/3559/2342 2333/3556/2341
f 2326/3560/2326 2323/3559/2342 2346/3558/2353
f 2346/3558/2353 2347/3561/2354 2326/3560/2326
f 2326/3560/2326 2347/3561/2354 2348/3562/2355
f 2348/3562/2355 2334/3563/2322 2326/3560/2326
f 2335/3564/2324 2334/3563/2322 2348/3562/2355
f 2348/3562/2355 2349/3565/1980 2335/3564/2324
f 2335/3566/2324 2349/3567/1980 2350/3568/1977
f 2350/3568/1977 2299/3569/2325 2335/3566/2324
f 2325/3570/2356 2299/3569/2325 2350/3568/1977
f 2350/3568/1977 2351/3571/2357 2325/3570/2356
f 2325/3572/2356 2351/3573/2357 2328/3540/1975
f 2328/3540/1975 2324/3539/2346 2325/3572/2356
f 2290/3483/2315 2331/3574/2349 2291/3481/2313
f 2291/3575/2313 2331/3552/2349 2332/3555/2314
f 2276/3211/2120 2322/3531/2339 2321/3536/2343
f 2299/3495/2325 2325/3572/2356 2300/3493/2323
f 2300/3493/2323 2325/3572/2356 2324/3539/2346
f 2324/3539/2346 2327/3532/2340 2300/3493/2323
f 2300/3493/2323 2327/3532/2340 2118/3484/2316
f 2326/3496/2326 2334/3492/2322 2301/3201/2110
f 2292/3478/2310 2323/3535/2342 2326/3496/2326
f 2336/3576/1976 2328/3577/1975 2337/3578/2358
f 2337/3578/2358 2352/3579/1993 2336/3576/1976
f 2336/3576/1976 2352/3579/1993 2353/3580/2359
f 2353/3580/2359 2338/3581/2347 2336/3576/1976
f 2339/3582/1972 2338/3581/2347 2353/3580/2359
f 2353/3580/2359 2354/3583/2360 2339/3582/1972
f 2339/3582/1972 2354/3583/2360 2355/3584/1991
f 2355/3584/1991 2340/3585/1973 2339/3582/1972
f 2341/3547/1988 2340/3586/1973 2355/3587/1991
f 2355/3587/1991 2356/3588/2004 2341/3547/1988
f 2341/3547/1988 2356/3588/2004 2357/3589/2002
f 2357/3589/2002 2342/3548/2348 2341/3547/1988
f 2343/3551/2350 2342/3548/2348 2357/3589/2002
f 2357/3589/2002 2358/3590/2003 2343/3551/2350
f 2343/3551/2350 2358/3590/2003 2359/3591/2361
f 2359/3591/2361 2344/3592/2351 2343/3551/2350
f 2345/3557/2352 2344/3554/2351 2359/3593/2361
f 2359/3593/2361 2360/3594/2362 2345/3557/2352
f 2345/3557/2352 2360/3594/2362 2361/3595/2363
f 2361/3595/2363 2346/3558/2353 2345/3557/2352
f 2347/3561/2354 2346/3558/2353 2361/3595/2363
f 2361/3595/2363 2362/3596/1999 2347/3561/2354
f 2347/3561/2354 2362/3596/1999 2363/3597/1996
f 2363/3597/1996 2348/3562/2355 2347/3561/2354
f 2349/3567/1980 2348/3598/2355 2363/3599/1996
f 2363/3599/1996 2364/3600/2364 2349/3567/1980
f 2349/3567/1980 2364/3600/2364 2365/3601/2365
f 2365/3601/2365 2350/3568/1977 2349/3567/1980
f 2351/3571/2357 2350/3568/1977 2365/3601/2365
f 2365/3601/2365 2366/3602/2366 2351/3571/2357
f 2351/3571/2357 2366/3602/2366 2337/3603/2358
f 2337/3603/2358 2328/3604/1975 2351/3571/2357
f 2367/3605/2367 2352/3606/1993 2337/3607/2358
f 2337/3607/2358 2368/3608/2017 2367/3605/2367
f 2367/3609/2368 2368/3610/2369 2369/3611/2370
f 2369/3611/2370 2384/3612/2371 2367/3609/2368
f 2367/3609/2368 2384/3612/2371 2396/3613/2372
f 2396/3613/2372 2370/3614/2009 2367/3609/2368
f 2367/3605/2367 2370/3615/2373 2353/3616/2359
f 2353/3616/2359 2352/3606/1993 2367/3605/2367
f 2371/3617/2374 2354/3618/2360 2353/3616/2359
f 2353/3616/2359 2370/3615/2373 2371/3617/2374
f 2371/3619/2374 2370/3614/2009 2396/3613/2372
f 2396/3613/2372 2385/3620/2011 2371/3619/2374
f 2371/3619/2374 2385/3620/2011 2397/3621/2012
f 2397/3621/2012 2372/3622/2375 2371/3619/2374
f 2371/3617/2374 2372/3623/2375 2355/3624/1991
f 2355/3624/1991 2354/3618/2360 2371/3617/2374
f 2373/3625/2376 2356/3626/2004 2355/3624/1991
f 2355/3624/1991 2372/3623/2375 2373/3625/2376
f 2373/3627/2377 2372/3628/2375 2397/3629/2012
f 2397/3629/2012 2386/3630/2047 2373/3627/2377
f 2373/3627/2377 2386/3630/2047 2387/3631/2378
f 2387/3631/2378 2374/3632/2379 2373/3627/2377
f 2373/3633/2376 2374/3634/2379 2357/3589/2002
f 2357/3589/2002 2356/3588/2004 2373/3633/2376
f 2375/3635/2380 2358/3590/2003 2357/3589/2002
f 2357/3589/2002 2374/3634/2379 2375/3635/2380
f 2375/3636/2380 2374/3632/2379 2387/3631/2378
f 2387/3631/2378 2388/3637/2381 2375/3636/2380
f 2375/3636/2380 2388/3637/2381 2389/3638/2382
f 2389/3638/2382 2376/3639/2383 2375/3636/2380
f 2375/3640/2380 2376/3641/2384 2359/3593/2361
f 2359/3593/2361 2358/3642/2003 2375/3640/2380
f 2377/3643/2385 2360/3594/2362 2359/3593/2361
f 2359/3593/2361 2376/3641/2384 2377/3643/2385
f 2377/3644/2386 2376/3645/2383 2389/3646/2382
f 2389/3646/2382 2390/3647/2387 2377/3644/2386
f 2377/3644/2386 2390/3647/2387 2391/3648/2388
f 2391/3648/2388 2378/3649/2389 2377/3644/2386
f 2377/3643/2385 2378/3650/2390 2361/3595/2363
f 2361/3595/2363 2360/3594/2362 2377/3643/2385
f 2379/3651/2391 2362/3596/1999 2361/3595/2363
f 2361/3595/2363 2378/3650/2390 2379/3651/2391
f 2379/3652/2392 2378/3649/2389 2391/3648/2388
f 2391/3648/2388 2392/3653/2393 2379/3652/2392
f 2379/3652/2392 2392/3653/2393 2398/3654/2394
f 2398/3654/2394 2380/3655/2395 2379/3652/2392
f 2379/3651/2391 2380/3656/2396 2363/3597/1996
f 2363/3597/1996 2362/3596/1999 2379/3651/2391
f 2381/3657/2397 2364/3658/2364 2363/3597/1996
f 2363/3597/1996 2380/3656/2396 2381/3657/2397
f 2381/3659/2398 2380/3660/2395 2398/3661/2394
f 2398/3661/2394 2399/3662/2399 2381/3659/2398
f 2381/3659/2398 2399/3662/2399 2393/3663/2400
f 2393/3663/2400 2382/3664/2401 2381/3659/2398
f 2381/3665/2397 2382/3666/2402 2365/3601/2365
f 2365/3601/2365 2364/3600/2364 2381/3665/2397
f 2383/3667/2403 2366/3602/2366 2365/3601/2365
f 2365/3601/2365 2382/3666/2402 2383/3667/2403
f 2383/3668/2404 2382/3664/2401 2393/3663/2400
f 2393/3663/2400 2394/3669/2024 2383/3668/2404
f 2383/3668/2404 2394/3669/2024 2369/3670/2370
f 2369/3670/2370 2368/3671/2369 2383/3668/2404
f 2383/3672/2403 2368/3608/2017 2337/3607/2358
f 2337/3607/2358 2366/3673/2366 2383/3672/2403
f 2405/3674/2405 2387/3631/2378 2386/3630/2047
f 2388/3637/2381 2387/3631/2378 2405/3674/2405
f 2405/3674/2405 2406/3675/2406 2388/3637/2381
f 2388/3637/2381 2406/3675/2406 2407/3676/2407
f 2407/3676/2407 2389/3638/2382 2388/3637/2381
f 2390/3677/2387 2389/3678/2382 2407/3679/2407
f 2407/3679/2407 2408/3680/2408 2390/3677/2387
f 2390/3677/2387 2408/3680/2408 2409/3681/2409
f 2409/3681/2409 2391/3682/2388 2390/3677/2387
f 2392/3683/2393 2391/3682/2388 2409/3681/2409
f 2409/3681/2409 2410/3684/2410 2392/3683/2393
f 2392/3683/2393 2410/3684/2410 2398/3685/2394
f 2413/3686/2411 2393/3663/2400 2399/3662/2399
f 2394/3669/2024 2393/3663/2400 2413/3686/2411
f 2400/3687/2412 2384/3612/2371 2369/3611/2370
f 2400/3687/2412 2369/3611/2370 2395/3688/2413
f 2401/3689/2414 2396/3613/2372 2400/3687/2412
f 2396/3613/2372 2384/3612/2371 2400/3687/2412
f 2402/3690/2415 2385/3620/2011 2396/3613/2372
f 2402/3690/2415 2396/3613/2372 2401/3689/2414
f 2403/3691/2416 2397/3621/2012 2402/3690/2415
f 2397/3621/2012 2385/3620/2011 2402/3690/2415
f 2404/3692/2063 2386/3630/2047 2397/3629/2012
f 2404/3692/2063 2397/3629/2012 2403/3693/2416
f 2405/3674/2405 2386/3630/2047 2404/3692/2063
f 2411/3694/2417 2398/3685/2394 2410/3684/2410
f 2399/3662/2399 2398/3661/2394 2411/3695/2417
f 2411/3695/2417 2412/3696/2418 2399/3662/2399
f 2399/3662/2399 2412/3696/2418 2413/3686/2411
f 2414/3697/2060 2394/3669/2024 2413/3686/2411
f 2395/3698/2413 2369/3670/2370 2414/3697/2060
f 2369/3670/2370 2394/3669/2024 2414/3697/2060
f 2415/3699/2419 2400/3687/2412 2395/3688/2413
f 2395/3688/2413 2416/3700/2420 2415/3699/2419
f 2415/3699/2421 2416/3700/2420 2417/3701/2422
f 2417/3701/2422 2418/3702/2423 2415/3699/2421
f 2415/3699/2421 2418/3702/2423 2419/3703/2424
f 2419/3703/2424 2420/3704/2425 2415/3699/2421
f 2415/3699/2419 2420/3704/2425 2401/3689/2414
f 2401/3689/2414 2400/3687/2412 2415/3699/2419
f 2421/3705/2426 2402/3690/2415 2401/3689/2414
f 2401/3689/2414 2420/3704/2425 2421/3705/2426
f 2421/3705/2427 2420/3704/2425 2419/3703/2424
f 2419/3703/2424 2422/3706/2428 2421/3705/2427
f 2421/3705/2427 2422/3706/2428 2423/3707/2429
f 2423/3707/2429 2424/3708/2430 2421/3705/2427
f 2421/3705/2426 2424/3708/2431 2403/3691/2416
f 2403/3691/2416 2402/3690/2415 2421/3705/2426
f 2425/3709/2432 2404/3692/2063 2403/3693/2416
f 2403/3693/2416 2424/3710/2431 2425/3709/2432
f 2425/3711/2433 2424/3708/2430 2423/3707/2429
f 2423/3707/2429 2426/3712/2434 2425/3711/2433
f 2425/3711/2433 2426/3712/2434 2427/3713/2435
f 2427/3713/2435 2428/3714/2436 2425/3711/2433
f 2425/3709/2432 2428/3715/2436 2405/3674/2405
f 2405/3674/2405 2404/3692/2063 2425/3709/2432
f 2429/3716/2437 2406/3675/2406 2405/3674/2405
f 2405/3674/2405 2428/3715/2436 2429/3716/2437
f 2429/3717/2437 2428/3718/2436 2427/3719/2435
f 2427/3719/2435 2430/3720/2438 2429/3717/2437
f 2429/3717/2437 2430/3720/2438 2431/3721/2439
f 2431/3721/2439 2432/3722/2440 2429/3717/2437
f 2429/3716/2437 2432/3723/2440 2407/3676/2407
f 2407/3676/2407 2406/3675/2406 2429/3716/2437
f 2433/3724/2441 2408/3725/2408 2407/3726/2407
f 2407/3726/2407 2432/3722/2440 2433/3724/2441
f 2433/3724/2442 2432/3722/2440 2431/3721/2439
f 2431/3721/2439 2434/3727/2443 2433/3724/2442
f 2433/3724/2442 2434/3727/2443 2435/3728/2444
f 2435/3728/2444 2436/3729/2445 2433/3724/2442
f 2433/3724/2441 2436/3729/2446 2409/3730/2409
f 2409/3730/2409 2408/3725/2408 2433/3724/2441
f 2437/3731/2447 2410/3732/2410 2409/3730/2409
f 2409/3730/2409 2436/3729/2446 2437/3731/2447
f 2437/3731/2447 2436/3729/2445 2435/3728/2444
f 2435/3728/2444 2438/3733/2448 2437/3731/2447
f 2437/3731/2447 2438/3733/2448 2439/3734/2449
f 2439/3734/2449 2440/3735/2450 2437/3731/2447
f 2437/3731/2447 2440/3735/2450 2411/3736/2417
f 2411/3736/2417 2410/3732/2410 2437/3731/2447
f 2441/3737/2451 2412/3696/2418 2411/3695/2417
f 2411/3695/2417 2440/3738/2450 2441/3737/2451
f 2441/3739/2451 2440/3735/2450 2439/3734/2449
f 2439/3734/2449 2442/3740/2452 2441/3739/2451
f 2441/3739/2451 2442/3740/2452 2443/3741/2453
f 2443/3741/2453 2444/3742/2454 2441/3739/2451
f 2441/3737/2451 2444/3743/2454 2413/3686/2411
f 2413/3686/2411 2412/3696/2418 2441/3737/2451
f 2445/3744/2455 2414/3697/2060 2413/3686/2411
f 2413/3686/2411 2444/3743/2454 2445/3744/2455
f 2445/3745/2455 2444/3746/2454 2443/3747/2453
f 2443/3747/2453 2446/3748/2456 2445/3745/2455
f 2445/3745/2455 2446/3748/2456 2417/3701/2422
f 2417/3701/2422 2416/3700/2420 2445/3745/2455
f 2445/3744/2455 2416/3749/2420 2395/3698/2413
f 2395/3698/2413 2414/3697/2060 2445/3744/2455
f 2430/3720/2438 2418/3750/2423 2446/3751/2456
f 2430/3720/2438 2423/3752/2429 2418/3750/2423
f 2438/3733/2448 2434/3727/2443 2430/3720/2438
f 2442/3740/2452 2438/3733/2448 2430/3720/2438
f 2446/3751/2456 2442/3740/2452 2430/3720/2438
f 2417/3753/2422 2446/3751/2456 2418/3750/2423
f 2423/3752/2429 2422/3754/2428 2419/3755/2424
f 2419/3755/2424 2418/3750/2423 2423/3752/2429
f 2423/3752/2429 2430/3720/2438 2427/3719/2435
f 2427/3719/2435 2426/3756/2434 2423/3752/2429
f 2430/3720/2438 2434/3727/2443 2431/3721/2439
f 2434/3727/2443 2438/3733/2448 2435/3728/2444
f 2438/3733/2448 2442/3740/2452 2439/3734/2449
f 2442/3740/2452 2446/3751/2456 2443/3741/2453
f 2285/3264/2171 2279/3219/2128 2102/3218/2127
f 2285/3264/2171 2102/3218/2127 2134/3273/2179
f 2134/3273/2179 2289/3265/2172 2285/3264/2171
f 2286/3267/2173 2277/3266/2119 2136/3757/2118
f 2136/3757/2118 2144/3758/2190 2286/3267/2173
f 2286/3267/2173 2144/3758/2190 2143/3759/2457
f 2143/3759/2457 2447/3268/2174 2286/3267/2173
f 2287/3269/2175 2447/3268/2174 2143/3759/2457
f 2143/3759/2457 2146/3760/2458 2287/3269/2175
f 2287/3269/2175 2146/3760/2458 2147/3761/2191
f 2147/3761/2191 2448/3270/2176 2287/3269/2175
f 2288/3271/2177 2448/3270/2176 2147/3761/2191
f 2288/3271/2177 2147/3761/2191 2233/3447/2194
f 2233/3447/2194 2129/3272/2178 2288/3271/2177
f 2295/3314/2168 2309/3762/2167 2308/3510/2337
f 2308/3510/2337 2296/3315/2204 2295/3314/2168
f 2202/3316/2205 2165/3325/2214 2297/3317/2206
f 2297/3317/2206 2165/3325/2214 2167/3326/2215
f 2174/3322/2211 2298/3321/2210 2173/3339/2227
f 2239/3229/2136 2297/3462/2206 2167/3763/2215
f 2167/3763/2215 2105/3230/2137 2239/3229/2136
f 2284/3505/2180 2310/3764/2312 2154/3313/2338
f 2154/3313/2338 2294/3312/2202 2284/3505/2180
f 2118/3484/2316 2119/3485/2148 2133/3533/2147
f 2120/3488/2317 2117/3208/2117 2140/3207/2116
f 2120/3486/2317 2140/3765/2116 2141/3766/2459
f 2141/3766/2459 2449/3487/2318 2120/3486/2317
f 2121/3489/2319 2449/3487/2318 2141/3766/2459
f 2121/3489/2319 2141/3766/2459 2142/3767/2460
f 2142/3767/2460 2450/3490/2320 2121/3489/2319
f 2122/3491/2321 2450/3490/2320 2142/3767/2460
f 2122/3491/2321 2142/3767/2460 2237/3459/2187
f 2237/3459/2187 2238/3458/2307 2122/3491/2321
f 2098/3196/2105 2305/3198/2107 2303/3503/2333
f 2303/3503/2333 2139/3497/2327 2098/3196/2105
f 2224/3429/2291 2314/3431/2293 2163/3318/2207
f 2163/3318/2207 2314/3431/2293 2202/3316/2205
f 2231/3443/2301 2451/3320/2209 2318/3319/2208
f 2127/3248/2155 2451/3320/2209 2231/3443/2301
f 2231/3443/2301 2113/3249/2156 2127/3248/2155
f 2115/3200/2109 2306/3203/2112 2138/3278/2183
f 2138/3278/2183 2156/3277/2334 2115/3200/2109
f 2322/3531/2339 2276/3211/2120 2118/3484/2316
f 1120/1526/1130 1164/1525/1129 1301/132/131
f 896/848/574 900/1334/696 478/817/696
f 619/1741/1049 615/956/31 616/955/801
f 455/1252/994 456/1744/1003 548/815/694
f 535/1742/762 699/1444/1056 578/1406/1073
f 1117/1677/1227 1299/764/657 1300/1610/275
f 1295/64/64 1296/66/66 1220/1748/1223
f 1292/1486/1103 1293/1488/1105 1215/1749/1217
f 1253/555/493 1304/1693/819 1160/743/641
f 672/737/92 673/1810/1107 645/619/548
f 162/1059/863 163/38/38 164/1746/1248
f 296/208/201 294/210/203 291/402/368
f 251/530/471 285/1908/903 262/1119/899
f 134/642/562 123/1633/1200 71/1062/866
f 791/679/594 974/673/588 855/1098/886
f 139/1422/939 106/3768/195 20/1753/197
f 145/89/89 144/88/88 246/177/174
f 10/296/278 97/800/684 87/1759/674
f 819/632/444 971/79/79 1007/71/71
f 234/245/206 241/1476/288 199/331/311
f 139/1170/939 135/319/299 44/122/121
f 744/399/365 747/535/476 750/538/479
f 775/570/504 846/263/248 856/1764/648
f 849/405/371 1005/1105/890 730/1765/106
f 144/88/88 147/445/401 153/279/263
f 177/316/296 39/116/115 38/115/114
f 210/1459/792 178/317/297 38/115/114
f 1048/1071/872 1045/1929/880 1015/1257/996
f 580/1768/870 488/3769/702 450/1769/793
f 29/1268/1000 25/393/361 24/481/426
f 738/1450/1086 731/657/573 754/1199/959
f 4/1771/1253 90/3770/549 96/1198/958
f 229/384/356 158/1777/1256 19/1773/1254
f 96/1211/958 90/1478/549 53/139/138
f 128/708/618 13/707/617 7/308/289
f 369/985/327 683/417/381 360/702/612
f 116/1269/475 112/391/359 25/393/361
f 50/129/128 87/785/674 97/1434/684
f 212/1299/1021 141/353/330 140/944/791
f 1298/1576/12 1154/1609/1188 1153/1581/1167
f 11/607/536 130/627/554 131/478/424
f 12/608/537 131/478/424 7/308/289
f 4/1770/1253 9/788/677 128/708/618
f 414/701/611 438/990/825 440/690/603
f 1057/1517/1121 1058/1452/1088 1055/1783/1257
f 229/1253/356 105/636/559 39/116/115
f 579/1317/1031 911/1316/1030 484/1009/40
f 771/1160/929 773/1161/932 788/674/589
f 1066/1138/915 1063/1912/1281 1064/1394/1068
f 709/500/442 998/647/565 742/1790/1259
f 1092/745/643 1093/1460/1091 1094/1414/1078
f 301/665/581 418/731/633 404/1169/938
f 707/1502/1113 748/1792/1260 747/535/476
f 773/1161/932 787/575/509 786/672/587
f 549/185/31 692/1934/43 936/1798/732
f 680/1800/1261 793/683/598 794/692/605
f 793/1301/598 792/189/185 796/591/522
f 1074/1803/1263 1071/1937/1284 1072/1804/1264
f 790/1758/1252 791/679/594 970/588/519
f 237/550/37 190/325/305 198/329/309
f 1052/818/697 1051/1736/1247 1097/515/456
f 345/1510/1117 343/664/580 344/1812/1267
f 1036/1814/878 1010/1483/1102 1013/722/628
f 804/447/402 803/1120/900 353/247/233
f 694/1817/43 557/911/161 559/1190/953
f 841/1816/586 844/667/583 785/1106/891
f 346/165/162 342/1229/979 343/664/580
f 624/583/515 633/1455/1089 655/715/624
f 646/1457/1090 662/1950/1099 661/1606/1186
f 1006/648/566 998/647/565 709/500/442
f 852/1281/1009 779/573/507 768/574/508
f 216/1284/230 222/1271/966 148/1807/1266
f 315/1826/632 313/1254/995 764/559/497
f 324/780/669 416/547/488 409/732/634
f 1061/740/638 1292/1486/1103 1111/1570/1162
f 290/468/418 707/1993/1113 684/1829/1114
f 292/728/630 373/1825/960 820/1830/46
f 816/81/81 972/196/190 858/1819/380
f 634/748/644 636/1955/591 635/1456/859
f 222/1210/966 216/241/230 188/323/303
f 1264/1832/1196 1172/1994/1195 1171/1833/1146
f 344/1812/1267 680/1800/1261 795/1801/1262
f 629/596/526 658/1808/1100 659/1835/856
f 210/945/792 79/969/221 2/968/812
f 382/187/183 686/691/604 829/1500/403
f 682/1287/387 862/465/415 347/467/417
f 1056/1784/1258 1055/1783/1257 1139/1838/1143
f 1051/1736/1247 1052/818/697 1053/820/699
f 688/1839/1044 527/31/31 529/950/796
f 580/1323/870 421/1322/754 420/824/703
f 450/1769/793 447/3771/762 448/888/747
f 540/846/722 476/844/696 679/1509/1116
f 282/1214/967 685/1935/1012 705/1840/1237
f 669/414/378 665/3772/1218 638/370/344
f 398/663/579 843/669/585 680/1800/1261
f 622/1552/1154 267/504/446 623/172/169
f 486/1842/765 537/1743/764 578/1406/1073
f 577/840/717 693/839/716 559/1190/953
f 631/1846/1111 661/3773/1186 662/1474/1099
f 129/1303/1022 151/280/264 247/444/400
f 910/868/735 687/867/734 529/950/796
f 864/1045/852 782/645/563 761/646/564
f 18/772/662 19/1886/1254 20/204/197
f 573/1378/1059 689/1377/1058 544/163/160
f 504/1436/1084 859/895/754 860/836/715
f 704/1432/809 616/955/801 601/1851/1028
f 1012/1056/860 1013/722/628 1010/1483/1102
f 557/911/161 694/1817/43 939/1877/45
f 542/164/161 690/1970/1044 933/1879/1047
f 575/256/241 691/255/240 551/184/181
f 289/1132/910 375/1192/954 299/1880/351
f 1170/1544/1147 1169/1531/1135 1274/1598/1181
f 736/1158/930 278/1133/911 253/1112/895
f 854/1823/992 972/196/190 816/81/81
f 963/1884/1276 562/873/739 564/942/789
f 1132/1294/1018 1265/1529/1133 1264/1885/1196
f 135/319/299 125/318/298 41/123/122
f 723/1220/973 733/1219/972 730/1765/106
f 739/600/530 994/493/437 705/1710/1237
f 126/418/382 83/637/560 41/123/122
f 507/1313/1027 860/836/715 702/1859/868
f 922/1067/869 500/342/40 503/1772/262
f 1157/1685/1230 1158/1613/1190 1088/1615/1191
f 307/1041/848 317/1794/461 416/547/488
f 1201/1600/1182 1203/1599/1180 1193/1724/1244
f 95/442/398 94/630/375 62/1649/1212
f 93/1265/282 94/3774/375 95/1093/398
f 1002/1896/524 1003/712/622 1004/713/623
f 795/1801/1262 686/691/604 382/187/183
f 494/40/40 697/1454/869 574/1319/1032
f 23/482/389 24/481/426 25/393/361
f 752/614/543 742/1790/1259 743/1429/1083
f 137/718/337 138/1822/1270 32/1818/1269
f 1006/648/566 1005/1105/890 1009/1051/857
f 287/435/393 286/434/392 626/1188/951
f 780/572/506 974/673/588 786/672/587
f 153/279/263 147/445/401 247/444/400
f 1030/1899/854 1034/1074/874 1017/1073/873
f 1185/726/629 1294/1707/1236 1070/1901/1278
f 900/1334/696 896/848/574 866/710/620
f 1184/1824/616 1316/1603/1184 1294/1707/1236
f 600/1903/764 597/1953/1053 598/1862/1275
f 298/1407/1074 375/1192/954 289/1132/910
f 527/31/31 688/1839/1044 930/1904/1046
f 136/1410/1075 140/944/791 2/968/812
f 570/1906/22 894/1373/1056 895/981/820
f 1160/743/641 1092/745/643 1091/1413/1077
f 1155/1583/1169 1156/1700/1235 1084/1513/1118
f 903/941/788 898/97/96 477/927/696
f 1100/1634/1201 1284/1653/1216 1069/1902/1279
f 294/210/203 293/749/645 290/468/418
f 1089/937/784 1090/1390/1065 1087/1389/1064
f 341/1915/980 350/1930/927 349/1195/956
f 288/1221/974 287/435/393 378/387/357
f 1161/1528/1132 1303/976/817 1121/1216/969
f 1068/1913/1282 1069/1902/1279 1070/1901/1278
f 1093/1460/1091 1265/1529/1133 1132/1294/1018
f 429/703/613 360/702/612 802/416/380
f 112/1789/359 116/534/475 66/146/145
f 1115/1537/1141 1297/10/10 1298/12/12
f 1066/1138/915 1065/1393/1067 1295/64/64
f 124/1924/1023 129/3775/1022 11/607/536
f 155/760/653 142/470/420 141/353/330
f 522/1326/1034 939/1860/45 896/848/574
f 253/1112/895 249/1111/894 280/1311/1026
f 157/1754/1250 158/1777/1256 159/383/355
f 1085/1515/1120 1086/934/781 1083/1673/1225
f 111/1785/1051 117/368/342 30/367/341
f 1045/1087/880 1048/1668/872 997/756/650
f 332/618/547 399/617/546 338/437/395
f 221/1925/188 217/1663/362 145/89/89
f 630/1836/855 631/1846/1111 632/1473/1098
f 740/1021/834 727/494/438 994/493/437
f 1/169/166 3/1757/194 16/1850/353
f 9/1760/677 4/1771/1253 15/297/279
f 138/1822/1270 168/311/292 33/1920/1280
f 654/758/651 673/1492/1107 672/1926/92
f 347/1927/417 340/1163/842 331/1164/933
f 410/1243/989 390/20/20 334/135/134
f 639/1775/1255 659/1811/856 658/1477/1100
f 172/312/113 168/311/292 138/1822/1270
f 933/1386/1047 905/658/574 475/1928/94
f 907/830/709 481/1490/1106 484/1009/40
f 1025/1923/846 1029/1057/861 1012/1056/860
f 1034/1932/874 1030/1047/854 1003/712/622
f 369/350/327 370/1408/968 298/1407/1074
f 429/703/613 811/415/379 682/424/387
f 754/1199/959 731/657/573 741/656/572
f 645/619/548 646/1457/1090 647/1605/1185
f 692/1934/43 549/185/31 551/184/181
f 703/1064/867 564/942/789 508/1900/1028
f 1036/1081/878 1035/1052/858 1024/1104/889
f 701/99/98 556/1876/729 477/927/696
f 745/1831/477 748/1992/1260 293/749/645
f 371/1207/952 392/973/814 352/972/813
f 137/363/337 119/629/556 64/335/315
f 970/588/519 791/679/594 969/1097/885
f 685/1935/1012 282/1214/967 394/469/419
f 819/502/444 1000/476/73 999/1146/922
f 1023/1845/676 849/405/371 995/483/427
f 536/1936/763 478/817/696 900/1334/696
f 1071/1937/1284 1074/1803/1263 1167/1938/1016
f 315/730/632 766/1797/683 681/566/502
f 126/1940/382 136/1410/1075 81/1184/949
f 894/1373/1056 570/1906/22 571/1941/24
f 265/1176/944 622/1552/1154 705/1840/1237
f 1016/1076/875 1017/1073/873 1018/1069/871
f 800/590/521 796/591/522 792/189/185
f 1140/1647/1211 1139/1838/1143 1188/1948/1176
f 577/1856/717 498/1755/766 497/1756/1251
f 936/1875/732 903/941/788 516/1332/94
f 1146/1727/1245 1060/1828/1271 1059/1952/1285
f 863/1175/943 851/711/621 870/1383/1062
f 1201/1600/1182 1101/1719/1241 1067/1918/1283
f 618/864/720 598/1862/1275 597/1953/1053
f 930/1440/1046 474/1508/94 473/94/94
f 240/1957/433 169/1962/376 164/1746/1248
f 464/1958/261 463/793/681 923/1959/870
f 1103/1718/1240 1314/1638/63 1188/1591/1176
f 867/557/495 587/314/294 433/315/295
f 11/607/536 129/3775/1022 133/1264/280
f 169/1962/376 170/1968/287 165/212/205
f 68/149/148 117/456/342 111/1366/1051
f 32/1818/1269 33/1920/1280 34/716/625
f 1283/1740/317 1274/1844/1181 1129/1672/1224
f 621/473/422 652/759/652 628/746/77
f 267/504/446 407/781/670 283/173/170
f 584/1079/876 583/767/658 605/1895/975
f 234/213/206 165/212/205 170/1968/287
f 1154/1609/1188 1080/680/595 1079/1689/1232
f 690/1970/1044 542/164/161 544/163/160
f 300/1894/1277 392/1507/814 371/1971/952
f 626/1972/951 286/1453/392 634/748/644
f 298/1407/1074 276/1131/909 405/1715/1238
f 607/1965/723 615/956/31 619/1741/1049
f 699/1444/1056 535/1742/762 536/1974/763
f 265/1176/944 726/1943/907 720/1975/409
f 464/1958/261 461/3776/22 462/1841/1272
f 1064/1394/1068 1063/1912/1281 1106/1639/1204
f 640/222/213 637/412/377 638/370/344
f 436/915/770 479/1337/1041 413/685/600
f 423/1854/1274 420/824/703 421/1322/754
f 456/1869/1003 696/1857/1097 697/1454/869
f 633/1455/1089 665/3777/1218 669/1497/378
f 573/1852/1059 489/1853/741 423/1854/1274
f 1029/1946/861 1025/3778/846 1001/1897/845
f 1061/740/638 1062/1396/1070 1059/1952/1285
f 475/1928/94 905/658/574 695/1327/696
f 1081/682/597 1082/1593/1178 1079/1689/1232
f 738/1450/1086 751/612/541 708/348/325
f 585/1236/986 582/1481/1101 583/767/658
f 481/1490/1106 907/830/709 910/1855/735
f 620/1861/1050 591/922/774 433/315/295
f 866/710/620 901/103/102 902/540/481
f 571/1951/24 479/1337/1041 695/1327/696
f 562/873/739 963/1884/1276 942/1979/1052
f 157/1754/1250 20/1753/197 19/1773/1254
f 280/1827/1026 249/1263/894 248/1262/998
f 500/342/40 922/1067/869 576/833/712
f 1085/1515/1120 1276/373/346 1126/1717/1239
f 717/454/408 259/1141/917 261/1914/945
f 1126/1717/1239 1276/373/346 1275/1776/1199
f 1312/1722/1215 1310/508/450 1284/1653/1216
f 1074/1986/1263 1073/2002/1265 1165/1557/1156
f 1135/1645/1209 1097/515/456 1310/1618/450
f 33/1910/1280 168/643/292 134/642/562
f 1166/1629/1198 1165/1557/1156 1263/1556/1155
f 925/896/755 859/895/754 504/1436/1084
f 582/1481/1101 585/1236/986 982/1947/735
f 353/247/233 803/1120/900 820/46/46
f 124/1479/1023 101/1060/864 71/1062/866
f 259/1141/917 717/454/408 716/1232/982
f 600/1903/764 599/1020/833 983/1863/877
f 575/1944/241 492/1888/828 491/1747/1249
f 1286/1534/1138 1287/3779/17 1204/1991/1221
f 1291/1680/1109 1209/1987/1220 1109/1572/1164
f 1301/132/131 1302/134/133 1244/1608/1187
f 1303/976/817 1304/978/819 1253/1698/493
f 1082/1593/1178 1081/682/597 1270/1641/1206
f 290/468/418 293/749/645 748/1992/1260
f 1073/1805/1265 1072/1804/1264 1171/1833/1146
f 1275/1995/1199 1168/1939/1136 1167/1938/1016
f 1146/1727/1245 1145/1538/1142 1193/1728/1244
f 62/1649/1212 63/362/336 64/335/315
f 342/1229/979 346/165/162 350/1155/927
f 221/1887/188 197/330/310 189/324/304
f 305/812/692 863/1175/943 865/928/778
f 925/1963/755 506/3780/759 572/1907/802
f 1103/1718/1240 1098/1590/1175 1068/1913/1282
f 1244/1702/1187 1302/1240/133 1158/1613/1190
f 1300/293/275 1156/1700/1235 1155/1583/1169
f 1281/1542/1145 1129/1672/1224 1090/1390/1065
f 942/1889/1052 906/105/104 480/104/103
f 618/843/720 611/1964/1054 590/1273/1001
f 1272/1999/1193 1263/1989/1155 1123/1650/1213
f 1184/706/616 1150/705/615 1106/1639/1204
f 589/809/689 592/1/1 587/314/294
f 405/1715/1238 276/1131/909 278/1133/911
f 679/1509/1116 476/844/696 473/94/94
f 1169/1531/1135 1170/1544/1147 1072/3781/1264
f 1054/1735/1246 1053/820/699 1286/1534/1138
f 1290/1659/1219 1109/1572/1164 1058/1452/1088
f 1162/1520/1124 1297/10/10 1115/1537/1141
f 1163/1523/1127 1299/764/657 1117/1677/1227
f 448/888/747 447/3771/762 540/2004/722
f 81/1184/949 2/968/812 1/169/166
f 462/1841/1272 461/3776/22 556/2005/729
