# Blender 4.0.0
# www.blender.org
o Refrigerator033_Drawer003
v -0.034671 -0.122565 0.114310
v -0.051298 0.161012 -0.039162
v -0.044550 0.160876 -0.038189
v -0.044030 0.159103 -0.039162
v -0.039358 0.160602 -0.035759
v -0.051298 0.162375 -0.036245
v -0.045587 0.162238 -0.035759
v -0.040915 0.161829 -0.034300
v -0.051298 -0.167248 -0.040135
v -0.044549 -0.173122 -0.038190
v -0.051298 -0.173574 -0.039162
v -0.045587 -0.177641 -0.035759
v -0.051298 -0.178093 -0.036245
v -0.039358 -0.172219 -0.035759
v -0.040915 -0.176286 -0.034300
v -0.051298 -0.180805 -0.031383
v -0.044549 -0.179901 -0.030897
v -0.044031 -0.180804 -0.024580
v -0.039358 -0.177641 -0.029925
v -0.036763 0.160876 -0.030897
v -0.035724 0.161012 -0.024577
v -0.039358 0.162238 -0.029925
v -0.034685 -0.167308 -0.024535
v -0.036763 -0.173122 -0.030897
v -0.035724 -0.167248 -0.031383
v -0.051298 0.163465 -0.024577
v -0.044550 0.162920 -0.030897
v -0.051298 0.163192 -0.031383
v -0.303897 0.159103 -0.040135
v -0.303897 0.161011 -0.039162
v -0.303897 0.162375 -0.036245
v -0.038838 -0.167247 -0.036245
v -0.051383 -0.181717 0.052388
v -0.039092 -0.178314 0.050879
v -0.035725 -0.173576 -0.024575
v -0.038840 -0.178094 -0.024578
v -0.038839 0.159103 -0.036245
v -0.034798 -0.166468 0.051826
v -0.035724 -0.157544 0.068601
v -0.035915 -0.171948 0.054227
v -0.038838 -0.160934 0.071836
v -0.039092 -0.176249 0.056140
v -0.051298 -0.163646 0.074424
v -0.051298 -0.179628 0.057698
v -0.044245 -0.178786 0.057324
v -0.044030 -0.162969 0.073777
v -0.051298 -0.150239 0.093326
v -0.044030 -0.149469 0.092809
v -0.038838 -0.147157 0.091261
v -0.051219 -0.137599 0.114240
v -0.044000 -0.136670 0.114247
v -0.038797 -0.133834 0.114339
v -0.051298 -0.141487 0.103342
v -0.044030 -0.140631 0.103011
v -0.038838 -0.138062 0.102016
v -0.038838 0.162375 0.114298
v -0.035724 -0.133782 0.100358
v -0.034685 -0.127781 0.098349
v -0.035724 -0.143304 0.088679
v -0.040298 -0.020676 0.054184
v -0.303496 -0.136921 0.101574
v -0.051696 -0.146129 0.090573
v -0.046346 0.160403 -0.033400
v -0.051738 0.160522 -0.034172
v -0.051704 0.158997 -0.034949
v -0.043306 0.160191 -0.032061
v -0.047149 0.161208 -0.032083
v -0.051660 0.161315 -0.032467
v -0.044241 0.160956 -0.031186
v -0.046346 -0.171559 -0.033400
v -0.045896 -0.166864 -0.034172
v -0.047158 -0.174204 -0.032061
v -0.043283 -0.170860 -0.032083
v -0.042873 -0.166933 -0.032467
v -0.044240 -0.173392 -0.031186
v -0.046346 -0.175449 -0.029214
v -0.051738 -0.176167 -0.029636
v -0.043306 -0.174204 -0.028454
v -0.041877 0.160403 -0.029214
v -0.041053 0.158988 -0.029636
v -0.043306 0.161202 -0.028454
v -0.041877 -0.171559 -0.029214
v -0.041052 -0.171950 -0.024165
v -0.046346 0.161576 -0.029214
v -0.045896 0.161794 -0.024164
v -0.045896 0.158988 -0.034172
v -0.042873 0.159009 -0.032467
v -0.045897 -0.176167 -0.024165
v -0.042875 -0.174583 -0.024242
v -0.041052 0.160522 -0.024163
v -0.042873 0.161315 -0.024238
v -0.041241 -0.172420 0.048162
v -0.040223 -0.166898 -0.024197
v -0.043120 -0.174792 0.049279
v -0.045977 0.161825 0.114999
v -0.042881 0.161316 0.114291
v -0.041056 -0.156349 0.067460
v -0.040223 -0.152544 0.063855
v -0.041266 -0.170409 0.053496
v -0.042907 -0.158334 0.069355
v -0.043120 -0.172726 0.054541
v -0.046323 -0.174176 0.055228
v -0.051912 -0.174819 0.055511
v -0.045948 -0.159494 0.070462
v -0.045960 -0.145522 0.090164
v -0.042950 -0.144194 0.089276
v -0.045972 -0.136248 0.101313
v -0.051698 -0.136921 0.101574
v -0.042973 -0.134783 0.100746
v -0.042854 -0.130438 0.114236
v -0.040209 -0.122282 0.114302
v -0.041039 -0.127687 0.114289
v -0.040223 0.159000 0.114296
v -0.041062 -0.132307 0.099786
v -0.041059 -0.141959 0.087778
v -0.035794 0.159083 0.115336
v -0.051378 -0.136426 0.115336
v -0.044416 -0.135537 0.115336
v -0.045582 -0.132880 0.115336
v -0.051614 -0.133659 0.115336
v -0.039655 -0.132983 0.115336
v -0.042055 -0.130947 0.115336
v -0.044408 0.162913 0.115336
v -0.051376 0.163174 0.115336
v -0.039646 0.162163 0.115336
v -0.042068 0.161527 0.115336
v -0.036791 -0.128716 0.115336
v -0.040003 -0.127888 0.115336
v -0.036789 0.160913 0.115336
v -0.039983 0.160615 0.115336
v -0.039115 0.159020 0.115336
v -0.051306 0.163442 0.115003
v -0.034958 -0.122532 0.115079
v -0.044111 -0.136281 0.115084
v -0.051310 -0.137204 0.115084
v -0.039028 -0.133546 0.115086
v -0.044027 0.163166 0.114999
v -0.039041 0.162321 0.115077
v -0.035686 -0.129134 0.114346
v -0.035980 -0.128986 0.115084
v -0.035991 0.160987 0.115077
v -0.045975 -0.132162 0.114196
v -0.051675 -0.132903 0.114157
v -0.045872 -0.132238 0.115083
v -0.042661 -0.130473 0.115084
v -0.051832 0.162048 0.115011
v -0.042673 0.161368 0.115077
v -0.040794 -0.127678 0.115083
v -0.039934 -0.122235 0.115082
v -0.041048 0.160512 0.114291
v -0.040781 0.160540 0.115077
v -0.034963 0.159098 0.115077
v -0.034718 -0.167332 0.048313
v -0.303997 0.163438 0.115000
v -0.044138 -0.180317 0.054888
v -0.051339 -0.181191 0.055286
v -0.038966 -0.177687 0.053694
v -0.035940 -0.174103 0.048954
v -0.035825 -0.173299 0.051708
v -0.303439 -0.176889 0.050209
v -0.051793 -0.176371 0.053096
v -0.040238 0.088918 0.053403
v -0.046328 -0.176261 0.049913
v -0.051754 -0.176889 0.050209
v -0.046221 -0.175706 0.052794
v -0.042997 -0.174170 0.052096
v -0.041153 -0.171686 0.050960
v -0.040260 -0.166819 0.048686
v -0.303897 0.163465 -0.024576
v -0.051298 -0.181709 -0.024576
v -0.038956 -0.178195 0.025883
v -0.038839 0.162375 -0.024577
v -0.040223 -0.063778 -0.024199
v -0.040222 0.158995 -0.024189
v -0.040230 0.159012 0.057712
v -0.040218 0.046744 0.114296
v -0.041052 -0.166864 -0.029636
v -0.035794 0.038176 0.115336
v -0.040216 0.020735 0.114312
v -0.286998 0.020529 -0.036957
v -0.287443 -0.003719 -0.036863
v -0.068196 -0.003625 -0.036958
v -0.039947 0.159006 0.115077
v -0.051704 -0.176888 -0.024196
v -0.051704 0.162012 -0.024195
v -0.051694 -0.160030 0.070973
v -0.051738 -0.171951 -0.034172
v -0.051660 -0.174582 -0.032467
v -0.051739 0.161794 -0.029636
v -0.046584 0.162201 0.115336
v -0.065092 0.163174 0.115336
v -0.051675 -0.132990 0.115083
v -0.067215 0.053972 -0.034955
v -0.066867 0.108210 -0.034949
v -0.067169 0.076458 -0.034959
v -0.067206 -0.004484 -0.034952
v -0.067141 0.021338 -0.034957
v -0.067164 0.137478 -0.034951
v -0.067135 0.145265 -0.034958
v -0.067202 0.094425 -0.034955
v -0.067215 -0.062925 -0.034955
v -0.066867 -0.037919 -0.034949
v -0.067532 0.054824 -0.035527
v -0.067532 0.075979 -0.035527
v -0.067532 0.075979 -0.036379
v -0.067532 0.054824 -0.036379
v -0.286998 0.021107 -0.035527
v -0.287424 0.021011 -0.036495
v -0.068196 0.021107 -0.036379
v -0.067532 -0.003625 -0.035527
v -0.067532 0.020529 -0.035527
v -0.067532 0.020529 -0.036379
v -0.067532 -0.003625 -0.036379
v -0.067795 0.145147 -0.036743
v -0.067532 0.145011 -0.036379
v -0.067532 0.137726 -0.036379
v -0.287460 0.108471 -0.036440
v -0.067532 0.094891 -0.035527
v -0.067532 0.108210 -0.035527
v -0.067532 0.108210 -0.036379
v -0.067532 0.094891 -0.036379
v -0.067532 -0.062073 -0.035527
v -0.067532 -0.037919 -0.035527
v -0.067532 -0.037919 -0.036379
v -0.067532 -0.062073 -0.036379
v -0.067428 0.108756 -0.034953
v -0.067441 -0.036926 -0.034953
v -0.067829 0.054421 -0.036765
v -0.067752 0.054730 -0.036863
v -0.068196 0.075979 -0.036958
v -0.067774 0.076173 -0.036796
v -0.067752 0.020841 -0.036784
v -0.068143 0.020919 -0.036861
v -0.068196 -0.004059 -0.036813
v -0.067732 -0.003935 -0.036767
v -0.067795 0.137591 -0.036743
v -0.067737 0.137718 -0.036860
v -0.067768 0.145009 -0.036884
v -0.068128 0.094615 -0.036771
v -0.067740 0.094870 -0.036860
v -0.068196 0.108210 -0.036958
v -0.067769 0.108393 -0.036799
v -0.067767 -0.037908 -0.036881
v -0.067828 -0.037534 -0.036782
v -0.067828 -0.062476 -0.036765
v -0.067751 -0.062167 -0.036863
v -0.067496 0.054440 -0.035106
v -0.067496 -0.004009 -0.035106
v -0.067729 0.137560 -0.035131
v -0.067424 0.137727 -0.035128
v -0.067462 0.094721 -0.035105
v -0.067496 -0.062458 -0.035106
v -0.068196 0.054152 -0.035129
v -0.067726 0.054415 -0.035527
v -0.068196 0.054246 -0.036379
v -0.067698 0.054390 -0.036379
v -0.067366 0.075979 -0.035093
v -0.067677 0.076232 -0.035158
v -0.067735 0.076240 -0.036439
v -0.068153 0.076341 -0.035125
v -0.067726 0.020938 -0.035527
v -0.067609 0.021041 -0.035093
v -0.068197 0.021201 -0.035129
v -0.067698 0.020963 -0.036379
v -0.068196 -0.004297 -0.035129
v -0.067726 -0.004034 -0.035527
v -0.068196 -0.004203 -0.036379
v -0.067698 -0.004059 -0.036379
v -0.067366 0.020529 -0.035093
v -0.067568 0.145072 -0.035536
v -0.067705 0.145190 -0.035102
v -0.067366 0.145011 -0.035093
v -0.067677 0.108463 -0.035158
v -0.068202 0.108583 -0.035119
v -0.067752 0.108483 -0.036444
v -0.068197 0.094517 -0.035116
v -0.067726 0.094665 -0.035527
v -0.067749 0.094672 -0.036700
v -0.067366 0.108210 -0.035093
v -0.068196 -0.062746 -0.035129
v -0.067726 -0.062482 -0.035527
v -0.068196 -0.062652 -0.036379
v -0.067698 -0.062506 -0.036379
v -0.067366 -0.037919 -0.035093
v -0.067609 -0.037408 -0.035093
v -0.067726 -0.037510 -0.035527
v -0.067770 -0.037438 -0.036496
v -0.068196 -0.037342 -0.035527
v -0.068196 -0.037196 -0.035093
v -0.286998 0.137726 -0.036957
v -0.286998 0.094891 -0.036957
v -0.287443 0.076252 -0.036444
v -0.287432 0.076160 -0.036792
v -0.287420 0.020885 -0.036787
v -0.287476 0.021130 -0.035098
v -0.067767 -0.083092 -0.036881
v -0.286998 -0.155133 -0.036957
v -0.040227 -0.031587 0.067781
v -0.040335 -0.166098 0.051673
v -0.040222 -0.127459 0.098287
v -0.051704 -0.166895 -0.034949
v -0.039116 -0.122323 0.115336
v -0.040252 -0.062948 0.050406
v -0.067141 -0.082293 -0.034957
v -0.067215 -0.155983 -0.034955
v -0.287929 -0.156045 -0.034958
v -0.067532 -0.155133 -0.035527
v -0.067532 -0.083103 -0.035527
v -0.067532 -0.083103 -0.036379
v -0.067532 -0.155133 -0.036379
v -0.286998 -0.082524 -0.035527
v -0.287437 -0.082625 -0.036450
v -0.068196 -0.082524 -0.036379
v -0.067828 -0.155534 -0.036765
v -0.067751 -0.155227 -0.036863
v -0.067829 -0.082717 -0.036782
v -0.067496 -0.155517 -0.035106
v -0.067609 -0.082592 -0.035093
v -0.067366 -0.083103 -0.035093
v -0.068196 -0.082430 -0.035129
v -0.067726 -0.155541 -0.035527
v -0.067726 -0.082693 -0.035527
v -0.067698 -0.082668 -0.036379
v -0.067698 -0.155565 -0.036379
v -0.068197 -0.155804 -0.035128
v -0.068196 -0.155710 -0.036379
v -0.286998 -0.155710 -0.035527
v -0.287476 -0.155732 -0.035098
v -0.034698 -0.134925 0.002513
v -0.034686 0.159104 -0.024578
v -0.035723 0.161011 0.114297
v -0.035820 -0.173815 0.023328
v -0.044030 0.163192 -0.024577
v -0.044178 -0.180854 0.051990
v -0.303897 -0.167248 -0.040135
v -0.034687 -0.152753 0.064137
v -0.051298 0.159103 -0.040135
v -0.044030 -0.167248 -0.039162
v -0.035794 -0.122475 0.115336
v -0.038292 -0.133671 0.002518
v -0.038281 0.152955 0.004420
v -0.038299 -0.133761 0.028202
v -0.034687 0.159106 0.055704
v -0.034684 0.159101 0.114295
v -0.035724 0.159103 -0.031383
v -0.035406 0.152955 0.003793
v -0.037571 -0.133669 0.001891
v -0.035425 -0.133762 0.028829
v -0.037562 0.152954 0.031993
v -0.035417 -0.134299 0.002515
v -0.037579 -0.134388 0.028196
v -0.034693 0.153243 0.032308
v -0.034709 -0.134783 0.028961
v -0.034705 -0.133767 0.029456
v -0.034694 0.153204 0.003376
v -0.034703 -0.134428 0.001498
v -0.038064 -0.134192 0.002465
v -0.038053 -0.134009 0.002078
v -0.038058 0.152964 0.003899
v -0.038022 0.153096 0.031749
v -0.038164 0.152962 0.031789
v -0.038072 -0.133814 0.028722
v -0.038061 -0.134201 0.028537
v -0.034867 0.152955 0.003637
v -0.034906 0.153135 0.003960
v -0.035417 -0.134113 0.002073
v -0.034877 -0.134222 0.001962
v -0.034916 -0.133668 0.001787
v -0.037992 0.153102 0.004029
v -0.037571 -0.134140 0.002046
v -0.034904 0.153136 0.031814
v -0.034901 0.152952 0.032098
v -0.034885 -0.133764 0.028985
v -0.034885 -0.134317 0.028752
v -0.035425 -0.134205 0.028642
v -0.037579 -0.134231 0.028668
v -0.034923 -0.134491 0.028196
v -0.034877 -0.134455 0.002515
v -0.303897 -0.141487 0.103343
v -0.303897 -0.150239 0.093326
v -0.287754 0.021522 -0.034953
v -0.303284 -0.174819 0.055512
v -0.303456 0.160522 -0.034172
v -0.303456 -0.176167 -0.029636
v -0.303070 0.162057 0.115024
v -0.303856 -0.181191 0.055286
v -0.303809 -0.181717 0.052397
v -0.303896 -0.181709 -0.024576
v -0.286998 0.054246 -0.035527
v -0.286998 -0.004203 -0.035527
v -0.288053 -0.037111 -0.034957
v -0.287413 0.145143 -0.036730
v -0.286998 0.076352 -0.035116
v -0.287464 0.145179 -0.035131
v -0.287046 0.108572 -0.035122
v -0.303897 -0.179628 0.057698
v -0.303897 -0.163646 0.074424
v -0.320523 -0.122566 0.114310
v -0.310645 0.160876 -0.038189
v -0.316356 0.159103 -0.036245
v -0.315836 0.160602 -0.035758
v -0.309608 0.162238 -0.035758
v -0.314279 0.161829 -0.034300
v -0.303897 -0.173574 -0.039162
v -0.310645 -0.173122 -0.038190
v -0.311165 -0.167248 -0.039162
v -0.303897 -0.178093 -0.036245
v -0.309608 -0.177641 -0.035758
v -0.315836 -0.172219 -0.035758
v -0.316356 -0.167248 -0.036245
v -0.314279 -0.176287 -0.034300
v -0.310645 -0.179902 -0.030897
v -0.303897 -0.180805 -0.031383
v -0.316355 -0.178094 -0.024578
v -0.315836 -0.177641 -0.029925
v -0.318432 0.160876 -0.030897
v -0.319471 0.159103 -0.031383
v -0.316356 0.162375 -0.024577
v -0.315836 0.162238 -0.029925
v -0.318432 -0.173122 -0.030897
v -0.319470 -0.173576 -0.024574
v -0.303897 0.163192 -0.031383
v -0.310645 0.162920 -0.030897
v -0.311165 0.163192 -0.024576
v -0.311017 -0.180854 0.051990
v -0.316103 -0.178314 0.050879
v -0.316356 0.162375 0.114298
v -0.319280 -0.171949 0.054227
v -0.319470 -0.157544 0.068601
v -0.320508 -0.152759 0.064132
v -0.316103 -0.176249 0.056140
v -0.316356 -0.160935 0.071836
v -0.311165 -0.162969 0.073777
v -0.310949 -0.178786 0.057324
v -0.311165 -0.149469 0.092809
v -0.316356 -0.147157 0.091261
v -0.311195 -0.136670 0.114247
v -0.303818 -0.137603 0.114292
v -0.316398 -0.133834 0.114339
v -0.311165 -0.140631 0.103011
v -0.316356 -0.138063 0.102016
v -0.319470 -0.133782 0.100358
v -0.319508 -0.129134 0.114345
v -0.319470 0.161012 0.114299
v -0.319470 -0.143304 0.088679
v -0.303490 0.162011 -0.024195
v -0.314952 0.094014 0.054358
v -0.308849 0.160403 -0.033399
v -0.309299 0.158988 -0.034172
v -0.311888 0.160190 -0.032061
v -0.312322 0.159009 -0.032467
v -0.308046 0.161208 -0.032083
v -0.310954 0.160956 -0.031186
v -0.308848 -0.171559 -0.033399
v -0.303456 -0.171951 -0.034172
v -0.308037 -0.174204 -0.032061
v -0.303535 -0.174582 -0.032467
v -0.311911 -0.170860 -0.032083
v -0.310954 -0.173392 -0.031186
v -0.308848 -0.175449 -0.029214
v -0.309298 -0.176167 -0.024165
v -0.311888 -0.174204 -0.028454
v -0.312320 -0.174583 -0.024242
v -0.313317 0.160403 -0.029214
v -0.314142 0.160522 -0.024164
v -0.311888 0.161202 -0.028454
v -0.312322 0.161315 -0.024238
v -0.313317 -0.171559 -0.029214
v -0.314142 -0.166864 -0.029636
v -0.314971 -0.166898 -0.024197
v -0.308849 0.161576 -0.029214
v -0.303456 0.161794 -0.029636
v -0.309299 -0.166864 -0.034172
v -0.312322 -0.166933 -0.032467
v -0.303490 -0.166895 -0.034949
v -0.313953 -0.172421 0.048162
v -0.314142 -0.171950 -0.024165
v -0.314934 -0.166819 0.048685
v -0.312074 -0.174792 0.049279
v -0.314142 0.158988 -0.029636
v -0.309299 0.161794 -0.024164
v -0.303535 0.161315 -0.032467
v -0.314967 0.159009 0.061220
v -0.314138 -0.156349 0.067460
v -0.313928 -0.170409 0.053497
v -0.314859 -0.166098 0.051673
v -0.312288 -0.158334 0.069355
v -0.312075 -0.172727 0.054541
v -0.308871 -0.174176 0.055228
v -0.309247 -0.159494 0.070462
v -0.303500 -0.160029 0.070973
v -0.309235 -0.145522 0.090164
v -0.303498 -0.146129 0.090573
v -0.312245 -0.144194 0.089276
v -0.309222 -0.136248 0.101313
v -0.309220 -0.132162 0.114197
v -0.303434 -0.132914 0.114162
v -0.312221 -0.134783 0.100746
v -0.312316 0.161316 0.114293
v -0.314156 -0.127687 0.114289
v -0.312341 -0.130438 0.114236
v -0.314132 -0.132307 0.099786
v -0.314135 -0.141959 0.087779
v -0.314972 -0.127457 0.098289
v -0.303818 0.163174 0.115336
v -0.319401 -0.038407 0.115336
v -0.303816 -0.136427 0.115336
v -0.303581 -0.133660 0.115336
v -0.309614 -0.132880 0.115336
v -0.310778 -0.135537 0.115336
v -0.313139 -0.130947 0.115336
v -0.315539 -0.132983 0.115336
v -0.310786 0.162913 0.115336
v -0.308929 0.162162 0.115336
v -0.315548 0.162163 0.115336
v -0.313128 0.161527 0.115336
v -0.318403 -0.128717 0.115336
v -0.315191 -0.127887 0.115336
v -0.316079 -0.122320 0.115336
v -0.315211 0.160614 0.115336
v -0.318406 0.160913 0.115336
v -0.320236 -0.122532 0.115080
v -0.303885 -0.137204 0.115084
v -0.311083 -0.136281 0.115085
v -0.316166 -0.133546 0.115086
v -0.316155 0.162321 0.115077
v -0.319214 -0.128986 0.115085
v -0.320232 0.159098 0.115077
v -0.319204 0.160986 0.115077
v -0.315260 -0.122238 0.115082
v -0.309323 -0.132238 0.115083
v -0.303520 -0.132990 0.115083
v -0.312533 -0.130474 0.115084
v -0.309236 0.161817 0.114988
v -0.312521 0.161368 0.115077
v -0.314400 -0.127678 0.115083
v -0.314413 0.160540 0.115077
v -0.315248 0.159006 0.115077
v -0.311057 -0.180317 0.054888
v -0.316229 -0.177687 0.053694
v -0.319255 -0.174103 0.048954
v -0.319369 -0.173300 0.051708
v -0.308866 -0.176261 0.049914
v -0.308974 -0.175706 0.052794
v -0.303402 -0.176371 0.053096
v -0.312197 -0.174170 0.052096
v -0.314147 0.160513 0.114292
v -0.314042 -0.171686 0.050960
v -0.311164 -0.180805 -0.024580
v -0.319374 -0.173814 0.023201
v -0.314973 0.158996 -0.024188
v -0.314971 -0.063766 -0.024199
v -0.314943 -0.062967 0.050405
v -0.314966 -0.152206 0.064309
v -0.314973 0.158999 0.114300
v -0.316080 0.159020 0.115336
v -0.286998 -0.062073 -0.036957
v -0.303491 -0.176889 -0.024196
v -0.288099 0.145243 -0.034955
v -0.288328 0.020529 -0.034949
v -0.303490 0.158997 -0.034949
v -0.287992 0.137456 -0.034952
v -0.287943 -0.004552 -0.034953
v -0.287663 0.054824 -0.035527
v -0.287663 0.054824 -0.036379
v -0.287663 0.075979 -0.036379
v -0.287663 0.075979 -0.035527
v -0.287663 -0.003625 -0.035527
v -0.287663 -0.003625 -0.036379
v -0.287663 0.020529 -0.036379
v -0.287663 0.020529 -0.035527
v -0.287663 0.137726 -0.036379
v -0.287663 0.145012 -0.036379
v -0.287663 0.145012 -0.035527
v -0.287663 0.094891 -0.035527
v -0.287663 0.094891 -0.036379
v -0.287663 0.108210 -0.036379
v -0.287663 0.108210 -0.035527
v -0.287663 -0.062073 -0.035527
v -0.287663 -0.062073 -0.036379
v -0.287663 -0.037919 -0.036379
v -0.287663 -0.037919 -0.035527
v -0.286998 -0.037247 -0.035129
v -0.286998 -0.037342 -0.036379
v -0.288080 0.108655 -0.034952
v -0.288069 0.076420 -0.034956
v -0.287929 0.053911 -0.034958
v -0.287945 0.094390 -0.034957
v -0.287928 -0.062987 -0.034958
v -0.286998 0.054824 -0.036957
v -0.287497 0.054824 -0.036813
v -0.287366 0.054438 -0.036782
v -0.286998 0.075979 -0.036957
v -0.287375 -0.004013 -0.036767
v -0.287467 0.137613 -0.036764
v -0.287432 0.145038 -0.036865
v -0.287453 0.094710 -0.036780
v -0.286998 0.108210 -0.036957
v -0.287427 0.108403 -0.036789
v -0.287366 -0.037517 -0.036765
v -0.287425 -0.037811 -0.036864
v -0.287497 -0.062073 -0.036813
v -0.287366 -0.062459 -0.036782
v -0.286998 0.054101 -0.035093
v -0.287699 0.054440 -0.035106
v -0.286998 -0.004348 -0.035093
v -0.287699 -0.004009 -0.035106
v -0.287490 0.137548 -0.035103
v -0.287829 0.137726 -0.035093
v -0.287042 0.094529 -0.035125
v -0.287733 0.094721 -0.035105
v -0.286998 -0.062797 -0.035093
v -0.287699 -0.062458 -0.035106
v -0.287468 0.054415 -0.035527
v -0.287424 0.054342 -0.036495
v -0.287517 0.076232 -0.035158
v -0.287829 0.075979 -0.035093
v -0.287468 0.020938 -0.035527
v -0.287468 -0.004034 -0.035527
v -0.287424 -0.004107 -0.036495
v -0.287829 0.020529 -0.035093
v -0.287610 0.137664 -0.035603
v -0.287829 0.145012 -0.035093
v -0.287517 0.108463 -0.035158
v -0.287468 0.094665 -0.035527
v -0.287450 0.094627 -0.036478
v -0.287829 0.108210 -0.035093
v -0.286998 -0.062652 -0.035527
v -0.287468 -0.062482 -0.035527
v -0.287424 -0.062555 -0.036497
v -0.287468 -0.037510 -0.035527
v -0.287586 -0.037408 -0.035093
v -0.287829 -0.037919 -0.035093
v -0.287497 -0.037486 -0.036379
v -0.314897 -0.020658 0.054185
v -0.303490 -0.063139 -0.034949
v -0.319401 -0.122475 0.115336
v -0.314988 -0.122259 0.114295
v -0.287866 -0.083098 -0.035043
v -0.287754 -0.082108 -0.034953
v -0.287663 -0.155133 -0.035527
v -0.287663 -0.155133 -0.036379
v -0.287663 -0.083103 -0.036379
v -0.287663 -0.083103 -0.035527
v -0.287497 -0.155133 -0.036813
v -0.287366 -0.155517 -0.036782
v -0.287366 -0.082700 -0.036765
v -0.287425 -0.082995 -0.036864
v -0.287829 -0.155133 -0.035093
v -0.287474 -0.082502 -0.035099
v -0.287468 -0.155541 -0.035527
v -0.287468 -0.082693 -0.035527
v -0.287424 -0.155613 -0.036497
v -0.316238 -0.178195 0.025705
v -0.319471 0.161011 -0.024577
v -0.311168 0.163166 0.114999
v -0.320510 -0.167308 -0.024537
v -0.320477 -0.167332 0.048313
v -0.320397 -0.166468 0.051826
v -0.320510 0.159101 0.114296
v -0.320509 -0.127781 0.098348
v -0.311165 0.159103 -0.039162
v -0.319470 -0.167248 -0.031383
v -0.320508 0.159106 0.055709
v -0.316903 -0.133672 0.002518
v -0.316896 -0.133761 0.028203
v -0.317030 0.152962 0.031789
v -0.316914 0.152954 0.004420
v -0.320509 0.159103 -0.024577
v -0.319401 0.159082 0.115336
v -0.320501 0.153203 0.003376
v -0.320279 -0.133668 0.001788
v -0.317623 -0.133669 0.001891
v -0.317137 0.152963 0.003899
v -0.319789 0.152954 0.003793
v -0.317172 0.153096 0.031749
v -0.320291 0.153136 0.031815
v -0.320294 0.152952 0.032098
v -0.317633 0.152954 0.031993
v -0.317123 -0.133814 0.028722
v -0.319770 -0.133762 0.028829
v -0.320272 -0.134491 0.028196
v -0.317615 -0.134388 0.028197
v -0.317130 -0.134192 0.002465
v -0.319778 -0.134299 0.002515
v -0.320497 -0.134925 0.002513
v -0.320501 0.153243 0.032308
v -0.320489 -0.133768 0.029456
v -0.320486 -0.134783 0.028961
v -0.320491 -0.134428 0.001498
v -0.317141 -0.134009 0.002078
v -0.317203 0.153101 0.004029
v -0.317134 -0.134201 0.028537
v -0.320328 0.152955 0.003637
v -0.320317 -0.134223 0.001962
v -0.319778 -0.134114 0.002073
v -0.320289 0.153135 0.003960
v -0.317623 -0.134140 0.002046
v -0.319770 -0.134205 0.028642
v -0.320309 -0.134317 0.028752
v -0.320309 -0.133764 0.028985
v -0.317615 -0.134231 0.028668
v -0.320317 -0.134455 0.002515
v -0.043327 0.181218 0.137779
v -0.052400 0.181835 0.137779
v -0.035731 0.179048 0.137779
v -0.029906 -0.146660 0.117265
v -0.031271 -0.154237 0.117239
v -0.035901 -0.160374 0.117254
v -0.029837 -0.141487 0.137794
v -0.029878 0.171112 0.137779
v -0.052328 -0.161738 0.137781
v -0.043152 -0.160543 0.137790
v -0.035598 -0.156466 0.137806
v -0.031174 0.175432 0.117286
v -0.029879 0.171114 0.117286
v -0.035731 0.179048 0.117286
v -0.050466 0.174791 0.117635
v -0.050466 0.174791 0.137432
v -0.058038 0.175371 0.116912
v -0.045202 0.173308 0.117635
v -0.045202 0.173308 0.137431
v -0.041963 -0.141445 0.137465
v -0.040959 -0.134805 0.137447
v -0.041008 -0.139679 0.117619
v -0.042088 -0.145590 0.117597
v -0.045107 -0.146166 0.137460
v -0.045261 -0.149830 0.117598
v -0.040990 0.167377 0.117635
v -0.040990 0.167377 0.137432
v -0.050525 -0.152375 0.117606
v -0.057863 -0.153217 0.117610
v -0.057807 -0.149933 0.137456
v -0.050389 -0.148990 0.137457
v -0.042044 0.170837 0.137431
v -0.042044 0.170837 0.117635
v -0.043718 0.180693 0.138853
v -0.052482 0.181289 0.138853
v -0.057756 0.175813 0.138468
v -0.050083 0.175298 0.138468
v -0.052482 0.181289 0.116212
v -0.043718 0.180693 0.116212
v -0.050083 0.175298 0.116598
v -0.057756 0.175813 0.116598
v -0.036567 0.178650 0.138853
v -0.044383 0.173692 0.138468
v -0.036567 0.178650 0.116212
v -0.044383 0.173693 0.116598
v -0.032209 -0.149087 0.138853
v -0.031000 -0.141351 0.138853
v -0.039853 -0.134818 0.138468
v -0.040918 -0.141617 0.138468
v -0.031036 -0.146653 0.116212
v -0.032333 -0.154054 0.116212
v -0.040968 -0.146066 0.116598
v -0.039867 -0.139800 0.116598
v -0.036502 -0.155555 0.138853
v -0.044311 -0.146663 0.138468
v -0.036688 -0.159846 0.116212
v -0.044403 -0.150721 0.116598
v -0.052510 -0.164349 0.116212
v -0.308959 -0.164350 0.116212
v -0.303709 -0.154391 0.116598
v -0.057760 -0.154391 0.116598
v -0.031025 0.171073 0.116212
v -0.039867 0.167415 0.116598
v -0.031025 0.171073 0.138853
v -0.039867 0.167415 0.138468
v -0.043868 -0.163337 0.116212
v -0.050100 -0.153501 0.116598
v -0.052452 -0.160513 0.138853
v -0.043613 -0.159374 0.138853
v -0.050010 -0.149704 0.138468
v -0.057724 -0.150687 0.138468
v -0.032276 0.175245 0.116212
v -0.040963 0.171017 0.116598
v -0.032276 0.175245 0.138853
v -0.040963 0.171017 0.138468
v -0.052420 0.181699 0.138585
v -0.043425 0.181087 0.138585
v -0.052399 0.181835 0.117287
v -0.043425 0.181087 0.116481
v -0.052420 0.181699 0.116481
v -0.035940 0.178949 0.138585
v -0.035940 0.178949 0.116481
v -0.031060 -0.149577 0.137815
v -0.030136 -0.141415 0.138589
v -0.031369 -0.149370 0.138596
v -0.031520 -0.154286 0.116471
v -0.030180 -0.146696 0.116476
v -0.035851 -0.156138 0.138595
v -0.036092 -0.160358 0.116472
v -0.309016 -0.165043 0.116474
v -0.052453 -0.165043 0.116474
v -0.030164 0.171103 0.116481
v -0.030165 0.171103 0.138585
v -0.043491 -0.164073 0.117252
v -0.043594 -0.164005 0.116474
v -0.043297 -0.160142 0.138593
v -0.052381 -0.161316 0.138591
v -0.031450 0.175385 0.116481
v -0.031450 0.175385 0.138585
v -0.050370 0.174918 0.138209
v -0.057579 0.175355 0.138144
v -0.050370 0.174918 0.116857
v -0.044997 0.173404 0.138209
v -0.044997 0.173404 0.116857
v -0.041721 -0.141415 0.138217
v -0.040691 -0.134783 0.138213
v -0.040714 -0.139734 0.116853
v -0.041786 -0.145774 0.116848
v -0.044926 -0.146194 0.138216
v -0.045017 -0.150138 0.116848
v -0.040710 0.167386 0.116857
v -0.040710 0.167386 0.138209
v -0.050389 -0.152754 0.116850
v -0.057824 -0.153615 0.116850
v -0.057786 -0.150016 0.138215
v -0.050302 -0.149064 0.138215
v -0.041773 0.170882 0.116857
v -0.041773 0.170882 0.138209
v -0.309017 -0.160513 0.138853
v -0.309088 -0.161316 0.138591
v -0.308989 0.181289 0.116212
v -0.309082 0.181741 0.116527
v -0.043327 0.181218 0.117286
v -0.309125 -0.161741 0.137778
v -0.052407 -0.165123 0.117247
v -0.031174 0.175432 0.137779
v -0.309036 -0.165126 0.117248
v -0.303746 -0.150687 0.138468
v -0.303713 0.175813 0.116598
v -0.303645 -0.153615 0.116851
v -0.303607 -0.153217 0.117610
v -0.303653 0.175417 0.116857
v -0.309070 0.181835 0.137780
v -0.318142 0.181217 0.137780
v -0.325738 0.179048 0.137780
v -0.330199 -0.154237 0.117240
v -0.331563 -0.146660 0.117266
v -0.325568 -0.160374 0.117254
v -0.331591 0.171112 0.137780
v -0.331633 -0.141488 0.137792
v -0.318317 -0.160543 0.137790
v -0.325871 -0.156466 0.137806
v -0.331591 0.171114 0.117286
v -0.330296 0.175432 0.117287
v -0.325738 0.179048 0.117287
v -0.311003 0.174791 0.117635
v -0.303634 0.175286 0.117635
v -0.303673 0.175374 0.138166
v -0.311003 0.174791 0.137432
v -0.316268 0.173308 0.117635
v -0.316268 0.173308 0.137431
v -0.319506 -0.141446 0.137466
v -0.319381 -0.145590 0.117597
v -0.320461 -0.139679 0.117619
v -0.320510 -0.134806 0.137447
v -0.316362 -0.146166 0.137460
v -0.316208 -0.149830 0.117598
v -0.303662 -0.149933 0.137456
v -0.320479 0.167377 0.117635
v -0.320479 0.167377 0.137432
v -0.310944 -0.152375 0.117607
v -0.311081 -0.148990 0.137457
v -0.319426 0.170837 0.137431
v -0.319426 0.170837 0.117635
v -0.317752 0.180693 0.138853
v -0.311387 0.175298 0.138468
v -0.303713 0.175813 0.138468
v -0.308989 0.181289 0.138853
v -0.311387 0.175298 0.116598
v -0.317752 0.180693 0.116212
v -0.324903 0.178650 0.138853
v -0.317087 0.173692 0.138468
v -0.317087 0.173692 0.116598
v -0.324903 0.178650 0.116212
v -0.329260 -0.149087 0.138853
v -0.320551 -0.141617 0.138468
v -0.321616 -0.134818 0.138468
v -0.330469 -0.141351 0.138853
v -0.330433 -0.146653 0.116212
v -0.321602 -0.139800 0.116598
v -0.320501 -0.146066 0.116598
v -0.329137 -0.154054 0.116212
v -0.324968 -0.155555 0.138853
v -0.317158 -0.146664 0.138468
v -0.317067 -0.150722 0.116598
v -0.324781 -0.159846 0.116212
v -0.330444 0.171073 0.116212
v -0.321602 0.167415 0.116598
v -0.321602 0.167415 0.138468
v -0.330444 0.171073 0.138853
v -0.317601 -0.163337 0.116212
v -0.311370 -0.153501 0.116598
v -0.311459 -0.149704 0.138468
v -0.317856 -0.159374 0.138853
v -0.329193 0.175245 0.116212
v -0.320506 0.171017 0.116598
v -0.320506 0.171017 0.138468
v -0.329193 0.175245 0.138853
v -0.318045 0.181087 0.138585
v -0.309049 0.181698 0.138585
v -0.318045 0.181087 0.116481
v -0.318142 0.181218 0.117286
v -0.325530 0.178948 0.138585
v -0.325530 0.178948 0.116481
v -0.330101 -0.149370 0.138596
v -0.331334 -0.141415 0.138589
v -0.331289 -0.146696 0.116476
v -0.329950 -0.154286 0.116471
v -0.325618 -0.156138 0.138595
v -0.325377 -0.160358 0.116472
v -0.331305 0.171102 0.116481
v -0.331304 0.171102 0.138585
v -0.317876 -0.164005 0.116474
v -0.318172 -0.160142 0.138593
v -0.330019 0.175385 0.116481
v -0.330019 0.175385 0.138585
v -0.330296 0.175432 0.137780
v -0.311100 0.174918 0.138209
v -0.311100 0.174918 0.116857
v -0.316473 0.173404 0.138209
v -0.316473 0.173404 0.116857
v -0.320778 -0.134783 0.138213
v -0.319748 -0.141415 0.138217
v -0.319683 -0.145774 0.116848
v -0.320756 -0.139734 0.116853
v -0.316543 -0.146194 0.138216
v -0.316453 -0.150138 0.116848
v -0.303683 -0.150017 0.138216
v -0.320760 0.167386 0.116857
v -0.320760 0.167386 0.138209
v -0.311081 -0.152754 0.116851
v -0.311167 -0.149064 0.138216
v -0.319696 0.170882 0.116857
v -0.319696 0.170882 0.138209
v -0.330409 -0.149577 0.137815
v -0.317978 -0.164073 0.117252
vn 0.1918 0.7302 -0.6557
vn 0.3597 0.0029 -0.9331
vn 0.0034 0.0014 -1.0000
vn 0.0023 0.6878 -0.7259
vn 0.5128 0.6613 -0.5475
vn 0.7418 0.0014 -0.6706
vn 0.0853 0.9594 -0.2690
vn 0.0005 0.9629 -0.2700
vn 0.2451 0.9335 -0.2617
vn 0.2671 -0.3068 -0.9135
vn 0.0030 -0.2748 -0.9615
vn 0.0034 -0.0030 -1.0000
vn 0.2409 -0.0027 -0.9705
vn 0.2109 -0.7160 -0.6655
vn 0.0016 -0.6740 -0.7388
vn 0.6606 -0.2569 -0.7054
vn 0.6217 -0.0014 -0.7832
vn 0.5377 -0.6175 -0.5740
vn 0.2525 -0.9293 -0.2697
vn 0.3185 -0.9478 -0.0122
vn 0.0056 -0.9998 -0.0196
vn 0.0031 -0.9341 -0.3570
vn 0.6389 -0.7338 -0.2309
vn 0.7066 -0.7076 -0.0090
vn 0.6293 0.7483 -0.2098
vn 0.5388 0.8424 -0.0040
vn 0.9994 0.0194 -0.0273
vn 0.9627 0.0028 -0.2705
vn 0.2529 0.9632 -0.0915
vn 0.2159 0.9764 -0.0011
vn 0.8980 -0.3224 -0.2996
vn 0.9159 -0.0030 -0.4013
vn 0.9996 -0.0058 -0.0271
vn 0.9302 -0.3663 -0.0253
vn 0.0814 0.9929 -0.0869
vn 0.0009 0.9972 -0.0742
vn 0.0010 1.0000 -0.0018
vn 0.0702 0.9975 -0.0016
vn -0.0064 0.0058 -1.0000
vn -0.0020 0.8262 -0.5634
vn -0.0009 0.9629 -0.2700
vn 0.2407 -0.9706 0.0073
vn 0.6063 -0.7952 -0.0002
vn 0.6488 -0.7607 0.0201
vn 0.9629 -0.2094 0.1705
vn 0.8953 -0.3269 0.3025
vn 1.0000 -0.0070 0.0044
vn 1.0000 -0.0033 0.0003
vn 0.7236 -0.5335 0.4379
vn 0.6066 -0.5856 0.5376
vn 0.2366 -0.7153 0.6575
vn 0.3438 -0.7249 0.5970
vn 0.0042 -0.7862 0.6180
vn 0.0017 -0.7373 0.6756
vn 0.2278 -0.7734 0.5916
vn 0.0032 -0.7938 0.6082
vn 0.6013 -0.6361 0.4835
vn 0.2872 -0.8272 0.4831
vn 0.0032 -0.8225 0.5688
vn 0.6675 -0.6496 0.3639
vn 0.9556 -0.2760 0.1038
vn 0.9178 -0.3562 0.1754
vn 1.0000 -0.0030 0.0017
vn 0.9998 -0.0036 0.0178
vn 0.7109 -0.6628 0.2352
vn 0.9095 -0.3322 0.2499
vn 0.7063 0.7079 0.0015
vn 1.0000 0.0029 0.0071
vn 1.0000 0.0030 -0.0002
vn -0.9999 -0.0114 0.0005
vn -1.0000 0.0002 0.0025
vn -1.0000 -0.0000 0.0008
vn -0.0025 0.9601 -0.2796
vn -0.0026 0.8390 -0.5442
vn 0.0023 0.9015 -0.4328
vn 0.0048 0.9600 -0.2798
vn -0.0026 0.7980 -0.6026
vn 0.0012 0.7978 -0.6029
vn -0.0242 -0.0109 0.9996
vn -0.2708 -0.0032 0.9626
vn -0.1813 -0.6835 0.7070
vn -0.0018 -0.6491 0.7607
vn -0.6217 -0.0012 0.7832
vn -0.5263 -0.6381 0.5620
vn -0.0802 -0.9598 0.2690
vn -0.0005 -0.9496 0.3136
vn -0.2467 -0.9331 0.2616
vn -0.0204 0.0345 0.9992
vn -0.0027 0.3755 0.9268
vn -0.2366 0.2746 0.9320
vn -0.2709 0.0016 0.9626
vn -0.0013 0.7851 0.6193
vn -0.1988 0.7178 0.6672
vn -0.6632 0.2423 0.7081
vn -0.7412 0.0011 0.6713
vn -0.5361 0.6204 0.5725
vn -0.0014 1.0000 0.0048
vn -0.2458 0.9693 0.0066
vn -0.2246 0.9445 0.2399
vn -0.0021 0.9762 0.2170
vn -0.6976 0.7164 0.0057
vn -0.6408 0.7362 0.2177
vn -0.9998 -0.0029 0.0173
vn -0.7108 -0.7034 0.0042
vn -0.6793 -0.7066 0.1981
vn -0.9277 -0.0025 0.3733
vn -0.2555 -0.9668 0.0008
vn -0.2530 -0.9636 0.0860
vn -1.0000 0.0043 0.0053
vn -0.9690 0.0021 0.2471
vn -0.9195 0.2893 0.2662
vn -0.9631 0.2689 0.0081
vn -0.0008 -1.0000 0.0032
vn -0.0008 -0.9945 0.1050
vn -0.0715 -0.9946 0.0756
vn -0.0632 -0.9980 0.0015
vn -0.9153 0.4028 -0.0021
vn -0.9999 0.0158 -0.0016
vn -0.5617 0.8273 -0.0055
vn -0.1005 -0.9949 0.0022
vn -0.0006 -1.0000 0.0006
vn -0.2573 -0.9663 0.0008
vn -0.9999 0.0108 -0.0096
vn -0.9017 0.3179 -0.2932
vn -0.9684 0.1936 -0.1570
vn -1.0000 0.0050 -0.0009
vn -0.5811 0.6011 -0.5486
vn -0.7135 0.5427 -0.4431
vn -0.0033 0.7884 -0.6151
vn -0.3118 0.7354 -0.6016
vn -0.2059 0.7257 -0.6564
vn -0.0013 0.7310 -0.6824
vn -0.2057 0.7813 -0.5893
vn -0.5934 0.6430 -0.4841
vn -0.3091 0.9149 -0.2595
vn -0.2572 0.8534 -0.4534
vn -0.7087 0.6796 -0.1893
vn -0.6564 0.6669 -0.3527
vn -1.0000 0.0062 -0.0035
vn -0.9191 0.3154 -0.2361
vn -0.9265 0.3393 -0.1625
vn -1.0000 -0.0029 0.0021
vn -0.6119 -0.7910 0.0016
vn -0.0620 -0.0002 0.9981
vn -0.0000 -0.0000 1.0000
vn 0.1127 0.0004 0.9936
vn -0.0197 0.0561 0.9982
vn -0.0003 0.1225 0.9925
vn 0.0001 -0.0705 0.9975
vn 0.0266 -0.0900 0.9956
vn -0.0311 0.0297 0.9991
vn 0.0634 -0.0594 0.9962
vn -0.0010 -0.4353 0.9003
vn 0.0203 0.2989 0.9541
vn 0.0007 0.7066 0.7076
vn -0.0206 -0.0857 0.9961
vn 0.0721 0.2859 0.9555
vn -0.0374 0.0127 0.9992
vn 0.0678 -0.0194 0.9975
vn 0.0740 -0.0001 0.9973
vn -0.0624 0.0004 0.9981
vn -0.0478 -0.0694 0.9964
vn 0.0681 0.0668 0.9954
vn 0.2152 -0.7338 0.6444
vn 0.0018 -0.7643 0.6449
vn 0.0033 -0.9409 0.3387
vn 0.3355 -0.8875 0.3160
vn 0.4508 -0.4595 0.7653
vn 0.2398 0.8976 0.3699
vn 0.2945 0.9557 0.0008
vn 0.1062 0.9943 0.0022
vn 0.6334 -0.2050 0.7462
vn 0.7858 -0.0019 0.6185
vn 0.5564 0.0032 0.8309
vn 0.4570 0.7146 0.5296
vn -0.0038 0.8449 0.5349
vn -0.2346 0.7481 0.6207
vn -0.5234 0.5383 0.6605
vn -0.2389 -0.8630 0.4452
vn -0.6310 0.1783 0.7550
vn -0.6312 0.0012 0.7756
vn -0.9999 0.0058 0.0159
vn -0.9656 0.2524 -0.0625
vn -0.7518 -0.0028 0.6594
vn -0.4884 -0.5211 0.6999
vn 0.0009 1.0000 0.0018
vn 0.0033 -0.9527 0.3038
vn 0.0015 -1.0000 0.0033
vn 0.2617 -0.8821 0.3917
vn 0.6148 -0.7338 0.2892
vn 0.9999 -0.0114 0.0030
vn 0.9269 -0.3493 0.1372
vn 0.9019 -0.4319 0.0054
vn -0.0019 0.9312 -0.3645
vn -0.0046 1.0000 -0.0067
vn 0.0023 1.0000 -0.0067
vn 0.0038 0.9308 -0.3654
vn -1.0000 0.0001 -0.0005
vn -0.2325 0.9211 -0.3123
vn -0.2402 0.9707 -0.0093
vn -0.5878 0.7532 -0.2954
vn -0.9325 0.3365 -0.1311
vn 0.9386 -0.3449 0.0003
vn -0.9999 -0.0000 0.0129
vn -1.0000 -0.0000 0.0068
vn -1.0000 -0.0000 0.0061
vn -1.0000 0.0001 -0.0012
vn -0.0006 0.0029 1.0000
vn -0.0008 -0.0413 0.9991
vn 0.0025 -0.0019 1.0000
vn 0.0046 0.0133 0.9999
vn -0.0015 -0.0181 0.9998
vn -0.0003 0.0027 1.0000
vn -0.0024 -0.0000 1.0000
vn -0.0005 0.0042 1.0000
vn -0.0010 -0.0053 1.0000
vn -0.0001 0.0030 1.0000
vn -0.0007 -0.0228 0.9997
vn -0.9949 0.0091 0.1000
vn -0.9928 0.0082 0.1193
vn -0.9970 -0.0054 0.0778
vn -0.9675 -0.0122 0.2524
vn -0.0005 -0.9903 0.1388
vn -0.0006 -0.9510 0.3092
vn 0.0007 -0.9968 0.0802
vn 0.0020 -0.9734 0.2290
vn -0.9955 0.0072 0.0940
vn -0.9929 0.0072 0.1191
vn -0.9969 -0.0048 0.0779
vn -0.9696 -0.0090 0.2445
vn -0.0004 -0.9958 0.0913
vn -0.0006 -0.9978 0.0663
vn 0.0004 -0.9981 0.0616
vn 0.0007 -0.9967 0.0810
vn -0.9936 0.0359 0.1073
vn -0.9262 0.0200 0.3766
vn -0.9934 -0.0402 0.1074
vn -0.9761 -0.0210 0.2165
vn -0.0007 -0.9943 0.1066
vn -0.0004 -0.9836 0.1804
vn 0.0002 -0.9883 0.1524
vn 0.0014 -0.9949 0.1005
vn -0.9954 0.0151 0.0947
vn -0.9904 0.0123 0.1379
vn -0.9969 -0.0086 0.0780
vn -0.9700 -0.0204 0.2422
vn -0.9950 0.0079 0.1000
vn -0.9929 0.0072 0.1190
vn -0.9713 -0.0109 0.2376
vn -0.0000 -0.0006 1.0000
vn -0.0002 0.0044 1.0000
vn -0.0053 -0.0001 1.0000
vn -0.0000 0.6998 0.7144
vn -0.7408 0.0160 0.6716
vn -0.0047 0.0137 0.9999
vn -0.0003 0.9806 0.1959
vn -0.5243 0.7682 0.3674
vn -0.7973 0.0278 0.6029
vn -0.0008 0.9561 0.2929
vn -0.7804 0.0240 0.6248
vn -0.0008 0.9536 0.3010
vn -0.0010 0.9944 0.1054
vn -0.6464 0.0387 0.7620
vn -0.0006 0.9865 0.1640
vn -0.0004 0.0046 1.0000
vn -0.6523 0.0213 0.7576
vn -0.0008 0.9561 0.2930
vn -0.6432 0.7628 0.0674
vn -0.0004 0.9903 0.1391
vn -0.6891 0.7152 0.1170
vn -0.0015 0.7990 0.6014
vn -0.3736 -0.7341 0.5670
vn -0.9252 -0.0037 0.3795
vn -0.0015 -0.9950 0.0996
vn -0.0426 -0.8667 0.4969
vn -0.0046 0.0167 0.9998
vn -0.6700 -0.7354 0.1014
vn -0.3895 -0.4384 0.8100
vn -0.5352 -0.0157 0.8446
vn -0.6634 -0.7379 0.1242
vn -0.0005 0.9921 0.1253
vn -0.6603 0.7418 0.1175
vn -0.9155 -0.0058 0.4022
vn -0.7949 -0.0321 0.6059
vn -0.0013 -0.0144 0.9999
vn -0.0043 0.0190 0.9998
vn -0.0003 0.9956 0.0935
vn -0.4117 0.9100 0.0493
vn -0.4096 -0.7230 0.5563
vn -0.7967 -0.0118 0.6043
vn -0.0379 -0.8044 0.5929
vn -0.6433 0.7626 0.0680
vn -0.0004 0.9902 0.1395
vn -0.6895 0.7148 0.1168
vn -0.0016 0.7985 0.6020
vn -0.7097 -0.6922 0.1311
vn -0.8106 -0.0077 0.5856
vn -0.4454 -0.4442 0.7774
vn -0.0015 -0.5354 0.8446
vn -0.0013 -0.0036 1.0000
vn -0.0021 -0.9759 0.2182
vn -0.0043 0.0117 0.9999
vn -0.0010 -0.8096 0.5870
vn -0.0006 -0.9921 0.1256
vn -0.0000 -0.0117 0.9999
vn -0.0003 -0.9936 0.1127
vn -0.0000 -0.0048 1.0000
vn -0.0006 -0.0018 1.0000
vn 0.0025 0.6883 0.7254
vn 0.0002 0.0165 0.9999
vn 0.0177 0.9938 0.1097
vn 0.0005 0.0135 0.9999
vn 0.0953 0.8329 0.5451
vn -0.0006 -0.0024 1.0000
vn 0.0007 -0.9943 0.1069
vn 0.0984 -0.8048 0.5854
vn 0.0815 -0.6432 0.7614
vn 0.0001 -0.0047 1.0000
vn 0.0027 -0.8093 0.5874
vn 0.0002 0.0008 1.0000
vn -0.0044 0.0040 1.0000
vn -0.0071 0.0198 0.9998
vn 0.0026 -0.0040 1.0000
vn -0.0012 0.0039 1.0000
vn -0.0031 -0.0065 1.0000
vn -0.0001 -0.0079 1.0000
vn 0.0008 0.0140 0.9999
vn -0.9950 0.0027 0.1000
vn -0.9930 0.0024 0.1178
vn -0.9970 -0.0016 0.0776
vn -0.9709 -0.0031 0.2394
vn -0.0004 -0.9874 0.1581
vn -0.0006 -0.9509 0.3094
vn 0.0007 -0.9965 0.0832
vn 0.0028 -0.9901 0.1403
vn -0.7907 0.0085 0.6121
vn -0.0007 0.9562 0.2928
vn -0.3909 -0.4382 0.8094
vn -0.9176 -0.0020 0.3975
vn -0.6423 0.7635 0.0677
vn -0.6711 -0.7345 0.1009
vn -0.0016 -0.5719 0.8203
vn -0.6855 -0.7174 0.1244
vn -0.0015 0.7988 0.6016
vn -0.6893 0.7150 0.1168
vn 0.0029 -0.8089 0.5879
vn 0.0007 0.9968 0.0799
vn 0.0029 0.8608 0.5089
vn 1.0000 0.0018 0.0003
vn 0.9999 0.0117 0.0003
vn 1.0000 0.0006 -0.0062
vn 0.9998 0.0006 0.0176
vn 1.0000 -0.0011 0.0021
vn 0.9994 -0.0006 -0.0337
vn 0.0686 -0.0062 0.9976
vn 0.2201 -0.0059 0.9755
vn 0.0624 -0.0076 0.9980
vn 0.3295 -0.0069 0.9441
vn 0.0342 -0.9994 0.0050
vn 0.0616 -0.9981 0.0069
vn 0.0287 -0.9996 -0.0055
vn 0.0891 -0.9960 -0.0058
vn 0.0702 0.0104 -0.9975
vn 0.2533 0.0100 -0.9673
vn 0.0627 0.0117 -0.9980
vn 0.2324 0.0113 -0.9725
vn 0.0682 0.9977 -0.0013
vn 0.2762 0.9611 -0.0038
vn 0.0622 0.9980 0.0107
vn 0.3288 0.9443 0.0082
vn 1.0000 -0.0000 -0.0083
vn 1.0000 -0.0017 -0.0083
vn 1.0000 -0.0004 0.0070
vn 1.0000 -0.0000 0.0089
vn 0.6565 -0.0035 0.7543
vn 0.6567 0.7540 -0.0136
vn 0.5071 -0.0066 0.8619
vn 0.0607 0.6432 0.7633
vn 0.7439 0.4898 0.4547
vn 0.0306 0.8124 0.5822
vn 0.0613 0.7630 -0.6435
vn 0.6574 0.0095 -0.7535
vn 0.7442 0.4557 -0.4884
vn 0.0303 0.5840 -0.8112
vn 0.6596 0.7514 0.0159
vn -0.0016 -0.7938 0.6082
vn -0.0033 -0.8862 0.4633
vn 0.0004 0.0095 1.0000
vn 0.0034 0.7584 -0.6518
vn 0.0021 0.7498 -0.6616
vn 0.0183 -0.0464 0.9988
vn 0.0017 -0.8021 0.5971
vn 0.0025 0.9439 0.3303
vn 0.0013 0.6743 0.7384
vn -0.0002 0.4069 0.9135
vn -0.0019 1.0000 0.0020
vn -0.0029 -0.9999 0.0124
vn -0.0033 -0.9052 0.4249
vn 0.0025 0.9999 0.0169
vn 0.0006 0.9921 0.1251
vn 0.0021 0.9758 0.2186
vn 0.0021 0.9806 0.1959
vn 0.0003 0.9985 0.0552
vn 0.0004 0.9945 0.1050
vn 0.0014 0.9941 0.1088
vn 0.0028 -0.0486 0.9988
vn 0.0021 0.9757 0.2191
vn 0.0015 0.5777 0.8163
vn 0.0021 0.9757 0.2192
vn 0.0035 0.0146 0.9999
vn -0.0032 -1.0000 -0.0058
vn -0.0042 -0.7562 0.6543
vn -0.0034 -0.7374 0.6754
vn -0.1918 0.7302 -0.6557
vn -0.3597 0.0029 -0.9331
vn -0.5128 0.6613 -0.5475
vn -0.7419 0.0015 -0.6706
vn -0.0853 0.9594 -0.2690
vn -0.2451 0.9335 -0.2617
vn -0.2671 -0.3068 -0.9135
vn -0.2409 -0.0026 -0.9705
vn -0.0018 -0.0030 -1.0000
vn -0.0032 -0.4046 -0.9145
vn -0.2109 -0.7160 -0.6655
vn -0.0015 -0.7853 -0.6191
vn -0.6606 -0.2569 -0.7054
vn -0.6217 -0.0014 -0.7832
vn -0.5377 -0.6175 -0.5740
vn -0.2525 -0.9293 -0.2697
vn -0.0029 -0.9708 -0.2397
vn -0.3184 -0.9479 -0.0122
vn -0.6389 -0.7338 -0.2310
vn -0.7066 -0.7076 -0.0091
vn -0.6293 0.7483 -0.2098
vn -0.9627 0.0029 -0.2705
vn -0.9994 0.0194 -0.0274
vn -0.5388 0.8424 -0.0040
vn -0.2529 0.9632 -0.0915
vn -0.2159 0.9764 -0.0011
vn -0.8979 -0.3224 -0.2996
vn -0.9302 -0.3663 -0.0253
vn -0.9996 -0.0058 -0.0271
vn -0.9159 -0.0030 -0.4013
vn -0.0814 0.9929 -0.0869
vn -0.0704 0.9975 -0.0016
vn -0.0005 1.0000 -0.0017
vn -0.0010 0.9934 -0.1145
vn -0.6482 -0.7612 0.0199
vn -0.6064 -0.7951 -0.0002
vn -0.2408 -0.9705 0.0073
vn -1.0000 0.0030 -0.0002
vn -1.0000 0.0028 0.0071
vn -0.7063 0.7080 0.0015
vn -0.9628 -0.2096 0.1703
vn -1.0000 -0.0032 0.0003
vn -1.0000 -0.0070 0.0044
vn -0.8953 -0.3269 0.3025
vn -0.7236 -0.5337 0.4377
vn -0.6066 -0.5857 0.5376
vn -0.2366 -0.7153 0.6575
vn -0.3438 -0.7249 0.5970
vn -0.2278 -0.7734 0.5916
vn -0.6013 -0.6361 0.4835
vn -0.2865 -0.8278 0.4824
vn -0.6675 -0.6496 0.3639
vn -0.9556 -0.2760 0.1037
vn -0.9998 -0.0036 0.0178
vn -1.0000 -0.0030 0.0017
vn -0.9178 -0.3562 0.1754
vn -0.7109 -0.6628 0.2353
vn -0.9095 -0.3322 0.2499
vn 1.0000 -0.0064 0.0007
vn 1.0000 0.0002 0.0031
vn 1.0000 0.0002 -0.0008
vn 0.1813 -0.6835 0.7070
vn 0.2295 -0.0023 0.9733
vn 0.5263 -0.6381 0.5620
vn 0.6217 -0.0012 0.7833
vn 0.0005 -0.9728 0.2315
vn 0.0802 -0.9598 0.2690
vn 0.2467 -0.9331 0.2616
vn 0.0095 0.0244 0.9997
vn 0.3078 0.0020 0.9514
vn 0.2366 0.2746 0.9320
vn 0.0023 0.2493 0.9684
vn 0.1988 0.7178 0.6672
vn 0.7412 0.0011 0.6713
vn 0.6632 0.2423 0.7081
vn 0.5361 0.6204 0.5725
vn 0.2246 0.9445 0.2399
vn 0.2458 0.9693 0.0066
vn 0.6408 0.7362 0.2177
vn 0.6976 0.7165 0.0057
vn 0.9998 -0.0030 0.0173
vn 0.9277 -0.0025 0.3733
vn 0.6793 -0.7066 0.1981
vn 0.7127 -0.7015 0.0042
vn 0.2530 -0.9636 0.0860
vn 0.2551 -0.9669 0.0008
vn 1.0000 0.0043 0.0053
vn 0.9631 0.2689 0.0081
vn 0.9195 0.2893 0.2661
vn 0.9690 0.0021 0.2471
vn 0.0004 -1.0000 0.0011
vn 0.0631 -0.9980 0.0014
vn 0.0715 -0.9946 0.0756
vn 0.0006 -0.9978 0.0670
vn 0.0386 -0.0000 0.9993
vn 0.9999 0.0158 -0.0016
vn 0.9153 0.4028 -0.0021
vn 0.5616 0.8274 -0.0055
vn 0.0015 -1.0000 0.0023
vn 0.0989 -0.9951 0.0020
vn 0.2566 -0.9665 0.0007
vn 0.9999 0.0107 -0.0098
vn 1.0000 0.0025 0.0005
vn 0.9684 0.1936 -0.1571
vn 0.9017 0.3178 -0.2931
vn 0.7136 0.5427 -0.4431
vn 0.5811 0.6011 -0.5486
vn 0.2059 0.7257 -0.6564
vn 0.3118 0.7354 -0.6016
vn 0.2057 0.7813 -0.5893
vn 0.5934 0.6430 -0.4841
vn 0.2568 0.8537 -0.4530
vn 0.3080 0.9153 -0.2597
vn 0.6564 0.6669 -0.3527
vn 0.7087 0.6796 -0.1893
vn 0.9265 0.3393 -0.1625
vn 0.9191 0.3154 -0.2361
vn 1.0000 0.0026 -0.0013
vn 0.6099 -0.7925 0.0016
vn 1.0000 -0.0022 0.0042
vn 0.0006 -0.1573 0.9875
vn -0.0812 0.0003 0.9967
vn 0.0704 -0.0002 0.9975
vn 0.0197 0.0561 0.9982
vn -0.0265 -0.0899 0.9956
vn -0.0002 -0.0699 0.9976
vn 0.0002 0.0419 0.9991
vn 0.0311 0.0297 0.9991
vn -0.0633 -0.0593 0.9962
vn -0.0204 0.3009 0.9534
vn -0.0721 0.2860 0.9555
vn 0.0205 -0.0833 0.9963
vn -0.1823 -0.0003 0.9832
vn -0.0676 -0.0193 0.9975
vn 0.0374 0.0127 0.9992
vn 0.0505 0.0003 0.9987
vn 0.0477 -0.0693 0.9964
vn -0.0681 0.0669 0.9954
vn -0.2160 -0.7314 0.6469
vn -0.3338 -0.8880 0.3162
vn -0.0057 -0.9374 0.3481
vn -0.0018 -0.5530 0.8332
vn -0.4508 -0.4594 0.7653
vn -0.1066 0.9943 0.0022
vn -0.2945 0.9557 0.0008
vn -0.2398 0.8976 0.3699
vn -0.6334 -0.2050 0.7462
vn -0.7857 -0.0019 0.6186
vn -0.5563 0.0032 0.8309
vn -0.4569 0.7145 0.5299
vn 0.0019 0.8443 0.5358
vn 0.7976 -0.0024 0.6031
vn 0.5621 0.0014 0.8271
vn 0.9995 0.0029 0.0311
vn 0.2345 0.7478 0.6212
vn 0.5233 0.5382 0.6607
vn 0.2399 -0.8624 0.4459
vn 0.6322 0.1784 0.7540
vn 0.9657 0.2522 -0.0624
vn 0.4884 -0.5210 0.7000
vn -0.2617 -0.8821 0.3917
vn -0.6147 -0.7338 0.2892
vn -0.9019 -0.4320 0.0054
vn -0.9269 -0.3493 0.1372
vn -0.9999 -0.0114 0.0030
vn 0.2401 0.9707 -0.0094
vn 0.2325 0.9211 -0.3123
vn 0.5877 0.7532 -0.2953
vn 0.9325 0.3364 -0.1311
vn -0.9387 -0.3448 0.0003
vn -0.0001 -0.0070 1.0000
vn 0.0003 0.0045 1.0000
vn 0.0008 -0.0049 1.0000
vn 1.0000 -0.0000 0.0067
vn 1.0000 0.0001 -0.0012
vn 0.0026 -0.0117 0.9999
vn 0.0023 0.0008 1.0000
vn 0.0002 0.0074 1.0000
vn 0.0047 -0.0000 1.0000
vn 0.0009 -0.0045 1.0000
vn 0.0003 -0.0027 1.0000
vn 0.9970 -0.0055 0.0777
vn 0.9928 0.0082 0.1193
vn 0.9969 0.0111 0.0781
vn 0.9743 -0.0136 0.2248
vn 0.0004 -0.9854 0.1703
vn 0.9969 -0.0048 0.0779
vn 0.9929 0.0072 0.1191
vn 0.9949 0.0093 0.1000
vn 0.9675 -0.0109 0.2527
vn 0.9983 -0.0174 0.0563
vn 0.9814 0.0462 0.1864
vn 0.9974 0.0147 0.0707
vn 0.9706 -0.0436 0.2369
vn 0.9969 -0.0086 0.0780
vn 0.9904 0.0124 0.1380
vn 0.9951 0.0150 0.0981
vn 0.9666 -0.0193 0.2556
vn 0.9929 0.0072 0.1190
vn 0.9969 0.0098 0.0780
vn 0.9755 -0.0099 0.2199
vn 0.0008 -0.9511 0.3090
vn 0.0005 -0.9903 0.1390
vn 0.0006 0.0181 0.9998
vn 0.0004 0.0064 1.0000
vn 0.7406 0.0015 0.6719
vn 0.0015 0.5783 0.8158
vn 0.7611 0.0026 0.6486
vn 0.0015 0.8610 0.5086
vn 0.7997 0.0293 0.5997
vn 0.0015 0.8542 0.5200
vn 0.6685 0.0227 0.7433
vn 0.7653 0.0300 0.6430
vn 0.7892 0.0427 0.6126
vn 0.8094 0.0261 0.5866
vn 0.6469 0.7465 0.1559
vn 0.9107 -0.0035 0.4130
vn 0.3713 -0.7540 0.5419
vn 0.6815 -0.7122 0.1685
vn 0.6469 0.7465 0.1558
vn 0.8098 -0.0097 0.5866
vn 0.8512 -0.0193 0.5245
vn 0.5155 0.8545 0.0637
vn 0.8949 -0.0068 0.4461
vn 0.3706 -0.7517 0.5456
vn 0.0435 -0.9034 0.4267
vn 0.0006 0.9921 0.1258
vn 0.6469 0.7463 0.1568
vn 0.9157 -0.0057 0.4019
vn 0.6701 -0.7353 0.1015
vn 0.3902 -0.4382 0.8098
vn 0.0015 -0.8066 0.5911
vn 0.6890 -0.7153 0.1167
vn 0.0006 -0.0152 0.9999
vn 0.0007 -0.0239 0.9997
vn 0.0696 -0.0003 0.9976
vn 0.9957 -0.0017 0.0926
vn 0.9790 0.0020 0.2039
vn 0.9970 0.0033 0.0776
vn 0.9751 -0.0039 0.2216
vn 0.7619 0.0009 0.6477
vn 0.9034 0.0063 0.4287
vn 0.6812 0.7124 0.1686
vn 0.6776 -0.7148 0.1730
vn 0.0014 -0.8231 0.5679
vn -1.0000 0.0018 0.0003
vn -0.9999 0.0116 0.0003
vn -1.0000 -0.0010 0.0021
vn -0.9998 0.0006 0.0176
vn -1.0000 0.0006 -0.0063
vn -0.9994 -0.0006 -0.0337
vn -0.0624 -0.0075 0.9980
vn -0.2200 -0.0059 0.9755
vn -0.0686 -0.0062 0.9976
vn -0.3294 -0.0068 0.9442
vn -0.0287 -0.9996 -0.0056
vn -0.0615 -0.9981 0.0070
vn -0.0341 -0.9994 0.0051
vn -0.0892 -0.9960 -0.0057
vn -0.0628 0.0117 -0.9980
vn -0.2532 0.0100 -0.9674
vn -0.0702 0.0104 -0.9975
vn -0.2324 0.0113 -0.9726
vn -0.0622 0.9980 0.0107
vn -0.2761 0.9611 -0.0037
vn -0.0682 0.9977 -0.0013
vn -0.3288 0.9443 0.0082
vn -1.0000 -0.0000 -0.0083
vn -1.0000 -0.0017 -0.0083
vn -1.0000 -0.0005 0.0071
vn -1.0000 -0.0000 0.0088
vn -0.6566 -0.0035 0.7543
vn -0.6567 0.7540 -0.0136
vn -0.5071 -0.0065 0.8619
vn -0.7438 0.4899 0.4547
vn -0.0607 0.6432 0.7633
vn -0.0306 0.8124 0.5822
vn -0.6574 0.0095 -0.7535
vn -0.0613 0.7630 -0.6435
vn -0.7442 0.4558 -0.4884
vn -0.0303 0.5840 -0.8112
vn -0.6596 0.7514 0.0159
vn -0.1298 -0.9915 0.0046
vn -0.0009 -0.9999 0.0126
vn -0.0035 -0.9991 -0.0422
vn -0.1920 -0.9814 -0.0070
vn -0.3691 -0.9293 0.0081
vn -0.4852 -0.8744 -0.0090
vn -0.9547 0.2941 -0.0462
vn -0.9999 0.0017 0.0142
vn -0.9999 0.0065 -0.0130
vn -0.8936 0.4386 -0.0954
vn -0.7039 0.7007 -0.1166
vn -0.5712 0.8063 -0.1535
vn -0.9999 -0.0017 -0.0129
vn -0.9999 -0.0069 0.0136
vn -0.2105 0.9613 -0.1778
vn -0.0030 0.9844 -0.1759
vn -0.0031 0.9881 -0.1537
vn -0.3238 0.9343 -0.1493
vn -0.8722 -0.4889 -0.0126
vn -0.7518 -0.6593 0.0114
vn -0.0001 -0.0435 0.9991
vn -0.0003 -0.1565 0.9877
vn -0.0136 -0.0918 0.9957
vn -0.0049 -0.0107 0.9999
vn -0.0002 -0.0209 -0.9998
vn -0.0012 0.0024 -1.0000
vn -0.0137 -0.0921 -0.9957
vn -0.0002 -0.0951 -0.9955
vn -0.0296 -0.0597 0.9978
vn -0.0006 0.0061 1.0000
vn 0.0030 -0.0012 -1.0000
vn -0.0265 -0.0561 -0.9981
vn 0.0123 0.0002 0.9999
vn -0.0554 0.0002 0.9985
vn -0.0470 0.0148 0.9988
vn -0.0065 0.0066 1.0000
vn -0.0271 0.0001 -0.9996
vn 0.0004 0.0020 -1.0000
vn -0.0495 0.0190 -0.9986
vn -0.0851 0.0003 -0.9964
vn -0.0304 0.0324 0.9990
vn 0.0022 0.0015 1.0000
vn -0.0011 -0.0027 -1.0000
vn -0.0253 0.0313 -0.9992
vn 0.0001 0.0115 -0.9999
vn 0.0003 0.0598 -0.9982
vn 0.0003 0.0593 -0.9982
vn -0.0001 0.0122 -0.9999
vn -0.0556 -0.0002 -0.9985
vn 0.0130 -0.0002 -0.9999
vn -0.0267 -0.0001 0.9996
vn -0.0850 -0.0003 0.9964
vn -0.0129 0.0504 -0.9986
vn -0.0049 0.0066 -1.0000
vn -0.0002 0.0122 0.9999
vn -0.0016 -0.0004 1.0000
vn -0.0142 0.0506 0.9986
vn -0.0001 0.0504 0.9987
vn -0.0512 -0.0343 -0.9981
vn -0.0055 -0.0118 -0.9999
vn 0.0013 -0.0029 1.0000
vn -0.0467 -0.0280 0.9985
vn 0.0039 0.9999 0.0120
vn 0.0017 0.8147 0.5799
vn 0.1299 0.8746 0.4672
vn 0.2001 0.9797 0.0069
vn 0.1311 0.9913 -0.0067
vn 0.1766 0.8947 -0.4102
vn 0.0026 0.8161 -0.5780
vn 0.0009 1.0000 -0.0054
vn 0.3362 0.7705 0.5416
vn 0.4903 0.8715 0.0088
vn 0.3736 0.9275 -0.0079
vn 0.3811 0.7337 -0.5626
vn 1.0000 -0.0020 0.0062
vn 0.7841 -0.0020 0.6207
vn 0.6145 -0.2102 0.7604
vn 0.9491 -0.3052 0.0774
vn 0.8904 -0.4495 0.0719
vn 0.6960 -0.3581 -0.6224
vn 0.5575 -0.0036 -0.8301
vn 0.9996 -0.0074 -0.0260
vn 0.4480 -0.4542 0.7700
vn 0.7037 -0.6957 0.1443
vn 0.5747 -0.8082 0.1285
vn 0.4537 -0.6138 -0.6460
vn -0.0036 -0.9895 0.1444
vn -0.0035 -0.7944 -0.6074
vn 0.0018 -0.7976 -0.6032
vn 0.0019 -0.9875 0.1577
vn 0.7926 0.0022 -0.6097
vn 1.0000 0.0042 -0.0086
vn 0.9996 0.0041 0.0263
vn 0.5561 0.0036 0.8311
vn 0.1969 -0.7700 -0.6069
vn 0.2266 -0.9624 0.1501
vn 0.0073 -0.9844 0.1758
vn 0.3398 -0.9253 0.1683
vn 0.2218 -0.7101 0.6683
vn 0.0016 -0.6564 0.7544
vn 0.6098 0.3997 -0.6844
vn 0.7428 0.6694 -0.0111
vn 0.8637 0.5039 0.0123
vn 0.6099 0.5310 0.5883
vn -0.1474 -0.8558 0.4958
vn -0.1148 -0.8196 -0.5613
vn -0.3715 -0.7315 0.5717
vn -0.3080 -0.7342 -0.6051
vn -0.6068 0.1911 0.7716
vn -0.5507 0.0015 0.8347
vn -0.7842 0.0027 -0.6205
vn -0.5640 0.2589 -0.7841
vn -0.5111 0.5291 0.6774
vn -0.3396 0.4688 -0.8154
vn -0.5515 -0.0026 -0.8342
vn -0.7907 -0.0016 0.6122
vn -0.1397 0.5557 -0.8196
vn -0.0023 0.7479 -0.6638
vn -0.0031 0.6719 0.7406
vn -0.2413 0.7313 0.6379
vn -0.5657 -0.4468 -0.6931
vn -0.5665 -0.3452 0.7483
vn 0.0001 0.0114 0.9999
vn -0.0032 -0.6540 0.7565
vn 0.0001 -0.0156 -0.9999
vn -0.0021 0.9995 -0.0310
vn 0.0003 0.0793 0.9969
vn 0.0003 -0.1497 -0.9887
vn -0.0037 -0.9844 0.1758
vn 0.0023 0.5500 -0.8352
vn 0.0016 0.9844 -0.1759
vn 0.0027 -0.8939 -0.4483
vn 0.0020 -1.0000 -0.0014
vn 0.0020 -0.9989 0.0461
vn 0.1270 -0.9919 0.0060
vn 0.1880 -0.9821 -0.0095
vn 0.3691 -0.9294 0.0081
vn 0.4852 -0.8744 -0.0090
vn 0.9547 0.2941 -0.0462
vn 0.8936 0.4386 -0.0954
vn 0.9999 0.0065 -0.0130
vn 0.9999 0.0017 0.0141
vn 0.7039 0.7007 -0.1166
vn 0.5712 0.8063 -0.1535
vn 0.0060 0.9881 -0.1538
vn 0.9999 -0.0017 -0.0129
vn 0.9999 -0.0069 0.0136
vn 0.2105 0.9613 -0.1778
vn 0.3238 0.9343 -0.1494
vn 0.8722 -0.4889 -0.0125
vn 0.7517 -0.6594 0.0114
vn 0.0136 -0.0918 0.9957
vn 0.0002 -0.0940 0.9956
vn 0.0002 0.0207 0.9998
vn 0.0049 -0.0106 0.9999
vn 0.0137 -0.0921 -0.9957
vn 0.0011 0.0049 -1.0000
vn 0.0296 -0.0597 0.9978
vn 0.0006 0.0061 1.0000
vn 0.0265 -0.0561 -0.9981
vn -0.0029 -0.0012 -1.0000
vn 0.0470 0.0148 0.9988
vn 0.0553 0.0002 0.9985
vn -0.0123 0.0002 0.9999
vn 0.0065 0.0066 1.0000
vn 0.0270 0.0001 -0.9996
vn 0.0851 0.0003 -0.9964
vn 0.0495 0.0191 -0.9986
vn -0.0004 0.0020 -1.0000
vn 0.0303 0.0323 0.9990
vn -0.0021 0.0015 1.0000
vn 0.0253 0.0313 -0.9992
vn 0.0011 -0.0027 -1.0000
vn 0.0555 -0.0002 -0.9985
vn -0.0131 -0.0002 -0.9999
vn 0.0850 -0.0003 0.9964
vn 0.0267 -0.0001 0.9996
vn 0.0129 0.0504 -0.9986
vn 0.0049 0.0066 -1.0000
vn 0.0142 0.0506 0.9986
vn 0.0016 -0.0004 1.0000
vn 0.0511 -0.0343 -0.9981
vn 0.0056 -0.0118 -0.9999
vn 0.0467 -0.0280 0.9985
vn -0.0013 -0.0029 1.0000
vn -0.1299 0.8745 0.4673
vn -0.0014 0.9376 0.3478
vn -0.0022 1.0000 0.0011
vn -0.2001 0.9797 0.0069
vn -0.1774 0.8945 -0.4103
vn -0.1279 0.9918 -0.0059
vn -0.3362 0.7705 0.5416
vn -0.4903 0.8715 0.0089
vn -0.3811 0.7337 -0.5626
vn -0.3736 0.9275 -0.0079
vn -0.6148 -0.2102 0.7602
vn -0.7841 -0.0020 0.6206
vn -1.0000 -0.0020 0.0062
vn -0.9491 -0.3053 0.0774
vn -0.5575 -0.0036 -0.8302
vn -0.6960 -0.3581 -0.6223
vn -0.8904 -0.4495 0.0719
vn -0.9996 -0.0075 -0.0260
vn -0.4482 -0.4544 0.7699
vn -0.7037 -0.6957 0.1443
vn -0.4537 -0.6138 -0.6460
vn -0.5747 -0.8082 0.1286
vn -0.7926 0.0022 -0.6097
vn -1.0000 0.0041 -0.0087
vn -0.5561 0.0037 0.8311
vn -0.9996 0.0041 0.0264
vn -0.1969 -0.7703 -0.6065
vn -0.2264 -0.9624 0.1501
vn -0.2217 -0.7103 0.6680
vn -0.3397 -0.9254 0.1683
vn -0.6098 0.3996 -0.6845
vn -0.7428 0.6694 -0.0110
vn -0.6099 0.5310 0.5883
vn -0.8637 0.5039 0.0123
vn 0.1467 -0.8552 0.4972
vn 0.1195 -0.8225 -0.5561
vn 0.3715 -0.7315 0.5717
vn 0.3080 -0.7342 -0.6051
vn 0.5507 0.0015 0.8347
vn 0.6068 0.1911 0.7716
vn 0.5640 0.2589 -0.7841
vn 0.7842 0.0027 -0.6205
vn 0.5111 0.5291 0.6774
vn 0.3396 0.4688 -0.8154
vn 0.0031 0.9042 0.4272
vn 0.5515 -0.0026 -0.8342
vn 0.7907 -0.0017 0.6122
vn 0.1397 0.5557 -0.8195
vn 0.2412 0.7313 0.6379
vn 0.5657 -0.4468 -0.6930
vn 0.5665 -0.3452 0.7483
vt 0.733088 0.593937
vt 0.733141 0.594119
vt 0.732400 0.594121
vt 0.732400 0.593925
vt 0.733618 0.593962
vt 0.733671 0.594115
vt 0.749452 0.658879
vt 0.749203 0.658985
vt 0.749104 0.658296
vt 0.749402 0.658297
vt 0.749601 0.659356
vt 0.749451 0.659514
vt 0.733096 0.628020
vt 0.732407 0.628067
vt 0.732407 0.627423
vt 0.733149 0.627422
vt 0.732990 0.628478
vt 0.732407 0.628525
vt 0.733625 0.627925
vt 0.733678 0.627418
vt 0.733467 0.628338
vt 0.671917 0.629166
vt 0.672546 0.629094
vt 0.672536 0.629820
vt 0.671857 0.629840
vt 0.672042 0.628665
vt 0.672579 0.628600
vt 0.671451 0.629304
vt 0.671397 0.629879
vt 0.671615 0.628845
vt 0.748578 0.628533
vt 0.747945 0.628546
vt 0.747953 0.628350
vt 0.748636 0.628351
vt 0.750047 0.659515
vt 0.750593 0.659568
vt 0.750593 0.659885
vt 0.749948 0.659779
vt 0.749050 0.628509
vt 0.749104 0.628356
vt 0.748539 0.594451
vt 0.748598 0.595049
vt 0.747910 0.595042
vt 0.747904 0.594404
vt 0.749011 0.594547
vt 0.749065 0.595054
vt 0.748417 0.593994
vt 0.747878 0.593947
vt 0.748849 0.594134
vt 0.749948 0.658985
vt 0.749899 0.658297
vt 0.750593 0.658297
vt 0.750593 0.659039
vt 0.703839 0.594127
vt 0.703839 0.593931
vt 0.749105 0.629736
vt 0.749403 0.629736
vt 0.680306 0.629002
vt 0.677692 0.628540
vt 0.680224 0.628518
vt 0.738431 0.596039
vt 0.739889 0.594570
vt 0.740144 0.595128
vt 0.738894 0.596527
vt 0.738075 0.595698
vt 0.739667 0.594136
vt 0.680871 0.629026
vt 0.682728 0.629167
vt 0.682786 0.629895
vt 0.680899 0.629730
vt 0.680782 0.628535
vt 0.682556 0.628667
vt 0.684818 0.629299
vt 0.684862 0.630026
vt 0.684689 0.628802
vt 0.685958 0.629389
vt 0.685982 0.630115
vt 0.685888 0.628894
vt 0.733783 0.598938
vt 0.735204 0.598464
vt 0.735418 0.599075
vt 0.733796 0.599607
vt 0.733756 0.598463
vt 0.735009 0.598032
vt 0.736391 0.597493
vt 0.736101 0.597104
vt 0.733822 0.628546
vt 0.733831 0.628349
vt 0.739789 0.628350
vt 0.760696 0.592751
vt 0.760336 0.574558
vt 0.761721 0.573442
vt 0.783640 0.656635
vt 0.782355 0.656631
vt 0.782355 0.628153
vt 0.783641 0.628160
vt 0.781229 0.656628
vt 0.781229 0.628149
vt 0.698427 0.628353
vt 0.699020 0.628352
vt 0.698974 0.628496
vt 0.698424 0.628508
vt 0.699328 0.628353
vt 0.699284 0.628473
vt 0.733678 0.629863
vt 0.733755 0.629314
vt 0.733898 0.629403
vt 0.733861 0.629862
vt 0.733888 0.629002
vt 0.733986 0.629104
vt 0.698427 0.595096
vt 0.698424 0.594579
vt 0.698974 0.594619
vt 0.699020 0.595098
vt 0.698431 0.594310
vt 0.698891 0.594348
vt 0.699286 0.594689
vt 0.699328 0.595090
vt 0.699188 0.594430
vt 0.769506 0.656616
vt 0.769510 0.657209
vt 0.768995 0.657163
vt 0.768951 0.656613
vt 0.769502 0.657518
vt 0.769073 0.657474
vt 0.768704 0.657081
vt 0.768663 0.656621
vt 0.768794 0.657379
vt 0.752358 0.592821
vt 0.752354 0.592965
vt 0.751834 0.592947
vt 0.751797 0.592815
vt 0.734693 0.628766
vt 0.734695 0.628960
vt 0.734266 0.629009
vt 0.734179 0.628856
vt 0.751535 0.592910
vt 0.751496 0.592796
vt 0.752357 0.559820
vt 0.751797 0.559818
vt 0.751834 0.559332
vt 0.752354 0.559298
vt 0.751496 0.559790
vt 0.751532 0.559387
vt 0.751902 0.559045
vt 0.752334 0.559009
vt 0.751617 0.559118
vt 0.734707 0.629864
vt 0.734153 0.629872
vt 0.734194 0.629322
vt 0.734708 0.629272
vt 0.759717 0.559185
vt 0.759777 0.559764
vt 0.759817 0.558920
vt 0.748812 0.629088
vt 0.748816 0.629684
vt 0.748734 0.628769
vt 0.760080 0.559834
vt 0.760260 0.559384
vt 0.761683 0.560798
vt 0.761321 0.561197
vt 0.760353 0.559125
vt 0.761863 0.560572
vt 0.779224 0.656623
vt 0.779172 0.657210
vt 0.777613 0.657166
vt 0.777641 0.656595
vt 0.779059 0.657520
vt 0.777543 0.657493
vt 0.781187 0.657214
vt 0.781097 0.657521
vt 0.783644 0.657217
vt 0.782328 0.657216
vt 0.783649 0.657536
vt 0.782271 0.657522
vt 0.764827 0.563707
vt 0.763751 0.562237
vt 0.764974 0.563204
vt 0.763890 0.561986
vt 0.765058 0.562928
vt 0.766457 0.592700
vt 0.766451 0.592843
vt 0.702992 0.660002
vt 0.715324 0.660341
vt 0.702985 0.660341
vt 0.732780 0.659342
vt 0.732860 0.658727
vt 0.733142 0.658751
vt 0.733051 0.659461
vt 0.732583 0.659702
vt 0.732791 0.659947
vt 0.702667 0.659240
vt 0.702594 0.659462
vt 0.702568 0.658751
vt 0.702736 0.659701
vt 0.702671 0.659948
vt 0.732271 0.659912
vt 0.732355 0.660239
vt 0.731718 0.660341
vt 0.731703 0.660002
vt 0.702829 0.659913
vt 0.702798 0.660239
vt 0.687234 0.629432
vt 0.687223 0.630150
vt 0.687132 0.630138
vt 0.687144 0.629417
vt 0.687188 0.628923
vt 0.687267 0.628948
vt 0.764845 0.659547
vt 0.764766 0.659568
vt 0.764837 0.659039
vt 0.733705 0.598954
vt 0.733715 0.599611
vt 0.733678 0.598493
vt 0.733749 0.628350
vt 0.733740 0.628544
vt 0.764845 0.659858
vt 0.764765 0.659885
vt 0.783735 0.656635
vt 0.783735 0.657228
vt 0.783736 0.657556
vt 0.748815 0.628747
vt 0.766533 0.563663
vt 0.766539 0.564225
vt 0.766458 0.564217
vt 0.766450 0.563660
vt 0.766520 0.563356
vt 0.766432 0.563358
vt 0.766538 0.592704
vt 0.766532 0.592849
vt 0.748725 0.628574
vt 0.748805 0.628546
vt 0.733221 0.658758
vt 0.733127 0.659492
vt 0.732714 0.659313
vt 0.732791 0.658720
vt 0.732848 0.660011
vt 0.732534 0.659640
vt 0.764838 0.658296
vt 0.764872 0.658289
vt 0.764872 0.659000
vt 0.748851 0.629153
vt 0.764871 0.659486
vt 0.748843 0.628688
vt 0.731724 0.660426
vt 0.732383 0.660322
vt 0.732249 0.659831
vt 0.731694 0.659919
vt 0.702983 0.660426
vt 0.702791 0.660321
vt 0.702836 0.659832
vt 0.702993 0.659917
vt 0.702655 0.660010
vt 0.702752 0.659639
vt 0.680636 0.629719
vt 0.680336 0.629722
vt 0.680606 0.629000
vt 0.680517 0.628509
vt 0.740502 0.595039
vt 0.740146 0.594432
vt 0.740425 0.594350
vt 0.739917 0.593989
vt 0.740202 0.593925
vt 0.777394 0.656607
vt 0.777099 0.656611
vt 0.777100 0.628144
vt 0.777395 0.628147
vt 0.760257 0.585657
vt 0.777364 0.657176
vt 0.777070 0.657165
vt 0.777293 0.657505
vt 0.777005 0.657493
vt 0.760002 0.559258
vt 0.760105 0.558982
vt 0.743032 0.594379
vt 0.742745 0.593937
vt 0.766459 0.578700
vt 0.752357 0.570262
vt 0.766457 0.581333
vt 0.759952 0.570281
vt 0.773806 0.584077
vt 0.771302 0.584083
vt 0.771338 0.558966
vt 0.773812 0.558920
vt 0.696849 0.619930
vt 0.696844 0.617635
vt 0.696880 0.623170
vt 0.696845 0.611670
vt 0.696852 0.614305
vt 0.696849 0.626157
vt 0.696852 0.626952
vt 0.748929 0.653746
vt 0.749016 0.653746
vt 0.749014 0.655888
vt 0.748927 0.655888
vt 0.766048 0.628209
vt 0.766175 0.628208
vt 0.766133 0.653149
vt 0.766034 0.653193
vt 0.765996 0.653321
vt 0.766083 0.653320
vt 0.766085 0.655766
vt 0.765998 0.655767
vt 0.733409 0.628599
vt 0.733576 0.628588
vt 0.733573 0.653627
vt 0.733410 0.653624
vt 0.751737 0.592982
vt 0.751865 0.592983
vt 0.751818 0.593725
vt 0.751733 0.593720
vt 0.765667 0.628178
vt 0.765802 0.628223
vt 0.765803 0.653169
vt 0.765668 0.653212
vt 0.696358 0.653739
vt 0.696444 0.653738
vt 0.696442 0.655087
vt 0.696356 0.655088
vt 0.765432 0.653399
vt 0.765518 0.653398
vt 0.765520 0.655843
vt 0.765434 0.655844
vt 0.702568 0.657351
vt 0.696846 0.621764
vt 0.696880 0.608258
vt 0.773851 0.584077
vt 0.773838 0.584124
vt 0.696462 0.653713
vt 0.696488 0.653673
vt 0.696482 0.653712
vt 0.696816 0.617683
vt 0.696744 0.617654
vt 0.696816 0.611719
vt 0.696744 0.611689
vt 0.696823 0.626183
vt 0.696792 0.626166
vt 0.696819 0.621794
vt 0.696744 0.621773
vt 0.696844 0.605706
vt 0.696816 0.605754
vt 0.696744 0.605724
vt 0.694504 0.628580
vt 0.694502 0.628508
vt 0.694545 0.628532
vt 0.694632 0.628580
vt 0.694632 0.628529
vt 0.694671 0.628542
vt 0.749059 0.653707
vt 0.749015 0.653702
vt 0.736119 0.593433
vt 0.736088 0.593465
vt 0.736088 0.593418
vt 0.748920 0.655912
vt 0.748883 0.655905
vt 0.748888 0.653702
vt 0.748928 0.653700
vt 0.748878 0.653734
vt 0.766132 0.628158
vt 0.766177 0.628146
vt 0.766003 0.628161
vt 0.766046 0.628156
vt 0.765997 0.628201
vt 0.695078 0.653691
vt 0.695080 0.653763
vt 0.695037 0.653739
vt 0.694911 0.653739
vt 0.694906 0.653691
vt 0.694950 0.653691
vt 0.694950 0.653742
vt 0.766126 0.653281
vt 0.766082 0.653276
vt 0.766083 0.655805
vt 0.766130 0.655768
vt 0.766128 0.655816
vt 0.765997 0.655809
vt 0.765955 0.655796
vt 0.765955 0.653287
vt 0.765995 0.653275
vt 0.733575 0.628552
vt 0.733530 0.628573
vt 0.751694 0.593730
vt 0.751680 0.593717
vt 0.751686 0.592979
vt 0.751698 0.592965
vt 0.702154 0.644835
vt 0.702155 0.644911
vt 0.702112 0.644884
vt 0.696488 0.653722
vt 0.696443 0.653713
vt 0.736121 0.593881
vt 0.736121 0.593925
vt 0.736088 0.593891
vt 0.696348 0.655113
vt 0.696311 0.655103
vt 0.696307 0.653734
vt 0.696323 0.653714
vt 0.694677 0.628580
vt 0.694674 0.628508
vt 0.694717 0.628532
vt 0.694804 0.628580
vt 0.694804 0.628529
vt 0.694843 0.628542
vt 0.765562 0.653359
vt 0.765517 0.653354
vt 0.765519 0.655882
vt 0.765566 0.655845
vt 0.765564 0.655894
vt 0.765391 0.655880
vt 0.765381 0.655843
vt 0.765420 0.655890
vt 0.765390 0.653354
vt 0.765431 0.653352
vt 0.765381 0.653387
vt 0.765997 0.628208
vt 0.765951 0.628207
vt 0.765949 0.628158
vt 0.765994 0.628146
vt 0.696804 0.614275
vt 0.696829 0.614223
vt 0.696744 0.614291
vt 0.696829 0.623170
vt 0.696823 0.623226
vt 0.696797 0.623196
vt 0.696744 0.623209
vt 0.696797 0.619907
vt 0.696829 0.619881
vt 0.696749 0.619918
vt 0.696829 0.608258
vt 0.696821 0.608359
vt 0.696804 0.608310
vt 0.696744 0.608332
vt 0.696794 0.626944
vt 0.696829 0.626926
vt 0.699328 0.653775
vt 0.699348 0.653732
vt 0.701516 0.653777
vt 0.773842 0.558927
vt 0.771310 0.584123
vt 0.765630 0.653347
vt 0.765617 0.653352
vt 0.765618 0.628194
vt 0.701984 0.594411
vt 0.702004 0.594363
vt 0.702006 0.619563
vt 0.696461 0.628555
vt 0.696479 0.628508
vt 0.695082 0.653710
vt 0.695100 0.653666
vt 0.749059 0.655889
vt 0.749050 0.655911
vt 0.748870 0.628606
vt 0.748907 0.628603
vt 0.748906 0.653637
vt 0.748870 0.653635
vt 0.749036 0.628595
vt 0.749041 0.628644
vt 0.766003 0.653191
vt 0.751865 0.593721
vt 0.733444 0.628570
vt 0.702170 0.619570
vt 0.702171 0.619601
vt 0.702043 0.619590
vt 0.765797 0.628169
vt 0.701992 0.644881
vt 0.701985 0.644843
vt 0.696488 0.655089
vt 0.765670 0.628152
vt 0.696479 0.655110
vt 0.765851 0.628164
vt 0.702170 0.619733
vt 0.702189 0.619628
vt 0.702189 0.644755
vt 0.671556 0.614324
vt 0.671584 0.614284
vt 0.776108 0.593976
vt 0.776116 0.619133
vt 0.768755 0.619130
vt 0.768747 0.593932
vt 0.696844 0.596209
vt 0.696852 0.603729
vt 0.671556 0.603749
vt 0.671538 0.605700
vt 0.768768 0.619178
vt 0.768854 0.619178
vt 0.768856 0.626472
vt 0.768770 0.626472
vt 0.766220 0.628209
vt 0.766348 0.628208
vt 0.766306 0.653149
vt 0.766211 0.653194
vt 0.696816 0.596257
vt 0.696744 0.596228
vt 0.696804 0.603699
vt 0.696829 0.603647
vt 0.696744 0.603716
vt 0.768897 0.619139
vt 0.768853 0.619134
vt 0.768855 0.626511
vt 0.768902 0.626473
vt 0.768900 0.626522
vt 0.768726 0.626508
vt 0.768717 0.626471
vt 0.768768 0.626514
vt 0.768726 0.619134
vt 0.768766 0.619133
vt 0.768717 0.619167
vt 0.766305 0.628158
vt 0.766350 0.628146
vt 0.766177 0.628170
vt 0.766219 0.628156
vt 0.733390 0.653691
vt 0.733392 0.653763
vt 0.733349 0.653739
vt 0.733262 0.653691
vt 0.733262 0.653742
vt 0.733223 0.653729
vt 0.702208 0.623707
vt 0.702227 0.623601
vt 0.702227 0.648729
vt 0.671584 0.603709
vt 0.733349 0.628580
vt 0.733393 0.628531
vt 0.742474 0.598361
vt 0.745163 0.598346
vt 0.694322 0.657781
vt 0.691710 0.657785
vt 0.691718 0.628537
vt 0.694500 0.628522
vt 0.702276 0.623699
vt 0.702547 0.623699
vt 0.702497 0.652947
vt 0.702227 0.652948
vt 0.701958 0.655821
vt 0.701646 0.655823
vt 0.701645 0.653000
vt 0.701961 0.653011
vt 0.702288 0.594324
vt 0.702560 0.594324
vt 0.702513 0.623586
vt 0.702243 0.623591
vt 0.764922 0.653409
vt 0.765193 0.653409
vt 0.765142 0.656030
vt 0.764872 0.656035
vt 0.742423 0.598464
vt 0.742168 0.627752
vt 0.745110 0.627748
vt 0.745266 0.598397
vt 0.691703 0.657839
vt 0.691663 0.657820
vt 0.691663 0.628537
vt 0.691676 0.628523
vt 0.694373 0.657787
vt 0.694354 0.657826
vt 0.745049 0.627741
vt 0.745082 0.627723
vt 0.702496 0.623653
vt 0.702551 0.623642
vt 0.701694 0.655843
vt 0.701640 0.655858
vt 0.702227 0.623664
vt 0.702276 0.623651
vt 0.702513 0.623631
vt 0.702568 0.623586
vt 0.702568 0.623642
vt 0.702293 0.623634
vt 0.702244 0.623631
vt 0.702227 0.594323
vt 0.702241 0.594310
vt 0.765141 0.653364
vt 0.765197 0.653352
vt 0.765142 0.656075
vt 0.765197 0.656030
vt 0.765197 0.656086
vt 0.764922 0.656078
vt 0.764873 0.656075
vt 0.764872 0.653374
vt 0.764922 0.653361
vt 0.742470 0.598465
vt 0.742493 0.598408
vt 0.742550 0.598391
vt 0.736112 0.593344
vt 0.736088 0.593368
vt 0.736088 0.593319
vt 0.745162 0.598394
vt 0.745218 0.598418
vt 0.745235 0.598475
vt 0.694495 0.628508
vt 0.701986 0.655783
vt 0.701625 0.655881
vt 0.701625 0.652948
vt 0.702553 0.652948
vt 0.701963 0.655836
vt 0.701643 0.652973
vt 0.701913 0.652988
vt 0.701958 0.594339
vt 0.701979 0.594310
vt 0.701984 0.623601
vt 0.742187 0.627722
vt 0.684862 0.658394
vt 0.685982 0.658483
vt 0.671538 0.617629
vt 0.779225 0.628144
vt 0.777642 0.628160
vt 0.669950 0.628353
vt 0.669953 0.628508
vt 0.768952 0.628142
vt 0.768663 0.628135
vt 0.764872 0.629745
vt 0.764838 0.629726
vt 0.680337 0.658072
vt 0.680636 0.658079
vt 0.769507 0.628138
vt 0.694544 0.653691
vt 0.694643 0.653735
vt 0.695038 0.628580
vt 0.694939 0.628536
vt 0.702173 0.594361
vt 0.702153 0.619720
vt 0.702015 0.619678
vt 0.771302 0.558923
vt 0.733395 0.653625
vt 0.733393 0.628595
vt 0.694816 0.653735
vt 0.694845 0.653729
vt 0.733250 0.628536
vt 0.671538 0.596203
vt 0.671584 0.596235
vt 0.672536 0.658188
vt 0.682786 0.658263
vt 0.680899 0.658098
vt 0.703151 0.593944
vt 0.703098 0.594126
vt 0.702621 0.593969
vt 0.702568 0.594122
vt 0.749452 0.629153
vt 0.749204 0.629047
vt 0.749601 0.628676
vt 0.749452 0.628517
vt 0.703158 0.628026
vt 0.703105 0.627428
vt 0.703846 0.627429
vt 0.703847 0.628074
vt 0.703264 0.628484
vt 0.703847 0.628531
vt 0.702628 0.627931
vt 0.702575 0.627425
vt 0.702787 0.628344
vt 0.671917 0.658902
vt 0.671857 0.658208
vt 0.672546 0.658935
vt 0.672042 0.659453
vt 0.672579 0.659493
vt 0.671451 0.658830
vt 0.671397 0.658246
vt 0.671615 0.659317
vt 0.736618 0.593309
vt 0.736561 0.593117
vt 0.737247 0.593098
vt 0.737254 0.593304
vt 0.750048 0.628518
vt 0.749948 0.628252
vt 0.750593 0.628146
vt 0.750593 0.628465
vt 0.736141 0.593319
vt 0.736088 0.593161
vt 0.736618 0.559488
vt 0.737254 0.559423
vt 0.737251 0.560045
vt 0.736561 0.560070
vt 0.736141 0.559616
vt 0.736088 0.560114
vt 0.736735 0.559062
vt 0.737276 0.559005
vt 0.736301 0.559223
vt 0.749949 0.629048
vt 0.750594 0.628995
vt 0.750594 0.629737
vt 0.749899 0.629737
vt 0.680224 0.659360
vt 0.677674 0.659410
vt 0.680306 0.658813
vt 0.745421 0.593028
vt 0.751385 0.592976
vt 0.751393 0.593183
vt 0.746740 0.560965
vt 0.746278 0.561441
vt 0.745026 0.560065
vt 0.745278 0.559522
vt 0.747092 0.560658
vt 0.745495 0.559125
vt 0.680871 0.658823
vt 0.682728 0.659008
vt 0.680782 0.659377
vt 0.682556 0.659561
vt 0.684818 0.659140
vt 0.684689 0.659696
vt 0.685958 0.659230
vt 0.685888 0.659788
vt 0.751397 0.563802
vt 0.751387 0.564454
vt 0.749762 0.563940
vt 0.749974 0.563344
vt 0.751419 0.563365
vt 0.750164 0.562948
vt 0.748785 0.562390
vt 0.749069 0.562037
vt 0.754618 0.627991
vt 0.755312 0.609657
vt 0.755308 0.621359
vt 0.669403 0.628496
vt 0.669357 0.628352
vt 0.669092 0.628473
vt 0.669048 0.628353
vt 0.733678 0.658142
vt 0.733861 0.658157
vt 0.733898 0.658612
vt 0.733755 0.658686
vt 0.733986 0.658903
vt 0.733888 0.658990
vt 0.669950 0.595096
vt 0.669357 0.595099
vt 0.669403 0.594619
vt 0.669953 0.594580
vt 0.669485 0.594348
vt 0.669945 0.594310
vt 0.669048 0.595090
vt 0.669090 0.594689
vt 0.669187 0.594430
vt 0.768995 0.627592
vt 0.769510 0.627546
vt 0.769073 0.627282
vt 0.769503 0.627238
vt 0.768705 0.627675
vt 0.768794 0.627378
vt 0.763303 0.627990
vt 0.763864 0.627988
vt 0.763828 0.628131
vt 0.763308 0.628144
vt 0.734693 0.659211
vt 0.734179 0.659133
vt 0.734266 0.658997
vt 0.734695 0.659036
vt 0.764168 0.627987
vt 0.764130 0.628107
vt 0.763265 0.594734
vt 0.763268 0.594218
vt 0.763789 0.594256
vt 0.763825 0.594737
vt 0.764093 0.594326
vt 0.764129 0.594727
vt 0.763291 0.593946
vt 0.763723 0.593984
vt 0.764009 0.594066
vt 0.734707 0.658149
vt 0.734708 0.658735
vt 0.734194 0.658694
vt 0.734153 0.658151
vt 0.669950 0.605684
vt 0.755854 0.594742
vt 0.755915 0.594169
vt 0.755817 0.593925
vt 0.748818 0.657914
vt 0.748811 0.658536
vt 0.748735 0.658843
vt 0.755551 0.594816
vt 0.754266 0.596234
vt 0.753953 0.595810
vt 0.755373 0.594375
vt 0.753775 0.595604
vt 0.755282 0.594136
vt 0.777613 0.627590
vt 0.779172 0.627557
vt 0.777543 0.627264
vt 0.779060 0.627247
vt 0.781188 0.627564
vt 0.781098 0.627257
vt 0.782329 0.627569
vt 0.783645 0.627570
vt 0.782271 0.627263
vt 0.783649 0.627253
vt 0.750668 0.598263
vt 0.751888 0.597278
vt 0.750814 0.598759
vt 0.750587 0.598008
vt 0.751752 0.597047
vt 0.749228 0.628143
vt 0.749220 0.627990
vt 0.702568 0.630206
vt 0.702671 0.629685
vt 0.702985 0.628616
vt 0.723139 0.628616
vt 0.702992 0.628955
vt 0.732780 0.629615
vt 0.733051 0.629496
vt 0.733142 0.630207
vt 0.732860 0.630231
vt 0.732583 0.629255
vt 0.732791 0.629010
vt 0.702594 0.629495
vt 0.702671 0.629009
vt 0.702736 0.629256
vt 0.731718 0.628616
vt 0.732355 0.628718
vt 0.732271 0.629046
vt 0.731703 0.628955
vt 0.702829 0.629043
vt 0.702798 0.628717
vt 0.687234 0.659256
vt 0.687144 0.659264
vt 0.687138 0.658505
vt 0.687223 0.658516
vt 0.687188 0.659825
vt 0.687267 0.659804
vt 0.764838 0.628994
vt 0.764766 0.628465
vt 0.764845 0.628485
vt 0.751475 0.563820
vt 0.751467 0.564460
vt 0.751496 0.563397
vt 0.751467 0.592979
vt 0.751474 0.593183
vt 0.764766 0.628146
vt 0.764845 0.628174
vt 0.783735 0.628152
vt 0.749138 0.627991
vt 0.749104 0.599292
vt 0.749187 0.599290
vt 0.783735 0.627560
vt 0.783736 0.627233
vt 0.748815 0.658864
vt 0.749111 0.598736
vt 0.749194 0.598734
vt 0.749126 0.598448
vt 0.749214 0.598451
vt 0.749146 0.628146
vt 0.748725 0.659019
vt 0.748805 0.659046
vt 0.748851 0.658508
vt 0.731694 0.629039
vt 0.702993 0.629040
vt 0.733221 0.630200
vt 0.733127 0.629465
vt 0.732714 0.629645
vt 0.732791 0.630237
vt 0.732848 0.628946
vt 0.732534 0.629317
vt 0.764872 0.629033
vt 0.764872 0.628547
vt 0.748843 0.658927
vt 0.731724 0.628531
vt 0.732383 0.628635
vt 0.732249 0.629127
vt 0.702983 0.628531
vt 0.702791 0.628636
vt 0.702836 0.629125
vt 0.702655 0.628947
vt 0.702752 0.629318
vt 0.680606 0.658820
vt 0.680517 0.659376
vt 0.744742 0.559308
vt 0.745021 0.559386
vt 0.744668 0.559979
vt 0.744960 0.558920
vt 0.745245 0.558980
vt 0.777070 0.627590
vt 0.777364 0.627579
vt 0.777006 0.627263
vt 0.777293 0.627251
vt 0.755629 0.594244
vt 0.755529 0.593988
vt 0.742119 0.559359
vt 0.742396 0.558952
vt 0.671520 0.626950
vt 0.671536 0.611663
vt 0.671525 0.608341
vt 0.763278 0.605258
vt 0.755691 0.605340
vt 0.768794 0.584126
vt 0.768786 0.558927
vt 0.771262 0.558971
vt 0.771270 0.584128
vt 0.671531 0.626155
vt 0.671497 0.614223
vt 0.671523 0.619926
vt 0.671522 0.623216
vt 0.733461 0.655900
vt 0.733458 0.653741
vt 0.733545 0.653741
vt 0.733547 0.655900
vt 0.749042 0.653591
vt 0.702042 0.654955
vt 0.702039 0.652490
vt 0.702125 0.652490
vt 0.702128 0.654955
vt 0.751542 0.593718
vt 0.751560 0.592969
vt 0.751639 0.592976
vt 0.751628 0.593720
vt 0.695127 0.655099
vt 0.695128 0.653740
vt 0.695215 0.653740
vt 0.695214 0.655099
vt 0.765243 0.655866
vt 0.765249 0.653402
vt 0.765335 0.653402
vt 0.765329 0.655867
vt 0.765990 0.653150
vt 0.765863 0.653151
vt 0.671536 0.621760
vt 0.701505 0.628621
vt 0.701505 0.628570
vt 0.701545 0.628583
vt 0.771262 0.558920
vt 0.771302 0.558933
vt 0.671633 0.617649
vt 0.671561 0.617684
vt 0.671633 0.611684
vt 0.671561 0.611719
vt 0.671583 0.626165
vt 0.671548 0.626183
vt 0.671628 0.621775
vt 0.671558 0.621794
vt 0.671633 0.605719
vt 0.671561 0.605754
vt 0.694500 0.653691
vt 0.694544 0.653739
vt 0.694502 0.653763
vt 0.733460 0.653699
vt 0.733415 0.653702
vt 0.736113 0.593465
vt 0.736113 0.593512
vt 0.736088 0.593478
vt 0.733591 0.655918
vt 0.733556 0.655928
vt 0.733588 0.653702
vt 0.733590 0.653741
vt 0.733559 0.653692
vt 0.766131 0.653195
vt 0.766177 0.653197
vt 0.695082 0.628580
vt 0.695038 0.628532
vt 0.695081 0.628508
vt 0.702040 0.652448
vt 0.701995 0.652451
vt 0.701996 0.654955
vt 0.702043 0.654997
vt 0.702000 0.655016
vt 0.702172 0.654991
vt 0.702142 0.655004
vt 0.702167 0.652450
vt 0.702176 0.652480
vt 0.702139 0.652441
vt 0.702174 0.594326
vt 0.702122 0.594349
vt 0.733574 0.653662
vt 0.733531 0.653646
vt 0.751680 0.593723
vt 0.751666 0.593733
vt 0.702112 0.619676
vt 0.702155 0.619649
vt 0.695130 0.653717
vt 0.695085 0.653723
vt 0.736117 0.593839
vt 0.736095 0.593881
vt 0.736088 0.593839
vt 0.695258 0.655119
vt 0.695222 0.655126
vt 0.695227 0.653713
vt 0.695258 0.653721
vt 0.694673 0.653691
vt 0.694717 0.653691
vt 0.694717 0.653739
vt 0.694674 0.653763
vt 0.765250 0.653360
vt 0.765206 0.653362
vt 0.765197 0.655866
vt 0.765244 0.655908
vt 0.765199 0.655918
vt 0.765371 0.655907
vt 0.765331 0.655911
vt 0.765381 0.655878
vt 0.765379 0.653362
vt 0.765381 0.653402
vt 0.765349 0.653352
vt 0.765992 0.653208
vt 0.765947 0.653195
vt 0.765861 0.653199
vt 0.765821 0.653186
vt 0.671548 0.614223
vt 0.671548 0.623171
vt 0.671580 0.623197
vt 0.671628 0.623208
vt 0.671548 0.619882
vt 0.671580 0.619907
vt 0.671633 0.619920
vt 0.671548 0.608258
vt 0.671573 0.608310
vt 0.671633 0.608327
vt 0.671548 0.626926
vt 0.671585 0.626943
vt 0.701548 0.653769
vt 0.699346 0.628621
vt 0.699328 0.628576
vt 0.764872 0.628150
vt 0.765630 0.628146
vt 0.695101 0.628555
vt 0.695082 0.628511
vt 0.771302 0.584120
vt 0.733415 0.655900
vt 0.733424 0.655926
vt 0.749036 0.653642
vt 0.751496 0.593718
vt 0.751507 0.592974
vt 0.733444 0.653647
vt 0.751680 0.592965
vt 0.702043 0.594343
vt 0.765632 0.653208
vt 0.765630 0.628179
vt 0.765798 0.653216
vt 0.695082 0.655099
vt 0.695091 0.655125
vt 0.765821 0.628169
vt 0.765821 0.628146
vt 0.765821 0.653275
vt 0.749059 0.628546
vt 0.749059 0.653700
vt 0.701984 0.648724
vt 0.701965 0.648616
vt 0.733591 0.628531
vt 0.733591 0.653692
vt 0.671544 0.603648
vt 0.702035 0.652380
vt 0.702044 0.645030
vt 0.702131 0.645030
vt 0.702122 0.652380
vt 0.776109 0.593925
vt 0.776148 0.593938
vt 0.671548 0.596297
vt 0.702046 0.644988
vt 0.701999 0.645030
vt 0.702002 0.644968
vt 0.701984 0.652381
vt 0.702037 0.652421
vt 0.701993 0.652441
vt 0.702163 0.652421
vt 0.702131 0.652429
vt 0.702173 0.652391
vt 0.702174 0.644990
vt 0.702176 0.645030
vt 0.702145 0.644981
vt 0.766304 0.653195
vt 0.766350 0.653197
vt 0.733349 0.628532
vt 0.776148 0.619125
vt 0.701984 0.644937
vt 0.766179 0.653186
vt 0.742697 0.563292
vt 0.740005 0.563300
vt 0.699273 0.628508
vt 0.699218 0.657532
vt 0.696603 0.657541
vt 0.696488 0.628509
vt 0.701680 0.652948
vt 0.701630 0.623699
vt 0.701901 0.623699
vt 0.701951 0.652948
vt 0.702530 0.652999
vt 0.702530 0.655823
vt 0.702217 0.655812
vt 0.702213 0.653002
vt 0.701685 0.623586
vt 0.701625 0.594324
vt 0.701896 0.594324
vt 0.701955 0.623591
vt 0.765685 0.655952
vt 0.765635 0.653332
vt 0.765906 0.653331
vt 0.765955 0.655957
vt 0.742748 0.563394
vt 0.743038 0.592455
vt 0.740093 0.592476
vt 0.739901 0.563352
vt 0.699264 0.657569
vt 0.699225 0.657587
vt 0.702208 0.655826
vt 0.702185 0.655773
vt 0.696570 0.657588
vt 0.696552 0.657549
vt 0.740120 0.592453
vt 0.740154 0.592471
vt 0.701627 0.623642
vt 0.701682 0.623653
vt 0.702532 0.655857
vt 0.702477 0.655841
vt 0.701901 0.623651
vt 0.701951 0.623664
vt 0.701630 0.623586
vt 0.701685 0.623631
vt 0.701630 0.623642
vt 0.701954 0.623631
vt 0.701905 0.623634
vt 0.701943 0.594310
vt 0.701958 0.594323
vt 0.765631 0.653275
vt 0.765686 0.653286
vt 0.765630 0.655952
vt 0.765685 0.655997
vt 0.765630 0.656009
vt 0.765954 0.655997
vt 0.765905 0.656000
vt 0.765906 0.653283
vt 0.765955 0.653297
vt 0.742701 0.563397
vt 0.742677 0.563341
vt 0.742621 0.563325
vt 0.736111 0.593368
vt 0.736111 0.593418
vt 0.736088 0.593392
vt 0.740006 0.563350
vt 0.739950 0.563374
vt 0.739932 0.563431
vt 0.699328 0.628510
vt 0.702197 0.652999
vt 0.702553 0.652948
vt 0.702552 0.655881
vt 0.701625 0.652948
vt 0.702258 0.652980
vt 0.702528 0.652973
vt 0.702213 0.623601
vt 0.702206 0.594310
vt 0.702227 0.594339
vt 0.743018 0.592428
vt 0.764873 0.653349
vt 0.748851 0.653589
vt 0.768756 0.584120
vt 0.768756 0.558933
vt 0.694673 0.653729
vt 0.694911 0.628541
vt 0.701984 0.619678
vt 0.702189 0.594310
vt 0.702189 0.619628
vt 0.702170 0.619628
vt 0.702170 0.644937
vt 0.768717 0.619124
vt 0.768717 0.593938
vt 0.733221 0.628542
vt 0.689399 0.629437
vt 0.689478 0.630163
vt 0.687326 0.630239
vt 0.687392 0.629464
vt 0.689381 0.628886
vt 0.687375 0.628913
vt 0.768578 0.628135
vt 0.768583 0.628820
vt 0.766564 0.628342
vt 0.766555 0.627730
vt 0.768556 0.627617
vt 0.766533 0.627260
vt 0.766543 0.659436
vt 0.768559 0.659420
vt 0.689558 0.658436
vt 0.689558 0.657687
vt 0.691584 0.657694
vt 0.691584 0.658451
vt 0.689557 0.658974
vt 0.691586 0.658991
vt 0.766536 0.659773
vt 0.768551 0.659757
vt 0.687345 0.628564
vt 0.689351 0.628536
vt 0.733807 0.593883
vt 0.733269 0.593324
vt 0.734052 0.593272
vt 0.734702 0.593822
vt 0.700285 0.558962
vt 0.701179 0.559023
vt 0.700530 0.559573
vt 0.699746 0.559521
vt 0.734634 0.593108
vt 0.735431 0.593614
vt 0.701909 0.559231
vt 0.701111 0.559737
vt 0.736000 0.560957
vt 0.735096 0.561624
vt 0.734987 0.560930
vt 0.735876 0.560168
vt 0.702480 0.592427
vt 0.702348 0.593182
vt 0.701467 0.592366
vt 0.701579 0.591727
vt 0.734641 0.560415
vt 0.735438 0.559508
vt 0.701904 0.593773
vt 0.701116 0.592842
vt 0.671336 0.594239
vt 0.671871 0.593222
vt 0.699753 0.593216
vt 0.700289 0.594233
vt 0.701572 0.560377
vt 0.702475 0.560004
vt 0.735997 0.592840
vt 0.735095 0.592467
vt 0.700535 0.593125
vt 0.701171 0.594129
vt 0.733810 0.559002
vt 0.734712 0.559118
vt 0.734060 0.560105
vt 0.733272 0.560005
vt 0.701460 0.560010
vt 0.702347 0.559579
vt 0.735869 0.593266
vt 0.734983 0.592835
vt 0.768634 0.625069
vt 0.768716 0.625067
vt 0.768716 0.625985
vt 0.768634 0.625995
vt 0.766543 0.625995
vt 0.766460 0.625985
vt 0.766461 0.625067
vt 0.766543 0.625069
vt 0.768715 0.626748
vt 0.768633 0.626769
vt 0.766542 0.626769
vt 0.766460 0.626748
vt 0.699459 0.596223
vt 0.699376 0.596231
vt 0.699366 0.595421
vt 0.699448 0.595400
vt 0.701539 0.594929
vt 0.701615 0.594925
vt 0.701625 0.595697
vt 0.701547 0.595701
vt 0.699328 0.594737
vt 0.699411 0.594703
vt 0.701499 0.594310
vt 0.701576 0.594312
vt 0.669125 0.658916
vt 0.669048 0.658916
vt 0.669048 0.630146
vt 0.669125 0.630139
vt 0.701587 0.628127
vt 0.701508 0.628127
vt 0.699424 0.628122
vt 0.699340 0.628121
vt 0.669060 0.629260
vt 0.669139 0.629248
vt 0.671247 0.630142
vt 0.671262 0.629226
vt 0.671348 0.629245
vt 0.671334 0.630152
vt 0.669104 0.628542
vt 0.669183 0.628522
vt 0.671313 0.628509
vt 0.671397 0.628537
vt 0.701576 0.628565
vt 0.701496 0.628570
vt 0.699412 0.628565
vt 0.699328 0.628560
vt 0.766541 0.627233
vt 0.766459 0.627205
vt 0.768714 0.627205
vt 0.768632 0.627233
vt 0.689479 0.629427
vt 0.687315 0.629457
vt 0.689461 0.628865
vt 0.687297 0.628895
vt 0.768657 0.628141
vt 0.768663 0.628825
vt 0.766488 0.628341
vt 0.766481 0.627716
vt 0.768634 0.627616
vt 0.766459 0.627233
vt 0.766466 0.659441
vt 0.768640 0.659424
vt 0.689480 0.658450
vt 0.689480 0.657691
vt 0.691662 0.657696
vt 0.691662 0.658460
vt 0.689481 0.658999
vt 0.691663 0.659010
vt 0.766459 0.659781
vt 0.768632 0.659764
vt 0.687267 0.628538
vt 0.689431 0.628509
vt 0.734731 0.593862
vt 0.733813 0.593925
vt 0.733287 0.593278
vt 0.734023 0.593233
vt 0.700291 0.558920
vt 0.701209 0.558982
vt 0.700500 0.559611
vt 0.699718 0.559565
vt 0.735495 0.593644
vt 0.734571 0.593079
vt 0.701973 0.559200
vt 0.701049 0.559766
vt 0.735962 0.560139
vt 0.736088 0.560951
vt 0.735011 0.561628
vt 0.734906 0.560951
vt 0.702568 0.592431
vt 0.702431 0.593205
vt 0.701383 0.592336
vt 0.701493 0.591720
vt 0.735505 0.559448
vt 0.734579 0.560464
vt 0.701965 0.593825
vt 0.701054 0.592782
vt 0.704845 0.559002
vt 0.704838 0.558920
vt 0.733818 0.558920
vt 0.671325 0.558968
vt 0.671316 0.558922
vt 0.702562 0.560001
vt 0.701486 0.560380
vt 0.736085 0.592843
vt 0.735009 0.592465
vt 0.701199 0.594197
vt 0.700295 0.594303
vt 0.699747 0.593137
vt 0.700505 0.593049
vt 0.734745 0.559040
vt 0.734030 0.560171
vt 0.733266 0.560073
vt 0.702431 0.559564
vt 0.701378 0.560023
vt 0.735954 0.593281
vt 0.734900 0.592821
vt 0.705383 0.560005
vt 0.671864 0.559527
vt 0.671334 0.658936
vt 0.671247 0.658936
vt 0.766466 0.596092
vt 0.689480 0.629822
vt 0.689558 0.629826
vt 0.671870 0.559567
vt 0.687398 0.657895
vt 0.689480 0.657872
vt 0.689399 0.658609
vt 0.687392 0.658637
vt 0.689381 0.659125
vt 0.687375 0.659153
vt 0.766625 0.559811
vt 0.768646 0.559388
vt 0.768635 0.559993
vt 0.766619 0.560490
vt 0.766652 0.559325
vt 0.768673 0.558951
vt 0.691584 0.629822
vt 0.768670 0.591326
vt 0.766657 0.591326
vt 0.689558 0.629078
vt 0.691585 0.629065
vt 0.689558 0.628541
vt 0.691586 0.628527
vt 0.768679 0.591678
vt 0.766666 0.591678
vt 0.689351 0.659416
vt 0.687345 0.659444
vt 0.704603 0.593272
vt 0.705386 0.593324
vt 0.704848 0.593883
vt 0.703954 0.593822
vt 0.671081 0.559579
vt 0.670431 0.559029
vt 0.704021 0.593108
vt 0.703224 0.593614
vt 0.670499 0.559743
vt 0.669701 0.559238
vt 0.703668 0.560930
vt 0.703559 0.561624
vt 0.702656 0.560957
vt 0.702779 0.560168
vt 0.669144 0.592434
vt 0.670045 0.591734
vt 0.670158 0.592373
vt 0.669276 0.593189
vt 0.704014 0.560415
vt 0.703217 0.559508
vt 0.670508 0.592848
vt 0.669721 0.593780
vt 0.670038 0.560384
vt 0.669136 0.560011
vt 0.703561 0.592467
vt 0.702658 0.592840
vt 0.671090 0.593132
vt 0.670454 0.594136
vt 0.704596 0.560105
vt 0.703943 0.559118
vt 0.670150 0.560016
vt 0.669263 0.559586
vt 0.703672 0.592835
vt 0.702786 0.593266
vt 0.768717 0.595177
vt 0.768717 0.596095
vt 0.768635 0.596093
vt 0.768634 0.595167
vt 0.766461 0.595177
vt 0.766543 0.595167
vt 0.768716 0.594413
vt 0.768634 0.594391
vt 0.766460 0.594413
vt 0.766542 0.594391
vt 0.766428 0.594961
vt 0.766419 0.595751
vt 0.766336 0.595741
vt 0.766346 0.594937
vt 0.764168 0.595238
vt 0.764176 0.594487
vt 0.764252 0.594488
vt 0.764246 0.595238
vt 0.766459 0.594332
vt 0.766376 0.594297
vt 0.764207 0.593930
vt 0.764286 0.593925
vt 0.764199 0.627419
vt 0.764279 0.627416
vt 0.766449 0.627398
vt 0.766365 0.627396
vt 0.669060 0.659826
vt 0.669139 0.659834
vt 0.671348 0.659871
vt 0.671262 0.659882
vt 0.669104 0.660629
vt 0.669183 0.660647
vt 0.671397 0.660672
vt 0.671313 0.660695
vt 0.764208 0.627869
vt 0.764288 0.627870
vt 0.766459 0.627848
vt 0.766375 0.627850
vt 0.766459 0.593953
vt 0.766541 0.593925
vt 0.768715 0.593953
vt 0.768633 0.593925
vt 0.689479 0.658619
vt 0.687315 0.658649
vt 0.687321 0.657900
vt 0.689461 0.659146
vt 0.687297 0.659176
vt 0.766539 0.560493
vt 0.766546 0.559815
vt 0.768720 0.559370
vt 0.768711 0.559988
vt 0.766573 0.559323
vt 0.768747 0.558920
vt 0.691662 0.629819
vt 0.768747 0.591327
vt 0.766575 0.591327
vt 0.689481 0.629063
vt 0.691662 0.629056
vt 0.689481 0.628516
vt 0.691663 0.628509
vt 0.768756 0.591683
vt 0.766585 0.591683
vt 0.687267 0.659473
vt 0.689431 0.659443
vt 0.704842 0.593925
vt 0.703924 0.593862
vt 0.704632 0.593233
vt 0.705390 0.593280
vt 0.670401 0.558989
vt 0.671110 0.559618
vt 0.703160 0.593644
vt 0.704084 0.593079
vt 0.669637 0.559207
vt 0.670562 0.559772
vt 0.702568 0.560951
vt 0.702694 0.560139
vt 0.703750 0.560951
vt 0.703645 0.561628
vt 0.669194 0.593212
vt 0.669057 0.592438
vt 0.670131 0.591727
vt 0.670241 0.592343
vt 0.703151 0.559448
vt 0.704077 0.560464
vt 0.669660 0.593832
vt 0.670571 0.592788
vt 0.671878 0.593143
vt 0.669048 0.560008
vt 0.670124 0.560387
vt 0.702570 0.592843
vt 0.703647 0.592465
vt 0.671330 0.594310
vt 0.670426 0.594204
vt 0.671119 0.593055
vt 0.703911 0.559040
vt 0.705390 0.560073
vt 0.704626 0.560171
vt 0.669179 0.559571
vt 0.670233 0.560030
vt 0.702702 0.593281
vt 0.703755 0.592821
s 1
f 3/1/1 4/2/2 337/3/3
f 337/3/3 2/4/4 3/1/1
f 5/5/5 37/6/6 4/2/2
f 4/2/2 3/1/1 5/5/5
f 7/7/7 3/8/1 2/9/4
f 2/9/4 6/10/8 7/7/7
f 8/11/9 5/12/5 3/8/1
f 3/8/1 7/7/7 8/11/9
f 10/13/10 11/14/11 9/15/12
f 9/15/12 338/16/13 10/13/10
f 12/17/14 13/18/15 11/14/11
f 11/14/11 10/13/10 12/17/14
f 14/19/16 10/13/10 338/16/13
f 338/16/13 32/20/17 14/19/16
f 15/21/18 12/17/14 10/13/10
f 10/13/10 14/19/16 15/21/18
f 17/22/19 18/23/20 170/24/21
f 170/24/21 16/25/22 17/22/19
f 19/26/23 36/27/24 18/23/20
f 18/23/20 17/22/19 19/26/23
f 12/28/14 17/22/19 16/25/22
f 16/25/22 13/29/15 12/28/14
f 15/30/18 19/26/23 17/22/19
f 17/22/19 12/28/14 15/30/18
f 20/31/25 21/32/26 330/33/27
f 330/33/27 345/34/28 20/31/25
f 22/35/29 172/36/30 21/37/26
f 21/37/26 20/38/25 22/35/29
f 5/39/5 20/31/25 345/34/28
f 345/34/28 37/40/6 5/39/5
f 8/11/9 22/35/29 20/38/25
f 20/38/25 5/12/5 8/11/9
f 24/41/31 25/42/32 23/43/33
f 23/43/33 35/44/34 24/41/31
f 14/45/16 32/46/17 25/42/32
f 25/42/32 24/41/31 14/45/16
f 19/47/23 24/41/31 35/44/34
f 35/44/34 36/48/24 19/47/23
f 15/49/18 14/45/16 24/41/31
f 24/41/31 19/47/23 15/49/18
f 27/50/35 28/51/36 26/52/37
f 26/52/37 333/53/38 27/50/35
f 7/7/7 6/10/8 28/51/36
f 28/51/36 27/50/35 7/7/7
f 22/35/29 27/50/35 333/53/38
f 333/53/38 172/36/30 22/35/29
f 8/11/9 7/7/7 27/50/35
f 27/50/35 22/35/29 8/11/9
f 2/4/4 337/3/3 29/54/39
f 29/54/39 30/55/40 2/4/4
f 6/10/8 2/9/4 30/56/40
f 30/56/40 31/57/41 6/10/8
f 334/58/42 171/59/43 34/60/44
f 39/61/45 40/62/46 38/63/47
f 38/63/47 336/64/48 39/61/45
f 41/65/49 42/66/50 40/62/46
f 40/62/46 39/61/45 41/65/49
f 45/67/51 46/68/52 43/69/53
f 43/69/53 44/70/54 45/67/51
f 42/71/50 41/72/49 46/68/52
f 46/68/52 45/67/51 42/71/50
f 48/73/55 47/74/56 43/69/53
f 43/69/53 46/68/52 48/73/55
f 49/75/57 48/73/55 46/68/52
f 46/68/52 41/72/49 49/75/57
f 48/73/55 54/76/58 53/77/59
f 53/77/59 47/74/56 48/73/55
f 49/75/57 55/78/60 54/76/58
f 54/76/58 48/73/55 49/75/57
f 139/79/61 57/80/62 58/81/63
f 58/81/63 1/82/64 139/79/61
f 52/83/65 55/84/60 57/80/62
f 57/80/62 139/79/61 52/83/65
f 57/80/62 59/85/66 58/81/63
f 55/84/60 49/86/57 59/85/66
f 59/85/66 57/80/62 55/84/60
f 331/87/67 344/88/68 343/89/69
f 39/61/45 336/64/48 58/81/63
f 58/81/63 59/85/66 39/61/45
f 41/65/49 39/61/45 59/85/66
f 59/85/66 49/86/57 41/65/49
f 175/90/70 60/91/71 298/92/72
f 143/93/73 108/94/74 61/95/75
f 61/95/75 497/96/76 143/93/73
f 108/94/74 62/97/77 493/98/78
f 493/98/78 61/95/75 108/94/74
f 65/99/79 86/100/80 63/101/81
f 63/101/81 64/102/82 65/99/79
f 86/100/80 87/103/83 66/104/84
f 66/104/84 63/101/81 86/100/80
f 64/105/82 63/106/81 67/107/85
f 67/107/85 68/108/86 64/105/82
f 63/106/81 66/109/84 69/110/87
f 69/110/87 67/107/85 63/106/81
f 301/111/88 187/112/89 70/113/90
f 70/113/90 71/114/91 301/111/88
f 187/112/89 188/115/92 72/116/93
f 72/116/93 70/113/90 187/112/89
f 71/114/91 70/113/90 73/117/94
f 73/117/94 74/118/95 71/114/91
f 70/113/90 72/116/93 75/119/96
f 75/119/96 73/117/94 70/113/90
f 184/120/97 88/121/98 76/122/99
f 76/122/99 77/123/100 184/120/97
f 88/121/98 89/124/101 78/125/102
f 78/125/102 76/122/99 88/121/98
f 77/123/100 76/122/99 72/126/93
f 72/126/93 188/127/92 77/123/100
f 76/122/99 78/125/102 75/128/96
f 75/128/96 72/126/93 76/122/99
f 174/129/103 90/130/104 79/131/105
f 79/131/105 80/132/106 174/129/103
f 90/133/104 91/134/107 81/135/108
f 81/135/108 79/136/105 90/133/104
f 80/132/106 79/131/105 66/137/84
f 66/137/84 87/138/83 80/132/106
f 79/136/105 81/135/108 69/110/87
f 69/110/87 66/109/84 79/136/105
f 93/139/109 177/140/110 82/141/111
f 82/141/111 83/142/112 93/139/109
f 177/140/110 74/143/95 73/144/94
f 73/144/94 82/141/111 177/140/110
f 83/142/112 82/141/111 78/145/102
f 78/145/102 89/146/101 83/142/112
f 82/141/111 73/144/94 75/147/96
f 75/147/96 78/145/102 82/141/111
f 185/148/113 189/149/114 84/150/115
f 84/150/115 85/151/116 185/148/113
f 189/149/114 68/108/86 67/107/85
f 67/107/85 84/150/115 189/149/114
f 85/151/116 84/150/115 81/135/108
f 81/135/108 91/134/107 85/151/116
f 84/150/115 67/107/85 69/110/87
f 69/110/87 81/135/108 84/150/115
f 65/99/79 71/114/91 86/100/80
f 87/103/83 86/100/80 71/114/91
f 71/114/91 74/118/95 87/103/83
f 83/142/112 92/152/117 168/153/118
f 168/153/118 93/139/109 83/142/112
f 89/146/101 94/154/119 92/152/117
f 92/152/117 83/142/112 89/146/101
f 80/132/106 87/138/83 74/143/95
f 85/151/116 95/155/120 146/156/121
f 146/156/121 185/148/113 85/151/116
f 91/134/107 96/157/122 95/155/120
f 95/155/120 85/151/116 91/134/107
f 299/158/123 99/159/124 97/160/125
f 97/160/125 98/161/126 299/158/123
f 99/159/124 101/162/127 100/163/128
f 100/163/128 97/160/125 99/159/124
f 186/164/129 104/165/130 102/166/131
f 102/166/131 103/167/132 186/164/129
f 104/165/130 100/168/128 101/169/127
f 101/169/127 102/166/131 104/165/130
f 105/170/133 104/165/130 186/164/129
f 186/164/129 62/97/77 105/170/133
f 106/171/134 100/168/128 104/165/130
f 104/165/130 105/170/133 106/171/134
f 143/93/73 142/172/135 107/173/136
f 107/173/136 108/94/74 143/93/73
f 142/172/135 110/174/137 109/175/138
f 109/175/138 107/173/136 142/172/135
f 108/94/74 107/173/136 105/170/133
f 105/170/133 62/97/77 108/94/74
f 107/173/136 109/175/138 106/171/134
f 106/171/134 105/170/133 107/173/136
f 300/176/139 115/177/140 114/178/141
f 115/177/140 106/179/134 109/180/138
f 109/180/138 114/178/141 115/177/140
f 175/90/70 113/181/142 150/182/143
f 97/160/125 115/177/140 300/176/139
f 300/176/139 98/161/126 97/160/125
f 100/163/128 106/179/134 115/177/140
f 115/177/140 97/160/125 100/163/128
f 131/183/144 178/184/145 116/185/146
f 119/186/147 120/187/148 117/188/149
f 117/188/149 118/189/150 119/186/147
f 122/190/151 119/186/147 118/189/150
f 118/189/150 121/191/152 122/190/151
f 190/192/153 123/193/154 124/194/155
f 126/195/156 125/196/157 123/193/154
f 123/193/154 190/192/153 126/195/156
f 128/197/158 127/198/159 339/199/160
f 339/199/160 302/200/161 128/197/158
f 122/190/151 121/191/152 127/198/159
f 127/198/159 128/197/158 122/190/151
f 130/201/162 131/183/144 116/185/146
f 116/185/146 129/202/163 130/201/162
f 126/195/156 130/201/162 129/202/163
f 129/202/163 125/196/157 126/195/156
f 134/203/164 135/204/165 50/205/166
f 50/205/166 51/206/167 134/203/164
f 134/203/164 51/206/167 52/207/65
f 52/207/65 136/208/168 134/203/164
f 138/209/169 56/210/170 137/211/171
f 140/212/172 139/79/61 1/82/64
f 1/82/64 133/213/173 140/212/172
f 136/214/168 52/83/65 139/79/61
f 139/79/61 140/212/172 136/214/168
f 152/215/174 344/88/68 331/87/67
f 331/87/67 141/216/175 152/215/174
f 141/217/175 331/218/67 56/210/170
f 56/210/170 138/209/169 141/217/175
f 192/219/176 144/220/177 142/172/135
f 142/172/135 143/93/73 192/219/176
f 144/220/177 145/221/178 110/174/137
f 110/174/137 142/172/135 144/220/177
f 96/157/122 147/222/179 95/155/120
f 148/223/180 149/224/181 111/225/182
f 111/225/182 112/226/183 148/223/180
f 145/227/178 148/223/180 112/226/183
f 112/226/183 110/228/137 145/227/178
f 183/229/184 151/230/185 150/182/143
f 150/182/143 113/181/142 183/229/184
f 147/222/179 96/157/122 150/231/143
f 150/231/143 151/232/185 147/222/179
f 135/233/165 134/234/164 118/189/150
f 118/189/150 117/188/149 135/233/165
f 144/235/177 192/236/176 120/187/148
f 120/187/148 119/186/147 144/235/177
f 136/237/168 121/191/152 118/189/150
f 118/189/150 134/234/164 136/237/168
f 145/238/178 144/235/177 119/186/147
f 119/186/147 122/190/151 145/238/178
f 132/239/186 124/240/155 123/241/154
f 123/241/154 137/211/171 132/239/186
f 190/242/153 146/156/121 95/155/120
f 137/211/171 123/241/154 125/243/157
f 125/243/157 138/209/169 137/211/171
f 147/222/179 126/244/156 190/242/153
f 190/242/153 95/155/120 147/222/179
f 133/245/173 339/199/160 127/198/159
f 127/198/159 140/246/172 133/245/173
f 148/247/180 128/197/158 302/200/161
f 302/200/161 149/248/181 148/247/180
f 140/246/172 127/198/159 121/191/152
f 121/191/152 136/237/168 140/246/172
f 148/247/180 145/238/178 122/190/151
f 122/190/151 128/197/158 148/247/180
f 152/249/174 141/250/175 129/202/163
f 129/202/163 116/185/146 152/249/174
f 151/251/185 183/252/184 131/183/144
f 131/183/144 130/201/162 151/251/185
f 141/250/175 138/253/169 125/196/157
f 125/196/157 129/202/163 141/250/175
f 147/254/179 151/251/185 130/201/162
f 130/201/162 126/195/156 147/254/179
f 156/255/187 33/256/188 334/58/42
f 334/58/42 155/257/189 156/255/187
f 157/258/190 155/257/189 334/58/42
f 334/58/42 34/60/44 157/258/190
f 153/259/191 159/260/192 158/261/193
f 159/260/192 157/262/190 34/263/44
f 34/263/44 158/261/193 159/260/192
f 159/260/192 153/259/191 38/63/47
f 38/63/47 40/62/46 159/260/192
f 159/260/192 40/62/46 42/66/50
f 42/66/50 157/262/190 159/260/192
f 155/257/189 45/67/51 44/70/54
f 44/70/54 156/255/187 155/257/189
f 157/258/190 42/71/50 45/67/51
f 45/67/51 155/257/189 157/258/190
f 161/264/194 164/265/195 160/266/196
f 160/266/196 545/267/197 161/264/194
f 60/91/71 175/90/70 162/268/198
f 165/269/199 163/270/200 164/265/195
f 164/265/195 161/264/194 165/269/199
f 166/271/201 94/272/119 163/270/200
f 163/270/200 165/269/199 166/271/201
f 92/152/117 167/273/202 168/153/118
f 167/273/202 92/152/117 94/154/119
f 94/154/119 166/274/201 167/273/202
f 167/273/202 99/159/124 299/158/123
f 299/158/123 168/153/118 167/273/202
f 167/273/202 166/274/201 101/162/127
f 101/162/127 99/159/124 167/273/202
f 161/264/194 103/167/132 102/166/131
f 102/166/131 165/269/199 161/264/194
f 166/271/201 165/269/199 102/166/131
f 102/166/131 101/169/127 166/271/201
f 23/43/33 332/275/203 35/44/34
f 36/48/24 35/44/34 332/275/203
f 332/275/203 171/276/43 36/48/24
f 88/121/98 184/120/97 164/265/195
f 164/265/195 163/270/200 88/121/98
f 94/272/119 89/124/101 88/121/98
f 88/121/98 163/270/200 94/272/119
f 90/130/104 174/129/103 175/90/70
f 175/90/70 150/182/143 90/130/104
f 91/134/107 90/133/104 150/231/143
f 150/231/143 96/157/122 91/134/107
f 112/226/183 111/225/182 300/176/139
f 300/176/139 114/178/141 112/226/183
f 110/228/137 112/226/183 114/178/141
f 114/178/141 109/180/138 110/228/137
f 54/76/58 51/206/167 50/205/166
f 50/205/166 53/77/59 54/76/58
f 55/78/60 52/207/65 51/206/167
f 51/206/167 54/76/58 55/78/60
f 111/225/182 179/277/204 300/176/139
f 175/90/70 298/92/72 113/181/142
f 174/129/103 80/132/106 177/140/110
f 177/140/110 173/278/205 174/129/103
f 74/143/95 177/140/110 80/132/106
f 131/183/144 339/199/160 178/184/145
f 179/277/204 111/225/182 149/224/181
f 183/229/184 113/181/142 176/279/206
f 162/268/198 303/280/207 60/91/71
f 174/129/103 162/268/198 175/90/70
f 162/268/198 174/129/103 173/278/205
f 173/278/205 303/280/207 162/268/198
f 182/281/208 233/282/209 180/283/210
f 180/283/210 181/284/211 182/281/208
f 176/279/206 298/92/72 179/277/204
f 298/92/72 176/279/206 113/181/142
f 176/279/206 179/277/204 183/229/184
f 149/224/181 183/229/184 179/277/204
f 183/252/184 149/248/181 131/183/144
f 195/285/212 193/286/213 194/287/214
f 196/288/215 194/287/214 197/289/216
f 198/290/217 65/99/79 199/291/218
f 206/292/219 203/293/220 204/294/221
f 204/294/221 205/295/222 206/292/219
f 209/296/223 263/297/224 207/298/225
f 207/298/225 208/299/226 209/296/223
f 213/300/227 210/301/228 211/302/229
f 211/302/229 212/303/230 213/300/227
f 214/304/231 271/305/232 394/306/233
f 394/306/233 392/307/234 214/304/231
f 216/308/235 250/309/236 270/310/237
f 270/310/237 215/311/238 216/308/235
f 275/312/239 274/313/240 395/314/241
f 395/314/241 217/315/242 275/312/239
f 221/316/243 218/317/244 219/318/245
f 219/318/245 220/319/246 221/316/243
f 225/320/247 222/321/248 223/322/229
f 223/322/229 224/323/249 225/320/247
f 193/286/213 197/289/216 194/287/214
f 190/192/153 124/194/155 191/324/250
f 200/325/251 195/285/212 194/287/214
f 194/287/214 196/288/215 65/99/79
f 198/290/217 194/287/214 65/99/79
f 196/288/215 202/326/252 65/99/79
f 182/281/208 234/327/253 235/328/254
f 240/329/255 239/330/256 278/331/257
f 193/286/213 247/332/258 253/333/259
f 196/288/215 248/334/260 265/335/261
f 250/336/236 249/337/262 198/290/217
f 200/325/251 251/338/263 276/339/264
f 201/340/265 252/341/266 280/342/267
f 253/343/259 247/344/258 254/345/268
f 255/346/269 256/347/270 228/348/271
f 247/349/258 203/293/220 254/350/268
f 258/351/272 204/352/221 257/353/273
f 205/295/222 259/354/274 231/355/275
f 228/356/271 256/357/270 206/292/219
f 206/292/219 229/358/276 228/356/271
f 261/359/277 262/360/278 263/297/224
f 232/361/279 264/362/280 209/296/223
f 209/296/223 233/363/209 232/361/279
f 265/364/261 248/365/260 266/366/268
f 235/367/254 234/368/253 267/369/281
f 267/369/281 268/370/282 235/367/254
f 248/371/260 210/301/228 266/372/268
f 261/373/277 211/302/229 269/374/283
f 269/374/283 262/375/278 261/373/277
f 212/303/230 264/376/280 232/377/279
f 235/378/254 268/379/282 213/300/227
f 272/380/284 271/305/232 270/381/237
f 214/382/231 238/383/285 215/311/238
f 216/308/235 237/384/286 236/385/287
f 276/386/264 251/387/263 277/388/288
f 251/389/263 218/317/244 277/390/288
f 273/391/289 219/392/245 279/393/290
f 220/319/246 275/394/239 242/395/291
f 221/316/243 240/396/255 278/397/257
f 280/398/267 252/399/266 281/400/292
f 282/401/293 283/402/294 245/403/295
f 252/404/266 222/321/248 281/405/292
f 286/406/296 223/322/229 284/407/297
f 284/407/297 285/408/298 286/406/296
f 244/409/299 243/410/300 224/323/249
f 224/323/249 287/411/301 244/409/299
f 245/412/295 283/413/294 225/320/247
f 225/320/247 246/414/302 245/412/295
f 289/415/303 288/416/304 286/417/296
f 286/417/296 285/418/298 289/415/303
f 197/289/216 262/419/278 269/420/283
f 263/421/224 262/419/278 197/289/216
f 279/422/290 194/287/214 226/423/305
f 226/423/305 273/424/289 279/422/290
f 274/425/240 273/424/289 226/423/305
f 195/285/212 258/426/272 257/427/273
f 260/428/306 258/426/272 195/285/212
f 284/429/297 202/326/252 227/430/307
f 227/430/307 285/431/298 284/429/297
f 289/432/303 285/431/298 227/430/307
f 199/291/218 271/433/232 272/434/284
f 231/435/275 230/436/308 229/437/276
f 234/327/253 182/281/208 181/284/211
f 181/284/211 594/438/309 234/327/253
f 232/439/279 233/282/209 182/281/208
f 182/281/208 235/328/254 232/439/279
f 236/440/287 237/441/286 290/442/310
f 290/443/310 595/444/311 236/445/287
f 239/330/256 240/329/255 291/446/312
f 291/446/312 597/447/313 239/330/256
f 242/448/291 241/449/314 240/329/255
f 247/332/258 193/286/213 195/285/212
f 195/285/212 257/427/273 247/332/258
f 248/334/260 196/288/215 197/289/216
f 197/289/216 269/420/283 248/334/260
f 250/336/236 198/290/217 199/291/218
f 199/291/218 272/434/284 250/336/236
f 251/338/263 200/325/251 194/287/214
f 194/287/214 279/422/290 251/338/263
f 252/341/266 201/340/265 202/326/252
f 202/326/252 284/429/297 252/341/266
f 254/345/268 256/347/270 255/346/269
f 255/346/269 253/343/259 254/345/268
f 257/450/273 204/294/221 203/293/220
f 203/293/220 247/349/258 257/450/273
f 258/451/272 259/354/274 205/295/222
f 205/295/222 204/294/221 258/451/272
f 229/358/276 206/292/219 205/295/222
f 205/295/222 231/355/275 229/358/276
f 254/350/268 203/293/220 206/292/219
f 206/292/219 256/357/270 254/350/268
f 231/452/275 259/453/274 292/454/315
f 292/454/315 293/455/316 231/452/275
f 258/456/272 260/457/306 259/453/274
f 233/363/209 209/296/223 208/299/226
f 208/299/226 294/458/317 233/363/209
f 261/359/277 263/297/224 209/296/223
f 209/296/223 264/362/280 261/359/277
f 266/366/268 268/370/282 267/369/281
f 267/369/281 265/364/261 266/366/268
f 269/374/283 211/302/229 210/301/228
f 210/301/228 248/371/260 269/374/283
f 261/373/277 264/376/280 212/303/230
f 212/303/230 211/302/229 261/373/277
f 235/378/254 213/300/227 212/303/230
f 212/303/230 232/377/279 235/378/254
f 266/372/268 210/301/228 213/300/227
f 213/300/227 268/379/282 266/372/268
f 270/381/237 271/305/232 214/304/231
f 272/459/284 270/310/237 250/309/236
f 270/381/237 214/304/231 215/460/238
f 237/384/286 216/308/235 215/311/238
f 215/311/238 238/383/285 237/384/286
f 249/461/262 250/462/236 216/463/235
f 216/463/235 236/445/287 249/461/262
f 273/464/289 274/313/240 275/312/239
f 277/388/288 278/465/257 239/466/256
f 239/466/256 276/386/264 277/388/288
f 279/467/290 219/318/245 218/317/244
f 218/317/244 251/389/263 279/467/290
f 273/464/289 275/312/239 220/468/246
f 220/319/246 219/318/245 273/469/289
f 240/396/255 221/316/243 220/319/246
f 220/319/246 242/395/291 240/396/255
f 277/390/288 218/317/244 221/316/243
f 221/316/243 278/397/257 277/390/288
f 281/400/292 283/402/294 282/401/293
f 282/401/293 280/398/267 281/400/292
f 284/407/297 223/322/229 222/321/248
f 222/321/248 252/404/266 284/407/297
f 286/406/296 287/411/301 224/323/249
f 224/323/249 223/322/229 286/406/296
f 246/414/302 225/320/247 224/323/249
f 224/323/249 243/410/300 246/414/302
f 281/405/292 222/321/248 225/320/247
f 225/320/247 283/413/294 281/405/292
f 286/417/296 288/416/304 287/470/301
f 263/471/224 197/472/216 381/473/318
f 381/474/318 295/475/319 263/421/224
f 226/423/305 194/287/214 198/290/217
f 227/430/307 202/326/252 196/288/215
f 297/476/320 315/477/321 296/478/322
f 296/478/322 648/479/323 297/476/320
f 60/91/71 299/158/123 98/161/126
f 98/161/126 298/92/72 60/91/71
f 298/92/72 300/176/139 179/277/204
f 298/92/72 98/161/126 300/176/139
f 71/114/91 65/99/79 301/111/88
f 177/140/110 93/139/109 173/278/205
f 339/199/160 131/183/144 302/200/161
f 149/248/181 302/200/161 131/183/144
f 303/280/207 168/153/118 299/158/123
f 299/158/123 60/91/71 303/280/207
f 93/139/109 168/153/118 303/280/207
f 303/280/207 173/278/205 93/139/109
f 305/480/324 301/111/88 65/99/79
f 65/99/79 304/481/325 305/480/324
f 640/482/326 304/481/325 201/340/265
f 201/340/265 589/483/327 640/482/326
f 202/326/252 201/340/265 304/481/325
f 65/99/79 202/326/252 304/481/325
f 310/484/328 307/485/329 308/486/330
f 308/486/330 309/487/331 310/484/328
f 313/488/332 320/489/333 311/490/334
f 311/490/334 312/491/335 313/488/332
f 305/480/324 317/492/336 325/493/337
f 304/481/325 318/494/338 319/495/339
f 320/496/333 318/494/338 304/481/325
f 317/497/336 307/485/329 321/498/340
f 322/499/341 308/486/330 319/500/339
f 319/500/339 318/501/338 322/499/341
f 316/502/342 296/503/322 309/487/331
f 309/487/331 323/504/343 316/502/342
f 314/505/344 324/506/345 310/484/328
f 310/484/328 315/507/321 314/505/344
f 322/508/341 318/509/338 320/489/333
f 316/510/342 323/511/343 313/488/332
f 325/512/337 317/513/336 321/514/340
f 326/515/269 324/516/345 314/517/344
f 317/492/336 305/480/324 304/481/325
f 304/481/325 319/495/339 317/492/336
f 320/518/333 304/519/325 640/520/326
f 640/482/326 650/521/346 320/496/333
f 319/500/339 308/486/330 307/485/329
f 307/485/329 317/497/336 319/500/339
f 322/499/341 323/504/343 309/487/331
f 309/487/331 308/486/330 322/499/341
f 315/507/321 310/484/328 309/487/331
f 309/487/331 296/503/322 315/507/321
f 321/498/340 307/485/329 310/484/328
f 310/484/328 324/506/345 321/498/340
f 322/508/341 320/489/333 313/488/332
f 313/488/332 323/511/343 322/508/341
f 327/522/347 328/523/348 325/512/337
f 321/514/340 324/516/345 326/515/269
f 326/515/269 325/512/337 321/514/340
f 353/524/349 153/259/191 23/43/33
f 23/43/33 329/525/350 353/524/349
f 331/87/67 343/89/69 330/33/27
f 330/33/27 21/32/26 331/87/67
f 56/210/170 331/218/67 21/37/26
f 21/37/26 172/36/30 56/210/170
f 332/275/203 23/43/33 153/259/191
f 333/53/38 26/52/37 132/239/186
f 132/239/186 137/211/171 333/53/38
f 172/36/30 333/53/38 137/211/171
f 137/211/171 56/210/170 172/36/30
f 338/16/13 9/15/12 337/3/3
f 337/3/3 4/2/2 338/16/13
f 32/20/17 338/16/13 4/2/2
f 4/2/2 37/6/6 32/20/17
f 133/213/173 1/82/64 344/88/68
f 344/88/68 152/215/174 133/213/173
f 1/82/64 58/81/63 344/88/68
f 342/526/351 340/527/352 341/528/353
f 341/528/353 361/529/354 342/526/351
f 336/64/48 38/63/47 343/89/69
f 343/89/69 344/88/68 58/81/63
f 58/81/63 336/64/48 343/89/69
f 345/34/28 330/33/27 23/43/33
f 23/43/33 25/42/32 345/34/28
f 37/40/6 345/34/28 25/42/32
f 25/42/32 32/46/17 37/40/6
f 152/249/174 116/185/146 339/199/160
f 339/199/160 133/245/173 152/249/174
f 38/63/47 153/259/191 343/89/69
f 347/530/355 368/531/356 346/532/357
f 346/532/357 359/533/358 347/530/355
f 369/534/359 365/535/360 371/536/361
f 371/536/361 360/537/362 369/534/359
f 349/538/363 372/539/364 348/540/365
f 348/540/365 362/541/366 349/538/363
f 351/542/367 377/543/368 350/544/369
f 350/544/369 357/545/370 351/542/367
f 153/259/191 158/261/193 332/275/203
f 171/276/43 332/275/203 158/261/193
f 158/261/193 34/263/44 171/276/43
f 353/524/349 354/546/371 153/259/191
f 343/89/69 153/259/191 354/546/371
f 354/546/371 352/547/372 343/89/69
f 334/58/42 33/256/188 170/24/21
f 170/24/21 18/23/20 334/58/42
f 171/59/43 334/58/42 18/23/20
f 18/23/20 36/27/24 171/59/43
f 23/43/33 330/33/27 355/548/373
f 355/548/373 356/549/374 23/43/33
f 352/547/372 355/548/373 330/33/27
f 330/33/27 343/89/69 352/547/372
f 340/527/352 357/550/370 358/551/375
f 341/528/353 359/552/358 369/553/359
f 342/526/351 362/554/366 363/555/376
f 355/548/373 365/556/360 364/557/377
f 366/558/378 367/559/379 368/531/356
f 365/535/360 346/560/357 364/561/377
f 358/562/375 370/563/380 347/530/355
f 375/564/381 348/540/365 373/565/382
f 373/565/382 374/566/383 375/564/381
f 362/541/366 376/567/384 363/568/376
f 349/538/363 361/569/354 360/570/362
f 375/571/381 374/572/383 377/543/368
f 366/573/378 350/544/369 378/574/385
f 378/574/385 367/575/379 366/573/378
f 357/545/370 370/576/380 358/577/375
f 363/578/376 376/579/384 351/542/367
f 373/580/382 354/546/371 353/524/349
f 353/524/349 374/581/383 373/580/382
f 377/582/368 374/581/383 353/524/349
f 372/583/364 371/584/361 352/585/372
f 378/586/385 329/525/350 356/549/374
f 356/549/374 367/587/379 378/586/385
f 368/588/356 367/587/379 356/549/374
f 359/552/358 341/528/353 340/527/352
f 340/527/352 358/551/375 359/552/358
f 360/589/362 361/529/354 341/528/353
f 341/590/353 369/534/359 360/537/362
f 362/554/366 342/526/351 361/529/354
f 357/550/370 340/527/352 342/526/351
f 342/526/351 363/555/376 357/550/370
f 365/535/360 355/591/373 352/592/372
f 352/592/372 371/536/361 365/535/360
f 364/593/377 346/532/357 368/531/356
f 369/534/359 359/594/358 346/560/357
f 346/560/357 365/535/360 369/534/359
f 358/562/375 347/530/355 359/533/358
f 366/558/378 368/531/356 347/530/355
f 347/530/355 370/563/380 366/558/378
f 373/565/382 348/540/365 372/539/364
f 376/567/384 362/541/366 348/540/365
f 348/540/365 375/564/381 376/567/384
f 361/569/354 349/538/363 362/541/366
f 371/536/361 372/595/364 349/596/363
f 349/596/363 360/537/362 371/536/361
f 378/574/385 350/544/369 377/543/368
f 370/576/380 357/545/370 350/544/369
f 350/544/369 366/573/378 370/576/380
f 363/578/376 351/542/367 357/545/370
f 375/571/381 377/543/368 351/542/367
f 351/542/367 376/579/384 375/571/381
f 377/582/368 353/524/349 329/525/350
f 329/525/350 378/586/385 377/582/368
f 372/597/364 352/598/372 354/599/371
f 354/546/371 373/580/382 372/600/364
f 368/588/356 356/549/374 355/548/373
f 355/548/373 364/557/377 368/588/356
f 329/525/350 23/43/33 356/549/374
f 380/601/386 47/74/56 53/77/59
f 53/77/59 379/602/387 380/601/386
f 381/474/318 197/289/216 193/286/213
f 193/286/213 587/603/388 381/474/318
f 491/604/389 186/164/129 103/167/132
f 103/167/132 382/605/390 491/604/389
f 561/606/391 65/99/79 64/102/82
f 64/102/82 383/607/392 561/606/391
f 384/608/393 77/123/100 188/127/92
f 188/127/92 457/609/394 384/608/393
f 505/610/395 124/240/155 132/239/186
f 132/239/186 154/611/396 505/610/395
f 387/612/397 33/256/188 156/255/187
f 156/255/187 386/613/398 387/612/397
f 382/605/390 103/167/132 161/264/194
f 161/264/194 545/267/197 382/605/390
f 160/266/196 164/265/195 184/120/97
f 184/120/97 558/614/399 160/266/196
f 389/615/400 253/343/259 255/346/269
f 255/346/269 615/616/401 389/615/400
f 390/617/400 265/364/261 267/369/281
f 267/369/281 620/618/402 390/617/400
f 608/619/403 249/461/262 236/445/287
f 236/445/287 595/444/311 608/619/403
f 610/620/404 276/386/264 239/466/256
f 239/466/256 626/621/405 610/620/404
f 233/282/209 294/622/317 180/283/210
f 596/623/406 238/624/285 214/304/231
f 214/304/231 392/307/234 596/623/406
f 630/625/407 282/401/293 245/403/295
f 245/403/295 603/626/408 630/625/407
f 327/522/347 325/512/337 326/515/269
f 326/515/269 653/627/409 327/522/347
f 306/628/410 305/480/324 325/493/337
f 325/493/337 328/629/348 306/628/410
f 388/630/411 170/24/21 33/256/188
f 33/256/188 387/612/397 388/630/411
f 397/631/412 396/632/413 44/70/54
f 44/70/54 43/69/53 397/631/412
f 380/601/386 397/631/412 43/69/53
f 43/69/53 47/74/56 380/601/386
f 399/633/414 30/55/40 29/54/39
f 29/54/39 662/634/415 399/633/414
f 401/635/416 399/633/414 662/634/415
f 662/634/415 400/636/417 401/635/416
f 402/637/418 31/57/41 30/56/40
f 30/56/40 399/638/414 402/637/418
f 403/639/419 402/637/418 399/638/414
f 399/638/414 401/640/416 403/639/419
f 405/641/420 406/642/421 335/643/422
f 335/643/422 404/644/423 405/641/420
f 408/645/424 405/641/420 404/644/423
f 404/644/423 407/646/425 408/645/424
f 409/647/426 410/648/427 406/642/421
f 406/642/421 405/641/420 409/647/426
f 411/649/428 409/647/426 405/641/420
f 405/641/420 408/645/424 411/649/428
f 412/650/429 413/651/430 388/630/411
f 388/630/411 549/652/431 412/650/429
f 415/653/432 412/650/429 549/652/431
f 549/652/431 414/654/433 415/653/432
f 408/655/424 407/656/425 413/651/430
f 413/651/430 412/650/429 408/655/424
f 411/657/428 408/655/424 412/650/429
f 412/650/429 415/653/432 411/657/428
f 416/658/434 417/659/435 669/660/436
f 669/660/436 655/661/437 416/658/434
f 419/662/438 416/663/434 655/664/437
f 655/664/437 418/665/439 419/662/438
f 401/666/416 400/667/417 417/659/435
f 417/659/435 416/658/434 401/666/416
f 403/639/419 401/640/416 416/663/434
f 416/663/434 419/662/438 403/639/419
f 420/668/440 421/669/441 657/670/442
f 657/670/442 663/671/443 420/668/440
f 409/672/426 420/668/440 663/671/443
f 663/671/443 410/673/427 409/672/426
f 415/674/432 414/675/433 421/669/441
f 421/669/441 420/668/440 415/674/432
f 411/676/428 415/674/432 420/668/440
f 420/668/440 409/672/426 411/676/428
f 423/677/444 424/678/445 169/679/446
f 169/679/446 422/680/447 423/677/444
f 402/637/418 423/677/444 422/680/447
f 422/680/447 31/57/41 402/637/418
f 419/662/438 418/665/439 424/678/445
f 424/678/445 423/677/444 419/662/438
f 403/639/419 419/662/438 423/677/444
f 423/677/444 402/637/418 403/639/419
f 426/681/448 654/682/449 425/683/450
f 170/24/21 388/630/411 413/651/430
f 413/651/430 16/25/22 170/24/21
f 16/25/22 413/651/430 407/656/425
f 407/656/425 13/29/15 16/25/22
f 664/684/451 660/685/452 444/686/453
f 429/687/454 430/688/455 659/689/456
f 659/689/456 428/690/457 429/687/454
f 432/691/458 429/687/454 428/690/457
f 428/690/457 431/692/459 432/691/458
f 434/693/460 396/632/413 397/631/412
f 397/631/412 433/694/461 434/693/460
f 431/695/459 434/693/460 433/694/461
f 433/694/461 432/696/458 431/695/459
f 397/631/412 380/601/386 435/697/462
f 435/697/462 433/694/461 397/631/412
f 433/694/461 435/697/462 436/698/463
f 436/698/463 432/696/458 433/694/461
f 435/697/462 380/601/386 379/602/387
f 379/602/387 440/699/464 435/697/462
f 436/698/463 435/697/462 440/699/464
f 440/699/464 441/700/465 436/698/463
f 443/701/466 398/702/467 661/703/468
f 661/703/468 442/704/469 443/701/466
f 439/705/470 443/701/466 442/704/469
f 442/704/469 441/706/465 439/705/470
f 661/703/468 445/707/471 442/704/469
f 441/706/465 442/704/469 445/707/471
f 445/707/471 436/708/463 441/706/465
f 661/703/468 430/688/455 429/687/454
f 429/687/454 445/707/471 661/703/468
f 445/707/471 429/687/454 432/691/458
f 432/691/458 436/708/463 445/707/471
f 483/709/472 635/710/473 447/711/474
f 561/606/391 383/607/392 448/712/475
f 448/712/475 449/713/476 561/606/391
f 449/713/476 448/712/475 450/714/477
f 450/714/477 451/715/478 449/713/476
f 383/716/392 482/717/479 452/718/480
f 452/718/480 448/719/475 383/716/392
f 448/719/475 452/718/480 453/720/481
f 453/720/481 450/721/477 448/719/475
f 475/722/482 473/723/483 454/724/484
f 454/724/484 455/725/485 475/722/482
f 455/725/485 454/724/484 456/726/486
f 456/726/486 457/727/394 455/725/485
f 473/723/483 474/728/487 458/729/488
f 458/729/488 454/724/484 473/723/483
f 454/724/484 458/729/488 459/730/489
f 459/730/489 456/726/486 454/724/484
f 558/614/399 384/608/393 460/731/490
f 460/731/490 461/732/491 558/614/399
f 461/732/491 460/731/490 462/733/492
f 462/733/492 463/734/493 461/732/491
f 384/608/393 457/609/394 456/735/486
f 456/735/486 460/731/490 384/608/393
f 460/731/490 456/735/486 459/736/489
f 459/736/489 462/733/492 460/731/490
f 551/737/494 480/738/495 464/739/496
f 464/739/496 465/740/497 551/737/494
f 465/741/497 464/742/496 466/743/498
f 466/743/498 467/744/499 465/741/497
f 480/738/495 451/745/478 450/746/477
f 450/746/477 464/739/496 480/738/495
f 464/742/496 450/721/477 453/720/481
f 453/720/481 466/743/498 464/742/496
f 470/747/500 477/748/501 468/749/502
f 468/749/502 469/750/503 470/747/500
f 469/750/503 468/749/502 458/751/488
f 458/751/488 474/752/487 469/750/503
f 477/748/501 463/753/493 462/754/492
f 462/754/492 468/749/502 477/748/501
f 468/749/502 462/754/492 459/755/489
f 459/755/489 458/751/488 468/749/502
f 446/756/504 481/757/505 471/758/506
f 471/758/506 472/759/507 446/756/504
f 472/759/507 471/758/506 452/718/480
f 452/718/480 482/717/479 472/759/507
f 481/757/505 467/744/499 466/743/498
f 466/743/498 471/758/506 481/757/505
f 471/758/506 466/743/498 453/720/481
f 453/720/481 452/718/480 471/758/506
f 449/713/476 473/723/483 636/760/508
f 473/723/483 449/713/476 451/715/478
f 451/715/478 474/728/487 473/723/483
f 301/111/88 475/722/482 455/725/485
f 455/725/485 187/112/89 301/111/88
f 187/112/89 455/725/485 457/727/394
f 457/727/394 188/115/92 187/112/89
f 478/761/509 476/762/510 477/748/501
f 477/748/501 470/747/500 478/761/509
f 476/762/510 479/763/511 463/753/493
f 463/753/493 477/748/501 476/762/510
f 469/750/503 480/738/495 551/737/494
f 480/738/495 469/750/503 474/752/487
f 474/752/487 451/745/478 480/738/495
f 385/764/512 534/765/513 481/757/505
f 481/757/505 446/756/504 385/764/512
f 534/765/513 499/766/514 467/744/499
f 467/744/499 481/757/505 534/765/513
f 185/148/113 446/756/504 472/759/507
f 472/759/507 189/149/114 185/148/113
f 189/149/114 472/759/507 482/717/479
f 482/717/479 68/108/86 189/149/114
f 486/767/515 554/768/516 484/769/517
f 484/769/517 485/770/518 486/767/515
f 485/770/518 484/769/517 487/771/519
f 487/771/519 488/772/520 485/770/518
f 491/604/389 382/605/390 489/773/521
f 489/773/521 490/774/522 491/604/389
f 490/774/522 489/773/521 488/775/520
f 488/775/520 487/776/519 490/774/522
f 491/604/389 490/774/522 492/777/523
f 492/777/523 493/98/78 491/604/389
f 490/774/522 487/776/519 494/778/524
f 494/778/524 492/777/523 490/774/522
f 497/96/76 61/95/75 495/779/525
f 495/779/525 496/780/526 497/96/76
f 496/780/526 495/779/525 498/781/527
f 498/781/527 501/782/528 496/780/526
f 61/95/75 493/98/78 492/777/523
f 492/777/523 495/779/525 61/95/75
f 495/779/525 492/777/523 494/778/524
f 494/778/524 498/781/527 495/779/525
f 502/783/529 503/784/530 504/785/531
f 503/784/530 502/783/529 498/786/527
f 498/786/527 494/787/524 503/784/530
f 547/788/532 555/789/533 483/709/472
f 504/785/531 503/784/530 484/769/517
f 484/769/517 554/768/516 504/785/531
f 503/784/530 494/787/524 487/771/519
f 487/771/519 484/769/517 503/784/530
f 191/324/250 505/790/395 514/791/534
f 514/791/534 190/192/153 191/324/250
f 670/792/535 506/793/145 556/794/536
f 509/795/537 510/796/538 507/797/539
f 507/797/539 508/798/540 509/795/537
f 511/799/541 512/800/542 510/796/538
f 510/796/538 509/795/537 511/799/541
f 505/790/395 513/801/543 514/791/534
f 513/801/543 515/802/544 516/803/545
f 516/803/545 514/791/534 513/801/543
f 637/804/546 517/805/547 518/806/548
f 518/806/548 519/807/549 637/804/546
f 517/805/547 512/800/542 511/799/541
f 511/799/541 518/806/548 517/805/547
f 520/808/550 521/809/551 670/792/535
f 670/792/535 556/794/536 520/808/550
f 516/803/545 515/802/544 521/809/551
f 521/809/551 520/808/550 516/803/545
f 524/810/552 437/811/553 438/812/554
f 438/812/554 523/813/555 524/810/552
f 439/814/470 437/811/553 524/810/552
f 524/810/552 525/815/556 439/814/470
f 656/816/557 427/817/558 526/818/559
f 398/702/467 443/701/466 527/819/560
f 527/819/560 522/820/561 398/702/467
f 443/701/466 439/705/470 525/821/556
f 525/821/556 527/819/560 443/701/466
f 444/686/453 660/685/452 528/822/562
f 528/822/562 529/823/563 444/686/453
f 427/817/558 444/824/453 529/825/563
f 529/825/563 526/818/559 427/817/558
f 143/93/73 497/96/76 532/826/564
f 532/826/564 192/219/176 143/93/73
f 538/827/565 530/828/566 638/829/567
f 532/826/564 497/96/76 496/780/526
f 496/780/526 531/830/568 532/826/564
f 531/830/568 496/780/526 501/782/528
f 501/782/528 533/831/569 531/830/568
f 534/765/513 535/832/570 499/766/514
f 536/833/571 500/834/572 638/829/567
f 638/829/567 530/828/566 536/833/571
f 533/835/569 501/836/528 500/834/572
f 500/834/572 536/833/571 533/835/569
f 538/827/565 555/789/533 547/788/532
f 547/788/532 537/837/573 538/827/565
f 547/838/532 499/766/514 535/832/570
f 535/832/570 537/839/573 547/838/532
f 190/242/153 514/840/534 385/764/512
f 385/764/512 146/156/121 190/242/153
f 530/841/566 538/842/565 556/794/536
f 523/843/555 507/797/539 510/796/538
f 510/796/538 524/844/552 523/843/555
f 531/845/568 509/795/537 508/798/540
f 508/798/540 532/846/564 531/845/568
f 510/796/538 512/800/542 525/847/556
f 525/847/556 524/844/552 510/796/538
f 533/848/569 511/799/541 509/795/537
f 509/795/537 531/845/568 533/848/569
f 513/849/543 505/610/395 154/611/396
f 154/611/396 656/816/557 513/849/543
f 534/765/513 385/764/512 514/840/534
f 515/850/544 513/849/543 656/816/557
f 656/816/557 526/818/559 515/850/544
f 514/840/534 516/851/545 535/832/570
f 535/832/570 534/765/513 514/840/534
f 517/805/547 637/804/546 522/852/561
f 522/852/561 527/853/560 517/805/547
f 519/807/549 518/806/548 536/854/571
f 536/854/571 530/841/566 519/807/549
f 512/800/542 517/805/547 527/853/560
f 527/853/560 525/847/556 512/800/542
f 536/854/571 518/806/548 511/799/541
f 511/799/541 533/848/569 536/854/571
f 528/855/562 670/792/535 521/809/551
f 521/809/551 529/856/563 528/855/562
f 537/857/573 520/808/550 556/794/536
f 556/794/536 538/842/565 537/857/573
f 529/856/563 521/809/551 515/802/544
f 515/802/544 526/858/559 529/856/563
f 535/859/570 516/803/545 520/808/550
f 520/808/550 537/857/573 535/859/570
f 44/70/54 396/632/413 386/613/398
f 386/613/398 156/255/187 44/70/54
f 425/683/450 387/612/397 386/613/398
f 386/613/398 539/860/574 425/683/450
f 540/861/575 426/681/448 425/683/450
f 425/683/450 539/860/574 540/861/575
f 541/862/576 542/863/577 658/864/578
f 542/863/577 541/862/576 426/865/448
f 426/865/448 540/866/575 542/863/577
f 542/863/577 428/690/457 659/689/456
f 659/689/456 658/864/578 542/863/577
f 431/692/459 428/690/457 542/863/577
f 542/863/577 540/866/575 431/692/459
f 396/632/413 434/693/460 539/860/574
f 539/860/574 386/613/398 396/632/413
f 434/693/460 431/695/459 540/861/575
f 540/861/575 539/860/574 434/693/460
f 160/266/196 543/867/579 544/868/580
f 544/868/580 545/267/197 160/266/196
f 543/867/579 479/869/511 546/870/581
f 546/870/581 544/868/580 543/867/579
f 478/761/509 548/871/582 476/762/510
f 479/763/511 476/762/510 548/871/582
f 548/871/582 546/872/581 479/763/511
f 486/767/515 485/770/518 548/871/582
f 548/871/582 478/761/509 486/767/515
f 548/871/582 485/770/518 488/772/520
f 488/772/520 546/872/581 548/871/582
f 489/773/521 382/605/390 545/267/197
f 545/267/197 544/868/580 489/773/521
f 546/870/581 488/775/520 489/773/521
f 489/773/521 544/868/580 546/870/581
f 421/669/441 550/873/583 657/670/442
f 550/873/583 421/669/441 414/675/433
f 414/675/433 654/874/449 550/873/583
f 146/156/121 385/764/512 446/756/504
f 446/756/504 185/148/113 146/156/121
f 160/266/196 558/614/399 461/732/491
f 461/732/491 543/867/579 160/266/196
f 479/869/511 543/867/579 461/732/491
f 461/732/491 463/734/493 479/869/511
f 483/709/472 551/737/494 465/740/497
f 465/740/497 547/788/532 483/709/472
f 547/838/532 465/741/497 467/744/499
f 467/744/499 499/766/514 547/838/532
f 504/785/531 638/829/567 500/834/572
f 500/834/572 502/783/529 504/785/531
f 502/783/529 500/834/572 501/836/528
f 501/836/528 498/786/527 502/783/529
f 440/699/464 379/602/387 438/812/554
f 438/812/554 437/811/553 440/699/464
f 441/700/465 440/699/464 437/811/553
f 437/811/553 439/814/470 441/700/465
f 65/99/79 561/606/391 559/875/584
f 559/875/584 199/291/218 65/99/79
f 563/876/585 391/877/586 227/430/307
f 227/430/307 196/288/215 563/876/585
f 483/709/472 555/789/533 504/785/531
f 636/760/508 561/606/391 449/713/476
f 551/737/494 552/878/587 469/750/503
f 635/710/473 553/879/588 447/711/474
f 483/709/472 447/711/474 551/737/494
f 552/878/587 551/737/494 447/711/474
f 447/711/474 553/879/588 552/878/587
f 635/710/473 483/709/472 554/768/516
f 504/785/531 555/789/533 638/829/567
f 504/785/531 554/768/516 483/709/472
f 506/793/145 519/807/549 556/794/536
f 538/827/565 638/829/567 555/789/533
f 530/841/566 556/794/536 519/807/549
f 243/880/300 601/881/589 557/882/590
f 557/882/590 246/883/302 243/880/300
f 561/606/391 636/760/508 562/884/591
f 560/885/592 587/603/388 586/886/593
f 586/886/593 585/887/594 560/885/592
f 559/875/584 561/606/391 562/884/591
f 636/760/508 589/483/327 391/877/586
f 391/877/586 563/876/585 636/760/508
f 567/888/595 564/889/596 565/890/597
f 565/890/597 566/891/598 567/888/595
f 260/457/306 393/892/599 292/454/315
f 292/454/315 259/453/274 260/457/306
f 571/893/600 568/894/601 569/895/602
f 569/895/602 570/896/603 571/893/600
f 574/897/604 622/898/605 572/899/606
f 572/899/606 573/900/607 574/897/604
f 578/901/608 575/902/609 576/903/610
f 576/903/610 577/904/611 578/901/608
f 582/905/600 579/906/612 580/907/613
f 580/907/613 581/908/614 582/905/600
f 288/416/304 583/909/615 584/910/616
f 584/910/616 287/470/301 288/416/304
f 560/885/592 381/474/318 587/603/388
f 585/887/594 586/886/593 588/911/617
f 636/760/508 560/885/592 585/887/594
f 636/760/508 563/876/585 560/885/592
f 636/760/508 585/887/594 562/884/591
f 590/912/618 591/913/619 592/914/620
f 557/882/590 602/915/621 603/916/408
f 604/917/622 605/918/623 587/603/388
f 606/919/624 607/920/625 563/876/585
f 562/884/591 608/921/403 609/922/626
f 610/923/404 611/924/627 588/911/617
f 612/925/622 613/926/628 589/483/327
f 604/927/622 389/615/400 614/928/629
f 614/928/629 605/929/623 604/927/622
f 614/930/629 564/889/596 605/931/623
f 617/932/630 567/933/595 616/934/631
f 293/935/316 292/936/315 566/891/598
f 592/937/620 591/938/619 565/890/597
f 565/890/597 615/939/401 592/937/620
f 618/940/632 207/298/225 295/941/319
f 606/942/624 390/617/400 619/943/633
f 619/943/633 607/944/625 606/942/624
f 619/945/633 568/894/601 607/946/625
f 621/947/634 571/893/600 618/948/632
f 618/948/632 295/949/319 621/947/634
f 294/950/317 208/951/226 570/896/603
f 594/952/309 181/953/211 569/895/602
f 569/895/602 620/954/402 594/952/309
f 609/955/626 608/619/403 622/956/605
f 623/957/635 574/958/604 394/306/233
f 573/900/607 596/959/406 392/960/234
f 625/961/636 611/962/627 610/620/404
f 625/963/636 575/902/609 611/964/627
f 627/965/637 578/966/608 624/967/638
f 599/968/639 217/969/242 577/904/611
f 576/903/610 626/970/405 597/971/313
f 612/972/622 628/973/640 629/974/641
f 629/974/641 613/975/628 612/972/622
f 629/976/641 579/906/612 613/977/628
f 633/978/642 582/905/600 631/979/643
f 631/979/643 632/980/644 633/978/642
f 600/981/645 634/982/646 581/908/614
f 581/908/614 601/983/589 600/981/645
f 603/984/408 602/985/621 580/907/613
f 580/907/613 630/986/407 603/984/408
f 583/909/615 632/987/644 631/988/643
f 584/910/616 634/989/646 600/990/645
f 381/474/318 560/885/592 621/991/634
f 621/991/634 295/475/319 381/474/318
f 627/992/637 624/993/638 585/887/594
f 585/887/594 624/993/638 395/994/241
f 617/995/630 616/996/631 586/886/593
f 586/886/593 616/996/631 393/997/599
f 633/998/642 632/999/644 391/877/586
f 391/877/586 632/999/644 583/1000/615
f 623/1001/635 394/1002/233 559/875/584
f 229/437/276 590/912/618 592/914/620
f 592/914/620 228/1003/271 229/437/276
f 590/912/618 593/1004/647 293/1005/316
f 293/1005/316 591/913/619 590/912/618
f 181/284/211 180/283/210 294/622/317
f 596/1006/406 595/1007/311 290/442/310
f 291/446/312 598/1008/648 599/1009/639
f 599/1009/639 597/447/313 291/446/312
f 246/883/302 557/882/590 603/916/408
f 603/916/408 245/1010/295 246/883/302
f 601/881/589 602/915/621 557/882/590
f 586/886/593 587/603/388 605/918/623
f 605/918/623 617/995/630 586/886/593
f 560/885/592 563/876/585 607/920/625
f 607/920/625 621/991/634 560/885/592
f 559/875/584 562/884/591 609/922/626
f 609/922/626 623/1001/635 559/875/584
f 585/887/594 588/911/617 611/924/627
f 611/924/627 627/992/637 585/887/594
f 391/877/586 589/483/327 613/926/628
f 613/926/628 633/998/642 391/877/586
f 253/343/259 389/615/400 604/927/622
f 614/928/629 389/615/400 615/616/401
f 564/889/596 567/888/595 617/1011/630
f 617/1011/630 605/931/623 564/889/596
f 616/1012/631 567/888/595 566/891/598
f 566/891/598 292/936/315 616/1012/631
f 566/891/598 565/890/597 591/938/619
f 591/938/619 293/935/316 566/891/598
f 565/890/597 564/889/596 614/930/629
f 614/930/629 615/939/401 565/890/597
f 292/454/315 393/892/599 616/1013/631
f 208/299/226 207/298/225 618/940/632
f 265/364/261 390/617/400 606/942/624
f 619/943/633 390/617/400 620/618/402
f 568/894/601 571/893/600 621/947/634
f 621/947/634 607/946/625 568/894/601
f 618/948/632 571/893/600 570/896/603
f 570/896/603 208/951/226 618/948/632
f 570/896/603 569/895/602 181/953/211
f 181/953/211 294/950/317 570/896/603
f 569/895/602 568/894/601 619/945/633
f 619/945/633 620/954/402 569/895/602
f 622/956/605 608/619/403 595/444/311
f 622/898/605 574/897/604 623/1014/635
f 623/1014/635 609/1015/626 622/898/605
f 394/306/233 574/958/604 573/1016/607
f 573/1016/607 392/307/234 394/306/233
f 573/900/607 572/899/606 595/1017/311
f 595/1017/311 596/959/406 573/900/607
f 622/956/605 595/444/311 572/1018/606
f 275/312/239 217/315/242 599/1019/639
f 599/1019/639 242/1020/291 275/312/239
f 217/315/242 395/314/241 624/1021/638
f 625/961/636 610/620/404 626/621/405
f 575/902/609 578/901/608 627/1022/637
f 627/1022/637 611/964/627 575/902/609
f 624/1023/638 578/901/608 577/904/611
f 577/904/611 217/969/242 624/1023/638
f 577/904/611 576/903/610 597/971/313
f 597/971/313 599/968/639 577/904/611
f 576/903/610 575/902/609 625/963/636
f 625/963/636 626/970/405 576/903/610
f 280/398/267 628/973/640 612/972/622
f 629/974/641 628/973/640 630/625/407
f 579/906/612 582/905/600 633/978/642
f 633/978/642 613/977/628 579/906/612
f 631/979/643 582/905/600 581/908/614
f 581/908/614 634/982/646 631/979/643
f 581/908/614 580/907/613 602/985/621
f 602/985/621 601/983/589 581/908/614
f 580/907/613 579/906/612 629/976/641
f 629/976/641 630/986/407 580/907/613
f 287/470/301 584/910/616 600/990/645
f 600/990/645 244/1024/299 287/470/301
f 584/910/616 583/909/615 631/988/643
f 631/988/643 634/989/646 584/910/616
f 226/1025/305 585/1026/594 395/314/241
f 395/314/241 274/313/240 226/1025/305
f 195/1027/212 586/1028/593 393/892/599
f 393/892/599 260/457/306 195/1027/212
f 227/599/307 391/1029/586 583/1030/615
f 583/1000/615 289/432/303 227/430/307
f 199/1031/218 559/1032/584 394/306/233
f 394/306/233 271/305/232 199/1031/218
f 554/768/516 486/767/515 635/710/473
f 475/722/482 636/760/508 473/723/483
f 552/878/587 470/747/500 469/750/503
f 506/793/145 637/804/546 519/807/549
f 553/879/588 635/710/473 486/767/515
f 486/767/515 478/761/509 553/879/588
f 553/879/588 478/761/509 470/747/500
f 470/747/500 552/878/587 553/879/588
f 636/760/508 475/722/482 306/628/410
f 306/628/410 639/1033/649 636/760/508
f 639/1033/649 640/482/326 636/760/508
f 640/482/326 589/483/327 636/760/508
f 644/1034/650 641/1035/651 642/1036/652
f 642/1036/652 643/1037/653 644/1034/650
f 297/476/320 645/1038/654 646/1039/620
f 306/628/410 328/629/348 649/1040/655
f 639/1033/649 650/521/346 640/482/326
f 651/1041/656 641/1035/651 649/1042/655
f 649/1042/655 328/1043/348 651/1041/656
f 639/1044/649 644/1034/650 652/1045/657
f 652/1045/657 650/1046/346 639/1044/649
f 647/1047/658 312/1048/335 643/1037/653
f 643/1037/653 648/1049/323 647/1047/658
f 646/1050/620 645/1051/654 642/1036/652
f 642/1036/652 653/1052/409 646/1050/620
f 652/1053/657 311/490/334 650/1054/346
f 328/523/348 327/522/347 651/1055/656
f 648/479/323 645/1038/654 297/476/320
f 315/477/321 297/476/320 646/1039/620
f 646/1039/620 314/1056/344 315/477/321
f 639/1044/649 306/1057/410 649/1042/655
f 641/1035/651 644/1034/650 639/1044/649
f 639/1044/649 649/1042/655 641/1035/651
f 652/1045/657 644/1034/650 643/1037/653
f 643/1037/653 312/1048/335 652/1045/657
f 643/1037/653 642/1036/652 645/1051/654
f 645/1051/654 648/1049/323 643/1037/653
f 642/1036/652 641/1035/651 651/1041/656
f 651/1041/656 653/1052/409 642/1036/652
f 313/488/332 312/491/335 647/1058/658
f 647/1058/658 316/510/342 313/488/332
f 312/491/335 311/490/334 652/1053/657
f 651/1055/656 327/522/347 653/627/409
f 657/670/442 658/864/578 689/1059/659
f 689/1059/659 686/1060/660 657/670/442
f 169/679/446 154/611/396 132/239/186
f 132/239/186 26/52/37 169/679/446
f 669/660/436 664/684/451 444/686/453
f 444/686/453 655/661/437 669/660/436
f 655/664/437 444/824/453 427/817/558
f 427/817/558 418/665/439 655/664/437
f 658/864/578 657/670/442 550/873/583
f 154/611/396 169/679/446 424/678/445
f 424/678/445 656/816/557 154/611/396
f 656/816/557 424/678/445 418/665/439
f 418/665/439 427/817/558 656/816/557
f 29/54/39 335/643/422 406/642/421
f 406/642/421 662/634/415 29/54/39
f 662/634/415 406/642/421 410/648/427
f 410/648/427 400/636/417 662/634/415
f 660/685/452 398/702/467 522/820/561
f 522/820/561 528/822/562 660/685/452
f 660/685/452 661/703/468 398/702/467
f 668/1061/661 665/1062/662 666/1063/663
f 666/1063/663 667/1064/664 668/1061/661
f 335/643/422 29/54/39 337/3/3
f 337/3/3 9/15/12 335/643/422
f 664/684/451 659/689/456 430/688/455
f 661/703/468 660/685/452 664/684/451
f 664/684/451 430/688/455 661/703/468
f 657/670/442 669/660/436 417/659/435
f 417/659/435 663/671/443 657/670/442
f 663/671/443 417/659/435 400/667/417
f 400/667/417 410/673/427 663/671/443
f 637/804/546 670/792/535 528/855/562
f 528/855/562 522/852/561 637/804/546
f 664/684/451 658/864/578 659/689/456
f 675/1065/665 672/1066/666 673/1067/667
f 673/1067/667 674/1068/668 675/1065/665
f 677/1069/669 697/1070/670 692/1071/671
f 692/1071/671 676/1072/672 677/1069/669
f 681/1073/673 678/1074/674 679/1075/675
f 679/1075/675 680/1076/676 681/1073/673
f 685/1077/677 682/1078/678 683/1079/679
f 683/1079/679 684/1080/680 685/1077/677
f 550/873/583 541/862/576 658/864/578
f 541/862/576 550/873/583 654/874/449
f 654/874/449 426/865/448 541/862/576
f 658/864/578 688/1081/681 689/1059/659
f 688/1081/681 658/864/578 664/684/451
f 664/684/451 687/1082/682 688/1081/681
f 388/630/411 387/612/397 425/683/450
f 425/683/450 549/652/431 388/630/411
f 549/652/431 425/683/450 654/682/449
f 654/682/449 414/654/433 549/652/431
f 671/1083/683 669/660/436 657/670/442
f 657/670/442 690/1084/684 671/1083/683
f 669/660/436 671/1083/683 687/1082/682
f 687/1082/682 664/684/451 669/660/436
f 691/1085/685 684/1086/680 665/1062/662
f 692/1071/671 674/1087/668 668/1088/661
f 693/1089/686 680/1090/676 666/1063/663
f 694/1091/687 697/1092/670 671/1083/683
f 672/1066/666 695/1093/688 696/1094/689
f 694/1095/687 675/1096/665 697/1070/670
f 673/1067/667 698/1097/690 691/1098/685
f 701/1099/691 681/1073/673 699/1100/692
f 699/1100/692 700/1101/693 701/1099/691
f 693/1102/686 702/1103/694 680/1076/676
f 676/1104/672 667/1105/664 679/1075/675
f 682/1078/678 700/1106/693 699/1107/692
f 703/1108/695 685/1077/677 696/1109/689
f 696/1109/689 695/1110/688 703/1108/695
f 691/1111/685 698/1112/690 684/1080/680
f 683/1079/679 702/1113/694 693/1114/686
f 689/1059/659 688/1081/681 701/1115/691
f 701/1115/691 700/1116/693 689/1059/659
f 689/1059/659 700/1116/693 682/1117/678
f 687/1118/682 677/1119/669 678/1120/674
f 690/1084/684 686/1060/660 703/1121/695
f 703/1121/695 695/1122/688 690/1084/684
f 690/1084/684 695/1122/688 672/1123/666
f 665/1062/662 668/1061/661 674/1124/668
f 674/1124/668 691/1085/685 665/1062/662
f 668/1088/661 667/1125/664 676/1072/672
f 676/1072/672 692/1071/671 668/1088/661
f 667/1064/664 666/1063/663 680/1090/676
f 666/1063/663 665/1062/662 684/1086/680
f 684/1086/680 693/1089/686 666/1063/663
f 687/1126/682 671/1127/683 697/1070/670
f 697/1070/670 677/1069/669 687/1126/682
f 672/1066/666 675/1065/665 694/1128/687
f 675/1096/665 674/1087/668 692/1071/671
f 692/1071/671 697/1070/670 675/1096/665
f 674/1068/668 673/1067/667 691/1098/685
f 673/1067/667 672/1066/666 696/1094/689
f 696/1094/689 698/1097/690 673/1067/667
f 678/1074/674 681/1073/673 701/1099/691
f 681/1073/673 680/1076/676 702/1103/694
f 702/1103/694 699/1100/692 681/1073/673
f 680/1076/676 679/1075/675 667/1105/664
f 679/1129/675 678/1130/674 677/1069/669
f 677/1069/669 676/1072/672 679/1129/675
f 682/1078/678 685/1077/677 703/1108/695
f 685/1077/677 684/1080/680 698/1112/690
f 698/1112/690 696/1109/689 685/1077/677
f 684/1080/680 683/1079/679 693/1114/686
f 683/1079/679 682/1078/678 699/1107/692
f 699/1107/692 702/1113/694 683/1079/679
f 686/1060/660 689/1059/659 682/1117/678
f 682/1117/678 703/1121/695 686/1060/660
f 688/1131/681 687/1132/682 678/1133/674
f 678/1134/674 701/1115/691 688/1081/681
f 671/1083/683 690/1084/684 672/1123/666
f 672/1123/666 694/1091/687 671/1083/683
f 690/1084/684 657/670/442 686/1060/660
f 335/643/422 9/15/12 11/14/11
f 11/14/11 404/644/423 335/643/422
f 404/644/423 11/14/11 13/18/15
f 13/18/15 407/646/425 404/644/423
f 169/679/446 26/52/37 28/51/36
f 28/51/36 422/680/447 169/679/446
f 422/680/447 28/51/36 6/10/8
f 6/10/8 31/57/41 422/680/447
f 493/98/78 62/97/77 186/164/129
f 186/164/129 491/604/389 493/98/78
f 383/716/392 64/105/82 68/108/86
f 68/108/86 482/717/479 383/716/392
f 558/614/399 184/120/97 77/123/100
f 77/123/100 384/608/393 558/614/399
f 379/602/387 53/77/59 50/205/166
f 50/205/166 438/812/554 379/602/387
f 585/887/594 226/423/305 198/290/217
f 198/290/217 562/884/591 585/887/594
f 586/886/593 195/285/212 200/325/251
f 200/325/251 588/911/617 586/886/593
f 475/722/482 301/111/88 305/480/324
f 305/480/324 306/628/410 475/722/482
f 590/912/618 229/437/276 230/436/308
f 230/436/308 593/1004/647 590/912/618
f 290/442/310 237/441/286 238/1135/285
f 238/1135/285 596/1006/406 290/442/310
f 291/446/312 240/329/255 241/449/314
f 241/449/314 598/1008/648 291/446/312
f 628/973/640 280/398/267 282/401/293
f 282/401/293 630/625/407 628/973/640
f 593/1004/647 230/436/308 231/435/275
f 231/452/275 293/455/316 593/1136/647
f 598/1008/648 241/449/314 242/448/291
f 242/448/291 599/1009/639 598/1008/648
f 601/881/589 243/880/300 244/1137/299
f 244/1137/299 600/1138/645 601/881/589
f 615/616/401 255/346/269 228/348/271
f 228/348/271 592/1139/620 615/616/401
f 263/297/224 295/941/319 207/298/225
f 620/618/402 267/369/281 234/368/253
f 234/368/253 594/1140/309 620/618/402
f 239/466/256 597/1141/313 626/621/405
f 583/909/615 288/416/304 289/415/303
f 587/603/388 193/286/213 253/333/259
f 253/333/259 604/917/622 587/603/388
f 562/1142/591 198/1143/217 249/461/262
f 249/461/262 608/619/403 562/1142/591
f 588/1144/617 200/1145/251 276/386/264
f 276/386/264 610/620/404 588/1144/617
f 563/876/585 196/288/215 265/335/261
f 265/335/261 606/919/624 563/876/585
f 589/483/327 201/340/265 280/342/267
f 280/342/267 612/925/622 589/483/327
f 648/479/323 296/478/322 316/1146/342
f 316/1146/342 647/1147/658 648/479/323
f 320/489/333 650/1054/346 311/490/334
f 653/627/409 326/515/269 314/517/344
f 314/517/344 646/1148/620 653/627/409
f 117/188/149 120/187/148 508/798/540
f 508/798/540 507/797/539 117/188/149
f 135/204/165 523/813/555 438/812/554
f 438/812/554 50/205/166 135/204/165
f 117/188/149 507/797/539 523/843/555
f 523/843/555 135/233/165 117/188/149
f 120/187/148 192/236/176 532/846/564
f 120/187/148 532/846/564 508/798/540
f 719/1149/696 804/1150/697 720/1151/698
f 720/1151/698 718/1152/699 719/1149/696
f 722/1153/700 719/1149/696 718/1152/699
f 718/1152/699 721/1154/701 722/1153/700
f 723/1155/702 724/1156/703 725/1157/704
f 725/1157/704 726/1158/705 723/1155/702
f 727/1159/706 723/1155/702 726/1158/705
f 726/1158/705 728/1160/707 727/1159/706
f 729/1161/708 725/1157/704 724/1156/703
f 724/1156/703 730/1162/709 729/1161/708
f 731/1163/710 732/1164/711 733/1165/712
f 733/1165/712 734/1166/713 731/1163/710
f 728/1167/707 731/1163/710 734/1166/713
f 734/1166/713 727/1168/706 728/1167/707
f 736/1169/714 729/1161/708 730/1162/709
f 730/1162/709 735/1170/715 736/1169/714
f 721/1154/701 736/1171/714 735/1172/715
f 735/1172/715 722/1153/700 721/1154/701
f 738/1173/716 739/1174/717 740/1175/718
f 740/1175/718 737/1176/719 738/1173/716
f 741/1177/720 742/1178/721 743/1179/722
f 743/1179/722 744/1180/723 741/1177/720
f 737/1176/719 740/1175/718 746/1181/724
f 746/1181/724 745/1182/725 737/1176/719
f 742/1178/721 747/1183/726 748/1184/727
f 748/1184/727 743/1179/722 742/1178/721
f 750/1185/728 751/1186/729 752/1187/730
f 752/1187/730 749/1188/731 750/1185/728
f 753/1189/732 754/1190/733 755/1191/734
f 755/1191/734 756/1192/735 753/1189/732
f 749/1188/731 752/1187/730 758/1193/736
f 758/1193/736 757/1194/737 749/1188/731
f 754/1190/733 759/1195/738 760/1196/739
f 760/1196/739 755/1191/734 754/1190/733
f 762/1197/740 763/1198/741 764/1199/742
f 764/1199/742 761/1200/743 762/1197/740
f 753/1189/732 756/1192/735 766/1201/744
f 766/1201/744 765/1202/745 753/1189/732
f 767/1203/746 768/1204/747 751/1186/729
f 751/1186/729 750/1185/728 767/1203/746
f 761/1200/743 764/1199/742 770/1205/748
f 770/1205/748 769/1206/749 761/1200/743
f 771/1207/750 772/1208/751 773/1209/752
f 773/1209/752 774/1210/753 771/1207/750
f 769/1206/749 770/1205/748 760/1196/739
f 760/1196/739 759/1195/738 769/1206/749
f 772/1208/751 757/1194/737 758/1193/736
f 758/1193/736 773/1209/752 772/1208/751
f 765/1202/745 766/1201/744 776/1211/754
f 776/1211/754 775/1212/755 765/1202/745
f 767/1203/746 777/1213/756 778/1214/757
f 778/1214/757 768/1204/747 767/1203/746
f 775/1212/755 776/1211/754 748/1184/727
f 748/1184/727 747/1183/726 775/1212/755
f 777/1213/756 745/1182/725 746/1181/724
f 746/1181/724 778/1214/757 777/1213/756
f 705/1215/758 779/1216/759 780/1217/760
f 780/1217/760 704/1218/761 705/1215/758
f 826/1219/762 782/1220/763 783/1221/764
f 783/1221/764 781/1222/765 826/1219/762
f 704/1218/761 780/1217/760 784/1223/766
f 784/1223/766 706/1224/767 704/1218/761
f 717/1225/768 785/1226/769 782/1220/763
f 782/1220/763 826/1219/762 717/1225/768
f 710/1227/770 787/1228/771 788/1229/772
f 788/1229/772 786/1230/773 710/1227/770
f 708/1231/774 789/1232/775 790/1233/776
f 790/1233/776 707/1234/777 708/1231/774
f 786/1230/773 788/1229/772 791/1235/778
f 791/1235/778 714/1236/779 786/1230/773
f 709/1237/780 792/1238/781 789/1232/775
f 789/1232/775 708/1231/774 709/1237/780
f 830/1239/782 793/1240/783 794/1241/784
f 794/1241/784 828/1242/785 830/1239/782
f 707/1234/777 790/1233/776 795/1243/786
f 795/1243/786 716/1244/787 707/1234/777
f 711/1245/788 796/1246/789 787/1228/771
f 787/1228/771 710/1227/770 711/1245/788
f 828/1242/785 794/1241/784 798/1247/790
f 798/1247/790 797/1248/791 828/1242/785
f 712/1249/792 713/1250/793 799/1251/794
f 799/1251/794 800/1252/795 712/1249/792
f 797/1248/791 798/1247/790 792/1253/781
f 792/1253/781 709/1254/780 797/1248/791
f 714/1255/779 791/1256/778 799/1251/794
f 799/1251/794 713/1250/793 714/1255/779
f 716/1244/787 795/1243/786 801/1257/796
f 801/1257/796 715/1258/797 716/1244/787
f 829/1259/798 802/1260/799 796/1246/789
f 796/1246/789 711/1245/788 829/1259/798
f 715/1261/797 801/1262/796 785/1226/769
f 785/1226/769 717/1225/768 715/1261/797
f 706/1224/767 784/1223/766 802/1263/799
f 802/1263/799 829/1264/798 706/1224/767
f 719/1149/696 803/1265/800 804/1150/697
f 720/1151/698 805/1266/801 718/1152/699
f 722/1153/700 806/1267/802 803/1265/800
f 803/1265/800 719/1149/696 722/1153/700
f 718/1152/699 805/1266/801 807/1268/803
f 807/1268/803 721/1154/701 718/1152/699
f 724/1156/703 723/1155/702 808/1269/804
f 808/1269/804 809/1270/805 724/1156/703
f 726/1158/705 725/1157/704 810/1271/806
f 810/1271/806 811/1272/807 726/1158/705
f 723/1155/702 727/1159/706 812/1273/808
f 812/1273/808 808/1269/804 723/1155/702
f 728/1160/707 726/1158/705 811/1272/807
f 811/1272/807 813/1274/809 728/1160/707
f 729/1161/708 814/1275/810 810/1271/806
f 810/1271/806 725/1157/704 729/1161/708
f 724/1156/703 809/1270/805 815/1276/811
f 815/1276/811 730/1162/709 724/1156/703
f 731/1163/710 816/1277/812 817/1278/813
f 817/1278/813 732/1164/711 731/1163/710
f 734/1166/713 733/1165/712 818/1279/814
f 818/1279/814 819/1280/815 734/1166/713
f 731/1163/710 728/1167/707 813/1281/809
f 813/1281/809 816/1277/812 731/1163/710
f 727/1168/706 734/1166/713 819/1280/815
f 819/1280/815 812/1282/808 727/1168/706
f 736/1169/714 820/1283/816 814/1275/810
f 814/1275/810 729/1161/708 736/1169/714
f 730/1162/709 815/1276/811 821/1284/817
f 821/1284/817 735/1170/715 730/1162/709
f 721/1154/701 807/1268/803 820/1285/816
f 820/1285/816 736/1171/714 721/1154/701
f 735/1172/715 821/1286/817 806/1267/802
f 806/1267/802 722/1153/700 735/1172/715
f 737/1176/719 780/1287/760 779/1288/759
f 779/1288/759 738/1173/716 737/1176/719
f 739/1174/717 804/1289/697 803/1290/800
f 803/1290/800 740/1175/718 739/1174/717
f 742/1178/721 741/1177/720 783/1291/764
f 783/1291/764 782/1292/763 742/1178/721
f 744/1180/723 743/1179/722 805/1293/801
f 805/1293/801 720/1294/698 744/1180/723
f 745/1182/725 784/1295/766 780/1287/760
f 780/1287/760 737/1176/719 745/1182/725
f 740/1175/718 803/1290/800 806/1296/802
f 806/1296/802 746/1181/724 740/1175/718
f 742/1178/721 782/1292/763 785/1297/769
f 785/1297/769 747/1183/726 742/1178/721
f 743/1179/722 748/1184/727 807/1298/803
f 807/1298/803 805/1293/801 743/1179/722
f 749/1188/731 788/1299/772 787/1300/771
f 787/1300/771 750/1185/728 749/1188/731
f 751/1186/729 809/1301/805 808/1302/804
f 808/1302/804 752/1187/730 751/1186/729
f 754/1190/733 753/1189/732 790/1303/776
f 790/1303/776 789/1304/775 754/1190/733
f 756/1192/735 755/1191/734 811/1305/807
f 811/1305/807 810/1306/806 756/1192/735
f 757/1194/737 791/1307/778 788/1299/772
f 788/1299/772 749/1188/731 757/1194/737
f 758/1193/736 752/1187/730 808/1302/804
f 808/1302/804 812/1308/808 758/1193/736
f 754/1190/733 789/1304/775 792/1309/781
f 792/1309/781 759/1195/738 754/1190/733
f 755/1191/734 760/1196/739 813/1310/809
f 813/1310/809 811/1305/807 755/1191/734
f 822/1311/818 823/1312/819 800/1313/795
f 800/1313/795 771/1207/750 822/1311/818
f 824/1314/820 825/1315/821 783/1291/764
f 783/1291/764 741/1177/720 824/1314/820
f 765/1202/745 795/1316/786 790/1303/776
f 790/1303/776 753/1189/732 765/1202/745
f 756/1192/735 810/1306/806 814/1317/810
f 814/1317/810 766/1201/744 756/1192/735
f 750/1185/728 787/1300/771 796/1318/789
f 796/1318/789 767/1203/746 750/1185/728
f 768/1204/747 815/1319/811 809/1301/805
f 809/1301/805 751/1186/729 768/1204/747
f 769/1206/749 798/1320/790 794/1321/784
f 794/1321/784 761/1200/743 769/1206/749
f 764/1199/742 817/1322/813 816/1323/812
f 816/1323/812 770/1205/748 764/1199/742
f 772/1208/751 771/1207/750 800/1313/795
f 800/1313/795 799/1324/794 772/1208/751
f 774/1210/753 773/1209/752 819/1325/815
f 819/1325/815 818/1326/814 774/1210/753
f 759/1195/738 792/1309/781 798/1320/790
f 798/1320/790 769/1206/749 759/1195/738
f 770/1205/748 816/1323/812 813/1310/809
f 813/1310/809 760/1196/739 770/1205/748
f 772/1208/751 799/1324/794 791/1307/778
f 791/1307/778 757/1194/737 772/1208/751
f 773/1209/752 758/1193/736 812/1308/808
f 812/1308/808 819/1325/815 773/1209/752
f 775/1212/755 801/1327/796 795/1316/786
f 795/1316/786 765/1202/745 775/1212/755
f 766/1201/744 814/1317/810 820/1328/816
f 820/1328/816 776/1211/754 766/1201/744
f 777/1213/756 767/1203/746 796/1318/789
f 796/1318/789 802/1329/799 777/1213/756
f 768/1204/747 778/1214/757 821/1330/817
f 821/1330/817 815/1319/811 768/1204/747
f 747/1183/726 785/1297/769 801/1327/796
f 801/1327/796 775/1212/755 747/1183/726
f 776/1211/754 820/1328/816 807/1298/803
f 807/1298/803 748/1184/727 776/1211/754
f 777/1213/756 802/1329/799 784/1295/766
f 784/1295/766 745/1182/725 777/1213/756
f 746/1181/724 806/1296/802 821/1330/817
f 821/1330/817 778/1214/757 746/1181/724
f 826/1219/762 781/1222/765 705/1215/758
f 705/1215/758 704/1218/761 826/1219/762
f 717/1225/768 826/1219/762 704/1218/761
f 704/1218/761 706/1224/767 717/1225/768
f 710/1227/770 707/1234/777 716/1244/787
f 716/1244/787 711/1245/788 710/1227/770
f 712/1249/792 828/1242/785 797/1248/791
f 797/1248/791 713/1250/793 712/1249/792
f 713/1250/793 797/1248/791 709/1254/780
f 709/1254/780 714/1255/779 713/1250/793
f 707/1234/777 710/1227/770 786/1230/773
f 786/1230/773 708/1231/774 707/1234/777
f 708/1231/774 786/1230/773 714/1236/779
f 714/1236/779 709/1237/780 708/1231/774
f 829/1259/798 711/1245/788 716/1244/787
f 716/1244/787 715/1258/797 829/1259/798
f 706/1224/767 829/1264/798 715/1261/797
f 715/1261/797 717/1225/768 706/1224/767
f 774/1210/753 831/1331/822 822/1311/818
f 822/1311/818 771/1207/750 774/1210/753
f 744/1180/723 832/1332/823 824/1314/820
f 824/1314/820 741/1177/720 744/1180/723
f 800/1252/795 823/1333/819 827/1334/824
f 827/1334/824 712/1249/792 800/1252/795
f 825/1335/821 781/1222/765 783/1221/764
f 817/1278/813 833/1336/825 834/1337/826
f 834/1337/826 732/1164/711 817/1278/813
f 720/1294/698 835/1338/827 832/1332/823
f 832/1332/823 744/1180/723 720/1294/698
f 850/1339/828 851/1340/829 852/1341/830
f 852/1341/830 849/1342/831 850/1339/828
f 849/1342/831 852/1341/830 854/1343/832
f 854/1343/832 853/1344/833 849/1342/831
f 855/1345/834 856/1346/835 857/1347/836
f 857/1347/836 858/1348/837 855/1345/834
f 859/1349/838 860/1350/839 856/1346/835
f 856/1346/835 855/1345/834 859/1349/838
f 733/1165/712 732/1164/711 834/1337/826
f 834/1337/826 861/1351/840 733/1165/712
f 862/1352/841 863/1353/842 858/1348/837
f 858/1348/837 857/1347/836 862/1352/841
f 864/1354/843 865/1355/844 861/1351/840
f 861/1351/840 834/1337/826 864/1354/843
f 860/1356/839 859/1357/838 865/1355/844
f 865/1355/844 864/1354/843 860/1356/839
f 863/1353/842 862/1352/841 867/1358/845
f 867/1358/845 866/1359/846 863/1353/842
f 866/1360/846 867/1361/845 853/1344/833
f 853/1344/833 854/1343/832 866/1360/846
f 869/1362/847 870/1363/848 871/1364/849
f 871/1364/849 868/1365/850 869/1362/847
f 824/1314/820 832/1332/823 872/1366/851
f 872/1366/851 873/1367/852 824/1314/820
f 875/1368/853 869/1362/847 868/1365/850
f 868/1365/850 874/1369/854 875/1368/853
f 873/1367/852 872/1366/851 876/1370/855
f 876/1370/855 877/1371/856 873/1367/852
f 879/1372/857 880/1373/858 881/1374/859
f 881/1374/859 878/1375/860 879/1372/857
f 882/1376/861 883/1377/862 884/1378/863
f 884/1378/863 885/1379/864 882/1376/861
f 887/1380/865 879/1372/857 878/1375/860
f 878/1375/860 886/1381/866 887/1380/865
f 885/1379/864 884/1378/863 888/1382/867
f 888/1382/867 889/1383/868 885/1379/864
f 870/1363/848 739/1174/717 738/1173/716
f 738/1173/716 871/1364/849 870/1363/848
f 891/1384/869 883/1377/862 882/1376/861
f 882/1376/861 890/1385/870 891/1384/869
f 880/1373/858 892/1386/871 893/1387/872
f 893/1387/872 881/1374/859 880/1373/858
f 895/1388/873 763/1198/741 762/1197/740
f 762/1197/740 894/1389/874 895/1388/873
f 822/1311/818 831/1331/822 896/1390/875
f 896/1390/875 897/1391/876 822/1311/818
f 888/1382/867 895/1388/873 894/1389/874
f 894/1389/874 889/1383/868 888/1382/867
f 897/1391/876 896/1390/875 887/1380/865
f 887/1380/865 886/1381/866 897/1391/876
f 899/1392/877 891/1384/869 890/1385/870
f 890/1385/870 898/1393/878 899/1392/877
f 893/1387/872 892/1386/871 900/1394/879
f 900/1394/879 901/1395/880 893/1387/872
f 876/1370/855 899/1392/877 898/1393/878
f 898/1393/878 877/1371/856 876/1370/855
f 901/1395/880 900/1394/879 875/1368/853
f 875/1368/853 874/1369/854 901/1395/880
f 902/1396/881 903/1397/882 836/1398/883
f 836/1398/883 837/1399/884 902/1396/881
f 825/1335/821 904/1400/885 905/1401/886
f 906/1402/887 902/1396/881 837/1399/884
f 837/1399/884 838/1403/888 906/1402/887
f 904/1400/885 907/1404/889 848/1405/890
f 848/1405/890 905/1401/886 904/1400/885
f 908/1406/891 909/1407/892 843/1408/893
f 843/1408/893 938/1409/894 908/1406/891
f 910/1410/895 911/1411/896 839/1412/897
f 839/1412/897 840/1413/898 910/1410/895
f 912/1414/899 908/1406/891 938/1409/894
f 938/1409/894 845/1415/900 912/1414/899
f 911/1411/896 913/1416/901 841/1417/902
f 841/1417/902 839/1412/897 911/1411/896
f 903/1397/882 779/1216/759 705/1215/758
f 705/1215/758 836/1398/883 903/1397/882
f 914/1418/903 910/1410/895 840/1413/898
f 840/1413/898 846/1419/904 914/1418/903
f 909/1407/892 915/1420/905 842/1421/906
f 842/1421/906 843/1408/893 909/1407/892
f 916/1422/907 793/1240/783 830/1239/782
f 830/1239/782 939/1423/908 916/1422/907
f 827/1334/824 823/1333/819 917/1424/909
f 917/1424/909 844/1425/910 827/1334/824
f 913/1426/901 916/1422/907 939/1423/908
f 939/1423/908 841/1427/902 913/1426/901
f 917/1424/909 912/1428/899 845/1429/900
f 845/1429/900 844/1425/910 917/1424/909
f 918/1430/911 914/1418/903 846/1419/904
f 846/1419/904 847/1431/912 918/1430/911
f 915/1420/905 919/1432/913 920/1433/914
f 920/1433/914 842/1421/906 915/1420/905
f 907/1404/889 918/1434/911 847/1435/912
f 847/1435/912 848/1405/890 907/1404/889
f 919/1436/913 906/1402/887 838/1403/888
f 838/1403/888 920/1437/914 919/1436/913
f 851/1340/829 921/1438/915 852/1341/830
f 849/1342/831 922/1439/916 835/1440/827
f 835/1440/827 850/1339/828 849/1342/831
f 921/1438/915 923/1441/917 854/1343/832
f 854/1343/832 852/1341/830 921/1438/915
f 924/1442/918 922/1439/916 849/1342/831
f 849/1342/831 853/1344/833 924/1442/918
f 858/1348/837 925/1443/919 926/1444/920
f 926/1444/920 855/1345/834 858/1348/837
f 856/1346/835 927/1445/921 928/1446/922
f 928/1446/922 857/1347/836 856/1346/835
f 855/1345/834 926/1444/920 929/1447/923
f 929/1447/923 859/1349/838 855/1345/834
f 860/1350/839 930/1448/924 927/1445/921
f 927/1445/921 856/1346/835 860/1350/839
f 931/1449/925 818/1279/814 733/1165/712
f 733/1165/712 861/1351/840 931/1449/925
f 720/1151/698 850/1339/828 835/1440/827
f 928/1446/922 932/1450/926 862/1352/841
f 862/1352/841 857/1347/836 928/1446/922
f 933/1451/927 925/1443/919 858/1348/837
f 858/1348/837 863/1353/842 933/1451/927
f 833/1336/825 934/1452/928 864/1354/843
f 864/1354/843 834/1337/826 833/1336/825
f 865/1355/844 935/1453/929 931/1449/925
f 931/1449/925 861/1351/840 865/1355/844
f 864/1354/843 934/1452/928 930/1454/924
f 930/1454/924 860/1356/839 864/1354/843
f 859/1357/838 929/1455/923 935/1453/929
f 935/1453/929 865/1355/844 859/1357/838
f 932/1450/926 936/1456/930 867/1358/845
f 867/1358/845 862/1352/841 932/1450/926
f 937/1457/931 933/1451/927 863/1353/842
f 863/1353/842 866/1359/846 937/1457/931
f 936/1458/930 924/1442/918 853/1344/833
f 853/1344/833 867/1361/845 936/1458/930
f 923/1441/917 937/1459/931 866/1360/846
f 866/1360/846 854/1343/832 923/1441/917
f 903/1460/882 902/1461/881 868/1365/850
f 868/1365/850 871/1364/849 903/1460/882
f 921/1462/915 851/1463/829 870/1363/848
f 870/1363/848 869/1362/847 921/1462/915
f 873/1367/852 904/1464/885 825/1315/821
f 825/1315/821 824/1314/820 873/1367/852
f 832/1332/823 835/1338/827 922/1465/916
f 922/1465/916 872/1366/851 832/1332/823
f 902/1461/881 906/1466/887 874/1369/854
f 874/1369/854 868/1365/850 902/1461/881
f 923/1467/917 921/1462/915 869/1362/847
f 869/1362/847 875/1368/853 923/1467/917
f 907/1468/889 904/1464/885 873/1367/852
f 873/1367/852 877/1371/856 907/1468/889
f 872/1366/851 922/1465/916 924/1469/918
f 924/1469/918 876/1370/855 872/1366/851
f 909/1470/892 908/1471/891 878/1375/860
f 878/1375/860 881/1374/859 909/1470/892
f 926/1472/920 925/1473/919 880/1373/858
f 880/1373/858 879/1372/857 926/1472/920
f 885/1379/864 911/1474/896 910/1475/895
f 910/1475/895 882/1376/861 885/1379/864
f 883/1377/862 928/1476/922 927/1477/921
f 927/1477/921 884/1378/863 883/1377/862
f 908/1471/891 912/1478/899 886/1381/866
f 886/1381/866 878/1375/860 908/1471/891
f 887/1380/865 929/1479/923 926/1472/920
f 926/1472/920 879/1372/857 887/1380/865
f 913/1480/901 911/1474/896 885/1379/864
f 885/1379/864 889/1383/868 913/1480/901
f 884/1378/863 927/1477/921 930/1481/924
f 930/1481/924 888/1382/867 884/1378/863
f 833/1482/825 817/1322/813 764/1199/742
f 764/1199/742 763/1198/741 833/1482/825
f 851/1463/829 804/1289/697 739/1174/717
f 739/1174/717 870/1363/848 851/1463/829
f 910/1475/895 914/1483/903 890/1385/870
f 890/1385/870 882/1376/861 910/1475/895
f 932/1484/926 928/1476/922 883/1377/862
f 883/1377/862 891/1384/869 932/1484/926
f 915/1485/905 909/1470/892 881/1374/859
f 881/1374/859 893/1387/872 915/1485/905
f 925/1473/919 933/1486/927 892/1386/871
f 892/1386/871 880/1373/858 925/1473/919
f 793/1487/783 916/1488/907 894/1389/874
f 894/1389/874 762/1197/740 793/1487/783
f 934/1489/928 833/1482/825 763/1198/741
f 763/1198/741 895/1388/873 934/1489/928
f 897/1391/876 917/1490/909 823/1312/819
f 823/1312/819 822/1311/818 897/1391/876
f 831/1331/822 931/1491/925 935/1492/929
f 935/1492/929 896/1390/875 831/1331/822
f 916/1488/907 913/1480/901 889/1383/868
f 889/1383/868 894/1389/874 916/1488/907
f 930/1481/924 934/1489/928 895/1388/873
f 895/1388/873 888/1382/867 930/1481/924
f 912/1478/899 917/1490/909 897/1391/876
f 897/1391/876 886/1381/866 912/1478/899
f 896/1390/875 935/1492/929 929/1479/923
f 929/1479/923 887/1380/865 896/1390/875
f 914/1483/903 918/1493/911 898/1393/878
f 898/1393/878 890/1385/870 914/1483/903
f 936/1494/930 932/1484/926 891/1384/869
f 891/1384/869 899/1392/877 936/1494/930
f 901/1395/880 919/1495/913 915/1485/905
f 915/1485/905 893/1387/872 901/1395/880
f 892/1386/871 933/1486/927 937/1496/931
f 937/1496/931 900/1394/879 892/1386/871
f 918/1493/911 907/1468/889 877/1371/856
f 877/1371/856 898/1393/878 918/1493/911
f 924/1469/918 936/1494/930 899/1392/877
f 899/1392/877 876/1370/855 924/1469/918
f 906/1466/887 919/1495/913 901/1395/880
f 901/1395/880 874/1369/854 906/1466/887
f 937/1496/931 923/1467/917 875/1368/853
f 875/1368/853 900/1394/879 937/1496/931
f 836/1398/883 825/1335/821 905/1401/886
f 905/1401/886 837/1399/884 836/1398/883
f 837/1399/884 905/1401/886 848/1405/890
f 848/1405/890 838/1403/888 837/1399/884
f 843/1408/893 842/1421/906 846/1419/904
f 846/1419/904 840/1413/898 843/1408/893
f 827/1334/824 844/1425/910 939/1423/908
f 939/1423/908 830/1239/782 827/1334/824
f 844/1425/910 845/1429/900 841/1427/902
f 841/1427/902 939/1423/908 844/1425/910
f 840/1413/898 839/1412/897 938/1409/894
f 938/1409/894 843/1408/893 840/1413/898
f 839/1412/897 841/1417/902 845/1415/900
f 845/1415/900 938/1409/894 839/1412/897
f 828/1242/785 712/1249/792 827/1334/824
f 827/1334/824 830/1239/782 828/1242/785
f 846/1419/904 842/1421/906 920/1433/914
f 920/1433/914 847/1431/912 846/1419/904
f 847/1435/912 920/1437/914 838/1403/888
f 838/1403/888 848/1405/890 847/1435/912
f 804/1150/697 851/1340/829 850/1339/828
f 850/1339/828 720/1151/698 804/1150/697
f 794/1321/784 793/1487/783 762/1197/740
f 762/1197/740 761/1200/743 794/1321/784
f 818/1326/814 931/1491/925 831/1331/822
f 831/1331/822 774/1210/753 818/1326/814
f 779/1288/759 903/1460/882 871/1364/849
f 871/1364/849 738/1173/716 779/1288/759
f 781/1222/765 825/1335/821 836/1398/883
f 836/1398/883 705/1215/758 781/1222/765
