# Blender 4.0.0
# www.blender.org
o Refrigerator033_Body001
v 0.349707 -0.250665 -0.052072
v 0.349590 -0.250665 0.891674
v 0.329968 0.348673 -0.057127
v 0.354647 0.348673 0.871939
v 0.380894 0.348673 -0.085023
v 0.356118 -0.250729 -0.042658
v 0.380210 -0.250682 -0.083402
v 0.382543 0.348673 0.922865
v 0.340165 -0.250729 0.898094
v -0.359300 -0.249006 0.871959
v -0.358856 -0.250551 0.882920
v -0.345407 0.348673 -0.055584
v -0.334615 -0.248965 -0.057140
v -0.353119 0.348673 -0.050957
v -0.357747 0.348673 0.882736
v -0.353119 0.348673 0.890448
v -0.387183 0.348673 -0.083379
v -0.385559 -0.250680 -0.082706
v -0.358845 -0.250563 -0.043636
v -0.344819 -0.250730 -0.058598
v -0.334783 -0.250646 0.898147
v -0.384835 -0.250715 0.922135
v -0.345797 -0.250563 0.896172
v 0.380766 -0.249150 -0.084948
v 0.380638 -0.250103 -0.084422
v 0.381838 -0.249366 -0.084366
v 0.382467 -0.249149 0.922737
v 0.381940 -0.250106 0.922604
v 0.381886 -0.249368 0.923808
v 0.382475 -0.249110 -0.083294
v -0.385456 -0.249112 -0.084954
v -0.386527 -0.249367 -0.084319
v -0.387111 -0.249119 0.922790
v -0.386479 -0.249369 0.923856
v -0.387114 -0.249139 -0.083239
v -0.386582 -0.250105 -0.083115
v -0.385463 -0.249304 0.924385
v -0.385246 -0.250111 0.923917
v 0.354660 -0.248964 0.871936
v 0.355651 -0.250514 0.872007
v 0.329757 -0.249087 0.896666
v 0.330019 -0.250114 0.897234
v 0.382498 0.348673 -0.083772
v 0.381240 0.348673 0.924508
v 0.348927 -0.250113 -0.051408
v 0.341155 -0.250562 -0.056682
v 0.348927 -0.250114 0.890898
v 0.354201 -0.250563 0.883125
v 0.340768 -0.249028 -0.055598
v 0.329980 -0.249006 -0.057140
v 0.329538 -0.250525 -0.058217
v 0.348482 -0.249004 -0.050971
v 0.353117 -0.249028 0.882738
v 0.348490 -0.249005 0.890453
v 0.353114 -0.249004 -0.043257
v 0.353997 -0.250390 -0.043468
v 0.340988 -0.250392 0.895970
v 0.381943 -0.250102 -0.083116
v 0.355563 -0.250391 -0.032262
v 0.329992 -0.250645 0.898142
v 0.381000 -0.250587 0.923064
v -0.359302 -0.248965 -0.032446
v -0.359905 -0.250113 -0.032493
v -0.385935 0.348673 -0.084978
v -0.387147 0.348673 0.923253
v -0.345630 -0.250391 -0.056478
v -0.354232 -0.250665 -0.052187
v -0.353569 -0.250113 -0.051407
v -0.354346 -0.250665 0.891559
v -0.353569 -0.250114 0.890897
v -0.345418 -0.249004 -0.055594
v -0.334724 -0.250377 -0.057985
v -0.357760 -0.249030 -0.043249
v -0.345410 -0.249030 0.895088
v -0.385275 -0.250104 -0.084423
v -0.360847 -0.250652 -0.032561
v -0.386585 -0.250103 0.922603
v -0.360378 -0.250526 0.871510
v 0.381194 -0.250547 -0.083179
v -0.385343 -0.250548 -0.083671
v 0.013992 0.348673 0.904001
v 0.012451 0.348673 -0.057084
v -0.021699 0.348673 0.905487
v 0.011650 -0.235192 -0.055552
v -0.023281 0.348673 -0.055546
v 0.013931 -0.233607 -0.055543
v 0.013424 -0.233446 -0.056490
v 0.012724 -0.234589 -0.056398
v 0.013951 -0.233656 0.903829
v 0.013425 -0.234633 0.903697
v 0.013403 -0.233912 0.904793
v 0.012306 -0.233672 -0.057022
v 0.012375 -0.233646 0.905413
v 0.013219 -0.234839 -0.055356
v 0.012422 -0.235117 0.903938
v -0.023193 -0.233686 -0.055464
v -0.022709 -0.233446 -0.056467
v -0.022617 -0.234588 -0.055767
v -0.023212 -0.233577 0.903907
v -0.022686 -0.233445 0.904885
v -0.021988 -0.234589 0.904793
v -0.021762 -0.233606 -0.056973
v -0.021651 -0.233655 0.905389
v -0.022481 -0.234839 0.903750
v -0.021655 -0.235135 -0.055513
v 0.013938 0.348673 -0.055959
v 0.012976 0.348673 0.905332
v -0.021442 -0.234635 -0.056499
v 0.012177 -0.234636 0.904895
v -0.020885 -0.235200 0.903932
v -0.023156 0.348673 0.904414
v -0.022179 0.348673 -0.056979
v 0.354647 0.348673 -0.032449
v 0.353104 0.348673 -0.043246
v 0.340765 0.348673 0.895075
v 0.327726 -0.155855 0.042103
v 0.327458 -0.156035 0.041163
v 0.352754 -0.154915 0.042675
v 0.327462 0.146219 0.040964
v 0.327889 -0.156439 0.022223
v 0.352899 -0.155834 0.021247
v 0.327463 -0.156095 0.022394
v 0.327457 0.146160 0.022198
v 0.352743 0.145024 0.020674
v 0.352899 0.145991 0.021277
v 0.352720 -0.156439 0.041157
v 0.353156 -0.156094 0.040964
v 0.352891 0.145981 0.042103
v 0.353162 0.146158 0.041163
v 0.327863 0.145042 0.042674
v 0.327863 0.146553 0.022196
v 0.353157 0.146218 0.022396
v 0.352908 -0.155844 0.042091
v 0.327857 -0.156427 0.041141
v 0.327467 -0.154719 0.042347
v 0.327888 -0.154888 0.042686
v 0.327459 0.145046 0.042284
v 0.327895 0.146564 0.041157
v 0.327709 0.145970 0.042091
v 0.327718 -0.155864 0.021278
v 0.352753 -0.156428 0.022197
v 0.327875 -0.154897 0.020674
v 0.327459 -0.154916 0.021076
v 0.352744 -0.154906 0.020685
v 0.327718 0.145960 0.021247
v 0.327468 0.144848 0.021011
v 0.327874 0.145033 0.020685
v 0.353160 -0.154918 0.042282
v 0.353161 -0.156033 0.022195
v 0.352763 0.146553 0.041141
v 0.353151 0.144848 0.042347
v 0.352731 0.145015 0.042686
v 0.352731 0.146564 0.022223
v 0.353152 -0.154717 0.021014
v 0.353159 0.145047 0.021077
v 0.014398 -0.155844 0.042092
v 0.024569 -0.154888 0.042685
v 0.024993 0.146217 0.040963
v 0.014553 -0.156428 0.022197
v 0.024736 -0.155865 0.021277
v 0.014561 -0.154906 0.020686
v 0.024581 -0.154897 0.020674
v 0.024582 0.145032 0.020686
v 0.024735 0.145961 0.021247
v 0.024599 -0.156427 0.041141
v 0.014151 -0.156093 0.040964
v 0.024567 -0.156439 0.022223
v 0.024744 0.145970 0.042092
v 0.014155 0.146224 0.022392
v 0.014574 0.145014 0.042685
v 0.014574 0.146564 0.022224
v 0.014585 -0.156439 0.041157
v 0.024997 -0.156033 0.041164
v 0.024727 -0.155855 0.042103
v 0.024988 -0.154717 0.042346
v 0.024992 -0.156093 0.022395
v 0.014550 -0.154916 0.042674
v 0.024560 0.146564 0.041157
v 0.024995 0.145047 0.042282
v 0.024593 0.145041 0.042674
v 0.024996 -0.154918 0.021078
v 0.024992 0.144841 0.021020
v 0.014563 0.145023 0.020674
v 0.024995 0.146160 0.022191
v 0.024593 0.146553 0.022196
v 0.014147 -0.154918 0.042281
v 0.014156 0.144847 0.042347
v 0.014542 0.146552 0.041141
v 0.014145 0.146157 0.041164
v 0.014416 0.145981 0.042103
v 0.014146 -0.156033 0.022195
v 0.014407 -0.155834 0.021247
v 0.014155 -0.154717 0.021014
v 0.014408 0.145991 0.021277
v 0.014145 0.145042 0.021081
v -0.384745 -0.248262 0.924538
v 0.340765 0.348673 -0.055585
v 0.348477 0.348673 -0.050958
v 0.353104 0.348673 0.882736
v 0.348477 0.348673 0.890448
v -0.334610 0.348673 -0.057127
v -0.353132 -0.249004 -0.050963
v -0.357757 -0.249006 0.882747
v -0.359289 0.348673 0.871938
v -0.353124 -0.249006 0.890461
v 0.354659 -0.249006 -0.032469
v 0.340776 -0.249005 0.895085
v -0.359290 0.348673 -0.032449
v -0.357747 0.348673 -0.043245
v -0.345407 0.348673 0.895075
v -0.385504 0.348673 0.924528
v 0.380100 -0.248263 0.924538
v 0.380198 -0.250713 0.922142
v -0.334398 -0.249077 0.896664
v -0.334654 -0.250114 0.897234
v 0.380876 -0.249294 0.924386
v 0.380607 -0.250109 0.923918
v -0.385653 -0.250588 0.923060
v -0.043609 0.285612 0.896618
v 0.209097 0.283768 0.896621
v -0.334610 0.348673 0.896617
v 0.329970 0.348673 0.896618
v -0.164269 -0.173765 0.896892
v -0.165645 -0.198947 0.896892
v -0.218087 -0.197571 0.896892
v -0.216711 -0.172390 0.896892
v 0.155008 -0.197571 0.896892
v 0.156383 -0.172390 0.896892
v 0.208826 -0.173765 0.896892
v 0.207451 -0.198947 0.896892
v -0.164378 0.291439 0.896996
v -0.164834 0.291783 0.896948
v -0.164862 0.283965 0.896950
v -0.217978 0.284312 0.896996
v -0.217493 0.291785 0.896949
v 0.155116 0.284312 0.896996
v 0.155572 0.283967 0.896948
v 0.155602 0.291785 0.896949
v 0.208717 0.291439 0.896996
v 0.208231 0.283965 0.896950
v -0.164716 -0.172935 0.907386
v -0.164814 -0.198500 0.907386
v -0.217640 -0.198402 0.907386
v -0.217542 -0.172837 0.907386
v 0.155455 -0.198401 0.907386
v 0.155553 -0.172837 0.907386
v 0.208379 -0.172935 0.907386
v 0.208281 -0.198500 0.907386
v -0.164625 0.291664 0.907386
v -0.164700 0.284048 0.907386
v -0.217731 0.284086 0.907386
v -0.217657 0.291701 0.907386
v 0.155364 0.284086 0.907386
v 0.155438 0.291701 0.907386
v 0.208470 0.291664 0.907386
v 0.208395 0.284049 0.907386
v -0.218278 -0.171993 0.896623
v 0.154817 -0.171993 0.896623
v -0.164004 0.283770 0.896624
v -0.164075 -0.199347 0.896621
v 0.209019 -0.199346 0.896621
v -0.218352 0.291980 0.896624
v 0.154743 0.291980 0.896624
v -0.163872 -0.172198 0.896622
v 0.154607 -0.199140 0.896621
v -0.163810 0.291910 0.896624
v 0.154548 0.283839 0.896624
v -0.218487 -0.199140 0.896621
v 0.209223 -0.172199 0.896623
v -0.218553 0.283838 0.896621
v 0.209285 0.291910 0.896624
v -0.164725 -0.173107 0.897714
v -0.164511 -0.198284 0.896956
v -0.164987 -0.198491 0.897714
v -0.217423 -0.198705 0.896956
v -0.217632 -0.198229 0.897714
v -0.217845 -0.173052 0.896956
v -0.217370 -0.172845 0.897714
v -0.164931 -0.172631 0.896956
v 0.155463 -0.198229 0.897714
v 0.155249 -0.173052 0.896956
v 0.155724 -0.172845 0.897714
v 0.208163 -0.172631 0.896956
v 0.208371 -0.173107 0.897714
v 0.208585 -0.198282 0.896957
v 0.208107 -0.198491 0.897714
v 0.155671 -0.198705 0.896956
v -0.164410 0.284259 0.896983
v -0.217522 0.283967 0.896948
v -0.217947 0.291492 0.896983
v 0.155148 0.291492 0.896983
v 0.208260 0.291783 0.896948
v 0.208686 0.284259 0.896983
v -0.035091 -0.155855 0.042103
v -0.035360 -0.156035 0.041163
v -0.024925 -0.154915 0.042675
v -0.035351 0.146226 0.040968
v -0.024779 -0.155834 0.021247
v -0.034928 -0.156439 0.022224
v -0.035355 -0.156095 0.022394
v -0.035358 0.146163 0.022192
v -0.024936 0.145023 0.020674
v -0.024780 0.145991 0.021277
v -0.024959 -0.156439 0.041157
v -0.024523 -0.156094 0.040965
v -0.024788 0.145981 0.042103
v -0.024519 0.146161 0.041169
v -0.034955 0.145041 0.042674
v -0.034955 0.146553 0.022197
v -0.024527 0.146224 0.022392
v -0.024771 -0.155844 0.042091
v -0.034961 -0.156428 0.041141
v -0.035350 -0.154719 0.042347
v -0.034930 -0.154888 0.042686
v -0.035360 0.145040 0.042281
v -0.034922 0.146564 0.041157
v -0.035108 0.145970 0.042091
v -0.035100 -0.155865 0.021278
v -0.024926 -0.156428 0.022197
v -0.034943 -0.154897 0.020674
v -0.035358 -0.154916 0.021076
v -0.024934 -0.154906 0.020685
v -0.035099 0.145960 0.021247
v -0.035355 0.144842 0.021018
v -0.034944 0.145032 0.020685
v -0.024519 -0.154918 0.042282
v -0.024517 -0.156033 0.022195
v -0.024915 0.146553 0.041141
v -0.024523 0.144842 0.042340
v -0.024948 0.145014 0.042686
v -0.024948 0.146564 0.022223
v -0.024527 -0.154717 0.021014
v -0.024517 0.145041 0.021080
v -0.361929 -0.155844 0.042092
v -0.323270 -0.154888 0.042685
v -0.322846 0.146217 0.040963
v -0.361775 -0.156428 0.022197
v -0.323103 -0.155865 0.021277
v -0.361767 -0.154906 0.020686
v -0.323258 -0.154898 0.020674
v -0.323258 0.145032 0.020686
v -0.323104 0.145961 0.021247
v -0.323240 -0.156427 0.041141
v -0.362176 -0.156093 0.040965
v -0.323273 -0.156439 0.022223
v -0.323095 0.145970 0.042092
v -0.362177 0.146217 0.022397
v -0.361753 0.145014 0.042685
v -0.361753 0.146564 0.022224
v -0.361742 -0.156439 0.041157
v -0.322842 -0.156033 0.041165
v -0.323112 -0.155855 0.042103
v -0.322851 -0.154717 0.042346
v -0.322847 -0.156093 0.022395
v -0.361778 -0.154916 0.042674
v -0.323279 0.146564 0.041157
v -0.322844 0.145047 0.042282
v -0.323246 0.145041 0.042674
v -0.322843 -0.154919 0.021079
v -0.322847 0.144842 0.021020
v -0.361765 0.145023 0.020674
v -0.322844 0.146160 0.022191
v -0.323246 0.146552 0.022197
v -0.362180 -0.154918 0.042281
v -0.362171 0.144847 0.042347
v -0.361786 0.146552 0.041141
v -0.362182 0.146157 0.041164
v -0.361911 0.145981 0.042103
v -0.362182 -0.156033 0.022195
v -0.361920 -0.155835 0.021247
v -0.362172 -0.154717 0.021014
v -0.361920 0.145991 0.021277
v -0.362180 0.145047 0.021078
v 0.350027 -0.250758 0.871610
v 0.353293 -0.249404 0.871842
v 0.354647 -0.246138 0.871939
v 0.353293 -0.242872 0.871842
v 0.350027 -0.241519 0.871610
v 0.346761 -0.242872 0.871378
v 0.345407 -0.246138 0.871282
v 0.346761 -0.249404 0.871378
v 0.350027 -0.250758 -0.032121
v 0.353293 -0.249404 -0.032353
v 0.354646 -0.246138 -0.032449
v 0.353293 -0.242872 -0.032353
v 0.350027 -0.241519 -0.032121
v 0.346761 -0.242872 -0.031888
v 0.345407 -0.246138 -0.031792
v 0.346761 -0.249404 -0.031888
v 0.348663 -0.250758 -0.041669
v 0.351803 -0.249404 -0.042784
v 0.353104 -0.246138 -0.043246
v 0.351803 -0.242872 -0.042784
v 0.348663 -0.241519 -0.041669
v 0.345523 -0.242872 -0.040554
v 0.344221 -0.246138 -0.040092
v 0.345523 -0.249404 -0.040554
v 0.345110 -0.250758 -0.047591
v 0.347490 -0.249404 -0.049971
v 0.348477 -0.246138 -0.050958
v 0.347490 -0.242872 -0.049971
v 0.345110 -0.241519 -0.047591
v 0.342729 -0.242872 -0.045210
v 0.341742 -0.246138 -0.044223
v 0.342729 -0.249404 -0.045210
v 0.339188 -0.250758 -0.051144
v 0.340303 -0.249404 -0.054283
v 0.340765 -0.246138 -0.055585
v 0.340303 -0.242872 -0.054283
v 0.339188 -0.241519 -0.051144
v 0.338073 -0.242872 -0.048004
v 0.337611 -0.246138 -0.046702
v 0.338073 -0.249404 -0.048004
v 0.329639 -0.250758 -0.052508
v 0.329871 -0.249404 -0.055773
v 0.329968 -0.246138 -0.057128
v 0.329871 -0.242872 -0.055774
v 0.329639 -0.241519 -0.052508
v 0.329407 -0.242872 -0.049242
v 0.329311 -0.246138 -0.047888
v 0.329407 -0.249404 -0.049242
v -0.334283 -0.250758 -0.052508
v -0.334514 -0.249404 -0.055773
v -0.334610 -0.246138 -0.057128
v -0.334514 -0.242873 -0.055773
v -0.334283 -0.241519 -0.052508
v -0.334050 -0.242873 -0.049242
v -0.333954 -0.246138 -0.047888
v -0.334050 -0.249404 -0.049242
v -0.343831 -0.250758 -0.051144
v -0.344945 -0.249404 -0.054283
v -0.345407 -0.246138 -0.055585
v -0.344945 -0.242873 -0.054283
v -0.343831 -0.241519 -0.051144
v -0.342715 -0.242873 -0.048004
v -0.342253 -0.246138 -0.046702
v -0.342715 -0.249404 -0.048004
v -0.349752 -0.250758 -0.047590
v -0.352133 -0.249404 -0.049971
v -0.353119 -0.246138 -0.050958
v -0.352133 -0.242873 -0.049971
v -0.349752 -0.241519 -0.047590
v -0.347371 -0.242873 -0.045210
v -0.346385 -0.246138 -0.044223
v -0.347371 -0.249404 -0.045210
v -0.353305 -0.250758 -0.041669
v -0.356445 -0.249404 -0.042783
v -0.357747 -0.246138 -0.043246
v -0.356445 -0.242873 -0.042783
v -0.353305 -0.241519 -0.041669
v -0.350165 -0.242873 -0.040554
v -0.348864 -0.246138 -0.040092
v -0.350165 -0.249404 -0.040554
v -0.354669 -0.250758 -0.032120
v -0.357935 -0.249404 -0.032353
v -0.359289 -0.246138 -0.032449
v -0.357935 -0.242873 -0.032353
v -0.354669 -0.241519 -0.032120
v -0.351403 -0.242873 -0.031888
v -0.350049 -0.246138 -0.031792
v -0.351403 -0.249404 -0.031888
v -0.354669 -0.250758 0.871610
v -0.357935 -0.249404 0.871842
v -0.359289 -0.246138 0.871939
v -0.357935 -0.242873 0.871842
v -0.354669 -0.241519 0.871610
v -0.351403 -0.242873 0.871378
v -0.350049 -0.246138 0.871282
v -0.351403 -0.249404 0.871378
v -0.353305 -0.250758 0.881158
v -0.356444 -0.249404 0.882274
v -0.357747 -0.246138 0.882736
v -0.356444 -0.242873 0.882274
v -0.353305 -0.241519 0.881158
v -0.350165 -0.242873 0.880044
v -0.348864 -0.246138 0.879582
v -0.350165 -0.249404 0.880044
v -0.349752 -0.250758 0.887081
v -0.352132 -0.249404 0.889461
v -0.353119 -0.246138 0.890448
v -0.352132 -0.242872 0.889461
v -0.349752 -0.241519 0.887081
v -0.347371 -0.242873 0.884700
v -0.346384 -0.246138 0.883713
v -0.347371 -0.249404 0.884700
v -0.343830 -0.250758 0.890634
v -0.344945 -0.249404 0.893773
v -0.345407 -0.246138 0.895075
v -0.344945 -0.242872 0.893773
v -0.343830 -0.241519 0.890634
v -0.342715 -0.242872 0.887494
v -0.342253 -0.246138 0.886191
v -0.342715 -0.249404 0.887494
v -0.334282 -0.250758 0.891998
v -0.334514 -0.249404 0.895264
v -0.334611 -0.246138 0.896617
v -0.334514 -0.242872 0.895264
v -0.334282 -0.241519 0.891998
v -0.334049 -0.242872 0.888731
v -0.333953 -0.246138 0.887378
v -0.334049 -0.249404 0.888731
v 0.329639 -0.250758 0.891998
v 0.329872 -0.249404 0.895264
v 0.329969 -0.246138 0.896617
v 0.329872 -0.242872 0.895264
v 0.329639 -0.241519 0.891998
v 0.329407 -0.242872 0.888731
v 0.329311 -0.246138 0.887378
v 0.329407 -0.249404 0.888731
v 0.339188 -0.250758 0.890634
v 0.340303 -0.249404 0.893773
v 0.340765 -0.246138 0.895075
v 0.340303 -0.242872 0.893773
v 0.339188 -0.241519 0.890634
v 0.338074 -0.242872 0.887494
v 0.337610 -0.246138 0.886193
v 0.338074 -0.249404 0.887494
v 0.345110 -0.250758 0.887081
v 0.347490 -0.249404 0.889461
v 0.348477 -0.246138 0.890447
v 0.347490 -0.242872 0.889461
v 0.345110 -0.241519 0.887081
v 0.342730 -0.242872 0.884700
v 0.341742 -0.246138 0.883714
v 0.342730 -0.249404 0.884700
v 0.348663 -0.250758 0.881159
v 0.351803 -0.249404 0.882274
v 0.353104 -0.246138 0.882736
v 0.351803 -0.242872 0.882274
v 0.348663 -0.241519 0.881159
v 0.345523 -0.242872 0.880044
v 0.344221 -0.246138 0.879582
v 0.345523 -0.249404 0.880044
v 0.330646 0.349303 -0.094639
v 0.355415 -0.248565 -0.834702
v 0.355325 0.349303 -0.119317
v 0.355325 0.349303 -0.834668
v 0.350381 -0.250036 -0.854289
v 0.340853 -0.250100 -0.860818
v 0.350267 -0.250035 -0.099581
v 0.330581 -0.248535 -0.859430
v 0.330646 0.349303 -0.859347
v 0.330755 -0.250007 -0.093117
v 0.341443 0.349303 -0.096181
v 0.341514 -0.248524 -0.096122
v 0.349154 0.349303 -0.100808
v 0.349345 -0.249023 -0.100731
v 0.353782 0.349303 -0.108520
v 0.353781 0.349303 -0.845465
v 0.353841 -0.248526 -0.845536
v 0.349154 0.349303 -0.853177
v 0.349232 -0.249023 -0.853366
v 0.341442 0.349303 -0.857805
v 0.356795 -0.250100 -0.844877
v 0.381576 0.349303 -0.887241
v 0.381607 -0.250050 -0.884914
v 0.383221 0.349303 -0.068394
v 0.356330 -0.249884 -0.119248
v 0.341629 -0.249921 -0.095071
v -0.333967 -0.248563 -0.094548
v -0.333933 0.349302 -0.094639
v -0.358612 0.349302 -0.834668
v -0.358612 0.349302 -0.119317
v -0.358675 -0.248502 -0.119280
v -0.344916 -0.249923 -0.858917
v -0.358181 -0.249923 -0.108333
v -0.333933 0.349302 -0.859347
v -0.384865 0.349302 -0.066746
v -0.384170 -0.250053 -0.068360
v -0.344729 0.349302 -0.096181
v -0.352441 0.349302 -0.100808
v -0.357069 0.349302 -0.108520
v -0.357152 -0.248535 -0.108517
v -0.357070 0.349302 -0.845464
v -0.352441 0.349302 -0.853177
v -0.344730 0.349302 -0.857804
v -0.344732 -0.248535 -0.857888
v -0.386505 0.349302 -0.885599
v -0.384883 -0.250053 -0.884893
v -0.358169 -0.249935 -0.845855
v -0.334003 -0.249886 -0.860357
v -0.344141 -0.250100 -0.093168
v 0.381440 -0.248497 -0.887174
v 0.381311 -0.249472 -0.886643
v 0.382515 -0.248739 -0.886585
v 0.383145 -0.248518 -0.068520
v 0.382618 -0.249475 -0.068651
v 0.382563 -0.248738 -0.067447
v 0.383151 -0.248482 -0.885514
v 0.381494 -0.248503 -0.066817
v -0.384779 -0.248503 -0.887170
v -0.385849 -0.248741 -0.886537
v -0.386434 -0.248491 -0.068465
v -0.385802 -0.248740 -0.067400
v -0.386437 -0.248509 -0.885459
v -0.385904 -0.249475 -0.885337
v -0.384729 -0.248500 -0.066813
v -0.384602 -0.249472 -0.067342
v 0.330831 -0.248959 -0.094482
v 0.355388 -0.248470 -0.119312
v 0.383175 0.349303 -0.885992
v 0.381961 0.349303 -0.066781
v 0.341788 -0.249780 -0.858705
v 0.354880 -0.249933 -0.108130
v 0.330457 -0.249764 -0.860268
v 0.381312 -0.249475 -0.067345
v 0.353869 -0.248544 -0.108525
v 0.354678 -0.249763 -0.845687
v 0.341438 -0.248547 -0.857892
v 0.382621 -0.249471 -0.885335
v 0.356244 -0.249764 -0.834479
v 0.381371 -0.249918 -0.885895
v 0.381592 -0.250054 -0.069099
v -0.333743 -0.249764 -0.093719
v -0.359703 -0.249897 -0.119745
v -0.358803 -0.248991 -0.834681
v -0.385246 0.349302 -0.887206
v -0.386470 0.349302 -0.068003
v -0.353553 -0.250036 -0.854403
v -0.352555 -0.249025 -0.853329
v -0.353668 -0.250036 -0.099696
v -0.352594 -0.249024 -0.100695
v -0.333937 -0.248473 -0.859410
v -0.344788 -0.248545 -0.096116
v -0.345074 -0.249779 -0.095281
v -0.357134 -0.248547 -0.845524
v -0.360166 -0.250023 -0.834778
v -0.384600 -0.249475 -0.886639
v -0.385907 -0.249472 -0.068649
v 0.381373 -0.249922 -0.068100
v -0.384655 -0.249923 -0.885887
v -0.385159 -0.249919 -0.068593
v 0.339259 -0.155221 -0.785692
v 0.338992 -0.155401 -0.786626
v 0.349427 -0.154281 -0.785120
v 0.338995 0.146855 -0.786829
v 0.339419 -0.155803 -0.805571
v 0.349569 -0.155201 -0.806547
v 0.338999 -0.155464 -0.805404
v 0.338992 0.146798 -0.805601
v 0.349413 0.145659 -0.807119
v 0.349569 0.146626 -0.806517
v 0.349394 -0.155804 -0.786636
v 0.349823 -0.155462 -0.786823
v 0.349562 0.146617 -0.785691
v 0.349833 0.146793 -0.786629
v 0.339395 0.145677 -0.785119
v 0.339397 0.147188 -0.805597
v 0.349823 0.146860 -0.805402
v 0.349978 -0.121880 -0.796152
v 0.354890 -0.122471 -0.792720
v 0.355241 -0.124493 -0.789899
v 0.354891 -0.127265 -0.787935
v 0.355242 -0.130687 -0.787370
v 0.354891 -0.134037 -0.787941
v 0.355242 -0.136857 -0.789961
v 0.354890 -0.138823 -0.792734
v 0.354892 -0.139492 -0.796122
v 0.355242 -0.138706 -0.799500
v 0.354889 -0.136896 -0.802376
v 0.354890 -0.134023 -0.804292
v 0.355241 -0.130599 -0.804858
v 0.354890 -0.127251 -0.804287
v 0.355241 -0.124430 -0.802265
v 0.355258 -0.122554 -0.799414
v 0.349978 -0.122562 -0.799503
v 0.349843 -0.125536 -0.801223
v 0.349843 -0.123968 -0.798878
v 0.349843 -0.127879 -0.802788
v 0.349843 -0.130643 -0.803338
v 0.349843 -0.133408 -0.802788
v 0.349843 -0.135752 -0.801223
v 0.349843 -0.137317 -0.798878
v 0.349843 -0.137869 -0.796113
v 0.349843 -0.137317 -0.793350
v 0.349843 -0.135752 -0.791005
v 0.349843 -0.133408 -0.789439
v 0.349843 -0.130643 -0.788889
v 0.349843 -0.127879 -0.789439
v 0.349843 -0.125536 -0.791005
v 0.349843 -0.123968 -0.793350
v 0.349843 -0.123420 -0.796113
v 0.355241 -0.121900 -0.796069
v 0.349579 -0.155209 -0.785703
v 0.339387 -0.155792 -0.786652
v 0.338995 -0.154083 -0.785452
v 0.339419 -0.154253 -0.785108
v 0.338992 0.145680 -0.785510
v 0.339430 0.147200 -0.786636
v 0.339241 0.146604 -0.785703
v 0.339252 -0.155231 -0.806516
v 0.349427 -0.155792 -0.805598
v 0.339409 -0.154262 -0.807120
v 0.338990 -0.154277 -0.806716
v 0.349414 -0.154272 -0.807109
v 0.339252 0.146596 -0.806546
v 0.338995 0.145471 -0.806777
v 0.339408 0.145668 -0.807108
v 0.349833 -0.154281 -0.785514
v 0.349831 -0.155399 -0.805603
v 0.349433 0.147188 -0.786652
v 0.349822 0.145481 -0.785446
v 0.349402 0.145649 -0.785108
v 0.349400 0.147200 -0.805571
v 0.349827 -0.154077 -0.806775
v 0.349833 0.145674 -0.806714
v 0.349978 -0.122532 -0.792796
v 0.349978 -0.124420 -0.789943
v 0.349978 -0.127254 -0.788031
v 0.349978 -0.130604 -0.787350
v 0.349978 -0.133962 -0.788002
v 0.349978 -0.136813 -0.789889
v 0.349978 -0.138726 -0.792724
v 0.349978 -0.139408 -0.796075
v 0.349978 -0.138756 -0.799431
v 0.349978 -0.136868 -0.802283
v 0.349978 -0.134033 -0.804196
v 0.349978 -0.130681 -0.804878
v 0.349978 -0.127326 -0.804225
v 0.349978 -0.124474 -0.802338
v 0.355317 -0.122844 -0.792828
v 0.355319 -0.127454 -0.788278
v 0.355317 -0.133930 -0.788315
v 0.355317 -0.138482 -0.792920
v 0.355316 -0.139108 -0.796163
v 0.355317 -0.136594 -0.802133
v 0.355317 -0.133837 -0.803952
v 0.355317 -0.127359 -0.803914
v 0.339260 -0.155227 -0.578420
v 0.338990 -0.155406 -0.579360
v 0.349425 -0.154286 -0.577848
v 0.338995 0.146848 -0.579559
v 0.339421 -0.155810 -0.598299
v 0.349570 -0.155206 -0.599276
v 0.338995 -0.155466 -0.598128
v 0.338992 0.146792 -0.598331
v 0.349415 0.145653 -0.599849
v 0.349570 0.146620 -0.599246
v 0.349392 -0.155810 -0.579366
v 0.349827 -0.155464 -0.579561
v 0.349561 0.146611 -0.578420
v 0.349833 0.146787 -0.579359
v 0.339397 0.145670 -0.577848
v 0.339395 0.147182 -0.598326
v 0.349823 0.146853 -0.598131
v 0.349978 -0.121886 -0.588882
v 0.355258 -0.122595 -0.585457
v 0.355241 -0.124498 -0.582630
v 0.354890 -0.127271 -0.580665
v 0.355241 -0.130694 -0.580099
v 0.354890 -0.134042 -0.580670
v 0.355241 -0.136864 -0.582692
v 0.354891 -0.138829 -0.585464
v 0.354891 -0.139499 -0.588851
v 0.354890 -0.138823 -0.592237
v 0.355241 -0.136801 -0.595058
v 0.355259 -0.133951 -0.596934
v 0.355241 -0.130606 -0.597588
v 0.354890 -0.127256 -0.597017
v 0.354891 -0.124387 -0.595096
v 0.355241 -0.122554 -0.592150
v 0.349978 -0.122568 -0.592233
v 0.349843 -0.125541 -0.593952
v 0.349843 -0.123975 -0.591608
v 0.349843 -0.127885 -0.595519
v 0.349843 -0.130650 -0.596067
v 0.349843 -0.133414 -0.595519
v 0.349843 -0.135759 -0.593952
v 0.349843 -0.137324 -0.591608
v 0.349843 -0.137875 -0.588844
v 0.349843 -0.137324 -0.586079
v 0.349843 -0.135759 -0.583735
v 0.349843 -0.133414 -0.582169
v 0.349843 -0.130650 -0.581619
v 0.349843 -0.127885 -0.582169
v 0.349843 -0.125542 -0.583735
v 0.349843 -0.123975 -0.586079
v 0.349843 -0.123425 -0.588844
v 0.355317 -0.122186 -0.588795
v 0.349579 -0.155215 -0.578432
v 0.339388 -0.155798 -0.579383
v 0.339000 -0.154088 -0.578176
v 0.339421 -0.154259 -0.577837
v 0.338992 0.145674 -0.578239
v 0.339428 0.147193 -0.579366
v 0.339242 0.146599 -0.578432
v 0.339251 -0.155236 -0.599246
v 0.349425 -0.155799 -0.598326
v 0.339406 -0.154269 -0.599849
v 0.338992 -0.154289 -0.599447
v 0.349417 -0.154278 -0.599838
v 0.339251 0.146589 -0.599276
v 0.338995 0.145471 -0.599505
v 0.339405 0.145662 -0.599838
v 0.349831 -0.154290 -0.578242
v 0.349833 -0.155404 -0.598328
v 0.349435 0.147182 -0.579382
v 0.349822 0.145474 -0.578176
v 0.349401 0.145643 -0.577837
v 0.349402 0.147193 -0.598299
v 0.349823 -0.154089 -0.599509
v 0.349833 0.145671 -0.599443
v 0.349978 -0.122538 -0.585524
v 0.354890 -0.121801 -0.588837
v 0.349978 -0.124425 -0.582674
v 0.349978 -0.127261 -0.580761
v 0.349978 -0.130611 -0.580079
v 0.349978 -0.133967 -0.580732
v 0.349978 -0.136820 -0.582619
v 0.349978 -0.138732 -0.585454
v 0.349978 -0.139414 -0.588805
v 0.349978 -0.138762 -0.592162
v 0.349978 -0.136874 -0.595014
v 0.349978 -0.134040 -0.596926
v 0.349978 -0.130688 -0.597608
v 0.349978 -0.127331 -0.596955
v 0.349978 -0.124480 -0.595068
v 0.355317 -0.127457 -0.581005
v 0.355317 -0.133934 -0.581043
v 0.355317 -0.138488 -0.585653
v 0.355316 -0.139116 -0.588893
v 0.355317 -0.138450 -0.592128
v 0.355319 -0.127365 -0.596641
v 0.355316 -0.124629 -0.594795
v 0.339259 -0.155227 -0.315527
v 0.338990 -0.155406 -0.316467
v 0.349426 -0.154287 -0.314955
v 0.338999 0.146855 -0.316661
v 0.339422 -0.155810 -0.335405
v 0.349150 -0.155269 -0.336425
v 0.338995 -0.155466 -0.335233
v 0.338992 0.146792 -0.335436
v 0.349415 0.145654 -0.336955
v 0.349570 0.146620 -0.336352
v 0.349392 -0.155810 -0.316472
v 0.349827 -0.155464 -0.316665
v 0.349562 0.146611 -0.315527
v 0.349831 0.146790 -0.316462
v 0.339396 0.145672 -0.314955
v 0.339396 0.147182 -0.335433
v 0.349823 0.146853 -0.335236
v 0.349978 -0.121886 -0.325988
v 0.355241 -0.122588 -0.322562
v 0.354892 -0.124398 -0.319687
v 0.355241 -0.127343 -0.317854
v 0.354888 -0.130657 -0.317099
v 0.355241 -0.134038 -0.317888
v 0.354892 -0.136912 -0.319697
v 0.355241 -0.138745 -0.322643
v 0.354891 -0.139499 -0.325957
v 0.354891 -0.138823 -0.329343
v 0.355241 -0.136802 -0.332163
v 0.355259 -0.133951 -0.334040
v 0.354891 -0.130642 -0.334799
v 0.355242 -0.127263 -0.334011
v 0.355241 -0.124435 -0.332101
v 0.354892 -0.122471 -0.329329
v 0.349978 -0.122568 -0.329340
v 0.349843 -0.125541 -0.331057
v 0.349843 -0.123975 -0.328715
v 0.349843 -0.127885 -0.332625
v 0.349843 -0.130650 -0.333174
v 0.349843 -0.133414 -0.332625
v 0.349843 -0.135759 -0.331057
v 0.349843 -0.137324 -0.328715
v 0.349843 -0.137875 -0.325949
v 0.349843 -0.137324 -0.323185
v 0.349843 -0.135759 -0.320841
v 0.349843 -0.133414 -0.319275
v 0.349843 -0.130650 -0.318725
v 0.349843 -0.127885 -0.319275
v 0.349843 -0.125541 -0.320841
v 0.349843 -0.123975 -0.323185
v 0.349843 -0.123425 -0.325949
v 0.355317 -0.122186 -0.325900
v 0.349579 -0.155215 -0.315538
v 0.339389 -0.155798 -0.316488
v 0.339000 -0.154090 -0.315282
v 0.339420 -0.154260 -0.314944
v 0.338990 0.145669 -0.315348
v 0.339428 0.147193 -0.316472
v 0.339242 0.146599 -0.315539
v 0.339251 -0.155236 -0.336352
v 0.349411 -0.155811 -0.335409
v 0.349832 -0.154845 -0.336433
v 0.349749 -0.155550 -0.335445
v 0.339407 -0.154270 -0.336955
v 0.338992 -0.154289 -0.336552
v 0.349416 -0.154279 -0.336944
v 0.339251 0.146589 -0.336382
v 0.338995 0.145471 -0.336610
v 0.339405 0.145663 -0.336943
v 0.349831 -0.154290 -0.315348
v 0.349434 0.147182 -0.316488
v 0.349827 0.145471 -0.315289
v 0.349401 0.145645 -0.314943
v 0.349402 0.147193 -0.335406
v 0.349833 0.145671 -0.336548
v 0.349978 -0.122538 -0.322630
v 0.354890 -0.121801 -0.325942
v 0.349978 -0.124425 -0.319779
v 0.349978 -0.127260 -0.317867
v 0.349978 -0.130611 -0.317185
v 0.349978 -0.133969 -0.317838
v 0.349978 -0.136819 -0.319725
v 0.349978 -0.138732 -0.322560
v 0.349978 -0.139414 -0.325911
v 0.349978 -0.138762 -0.329268
v 0.349978 -0.136874 -0.332119
v 0.349978 -0.134039 -0.334031
v 0.349978 -0.130688 -0.334714
v 0.349978 -0.127332 -0.334061
v 0.349978 -0.124479 -0.332173
v 0.355316 -0.124699 -0.319928
v 0.355317 -0.130699 -0.317486
v 0.355317 -0.136670 -0.320001
v 0.355317 -0.139113 -0.326000
v 0.355317 -0.138450 -0.329234
v 0.355317 -0.130599 -0.334413
v 0.355319 -0.122814 -0.329138
v 0.328404 -0.155226 0.092086
v 0.328135 -0.155406 0.091147
v 0.353431 -0.154286 0.092658
v 0.328144 0.146855 0.090952
v 0.328566 -0.155810 0.072208
v 0.353577 -0.155206 0.071230
v 0.328140 -0.155466 0.072378
v 0.328137 0.146792 0.072176
v 0.353420 0.145653 0.070657
v 0.353577 0.146620 0.071261
v 0.353398 -0.155810 0.091140
v 0.353834 -0.155464 0.090948
v 0.353568 0.146611 0.092086
v 0.353837 0.146790 0.091152
v 0.328540 0.145671 0.092658
v 0.328540 0.147182 0.072180
v 0.353830 0.146853 0.072375
v 0.353586 -0.155215 0.092075
v 0.328533 -0.155798 0.091124
v 0.328145 -0.154091 0.092331
v 0.328566 -0.154260 0.092669
v 0.328135 0.145670 0.092265
v 0.328573 0.147193 0.091140
v 0.328387 0.146599 0.092074
v 0.328396 -0.155236 0.071261
v 0.353431 -0.155799 0.072181
v 0.328553 -0.154268 0.070657
v 0.328137 -0.154289 0.071059
v 0.353422 -0.154277 0.070668
v 0.328396 0.146590 0.071231
v 0.328140 0.145472 0.071001
v 0.328551 0.145662 0.070669
v 0.353838 -0.154291 0.092265
v 0.353837 -0.155406 0.072173
v 0.353441 0.147182 0.091124
v 0.353834 0.145471 0.092323
v 0.353409 0.145644 0.092669
v 0.353409 0.147193 0.072207
v 0.353834 -0.154085 0.071003
v 0.353839 0.145671 0.071064
v 0.015077 -0.155215 0.092075
v 0.025247 -0.154260 0.092669
v 0.025670 0.146846 0.090946
v 0.015229 -0.155798 0.072180
v 0.025413 -0.155236 0.071260
v 0.015239 -0.154278 0.070669
v 0.025258 -0.154269 0.070658
v 0.025259 0.145661 0.070669
v 0.025413 0.146590 0.071231
v 0.025278 -0.155798 0.091124
v 0.014829 -0.155464 0.090948
v 0.025245 -0.155810 0.072207
v 0.025422 0.146599 0.092075
v 0.014833 0.146853 0.072375
v 0.015252 0.145643 0.092669
v 0.015252 0.147193 0.072207
v 0.015262 -0.155810 0.091140
v 0.025675 -0.155403 0.091149
v 0.025405 -0.155227 0.092087
v 0.025666 -0.154090 0.092329
v 0.025670 -0.155464 0.072379
v 0.015228 -0.154287 0.092657
v 0.025238 0.147193 0.091140
v 0.025673 0.145676 0.092265
v 0.025271 0.145671 0.092657
v 0.025674 -0.154291 0.071062
v 0.025670 0.145471 0.071003
v 0.015241 0.145652 0.070658
v 0.025673 0.146789 0.072174
v 0.025271 0.147182 0.072180
v 0.014825 -0.154291 0.092265
v 0.014834 0.145476 0.092330
v 0.015220 0.147181 0.091124
v 0.014823 0.146786 0.091147
v 0.015094 0.146611 0.092086
v 0.014824 -0.155403 0.072178
v 0.015086 -0.155206 0.071230
v 0.014833 -0.154090 0.070997
v 0.015086 0.146620 0.071260
v 0.014823 0.145671 0.071064
v -0.352803 -0.155210 -0.785703
v -0.342632 -0.154254 -0.785108
v -0.342213 0.146859 -0.786825
v -0.352637 -0.155805 -0.805575
v -0.342467 -0.155231 -0.806516
v -0.352639 -0.154272 -0.807108
v -0.342622 -0.154263 -0.807119
v -0.342620 0.145668 -0.807108
v -0.342467 0.146596 -0.806546
v -0.342600 -0.155792 -0.786652
v -0.353046 -0.155462 -0.786823
v -0.342632 -0.155803 -0.805571
v -0.342456 0.146605 -0.785703
v -0.353046 0.146859 -0.805401
v -0.352627 0.145649 -0.785108
v -0.353054 -0.154838 -0.806597
v -0.352625 0.147199 -0.805570
v -0.358114 -0.121795 -0.796105
v -0.353202 -0.122562 -0.799502
v -0.353065 -0.123968 -0.798878
v -0.353065 -0.125536 -0.801222
v -0.353202 -0.124474 -0.802338
v -0.353065 -0.127879 -0.802788
v -0.353202 -0.127326 -0.804226
v -0.353065 -0.130643 -0.803338
v -0.353202 -0.130681 -0.804878
v -0.353065 -0.133409 -0.802788
v -0.353202 -0.134033 -0.804196
v -0.353065 -0.135752 -0.801222
v -0.353202 -0.136868 -0.802283
v -0.353065 -0.137318 -0.798878
v -0.353202 -0.138756 -0.799431
v -0.353065 -0.137869 -0.796113
v -0.353202 -0.139408 -0.796075
v -0.353065 -0.137318 -0.793350
v -0.353202 -0.138726 -0.792724
v -0.353065 -0.135752 -0.791005
v -0.353202 -0.136814 -0.789889
v -0.353065 -0.133409 -0.789439
v -0.353202 -0.133963 -0.788002
v -0.353065 -0.130643 -0.788889
v -0.353202 -0.130604 -0.787350
v -0.353065 -0.127879 -0.789439
v -0.353202 -0.127254 -0.788031
v -0.353065 -0.125536 -0.791005
v -0.353202 -0.124420 -0.789943
v -0.353065 -0.123968 -0.793350
v -0.353202 -0.122532 -0.792795
v -0.353065 -0.123420 -0.796113
v -0.353202 -0.121880 -0.796152
v -0.358465 -0.122583 -0.792727
v -0.358465 -0.124493 -0.789899
v -0.358465 -0.136858 -0.789962
v -0.358465 -0.139388 -0.796157
v -0.358465 -0.138705 -0.799500
v -0.358541 -0.136595 -0.802133
v -0.358465 -0.130599 -0.804858
v -0.358465 -0.124430 -0.802265
v -0.358539 -0.130690 -0.787646
v -0.358541 -0.133930 -0.788314
v -0.358541 -0.138482 -0.792919
v -0.358541 -0.133837 -0.803952
v -0.358541 -0.127359 -0.803914
v -0.358482 -0.122554 -0.799414
v -0.358543 -0.127455 -0.788277
v -0.352619 -0.155804 -0.786636
v -0.342206 -0.155399 -0.786624
v -0.342474 -0.155221 -0.785691
v -0.342209 -0.154082 -0.785454
v -0.342213 -0.155462 -0.805404
v -0.352651 -0.154281 -0.785119
v -0.342643 0.147199 -0.786636
v -0.342204 0.145676 -0.785515
v -0.342608 0.145677 -0.785120
v -0.352372 -0.155263 -0.806589
v -0.342203 -0.154280 -0.806713
v -0.342209 0.145473 -0.806774
v -0.352638 0.145659 -0.807119
v -0.342206 0.146795 -0.805603
v -0.342610 0.147188 -0.805597
v -0.353056 -0.154281 -0.785515
v -0.353045 0.145480 -0.785447
v -0.352658 0.147188 -0.786652
v -0.353056 0.146792 -0.786629
v -0.352785 0.146616 -0.785691
v -0.352971 -0.155546 -0.805611
v -0.352793 0.146626 -0.806516
v -0.353056 0.145675 -0.806712
v -0.358114 -0.127265 -0.787935
v -0.358110 -0.130650 -0.787264
v -0.358113 -0.134038 -0.787941
v -0.358112 -0.138823 -0.792735
v -0.358111 -0.136897 -0.802376
v -0.358112 -0.134023 -0.804292
v -0.358112 -0.127251 -0.804287
v -0.358541 -0.122181 -0.796063
v -0.352801 -0.155215 -0.578431
v -0.342634 -0.154259 -0.577837
v -0.342213 0.146853 -0.579556
v -0.352650 -0.155797 -0.598326
v -0.342466 -0.155235 -0.599246
v -0.352641 -0.154277 -0.599837
v -0.342619 -0.154268 -0.599848
v -0.342619 0.145661 -0.599838
v -0.342466 0.146590 -0.599277
v -0.342601 -0.155797 -0.579383
v -0.353050 -0.155463 -0.579558
v -0.342634 -0.155809 -0.598298
v -0.342457 0.146599 -0.578433
v -0.353046 0.146853 -0.598132
v -0.352625 0.145643 -0.577838
v -0.352627 0.147193 -0.598300
v -0.358111 -0.121801 -0.588837
v -0.353202 -0.122567 -0.592234
v -0.353065 -0.123975 -0.591608
v -0.353065 -0.125541 -0.593952
v -0.353202 -0.124479 -0.595068
v -0.353065 -0.127884 -0.595519
v -0.353202 -0.127330 -0.596956
v -0.353065 -0.130650 -0.596067
v -0.353202 -0.130688 -0.597608
v -0.353065 -0.133415 -0.595519
v -0.353202 -0.134039 -0.596926
v -0.353065 -0.135759 -0.593952
v -0.353202 -0.136874 -0.595014
v -0.353065 -0.137325 -0.591608
v -0.353202 -0.138762 -0.592162
v -0.353065 -0.137874 -0.588844
v -0.353202 -0.139415 -0.588806
v -0.353065 -0.137325 -0.586079
v -0.353202 -0.138733 -0.585454
v -0.353065 -0.135759 -0.583735
v -0.353202 -0.136820 -0.582619
v -0.353065 -0.133415 -0.582169
v -0.353202 -0.133967 -0.580731
v -0.353065 -0.130650 -0.581619
v -0.353202 -0.130611 -0.580079
v -0.353065 -0.127884 -0.582169
v -0.353202 -0.127261 -0.580760
v -0.353065 -0.125541 -0.583735
v -0.353202 -0.124424 -0.582674
v -0.353065 -0.123975 -0.586079
v -0.353202 -0.122538 -0.585524
v -0.353065 -0.123425 -0.588844
v -0.353202 -0.121886 -0.588882
v -0.358465 -0.124497 -0.582630
v -0.358465 -0.130694 -0.580099
v -0.358541 -0.133934 -0.581043
v -0.358465 -0.138746 -0.585538
v -0.358465 -0.139395 -0.588887
v -0.358541 -0.138451 -0.592127
v -0.358465 -0.136802 -0.595057
v -0.358465 -0.130606 -0.597588
v -0.358541 -0.127364 -0.596645
v -0.358465 -0.124435 -0.594996
v -0.358541 -0.122812 -0.592034
v -0.358541 -0.122851 -0.585559
v -0.358482 -0.127349 -0.580753
v -0.358541 -0.136668 -0.582893
v -0.358543 -0.133839 -0.596680
v -0.352617 -0.155809 -0.579366
v -0.342204 -0.155402 -0.579357
v -0.342475 -0.155226 -0.578420
v -0.342213 -0.154086 -0.578178
v -0.342213 -0.155469 -0.598132
v -0.352650 -0.154286 -0.577849
v -0.342641 0.147193 -0.579367
v -0.342204 0.145671 -0.578245
v -0.342610 0.145670 -0.577850
v -0.342203 -0.154286 -0.599442
v -0.342209 0.145471 -0.599504
v -0.352639 0.145652 -0.599850
v -0.342206 0.146789 -0.598333
v -0.342608 0.147182 -0.598327
v -0.353054 -0.154289 -0.578242
v -0.353050 0.145472 -0.578184
v -0.352659 0.147181 -0.579383
v -0.353053 0.146789 -0.579355
v -0.352785 0.146611 -0.578421
v -0.353055 -0.155402 -0.598329
v -0.352793 -0.155205 -0.599276
v -0.353046 -0.154089 -0.599509
v -0.352793 0.146620 -0.599247
v -0.353056 0.145671 -0.599443
v -0.358114 -0.122478 -0.585449
v -0.358112 -0.134042 -0.580670
v -0.358114 -0.136913 -0.582592
v -0.358113 -0.138823 -0.592236
v -0.358114 -0.134029 -0.597022
v -0.358112 -0.127256 -0.597017
v -0.358113 -0.122471 -0.592223
v -0.358539 -0.122184 -0.588796
v -0.352802 -0.155216 -0.315538
v -0.342213 0.146853 -0.316663
v -0.352636 -0.155811 -0.335409
v -0.342466 -0.155236 -0.336353
v -0.352641 -0.154279 -0.336943
v -0.342619 -0.154270 -0.336954
v -0.342620 0.145662 -0.336944
v -0.342467 0.146590 -0.336383
v -0.342601 -0.155798 -0.316488
v -0.353050 -0.155464 -0.316664
v -0.342634 -0.155810 -0.335405
v -0.342458 0.146599 -0.315538
v -0.353046 0.146853 -0.335238
v -0.352626 0.145645 -0.314945
v -0.353054 -0.154845 -0.336432
v -0.352627 0.147193 -0.335406
v -0.358465 -0.121907 -0.325905
v -0.353202 -0.122568 -0.329340
v -0.353065 -0.123975 -0.328715
v -0.353065 -0.125541 -0.331057
v -0.353202 -0.124479 -0.332174
v -0.353065 -0.127884 -0.332625
v -0.353202 -0.127331 -0.334061
v -0.353065 -0.130650 -0.333174
v -0.353202 -0.130688 -0.334714
v -0.353065 -0.133415 -0.332625
v -0.353202 -0.134039 -0.334032
v -0.353065 -0.135759 -0.331057
v -0.353202 -0.136874 -0.332119
v -0.353065 -0.137325 -0.328715
v -0.353202 -0.138762 -0.329268
v -0.353065 -0.137874 -0.325949
v -0.353202 -0.139415 -0.325911
v -0.353065 -0.137325 -0.323184
v -0.353202 -0.138733 -0.322559
v -0.353065 -0.135759 -0.320841
v -0.353202 -0.136820 -0.319725
v -0.353065 -0.133415 -0.319275
v -0.353202 -0.133968 -0.317837
v -0.353065 -0.130650 -0.318725
v -0.353202 -0.130612 -0.317184
v -0.353065 -0.127884 -0.319275
v -0.353202 -0.127259 -0.317867
v -0.353065 -0.125541 -0.320841
v -0.353202 -0.124425 -0.319778
v -0.353065 -0.123975 -0.323184
v -0.353202 -0.122538 -0.322629
v -0.353065 -0.123425 -0.325949
v -0.353202 -0.121886 -0.325988
v -0.358541 -0.122851 -0.322663
v -0.358465 -0.127343 -0.317854
v -0.358541 -0.130700 -0.317486
v -0.358465 -0.134037 -0.317888
v -0.358541 -0.136669 -0.320001
v -0.358465 -0.138745 -0.322644
v -0.358541 -0.139112 -0.326000
v -0.358465 -0.138712 -0.329336
v -0.358541 -0.136597 -0.331969
v -0.358465 -0.127262 -0.334011
v -0.358465 -0.124435 -0.332101
v -0.358539 -0.124697 -0.319928
v -0.358482 -0.133950 -0.334039
v -0.358541 -0.130600 -0.334413
v -0.358543 -0.122814 -0.329138
v -0.352617 -0.155810 -0.316472
v -0.342204 -0.155404 -0.316465
v -0.342474 -0.155227 -0.315526
v -0.342213 -0.154090 -0.315284
v -0.342633 -0.154261 -0.314944
v -0.342209 -0.155464 -0.335233
v -0.352650 -0.154289 -0.314955
v -0.342641 0.147193 -0.316473
v -0.342204 0.145671 -0.315352
v -0.342609 0.145672 -0.314956
v -0.352373 -0.155269 -0.336425
v -0.342205 -0.154291 -0.336549
v -0.342209 0.145472 -0.336609
v -0.352639 0.145653 -0.336955
v -0.342206 0.146789 -0.335439
v -0.342609 0.147182 -0.335434
v -0.353054 -0.154291 -0.315348
v -0.353050 0.145470 -0.315291
v -0.352659 0.147181 -0.316489
v -0.353053 0.146789 -0.316461
v -0.352784 0.146610 -0.315527
v -0.352972 -0.155551 -0.335445
v -0.352793 0.146620 -0.336353
v -0.353056 0.145671 -0.336548
v -0.358113 -0.122477 -0.322555
v -0.358113 -0.124397 -0.319687
v -0.358112 -0.130657 -0.317099
v -0.358115 -0.136912 -0.319698
v -0.358113 -0.139500 -0.325957
v -0.358114 -0.136901 -0.332212
v -0.358113 -0.130643 -0.334799
v -0.358113 -0.122471 -0.329329
v -0.034413 -0.155227 0.092086
v -0.034682 -0.155406 0.091147
v -0.024247 -0.154287 0.092658
v -0.034678 0.146848 0.090947
v -0.024102 -0.155206 0.071230
v -0.034251 -0.155810 0.072208
v -0.034673 -0.155471 0.072374
v -0.034680 0.146791 0.072176
v -0.024259 0.145653 0.070657
v -0.024102 0.146620 0.071261
v -0.024280 -0.155810 0.091140
v -0.023845 -0.155464 0.090948
v -0.024111 0.146610 0.092086
v -0.023839 0.146787 0.091147
v -0.034277 0.145671 0.092658
v -0.034277 0.147182 0.072180
v -0.023849 0.146853 0.072375
v -0.024093 -0.155216 0.092075
v -0.034284 -0.155798 0.091124
v -0.034673 -0.154091 0.092331
v -0.034251 -0.154260 0.092669
v -0.034680 0.145675 0.092267
v -0.034244 0.147193 0.091140
v -0.034430 0.146599 0.092075
v -0.034421 -0.155236 0.071261
v -0.024247 -0.155799 0.072181
v -0.034264 -0.154268 0.070657
v -0.034683 -0.154285 0.071062
v -0.024257 -0.154278 0.070669
v -0.034421 0.146590 0.071231
v -0.034677 0.145472 0.071001
v -0.034266 0.145662 0.070669
v -0.023841 -0.154291 0.092265
v -0.023842 -0.155406 0.072173
v -0.024238 0.147182 0.091124
v -0.023850 0.145476 0.092331
v -0.024270 0.145643 0.092669
v -0.024270 0.147193 0.072207
v -0.023845 -0.154086 0.071003
v -0.023839 0.145671 0.071064
v -0.361250 -0.155216 0.092075
v -0.322593 -0.154260 0.092669
v -0.322174 0.146853 0.090951
v -0.361098 -0.155798 0.072181
v -0.322426 -0.155236 0.071260
v -0.361088 -0.154278 0.070669
v -0.322581 -0.154269 0.070658
v -0.322580 0.145661 0.070669
v -0.322426 0.146590 0.071231
v -0.322562 -0.155798 0.091124
v -0.361499 -0.155464 0.090948
v -0.322594 -0.155810 0.072208
v -0.322417 0.146599 0.092075
v -0.361495 0.146853 0.072375
v -0.361075 0.145643 0.092669
v -0.361076 0.147193 0.072207
v -0.361065 -0.155810 0.091140
v -0.322164 -0.155404 0.091149
v -0.322434 -0.155227 0.092087
v -0.322173 -0.154090 0.092329
v -0.322169 -0.155464 0.072379
v -0.361100 -0.154288 0.092657
v -0.322601 0.147193 0.091140
v -0.322164 0.145671 0.092262
v -0.322569 0.145670 0.092658
v -0.322166 -0.154291 0.071062
v -0.322169 0.145471 0.071003
v -0.361087 0.145652 0.070658
v -0.322166 0.146789 0.072174
v -0.322569 0.147181 0.072180
v -0.361502 -0.154291 0.092265
v -0.361499 0.145471 0.092323
v -0.361108 0.147181 0.091124
v -0.361502 0.146789 0.091152
v -0.361234 0.146610 0.092087
v -0.361504 -0.155403 0.072178
v -0.361242 -0.155206 0.071230
v -0.361495 -0.154090 0.070998
v -0.361242 0.146620 0.071261
v -0.361504 0.145671 0.071064
v -0.314116 0.346045 -0.834863
v -0.324321 0.346044 -0.833405
v -0.331609 0.346044 -0.829032
v -0.335983 0.346044 -0.821744
v -0.337442 0.346044 -0.811539
v -0.337442 0.346044 -0.142448
v -0.335983 0.346044 -0.132242
v -0.331609 0.346044 -0.124954
v -0.324320 0.346044 -0.120580
v -0.344594 0.340037 -0.856892
v -0.333888 0.345856 -0.095264
v -0.333933 0.345290 -0.094639
v -0.333933 0.340765 -0.094639
v -0.333888 0.340199 -0.095264
v -0.344492 0.345981 -0.096979
v -0.344729 0.345290 -0.096181
v -0.344336 0.340036 -0.096994
v -0.351944 0.345914 -0.101352
v -0.352441 0.345290 -0.100808
v -0.351806 0.340079 -0.101351
v -0.356333 0.345971 -0.108896
v -0.357069 0.345290 -0.108520
v -0.356212 0.340070 -0.108657
v -0.358415 0.345614 -0.118876
v -0.357987 0.340199 -0.119362
v -0.358479 0.345614 -0.834204
v -0.357987 0.340199 -0.834625
v -0.356279 0.345956 -0.845290
v -0.357070 0.345290 -0.845465
v -0.356305 0.340068 -0.845090
v -0.351898 0.345914 -0.852680
v -0.352441 0.345290 -0.853177
v -0.351899 0.340079 -0.852542
v -0.344304 0.345989 -0.857058
v -0.344730 0.345290 -0.857804
v -0.333889 0.345855 -0.858722
v -0.333933 0.345290 -0.859347
v -0.333889 0.340199 -0.858722
v -0.344729 0.340765 -0.096181
v -0.352441 0.340765 -0.100808
v -0.357070 0.340765 -0.108520
v -0.358612 0.340765 -0.119318
v -0.358612 0.340765 -0.834669
v -0.357070 0.340765 -0.845465
v -0.352441 0.340765 -0.853177
v -0.344730 0.340765 -0.857804
v -0.333933 0.340765 -0.859347
v 0.332695 0.346045 -0.821744
v 0.328322 0.346045 -0.829032
v 0.321033 0.346045 -0.833406
v 0.310829 0.346045 -0.834863
v -0.314116 0.346045 -0.119123
v 0.310829 0.346045 -0.119123
v 0.321034 0.346045 -0.120581
v 0.328322 0.346045 -0.124954
v 0.332695 0.346045 -0.132243
v 0.334154 0.346045 -0.142448
v 0.334154 0.346045 -0.811539
v 0.353781 0.345291 -0.845466
v 0.348656 0.345914 -0.852634
v 0.349154 0.345291 -0.853177
v 0.352889 0.340056 -0.845348
v 0.348517 0.340079 -0.852636
v 0.349154 0.340765 -0.853177
v 0.355128 0.345614 -0.835110
v 0.353045 0.345971 -0.845090
v 0.354700 0.340199 -0.834625
v 0.355192 0.345614 -0.119782
v 0.354700 0.340199 -0.119362
v 0.352991 0.345957 -0.108697
v 0.353782 0.345291 -0.108520
v 0.352990 0.340052 -0.108898
v 0.348610 0.345914 -0.101306
v 0.349154 0.345291 -0.100809
v 0.348611 0.340079 -0.101445
v 0.341066 0.345971 -0.096918
v 0.341443 0.345291 -0.096181
v 0.341300 0.340074 -0.097031
v 0.331087 0.345614 -0.094836
v 0.330601 0.340199 -0.095264
v 0.330181 0.345614 -0.859214
v 0.330601 0.340199 -0.858722
v 0.341265 0.345957 -0.857015
v 0.341442 0.345291 -0.857805
v 0.341066 0.340065 -0.857036
v 0.353781 0.340765 -0.845466
v 0.355325 0.340765 -0.834669
v 0.355325 0.340765 -0.119318
v 0.353782 0.340765 -0.108520
v 0.349154 0.340765 -0.100808
v 0.341443 0.340765 -0.096181
v 0.330646 0.340765 -0.094639
v 0.330646 0.340765 -0.859347
v 0.341442 0.340765 -0.857805
v 0.332700 0.340851 0.005356
v 0.328327 0.340851 -0.001933
v 0.321038 0.340851 -0.006306
v 0.310834 0.340851 -0.007764
v -0.314112 0.340852 -0.007764
v -0.324317 0.340852 -0.006306
v -0.331605 0.340852 -0.001933
v -0.335979 0.340852 0.005356
v -0.337438 0.340852 0.015560
v -0.337438 0.340852 0.844632
v -0.335979 0.340852 0.854837
v -0.331605 0.340852 0.862126
v -0.324316 0.340852 0.866499
v -0.314112 0.340852 0.867956
v 0.310834 0.340851 0.867956
v 0.321039 0.340851 0.866499
v 0.328327 0.340851 0.862126
v 0.332700 0.340851 0.854837
v 0.334159 0.340851 0.844632
v 0.334159 0.340851 0.015560
v -0.341611 0.329910 0.889344
v -0.350615 0.329910 0.884449
v 0.339332 0.329910 0.889062
v 0.352234 0.329910 0.875439
v 0.351952 0.329910 -0.016249
v 0.338331 0.329910 -0.029150
v 0.347337 0.329910 0.884448
v 0.347336 0.329910 -0.024256
v 0.353185 0.340510 -0.018153
v 0.353786 0.339484 -0.018367
v 0.348662 0.340620 -0.025496
v 0.349159 0.339484 -0.026079
v 0.353185 0.330252 -0.018153
v 0.348703 0.330252 -0.025623
v 0.349159 0.331278 -0.026079
v 0.354705 0.340510 -0.007525
v 0.355330 0.339484 -0.007570
v 0.352230 0.340852 -0.015246
v 0.354705 0.330252 -0.007525
v 0.354705 0.340510 0.867717
v 0.355330 0.339484 0.867761
v 0.354705 0.330252 0.867717
v 0.353186 0.340510 0.878346
v 0.353787 0.339484 0.878559
v 0.351948 0.340852 0.876441
v 0.353186 0.330252 0.878346
v 0.348577 0.340620 0.885774
v 0.349160 0.339484 0.886271
v 0.348703 0.330252 0.885816
v 0.341234 0.340510 0.890297
v 0.341448 0.339484 0.890898
v 0.341234 0.330252 0.890297
v 0.330606 0.340510 0.891815
v 0.330651 0.339484 0.892440
v 0.338329 0.340852 0.889342
v 0.330606 0.330252 0.891815
v -0.333885 0.340510 0.891815
v -0.333929 0.339483 0.892440
v -0.333885 0.330252 0.891815
v -0.344512 0.340510 0.890297
v -0.344725 0.339483 0.890898
v -0.342609 0.340853 0.889060
v -0.344512 0.330252 0.890297
v -0.351941 0.340620 0.885689
v -0.352437 0.339483 0.886271
v -0.351982 0.330252 0.885816
v -0.356464 0.340510 0.878346
v -0.357065 0.339483 0.878559
v -0.356464 0.330252 0.878346
v -0.355229 0.329910 0.876445
v -0.357983 0.340510 0.867718
v -0.358608 0.339483 0.867761
v -0.355507 0.340853 0.875445
v -0.357983 0.330252 0.867718
v -0.357983 0.340510 -0.007525
v -0.358608 0.339483 -0.007570
v -0.357983 0.330252 -0.007525
v -0.355510 0.329909 -0.015253
v -0.356464 0.340510 -0.018153
v -0.357065 0.339483 -0.018367
v -0.355227 0.340853 -0.016251
v -0.356464 0.330252 -0.018153
v -0.351855 0.340620 -0.025581
v -0.352437 0.339483 -0.026078
v -0.351982 0.330252 -0.025623
v -0.344512 0.340510 -0.030105
v -0.344725 0.339483 -0.030706
v -0.344512 0.330252 -0.030105
v -0.342610 0.329910 -0.028871
v -0.333885 0.340510 -0.031623
v -0.333929 0.339483 -0.032248
v -0.341611 0.340853 -0.029147
v -0.333885 0.330252 -0.031623
v 0.330606 0.340510 -0.031623
v 0.330651 0.339484 -0.032248
v 0.330606 0.330252 -0.031623
v 0.341233 0.340510 -0.030105
v 0.341447 0.339484 -0.030706
v 0.339330 0.340852 -0.028867
v 0.341233 0.330252 -0.030105
v -0.350615 0.329910 -0.024256
v 0.353787 0.331278 -0.018367
v 0.355330 0.331278 -0.007570
v 0.355330 0.331278 0.867761
v 0.353787 0.331278 0.878559
v 0.349159 0.331278 0.886271
v 0.341448 0.331278 0.890898
v 0.330651 0.331278 0.892440
v -0.333929 0.331277 0.892440
v -0.344725 0.331277 0.890898
v -0.352437 0.331278 0.886271
v -0.357065 0.331277 0.878559
v -0.358608 0.331277 0.867761
v -0.358608 0.331277 -0.007570
v -0.357066 0.331277 -0.018367
v -0.352437 0.331277 -0.026078
v -0.344725 0.331277 -0.030706
v -0.333929 0.331277 -0.032248
v 0.330651 0.331278 -0.032248
v 0.341447 0.331278 -0.030706
v 0.348327 -0.233594 0.177054
v 0.348326 -0.175080 0.202349
v 0.348327 0.331819 0.177054
v 0.346990 -0.233594 0.203435
v 0.346990 -0.234932 0.177054
v 0.346989 -0.150084 0.241848
v 0.346989 0.331820 0.241848
v 0.344898 -0.150084 0.241848
v 0.346986 -0.174679 0.204527
v 0.346989 0.331819 0.175717
v 0.313087 -0.114807 0.176266
v 0.050761 -0.116238 0.176266
v 0.313842 0.313547 0.236668
v 0.313603 0.312756 0.175726
v 0.344465 0.330802 0.241827
v 0.342222 0.329646 0.236681
v 0.343560 0.329646 0.238020
v 0.343560 0.329646 0.240509
v 0.343561 -0.150084 0.238020
v 0.346976 -0.151562 0.236627
v 0.344898 -0.151422 0.240509
v 0.348327 -0.150084 0.240509
v 0.348327 0.331820 0.240509
v 0.015431 -0.176815 0.203436
v 0.018856 -0.152206 0.235598
v 0.313575 -0.116974 0.236671
v 0.020194 -0.150084 0.236681
v 0.346989 0.332551 0.177054
v 0.014089 -0.233595 0.177054
v 0.346989 0.332551 0.240509
v 0.015428 -0.234932 0.202098
v 0.015428 -0.150084 0.241848
v 0.017519 -0.150084 0.241848
v 0.018031 0.330845 0.241826
v 0.048842 -0.116975 0.175727
v 0.346990 -0.233594 0.175717
v 0.020194 0.329646 0.236681
v 0.014090 -0.150270 0.236179
v 0.049328 0.311585 0.176259
v 0.015428 -0.233594 0.175717
v 0.015428 -0.233595 0.203435
v 0.015428 -0.234932 0.177054
v 0.048592 -0.116725 0.236671
v 0.015428 0.331820 0.241848
v 0.014089 0.331820 0.177054
v 0.015428 0.331820 0.175717
v 0.048820 0.313687 0.236666
v 0.018856 0.329646 0.240510
v 0.018856 0.329646 0.238020
v 0.018857 -0.150084 0.240509
v 0.017664 -0.151501 0.237090
v 0.015170 -0.151210 0.241348
v 0.014089 -0.150084 0.240509
v 0.014089 0.331820 0.240509
v 0.347976 -0.234351 0.176092
v 0.348327 -0.233594 0.202098
v 0.347960 -0.234522 0.202880
v 0.347983 -0.175499 0.203297
v 0.342222 -0.150084 0.236681
v 0.342557 -0.151283 0.236410
v 0.343685 -0.151122 0.237061
v 0.312642 0.312389 0.176043
v 0.313082 0.311608 0.176232
v 0.312599 -0.116232 0.176079
v 0.313018 -0.114831 0.235344
v 0.313081 -0.115750 0.236320
v 0.313084 0.312517 0.236099
v 0.312687 0.313276 0.236320
v 0.049336 -0.115749 0.176079
v 0.050736 -0.116169 0.235344
v 0.049818 -0.116231 0.236320
v 0.311656 -0.116238 0.236133
v 0.346990 -0.234598 0.176051
v 0.347034 -0.175866 0.203560
v 0.343895 0.329646 0.241514
v 0.347099 -0.151199 0.241413
v 0.347938 0.332369 0.241416
v 0.342400 0.330266 0.237104
v 0.343336 0.330214 0.241402
v 0.343561 -0.150084 0.240509
v 0.344027 -0.151025 0.241337
v 0.344670 -0.151518 0.237020
v 0.347965 -0.150894 0.241452
v 0.348326 -0.150341 0.236031
v 0.312491 0.313137 0.235252
v 0.049754 0.313317 0.236346
v 0.049744 0.312349 0.176074
v 0.014089 -0.233595 0.202098
v 0.014662 -0.234545 0.203079
v 0.014090 -0.174815 0.202485
v 0.014434 -0.175338 0.203380
v 0.313825 -0.116726 0.175726
v 0.019163 0.330256 0.241390
v 0.020258 0.330487 0.241435
v 0.049336 0.312538 0.236147
v 0.049329 -0.114807 0.236132
v 0.015428 0.332551 0.177054
v 0.015417 -0.151581 0.236578
v 0.017512 -0.151248 0.241390
v 0.018494 -0.150894 0.241452
v 0.014424 0.331820 0.241514
v 0.019217 0.330061 0.237091
v 0.018857 -0.150084 0.238020
v 0.018670 -0.151160 0.237076
v 0.048570 0.312616 0.175726
v 0.347993 0.331819 0.176051
v 0.346990 -0.234598 0.203101
v 0.346989 -0.234932 0.202098
v 0.347993 0.331820 0.241514
v 0.343561 -0.152206 0.235598
v 0.347987 -0.151291 0.236410
v 0.343226 -0.150084 0.237017
v 0.347901 0.332368 0.176133
v 0.343204 0.330042 0.237081
v 0.342287 0.330482 0.241443
v 0.343895 -0.150084 0.241514
v 0.014662 -0.234576 0.176104
v 0.015383 -0.175336 0.203830
v 0.019860 -0.151283 0.236410
v 0.020183 0.330272 0.237094
v 0.014424 -0.234598 0.202098
v 0.014507 0.332367 0.176142
v 0.018522 0.329646 0.241514
v 0.014424 0.331820 0.176051
v 0.014424 -0.233595 0.176051
v 0.014424 -0.151241 0.236506
v 0.019191 -0.150084 0.237017
v 0.014446 -0.150850 0.241460
v 0.014482 0.332369 0.241425
v 0.015427 0.332551 0.240510
v 0.312627 -0.115777 0.235344
v 0.049790 -0.115777 0.235344
v 0.049904 0.313128 0.235322
v 0.311681 -0.116169 0.177054
v 0.049927 0.312231 0.177136
v 0.049398 -0.114831 0.177054
v 0.312513 0.312220 0.177066
v 0.312627 -0.115778 0.177054
v 0.049790 -0.115778 0.177054
v 0.344668 0.229187 0.613776
v 0.018012 0.229207 0.613789
v 0.017874 0.239597 0.620818
v 0.018051 0.239327 0.620571
v 0.018054 0.239333 0.613956
v 0.017871 0.269314 0.612493
v 0.018013 0.229207 0.622241
v 0.018032 0.229203 0.612244
v 0.017955 0.239263 0.622327
v 0.018030 0.229183 0.620741
v 0.017874 0.239693 0.613765
v 0.017978 0.269522 0.628902
v 0.344668 0.229187 0.622228
v 0.344629 0.239326 0.613949
v 0.018040 0.269549 0.612282
v 0.344643 0.269551 0.612290
v 0.344654 0.229202 0.620729
v 0.344730 0.239270 0.622322
v 0.344808 0.239693 0.613765
v 0.344631 0.239334 0.620565
v 0.344808 0.239598 0.620818
v 0.344705 0.269517 0.628905
v 0.344652 0.229219 0.612241
v 0.344811 0.269315 0.612493
v 0.018014 -0.240240 0.613453
v 0.344749 -0.250450 0.620330
v 0.344287 -0.250420 0.619989
v 0.344287 -0.250266 0.620212
v 0.344287 -0.250420 0.613887
v 0.344650 -0.250651 0.613811
v 0.344670 -0.240259 0.621918
v 0.344678 -0.240250 0.613440
v 0.344653 -0.240235 0.611967
v 0.344653 -0.240235 0.620419
v 0.344287 -0.249896 0.620306
v 0.344287 -0.250219 0.613617
v 0.344287 -0.240622 0.613571
v 0.344805 -0.250739 0.613446
v 0.018014 -0.240240 0.621905
v 0.018029 -0.240255 0.611954
v 0.018029 -0.249908 0.613522
v 0.018238 -0.250483 0.613860
v 0.344287 -0.250266 0.613664
v 0.018019 -0.240244 0.620438
v 0.018396 -0.240622 0.620306
v 0.017877 -0.250740 0.613446
v 0.017934 -0.250450 0.620330
v 0.018394 -0.250297 0.620229
v 0.018002 -0.250552 0.613887
v 0.018396 -0.249896 0.620306
v 0.344732 -0.251246 0.621929
v 0.344733 -0.251248 0.611946
v 0.017948 -0.251248 0.611949
v 0.017951 -0.251247 0.621931
v 0.036354 -0.229522 0.605125
v 0.036273 -0.226904 0.611759
v 0.014306 -0.208235 0.611753
v 0.014265 -0.226905 0.611763
v 0.014093 -0.208420 0.607037
v 0.014089 -0.220431 0.592033
v 0.036312 -0.220676 0.597198
v 0.035844 -0.220731 0.596888
v 0.014272 -0.220668 0.591600
v 0.014286 -0.207795 0.607238
v 0.014282 -0.229577 0.609129
v 0.036202 -0.208074 0.607765
v 0.036263 -0.228904 0.611073
v 0.036380 0.300736 0.606857
v 0.036381 -0.208377 0.606950
v 0.036275 -0.208461 0.611737
v 0.014160 -0.208143 0.611404
v 0.014111 -0.228861 0.611063
v 0.036187 -0.207788 0.607235
v 0.014286 -0.208065 0.607796
v 0.036143 -0.208116 0.611637
v 0.036190 0.307509 0.597043
v 0.014155 -0.229502 0.604953
v 0.036202 -0.229567 0.609092
v 0.036200 0.300228 0.607143
v 0.014279 0.300255 0.607149
v 0.014092 0.300747 0.606838
v 0.036384 0.307397 0.597580
v 0.036218 0.312344 0.609090
v 0.014108 0.311954 0.611061
v 0.036362 0.312300 0.605131
v 0.014089 0.307350 0.592033
v 0.014140 0.312289 0.604932
v 0.036249 0.300668 0.611719
v 0.014268 0.300563 0.607428
v 0.014262 0.312349 0.609126
v 0.014225 0.300678 0.611728
v 0.036187 0.310896 0.611787
v 0.036209 0.300563 0.607420
v 0.014268 0.307483 0.591602
v 0.036327 0.311945 0.611083
v 0.014263 0.310890 0.611763
v 0.348325 -0.208423 0.607035
v 0.326036 -0.208377 0.606950
v 0.326215 -0.229566 0.609093
v 0.348131 -0.208065 0.607795
v 0.326573 -0.220731 0.596888
v 0.348305 -0.228860 0.611063
v 0.348262 -0.229501 0.604953
v 0.347787 -0.220732 0.591610
v 0.326063 -0.229523 0.605125
v 0.348257 -0.208142 0.611402
v 0.348111 -0.208236 0.611753
v 0.326508 -0.208121 0.611782
v 0.326140 -0.208232 0.611643
v 0.348131 -0.207795 0.607237
v 0.326231 -0.207788 0.607235
v 0.326033 0.307397 0.597580
v 0.348137 -0.229576 0.609130
v 0.326144 -0.226902 0.611760
v 0.326105 -0.220678 0.597199
v 0.348243 -0.220622 0.591678
v 0.326216 -0.208074 0.607765
v 0.326155 -0.228904 0.611073
v 0.348153 -0.226903 0.611763
v 0.348327 0.307350 0.592033
v 0.326055 0.312300 0.605132
v 0.326230 0.310896 0.611787
v 0.348191 0.300677 0.611728
v 0.348154 0.310889 0.611763
v 0.348155 0.312349 0.609126
v 0.348308 0.311954 0.611061
v 0.348323 0.300745 0.606842
v 0.326168 0.300667 0.611719
v 0.326090 0.311945 0.611083
v 0.348138 0.300256 0.607150
v 0.348150 0.300562 0.607428
v 0.326208 0.300563 0.607419
v 0.326217 0.300228 0.607143
v 0.326037 0.300736 0.606857
v 0.348304 0.312277 0.604924
v 0.326199 0.312344 0.609091
v 0.348149 0.307483 0.591602
v 0.326226 0.307509 0.597044
v 0.018014 -0.240241 0.401085
v 0.344750 -0.250451 0.407963
v 0.344287 -0.250420 0.407621
v 0.344287 -0.250267 0.407844
v 0.344287 -0.250420 0.401519
v 0.344650 -0.250651 0.401443
v 0.344670 -0.240260 0.409550
v 0.344679 -0.240251 0.401071
v 0.344653 -0.240236 0.399598
v 0.344653 -0.240236 0.408051
v 0.344287 -0.249896 0.407937
v 0.344287 -0.250221 0.401250
v 0.344287 -0.240622 0.401204
v 0.344806 -0.250740 0.401078
v 0.018014 -0.240240 0.409537
v 0.018029 -0.240255 0.399586
v 0.018029 -0.249908 0.401154
v 0.018238 -0.250483 0.401492
v 0.344287 -0.250267 0.401296
v 0.018019 -0.240244 0.408070
v 0.018396 -0.240621 0.407938
v 0.017877 -0.250740 0.401078
v 0.017934 -0.250450 0.407962
v 0.018394 -0.250298 0.407861
v 0.018002 -0.250552 0.401519
v 0.018396 -0.249896 0.407938
v 0.344732 -0.251246 0.409560
v 0.344734 -0.251248 0.399578
v 0.017948 -0.251247 0.399581
v 0.017951 -0.251246 0.409563
v 0.036354 -0.229521 0.392757
v 0.036273 -0.226904 0.399391
v 0.014306 -0.208234 0.399385
v 0.014265 -0.226904 0.399395
v 0.014093 -0.208419 0.394669
v 0.014089 -0.220431 0.379665
v 0.036312 -0.220676 0.384830
v 0.035843 -0.220730 0.384520
v 0.014272 -0.220667 0.379232
v 0.014282 -0.229577 0.396762
v 0.036202 -0.208074 0.395398
v 0.036263 -0.228904 0.398705
v 0.036380 0.300736 0.394489
v 0.036381 -0.208376 0.394581
v 0.036275 -0.208460 0.399369
v 0.014160 -0.208142 0.399034
v 0.014111 -0.228860 0.398694
v 0.014287 -0.207796 0.394870
v 0.036186 -0.207789 0.394867
v 0.014285 -0.208065 0.395428
v 0.036143 -0.208115 0.399269
v 0.036190 0.307509 0.384675
v 0.014155 -0.229501 0.392585
v 0.036201 -0.229567 0.396725
v 0.036199 0.300228 0.394775
v 0.014280 0.300255 0.394782
v 0.014092 0.300747 0.394471
v 0.036384 0.307397 0.385212
v 0.036218 0.312344 0.396723
v 0.014108 0.311954 0.398693
v 0.036362 0.312300 0.392763
v 0.014089 0.307350 0.379665
v 0.014139 0.312289 0.392565
v 0.036249 0.300668 0.399351
v 0.014268 0.300563 0.395060
v 0.014262 0.312349 0.396759
v 0.014225 0.300678 0.399360
v 0.036187 0.310896 0.399419
v 0.036209 0.300563 0.395051
v 0.014268 0.307483 0.379234
v 0.036327 0.311945 0.398716
v 0.014263 0.310890 0.399395
v 0.348325 -0.208422 0.394666
v 0.326036 -0.208376 0.394582
v 0.326215 -0.229567 0.396725
v 0.348132 -0.208065 0.395428
v 0.326573 -0.220730 0.384520
v 0.348305 -0.228860 0.398695
v 0.348262 -0.229501 0.392585
v 0.347787 -0.220731 0.379242
v 0.326063 -0.229523 0.392757
v 0.348257 -0.208141 0.399033
v 0.348112 -0.208235 0.399385
v 0.326275 -0.208115 0.399270
v 0.348131 -0.207796 0.394870
v 0.326231 -0.207789 0.394867
v 0.326142 -0.208462 0.399370
v 0.326033 0.307397 0.385212
v 0.348136 -0.229577 0.396761
v 0.326144 -0.226902 0.399392
v 0.326105 -0.220677 0.384833
v 0.348243 -0.220622 0.379310
v 0.326215 -0.208074 0.395398
v 0.326155 -0.228904 0.398705
v 0.348153 -0.226903 0.399395
v 0.348327 0.307350 0.379666
v 0.326055 0.312300 0.392765
v 0.326230 0.310896 0.399419
v 0.348191 0.300677 0.399360
v 0.348154 0.310890 0.399395
v 0.348155 0.312349 0.396759
v 0.348308 0.311954 0.398694
v 0.348149 0.307483 0.379234
v 0.348323 0.300745 0.394474
v 0.326168 0.300667 0.399351
v 0.326090 0.311945 0.398716
v 0.348137 0.300256 0.394782
v 0.348150 0.300562 0.395059
v 0.326208 0.300563 0.395051
v 0.326217 0.300228 0.394776
v 0.326037 0.300736 0.394489
v 0.348304 0.312277 0.392556
v 0.326199 0.312344 0.396723
v 0.326227 0.307509 0.384676
v -0.023344 -0.175080 0.202349
v -0.023343 -0.233595 0.177054
v -0.023344 0.331819 0.177054
v -0.024681 -0.233595 0.203435
v -0.024681 -0.234932 0.177054
v -0.026772 -0.150084 0.241848
v -0.024681 -0.150084 0.241848
v -0.024681 0.331820 0.241848
v -0.024684 -0.174679 0.204527
v -0.024681 0.331819 0.175717
v -0.058583 -0.114807 0.176266
v -0.320910 -0.116238 0.176266
v -0.057828 0.313547 0.236668
v -0.058067 0.312756 0.175726
v -0.027205 0.330802 0.241827
v -0.029448 0.329646 0.236681
v -0.028110 0.329646 0.238020
v -0.028110 0.329646 0.240510
v -0.028110 -0.150084 0.238020
v -0.026772 -0.151422 0.240509
v -0.024694 -0.151562 0.236627
v -0.023343 -0.150084 0.240509
v -0.023344 0.331820 0.240510
v -0.356239 -0.176815 0.203436
v -0.352814 -0.152206 0.235598
v -0.351477 -0.150084 0.236681
v -0.024681 0.332551 0.177054
v -0.357581 -0.233595 0.177054
v -0.024681 0.332551 0.240510
v -0.356243 -0.234932 0.202098
v -0.356243 -0.150084 0.241848
v -0.354151 -0.150084 0.241848
v -0.353639 0.330845 0.241826
v -0.322828 -0.116975 0.175727
v -0.024681 -0.233594 0.175717
v -0.351477 0.329646 0.236682
v -0.357580 -0.150270 0.236179
v -0.322342 0.311585 0.176259
v -0.356243 -0.233595 0.175717
v -0.356243 -0.233595 0.203435
v -0.356243 -0.234932 0.177054
v -0.323078 -0.116725 0.236671
v -0.356243 0.331820 0.241848
v -0.357581 0.331820 0.177054
v -0.356243 0.331820 0.175717
v -0.322850 0.313687 0.236666
v -0.352814 0.329646 0.238020
v -0.352814 0.329646 0.240510
v -0.352814 -0.150084 0.240510
v -0.354006 -0.151502 0.237090
v -0.356500 -0.151210 0.241348
v -0.357581 -0.150084 0.240510
v -0.357581 0.331820 0.240510
v -0.023694 -0.234352 0.176092
v -0.023343 -0.233595 0.202098
v -0.023710 -0.234522 0.202880
v -0.023687 -0.175499 0.203297
v -0.029448 -0.150084 0.236681
v -0.029113 -0.151283 0.236410
v -0.027985 -0.151122 0.237061
v -0.058588 0.311608 0.176232
v -0.059029 0.312389 0.176043
v -0.059071 -0.116232 0.176079
v -0.058652 -0.114831 0.235344
v -0.058589 -0.115750 0.236320
v -0.058587 0.312517 0.236100
v -0.058983 0.313276 0.236320
v -0.322334 -0.115749 0.176079
v -0.320934 -0.116169 0.235344
v -0.321853 -0.116231 0.236320
v -0.060014 -0.116238 0.236132
v -0.024681 -0.234598 0.176051
v -0.024636 -0.175866 0.203560
v -0.058110 -0.116958 0.236665
v -0.027776 0.329646 0.241514
v -0.024571 -0.151199 0.241413
v -0.023732 0.332369 0.241416
v -0.029271 0.330265 0.237104
v -0.028335 0.330214 0.241402
v -0.028110 -0.150084 0.240509
v -0.027643 -0.151026 0.241337
v -0.027000 -0.151518 0.237020
v -0.023706 -0.150894 0.241452
v -0.023344 -0.150341 0.236031
v -0.059179 0.313137 0.235251
v -0.321916 0.313317 0.236346
v -0.321926 0.312349 0.176074
v -0.357008 -0.234545 0.203079
v -0.357581 -0.233595 0.202098
v -0.357580 -0.174815 0.202485
v -0.357236 -0.175338 0.203380
v -0.057845 -0.116726 0.175726
v -0.351413 0.330487 0.241435
v -0.352508 0.330256 0.241390
v -0.322334 0.312538 0.236147
v -0.322342 -0.114807 0.236133
v -0.356243 0.332551 0.177054
v -0.356253 -0.151581 0.236578
v -0.353176 -0.150894 0.241452
v -0.354159 -0.151248 0.241390
v -0.357246 0.331820 0.241514
v -0.352453 0.330061 0.237091
v -0.352814 -0.150084 0.238020
v -0.353001 -0.151160 0.237076
v -0.323100 0.312616 0.175727
v -0.023678 0.331819 0.176051
v -0.024681 -0.234598 0.203101
v -0.024681 -0.234932 0.202098
v -0.023678 0.331820 0.241514
v -0.028109 -0.152206 0.235598
v -0.023683 -0.151292 0.236411
v -0.028445 -0.150084 0.237017
v -0.023769 0.332367 0.176133
v -0.028466 0.330042 0.237081
v -0.029383 0.330482 0.241443
v -0.027775 -0.150084 0.241514
v -0.357009 -0.234576 0.176104
v -0.356287 -0.175336 0.203830
v -0.351811 -0.151283 0.236410
v -0.351487 0.330272 0.237094
v -0.357246 -0.234598 0.202098
v -0.357163 0.332367 0.176142
v -0.353148 0.329646 0.241514
v -0.357246 0.331820 0.176051
v -0.357246 -0.233595 0.176051
v -0.357246 -0.151241 0.236506
v -0.352480 -0.150084 0.237017
v -0.357224 -0.150850 0.241460
v -0.357188 0.332369 0.241425
v -0.356243 0.332551 0.240509
v -0.059043 -0.115777 0.235344
v -0.321880 -0.115777 0.235344
v -0.321767 0.313128 0.235323
v -0.059989 -0.116169 0.177054
v -0.321744 0.312231 0.177136
v -0.322272 -0.114832 0.177054
v -0.059157 0.312220 0.177067
v -0.059043 -0.115778 0.177054
v -0.321880 -0.115778 0.177054
v -0.027002 0.229187 0.613776
v -0.353797 0.239597 0.620818
v -0.353619 0.239327 0.620571
v -0.353617 0.239333 0.613956
v -0.353799 0.269314 0.612493
v -0.353658 0.229207 0.622241
v -0.353638 0.229203 0.612244
v -0.353716 0.239263 0.622327
v -0.353641 0.229183 0.620741
v -0.353658 0.229207 0.613789
v -0.353797 0.239693 0.613765
v -0.353693 0.269521 0.628902
v -0.027002 0.229187 0.622228
v -0.027041 0.239325 0.613949
v -0.353631 0.269549 0.612282
v -0.027027 0.269551 0.612290
v -0.027017 0.229202 0.620729
v -0.026940 0.239269 0.622322
v -0.026862 0.239693 0.613765
v -0.026862 0.239597 0.620818
v -0.027039 0.239334 0.620565
v -0.026966 0.269517 0.628905
v -0.027018 0.229219 0.612241
v -0.026859 0.269314 0.612493
v -0.353656 -0.240241 0.613453
v -0.026921 -0.250451 0.620330
v -0.027383 -0.250420 0.619990
v -0.027383 -0.250266 0.620212
v -0.027383 -0.250420 0.613887
v -0.027020 -0.250651 0.613811
v -0.027000 -0.240259 0.621918
v -0.026992 -0.240250 0.613440
v -0.027018 -0.240236 0.611967
v -0.027018 -0.240236 0.620419
v -0.027383 -0.249896 0.620306
v -0.027383 -0.250220 0.613617
v -0.027383 -0.240622 0.613571
v -0.026865 -0.250739 0.613447
v -0.353656 -0.240241 0.621905
v -0.353642 -0.240255 0.611954
v -0.353642 -0.249908 0.613522
v -0.353432 -0.250483 0.613860
v -0.027383 -0.250266 0.613664
v -0.353651 -0.240244 0.620438
v -0.353275 -0.240622 0.620306
v -0.353793 -0.250740 0.613446
v -0.353737 -0.250451 0.620330
v -0.353276 -0.250298 0.620229
v -0.353668 -0.250552 0.613887
v -0.353275 -0.249896 0.620306
v -0.026938 -0.251247 0.621929
v -0.026937 -0.251248 0.611946
v -0.353722 -0.251248 0.611949
v -0.353719 -0.251247 0.621931
v -0.335316 -0.229523 0.605125
v -0.357365 -0.208236 0.611753
v -0.357405 -0.226904 0.611763
v -0.335398 -0.226904 0.611760
v -0.357581 -0.220432 0.592033
v -0.357578 -0.208420 0.607037
v -0.335358 -0.220676 0.597198
v -0.357398 -0.220668 0.591600
v -0.335827 -0.220731 0.596888
v -0.357384 -0.207796 0.607238
v -0.357389 -0.229577 0.609129
v -0.335469 -0.208075 0.607765
v -0.335408 -0.228904 0.611073
v -0.335289 -0.208377 0.606950
v -0.335290 0.300736 0.606857
v -0.335395 -0.208462 0.611737
v -0.357510 -0.208143 0.611404
v -0.357559 -0.228861 0.611063
v -0.335484 -0.207788 0.607235
v -0.357384 -0.208065 0.607796
v -0.335528 -0.208116 0.611637
v -0.335480 0.307509 0.597043
v -0.357402 0.307483 0.591602
v -0.357516 -0.229502 0.604953
v -0.335469 -0.229568 0.609092
v -0.335470 0.300228 0.607143
v -0.357391 0.300255 0.607149
v -0.357578 0.300747 0.606838
v -0.335287 0.307397 0.597580
v -0.335452 0.312343 0.609090
v -0.357562 0.311954 0.611061
v -0.335308 0.312300 0.605131
v -0.357531 0.312289 0.604932
v -0.357581 0.307350 0.592033
v -0.335421 0.300668 0.611719
v -0.357402 0.300562 0.607428
v -0.357408 0.312349 0.609126
v -0.357445 0.300678 0.611728
v -0.335484 0.310896 0.611787
v -0.335462 0.300563 0.607420
v -0.335343 0.311944 0.611083
v -0.357407 0.310890 0.611763
v -0.023345 -0.208423 0.607035
v -0.045634 -0.208377 0.606950
v -0.045455 -0.229567 0.609093
v -0.023539 -0.208065 0.607795
v -0.045097 -0.220731 0.596888
v -0.023365 -0.228860 0.611064
v -0.023408 -0.229502 0.604953
v -0.023883 -0.220732 0.591610
v -0.045607 -0.229523 0.605125
v -0.023414 -0.208142 0.611402
v -0.023559 -0.208236 0.611754
v -0.045530 -0.208232 0.611643
v -0.045163 -0.208121 0.611782
v -0.023539 -0.207795 0.607237
v -0.045439 -0.207788 0.607235
v -0.045637 0.307397 0.597580
v -0.023534 -0.229576 0.609130
v -0.045526 -0.226902 0.611760
v -0.045565 -0.220678 0.597199
v -0.023427 -0.220622 0.591678
v -0.045455 -0.208074 0.607765
v -0.045515 -0.228904 0.611073
v -0.023517 -0.226904 0.611764
v -0.023343 0.307350 0.592034
v -0.045615 0.312300 0.605132
v -0.023479 0.300677 0.611728
v -0.023516 0.310889 0.611763
v -0.045440 0.310896 0.611787
v -0.023515 0.312349 0.609125
v -0.023362 0.311954 0.611061
v -0.023348 0.300745 0.606842
v -0.045580 0.311945 0.611083
v -0.045502 0.300667 0.611719
v -0.023532 0.300256 0.607150
v -0.023520 0.300562 0.607427
v -0.045453 0.300228 0.607143
v -0.045462 0.300563 0.607419
v -0.045633 0.300736 0.606857
v -0.023366 0.312277 0.604924
v -0.045471 0.312344 0.609091
v -0.023521 0.307483 0.591602
v -0.045444 0.307509 0.597044
v -0.353656 -0.240241 0.401085
v -0.026921 -0.250451 0.407963
v -0.027383 -0.250420 0.407621
v -0.027383 -0.250267 0.407844
v -0.027383 -0.250420 0.401519
v -0.027020 -0.250651 0.401443
v -0.027000 -0.240260 0.409551
v -0.026992 -0.240251 0.401072
v -0.027018 -0.240236 0.399599
v -0.027018 -0.240236 0.408051
v -0.027383 -0.249896 0.407938
v -0.027383 -0.250221 0.401250
v -0.027383 -0.240622 0.401204
v -0.026865 -0.250740 0.401078
v -0.353657 -0.240241 0.409537
v -0.353642 -0.240255 0.399586
v -0.353641 -0.249908 0.401154
v -0.353432 -0.250483 0.401492
v -0.027383 -0.250267 0.401296
v -0.353651 -0.240244 0.408070
v -0.353275 -0.240621 0.407938
v -0.353793 -0.250740 0.401079
v -0.353737 -0.250450 0.407963
v -0.353276 -0.250298 0.407861
v -0.353668 -0.250552 0.401519
v -0.353275 -0.249896 0.407938
v -0.026938 -0.251246 0.409561
v -0.026937 -0.251248 0.399578
v -0.353722 -0.251247 0.399581
v -0.353719 -0.251246 0.409563
v -0.335316 -0.229521 0.392757
v -0.357365 -0.208235 0.399385
v -0.357405 -0.226904 0.399395
v -0.335398 -0.226904 0.399391
v -0.357581 -0.220431 0.379665
v -0.357578 -0.208419 0.394669
v -0.335358 -0.220677 0.384830
v -0.357398 -0.220667 0.379232
v -0.335827 -0.220730 0.384520
v -0.357388 -0.229577 0.396762
v -0.335468 -0.208074 0.395398
v -0.335408 -0.228904 0.398705
v -0.335289 -0.208376 0.394581
v -0.335290 0.300736 0.394489
v -0.335395 -0.208460 0.399369
v -0.357510 -0.208142 0.399034
v -0.357559 -0.228860 0.398695
v -0.357383 -0.207797 0.394870
v -0.335484 -0.207789 0.394867
v -0.357385 -0.208065 0.395428
v -0.335528 -0.208115 0.399269
v -0.335481 0.307509 0.384675
v -0.357516 -0.229501 0.392585
v -0.335469 -0.229567 0.396726
v -0.335471 0.300227 0.394775
v -0.357390 0.300255 0.394782
v -0.357578 0.300747 0.394471
v -0.335287 0.307397 0.385212
v -0.335452 0.312343 0.396723
v -0.357562 0.311954 0.398693
v -0.335308 0.312300 0.392763
v -0.357531 0.312289 0.392565
v -0.357581 0.307350 0.379665
v -0.335421 0.300667 0.399351
v -0.357402 0.300562 0.395060
v -0.357408 0.312349 0.396759
v -0.357445 0.300678 0.399361
v -0.335483 0.310896 0.399419
v -0.335462 0.300563 0.395051
v -0.357402 0.307483 0.379234
v -0.335343 0.311944 0.398716
v -0.357408 0.310890 0.399395
v -0.023346 -0.208422 0.394666
v -0.045634 -0.208376 0.394582
v -0.045455 -0.229567 0.396725
v -0.023538 -0.208065 0.395428
v -0.045097 -0.220730 0.384520
v -0.023365 -0.228860 0.398695
v -0.023408 -0.229501 0.392585
v -0.023883 -0.220731 0.379242
v -0.045607 -0.229523 0.392758
v -0.023413 -0.208141 0.399033
v -0.023559 -0.208235 0.399385
v -0.045395 -0.208115 0.399270
v -0.023539 -0.207797 0.394870
v -0.045439 -0.207789 0.394867
v -0.045528 -0.208462 0.399370
v -0.045637 0.307397 0.385212
v -0.023534 -0.229577 0.396762
v -0.045526 -0.226902 0.399392
v -0.045565 -0.220677 0.384833
v -0.023427 -0.220622 0.379310
v -0.045455 -0.208074 0.395398
v -0.045515 -0.228904 0.398705
v -0.023517 -0.226904 0.399395
v -0.023343 0.307350 0.379666
v -0.045615 0.312300 0.392765
v -0.023479 0.300677 0.399360
v -0.023516 0.310890 0.399395
v -0.045440 0.310896 0.399419
v -0.023515 0.312349 0.396759
v -0.023362 0.311954 0.398694
v -0.023521 0.307482 0.379234
v -0.023348 0.300745 0.394474
v -0.045580 0.311945 0.398716
v -0.045502 0.300667 0.399351
v -0.023533 0.300256 0.394782
v -0.023520 0.300562 0.395059
v -0.045453 0.300228 0.394776
v -0.045462 0.300563 0.395051
v -0.045633 0.300736 0.394489
v -0.023366 0.312277 0.392556
v -0.045471 0.312344 0.396723
v -0.045443 0.307509 0.384676
v 0.344669 0.229187 0.727639
v 0.018012 0.229207 0.727652
v 0.017874 0.239597 0.734681
v 0.018051 0.239327 0.734434
v 0.018054 0.239333 0.727819
v 0.017871 0.269314 0.726355
v 0.018012 0.229207 0.736104
v 0.018032 0.229203 0.726107
v 0.017955 0.239263 0.736190
v 0.018030 0.229183 0.734604
v 0.017874 0.239693 0.727628
v 0.017978 0.269522 0.742765
v 0.344668 0.229187 0.736091
v 0.344629 0.239326 0.727812
v 0.018040 0.269549 0.726144
v 0.344643 0.269551 0.726153
v 0.344654 0.229202 0.734592
v 0.344730 0.239270 0.736185
v 0.344808 0.239693 0.727628
v 0.344809 0.239597 0.734681
v 0.344631 0.239334 0.734428
v 0.344705 0.269517 0.742768
v 0.344652 0.229219 0.726104
v 0.344811 0.269315 0.726355
v 0.018014 -0.240241 0.727316
v 0.344749 -0.250451 0.734193
v 0.344287 -0.250420 0.733852
v 0.344287 -0.250266 0.734075
v 0.344287 -0.250420 0.727750
v 0.344650 -0.250651 0.727674
v 0.344670 -0.240259 0.735781
v 0.344678 -0.240250 0.727302
v 0.344653 -0.240235 0.725830
v 0.344653 -0.240235 0.734282
v 0.344287 -0.249896 0.734168
v 0.344287 -0.250219 0.727480
v 0.344287 -0.240622 0.727434
v 0.344805 -0.250738 0.727310
v 0.018014 -0.240240 0.735768
v 0.018029 -0.240255 0.725817
v 0.018029 -0.249908 0.727385
v 0.018238 -0.250483 0.727723
v 0.344287 -0.250266 0.727527
v 0.018019 -0.240244 0.734301
v 0.018396 -0.240622 0.734168
v 0.017877 -0.250739 0.727309
v 0.017934 -0.250451 0.734194
v 0.018394 -0.250297 0.734091
v 0.018002 -0.250552 0.727750
v 0.018396 -0.249896 0.734168
v 0.344732 -0.251246 0.735791
v 0.344733 -0.251248 0.725809
v 0.017948 -0.251248 0.725812
v 0.017951 -0.251247 0.735794
v 0.036354 -0.229522 0.718989
v 0.014306 -0.208235 0.725616
v 0.014265 -0.226904 0.725626
v 0.036273 -0.226903 0.725622
v 0.014089 -0.220431 0.705895
v 0.014093 -0.208420 0.720900
v 0.036312 -0.220676 0.711061
v 0.014272 -0.220668 0.705463
v 0.035844 -0.220731 0.710751
v 0.014282 -0.229577 0.722992
v 0.036202 -0.208074 0.721629
v 0.036263 -0.228904 0.724935
v 0.036381 -0.208377 0.720813
v 0.036380 0.300736 0.720720
v 0.036275 -0.208462 0.725600
v 0.014160 -0.208143 0.725267
v 0.014111 -0.228861 0.724925
v 0.014287 -0.207796 0.721101
v 0.036186 -0.207789 0.721098
v 0.014286 -0.208065 0.721659
v 0.036143 -0.208116 0.725500
v 0.036190 0.307509 0.710906
v 0.014155 -0.229502 0.718816
v 0.036202 -0.229567 0.722955
v 0.036199 0.300228 0.721006
v 0.014280 0.300255 0.721013
v 0.014092 0.300747 0.720701
v 0.036384 0.307397 0.711443
v 0.036218 0.312344 0.722953
v 0.014108 0.311954 0.724924
v 0.036362 0.312300 0.718994
v 0.014140 0.312289 0.718795
v 0.014089 0.307350 0.705895
v 0.036249 0.300668 0.725582
v 0.014268 0.300563 0.721291
v 0.014262 0.312349 0.722989
v 0.014225 0.300678 0.725591
v 0.036187 0.310896 0.725650
v 0.036209 0.300563 0.721283
v 0.014268 0.307483 0.705465
v 0.036327 0.311945 0.724946
v 0.014263 0.310890 0.725626
v 0.348325 -0.208423 0.720898
v 0.326036 -0.208377 0.720813
v 0.326215 -0.229566 0.722956
v 0.348131 -0.208065 0.721659
v 0.326573 -0.220731 0.710751
v 0.348305 -0.228860 0.724926
v 0.348262 -0.229501 0.718816
v 0.347787 -0.220732 0.705473
v 0.326063 -0.229523 0.718988
v 0.348257 -0.208142 0.725265
v 0.348112 -0.208236 0.725616
v 0.326140 -0.208232 0.725506
v 0.326508 -0.208121 0.725645
v 0.348131 -0.207795 0.721101
v 0.326231 -0.207788 0.721098
v 0.326033 0.307397 0.711443
v 0.348137 -0.229576 0.722992
v 0.326144 -0.226902 0.725623
v 0.326105 -0.220678 0.711062
v 0.348243 -0.220622 0.705541
v 0.326216 -0.208074 0.721628
v 0.326155 -0.228904 0.724936
v 0.348153 -0.226903 0.725626
v 0.348327 0.307350 0.705896
v 0.326055 0.312301 0.718995
v 0.348191 0.300677 0.725591
v 0.348154 0.310889 0.725626
v 0.326230 0.310896 0.725650
v 0.348155 0.312349 0.722988
v 0.348308 0.311954 0.724924
v 0.348323 0.300745 0.720704
v 0.326090 0.311945 0.724946
v 0.326168 0.300667 0.725582
v 0.348137 0.300256 0.721013
v 0.348150 0.300562 0.721290
v 0.326218 0.300228 0.721006
v 0.326208 0.300563 0.721282
v 0.326037 0.300736 0.720720
v 0.348304 0.312277 0.718787
v 0.326199 0.312344 0.722954
v 0.348149 0.307483 0.705465
v 0.326226 0.307509 0.710907
v -0.027002 0.229187 0.727638
v -0.353658 0.229207 0.727652
v -0.353797 0.239597 0.734681
v -0.353619 0.239327 0.734434
v -0.353617 0.239333 0.727819
v -0.353799 0.269314 0.726355
v -0.353658 0.229207 0.736104
v -0.353638 0.229203 0.726107
v -0.353716 0.239263 0.736190
v -0.353641 0.229183 0.734604
v -0.353796 0.239693 0.727628
v -0.353693 0.269521 0.742765
v -0.027002 0.229187 0.736091
v -0.027041 0.239325 0.727812
v -0.353631 0.269549 0.726144
v -0.027027 0.269551 0.726153
v -0.027016 0.229202 0.734592
v -0.026940 0.239269 0.736185
v -0.026862 0.239693 0.727628
v -0.026862 0.239597 0.734681
v -0.027039 0.239334 0.734428
v -0.026966 0.269517 0.742768
v -0.027018 0.229219 0.726104
v -0.026859 0.269314 0.726355
v -0.353656 -0.240241 0.727316
v -0.026921 -0.250451 0.734194
v -0.027383 -0.250420 0.733852
v -0.027383 -0.250266 0.734075
v -0.027383 -0.250420 0.727750
v -0.027020 -0.250651 0.727674
v -0.027000 -0.240259 0.735781
v -0.026992 -0.240250 0.727302
v -0.027018 -0.240236 0.725830
v -0.027018 -0.240236 0.734282
v -0.027383 -0.249896 0.734168
v -0.027383 -0.250220 0.727480
v -0.027383 -0.240622 0.727434
v -0.026865 -0.250739 0.727310
v -0.353656 -0.240241 0.735768
v -0.353642 -0.240255 0.725817
v -0.353642 -0.249908 0.727385
v -0.353432 -0.250483 0.727723
v -0.027383 -0.250266 0.727527
v -0.353651 -0.240244 0.734301
v -0.353275 -0.240622 0.734168
v -0.353793 -0.250740 0.727309
v -0.353737 -0.250451 0.734194
v -0.353276 -0.250297 0.734091
v -0.353668 -0.250552 0.727750
v -0.353275 -0.249896 0.734168
v -0.026938 -0.251246 0.735791
v -0.026937 -0.251248 0.725809
v -0.353722 -0.251248 0.725812
v -0.353719 -0.251247 0.735794
v -0.335316 -0.229523 0.718989
v -0.357364 -0.208236 0.725616
v -0.357405 -0.226905 0.725626
v -0.335398 -0.226904 0.725622
v -0.357581 -0.220431 0.705896
v -0.357578 -0.208420 0.720900
v -0.335358 -0.220676 0.711061
v -0.357398 -0.220668 0.705463
v -0.335827 -0.220731 0.710751
v -0.357389 -0.229577 0.722992
v -0.335469 -0.208074 0.721629
v -0.335408 -0.228904 0.724936
v -0.335289 -0.208377 0.720813
v -0.335290 0.300736 0.720720
v -0.335395 -0.208461 0.725600
v -0.357510 -0.208143 0.725267
v -0.357559 -0.228861 0.724925
v -0.357384 -0.207796 0.721101
v -0.335484 -0.207789 0.721098
v -0.357384 -0.208065 0.721659
v -0.335528 -0.208116 0.725500
v -0.335480 0.307509 0.710906
v -0.357402 0.307483 0.705465
v -0.357516 -0.229502 0.718816
v -0.335468 -0.229568 0.722955
v -0.335471 0.300228 0.721006
v -0.357390 0.300255 0.721013
v -0.357578 0.300747 0.720701
v -0.335287 0.307397 0.711443
v -0.335452 0.312344 0.722953
v -0.357562 0.311954 0.724924
v -0.335308 0.312300 0.718994
v -0.357531 0.312289 0.718795
v -0.357581 0.307350 0.705896
v -0.335421 0.300668 0.725582
v -0.357402 0.300562 0.721291
v -0.357408 0.312349 0.722989
v -0.357445 0.300678 0.725591
v -0.335484 0.310896 0.725650
v -0.335462 0.300563 0.721283
v -0.335343 0.311944 0.724946
v -0.357408 0.310889 0.725626
v -0.023345 -0.208423 0.720898
v -0.045634 -0.208376 0.720813
v -0.045455 -0.229567 0.722955
v -0.023539 -0.208065 0.721659
v -0.045097 -0.220731 0.710751
v -0.023365 -0.228860 0.724926
v -0.023408 -0.229502 0.718816
v -0.023883 -0.220732 0.705473
v -0.045607 -0.229523 0.718988
v -0.023414 -0.208142 0.725265
v -0.023559 -0.208236 0.725616
v -0.045530 -0.208232 0.725506
v -0.045162 -0.208121 0.725645
v -0.023539 -0.207796 0.721101
v -0.045439 -0.207789 0.721098
v -0.045637 0.307397 0.711443
v -0.023534 -0.229576 0.722992
v -0.045526 -0.226901 0.725623
v -0.045565 -0.220677 0.711062
v -0.023427 -0.220621 0.705541
v -0.045455 -0.208074 0.721629
v -0.045515 -0.228903 0.724936
v -0.023517 -0.226903 0.725626
v -0.023343 0.307350 0.705896
v -0.045615 0.312300 0.718995
v -0.023479 0.300677 0.725591
v -0.023516 0.310889 0.725626
v -0.045440 0.310896 0.725650
v -0.023515 0.312349 0.722988
v -0.023362 0.311954 0.724924
v -0.023348 0.300745 0.720705
v -0.045580 0.311945 0.724946
v -0.045502 0.300667 0.725582
v -0.023533 0.300256 0.721013
v -0.023520 0.300562 0.721290
v -0.045452 0.300228 0.721006
v -0.045462 0.300563 0.721282
v -0.045633 0.300736 0.720720
v -0.023366 0.312277 0.718787
v -0.045471 0.312344 0.722953
v -0.023521 0.307483 0.705465
v -0.045444 0.307509 0.710907
v -0.388779 -0.247778 -0.085759
v 0.386476 0.380156 -0.085603
v 0.386476 -0.247908 -0.085795
v -0.388779 0.382534 -0.082179
v -0.388779 0.382120 -0.084296
v 0.386476 0.382534 -0.082179
v -0.388779 -0.249268 -0.086555
v -0.388779 -0.250100 -0.088099
v 0.386476 -0.249267 -0.086555
v -0.388779 0.380281 -0.085569
v 0.386476 0.381979 -0.084512
v 0.386476 -0.247908 -0.115573
v -0.388779 0.380281 -0.115798
v -0.388779 -0.247777 -0.115608
v -0.388779 0.382534 -0.119188
v 0.386476 0.381980 -0.116856
v 0.386476 0.382534 -0.119188
v -0.388779 -0.249268 -0.114812
v 0.386476 -0.250068 -0.113297
v 0.386476 -0.249267 -0.114812
v -0.388779 0.382121 -0.117071
v 0.386476 0.380156 -0.115764
v -0.388779 -0.250035 -0.113418
v 0.386476 -0.250095 -0.088145
v 0.050346 -0.115963 0.232707
v 0.050682 0.313077 0.232711
v 0.312637 0.312825 0.232704
v 0.312663 -0.115964 0.235340
v 0.312328 0.313077 0.235336
v 0.050331 0.312526 0.235356
v 0.051353 -0.116736 0.234019
v 0.312702 -0.116371 0.234024
v 0.311657 -0.116736 0.234028
v 0.050307 -0.116371 0.234024
v 0.313061 -0.115346 0.234108
v 0.312702 0.313098 0.234024
v 0.313063 0.312533 0.234002
v 0.311654 0.313298 0.234019
v 0.050307 0.313098 0.234024
v 0.051356 0.313298 0.234028
v 0.049942 0.312527 0.234019
v 0.049942 -0.115326 0.234028
v 0.050331 0.312526 0.232691
v 0.311659 0.313084 0.232691
v 0.312662 -0.115964 0.232706
v 0.051352 -0.116347 0.232691
v 0.311659 -0.116347 0.235356
v 0.312678 0.312526 0.235356
v 0.050682 0.313076 0.235338
v 0.050348 -0.115963 0.235341
v 0.311659 -0.116347 0.232691
v 0.051352 -0.116347 0.235356
v 0.051352 -0.115328 0.232351
v 0.311659 -0.115327 0.235696
v 0.051351 0.312526 0.235696
v 0.311659 -0.115327 0.232351
v 0.051352 -0.115328 0.235696
v 0.311649 0.312527 0.232351
v 0.311659 0.312526 0.235696
v 0.051352 0.312526 0.232351
v 0.115720 0.082095 0.232352
v 0.115693 0.210606 0.232352
v 0.221980 0.082122 0.232352
v 0.115720 0.210633 0.235695
v 0.221979 0.210605 0.235695
v 0.115970 0.082854 0.235518
v 0.116453 0.210356 0.235518
v 0.221702 0.209873 0.235518
v 0.221220 0.082372 0.235519
v 0.115944 0.209867 0.232508
v 0.221213 0.210382 0.232508
v 0.221729 0.082861 0.232509
v 0.116459 0.082345 0.232508
v 0.221477 0.082377 0.232508
v 0.115975 0.082598 0.232508
v 0.116196 0.210351 0.232508
v 0.221698 0.210130 0.232508
v 0.221462 0.210324 0.235517
v 0.116002 0.210114 0.235517
v 0.116211 0.082403 0.235517
v 0.221671 0.082612 0.235516
v 0.116064 0.210248 0.235318
v 0.221608 0.082479 0.235318
v 0.221595 0.210262 0.235318
v 0.116077 0.210261 0.234181
v 0.116077 0.082466 0.235318
v 0.221608 0.210249 0.234181
v 0.116064 0.082479 0.234181
v 0.221595 0.082466 0.234181
v 0.221952 0.210632 0.232352
v 0.115693 0.082122 0.235695
v 0.221953 0.082095 0.235695
v -0.028568 0.316461 0.234018
v -0.323624 -0.115963 0.232708
v -0.028458 -0.115964 0.235340
v -0.322617 -0.116737 0.234019
v -0.028419 -0.116371 0.234024
v -0.029464 -0.116736 0.234028
v -0.323663 -0.116371 0.234024
v -0.028060 -0.115347 0.234108
v -0.028064 0.316060 0.234136
v -0.323516 0.316460 0.234030
v -0.324028 0.316050 0.234019
v -0.324028 -0.115326 0.234028
v -0.323608 0.316319 0.232688
v -0.028522 0.316324 0.232690
v -0.028459 -0.115964 0.232706
v -0.322618 -0.116347 0.232691
v -0.029462 -0.116347 0.235356
v -0.028474 0.316320 0.235359
v -0.323609 0.316319 0.235360
v -0.323623 -0.115963 0.235341
v -0.029462 -0.116347 0.232691
v -0.322619 -0.116347 0.235356
v -0.028103 0.209311 0.233711
v -0.028443 0.209402 0.232691
v -0.029462 0.316047 0.235696
v -0.029462 -0.115328 0.232351
v -0.322619 -0.115328 0.232351
v -0.029462 -0.115328 0.235696
v -0.322619 0.316047 0.235696
v -0.322619 -0.115328 0.235696
v -0.029499 0.316048 0.232351
v -0.322619 0.316047 0.232351
v -0.247102 0.080454 0.232352
v -0.247130 0.209507 0.235694
v -0.247129 0.080481 0.235695
v -0.107772 0.209507 0.232353
v -0.107801 0.080454 0.235695
v -0.107774 0.080481 0.232352
v -0.246847 0.080957 0.232508
v -0.246852 0.081213 0.235518
v -0.246849 0.209395 0.232505
v -0.108051 0.209396 0.232501
v -0.108078 0.209389 0.235525
v -0.108277 0.080736 0.232508
v -0.108534 0.080731 0.235518
v -0.246826 0.209390 0.235529
v -0.108025 0.081220 0.232509
v -0.108083 0.080971 0.235516
v -0.246363 0.080704 0.232508
v -0.246610 0.080762 0.235517
v -0.107749 0.209498 0.235694
v -0.246793 0.209385 0.234181
v -0.246799 0.209380 0.235318
v -0.246757 0.080838 0.234181
v -0.246744 0.080825 0.235318
v -0.108145 0.080838 0.235318
v -0.108104 0.209380 0.234181
v -0.108111 0.209385 0.235318
v -0.108158 0.080825 0.234181
v -0.247154 0.209498 0.232353
v 0.344669 0.229187 0.401258
v 0.021151 0.229206 0.401272
v 0.021013 0.239598 0.408300
v 0.021191 0.239328 0.408054
v 0.021193 0.239333 0.401439
v 0.021010 0.269314 0.399975
v 0.021151 0.229206 0.409724
v 0.021171 0.229203 0.399727
v 0.021094 0.239263 0.409809
v 0.021169 0.229183 0.408224
v 0.021013 0.239693 0.401248
v 0.021117 0.269521 0.416384
v 0.344668 0.229187 0.409711
v 0.344628 0.239326 0.401432
v 0.021179 0.269549 0.399764
v 0.344643 0.269551 0.399773
v 0.344654 0.229202 0.408212
v 0.344730 0.239269 0.409805
v 0.344809 0.239694 0.401248
v 0.344630 0.239335 0.408047
v 0.344809 0.239598 0.408300
v 0.344705 0.269517 0.416388
v 0.344652 0.229219 0.399724
v 0.344812 0.269314 0.399975
v -0.028876 0.229187 0.401258
v -0.352393 0.229206 0.401272
v -0.352531 0.239597 0.408300
v -0.352354 0.239326 0.408054
v -0.352351 0.239332 0.401439
v -0.352534 0.269314 0.399975
v -0.352393 0.229206 0.409724
v -0.352373 0.229203 0.399727
v -0.352450 0.239263 0.409810
v -0.352375 0.229183 0.408224
v -0.352531 0.239693 0.401248
v -0.352427 0.269521 0.416384
v -0.028876 0.229187 0.409711
v -0.028915 0.239325 0.401432
v -0.352366 0.269549 0.399764
v -0.028901 0.269551 0.399773
v -0.028891 0.229202 0.408212
v -0.028814 0.239269 0.409805
v -0.028736 0.239693 0.401248
v -0.028736 0.239597 0.408300
v -0.028914 0.239334 0.408048
v -0.028840 0.269517 0.416388
v -0.028892 0.229219 0.399724
v -0.028733 0.269314 0.399975
v 0.361885 -0.234836 -0.932168
v 0.367198 -0.236333 -0.932163
v 0.372510 -0.234956 -0.932163
v 0.376389 -0.231135 -0.932164
v 0.377886 -0.225819 -0.932163
v 0.376509 -0.220507 -0.932163
v 0.372661 -0.216595 -0.932163
v 0.367412 -0.215147 -0.932164
v 0.362060 -0.216508 -0.932163
v 0.358181 -0.220329 -0.932164
v 0.358182 -0.231135 -0.928135
v 0.367412 -0.236318 -0.928135
v 0.372688 -0.234836 -0.928135
v 0.377870 -0.225606 -0.928135
v 0.376389 -0.220330 -0.928135
v 0.372467 -0.216501 -0.928135
v 0.361882 -0.216629 -0.928135
v 0.358061 -0.230958 -0.932163
v 0.356700 -0.225860 -0.928135
v 0.357024 -0.228473 -0.932003
v 0.357037 -0.228494 -0.928290
v 0.359769 -0.233226 -0.932010
v 0.359781 -0.233249 -0.928296
v 0.364527 -0.235989 -0.932004
v 0.364553 -0.235988 -0.928290
v 0.370025 -0.235993 -0.932004
v 0.370047 -0.235980 -0.928290
v 0.374779 -0.233248 -0.932010
v 0.374802 -0.233236 -0.928296
v 0.377542 -0.228490 -0.932003
v 0.377541 -0.228465 -0.928290
v 0.377541 -0.223000 -0.932010
v 0.377542 -0.222975 -0.928296
v 0.374802 -0.218228 -0.932004
v 0.374780 -0.218216 -0.928290
v 0.370047 -0.215484 -0.932010
v 0.370025 -0.215471 -0.928296
v 0.364545 -0.215471 -0.932004
v 0.364523 -0.215484 -0.928290
v 0.359781 -0.218216 -0.932003
v 0.359769 -0.218238 -0.928290
v 0.357028 -0.222975 -0.932004
v 0.357029 -0.223000 -0.928290
v 0.356684 -0.225646 -0.932163
v 0.362058 -0.234955 -0.928133
v 0.376509 -0.230958 -0.928137
v 0.367198 -0.215131 -0.928137
v 0.358061 -0.220507 -0.928137
v 0.350808 -0.224794 -0.931263
v 0.353336 -0.214995 -0.931262
v 0.351730 -0.219170 -0.949434
v 0.351731 -0.232291 -0.949431
v 0.365100 -0.208994 -0.949427
v 0.373840 -0.210182 -0.949427
v 0.377616 -0.212369 -0.949431
v 0.377612 -0.239091 -0.949426
v 0.369455 -0.242463 -0.949426
v 0.365100 -0.242463 -0.949427
v 0.353919 -0.236066 -0.949434
v 0.383086 -0.226642 -0.949427
v 0.366365 -0.241537 -0.949427
v 0.350310 -0.223385 -0.930596
v 0.351446 -0.232266 -0.930596
v 0.364933 -0.242696 -0.930596
v 0.365035 -0.209501 -0.950096
v 0.373528 -0.210587 -0.950096
v 0.377416 -0.238619 -0.950096
v 0.369520 -0.241956 -0.950096
v 0.353328 -0.232764 -0.950049
v 0.351436 -0.219195 -0.930596
v 0.351234 -0.224624 -0.930596
v 0.350303 -0.228080 -0.930596
v 0.353797 -0.236339 -0.930596
v 0.356677 -0.239207 -0.930596
v 0.358220 -0.239024 -0.930596
v 0.360743 -0.241570 -0.930596
v 0.366173 -0.241772 -0.930596
v 0.369629 -0.242703 -0.930596
v 0.373814 -0.241560 -0.930596
v 0.374424 -0.240131 -0.930596
v 0.377887 -0.239209 -0.930596
v 0.380756 -0.236329 -0.930596
v 0.383119 -0.232263 -0.930596
v 0.384245 -0.228073 -0.930596
v 0.383321 -0.226833 -0.930596
v 0.384251 -0.223377 -0.930596
v 0.383109 -0.219192 -0.930596
v 0.381679 -0.218582 -0.930596
v 0.380758 -0.215119 -0.930596
v 0.377877 -0.212250 -0.930596
v 0.373811 -0.209887 -0.930596
v 0.369621 -0.208761 -0.930596
v 0.368382 -0.209685 -0.930596
v 0.364926 -0.208755 -0.930596
v 0.360740 -0.209897 -0.930596
v 0.360131 -0.211327 -0.930596
v 0.356667 -0.212248 -0.930596
v 0.353799 -0.215129 -0.930596
v 0.352125 -0.231976 -0.950096
v 0.351050 -0.227971 -0.950096
v 0.352136 -0.219478 -0.950096
v 0.353499 -0.218888 -0.950096
v 0.354385 -0.215579 -0.950096
v 0.357139 -0.212839 -0.950096
v 0.377427 -0.212836 -0.950096
v 0.380167 -0.215590 -0.950096
v 0.383505 -0.223486 -0.950096
v 0.380170 -0.235878 -0.950096
v 0.361026 -0.240870 -0.950096
v 0.357128 -0.238621 -0.950096
v 0.354387 -0.235867 -0.950096
v 0.354554 -0.234391 -0.950096
v 0.351081 -0.232589 -0.931262
v 0.369524 -0.208285 -0.931258
v 0.378031 -0.211789 -0.931258
v 0.383472 -0.218867 -0.931262
v 0.384722 -0.227975 -0.931261
v 0.381218 -0.236482 -0.931262
v 0.374138 -0.241925 -0.931262
v 0.356524 -0.239668 -0.931258
v 0.351082 -0.218867 -0.931266
v 0.356524 -0.211788 -0.931265
v 0.381218 -0.214992 -0.931268
v 0.383458 -0.232598 -0.931265
v 0.360417 -0.241925 -0.931264
v 0.353336 -0.236466 -0.931268
v 0.352592 -0.218221 -0.931263
v 0.374785 -0.211043 -0.931263
v 0.383747 -0.224793 -0.931263
v 0.381963 -0.233236 -0.931263
v 0.368212 -0.242198 -0.931263
v 0.359770 -0.240414 -0.931263
v 0.349940 -0.223441 -0.930762
v 0.351155 -0.232501 -0.930762
v 0.353450 -0.214993 -0.930762
v 0.360505 -0.209606 -0.930762
v 0.369565 -0.208392 -0.930762
v 0.378013 -0.211902 -0.930762
v 0.383400 -0.218957 -0.930762
v 0.384614 -0.228016 -0.930762
v 0.381104 -0.236464 -0.930762
v 0.374049 -0.241851 -0.930762
v 0.364990 -0.243066 -0.930762
v 0.356542 -0.239556 -0.930762
v 0.350589 -0.227879 -0.949849
v 0.351843 -0.219250 -0.949930
v 0.356998 -0.212496 -0.949930
v 0.365084 -0.209134 -0.949930
v 0.373756 -0.210295 -0.949930
v 0.380609 -0.215433 -0.949849
v 0.383872 -0.223535 -0.949930
v 0.382711 -0.232207 -0.949930
v 0.377556 -0.238961 -0.949930
v 0.369471 -0.242323 -0.949930
v 0.360716 -0.241224 -0.949848
v 0.354045 -0.236008 -0.949930
v 0.351456 -0.224796 -0.949428
v 0.353174 -0.232922 -0.949428
v 0.350891 -0.224721 -0.930763
v 0.351171 -0.218939 -0.930762
v 0.349945 -0.227993 -0.930762
v 0.353538 -0.216568 -0.930848
v 0.356564 -0.211895 -0.930762
v 0.359874 -0.211079 -0.930763
v 0.365013 -0.208397 -0.930762
v 0.368285 -0.209342 -0.930763
v 0.374067 -0.209622 -0.930762
v 0.376438 -0.211989 -0.930848
v 0.381111 -0.215016 -0.930762
v 0.381927 -0.218326 -0.930763
v 0.384609 -0.223465 -0.930762
v 0.383757 -0.226702 -0.930848
v 0.383384 -0.232518 -0.930762
v 0.381016 -0.234890 -0.930848
v 0.377990 -0.239563 -0.930762
v 0.374680 -0.240378 -0.930763
v 0.369541 -0.243061 -0.930762
v 0.366304 -0.242208 -0.930848
v 0.360488 -0.241835 -0.930762
v 0.358116 -0.239468 -0.930848
v 0.353443 -0.236441 -0.930762
v 0.351861 -0.232226 -0.949930
v 0.353249 -0.218639 -0.949929
v 0.358494 -0.212565 -0.949840
v 0.366340 -0.209937 -0.949840
v 0.360724 -0.210229 -0.949850
v 0.369439 -0.209036 -0.949847
v 0.377532 -0.212488 -0.949930
v 0.383069 -0.224791 -0.949840
v 0.383967 -0.227891 -0.949850
v 0.376060 -0.238892 -0.949840
v 0.368214 -0.241521 -0.949840
v 0.365109 -0.242317 -0.949930
v 0.356977 -0.239062 -0.949847
v 0.350587 -0.223570 -0.949848
v 0.349841 -0.227962 -0.931265
v 0.353947 -0.215422 -0.949848
v 0.365029 -0.208284 -0.931261
v 0.374146 -0.209548 -0.931265
v 0.384712 -0.223500 -0.931263
v 0.382784 -0.219180 -0.949848
v 0.378015 -0.239669 -0.931265
v 0.380607 -0.236035 -0.949848
v 0.369510 -0.243165 -0.931265
v 0.373835 -0.241228 -0.949848
v 0.381020 -0.216589 -0.930848
v 0.366324 -0.209256 -0.930848
v 0.352647 -0.218310 -0.930763
v 0.350805 -0.226682 -0.930848
v 0.353632 -0.234848 -0.930763
v 0.359859 -0.240359 -0.930763
v 0.368261 -0.242106 -0.930763
v 0.376417 -0.239472 -0.930848
v 0.381907 -0.233148 -0.930763
v 0.354210 -0.217000 -0.949929
v 0.380345 -0.234457 -0.949929
v 0.351469 -0.226641 -0.949431
v 0.354114 -0.234512 -0.949840
v 0.359770 -0.211043 -0.931263
v 0.368212 -0.209259 -0.931263
v 0.381963 -0.218221 -0.931263
v 0.374785 -0.240414 -0.931263
v 0.382419 -0.231980 -0.950096
v 0.370085 -0.223348 -0.930595
v 0.375759 -0.226064 -0.950096
v 0.351228 -0.226837 -0.930596
v 0.352875 -0.232875 -0.930596
v 0.353979 -0.234791 -0.930596
v 0.360131 -0.240137 -0.930596
v 0.368385 -0.241778 -0.930596
v 0.376340 -0.239027 -0.930596
v 0.380573 -0.234786 -0.930596
v 0.381686 -0.232875 -0.930596
v 0.383580 -0.224714 -0.930650
v 0.380576 -0.216666 -0.930596
v 0.376334 -0.212433 -0.930596
v 0.374631 -0.211148 -0.930650
v 0.366169 -0.209680 -0.930596
v 0.358167 -0.212151 -0.930667
v 0.353982 -0.216672 -0.930596
v 0.352869 -0.218582 -0.930596
v 0.351679 -0.226695 -0.950039
v 0.351666 -0.224764 -0.950028
v 0.354551 -0.217060 -0.950096
v 0.358615 -0.213006 -0.950096
v 0.360229 -0.211769 -0.950028
v 0.366224 -0.210378 -0.950096
v 0.368250 -0.210137 -0.950056
v 0.374315 -0.211785 -0.950046
v 0.375992 -0.212749 -0.950045
v 0.380258 -0.217018 -0.950039
v 0.381225 -0.218694 -0.950051
v 0.382628 -0.224675 -0.950096
v 0.382888 -0.226694 -0.950028
v 0.381226 -0.232769 -0.950039
v 0.380004 -0.234398 -0.950096
v 0.375940 -0.238452 -0.950096
v 0.374325 -0.239688 -0.950028
v 0.368331 -0.241079 -0.950096
v 0.366312 -0.241340 -0.950028
v 0.360240 -0.239673 -0.950046
v 0.358564 -0.238704 -0.950051
v 0.358131 -0.211979 -0.931263
v 0.351043 -0.223478 -0.950096
v 0.361030 -0.210576 -0.950096
v 0.369528 -0.209494 -0.950096
v 0.382429 -0.219481 -0.950096
v 0.383512 -0.227979 -0.950096
v 0.373525 -0.240881 -0.950096
v 0.365027 -0.241963 -0.950096
v 0.352564 -0.233208 -0.930848
v 0.382825 -0.232287 -0.949433
v 0.353527 -0.234852 -0.931263
v 0.353174 -0.218536 -0.949431
v 0.374470 -0.211626 -0.949431
v 0.380468 -0.216935 -0.949431
v 0.381380 -0.232922 -0.949431
v 0.360084 -0.239832 -0.949431
v 0.349840 -0.223496 -0.931265
v 0.356939 -0.212370 -0.949432
v 0.360408 -0.209548 -0.931265
v 0.384012 -0.223547 -0.949429
v 0.365044 -0.243165 -0.931263
v 0.354086 -0.216935 -0.949428
v 0.360084 -0.211626 -0.949428
v 0.368189 -0.209921 -0.949428
v 0.376071 -0.212538 -0.949428
v 0.381380 -0.218535 -0.949428
v 0.380468 -0.234523 -0.949428
v 0.374470 -0.239832 -0.949428
v 0.358483 -0.238919 -0.949428
v 0.362284 -0.225733 -0.894081
v 0.362954 -0.228233 -0.894081
v 0.364784 -0.230064 -0.894081
v 0.367285 -0.230734 -0.894081
v 0.369786 -0.230064 -0.894081
v 0.371616 -0.228233 -0.894081
v 0.372286 -0.225733 -0.894081
v 0.371616 -0.223232 -0.894081
v 0.369786 -0.221401 -0.894081
v 0.367285 -0.220731 -0.894081
v 0.364784 -0.221401 -0.894081
v 0.362954 -0.223232 -0.894081
v 0.362284 -0.225733 -0.937210
v 0.362954 -0.228233 -0.937210
v 0.364784 -0.230064 -0.937210
v 0.367285 -0.230734 -0.937210
v 0.369786 -0.230064 -0.937210
v 0.371616 -0.228233 -0.937210
v 0.372286 -0.225733 -0.937210
v 0.371616 -0.223232 -0.937210
v 0.369786 -0.221401 -0.937210
v 0.367285 -0.220731 -0.937210
v 0.364784 -0.221401 -0.937210
v 0.362954 -0.223232 -0.937210
v -0.365249 -0.234398 -0.950096
v -0.392661 -0.233236 -0.931263
v -0.393523 -0.219170 -0.949434
v -0.393524 -0.232288 -0.949431
v -0.388311 -0.212367 -0.949426
v -0.380152 -0.208995 -0.949430
v -0.371413 -0.210183 -0.949430
v -0.367640 -0.212367 -0.949427
v -0.361241 -0.223552 -0.949426
v -0.362427 -0.232288 -0.949430
v -0.367641 -0.239090 -0.949429
v -0.375798 -0.242462 -0.949430
v -0.380153 -0.242463 -0.949427
v -0.391335 -0.236067 -0.949430
v -0.370935 -0.211780 -0.950039
v -0.362377 -0.224763 -0.950039
v -0.394942 -0.223385 -0.930595
v -0.393807 -0.232266 -0.930595
v -0.364497 -0.236329 -0.930595
v -0.367375 -0.212251 -0.930595
v -0.365086 -0.215590 -0.950096
v -0.361748 -0.223486 -0.950096
v -0.362834 -0.231980 -0.950096
v -0.384226 -0.240871 -0.950096
v -0.393817 -0.219195 -0.930595
v -0.394019 -0.224624 -0.930595
v -0.394949 -0.228080 -0.930595
v -0.391456 -0.236339 -0.930595
v -0.388575 -0.239207 -0.930595
v -0.387032 -0.239024 -0.930595
v -0.384509 -0.241570 -0.930595
v -0.380319 -0.242696 -0.930595
v -0.375624 -0.242703 -0.930595
v -0.371439 -0.241560 -0.930595
v -0.367365 -0.239209 -0.930595
v -0.364680 -0.234786 -0.930595
v -0.362134 -0.232263 -0.930595
v -0.361002 -0.223377 -0.930595
v -0.362144 -0.219192 -0.930595
v -0.363574 -0.218582 -0.930595
v -0.364495 -0.215119 -0.930595
v -0.368919 -0.212433 -0.930595
v -0.371442 -0.209888 -0.930595
v -0.375632 -0.208762 -0.930595
v -0.376871 -0.209686 -0.930595
v -0.380327 -0.208755 -0.930595
v -0.384512 -0.209897 -0.930595
v -0.385122 -0.211327 -0.930595
v -0.388585 -0.212249 -0.930595
v -0.391454 -0.215129 -0.930595
v -0.393128 -0.231977 -0.950096
v -0.394203 -0.227972 -0.950096
v -0.393326 -0.226782 -0.950096
v -0.393117 -0.219478 -0.950096
v -0.391754 -0.218888 -0.950096
v -0.390868 -0.215579 -0.950096
v -0.388114 -0.212839 -0.950096
v -0.384223 -0.210577 -0.950096
v -0.380218 -0.209502 -0.950096
v -0.378942 -0.210136 -0.950046
v -0.371725 -0.210587 -0.950096
v -0.367826 -0.212837 -0.950096
v -0.365252 -0.217066 -0.950096
v -0.362823 -0.219481 -0.950096
v -0.361741 -0.227980 -0.950096
v -0.365083 -0.235878 -0.950096
v -0.367837 -0.238619 -0.950096
v -0.375733 -0.241956 -0.950096
v -0.385011 -0.239704 -0.950028
v -0.388125 -0.238621 -0.950096
v -0.390865 -0.235868 -0.950096
v -0.390699 -0.234391 -0.950096
v -0.395420 -0.223482 -0.931261
v -0.394170 -0.232589 -0.931258
v -0.391917 -0.214976 -0.931262
v -0.375728 -0.208284 -0.931259
v -0.367221 -0.211789 -0.931259
v -0.361780 -0.218868 -0.931260
v -0.360531 -0.227975 -0.931262
v -0.364034 -0.236482 -0.931262
v -0.371114 -0.241924 -0.931264
v -0.388730 -0.239670 -0.931264
v -0.394156 -0.218859 -0.931268
v -0.380224 -0.208284 -0.931264
v -0.371106 -0.209548 -0.931266
v -0.367238 -0.239669 -0.931267
v -0.375742 -0.243166 -0.931266
v -0.384836 -0.241924 -0.931263
v -0.370468 -0.211043 -0.931263
v -0.364226 -0.216606 -0.931263
v -0.361506 -0.224794 -0.931263
v -0.395312 -0.223442 -0.930762
v -0.394098 -0.232501 -0.930762
v -0.391802 -0.214993 -0.930762
v -0.384747 -0.209606 -0.930762
v -0.375688 -0.208392 -0.930762
v -0.367240 -0.211902 -0.930762
v -0.361853 -0.218957 -0.930762
v -0.360638 -0.228016 -0.930762
v -0.364148 -0.236464 -0.930762
v -0.371204 -0.241851 -0.930762
v -0.380263 -0.243066 -0.930762
v -0.388711 -0.239556 -0.930762
v -0.394664 -0.227879 -0.949849
v -0.393409 -0.219251 -0.949930
v -0.388254 -0.212496 -0.949930
v -0.380169 -0.209135 -0.949930
v -0.371497 -0.210295 -0.949930
v -0.364640 -0.215440 -0.949849
v -0.361381 -0.223536 -0.949930
v -0.362542 -0.232207 -0.949930
v -0.367697 -0.238962 -0.949930
v -0.375782 -0.242323 -0.949930
v -0.384454 -0.241163 -0.949930
v -0.391208 -0.236008 -0.949930
v -0.393784 -0.224817 -0.949428
v -0.392079 -0.232922 -0.949428
v -0.394082 -0.218939 -0.930761
v -0.395307 -0.227993 -0.930761
v -0.388688 -0.211895 -0.930762
v -0.385378 -0.211079 -0.930763
v -0.380240 -0.208397 -0.930762
v -0.376968 -0.209343 -0.930762
v -0.371186 -0.209623 -0.930761
v -0.368815 -0.211990 -0.930848
v -0.364141 -0.215016 -0.930761
v -0.363262 -0.218250 -0.930848
v -0.360644 -0.223465 -0.930761
v -0.361496 -0.226702 -0.930848
v -0.361869 -0.232518 -0.930761
v -0.364334 -0.234873 -0.930763
v -0.367263 -0.239563 -0.930761
v -0.375711 -0.243061 -0.930761
v -0.384765 -0.241835 -0.930761
v -0.387120 -0.239370 -0.930762
v -0.391810 -0.236442 -0.930762
v -0.393392 -0.232226 -0.949930
v -0.392004 -0.218639 -0.949929
v -0.394564 -0.223561 -0.949930
v -0.384529 -0.210229 -0.949849
v -0.375819 -0.209039 -0.949848
v -0.364812 -0.216946 -0.949840
v -0.367721 -0.212489 -0.949930
v -0.363874 -0.232892 -0.949840
v -0.369193 -0.238893 -0.949839
v -0.380144 -0.242318 -0.949930
v -0.394700 -0.223570 -0.949429
v -0.395412 -0.227962 -0.931265
v -0.388713 -0.211789 -0.931265
v -0.391305 -0.215422 -0.949848
v -0.364035 -0.214991 -0.931265
v -0.360539 -0.223496 -0.931265
v -0.362472 -0.219175 -0.949847
v -0.361795 -0.232599 -0.931266
v -0.361283 -0.227898 -0.949848
v -0.364646 -0.236036 -0.949848
v -0.371424 -0.241231 -0.949849
v -0.391916 -0.236466 -0.931266
v -0.388277 -0.239059 -0.949849
v -0.361598 -0.224745 -0.930763
v -0.364330 -0.216610 -0.930763
v -0.370557 -0.211099 -0.930763
v -0.378928 -0.209257 -0.930848
v -0.387115 -0.211986 -0.930848
v -0.392672 -0.218236 -0.930848
v -0.391718 -0.234869 -0.930848
v -0.377023 -0.242201 -0.930848
v -0.368836 -0.239472 -0.930848
v -0.363279 -0.233222 -0.930848
v -0.363968 -0.218622 -0.949929
v -0.369247 -0.212661 -0.949929
v -0.391043 -0.217000 -0.949929
v -0.386704 -0.238797 -0.949929
v -0.364908 -0.234458 -0.949929
v -0.391725 -0.216606 -0.931263
v -0.393767 -0.226666 -0.949840
v -0.391139 -0.234512 -0.949840
v -0.385483 -0.211043 -0.931263
v -0.377041 -0.209259 -0.931263
v -0.364226 -0.234852 -0.931263
v -0.370468 -0.240415 -0.931263
v -0.378910 -0.242199 -0.931263
v -0.387099 -0.239479 -0.931263
v -0.361008 -0.228073 -0.930595
v -0.381017 -0.217441 -0.950096
v -0.380226 -0.241963 -0.950096
v -0.390702 -0.217060 -0.950096
v -0.394278 -0.226744 -0.930650
v -0.392553 -0.233086 -0.930656
v -0.391274 -0.234792 -0.930595
v -0.385340 -0.240318 -0.930667
v -0.378986 -0.242030 -0.930656
v -0.376867 -0.241778 -0.930595
v -0.370618 -0.240306 -0.930656
v -0.368913 -0.239028 -0.930595
v -0.363567 -0.232875 -0.930595
v -0.361932 -0.226834 -0.930595
v -0.361927 -0.224621 -0.930595
v -0.364677 -0.216666 -0.930595
v -0.370829 -0.211320 -0.930595
v -0.379084 -0.209680 -0.930595
v -0.387038 -0.212430 -0.930595
v -0.391542 -0.216625 -0.930656
v -0.392384 -0.218583 -0.930595
v -0.393570 -0.224758 -0.950051
v -0.386687 -0.212748 -0.950039
v -0.385010 -0.211781 -0.950051
v -0.377006 -0.210130 -0.950045
v -0.369306 -0.213003 -0.950096
v -0.364190 -0.218888 -0.950096
v -0.362377 -0.226699 -0.950045
v -0.364197 -0.232570 -0.950096
v -0.369313 -0.238452 -0.950096
v -0.370937 -0.239680 -0.950045
v -0.377009 -0.241327 -0.950039
v -0.378948 -0.241320 -0.950055
v -0.386621 -0.238456 -0.950096
v -0.391935 -0.232777 -0.950028
v -0.386881 -0.226530 -0.930595
v -0.385471 -0.240435 -0.931263
v -0.394210 -0.223478 -0.950096
v -0.375725 -0.209494 -0.950096
v -0.371728 -0.240881 -0.950096
v -0.394455 -0.224756 -0.930848
v -0.394445 -0.226664 -0.931263
v -0.392078 -0.218536 -0.949431
v -0.386769 -0.212538 -0.949431
v -0.378888 -0.209921 -0.949431
v -0.370794 -0.211604 -0.949431
v -0.362155 -0.224796 -0.949431
v -0.377042 -0.241550 -0.949431
v -0.385169 -0.239832 -0.949431
v -0.384845 -0.209548 -0.931264
v -0.384550 -0.241258 -0.949428
v -0.380209 -0.243165 -0.931263
v -0.391166 -0.216935 -0.949428
v -0.385169 -0.211626 -0.949428
v -0.377042 -0.209908 -0.949428
v -0.369206 -0.212539 -0.949428
v -0.363872 -0.218536 -0.949428
v -0.362167 -0.226641 -0.949428
v -0.364785 -0.234498 -0.949428
v -0.370782 -0.239832 -0.949428
v -0.378888 -0.241537 -0.949428
v -0.386769 -0.238920 -0.949428
v -0.382969 -0.225733 -0.894081
v -0.382299 -0.228234 -0.894081
v -0.380468 -0.230064 -0.894081
v -0.377968 -0.230734 -0.894081
v -0.375467 -0.230064 -0.894081
v -0.373636 -0.228234 -0.894081
v -0.372966 -0.225733 -0.894081
v -0.373636 -0.223232 -0.894081
v -0.375467 -0.221401 -0.894081
v -0.377968 -0.220732 -0.894081
v -0.380468 -0.221401 -0.894081
v -0.382299 -0.223232 -0.894081
v -0.382969 -0.225733 -0.937209
v -0.382299 -0.228233 -0.937209
v -0.380468 -0.230064 -0.937209
v -0.377968 -0.230734 -0.937209
v -0.375467 -0.230064 -0.937209
v -0.373636 -0.228233 -0.937209
v -0.372966 -0.225733 -0.937209
v -0.373636 -0.223232 -0.937209
v -0.375467 -0.221401 -0.937209
v -0.377968 -0.220732 -0.937209
v -0.380468 -0.221401 -0.937209
v -0.382299 -0.223232 -0.937209
v -0.383341 -0.234870 -0.932167
v -0.378095 -0.236318 -0.932164
v -0.372742 -0.234957 -0.932163
v -0.368830 -0.231108 -0.932163
v -0.367367 -0.225820 -0.932163
v -0.368737 -0.220550 -0.932164
v -0.372592 -0.216595 -0.932163
v -0.377881 -0.215131 -0.932163
v -0.383192 -0.216508 -0.932163
v -0.387105 -0.220356 -0.932163
v -0.388553 -0.225606 -0.932165
v -0.383150 -0.234963 -0.928135
v -0.372565 -0.234836 -0.928135
v -0.368737 -0.230915 -0.928135
v -0.367382 -0.225606 -0.928135
v -0.372786 -0.216502 -0.928135
v -0.378095 -0.215147 -0.928135
v -0.383370 -0.216629 -0.928135
v -0.387198 -0.220550 -0.928135
v -0.387198 -0.230915 -0.932164
v -0.388569 -0.225820 -0.928137
v -0.388224 -0.228465 -0.932010
v -0.388224 -0.228490 -0.928297
v -0.385484 -0.233236 -0.932004
v -0.385462 -0.233249 -0.928289
v -0.380730 -0.235981 -0.932010
v -0.380708 -0.235994 -0.928296
v -0.375235 -0.235989 -0.932010
v -0.375210 -0.235989 -0.928296
v -0.370464 -0.233249 -0.932004
v -0.370452 -0.233227 -0.928289
v -0.367711 -0.228490 -0.932003
v -0.367711 -0.228465 -0.928290
v -0.367711 -0.223001 -0.932010
v -0.367711 -0.222975 -0.928296
v -0.370451 -0.218229 -0.932004
v -0.370473 -0.218217 -0.928290
v -0.375210 -0.215476 -0.932003
v -0.375235 -0.215476 -0.928290
v -0.380708 -0.215471 -0.932003
v -0.380730 -0.215484 -0.928290
v -0.385462 -0.218217 -0.932010
v -0.385484 -0.218229 -0.928296
v -0.388224 -0.222975 -0.932003
v -0.388224 -0.223001 -0.928290
v -0.387105 -0.231106 -0.928132
v -0.377881 -0.236334 -0.928136
v -0.368830 -0.220357 -0.928136
v 0.361885 0.377143 -0.932168
v 0.367198 0.375645 -0.932163
v 0.372510 0.377023 -0.932163
v 0.376389 0.380844 -0.932164
v 0.377886 0.386160 -0.932163
v 0.376509 0.391472 -0.932163
v 0.372661 0.395384 -0.932163
v 0.367412 0.396832 -0.932164
v 0.362060 0.395471 -0.932163
v 0.358181 0.391649 -0.932164
v 0.358182 0.380844 -0.928135
v 0.367412 0.375661 -0.928135
v 0.372688 0.377143 -0.928135
v 0.377870 0.386373 -0.928135
v 0.376389 0.391649 -0.928135
v 0.372467 0.395478 -0.928135
v 0.361882 0.395350 -0.928135
v 0.358061 0.381021 -0.932163
v 0.356700 0.386119 -0.928135
v 0.357024 0.383506 -0.932003
v 0.357037 0.383484 -0.928290
v 0.359769 0.378752 -0.932010
v 0.359781 0.378730 -0.928296
v 0.364527 0.375990 -0.932004
v 0.364553 0.375991 -0.928290
v 0.370025 0.375986 -0.932004
v 0.370047 0.375999 -0.928290
v 0.374779 0.378731 -0.932010
v 0.374802 0.378743 -0.928296
v 0.377542 0.383489 -0.932003
v 0.377541 0.383514 -0.928290
v 0.377541 0.388979 -0.932010
v 0.377542 0.389004 -0.928296
v 0.374802 0.393751 -0.932004
v 0.374780 0.393762 -0.928290
v 0.370047 0.396495 -0.932010
v 0.370025 0.396508 -0.928296
v 0.364545 0.396508 -0.932004
v 0.364523 0.396495 -0.928290
v 0.359781 0.393763 -0.932003
v 0.359769 0.393741 -0.928290
v 0.357028 0.389004 -0.932004
v 0.357029 0.388979 -0.928290
v 0.356684 0.386333 -0.932163
v 0.362058 0.377024 -0.928133
v 0.376509 0.381021 -0.928137
v 0.367198 0.396848 -0.928137
v 0.358061 0.391472 -0.928137
v 0.350808 0.387185 -0.931263
v 0.353336 0.396984 -0.931262
v 0.351730 0.392809 -0.949434
v 0.351731 0.379688 -0.949431
v 0.365100 0.402985 -0.949427
v 0.373840 0.401797 -0.949427
v 0.377616 0.399610 -0.949431
v 0.377612 0.372888 -0.949426
v 0.369455 0.369516 -0.949426
v 0.365100 0.369516 -0.949427
v 0.353919 0.375913 -0.949434
v 0.383086 0.385337 -0.949427
v 0.366365 0.370442 -0.949427
v 0.350310 0.388594 -0.930596
v 0.351446 0.379713 -0.930596
v 0.364933 0.369283 -0.930596
v 0.365035 0.402478 -0.950096
v 0.373528 0.401392 -0.950096
v 0.377416 0.373360 -0.950096
v 0.369520 0.370023 -0.950096
v 0.353328 0.379215 -0.950049
v 0.351436 0.392784 -0.930596
v 0.351234 0.387355 -0.930596
v 0.350303 0.383899 -0.930596
v 0.353797 0.375640 -0.930596
v 0.356677 0.372772 -0.930596
v 0.358220 0.372955 -0.930596
v 0.360743 0.370409 -0.930596
v 0.366173 0.370207 -0.930596
v 0.369629 0.369276 -0.930596
v 0.373814 0.370419 -0.930596
v 0.374424 0.371848 -0.930596
v 0.377887 0.372770 -0.930596
v 0.380756 0.375650 -0.930596
v 0.383119 0.379716 -0.930596
v 0.384245 0.383906 -0.930596
v 0.383321 0.385146 -0.930596
v 0.384251 0.388602 -0.930596
v 0.383109 0.392787 -0.930596
v 0.381679 0.393397 -0.930596
v 0.380758 0.396860 -0.930596
v 0.377877 0.399729 -0.930596
v 0.373811 0.402092 -0.930596
v 0.369621 0.403218 -0.930596
v 0.368382 0.402294 -0.930596
v 0.364926 0.403224 -0.930596
v 0.360740 0.402082 -0.930596
v 0.360131 0.400652 -0.930596
v 0.356667 0.399731 -0.930596
v 0.353799 0.396850 -0.930596
v 0.352125 0.380003 -0.950096
v 0.351050 0.384008 -0.950096
v 0.352136 0.392501 -0.950096
v 0.353499 0.393091 -0.950096
v 0.354385 0.396400 -0.950096
v 0.357139 0.399140 -0.950096
v 0.377427 0.399143 -0.950096
v 0.380167 0.396389 -0.950096
v 0.383505 0.388493 -0.950096
v 0.380170 0.376101 -0.950096
v 0.361026 0.371109 -0.950096
v 0.357128 0.373358 -0.950096
v 0.354387 0.376112 -0.950096
v 0.354554 0.377588 -0.950096
v 0.351081 0.379390 -0.931262
v 0.369524 0.403694 -0.931258
v 0.378031 0.400190 -0.931258
v 0.383472 0.393112 -0.931262
v 0.384722 0.384004 -0.931261
v 0.381218 0.375497 -0.931262
v 0.374138 0.370054 -0.931262
v 0.356524 0.372310 -0.931258
v 0.351082 0.393112 -0.931266
v 0.356524 0.400191 -0.931265
v 0.381218 0.396987 -0.931268
v 0.383458 0.379381 -0.931265
v 0.360417 0.370054 -0.931264
v 0.353336 0.375513 -0.931268
v 0.352592 0.393758 -0.931263
v 0.374785 0.400936 -0.931263
v 0.383747 0.387185 -0.931263
v 0.381963 0.378743 -0.931263
v 0.368212 0.369780 -0.931263
v 0.359770 0.371565 -0.931263
v 0.349940 0.388538 -0.930762
v 0.351155 0.379478 -0.930762
v 0.353450 0.396986 -0.930762
v 0.360505 0.402373 -0.930762
v 0.369565 0.403587 -0.930762
v 0.378013 0.400077 -0.930762
v 0.383400 0.393022 -0.930762
v 0.384614 0.383963 -0.930762
v 0.381104 0.375515 -0.930762
v 0.374049 0.370128 -0.930762
v 0.364990 0.368913 -0.930762
v 0.356542 0.372423 -0.930762
v 0.350589 0.384100 -0.949849
v 0.351843 0.392729 -0.949930
v 0.356998 0.399483 -0.949930
v 0.365084 0.402845 -0.949930
v 0.373756 0.401684 -0.949930
v 0.380609 0.396546 -0.949849
v 0.383872 0.388444 -0.949930
v 0.382711 0.379772 -0.949930
v 0.377556 0.373018 -0.949930
v 0.369471 0.369656 -0.949930
v 0.360716 0.370755 -0.949848
v 0.354045 0.375971 -0.949930
v 0.351456 0.387183 -0.949428
v 0.353174 0.379057 -0.949428
v 0.350891 0.387258 -0.930763
v 0.351171 0.393040 -0.930762
v 0.349945 0.383986 -0.930762
v 0.353538 0.395411 -0.930848
v 0.356564 0.400084 -0.930762
v 0.359874 0.400900 -0.930763
v 0.365013 0.403582 -0.930762
v 0.368285 0.402637 -0.930763
v 0.374067 0.402357 -0.930762
v 0.376438 0.399990 -0.930848
v 0.381111 0.396963 -0.930762
v 0.381927 0.393653 -0.930763
v 0.384609 0.388514 -0.930762
v 0.383757 0.385277 -0.930848
v 0.383384 0.379461 -0.930762
v 0.381016 0.377089 -0.930848
v 0.377990 0.372416 -0.930762
v 0.374680 0.371600 -0.930763
v 0.369541 0.368918 -0.930762
v 0.366304 0.369771 -0.930848
v 0.360488 0.370144 -0.930762
v 0.358116 0.372511 -0.930848
v 0.353443 0.375538 -0.930762
v 0.351861 0.379753 -0.949930
v 0.353249 0.393340 -0.949929
v 0.358494 0.399414 -0.949840
v 0.366340 0.402042 -0.949840
v 0.360724 0.401750 -0.949850
v 0.369439 0.402943 -0.949847
v 0.377532 0.399491 -0.949930
v 0.383069 0.387188 -0.949840
v 0.383967 0.384088 -0.949850
v 0.376060 0.373087 -0.949840
v 0.368214 0.370458 -0.949840
v 0.365109 0.369661 -0.949930
v 0.356977 0.372917 -0.949847
v 0.350587 0.388408 -0.949848
v 0.349841 0.384017 -0.931265
v 0.353947 0.396557 -0.949848
v 0.365029 0.403695 -0.931261
v 0.374146 0.402431 -0.931265
v 0.384712 0.388479 -0.931263
v 0.382784 0.392799 -0.949848
v 0.378015 0.372310 -0.931265
v 0.380607 0.375944 -0.949848
v 0.369510 0.368814 -0.931265
v 0.373835 0.370751 -0.949848
v 0.381020 0.395390 -0.930848
v 0.366324 0.402723 -0.930848
v 0.352647 0.393669 -0.930763
v 0.350805 0.385297 -0.930848
v 0.353632 0.377131 -0.930763
v 0.359859 0.371620 -0.930763
v 0.368261 0.369873 -0.930763
v 0.376417 0.372507 -0.930848
v 0.381907 0.378831 -0.930763
v 0.354210 0.394979 -0.949929
v 0.380345 0.377522 -0.949929
v 0.351469 0.385338 -0.949431
v 0.354114 0.377467 -0.949840
v 0.359770 0.400936 -0.931263
v 0.368212 0.402720 -0.931263
v 0.381963 0.393758 -0.931263
v 0.374785 0.371565 -0.931263
v 0.382419 0.379999 -0.950096
v 0.370085 0.388631 -0.930595
v 0.375759 0.385915 -0.950096
v 0.351228 0.385142 -0.930596
v 0.352875 0.379104 -0.930596
v 0.353979 0.377187 -0.930596
v 0.360131 0.371842 -0.930596
v 0.368385 0.370201 -0.930596
v 0.376340 0.372952 -0.930596
v 0.380573 0.377193 -0.930596
v 0.381686 0.379104 -0.930596
v 0.383580 0.387265 -0.930650
v 0.380576 0.395313 -0.930596
v 0.376334 0.399546 -0.930596
v 0.374631 0.400831 -0.930650
v 0.366169 0.402299 -0.930596
v 0.358167 0.399828 -0.930667
v 0.353982 0.395307 -0.930596
v 0.352869 0.393397 -0.930596
v 0.351679 0.385284 -0.950039
v 0.351666 0.387215 -0.950028
v 0.354551 0.394919 -0.950096
v 0.358615 0.398973 -0.950096
v 0.360229 0.400210 -0.950028
v 0.366224 0.401601 -0.950096
v 0.368250 0.401842 -0.950056
v 0.374315 0.400194 -0.950046
v 0.375992 0.399230 -0.950045
v 0.380258 0.394961 -0.950039
v 0.381225 0.393285 -0.950051
v 0.382628 0.387304 -0.950096
v 0.382888 0.385285 -0.950028
v 0.381226 0.379210 -0.950039
v 0.380004 0.377581 -0.950096
v 0.375940 0.373527 -0.950096
v 0.374325 0.372291 -0.950028
v 0.368331 0.370900 -0.950096
v 0.366312 0.370639 -0.950028
v 0.360240 0.372306 -0.950046
v 0.358564 0.373275 -0.950051
v 0.358131 0.400000 -0.931263
v 0.351043 0.388501 -0.950096
v 0.361030 0.401403 -0.950096
v 0.369528 0.402485 -0.950096
v 0.382429 0.392498 -0.950096
v 0.383512 0.384000 -0.950096
v 0.373525 0.371098 -0.950096
v 0.365027 0.370016 -0.950096
v 0.352564 0.378771 -0.930848
v 0.382825 0.379692 -0.949433
v 0.353527 0.377127 -0.931263
v 0.353174 0.393443 -0.949431
v 0.374470 0.400353 -0.949431
v 0.380468 0.395044 -0.949431
v 0.381380 0.379057 -0.949431
v 0.360084 0.372147 -0.949431
v 0.349840 0.388483 -0.931265
v 0.356939 0.399609 -0.949432
v 0.360408 0.402431 -0.931265
v 0.384012 0.388432 -0.949429
v 0.365044 0.368814 -0.931263
v 0.354086 0.395044 -0.949428
v 0.360084 0.400353 -0.949428
v 0.368189 0.402058 -0.949428
v 0.376071 0.399441 -0.949428
v 0.381380 0.393443 -0.949428
v 0.380468 0.377456 -0.949428
v 0.374470 0.372147 -0.949428
v 0.358483 0.373060 -0.949428
v 0.362284 0.386246 -0.894081
v 0.362954 0.383746 -0.894081
v 0.364784 0.381915 -0.894081
v 0.367285 0.381245 -0.894081
v 0.369786 0.381915 -0.894081
v 0.371616 0.383746 -0.894081
v 0.372286 0.386246 -0.894081
v 0.371616 0.388747 -0.894081
v 0.369786 0.390578 -0.894081
v 0.367285 0.391247 -0.894081
v 0.364784 0.390578 -0.894081
v 0.362954 0.388747 -0.894081
v 0.362284 0.386246 -0.937210
v 0.362954 0.383746 -0.937210
v 0.364784 0.381915 -0.937210
v 0.367285 0.381245 -0.937210
v 0.369786 0.381915 -0.937210
v 0.371616 0.383746 -0.937210
v 0.372286 0.386246 -0.937210
v 0.371616 0.388747 -0.937210
v 0.369786 0.390578 -0.937210
v 0.367285 0.391248 -0.937210
v 0.364784 0.390578 -0.937210
v 0.362954 0.388747 -0.937210
v -0.365249 0.377581 -0.950096
v -0.392661 0.378743 -0.931263
v -0.393523 0.392809 -0.949434
v -0.393524 0.379691 -0.949431
v -0.388311 0.399612 -0.949426
v -0.380152 0.402984 -0.949430
v -0.371413 0.401796 -0.949430
v -0.367640 0.399612 -0.949427
v -0.361241 0.388427 -0.949426
v -0.362427 0.379691 -0.949430
v -0.367641 0.372889 -0.949429
v -0.375798 0.369516 -0.949430
v -0.380153 0.369516 -0.949427
v -0.391335 0.375912 -0.949430
v -0.370935 0.400199 -0.950039
v -0.362377 0.387216 -0.950039
v -0.394942 0.388594 -0.930595
v -0.393807 0.379713 -0.930595
v -0.364497 0.375650 -0.930595
v -0.367375 0.399728 -0.930595
v -0.365086 0.396389 -0.950096
v -0.361748 0.388493 -0.950096
v -0.362834 0.379999 -0.950096
v -0.384226 0.371108 -0.950096
v -0.393817 0.392784 -0.930595
v -0.394019 0.387355 -0.930595
v -0.394949 0.383899 -0.930595
v -0.391456 0.375640 -0.930595
v -0.388575 0.372772 -0.930595
v -0.387032 0.372955 -0.930595
v -0.384509 0.370409 -0.930595
v -0.380319 0.369283 -0.930595
v -0.375624 0.369276 -0.930595
v -0.371439 0.370419 -0.930595
v -0.367365 0.372770 -0.930595
v -0.364680 0.377193 -0.930595
v -0.362134 0.379716 -0.930595
v -0.361002 0.388601 -0.930595
v -0.362144 0.392787 -0.930595
v -0.363574 0.393397 -0.930595
v -0.364495 0.396860 -0.930595
v -0.368919 0.399545 -0.930595
v -0.371442 0.402091 -0.930595
v -0.375632 0.403217 -0.930595
v -0.376871 0.402293 -0.930595
v -0.380327 0.403224 -0.930595
v -0.384512 0.402082 -0.930595
v -0.385122 0.400652 -0.930595
v -0.388585 0.399730 -0.930595
v -0.391454 0.396850 -0.930595
v -0.393128 0.380002 -0.950096
v -0.394203 0.384007 -0.950096
v -0.393326 0.385197 -0.950096
v -0.393117 0.392501 -0.950096
v -0.391754 0.393091 -0.950096
v -0.390868 0.396400 -0.950096
v -0.388114 0.399140 -0.950096
v -0.384223 0.401402 -0.950096
v -0.380218 0.402477 -0.950096
v -0.378942 0.401843 -0.950046
v -0.371725 0.401392 -0.950096
v -0.367826 0.399142 -0.950096
v -0.365252 0.394913 -0.950096
v -0.362823 0.392498 -0.950096
v -0.361741 0.383999 -0.950096
v -0.365083 0.376101 -0.950096
v -0.367837 0.373360 -0.950096
v -0.375733 0.370023 -0.950096
v -0.385011 0.372275 -0.950028
v -0.388125 0.373358 -0.950096
v -0.390865 0.376111 -0.950096
v -0.390699 0.377588 -0.950096
v -0.395420 0.388497 -0.931261
v -0.394170 0.379389 -0.931258
v -0.391917 0.397003 -0.931262
v -0.375728 0.403695 -0.931259
v -0.367221 0.400190 -0.931259
v -0.361780 0.393111 -0.931260
v -0.360531 0.384004 -0.931262
v -0.364034 0.375497 -0.931262
v -0.371114 0.370055 -0.931264
v -0.388730 0.372309 -0.931264
v -0.394156 0.393120 -0.931268
v -0.380224 0.403695 -0.931264
v -0.371106 0.402431 -0.931266
v -0.367238 0.372310 -0.931267
v -0.375742 0.368813 -0.931266
v -0.384836 0.370055 -0.931263
v -0.370468 0.400936 -0.931263
v -0.364226 0.395373 -0.931263
v -0.361506 0.387185 -0.931263
v -0.395312 0.388537 -0.930762
v -0.394098 0.379478 -0.930762
v -0.391802 0.396986 -0.930762
v -0.384747 0.402373 -0.930762
v -0.375688 0.403587 -0.930762
v -0.367240 0.400077 -0.930762
v -0.361853 0.393022 -0.930762
v -0.360638 0.383963 -0.930762
v -0.364148 0.375515 -0.930762
v -0.371204 0.370128 -0.930762
v -0.380263 0.368913 -0.930762
v -0.388711 0.372423 -0.930762
v -0.394664 0.384100 -0.949849
v -0.393409 0.392728 -0.949930
v -0.388254 0.399483 -0.949930
v -0.380169 0.402844 -0.949930
v -0.371497 0.401684 -0.949930
v -0.364640 0.396539 -0.949849
v -0.361381 0.388443 -0.949930
v -0.362542 0.379772 -0.949930
v -0.367697 0.373017 -0.949930
v -0.375782 0.369656 -0.949930
v -0.384454 0.370816 -0.949930
v -0.391208 0.375971 -0.949930
v -0.393784 0.387162 -0.949428
v -0.392079 0.379057 -0.949428
v -0.394082 0.393039 -0.930761
v -0.395307 0.383986 -0.930761
v -0.388688 0.400084 -0.930762
v -0.385378 0.400900 -0.930763
v -0.380240 0.403582 -0.930762
v -0.376968 0.402636 -0.930762
v -0.371186 0.402356 -0.930761
v -0.368815 0.399989 -0.930848
v -0.364141 0.396963 -0.930761
v -0.363262 0.393729 -0.930848
v -0.360644 0.388514 -0.930761
v -0.361496 0.385277 -0.930848
v -0.361869 0.379461 -0.930761
v -0.364334 0.377106 -0.930763
v -0.367263 0.372416 -0.930761
v -0.375711 0.368918 -0.930761
v -0.384765 0.370144 -0.930761
v -0.387120 0.372609 -0.930762
v -0.391810 0.375537 -0.930762
v -0.393392 0.379753 -0.949930
v -0.392004 0.393339 -0.949929
v -0.394564 0.388418 -0.949930
v -0.384529 0.401750 -0.949849
v -0.375819 0.402940 -0.949848
v -0.364812 0.395033 -0.949840
v -0.367721 0.399490 -0.949930
v -0.363874 0.379087 -0.949840
v -0.369193 0.373086 -0.949839
v -0.380144 0.369661 -0.949930
v -0.394700 0.388409 -0.949429
v -0.395412 0.384017 -0.931265
v -0.388713 0.400190 -0.931265
v -0.391305 0.396557 -0.949848
v -0.364035 0.396988 -0.931265
v -0.360539 0.388483 -0.931265
v -0.362472 0.392804 -0.949847
v -0.361795 0.379380 -0.931266
v -0.361283 0.384081 -0.949848
v -0.364646 0.375943 -0.949848
v -0.371424 0.370748 -0.949849
v -0.391916 0.375513 -0.931266
v -0.388277 0.372920 -0.949849
v -0.361598 0.387234 -0.930763
v -0.364330 0.395369 -0.930763
v -0.370557 0.400880 -0.930763
v -0.378928 0.402722 -0.930848
v -0.387115 0.399993 -0.930848
v -0.392672 0.393743 -0.930848
v -0.391718 0.377110 -0.930848
v -0.377023 0.369778 -0.930848
v -0.368836 0.372507 -0.930848
v -0.363279 0.378757 -0.930848
v -0.363968 0.393357 -0.949929
v -0.369247 0.399318 -0.949929
v -0.391043 0.394979 -0.949929
v -0.386704 0.373182 -0.949929
v -0.364908 0.377521 -0.949929
v -0.391725 0.395373 -0.931263
v -0.393767 0.385313 -0.949840
v -0.391139 0.377467 -0.949840
v -0.385483 0.400936 -0.931263
v -0.377041 0.402720 -0.931263
v -0.364226 0.377127 -0.931263
v -0.370468 0.371564 -0.931263
v -0.378910 0.369780 -0.931263
v -0.387099 0.372500 -0.931263
v -0.361008 0.383906 -0.930595
v -0.381017 0.394538 -0.950096
v -0.380226 0.370016 -0.950096
v -0.390702 0.394919 -0.950096
v -0.394278 0.385235 -0.930650
v -0.392553 0.378892 -0.930656
v -0.391274 0.377187 -0.930595
v -0.385340 0.371661 -0.930667
v -0.378986 0.369949 -0.930656
v -0.376867 0.370201 -0.930595
v -0.370618 0.371672 -0.930656
v -0.368913 0.372951 -0.930595
v -0.363567 0.379104 -0.930595
v -0.361932 0.385145 -0.930595
v -0.361927 0.387358 -0.930595
v -0.364677 0.395313 -0.930595
v -0.370829 0.400659 -0.930595
v -0.379084 0.402299 -0.930595
v -0.387038 0.399549 -0.930595
v -0.391542 0.395354 -0.930656
v -0.392384 0.393396 -0.930595
v -0.393570 0.387221 -0.950051
v -0.386687 0.399231 -0.950039
v -0.385010 0.400198 -0.950051
v -0.377006 0.401849 -0.950045
v -0.369306 0.398976 -0.950096
v -0.364190 0.393091 -0.950096
v -0.362377 0.385280 -0.950045
v -0.364197 0.379409 -0.950096
v -0.369313 0.373527 -0.950096
v -0.370937 0.372299 -0.950045
v -0.377009 0.370652 -0.950039
v -0.378948 0.370659 -0.950055
v -0.386621 0.373523 -0.950096
v -0.391935 0.379202 -0.950028
v -0.386881 0.385449 -0.930595
v -0.385471 0.371544 -0.931263
v -0.394210 0.388501 -0.950096
v -0.375725 0.402485 -0.950096
v -0.371728 0.371098 -0.950096
v -0.394455 0.387223 -0.930848
v -0.394445 0.385315 -0.931263
v -0.392078 0.393443 -0.949431
v -0.386769 0.399441 -0.949431
v -0.378888 0.402058 -0.949431
v -0.370794 0.400375 -0.949431
v -0.362155 0.387183 -0.949431
v -0.377042 0.370429 -0.949431
v -0.385169 0.372147 -0.949431
v -0.384845 0.402431 -0.931264
v -0.384550 0.370721 -0.949428
v -0.380209 0.368814 -0.931263
v -0.391166 0.395044 -0.949428
v -0.385169 0.400353 -0.949428
v -0.377042 0.402071 -0.949428
v -0.369206 0.399440 -0.949428
v -0.363872 0.393443 -0.949428
v -0.362167 0.385338 -0.949428
v -0.364785 0.377481 -0.949428
v -0.370782 0.372147 -0.949428
v -0.378888 0.370442 -0.949428
v -0.386769 0.373059 -0.949428
v -0.382969 0.386246 -0.894081
v -0.382299 0.383745 -0.894081
v -0.380468 0.381915 -0.894081
v -0.377968 0.381245 -0.894081
v -0.375467 0.381915 -0.894081
v -0.373636 0.383745 -0.894081
v -0.372966 0.386246 -0.894081
v -0.373636 0.388747 -0.894081
v -0.375467 0.390578 -0.894081
v -0.377968 0.391247 -0.894081
v -0.380468 0.390578 -0.894081
v -0.382299 0.388747 -0.894081
v -0.382969 0.386246 -0.937209
v -0.382299 0.383745 -0.937209
v -0.380468 0.381915 -0.937209
v -0.377968 0.381245 -0.937209
v -0.375467 0.381915 -0.937209
v -0.373636 0.383745 -0.937209
v -0.372966 0.386246 -0.937209
v -0.373636 0.388747 -0.937209
v -0.375467 0.390578 -0.937209
v -0.377968 0.391247 -0.937209
v -0.380468 0.390578 -0.937209
v -0.382299 0.388747 -0.937209
v -0.383341 0.377109 -0.932167
v -0.378095 0.375661 -0.932164
v -0.372742 0.377022 -0.932163
v -0.368830 0.380871 -0.932163
v -0.367367 0.386159 -0.932163
v -0.368737 0.391429 -0.932164
v -0.372592 0.395384 -0.932163
v -0.377881 0.396848 -0.932163
v -0.383192 0.395471 -0.932163
v -0.387105 0.391623 -0.932163
v -0.388553 0.386373 -0.932165
v -0.383150 0.377016 -0.928135
v -0.372565 0.377143 -0.928135
v -0.368737 0.381064 -0.928135
v -0.367382 0.386373 -0.928135
v -0.372786 0.395477 -0.928135
v -0.378095 0.396832 -0.928135
v -0.383370 0.395350 -0.928135
v -0.387198 0.391429 -0.928135
v -0.387198 0.381064 -0.932164
v -0.388569 0.386159 -0.928137
v -0.388224 0.383514 -0.932010
v -0.388224 0.383489 -0.928297
v -0.385484 0.378743 -0.932004
v -0.385462 0.378730 -0.928289
v -0.380730 0.375998 -0.932010
v -0.380708 0.375985 -0.928296
v -0.375235 0.375990 -0.932010
v -0.375210 0.375990 -0.928296
v -0.370464 0.378730 -0.932004
v -0.370452 0.378752 -0.928289
v -0.367711 0.383489 -0.932003
v -0.367711 0.383514 -0.928290
v -0.367711 0.388978 -0.932010
v -0.367711 0.389004 -0.928296
v -0.370451 0.393750 -0.932004
v -0.370473 0.393762 -0.928290
v -0.375210 0.396503 -0.932003
v -0.375235 0.396503 -0.928290
v -0.380708 0.396508 -0.932003
v -0.380730 0.396495 -0.928290
v -0.385462 0.393762 -0.932010
v -0.385484 0.393750 -0.928296
v -0.388224 0.389004 -0.932003
v -0.388224 0.388978 -0.928290
v -0.387105 0.380873 -0.928132
v -0.377881 0.375645 -0.928136
v -0.368830 0.391622 -0.928136
vn 0.0097 -0.0023 -1.0000
vn -0.0000 -0.0002 -1.0000
vn -0.0000 -0.0009 -1.0000
vn -0.0077 -0.0067 -0.9999
vn -0.0170 -0.9998 0.0047
vn -0.0057 -1.0000 -0.0039
vn 0.0047 -0.9999 -0.0125
vn -0.0053 -0.9998 -0.0175
vn 0.0040 -1.0000 -0.0065
vn -0.0003 -1.0000 0.0021
vn -0.0045 -0.0002 1.0000
vn -0.3805 -0.0024 0.9248
vn -0.2546 -0.0000 0.9671
vn -0.0012 -0.0000 1.0000
vn -0.7633 -0.0012 0.6460
vn -0.6459 -0.0000 0.7634
vn -1.0000 -0.0004 -0.0034
vn -0.9248 -0.0023 -0.3804
vn -0.9671 -0.0000 -0.2545
vn -1.0000 -0.0000 -0.0008
vn -0.6461 -0.0012 -0.7633
vn -0.7634 -0.0000 -0.6459
vn 0.0012 -0.0000 -1.0000
vn 0.0008 -0.0019 -1.0000
vn -0.0000 -0.0005 -1.0000
vn -0.0001 -0.0000 -1.0000
vn -0.0097 -1.0000 0.0001
vn -0.0000 -0.9972 0.0751
vn 0.0001 -1.0000 0.0089
vn -0.0143 -0.9999 -0.0029
vn 1.0000 -0.0005 -0.0000
vn 1.0000 -0.0000 -0.0000
vn 1.0000 -0.0001 0.0009
vn 1.0000 -0.0019 0.0006
vn -0.0034 -1.0000 -0.0072
vn -0.0085 -1.0000 0.0002
vn 0.0001 -0.0001 1.0000
vn 0.0031 0.0001 1.0000
vn -0.0013 0.0001 1.0000
vn -0.0002 -0.0005 1.0000
vn -0.0001 -0.9999 -0.0130
vn 0.0009 -1.0000 -0.0001
vn -0.0000 -0.9991 -0.0434
vn 0.0038 -0.9998 0.0178
vn 0.0033 -1.0000 -0.0094
vn 0.0092 -0.9999 -0.0100
vn 0.0045 -0.0000 1.0000
vn 0.3809 -0.0000 0.9246
vn 0.2547 -0.0000 0.9670
vn 0.0012 -0.0000 1.0000
vn 0.7634 -0.0000 0.6460
vn 0.6460 -0.0012 0.7633
vn 1.0000 -0.0000 -0.0033
vn 0.9246 -0.0000 -0.3809
vn 0.9670 -0.0000 -0.2547
vn 1.0000 -0.0014 -0.0009
vn 0.6459 -0.0000 -0.7634
vn 0.7633 -0.0013 -0.6461
vn 0.0501 -0.9986 0.0175
vn 0.0146 -0.9999 -0.0000
vn -1.0000 -0.0001 -0.0000
vn -1.0000 -0.0001 -0.0018
vn -1.0000 -0.0010 -0.0003
vn -1.0000 -0.0009 -0.0000
vn 0.0183 -0.9985 -0.0516
vn 0.0849 -0.9964 -0.0001
vn -0.0021 -0.7506 -0.6607
vn 0.0021 -0.6209 -0.7839
vn 0.7198 -0.0001 -0.6942
vn 0.6593 -0.0016 -0.7519
vn 0.7510 -0.0014 0.6603
vn -0.4816 -0.6760 0.5577
vn -0.2555 -0.6670 0.6998
vn -0.5580 -0.6756 -0.4818
vn -0.6981 -0.6678 -0.2583
vn -0.0009 -0.5487 0.8360
vn -0.8424 -0.5389 -0.0014
vn -0.8008 -0.5990 -0.0013
vn -0.8131 -0.5422 0.2119
vn -0.7863 -0.5315 0.3152
vn -0.7601 -0.6498 0.0023
vn -0.8400 -0.5425 0.0007
vn -0.2193 -0.5361 -0.8152
vn -0.2032 -0.8197 -0.5356
vn 0.8600 -0.0004 -0.5103
vn 0.6593 -0.0015 -0.7519
vn -0.0003 -0.6898 -0.7240
vn 0.0010 -0.7103 -0.7039
vn -0.2373 -0.9656 0.1062
vn 0.0018 -0.6148 0.7887
vn -0.0015 -0.9478 -0.3188
vn 0.1298 -0.1766 0.9757
vn 0.3671 -0.9302 -0.0007
vn 0.1529 -0.9736 0.1696
vn 0.0020 -0.5138 0.8579
vn -0.1270 -0.2597 0.9573
vn -0.0005 -0.7774 0.6290
vn 0.0005 -0.6485 0.7613
vn -0.2372 -0.9651 0.1113
vn -0.5102 -0.0004 -0.8601
vn -0.7519 -0.0016 -0.6593
vn -0.6940 -0.0001 -0.7200
vn -0.8601 -0.0004 0.5102
vn -0.6571 -0.0001 0.7538
vn -0.7169 -0.0001 0.6972
vn 0.1077 -0.9652 0.2383
vn 0.5575 -0.6762 0.4815
vn 0.4825 -0.6761 -0.5569
vn 0.2134 -0.5375 0.8158
vn 0.3172 -0.5312 0.7856
vn 0.7715 -0.5589 -0.3040
vn 0.7946 -0.5713 -0.2055
vn 0.3789 -0.0021 -0.9254
vn 0.7740 -0.6331 0.0013
vn 1.0000 0.0001 -0.0011
vn 1.0000 0.0001 0.0016
vn 1.0000 -0.0011 0.0002
vn 1.0000 -0.0012 -0.0006
vn 0.0108 -0.0005 0.9999
vn 0.0045 0.0001 1.0000
vn -0.0203 -0.0000 0.9998
vn 0.0056 -1.0000 -0.0006
vn 0.0257 -0.9997 0.0006
vn -0.0049 -1.0000 0.0006
vn -1.0000 -0.0006 0.0003
vn -1.0000 0.0002 0.0022
vn -1.0000 0.0001 -0.0008
vn -1.0000 -0.0024 -0.0005
vn 0.0054 -0.0010 -1.0000
vn -0.0159 -0.0009 -0.9999
vn -0.0296 0.0001 -0.9996
vn 0.0416 -0.0001 -0.9991
vn -0.0150 -0.0020 0.9999
vn -0.0269 -0.9996 -0.0006
vn 0.8721 -0.4893 -0.0004
vn 0.0463 -0.6985 -0.7141
vn 0.6417 -0.0005 -0.7669
vn 0.7472 -0.0017 0.6645
vn 0.8801 -0.4747 0.0010
vn 0.0072 -0.6960 0.7180
vn 0.3096 -0.9509 -0.0002
vn -0.7578 -0.0006 -0.6525
vn -0.6857 -0.7279 -0.0018
vn -0.6222 -0.7829 0.0003
vn -0.0469 -0.6903 0.7220
vn -0.6460 -0.0006 0.7633
vn -0.0077 -0.6921 -0.7218
vn 0.6905 -0.0002 0.7233
vn 0.6905 -0.0001 0.7234
vn 0.4346 -0.9006 0.0001
vn -1.0000 -0.0000 0.0034
vn -1.0000 -0.0000 0.0009
vn -0.0000 -0.0000 -1.0000
vn -0.9246 -0.0000 0.3809
vn -0.9670 -0.0000 0.2548
vn -0.0094 -0.0000 -1.0000
vn -0.3809 -0.0000 -0.9246
vn -0.2540 -0.0000 -0.9672
vn 1.0000 -0.0000 0.0008
vn 1.0000 -0.0010 0.0033
vn 0.9671 -0.0001 0.2545
vn 0.9248 -0.0021 0.3804
vn 0.2538 -0.0000 -0.9673
vn 0.0072 -0.0001 -1.0000
vn -0.0009 -0.8508 0.5255
vn 0.0006 -0.7055 0.7087
vn 0.0007 -0.7071 0.7071
vn -0.0007 -0.8594 0.5114
vn -0.0003 -0.5247 0.8513
vn -0.0002 -0.5162 0.8565
vn -1.0000 0.0013 0.0002
vn -1.0000 -0.0014 0.0003
vn -0.9686 -0.0005 0.2486
vn -0.9735 0.0010 0.2287
vn 0.0002 -0.7590 -0.6511
vn -0.0003 -0.6488 -0.7610
vn -0.0002 -0.8511 -0.5250
vn -0.0002 -0.8548 -0.5190
vn -1.0000 0.0013 -0.0002
vn -1.0000 -0.0014 -0.0000
vn -0.0007 -0.0000 -1.0000
vn -0.0005 -0.0000 -1.0000
vn 0.0006 -0.0000 -1.0000
vn 0.0004 -0.0000 -1.0000
vn 0.0002 -0.5240 -0.8517
vn 0.0002 -0.5175 -0.8557
vn -0.9896 -0.0007 -0.1440
vn -0.9169 0.0007 -0.3990
vn 0.0002 0.6491 -0.7607
vn -0.0002 0.7594 -0.6507
vn -0.0002 0.5243 -0.8515
vn -0.0002 0.5181 -0.8553
vn 0.0008 -0.0000 1.0000
vn -0.0005 -0.0000 1.0000
vn -0.0008 -0.0000 1.0000
vn 0.0004 -0.0000 1.0000
vn -0.0007 -1.0000 0.0004
vn 0.0004 -1.0000 -0.0006
vn 0.0005 -1.0000 -0.0003
vn -0.0005 -1.0000 0.0006
vn 0.0008 0.8511 0.5250
vn -0.0007 0.7059 0.7083
vn -0.0008 0.7074 0.7068
vn 0.0007 0.8598 0.5106
vn 0.9900 -0.0006 0.1413
vn 1.0000 -0.0014 -0.0001
vn 1.0000 0.0012 0.0002
vn 0.9163 0.0008 0.4006
vn 0.0003 0.5248 0.8512
vn 0.0002 0.5162 0.8565
vn 0.0006 1.0000 0.0004
vn -0.0005 1.0000 -0.0006
vn -0.0006 1.0000 -0.0004
vn 0.0005 1.0000 0.0006
vn 0.0002 0.8515 -0.5244
vn 0.0002 0.8552 -0.5182
vn 1.0000 0.0014 -0.0002
vn 1.0000 -0.0014 -0.0003
vn 0.9686 -0.0005 -0.2487
vn 0.9721 0.0010 -0.2344
vn -0.8116 -0.3942 0.4311
vn -0.6660 -0.7459 0.0090
vn -0.6266 -0.0012 0.7794
vn -0.6621 0.0006 0.7494
vn -0.6319 -0.7748 -0.0175
vn -0.8143 0.4299 0.3900
vn -0.6274 0.7785 0.0180
vn -0.8110 -0.4298 -0.3968
vn -0.6627 -0.0006 -0.7489
vn -0.6258 0.0012 -0.7800
vn -0.8161 0.3931 -0.4236
vn -0.6612 0.7502 -0.0092
vn 0.8134 -0.4306 0.3911
vn 0.6628 -0.0006 0.7488
vn 0.6257 -0.7799 0.0180
vn 0.6275 0.0012 0.7786
vn 0.6597 -0.7515 -0.0092
vn 0.8115 0.3946 0.4310
vn 0.6691 0.7431 0.0090
vn 0.8156 -0.3933 -0.4245
vn 0.6276 -0.0011 -0.7786
vn 0.6637 0.0006 -0.7480
vn 0.8106 0.4306 -0.3969
vn 0.6350 0.7723 -0.0175
vn -0.0002 -0.7070 0.7072
vn -0.0016 -0.7056 0.7086
vn 0.0001 -0.8517 0.5241
vn 0.0018 -0.8597 0.5108
vn -0.0006 -0.5235 0.8520
vn 0.0005 -0.5156 0.8568
vn 0.9688 -0.0005 0.2478
vn 1.0000 -0.0013 0.0003
vn 1.0000 0.0013 -0.0000
vn 0.9736 0.0010 0.2282
vn 0.9993 -0.0000 -0.0372
vn 0.9713 0.2375 -0.0158
vn -0.0003 -0.8516 -0.5242
vn -0.0002 -0.6485 -0.7612
vn 0.0001 -0.7593 -0.6507
vn 0.0004 -0.8550 -0.5186
vn 1.0000 -0.0013 -0.0001
vn 0.0011 -0.0000 -1.0000
vn 0.0001 -0.0000 -1.0000
vn -0.0011 -0.0000 -1.0000
vn 0.0003 -0.5233 -0.8521
vn -0.0005 -0.5174 -0.8558
vn 0.9725 -0.0010 -0.2331
vn -0.0002 0.5234 -0.8521
vn -0.0002 0.7597 -0.6503
vn 0.0002 0.6487 -0.7610
vn 0.0005 0.5176 -0.8557
vn 0.0001 -0.0000 1.0000
vn 0.0011 -0.0000 1.0000
vn -0.0001 -0.0000 1.0000
vn -0.0011 -0.0000 1.0000
vn -0.0000 -1.0000 -0.0000
vn -0.0011 -1.0000 -0.0006
vn 0.0001 -1.0000 -0.0000
vn 0.0012 -1.0000 0.0006
vn 0.0002 0.7073 0.7070
vn 0.0016 0.7059 0.7083
vn -0.0001 0.8521 0.5234
vn -0.0018 0.8601 0.5101
vn -1.0000 0.0012 0.0004
vn -1.0000 -0.0014 0.0001
vn -0.9901 -0.0006 0.1403
vn -0.9171 0.0008 0.3986
vn -0.9170 0.3987 -0.0117
vn -0.9999 0.0001 -0.0104
vn 0.0006 0.5237 0.8519
vn -0.0004 0.5158 0.8567
vn -0.0000 1.0000 -0.0000
vn 0.0011 1.0000 -0.0006
vn -0.0002 1.0000 0.0001
vn -0.0012 1.0000 0.0006
vn 0.0003 0.8520 -0.5235
vn -0.0004 0.8555 -0.5178
vn -0.9171 -0.0007 -0.3986
vn -1.0000 -0.0014 -0.0003
vn 0.6687 -0.7435 0.0090
vn 0.8127 -0.3933 0.4300
vn 0.6303 -0.0012 0.7763
vn 0.6654 0.0006 0.7465
vn 0.6345 -0.7728 -0.0175
vn 0.8148 0.4295 0.3893
vn 0.6300 0.7764 0.0179
vn 0.6666 -0.0006 -0.7454
vn 0.8117 -0.4294 -0.3959
vn 0.6317 0.0011 -0.7752
vn 0.6634 0.7482 -0.0092
vn 0.8164 0.3914 -0.4246
vn -0.6652 -0.0006 0.7466
vn -0.8148 -0.4294 0.3895
vn -0.6276 -0.7784 0.0180
vn -0.6294 0.0012 0.7771
vn -0.6616 -0.7498 -0.0093
vn -0.6700 0.7423 0.0091
vn -0.8126 0.3935 0.4299
vn -0.8167 -0.3922 -0.4233
vn -0.6293 -0.0012 -0.7771
vn -0.6660 0.0006 -0.7459
vn -0.8121 0.4280 -0.3966
vn -0.6340 0.7731 -0.0176
vn -0.0002 -0.0000 -1.0000
vn 0.0002 -0.0000 -1.0000
vn -0.0001 0.0001 -1.0000
vn -0.0002 -0.0005 -1.0000
vn 0.0002 -0.0005 -1.0000
vn -0.0000 -0.0001 -1.0000
vn -0.0001 -0.0002 -1.0000
vn 0.0001 0.0001 -1.0000
vn 0.6477 -0.7619 0.0004
vn 0.7981 -0.6026 -0.0004
vn -0.7742 -0.6330 0.0004
vn -0.5657 -0.6245 0.5385
vn -0.6317 -0.7752 -0.0005
vn -0.9999 -0.0059 -0.0145
vn -0.9990 -0.0164 -0.0412
vn -0.9973 -0.0014 -0.0735
vn -0.9996 0.0038 -0.0290
vn -0.0029 0.9999 -0.0146
vn -0.0080 0.9991 -0.0419
vn -0.0007 0.9973 -0.0735
vn 0.0019 0.9996 -0.0291
vn 0.9999 0.0059 -0.0145
vn 0.9990 0.0164 -0.0412
vn 0.9973 0.0014 -0.0735
vn 0.9996 -0.0038 -0.0290
vn 0.0029 -0.9999 -0.0146
vn 0.0079 -0.9991 -0.0419
vn 0.0007 -0.9973 -0.0733
vn -0.0019 -0.9996 -0.0291
vn 0.9973 0.0014 -0.0734
vn -0.9990 -0.0164 -0.0413
vn -0.9973 -0.0014 -0.0734
vn -0.9996 0.0038 -0.0291
vn -0.9996 0.0072 -0.0258
vn -0.9997 0.0045 -0.0239
vn -0.9996 0.0072 -0.0259
vn -0.9996 0.0098 -0.0277
vn 0.0004 1.0000 -0.0097
vn -0.0000 1.0000 -0.0080
vn 0.0004 1.0000 -0.0099
vn 0.0007 0.9999 -0.0115
vn 0.9996 -0.0071 -0.0258
vn 0.9997 -0.0045 -0.0239
vn 0.9996 -0.0072 -0.0259
vn 0.9996 -0.0097 -0.0277
vn -0.0004 -1.0000 -0.0097
vn -0.0000 -1.0000 -0.0080
vn -0.0004 -1.0000 -0.0098
vn -0.0007 -0.9999 -0.0114
vn -0.0007 -0.9999 -0.0115
vn -0.9996 0.0073 -0.0259
vn 0.0007 0.9999 -0.0114
vn 0.0008 -0.5808 -0.8140
vn -0.0008 -0.7815 -0.6239
vn 0.0986 -0.2621 -0.9600
vn 0.0008 -0.5811 -0.8138
vn 0.0987 -0.2622 -0.9600
vn -0.2257 0.4482 -0.8650
vn -0.2259 0.4489 -0.8646
vn -0.0008 0.5804 -0.8143
vn 0.0007 0.7807 -0.6249
vn -0.0989 0.2622 -0.9599
vn -0.0008 0.5805 -0.8143
vn 0.0007 0.7808 -0.6248
vn -0.0990 0.2622 -0.9599
vn 0.2249 -0.4493 -0.8646
vn 0.2251 -0.4495 -0.8644
vn -0.5734 -0.0016 -0.8193
vn -0.7741 0.0016 -0.6331
vn -0.2622 -0.0987 -0.9600
vn 0.5734 0.0016 -0.8193
vn 0.7733 -0.0016 -0.6340
vn 0.2622 0.0989 -0.9599
vn -0.2258 -0.4211 -0.8784
vn 0.2259 0.4205 -0.8787
vn 0.5730 0.0016 -0.8196
vn 0.7733 -0.0015 -0.6340
vn 0.2620 0.0989 -0.9600
vn -0.5740 -0.0016 -0.8189
vn -0.7740 0.0016 -0.6332
vn -0.2621 -0.0988 -0.9600
vn 0.2261 0.4205 -0.8786
vn -0.2257 -0.4217 -0.8782
vn -0.9135 -0.4069 -0.0067
vn -0.8631 -0.4990 -0.0782
vn -0.4081 0.9129 -0.0066
vn -0.4998 0.8626 -0.0780
vn 0.9124 0.4092 -0.0065
vn 0.8624 0.5002 -0.0775
vn 0.4080 -0.9130 -0.0066
vn 0.4995 -0.8628 -0.0777
vn 0.9124 0.4093 -0.0065
vn 0.8624 0.5004 -0.0774
vn 0.4081 -0.9129 -0.0066
vn 0.4996 -0.8628 -0.0777
vn -0.9129 -0.4082 -0.0066
vn -0.8627 -0.4997 -0.0779
vn -0.4093 0.9124 -0.0065
vn -0.5004 0.8623 -0.0778
vn -0.0023 -0.6071 -0.7946
vn -0.0023 -0.6076 -0.7942
vn 0.0006 0.8953 -0.4455
vn -0.0000 0.8571 -0.5151
vn 0.0012 0.9290 -0.3701
vn 0.0012 0.9295 -0.3687
vn 0.0023 0.6071 -0.7946
vn 0.0023 0.6070 -0.7947
vn -0.0006 -0.8956 -0.4450
vn -0.0000 -0.8572 -0.5150
vn -0.0012 -0.9297 -0.3684
vn -0.0006 -0.8958 -0.4445
vn -0.0000 -0.8574 -0.5147
vn -0.0012 -0.9299 -0.3677
vn -0.6033 0.0046 -0.7975
vn 0.6045 -0.0046 -0.7966
vn -0.6007 0.0095 -0.7995
vn -0.5506 0.0039 -0.8348
vn -0.6006 0.0095 -0.7995
vn -0.6524 0.0155 -0.7577
vn 0.6011 -0.0095 -0.7991
vn 0.5508 -0.0039 -0.8346
vn 0.6532 -0.0156 -0.7570
vn 0.6038 -0.0046 -0.7971
vn -0.6042 0.0046 -0.7968
vn 0.5997 -0.0096 -0.8002
vn 0.5491 -0.0039 -0.8358
vn 0.6524 -0.0158 -0.7577
vn -0.6001 0.0094 -0.7999
vn -0.5509 0.0039 -0.8346
vn -0.6504 0.0153 -0.7594
vn -0.5441 0.8390 0.0018
vn -0.6029 -0.7978 0.0029
vn 0.5423 -0.8402 0.0018
vn 0.6041 0.7969 0.0029
vn 0.5424 -0.8401 0.0018
vn -0.5430 0.8397 0.0018
vn -0.6017 -0.7987 0.0030
vn -0.0001 -0.8515 0.5244
vn 0.0016 -0.7055 0.7087
vn 0.0002 -0.7069 0.7073
vn -0.0018 -0.8595 0.5112
vn 0.0005 -0.5239 0.8518
vn -0.0005 -0.5161 0.8566
vn -1.0000 0.0001 0.0097
vn -0.9165 -0.0008 0.4000
vn -0.9994 -0.0000 -0.0352
vn -0.9692 0.2460 0.0069
vn -0.9712 0.2378 -0.0156
vn -0.0002 -0.7592 -0.6508
vn 0.0001 -0.6486 -0.7612
vn 0.0002 -0.8514 -0.5245
vn -0.0004 -0.8548 -0.5189
vn -1.0000 -0.0013 -0.0002
vn -0.0003 -0.5234 -0.8521
vn 0.0005 -0.5175 -0.8557
vn -0.9723 -0.0010 -0.2336
vn -0.0002 0.6488 -0.7609
vn 0.0001 0.7595 -0.6505
vn 0.0002 0.5238 -0.8519
vn -0.0005 0.5180 -0.8554
vn -0.0000 -0.0000 1.0000
vn -0.0002 -1.0000 0.0001
vn 0.0011 -1.0000 -0.0006
vn -0.0012 -1.0000 0.0006
vn 0.0001 0.8518 0.5238
vn -0.0016 0.7059 0.7083
vn -0.0003 0.7072 0.7070
vn 0.0018 0.8599 0.5104
vn 0.9733 -0.0010 0.2295
vn 1.0000 -0.0013 0.0002
vn 0.9994 0.0001 0.0354
vn 0.9999 0.0001 -0.0100
vn 0.9702 0.2421 -0.0070
vn 0.9720 0.2343 0.0158
vn -0.0006 0.5240 0.8517
vn 0.0004 0.5161 0.8565
vn 0.0002 1.0000 0.0001
vn -0.0011 1.0000 -0.0006
vn -0.0001 1.0000 -0.0000
vn 0.0011 1.0000 0.0006
vn -0.0003 0.8518 -0.5239
vn 0.0004 0.8553 -0.5182
vn 0.9165 -0.0008 -0.4001
vn -0.8117 -0.3942 0.4311
vn -0.6661 -0.7458 0.0090
vn -0.6267 -0.0012 0.7793
vn -0.6627 0.0006 0.7489
vn -0.6319 -0.7748 -0.0176
vn -0.8146 0.4285 0.3909
vn -0.6244 0.7809 0.0181
vn -0.8111 -0.4298 -0.3967
vn -0.6640 -0.0006 -0.7477
vn -0.6291 0.0011 -0.7773
vn -0.8158 0.3921 -0.4250
vn -0.6596 0.7516 -0.0093
vn 0.6642 -0.0006 0.7476
vn 0.6257 -0.7798 0.0180
vn 0.6308 0.0012 0.7759
vn 0.8112 0.3936 0.4324
vn 0.6676 0.7444 0.0091
vn 0.8156 -0.3932 -0.4244
vn 0.6276 -0.0011 -0.7785
vn 0.6642 0.0006 -0.7475
vn 0.8110 0.4291 -0.3977
vn 0.6322 0.7746 -0.0176
vn -0.0009 -0.7072 0.7070
vn -0.0004 -0.7056 0.7086
vn 0.0011 -0.8508 0.5255
vn 0.0005 -0.8596 0.5109
vn 0.0005 -0.5244 0.8515
vn 0.0001 -0.5156 0.8569
vn 0.9688 -0.0005 0.2477
vn 1.0000 0.0013 0.0001
vn 0.0003 -0.8512 -0.5248
vn 0.0003 -0.6488 -0.7610
vn -0.0003 -0.7591 -0.6510
vn 0.0001 -0.8551 -0.5185
vn -0.0009 -0.0000 -1.0000
vn 0.0003 -0.0000 -1.0000
vn 0.0008 -0.0000 -1.0000
vn -0.0003 -0.0000 -1.0000
vn -0.0004 -0.5238 -0.8518
vn -0.0001 -0.5174 -0.8558
vn 0.0003 0.5239 -0.8518
vn 0.0003 0.7595 -0.6505
vn -0.0003 0.6490 -0.7608
vn 0.0001 0.5175 -0.8557
vn 0.0003 -0.0000 1.0000
vn -0.0009 -0.0000 1.0000
vn -0.0003 -0.0000 1.0000
vn -0.0005 -1.0000 -0.0005
vn -0.0003 -1.0000 -0.0006
vn 0.0007 -1.0000 0.0006
vn 0.0003 -1.0000 0.0006
vn 0.0009 0.7074 0.7068
vn 0.0004 0.7059 0.7083
vn -0.0011 0.8513 0.5247
vn -0.0005 0.8600 0.5103
vn -0.9901 -0.0006 0.1402
vn -0.9172 0.0008 0.3985
vn -0.0005 0.5245 0.8514
vn -0.0001 0.5157 0.8568
vn 0.0007 1.0000 -0.0006
vn 0.0003 1.0000 -0.0006
vn -0.0007 1.0000 0.0006
vn -0.0003 1.0000 0.0006
vn -0.0004 0.8517 -0.5240
vn -0.0001 0.8555 -0.5178
vn -0.9689 -0.0004 -0.2476
vn -0.9724 0.0010 -0.2334
vn 0.6688 -0.7434 0.0090
vn 0.8127 -0.3932 0.4300
vn 0.6306 -0.0012 0.7761
vn 0.6657 0.0006 0.7462
vn 0.6300 0.7764 0.0180
vn 0.6669 -0.0006 -0.7452
vn 0.6320 0.0011 -0.7750
vn 0.8164 0.3915 -0.4246
vn -0.6655 -0.0006 0.7464
vn -0.8149 -0.4294 0.3894
vn -0.6276 -0.7783 0.0180
vn -0.6297 0.0012 0.7768
vn -0.6616 -0.7498 -0.0092
vn -0.6711 0.7413 0.0090
vn -0.8168 -0.3922 -0.4232
vn -0.6295 -0.0012 -0.7770
vn -0.6657 0.0006 -0.7462
vn -0.8117 0.4295 -0.3958
vn -0.6370 0.7707 -0.0175
vn 0.3830 -0.9237 0.0003
vn 0.3830 -0.9238 -0.0012
vn 0.3830 -0.9237 -0.0003
vn 0.3830 -0.9238 0.0012
vn 0.9238 -0.3828 0.0008
vn 0.9238 -0.3829 -0.0030
vn 0.9238 -0.3828 -0.0008
vn 0.9238 -0.3829 0.0030
vn 0.9238 0.3829 0.0008
vn 0.9238 0.3829 -0.0030
vn 0.9238 0.3829 -0.0008
vn 0.9238 0.3829 0.0030
vn 0.3828 0.9238 0.0003
vn 0.3828 0.9238 -0.0012
vn 0.3828 0.9238 -0.0003
vn 0.3828 0.9238 0.0012
vn -0.3828 0.9238 -0.0003
vn -0.3828 0.9238 0.0011
vn -0.3828 0.9238 0.0003
vn -0.3827 0.9239 -0.0011
vn -0.9238 0.3830 -0.0006
vn -0.9237 0.3831 0.0024
vn -0.9238 0.3830 0.0006
vn -0.9238 0.3829 -0.0025
vn -0.9238 -0.3829 -0.0006
vn -0.9237 -0.3831 0.0024
vn -0.9238 -0.3829 0.0006
vn -0.9238 -0.3829 -0.0024
vn -0.3830 -0.9238 -0.0003
vn -0.3830 -0.9238 0.0011
vn -0.3830 -0.9238 0.0003
vn -0.3829 -0.9238 -0.0011
vn 0.3490 -0.9263 -0.1422
vn 0.3652 -0.9259 -0.0964
vn 0.8518 -0.3891 -0.3508
vn 0.8908 -0.3883 -0.2358
vn 0.8529 0.3892 -0.3480
vn 0.8923 0.3882 -0.2307
vn 0.3500 0.9264 -0.1391
vn 0.3669 0.9258 -0.0907
vn -0.3515 0.9264 0.1347
vn -0.3682 0.9257 0.0869
vn -0.8629 0.3896 0.3219
vn -0.8979 0.3876 0.2087
vn -0.8615 -0.3896 0.3256
vn -0.8960 -0.3879 0.2163
vn -0.3505 -0.9263 0.1381
vn -0.3662 -0.9258 0.0934
vn 0.2388 -0.9272 -0.2887
vn 0.2831 -0.9274 -0.2446
vn 0.5916 -0.3917 -0.7047
vn 0.7000 -0.3919 -0.5970
vn 0.5970 0.3920 -0.7000
vn 0.7047 0.3917 -0.5915
vn 0.2444 0.9275 -0.2829
vn 0.2885 0.9272 -0.2387
vn -0.2450 0.9275 0.2823
vn -0.2892 0.9272 0.2379
vn -0.5988 0.3920 0.6984
vn -0.7064 0.3917 0.5896
vn -0.5896 -0.3916 0.7064
vn -0.6984 -0.3921 0.5987
vn -0.2381 -0.9271 0.2894
vn -0.2824 -0.9274 0.2452
vn 0.0908 -0.9258 -0.3670
vn 0.1391 -0.9263 -0.3501
vn 0.2306 -0.3883 -0.8922
vn 0.3479 -0.3892 -0.8529
vn 0.2358 0.3884 -0.8908
vn 0.3508 0.3892 -0.8518
vn 0.0963 0.9260 -0.3649
vn 0.1421 0.9263 -0.3488
vn -0.0933 0.9259 0.3660
vn -0.1381 0.9264 0.3503
vn -0.2162 0.3877 0.8961
vn -0.3256 0.3895 0.8616
vn -0.2087 -0.3874 0.8980
vn -0.3219 -0.3895 0.8629
vn -0.0869 -0.9256 0.3684
vn -0.1347 -0.9264 0.3517
vn 0.0004 -0.9237 -0.3830
vn 0.0016 -0.9238 -0.3829
vn 0.0010 -0.3830 -0.9237
vn 0.0041 -0.3831 -0.9237
vn 0.0011 0.3830 -0.9237
vn 0.0041 0.3831 -0.9237
vn 0.0004 0.9238 -0.3828
vn 0.0016 0.9239 -0.3827
vn -0.0004 0.9238 0.3828
vn -0.0015 0.9239 0.3827
vn -0.0008 0.3830 0.9238
vn -0.0033 0.3830 0.9237
vn -0.0008 -0.3830 0.9238
vn -0.0033 -0.3830 0.9237
vn -0.0004 -0.9237 0.3830
vn -0.0014 -0.9238 0.3829
vn -0.0016 -0.9238 -0.3830
vn -0.0004 -0.9237 -0.3830
vn -0.0041 -0.3831 -0.9237
vn -0.0011 -0.3830 -0.9237
vn -0.0041 0.3831 -0.9237
vn -0.0010 0.3830 -0.9237
vn -0.0016 0.9239 -0.3827
vn -0.0004 0.9238 -0.3828
vn 0.0015 0.9239 0.3827
vn 0.0004 0.9238 0.3828
vn 0.0033 0.3830 0.9237
vn 0.0008 0.3830 0.9238
vn 0.0033 -0.3831 0.9237
vn 0.0008 -0.3830 0.9238
vn 0.0015 -0.9238 0.3830
vn 0.0004 -0.9237 0.3830
vn -0.1422 -0.9263 -0.3490
vn -0.0964 -0.9259 -0.3652
vn -0.3508 -0.3891 -0.8518
vn -0.2358 -0.3884 -0.8908
vn -0.3479 0.3892 -0.8529
vn -0.2306 0.3883 -0.8922
vn -0.1391 0.9264 -0.3499
vn -0.0908 0.9258 -0.3669
vn 0.1347 0.9264 0.3515
vn 0.0869 0.9257 0.3682
vn 0.3219 0.3895 0.8630
vn 0.2087 0.3874 0.8980
vn 0.3257 -0.3895 0.8615
vn 0.2162 -0.3878 0.8960
vn 0.1381 -0.9263 0.3505
vn 0.0934 -0.9258 0.3662
vn -0.2886 -0.9272 -0.2388
vn -0.2446 -0.9274 -0.2831
vn -0.7047 -0.3917 -0.5916
vn -0.5970 -0.3918 -0.7000
vn -0.7000 0.3919 -0.5970
vn -0.5916 0.3916 -0.7047
vn -0.2829 0.9275 -0.2444
vn -0.2387 0.9273 -0.2885
vn 0.2823 0.9275 0.2450
vn 0.2380 0.9272 0.2892
vn 0.6985 0.3919 0.5988
vn 0.5896 0.3916 0.7064
vn 0.7064 -0.3915 0.5897
vn 0.5988 -0.3919 0.6985
vn 0.2894 -0.9271 0.2381
vn 0.2452 -0.9274 0.2824
vn -0.3671 -0.9257 -0.0908
vn -0.3501 -0.9263 -0.1391
vn -0.8922 -0.3884 -0.2306
vn -0.8529 -0.3892 -0.3479
vn -0.8907 0.3885 -0.2358
vn -0.8518 0.3892 -0.3507
vn -0.3650 0.9260 -0.0963
vn -0.3488 0.9263 -0.1421
vn 0.3660 0.9259 0.0933
vn 0.3503 0.9264 0.1381
vn 0.8961 0.3877 0.2162
vn 0.8616 0.3894 0.3256
vn 0.8980 -0.3874 0.2087
vn 0.8630 -0.3894 0.3219
vn 0.3684 -0.9256 0.0869
vn 0.3517 -0.9264 0.1348
vn -0.3830 -0.9237 -0.0003
vn -0.3830 -0.9238 -0.0012
vn -0.9237 -0.3831 -0.0008
vn -0.9237 -0.3831 -0.0030
vn -0.9237 0.3831 -0.0008
vn -0.9237 0.3832 -0.0030
vn -0.3828 0.9238 -0.0012
vn 0.3828 0.9238 0.0011
vn 0.9237 0.3831 0.0006
vn 0.9237 0.3831 0.0024
vn 0.9237 -0.3831 0.0006
vn 0.9237 -0.3831 0.0024
vn 0.3830 -0.9237 0.0011
vn -0.3830 -0.9238 0.0012
vn -0.3830 -0.9237 0.0003
vn -0.9237 -0.3831 0.0030
vn -0.9237 -0.3831 0.0008
vn -0.9237 0.3831 0.0030
vn -0.9237 0.3831 0.0008
vn -0.3828 0.9238 0.0012
vn 0.3828 0.9238 -0.0011
vn 0.9237 0.3831 -0.0024
vn 0.9237 0.3831 -0.0006
vn 0.9237 -0.3831 -0.0024
vn 0.9237 -0.3831 -0.0006
vn 0.3830 -0.9238 -0.0011
vn -0.3490 -0.9263 0.1422
vn -0.3652 -0.9259 0.0964
vn -0.8518 -0.3892 0.3507
vn -0.8907 -0.3886 0.2358
vn -0.8529 0.3892 0.3479
vn -0.8922 0.3884 0.2306
vn -0.3499 0.9264 0.1391
vn -0.3668 0.9258 0.0908
vn 0.3515 0.9264 -0.1347
vn 0.3682 0.9257 -0.0869
vn 0.8629 0.3895 -0.3220
vn 0.8980 0.3874 -0.2087
vn 0.8616 -0.3894 -0.3257
vn 0.8961 -0.3877 -0.2162
vn 0.3505 -0.9263 -0.1381
vn 0.3662 -0.9258 -0.0934
vn -0.2389 -0.9272 0.2886
vn -0.2831 -0.9274 0.2445
vn -0.5916 -0.3916 0.7048
vn -0.7000 -0.3918 0.5970
vn -0.5970 0.3918 0.7001
vn -0.7047 0.3916 0.5916
vn -0.2444 0.9275 0.2829
vn -0.2885 0.9273 0.2387
vn 0.2451 0.9275 -0.2822
vn 0.2892 0.9272 -0.2379
vn 0.5987 0.3921 -0.6984
vn 0.7063 0.3917 -0.5896
vn 0.5896 -0.3917 -0.7064
vn 0.6984 -0.3920 -0.5988
vn 0.2381 -0.9271 -0.2893
vn 0.2824 -0.9274 -0.2452
vn -0.0908 -0.9258 0.3671
vn -0.1391 -0.9263 0.3502
vn -0.2306 -0.3882 0.8923
vn -0.3479 -0.3891 0.8530
vn -0.2358 0.3884 0.8908
vn -0.3507 0.3890 0.8518
vn -0.0963 0.9260 0.3650
vn -0.1421 0.9263 0.3488
vn 0.0933 0.9259 -0.3659
vn 0.1380 0.9264 -0.3503
vn 0.2162 0.3878 -0.8960
vn 0.3256 0.3897 -0.8615
vn 0.2086 -0.3875 -0.8980
vn 0.3218 -0.3897 -0.8629
vn 0.0869 -0.9256 -0.3684
vn 0.1347 -0.9264 -0.3517
vn -0.0016 -0.9238 0.3830
vn -0.0010 -0.3829 0.9238
vn -0.0041 -0.3829 0.9238
vn -0.0011 0.3829 0.9238
vn -0.0041 0.3830 0.9238
vn -0.0016 0.9239 0.3827
vn 0.0004 0.9239 -0.3827
vn 0.0015 0.9239 -0.3826
vn 0.0008 0.3828 -0.9238
vn 0.0033 0.3829 -0.9238
vn 0.0008 -0.3828 -0.9238
vn 0.0033 -0.3829 -0.9238
vn 0.0003 -0.9238 -0.3829
vn 0.0015 -0.9238 -0.3829
vn 0.0016 -0.9238 0.3830
vn 0.0041 -0.3829 0.9238
vn 0.0011 -0.3829 0.9238
vn 0.0041 0.3829 0.9238
vn 0.0010 0.3829 0.9238
vn 0.0016 0.9239 0.3827
vn -0.0015 0.9239 -0.3826
vn -0.0004 0.9239 -0.3827
vn -0.0033 0.3829 -0.9238
vn -0.0008 0.3828 -0.9238
vn -0.0033 -0.3829 -0.9238
vn -0.0009 -0.3828 -0.9238
vn -0.0015 -0.9238 -0.3829
vn -0.0004 -0.9238 -0.3829
vn 0.1422 -0.9263 0.3491
vn 0.0964 -0.9259 0.3652
vn 0.3507 -0.3891 0.8518
vn 0.2358 -0.3883 0.8908
vn 0.3479 0.3891 0.8529
vn 0.2306 0.3882 0.8923
vn 0.1391 0.9264 0.3499
vn 0.0908 0.9258 0.3668
vn -0.1346 0.9264 -0.3515
vn -0.0869 0.9257 -0.3681
vn -0.3218 0.3895 -0.8630
vn -0.2086 0.3874 -0.8980
vn -0.3256 -0.3895 -0.8616
vn -0.2162 -0.3877 -0.8961
vn -0.1381 -0.9263 -0.3505
vn -0.0934 -0.9258 -0.3662
vn 0.2887 -0.9271 0.2389
vn 0.2446 -0.9274 0.2831
vn 0.7047 -0.3917 0.5916
vn 0.5970 -0.3919 0.7000
vn 0.7000 0.3919 0.5970
vn 0.5916 0.3917 0.7047
vn 0.2829 0.9275 0.2445
vn 0.2387 0.9272 0.2885
vn -0.2822 0.9275 -0.2451
vn -0.2379 0.9272 -0.2892
vn -0.6985 0.3920 -0.5987
vn -0.5896 0.3916 -0.7064
vn -0.7064 -0.3916 -0.5896
vn -0.5988 -0.3920 -0.6984
vn -0.2893 -0.9271 -0.2381
vn -0.2452 -0.9274 -0.2824
vn 0.3671 -0.9258 0.0908
vn 0.3501 -0.9263 0.1392
vn 0.8923 -0.3882 0.2307
vn 0.8529 -0.3891 0.3480
vn 0.8908 0.3883 0.2358
vn 0.8518 0.3891 0.3507
vn 0.3650 0.9260 0.0963
vn 0.3489 0.9263 0.1421
vn -0.3659 0.9260 -0.0933
vn -0.3503 0.9264 -0.1380
vn -0.8960 0.3878 -0.2162
vn -0.8615 0.3896 -0.3256
vn -0.8980 -0.3875 -0.2086
vn -0.8629 -0.3896 -0.3218
vn -0.3683 -0.9256 -0.0869
vn -0.3517 -0.9264 -0.1347
vn -1.0000 -0.0006 -0.0022
vn -1.0000 -0.0001 -0.0021
vn -1.0000 -0.0001 0.0021
vn -1.0000 -0.0002 0.0021
vn -0.0177 -0.9997 0.0176
vn -0.0002 -1.0000 0.0089
vn 0.0230 -0.9997 -0.0056
vn -0.0009 -1.0000 0.0003
vn 0.0046 -1.0000 -0.0062
vn 0.0050 -1.0000 0.0013
vn -0.0046 -0.0002 -1.0000
vn -0.3787 -0.0002 -0.9255
vn -0.2569 -0.0002 -0.9664
vn -0.0012 -0.0002 -1.0000
vn -0.7666 -0.0002 -0.6421
vn -0.6471 -0.0003 -0.7624
vn -0.9266 -0.0002 -0.3761
vn -0.9672 -0.0002 -0.2539
vn -0.9255 -0.0002 0.3788
vn -0.9673 -0.0001 0.2537
vn -0.6422 -0.0002 0.7666
vn -0.7624 -0.0003 0.6471
vn -0.0044 -0.0002 1.0000
vn -0.3758 -0.0002 0.9267
vn -0.2539 -0.0002 0.9672
vn -0.0011 -0.0001 1.0000
vn -0.0087 -1.0000 0.0001
vn 1.0000 -0.0000 -0.0001
vn 1.0000 -0.0000 0.0011
vn 1.0000 -0.0019 0.0007
vn -0.0072 -1.0000 0.0002
vn -0.0021 -1.0000 -0.0019
vn 0.0003 -1.0000 -0.0025
vn 1.0000 -0.0002 0.0021
vn 1.0000 -0.0001 -0.0021
vn 1.0000 -0.0002 -0.0022
vn 1.0000 -0.0003 0.0021
vn -0.0094 -1.0000 -0.0003
vn 0.0063 -1.0000 -0.0047
vn 0.0009 -1.0000 -0.0003
vn 0.0004 -0.9999 0.0152
vn -0.0038 -1.0000 -0.0057
vn 0.0106 -0.9997 -0.0231
vn 0.2528 -0.0001 -0.9675
vn 0.3782 -0.0002 -0.9257
vn 0.0024 -0.0002 -1.0000
vn 0.0024 -0.0000 -1.0000
vn 0.6469 -0.0003 -0.7626
vn 0.7664 -0.0002 -0.6424
vn 0.9672 -0.0001 -0.2542
vn 0.9261 -0.0001 -0.3772
vn 0.9667 -0.0002 0.2558
vn 0.9257 -0.0002 0.3782
vn 0.7626 -0.0003 0.6469
vn 0.6424 -0.0002 0.7664
vn 0.2539 -0.0001 0.9672
vn 0.3768 0.0001 0.9263
vn 0.0023 -0.0001 1.0000
vn 0.0023 -1.0000 0.0014
vn 0.0038 -1.0000 -0.0000
vn -0.0002 -1.0000 0.0072
vn -1.0000 -0.0002 -0.0022
vn -1.0000 -0.0010 -0.0000
vn 0.0067 -1.0000 0.0002
vn 0.0001 -1.0000 -0.0065
vn 0.6600 -0.0016 -0.7512
vn 0.0005 -0.6030 -0.7978
vn 0.0004 -0.0006 -1.0000
vn 0.7514 -0.0015 0.6598
vn 0.6358 -0.7719 0.0006
vn 0.7729 -0.6346 -0.0007
vn -0.0000 -0.0018 1.0000
vn 0.0005 -0.7546 0.6562
vn -0.0000 -0.0018 -1.0000
vn -0.0005 -0.7362 -0.6768
vn -0.7509 -0.0016 -0.6605
vn -0.7981 -0.6026 0.0004
vn -0.6604 -0.0015 0.7510
vn -0.6541 -0.7564 -0.0007
vn -0.0007 -0.6353 0.7722
vn -0.0004 -0.0005 1.0000
vn -0.8278 -0.5610 0.0009
vn -0.7396 -0.6731 0.0028
vn -0.7861 -0.6181 -0.0016
vn -0.8321 -0.5547 -0.0017
vn 0.7201 -0.0001 -0.6939
vn 0.6937 -0.0001 0.7203
vn -0.1915 -0.8518 0.4875
vn -0.4923 -0.7193 0.4903
vn -0.3992 -0.8229 -0.4043
vn -0.4873 -0.7223 -0.4907
vn -0.6807 -0.6819 -0.2675
vn -0.2590 -0.5944 -0.7614
vn -0.2240 -0.7113 -0.6663
vn -0.0017 -0.6986 -0.7155
vn -0.7757 -0.5960 -0.2075
vn -0.7999 -0.5594 0.2174
vn -0.4874 -0.8519 0.1917
vn -0.2113 -0.5731 0.7918
vn -0.0009 -0.5599 0.8286
vn -0.0030 -0.6688 0.7434
vn 0.8597 -0.0004 -0.5108
vn 0.6601 -0.0016 -0.7512
vn 0.5078 -0.0004 0.8615
vn -0.0010 -0.8111 -0.5849
vn 0.8052 -0.5929 -0.0015
vn 0.7139 -0.7003 -0.0017
vn 0.7121 -0.7021 0.0015
vn -0.5084 -0.0004 -0.8611
vn -0.7508 -0.0015 -0.6605
vn -0.6929 -0.0001 -0.7211
vn -0.8602 -0.0004 0.5100
vn -0.6603 -0.0015 0.7510
vn -0.7203 -0.0001 0.6936
vn 0.4859 -0.7235 0.4904
vn 0.3991 -0.8230 0.4043
vn 0.2688 -0.6774 0.6847
vn 0.4962 -0.7207 -0.4841
vn 0.6868 -0.6764 -0.2663
vn 0.2140 -0.5722 -0.7917
vn 0.0017 -0.5681 -0.8230
vn 0.0017 -0.7303 -0.6831
vn 0.1919 -0.8525 -0.4862
vn 0.7817 -0.5877 -0.2088
vn 0.6579 -0.7199 0.2212
vn 0.7462 -0.6166 0.2511
vn 0.2109 -0.5845 0.7835
vn 0.0017 -0.6165 0.7873
vn 0.0019 -0.5566 0.8308
vn -0.6929 -0.0001 -0.7210
vn 0.6034 -0.7975 0.0013
vn -0.0023 -0.0001 1.0000
vn -0.3875 -0.9219 0.0009
vn 0.0010 -0.9240 -0.3823
vn 0.0015 -0.9495 0.3139
vn -0.0009 -0.9677 -0.2523
vn -0.0001 -0.8517 0.5241
vn 0.0016 -0.7058 0.7084
vn 0.0002 -0.7070 0.7072
vn -0.0018 -0.8597 0.5108
vn 0.0005 -0.5241 0.8517
vn -0.0005 -0.5162 0.8565
vn -0.9994 -0.0001 0.0353
vn -0.9735 0.0010 0.2288
vn -1.0000 0.0013 0.0001
vn -0.9711 0.2382 -0.0158
vn -0.9992 0.0001 -0.0402
vn -0.0002 -0.7595 -0.6506
vn 0.0001 -0.6487 -0.7610
vn 0.0002 -0.8519 -0.5238
vn -0.0005 -0.8552 -0.5182
vn -1.0000 -0.0001 -0.0100
vn -0.9705 -0.2411 -0.0070
vn -0.9722 -0.2336 0.0157
vn -0.0003 -0.5236 -0.8520
vn 0.0005 -0.5177 -0.8556
vn 0.0001 0.7594 -0.6506
vn 0.0002 0.5237 -0.8519
vn -0.0001 -1.0000 -0.0000
vn 0.0001 0.8514 0.5245
vn -0.0017 0.7058 0.7084
vn -0.0003 0.7071 0.7071
vn 0.0018 0.8596 0.5109
vn 1.0000 0.0013 0.0006
vn 0.9163 0.0008 0.4005
vn 1.0000 -0.0001 0.0096
vn 0.9999 0.0001 -0.0102
vn 0.9160 0.4010 -0.0118
vn -0.0006 0.5245 0.8514
vn 0.0004 0.5164 0.8563
vn -0.0002 1.0000 -0.0001
vn 0.9993 -0.0001 -0.0380
vn 0.9692 -0.2461 0.0069
vn 0.9712 -0.2376 -0.0157
vn -0.0003 0.8517 -0.5240
vn 0.0004 0.8551 -0.5184
vn -0.0109 0.9519 0.3062
vn -0.0089 0.8943 0.4474
vn -0.0022 0.9986 0.0536
vn 0.0031 0.9977 -0.0680
vn -0.0036 0.7453 0.6667
vn -0.0023 0.6619 0.7496
vn -0.0109 0.4565 0.8896
vn -0.0088 0.3160 0.9487
vn -0.0036 0.0555 0.9985
vn -0.0023 -0.0619 0.9981
vn -0.0109 -0.3060 0.9520
vn -0.0089 -0.4473 0.8944
vn -0.0036 -0.6668 0.7453
vn -0.0023 -0.7495 0.6620
vn -0.0109 -0.8896 0.4567
vn -0.0166 -0.9439 0.3298
vn -0.0179 -0.9974 0.0691
vn -0.0089 -0.9968 -0.0791
vn -0.0036 -0.9437 -0.3307
vn -0.0024 -0.8984 -0.4391
vn -0.0110 -0.7623 -0.6471
vn -0.0167 -0.6660 -0.7458
vn -0.0180 -0.4456 -0.8950
vn -0.0090 -0.3084 -0.9512
vn -0.0036 -0.0556 -0.9984
vn -0.0023 0.0620 -0.9981
vn -0.0109 0.3063 -0.9519
vn -0.0089 0.4474 -0.8943
vn -0.0036 0.6668 -0.7453
vn 0.0051 0.7592 -0.6509
vn 0.0036 0.8964 -0.4433
vn 0.0056 0.9477 -0.3191
vn -0.9961 0.0653 -0.0585
vn -0.9961 0.0572 -0.0668
vn -0.9961 0.0785 -0.0398
vn -0.9961 0.0827 -0.0291
vn -0.9962 0.0379 -0.0789
vn -0.9961 0.0273 -0.0835
vn -0.9962 0.0048 -0.0874
vn -0.9961 -0.0067 -0.0876
vn -0.9962 -0.0290 -0.0825
vn -0.9961 -0.0397 -0.0783
vn -0.9962 -0.0583 -0.0651
vn -0.9961 -0.0666 -0.0571
vn -0.9962 -0.0787 -0.0378
vn -0.9961 -0.0834 -0.0273
vn -0.9962 -0.0873 -0.0048
vn -0.9961 -0.0876 0.0067
vn -0.9962 -0.0825 0.0290
vn -0.9961 -0.0782 0.0397
vn -0.9962 -0.0651 0.0582
vn -0.9961 -0.0571 0.0666
vn -0.9962 -0.0378 0.0789
vn -0.9961 -0.0273 0.0835
vn -0.9962 -0.0048 0.0873
vn -0.9961 0.0068 0.0875
vn -0.9962 0.0291 0.0825
vn -0.9961 0.0398 0.0784
vn -0.9962 0.0585 0.0652
vn -0.9961 0.0668 0.0573
vn -0.9962 0.0790 0.0379
vn -0.9961 0.0836 0.0273
vn -0.9962 0.0875 0.0048
vn -0.9961 0.0877 -0.0067
vn 0.9966 0.0583 0.0586
vn 1.0000 0.0008 0.0021
vn 0.9999 0.0116 0.0005
vn 0.9966 -0.0008 0.0825
vn 0.9998 -0.0087 0.0204
vn 0.9967 -0.0580 0.0573
vn 1.0000 -0.0057 0.0053
vn 0.9967 -0.0746 -0.0312
vn 1.0000 -0.0033 -0.0012
vn 1.0000 -0.0038 -0.0015
vn 1.0000 -0.0000 -0.0032
vn 0.9967 0.0005 -0.0818
vn 1.0000 0.0042 -0.0045
vn 0.9983 0.0464 -0.0366
vn 0.9996 0.0276 -0.0113
vn 0.9983 0.0585 -0.0063
vn -0.8117 -0.3932 0.4319
vn -0.6680 -0.7441 0.0090
vn -0.6304 -0.0012 0.7762
vn -0.6639 0.0006 0.7478
vn -0.6329 -0.7740 -0.0176
vn -0.8140 0.4303 0.3902
vn -0.6258 0.7798 0.0180
vn -0.8114 -0.4279 -0.3981
vn -0.6623 -0.0006 -0.7493
vn -0.6263 0.0012 -0.7796
vn -0.8156 0.3920 -0.4256
vn -0.6592 0.7519 -0.0092
vn 0.8141 -0.4289 0.3915
vn 0.6638 -0.0006 0.7479
vn 0.6268 -0.7789 0.0180
vn 0.6276 0.0012 0.7785
vn 0.6618 -0.7496 -0.0093
vn 0.8114 0.3946 0.4312
vn 0.6667 0.7453 0.0091
vn 0.8155 -0.3917 -0.4261
vn 0.6280 -0.0012 -0.7782
vn 0.6633 0.0006 -0.7483
vn 0.8106 0.4294 -0.3981
vn 0.6304 0.7761 -0.0176
vn 0.6704 0.6840 0.2874
vn 0.6729 0.7143 0.1924
vn 0.6611 0.6465 0.3808
vn 0.6730 0.2796 0.6848
vn 0.6755 0.3676 0.6392
vn 0.6637 0.1875 0.7241
vn 0.6717 -0.2869 0.6830
vn 0.6718 -0.2868 0.6830
vn 0.6742 -0.1921 0.7131
vn 0.6625 -0.3802 0.6455
vn 0.6686 -0.6967 0.2601
vn 0.6711 -0.7076 0.2211
vn 0.6722 -0.6416 0.3695
vn 0.6681 -0.7415 0.0617
vn 0.6729 -0.7395 0.0174
vn 0.6628 -0.7415 -0.1042
vn 0.6674 -0.5077 -0.5449
vn 0.6697 -0.4757 -0.5703
vn 0.6711 -0.5877 -0.4520
vn 0.6664 -0.3413 -0.6629
vn 0.6711 -0.2996 -0.6782
vn 0.6609 -0.1879 -0.7266
vn 0.6703 0.2875 -0.6842
vn 0.6702 0.2875 -0.6842
vn 0.6726 0.1925 -0.7145
vn 0.6610 0.3809 -0.6465
vn -0.0001 -0.8518 0.5239
vn 0.0002 -0.7072 0.7070
vn -0.0018 -0.8598 0.5106
vn 0.0005 -0.5240 0.8517
vn -0.0005 -0.5163 0.8564
vn -1.0000 0.0013 -0.0000
vn -0.9685 -0.0005 0.2491
vn -0.9733 0.0010 0.2294
vn -0.9712 0.2379 -0.0157
vn -0.9993 -0.0000 -0.0371
vn -0.0002 -0.7597 -0.6502
vn 0.0001 -0.6489 -0.7609
vn -0.0005 -0.8553 -0.5182
vn -1.0000 -0.0013 -0.0001
vn -0.0003 -0.5235 -0.8520
vn -0.9725 -0.0010 -0.2331
vn -0.0002 0.6487 -0.7610
vn 0.0001 0.7596 -0.6504
vn 0.0002 0.5235 -0.8520
vn -0.0005 0.5178 -0.8555
vn -0.0016 0.7058 0.7084
vn -0.0003 0.7072 0.7071
vn 0.0018 0.8599 0.5105
vn 0.9900 -0.0006 0.1414
vn 1.0000 -0.0014 0.0001
vn 1.0000 0.0012 0.0004
vn 0.9160 0.0008 0.4013
vn 0.9999 -0.0000 -0.0104
vn 0.9164 0.4001 -0.0117
vn -0.0006 0.5241 0.8516
vn 0.0004 0.5162 0.8565
vn -0.0003 0.8519 -0.5237
vn 0.0004 0.8554 -0.5179
vn 0.9168 -0.0008 -0.3993
vn -0.0027 0.9435 0.3314
vn 0.0055 0.8923 0.4513
vn -0.0084 0.9974 0.0718
vn -0.0110 0.9966 -0.0814
vn 0.0032 0.7535 0.6575
vn -0.0022 0.6682 0.7440
vn -0.0109 0.4566 0.8896
vn -0.0089 0.3161 0.9487
vn -0.0036 0.0556 0.9984
vn -0.0110 -0.3062 0.9519
vn -0.0089 -0.4474 0.8943
vn -0.0036 -0.6667 0.7454
vn -0.0109 -0.8896 0.4566
vn -0.0179 -0.9974 0.0692
vn -0.0167 -0.9978 -0.0648
vn -0.0179 -0.9480 -0.3178
vn -0.0090 -0.8906 -0.4546
vn -0.0036 -0.7453 -0.6667
vn 0.0051 -0.6510 -0.7591
vn 0.0036 -0.4432 -0.8964
vn 0.0056 -0.3190 -0.9477
vn 0.0031 -0.0680 -0.9977
vn -0.0022 0.0536 -0.9986
vn -0.0109 0.3062 -0.9519
vn -0.0166 0.4342 -0.9007
vn -0.0179 0.6564 -0.7542
vn -0.0090 0.7608 -0.6490
vn -0.0036 0.9012 -0.4334
vn -0.0023 0.9458 -0.3247
vn -0.9962 0.0652 -0.0584
vn -0.9961 0.0572 -0.0667
vn -0.9962 0.0826 -0.0291
vn -0.9961 -0.0066 -0.0876
vn -0.9962 -0.0584 -0.0652
vn -0.9961 -0.0667 -0.0573
vn -0.9962 -0.0789 -0.0378
vn -0.9961 -0.0836 -0.0273
vn -0.9962 -0.0874 -0.0047
vn -0.9961 -0.0876 0.0068
vn -0.9962 -0.0826 0.0290
vn -0.9961 -0.0784 0.0398
vn -0.9962 -0.0652 0.0585
vn -0.9961 -0.0572 0.0667
vn -0.9962 -0.0048 0.0874
vn -0.9961 0.0067 0.0876
vn -0.9962 0.0290 0.0825
vn -0.9961 0.0397 0.0783
vn -0.9962 0.0584 0.0652
vn -0.9961 0.0668 0.0572
vn -0.9961 0.0836 0.0274
vn -0.9962 0.0874 0.0048
vn -0.9961 0.0876 -0.0068
vn 0.9983 0.0459 0.0369
vn 1.0000 0.0034 0.0049
vn 0.9990 0.0356 0.0257
vn 0.9966 -0.0005 0.0818
vn 1.0000 -0.0017 0.0040
vn 0.9967 -0.0582 0.0574
vn 1.0000 -0.0025 0.0022
vn 0.9999 -0.0065 -0.0124
vn 0.9982 -0.0366 -0.0464
vn 0.9995 -0.0115 -0.0279
vn 0.9982 -0.0065 -0.0598
vn 1.0000 -0.0007 -0.0023
vn 0.9967 0.0751 -0.0308
vn 1.0000 0.0083 0.0011
vn 0.9996 0.0266 -0.0111
vn 1.0000 -0.0004 -0.0001
vn -0.8119 -0.3936 0.4312
vn -0.6671 -0.7449 0.0090
vn -0.6262 -0.0012 0.7796
vn -0.6618 0.0006 0.7497
vn -0.6326 -0.7743 -0.0175
vn -0.8140 0.4298 0.3906
vn -0.6273 0.7786 0.0180
vn -0.8112 -0.4300 -0.3962
vn -0.6650 -0.0006 -0.7468
vn -0.6304 0.0012 -0.7762
vn -0.8161 0.3921 -0.4245
vn -0.6607 0.7506 -0.0092
vn 0.8136 -0.4305 0.3908
vn 0.6626 -0.0006 0.7490
vn 0.6263 -0.7794 0.0180
vn 0.6268 0.0012 0.7792
vn 0.6605 -0.7508 -0.0092
vn 0.8113 0.3941 0.4318
vn 0.6683 0.7438 0.0091
vn 0.8158 -0.3933 -0.4240
vn 0.6285 -0.0012 -0.7778
vn 0.6653 0.0006 -0.7466
vn 0.8112 0.4291 -0.3972
vn 0.6324 0.7745 -0.0176
vn 0.6695 0.7428 0.0028
vn 0.6605 0.7438 0.1027
vn 0.6702 0.2806 0.6871
vn 0.6723 0.3694 0.6415
vn 0.6613 0.1878 0.7262
vn 0.6699 -0.2876 0.6844
vn 0.6724 -0.1925 0.7147
vn 0.6606 -0.3811 0.6468
vn 0.6701 -0.6955 0.2594
vn 0.6715 -0.7074 0.2208
vn 0.6742 -0.6401 0.3684
vn 0.6669 -0.7437 0.0461
vn 0.6721 -0.7385 -0.0537
vn 0.6673 -0.7092 -0.2275
vn 0.6718 -0.6908 -0.2674
vn 0.6617 -0.6460 -0.3806
vn 0.6697 0.3085 -0.6755
vn 0.6715 0.3438 -0.6564
vn 0.6737 0.1924 -0.7135
vn 0.6676 0.4810 -0.5684
vn 0.6718 0.5114 -0.5360
vn 0.6617 0.5989 -0.4511
vn 0.6717 0.7346 -0.0959
vn 0.0016 -0.7059 0.7083
vn -1.0000 -0.0000 0.0097
vn -1.0000 -0.0013 0.0003
vn -0.9165 -0.0008 0.4001
vn -0.9994 0.0001 -0.0351
vn -0.9692 0.2461 0.0069
vn -0.9711 0.2380 -0.0156
vn -0.0034 -0.8696 -0.4938
vn 0.0141 -0.6521 -0.7580
vn 0.3088 -0.9019 -0.3020
vn -0.0003 -0.8552 -0.5184
vn -0.0037 -0.0018 -1.0000
vn 0.0012 -0.0018 -1.0000
vn -0.0080 -0.5282 -0.8491
vn -0.9725 -0.0010 -0.2330
vn -0.0002 0.6489 -0.7609
vn 0.0001 0.7596 -0.6503
vn 0.0002 0.5236 -0.8520
vn -0.0005 -1.0000 0.0002
vn -0.0009 -1.0000 0.0004
vn -0.0016 0.7062 0.7081
vn -0.0003 0.7075 0.7067
vn 0.9734 -0.0010 0.2290
vn 1.0000 -0.0014 0.0002
vn 1.0000 0.0001 -0.0098
vn 0.9702 0.2422 -0.0070
vn 0.9721 0.2342 0.0158
vn -0.0006 0.5247 0.8513
vn 0.0004 0.5167 0.8562
vn -0.0003 0.8518 -0.5238
vn 0.0004 0.8553 -0.5181
vn 1.0000 -0.0003 0.0002
vn -0.0036 0.9437 0.3307
vn -0.0023 0.8984 0.4392
vn -0.0091 0.9968 0.0790
vn -0.0179 0.9974 -0.0692
vn -0.0108 0.7622 0.6472
vn -0.0088 0.6551 0.7555
vn -0.0036 0.4334 0.9012
vn -0.0024 0.3249 0.9458
vn -0.0110 0.0815 0.9966
vn -0.0090 -0.0710 0.9974
vn -0.0036 -0.3308 0.9437
vn -0.0023 -0.4392 0.8984
vn -0.0108 -0.6473 0.7622
vn -0.0088 -0.7555 0.6551
vn -0.0036 -0.9011 0.4335
vn -0.0023 -0.9458 0.3248
vn -0.0109 -0.9966 0.0814
vn -0.0166 -0.9983 -0.0565
vn -0.0090 -0.8907 -0.4546
vn -0.0036 -0.7453 -0.6668
vn 0.0050 -0.6510 -0.7591
vn 0.0035 -0.4433 -0.8964
vn -0.0014 -0.3323 -0.9432
vn -0.0105 -0.0821 -0.9966
vn -0.0089 0.0706 -0.9975
vn -0.0036 0.3308 -0.9437
vn 0.0046 0.4515 -0.8922
vn 0.0027 0.6579 -0.7531
vn -0.0022 0.7443 -0.6678
vn -0.0108 0.8897 -0.4564
vn -0.0166 0.9439 -0.3298
vn -0.9962 0.0652 -0.0585
vn -0.9961 0.0573 -0.0667
vn -0.9961 0.0784 -0.0398
vn -0.9962 0.0826 -0.0290
vn -0.9962 0.0047 -0.0874
vn -0.9961 -0.0068 -0.0876
vn -0.9962 -0.0290 -0.0826
vn -0.9961 -0.0397 -0.0784
vn -0.9962 -0.0585 -0.0651
vn -0.9961 -0.0667 -0.0572
vn -0.9962 -0.0789 -0.0379
vn -0.9961 -0.0835 -0.0273
vn -0.9962 -0.0874 -0.0048
vn -0.9961 -0.0877 0.0067
vn -0.9962 -0.0652 0.0584
vn -0.9961 -0.0572 0.0668
vn -0.9962 -0.0379 0.0789
vn -0.9961 -0.0273 0.0836
vn -0.9962 -0.0048 0.0875
vn -0.9961 0.0066 0.0877
vn -0.9962 0.0290 0.0826
vn 0.9996 0.0255 0.0110
vn 0.9967 0.0745 0.0316
vn 0.9999 0.0089 0.0090
vn 0.9967 0.0307 0.0748
vn 1.0000 0.0001 0.0062
vn 0.9967 -0.0317 0.0752
vn 1.0000 -0.0032 0.0032
vn 0.9967 -0.0756 0.0308
vn 1.0000 -0.0029 0.0012
vn 1.0000 -0.0034 -0.0048
vn 0.9982 -0.0366 -0.0465
vn 0.9990 -0.0252 -0.0358
vn 0.9988 0.0279 -0.0415
vn 1.0000 0.0010 -0.0014
vn 0.9999 0.0020 -0.0112
vn 0.9988 0.0276 -0.0408
vn -0.8119 -0.3941 0.4307
vn -0.6666 -0.7453 0.0090
vn -0.6273 -0.0012 0.7788
vn -0.6628 0.0006 0.7488
vn -0.6322 -0.7746 -0.0176
vn -0.8146 0.4284 0.3909
vn -0.6243 0.7810 0.0181
vn 0.4238 -0.6684 -0.6113
vn 0.6097 -0.7922 -0.0247
vn -0.8114 -0.4300 -0.3960
vn -0.6655 -0.0006 -0.7464
vn -0.6307 0.0012 -0.7760
vn -0.8163 0.3919 -0.4243
vn -0.6594 0.7517 -0.0093
vn 0.8137 -0.4306 0.3906
vn 0.6644 -0.0006 0.7474
vn 0.6264 -0.7793 0.0181
vn 0.6305 0.0012 0.7762
vn 0.9926 -0.1210 -0.0036
vn 0.8114 0.3934 0.4324
vn 0.6675 0.7445 0.0091
vn 0.7403 -0.0001 -0.6723
vn 0.7757 -0.0000 -0.6311
vn 0.7402 0.0004 -0.6723
vn 0.8115 0.4289 -0.3968
vn 0.6321 0.7747 -0.0176
vn 0.6704 0.7418 -0.0176
vn 0.6674 0.7421 -0.0613
vn 0.6602 0.7438 0.1046
vn 0.6711 0.5216 0.5269
vn 0.6734 0.5861 0.4507
vn 0.6619 0.4510 0.5987
vn 0.6692 -0.0037 0.7430
vn 0.6717 0.0958 0.7346
vn 0.6600 -0.1046 0.7440
vn 0.6719 -0.5263 0.5211
vn 0.6719 -0.5263 0.5210
vn 0.6743 -0.4504 0.5852
vn 0.6627 -0.5981 0.4508
vn 0.6696 -0.7422 -0.0264
vn 0.6716 -0.7379 -0.0668
vn 0.6735 -0.7330 0.0956
vn 0.6678 -0.7089 -0.2271
vn 0.6720 -0.6906 -0.2673
vn 0.6618 -0.6459 -0.3806
vn 0.6712 0.0049 -0.7413
vn 0.6711 0.0049 -0.7413
vn 0.6737 -0.0934 -0.7331
vn 0.6620 0.1044 -0.7422
vn 0.6722 0.6938 -0.2584
vn 0.6728 0.7064 -0.2202
vn 0.6764 0.6386 -0.3671
vn -0.0009 -0.8512 0.5249
vn 0.0006 -0.7058 0.7084
vn 0.0007 -0.7074 0.7068
vn -0.0007 -0.8598 0.5107
vn -0.9163 -0.0008 0.4004
vn -0.9994 0.0001 -0.0352
vn -0.9712 0.2379 -0.0156
vn 0.0002 -0.7594 -0.6506
vn -0.0002 -0.6490 -0.7608
vn -0.0002 -0.8516 -0.5242
vn -0.0002 -0.8553 -0.5182
vn -0.0006 -0.0000 -1.0000
vn 0.0007 -0.0000 -1.0000
vn 0.0002 -0.5239 -0.8518
vn 0.0002 -0.5176 -0.8556
vn -0.9723 -0.0010 -0.2338
vn 0.0002 0.6490 -0.7608
vn -0.0002 0.7594 -0.6506
vn -0.0002 0.5242 -0.8516
vn -0.0002 0.5181 -0.8554
vn 0.0005 -0.0000 1.0000
vn 0.0007 -1.0000 -0.0004
vn 0.0008 0.8512 0.5249
vn 0.0007 0.8599 0.5105
vn 0.9733 -0.0010 0.2296
vn 1.0000 -0.0013 0.0001
vn 0.9994 0.0001 0.0355
vn 1.0000 -0.0000 -0.0100
vn 0.0003 0.5247 0.8513
vn 0.0002 0.5161 0.8566
vn 0.0007 1.0000 0.0004
vn 0.9709 -0.2390 -0.0158
vn 0.9992 -0.0001 -0.0401
vn 0.0002 0.8515 -0.5243
vn 0.0002 0.8553 -0.5181
vn -0.8113 -0.3944 0.4315
vn -0.6670 -0.7450 0.0090
vn -0.6263 -0.0012 0.7795
vn -0.6626 0.0006 0.7490
vn -0.8145 0.4286 0.3910
vn -0.8109 -0.4301 -0.3968
vn -0.6640 -0.0006 -0.7478
vn -0.6292 0.0012 -0.7773
vn -0.8157 0.3922 -0.4251
vn -0.6595 0.7517 -0.0093
vn 0.8132 -0.4309 0.3912
vn 0.6641 -0.0006 0.7476
vn 0.6265 -0.7792 0.0180
vn 0.6309 0.0012 0.7759
vn 0.6602 -0.7510 -0.0092
vn 0.8111 0.3937 0.4325
vn 0.8151 -0.3928 -0.4260
vn 0.6300 -0.0012 -0.7766
vn 0.6651 0.0006 -0.7467
vn 0.8109 0.4292 -0.3977
vn -0.0002 -0.7073 0.7069
vn -0.0016 -0.7059 0.7083
vn 0.0001 -0.8521 0.5233
vn 0.0018 -0.8601 0.5102
vn -0.0005 -0.5234 0.8521
vn 0.0004 -0.5157 0.8568
vn 0.9688 -0.0005 0.2480
vn 1.0000 -0.0014 0.0003
vn 0.9993 0.0001 -0.0372
vn -0.0003 -0.8521 -0.5234
vn -0.0001 -0.6488 -0.7610
vn 0.0002 -0.7598 -0.6502
vn 0.0004 -0.8555 -0.5178
vn 0.0003 -0.5233 -0.8522
vn -0.0005 -0.5174 -0.8557
vn 0.9724 -0.0010 -0.2334
vn 0.0005 0.5176 -0.8556
vn -0.0001 -1.0000 -0.0001
vn 0.0002 -1.0000 0.0001
vn 0.0011 -1.0000 0.0006
vn 0.0002 0.7072 0.7070
vn -0.0001 0.8521 0.5233
vn -0.9171 0.0008 0.3985
vn -0.9999 -0.0000 -0.0104
vn 0.0006 0.5236 0.8520
vn -0.0004 0.5157 0.8568
vn 0.0001 1.0000 -0.0000
vn 0.0003 0.8521 -0.5233
vn -0.0004 0.8556 -0.5177
vn -0.9169 -0.0008 -0.3992
vn 0.6698 -0.7425 0.0090
vn 0.8125 -0.3934 0.4303
vn 0.6300 -0.0012 0.7766
vn 0.6353 -0.7720 -0.0175
vn 0.8148 0.4296 0.3893
vn 0.6301 0.7763 0.0179
vn 0.6664 -0.0006 -0.7456
vn 0.8115 -0.4297 -0.3961
vn 0.6316 0.0011 -0.7753
vn 0.8162 0.3916 -0.4248
vn -0.6654 -0.0006 0.7465
vn -0.8145 -0.4298 0.3898
vn -0.6286 -0.7776 0.0180
vn -0.6296 0.0012 0.7769
vn -0.6627 -0.7488 -0.0093
vn -0.6701 0.7422 0.0091
vn -0.8162 -0.3926 -0.4239
vn -0.6290 -0.0012 -0.7774
vn -0.6658 0.0006 -0.7462
vn -0.8119 0.4281 -0.3968
vn -0.6341 0.7730 -0.0176
vn -0.0002 -0.7071 0.7071
vn -0.0016 -0.7058 0.7084
vn 0.0001 -0.8518 0.5239
vn 0.0018 -0.8599 0.5105
vn -0.0006 -0.5241 0.8517
vn 0.0004 -0.5161 0.8565
vn 0.9692 0.2463 0.0069
vn 1.0000 -0.0000 0.0095
vn 0.9993 0.0001 -0.0378
vn 0.9712 0.2378 -0.0156
vn -0.3078 -0.9016 -0.3039
vn -0.0142 -0.6516 -0.7584
vn 0.0034 -0.8697 -0.4936
vn 0.0003 -0.8554 -0.5179
vn 1.0000 -0.0001 -0.0098
vn 0.9993 -0.0001 0.0377
vn 0.9705 -0.2410 -0.0070
vn 0.9723 -0.2332 0.0157
vn -0.0012 -0.0019 -1.0000
vn 0.0080 -0.5279 -0.8493
vn -0.0003 0.5233 -0.8522
vn -0.0002 0.7596 -0.6504
vn 0.0001 0.6486 -0.7611
vn 0.0005 0.5174 -0.8557
vn 0.0002 -0.0000 1.0000
vn 0.0008 -1.0000 0.0004
vn 0.0005 -1.0000 0.0002
vn 0.0002 0.7071 0.7071
vn 0.0016 0.7058 0.7084
vn -0.0001 0.8517 0.5240
vn -0.0018 0.8598 0.5106
vn -0.9169 0.0008 0.3992
vn -1.0000 0.0013 0.0006
vn -0.9165 0.3998 -0.0117
vn -0.9999 0.0001 -0.0101
vn 0.0006 0.5241 0.8517
vn -0.0004 0.5161 0.8565
vn -0.9475 -0.3195 0.0086
vn -1.0000 -0.0003 -0.0001
vn 0.0003 0.8519 -0.5237
vn -0.0004 0.8554 -0.5180
vn 0.0087 0.9975 0.0706
vn -0.0048 0.8922 0.4516
vn 0.0042 0.9437 0.3309
vn 0.0104 0.9966 -0.0822
vn 0.0021 0.6678 0.7443
vn -0.0020 0.7531 0.6579
vn 0.0163 0.3300 0.9439
vn 0.0108 0.4565 0.8897
vn 0.0164 -0.0648 0.9978
vn 0.0187 0.0693 0.9974
vn 0.0089 -0.4545 0.8907
vn 0.0186 -0.3177 0.9480
vn 0.0022 -0.7495 0.6619
vn 0.0042 -0.6668 0.7452
vn 0.0088 -0.9487 0.3161
vn 0.0109 -0.8896 0.4567
vn -0.0048 -0.9971 -0.0757
vn 0.0042 -0.9985 0.0555
vn 0.0022 -0.9019 -0.4320
vn -0.0020 -0.9475 -0.3197
vn 0.0163 -0.6660 -0.7457
vn 0.0109 -0.7624 -0.6471
vn 0.0090 -0.3083 -0.9512
vn 0.0187 -0.4456 -0.8950
vn 0.0022 0.0619 -0.9981
vn 0.0042 -0.0555 -0.9985
vn 0.0088 0.4474 -0.8943
vn 0.0109 0.3062 -0.9519
vn -0.0052 0.7592 -0.6509
vn 0.0042 0.6668 -0.7452
vn 0.0012 0.9432 -0.3323
vn -0.0028 0.8964 -0.4433
vn 0.9960 0.0792 -0.0402
vn 0.9961 0.0578 -0.0673
vn 0.9961 0.0659 -0.0590
vn 0.9961 0.0835 -0.0293
vn 0.9961 0.0275 -0.0842
vn 0.9961 0.0382 -0.0796
vn 0.9961 -0.0068 -0.0884
vn 0.9961 0.0048 -0.0882
vn 0.9961 -0.0401 -0.0790
vn 0.9961 -0.0292 -0.0833
vn 0.9961 -0.0672 -0.0576
vn 0.9961 -0.0588 -0.0657
vn 0.9961 -0.0842 -0.0275
vn 0.9961 -0.0795 -0.0381
vn 0.9961 -0.0883 0.0067
vn 0.9961 -0.0881 -0.0048
vn 0.9961 -0.0788 0.0400
vn 0.9961 -0.0831 0.0292
vn 0.9961 -0.0576 0.0672
vn 0.9961 -0.0656 0.0587
vn 0.9961 -0.0275 0.0841
vn 0.9961 -0.0381 0.0794
vn 0.9961 0.0068 0.0883
vn 0.9961 -0.0048 0.0880
vn 0.9961 0.0401 0.0790
vn 0.9961 0.0292 0.0831
vn 0.9961 0.0674 0.0578
vn 0.9961 0.0589 0.0657
vn 0.9960 0.0844 0.0276
vn 0.9961 0.0797 0.0383
vn 0.9961 0.0885 -0.0068
vn 0.9961 0.0883 0.0048
vn -0.9999 0.0112 0.0019
vn -1.0000 0.0015 0.0010
vn -0.9988 0.0414 0.0278
vn -0.9988 0.0411 0.0277
vn -1.0000 -0.0080 0.0009
vn -0.9967 -0.0580 0.0573
vn -0.9999 -0.0090 0.0093
vn -1.0000 -0.0040 -0.0009
vn -0.9988 -0.0481 -0.0098
vn -0.9988 -0.0485 -0.0098
vn -1.0000 0.0035 -0.0049
vn -0.9967 0.0005 -0.0817
vn -1.0000 -0.0000 -0.0032
vn -0.9990 0.0358 -0.0252
vn -0.9983 0.0464 -0.0365
vn -1.0000 -0.0003 0.0042
vn 0.6705 -0.7418 0.0090
vn 0.8123 -0.3925 0.4315
vn 0.6327 -0.0012 0.7744
vn 0.6669 0.0006 0.7452
vn 0.6353 -0.7721 -0.0176
vn 0.8151 0.4283 0.3901
vn 0.6256 0.7799 0.0180
vn -0.6121 -0.7904 -0.0247
vn -0.4236 -0.6673 -0.6126
vn 0.8118 -0.4278 -0.3975
vn 0.6310 0.0012 -0.7758
vn 0.6609 0.7504 -0.0093
vn 0.8163 0.3914 -0.4248
vn -0.6654 -0.0006 0.7464
vn -0.8152 -0.4278 0.3905
vn -0.6285 -0.7776 0.0181
vn -0.6293 0.0012 0.7771
vn -0.9925 -0.1218 -0.0034
vn -0.6685 0.7437 0.0091
vn -0.8125 0.3936 0.4301
vn -0.7401 0.0003 -0.6725
vn -0.7758 -0.0000 -0.6310
vn -0.7402 -0.0001 -0.6724
vn -0.8117 0.4285 -0.3969
vn -0.6322 0.7746 -0.0176
vn -0.6616 0.7425 0.1044
vn -0.6708 0.7416 0.0049
vn -0.6738 0.3684 0.6405
vn -0.6694 0.2212 0.7092
vn -0.6696 0.2593 0.6960
vn -0.6632 0.0464 0.7470
vn -0.6683 -0.0535 0.7420
vn -0.6648 -0.2277 0.7115
vn -0.6706 -0.2677 0.6918
vn -0.6603 -0.3812 0.6471
vn -0.6703 -0.6431 0.3704
vn -0.6681 -0.6888 0.2813
vn -0.6592 -0.7281 0.1881
vn -0.6691 -0.5892 -0.4530
vn -0.6680 -0.4767 -0.5714
vn -0.6655 -0.5088 -0.5461
vn -0.6646 -0.3420 -0.6644
vn -0.6692 -0.3003 -0.6797
vn -0.6590 -0.1882 -0.7282
vn -0.6707 0.1929 -0.7162
vn -0.6683 0.2882 -0.6858
vn -0.6591 0.3818 -0.6479
vn -0.6732 0.7335 -0.0934
vn -0.0002 -0.7072 0.7070
vn 0.0001 -0.8521 0.5234
vn 0.0018 -0.8601 0.5101
vn -0.0006 -0.5236 0.8520
vn 0.0004 -0.5157 0.8567
vn 0.9164 -0.0008 0.4003
vn 1.0000 -0.0013 0.0006
vn 1.0000 -0.0000 0.0096
vn 0.9693 0.2457 0.0069
vn 0.9993 0.0001 -0.0376
vn 0.9713 0.2374 -0.0156
vn -0.0003 -0.8521 -0.5233
vn -0.0002 -0.6487 -0.7610
vn 0.0002 -0.7599 -0.6501
vn 0.0004 -0.8556 -0.5176
vn 0.9999 -0.0001 -0.0101
vn 0.9167 -0.3994 -0.0117
vn 0.0002 -0.5230 -0.8523
vn -0.0005 -0.5171 -0.8559
vn -0.0002 0.5230 -0.8523
vn 0.0002 0.6485 -0.7612
vn 0.0005 0.5172 -0.8559
vn -0.0001 0.8522 0.5233
vn -0.0018 0.8602 0.5100
vn -0.9994 0.0001 0.0353
vn -1.0000 -0.0013 0.0002
vn -0.9735 -0.0010 0.2287
vn -0.9705 0.2411 -0.0070
vn -1.0000 0.0001 -0.0100
vn -0.9723 0.2333 0.0157
vn -0.0004 0.5157 0.8567
vn 0.0003 0.8522 -0.5232
vn -0.0005 0.8557 -0.5175
vn -0.9173 -0.0008 -0.3983
vn 0.0163 0.9978 0.0648
vn 0.0089 0.8907 0.4545
vn 0.0186 0.9480 0.3177
vn 0.0187 0.9974 -0.0692
vn -0.0052 0.6509 0.7592
vn 0.0042 0.7452 0.6668
vn -0.0064 0.3190 0.9477
vn -0.0028 0.4433 0.8964
vn 0.0021 -0.0535 0.9986
vn -0.0033 0.0680 0.9977
vn 0.0162 -0.4342 0.9006
vn 0.0109 -0.3063 0.9519
vn 0.0089 -0.7607 0.6491
vn 0.0186 -0.6563 0.7543
vn -0.0048 -0.9502 0.3117
vn 0.0042 -0.9011 0.4335
vn 0.0021 -0.9985 -0.0542
vn -0.0020 -0.9977 0.0673
vn 0.0088 -0.8943 -0.4474
vn 0.0108 -0.9519 -0.3063
vn 0.0022 -0.6620 -0.7495
vn 0.0042 -0.7453 -0.6668
vn 0.0088 -0.3161 -0.9487
vn 0.0108 -0.4566 -0.8896
vn 0.0042 -0.0555 -0.9984
vn 0.0088 0.4473 -0.8943
vn 0.0108 0.3061 -0.9519
vn 0.0022 0.7496 -0.6619
vn 0.0163 0.9439 -0.3298
vn 0.0108 0.8897 -0.4565
vn 0.9961 0.0792 -0.0401
vn 0.9961 0.0577 -0.0673
vn 0.9961 0.0659 -0.0589
vn 0.9961 0.0834 -0.0293
vn 0.9961 0.0382 -0.0795
vn 0.9961 -0.0067 -0.0884
vn 0.9961 0.0048 -0.0881
vn 0.9961 -0.0292 -0.0832
vn 0.9961 -0.0673 -0.0577
vn 0.9961 -0.0589 -0.0657
vn 0.9961 -0.0844 -0.0275
vn 0.9961 -0.0796 -0.0381
vn 0.9960 -0.0886 0.0068
vn 0.9961 -0.0884 -0.0048
vn 0.9961 -0.0791 0.0401
vn 0.9961 -0.0834 0.0292
vn 0.9961 -0.0657 0.0588
vn 0.9961 -0.0275 0.0842
vn 0.9961 -0.0381 0.0795
vn 0.9961 0.0068 0.0884
vn 0.9961 -0.0048 0.0881
vn 0.9961 0.0400 0.0790
vn 0.9961 0.0292 0.0833
vn 0.9961 0.0673 0.0577
vn 0.9961 0.0844 0.0276
vn 0.9961 0.0884 -0.0068
vn 0.9961 0.0882 0.0048
vn -0.9996 0.0112 0.0276
vn -0.9983 0.0365 0.0464
vn -1.0000 0.0019 0.0036
vn -1.0000 0.0012 0.0039
vn -0.9983 0.0063 0.0586
vn -1.0000 -0.0082 0.0017
vn -0.9999 -0.0150 -0.0030
vn -0.9988 -0.0485 0.0094
vn -0.9988 -0.0483 0.0093
vn -1.0000 -0.0009 -0.0022
vn -0.9966 -0.0583 -0.0586
vn -0.9998 0.0087 -0.0205
vn -0.9966 0.0008 -0.0828
vn -1.0000 0.0057 -0.0053
vn -0.9967 0.0581 -0.0574
vn -1.0000 0.0004 -0.0001
vn 0.6691 -0.7432 0.0091
vn 0.8123 -0.3930 0.4310
vn 0.6292 -0.0012 0.7773
vn 0.6648 0.0006 0.7470
vn 0.6330 -0.7740 -0.0176
vn 0.8147 0.4283 0.3908
vn 0.6271 0.7788 0.0181
vn 0.6677 -0.0006 -0.7444
vn 0.8121 -0.4284 -0.3963
vn 0.6623 0.7492 -0.0093
vn 0.8163 0.3916 -0.4247
vn -0.6658 -0.0006 0.7461
vn -0.8143 -0.4296 0.3904
vn -0.6287 -0.7774 0.0180
vn -0.6316 0.0012 0.7753
vn -0.6628 -0.7487 -0.0092
vn -0.6696 0.7427 0.0090
vn -0.8118 0.3929 0.4320
vn -0.8167 -0.3924 -0.4231
vn -0.6306 -0.0012 -0.7761
vn -0.6667 0.0006 -0.7453
vn -0.8120 0.4281 -0.3967
vn -0.6342 0.7730 -0.0176
vn -0.6667 0.7098 0.2273
vn -0.6644 0.7459 -0.0463
vn -0.6702 0.7402 0.0536
vn -0.6724 0.6904 0.2671
vn -0.6623 0.6457 0.3800
vn -0.6716 -0.1927 0.7155
vn -0.6700 -0.3447 0.6575
vn -0.6676 -0.3092 0.6773
vn -0.6665 -0.4817 0.5690
vn -0.6712 -0.5116 0.5363
vn -0.6613 -0.5990 0.4515
vn -0.6718 -0.7152 -0.1926
vn -0.6696 -0.6847 -0.2878
vn -0.6605 -0.6469 -0.3812
vn -0.6733 -0.3687 -0.6409
vn -0.6707 -0.2804 -0.6867
vn -0.6707 -0.2804 -0.6866
vn -0.6613 -0.1878 -0.7262
vn -0.6707 0.1927 -0.7163
vn -0.6683 0.2881 -0.6858
vn -0.6591 0.3819 -0.6479
vn -0.6730 0.6412 -0.3687
vn -0.6697 0.7090 -0.2212
vn -0.6689 0.6965 -0.2595
vn -0.0002 -0.7075 0.7067
vn -0.0016 -0.7063 0.7080
vn -0.0006 -0.5242 0.8516
vn 0.0004 -0.5163 0.8564
vn 0.9167 -0.0008 0.3996
vn 1.0000 -0.0000 0.0097
vn 0.9693 0.2460 0.0069
vn 0.9994 0.0001 -0.0352
vn 0.9712 0.2377 -0.0156
vn -0.3090 -0.9017 -0.3026
vn -0.0141 -0.6519 -0.7582
vn 0.0034 -0.8698 -0.4935
vn 0.0003 -0.8555 -0.5178
vn 1.0000 -0.0013 -0.0002
vn 0.0080 -0.5277 -0.8494
vn 0.9726 -0.0010 -0.2325
vn -0.0003 0.5234 -0.8521
vn -0.0001 0.7598 -0.6502
vn 0.0002 0.6488 -0.7610
vn 0.0002 0.7075 0.7067
vn 0.0016 0.7061 0.7081
vn -0.9736 -0.0010 0.2284
vn -0.9704 0.2412 -0.0070
vn -1.0000 -0.0000 -0.0098
vn -0.9723 0.2333 0.0158
vn 0.0006 0.5238 0.8518
vn -0.0004 0.5160 0.8566
vn -0.0004 0.8556 -0.5176
vn -1.0000 -0.0003 0.0002
vn 0.0022 0.9981 0.0619
vn 0.0162 0.9008 0.4340
vn 0.0108 0.9520 0.3060
vn 0.0042 0.9985 -0.0555
vn 0.0089 0.6490 0.7608
vn 0.0185 0.7542 0.6563
vn 0.0022 0.3248 0.9458
vn 0.0042 0.4334 0.9012
vn 0.0088 -0.0711 0.9974
vn 0.0108 0.0815 0.9966
vn 0.0021 -0.4393 0.8983
vn 0.0042 -0.3309 0.9437
vn 0.0087 -0.7555 0.6551
vn 0.0107 -0.6472 0.7622
vn 0.0022 -0.9458 0.3249
vn 0.0088 -0.9974 -0.0711
vn 0.0108 -0.9966 0.0815
vn 0.0022 -0.8983 -0.4393
vn 0.0042 -0.9436 -0.3309
vn 0.0083 -0.6544 -0.7561
vn 0.0108 -0.7622 -0.6473
vn 0.0014 -0.3250 -0.9457
vn 0.0034 -0.4327 -0.9015
vn 0.0088 0.0706 -0.9975
vn 0.0104 -0.0822 -0.9966
vn -0.0048 0.4515 -0.8923
vn 0.0042 0.3309 -0.9437
vn 0.0021 0.7443 -0.6678
vn -0.0020 0.6580 -0.7530
vn 0.0088 0.9488 -0.3159
vn 0.0108 0.8897 -0.4564
vn 0.9961 0.0791 -0.0401
vn 0.9961 0.0658 -0.0589
vn 0.9961 0.0833 -0.0293
vn 0.9961 0.0275 -0.0843
vn 0.9961 -0.0293 -0.0833
vn 0.9961 -0.0843 -0.0275
vn 0.9960 -0.0886 0.0067
vn 0.9961 -0.0883 -0.0048
vn 0.9961 -0.0577 0.0673
vn 0.9961 -0.0658 0.0589
vn 0.9961 -0.0382 0.0796
vn 0.9961 0.0293 0.0832
vn 0.9961 0.0674 0.0577
vn 0.9961 0.0590 0.0658
vn 0.9961 0.0843 0.0276
vn -1.0000 0.0030 0.0070
vn -1.0000 0.0001 0.0062
vn -0.9967 0.0307 0.0748
vn -1.0000 -0.0032 0.0032
vn -0.9967 -0.0317 0.0752
vn -1.0000 -0.0045 -0.0000
vn -0.9967 -0.0756 0.0308
vn -1.0000 -0.0040 -0.0037
vn -0.9967 -0.0752 -0.0317
vn -0.9999 0.0053 -0.0155
vn -1.0000 0.0021 -0.0014
vn -0.9988 0.0278 -0.0415
vn -0.9988 0.0276 -0.0408
vn -0.9996 0.0275 0.0005
vn -0.9966 0.0826 0.0008
vn -0.9980 -0.0241 -0.0590
vn 0.6696 -0.7427 0.0090
vn 0.8125 -0.3933 0.4303
vn 0.6295 -0.0012 0.7770
vn 0.6653 0.0006 0.7466
vn 0.6352 -0.7722 -0.0176
vn 0.8150 0.4282 0.3903
vn 0.6268 0.7790 0.0181
vn -0.6110 -0.7912 -0.0246
vn -0.4239 -0.6682 -0.6115
vn 0.6678 -0.0006 -0.7443
vn 0.8120 -0.4295 -0.3952
vn 0.6324 0.0011 -0.7746
vn 0.6620 0.7495 -0.0093
vn 0.8162 0.3917 -0.4247
vn -0.6660 -0.0006 0.7460
vn -0.8145 -0.4296 0.3899
vn -0.6322 0.0012 0.7748
vn -0.9926 -0.1216 -0.0036
vn -0.6694 0.7428 0.0091
vn -0.8121 0.3926 0.4316
vn -0.7414 0.0003 -0.6711
vn -0.7772 -0.0000 -0.6292
vn -0.7415 -0.0001 -0.6710
vn -0.8120 0.4282 -0.3965
vn -0.6340 0.7732 -0.0176
vn -0.6725 0.7147 0.1925
vn -0.6698 0.6577 0.3446
vn -0.6686 0.6765 0.3088
vn -0.6654 0.5698 0.4823
vn -0.6690 0.5379 0.5129
vn -0.6589 0.4525 0.6008
vn -0.6720 0.0957 0.7343
vn -0.6696 -0.0037 0.7428
vn -0.6602 -0.1046 0.7438
vn -0.6739 -0.4506 0.5855
vn -0.6716 -0.5265 0.5213
vn -0.6624 -0.5982 0.4509
vn -0.6735 -0.7330 0.0954
vn -0.6710 -0.7414 -0.0037
vn -0.6617 -0.7425 -0.1042
vn -0.6739 -0.5854 -0.4507
vn -0.6715 -0.5220 -0.5260
vn -0.6623 -0.4524 -0.5972
vn -0.6720 -0.0937 -0.7346
vn -0.6694 0.0049 -0.7428
vn -0.6602 0.1046 -0.7438
vn -0.6745 0.6400 -0.3679
vn -0.6719 0.6857 -0.2799
vn -0.6624 0.7252 -0.1877
vn -0.0001 -0.8519 0.5237
vn 0.0002 -0.7073 0.7069
vn -0.0018 -0.8599 0.5105
vn -0.0004 -0.5161 0.8565
vn -1.0000 -0.0013 0.0005
vn -0.9686 -0.0005 0.2488
vn -0.9711 0.2381 -0.0157
vn -0.9992 0.0001 -0.0401
vn -0.0002 -0.7596 -0.6504
vn 0.0001 -0.6488 -0.7610
vn 0.0002 -0.8519 -0.5236
vn -0.0004 -0.8553 -0.5181
vn -0.9999 -0.0001 -0.0104
vn -0.9163 -0.4002 -0.0117
vn 0.0001 0.8519 0.5237
vn 1.0000 -0.0014 -0.0000
vn 0.9162 0.0008 0.4007
vn 0.9999 0.0001 -0.0104
vn 0.9163 0.4002 -0.0117
vn -0.0006 0.5239 0.8518
vn 0.0004 0.5160 0.8566
vn 0.0004 0.8554 -0.5180
vn -0.8114 -0.3943 0.4314
vn -0.6663 -0.7456 0.0091
vn -0.6264 -0.0012 0.7795
vn -0.6622 0.0006 0.7493
vn -0.6303 -0.7761 -0.0176
vn -0.8142 0.4301 0.3901
vn -0.6275 0.7784 0.0180
vn -0.8111 -0.4290 -0.3977
vn -0.6642 -0.0006 -0.7475
vn -0.6291 0.0011 -0.7774
vn -0.8156 0.3923 -0.4252
vn -0.6608 0.7505 -0.0092
vn 0.8133 -0.4308 0.3911
vn 0.6276 0.0012 0.7786
vn 0.6603 -0.7510 -0.0092
vn 0.8115 0.3946 0.4311
vn 0.6682 0.7439 0.0091
vn 0.8150 -0.3928 -0.4260
vn 0.6298 -0.0011 -0.7767
vn 0.6649 0.0006 -0.7469
vn 0.8109 0.4292 -0.3978
vn -0.0009 -0.7075 0.7067
vn -0.0004 -0.7059 0.7083
vn 0.0011 -0.8513 0.5247
vn 0.0005 -0.8600 0.5103
vn 0.0001 -0.5157 0.8567
vn 0.9169 -0.0008 0.3991
vn 1.0000 0.0001 0.0097
vn 0.9693 0.2458 0.0069
vn 0.0003 -0.8517 -0.5240
vn 0.0003 -0.6490 -0.7608
vn -0.0003 -0.7596 -0.6504
vn 0.0001 -0.8555 -0.5178
vn 0.0009 -0.0000 -1.0000
vn -0.0003 -0.5238 -0.8518
vn 0.9724 -0.0010 -0.2332
vn -0.0003 0.6489 -0.7609
vn 0.0009 -0.0000 1.0000
vn -0.0010 -0.0000 1.0000
vn -0.0006 -1.0000 -0.0005
vn 0.0009 0.7075 0.7067
vn -0.0010 0.8513 0.5247
vn -0.0005 0.8600 0.5102
vn -0.9994 0.0001 0.0352
vn -0.9737 -0.0010 0.2279
vn -1.0000 -0.0000 -0.0100
vn -0.9723 0.2332 0.0157
vn -0.0001 0.5158 0.8567
vn 0.0006 1.0000 -0.0005
vn -0.0004 0.8518 -0.5239
vn -0.0001 0.8555 -0.5177
vn -0.9170 -0.0008 -0.3989
vn 0.6658 0.0006 0.7461
vn 0.6354 -0.7720 -0.0175
vn 0.8151 0.4282 0.3903
vn 0.6271 0.7787 0.0181
vn 0.6667 -0.0006 -0.7453
vn 0.8115 -0.4297 -0.3960
vn 0.6624 0.7491 -0.0093
vn -0.6666 -0.0006 0.7454
vn -0.8144 -0.4298 0.3898
vn -0.6285 -0.7776 0.0180
vn -0.6328 0.0012 0.7743
vn -0.6628 -0.7488 -0.0092
vn -0.6695 0.7427 0.0091
vn -0.8123 0.3926 0.4314
vn -0.8163 -0.3926 -0.4237
vn -0.6661 0.0006 -0.7459
vn -0.0045 -0.0000 1.0000
vn -0.0010 0.0209 0.9998
vn -0.2545 -0.0000 0.9671
vn -0.3808 -0.0000 0.9247
vn -0.7633 -0.0000 0.6460
vn -0.9249 -0.0000 0.3803
vn -0.9684 0.0105 0.2492
vn -0.9992 0.0399 0.0039
vn -0.9994 0.0339 0.0011
vn -0.9994 0.0340 -0.0010
vn -0.9996 0.0272 -0.0039
vn -0.9696 0.0151 -0.2442
vn -0.9247 -0.0000 -0.3808
vn -0.7633 -0.0000 -0.6460
vn -0.6459 -0.0000 -0.7634
vn -0.3808 -0.0000 -0.9247
vn -0.2545 -0.0000 -0.9671
vn -0.0043 -0.0000 -1.0000
vn -0.0010 0.0141 -0.9999
vn -0.0005 1.0000 -0.0019
vn -0.0001 1.0000 -0.0024
vn -0.0000 0.9999 -0.0128
vn -0.0032 1.0000 -0.0016
vn -0.0045 1.0000 -0.0016
vn -0.0196 0.9998 -0.0001
vn -0.0033 1.0000 -0.0009
vn -0.0044 1.0000 -0.0001
vn -0.0205 0.9998 0.0001
vn -0.0037 1.0000 0.0001
vn -0.0025 1.0000 0.0010
vn -0.0025 1.0000 0.0020
vn -0.0036 1.0000 0.0024
vn -0.0001 1.0000 0.0076
vn -0.0006 1.0000 0.0022
vn -0.0001 1.0000 0.0028
vn -0.0099 -0.9999 0.0071
vn -0.0076 -1.0000 0.0001
vn -0.0000 -1.0000 0.0002
vn -0.0001 -1.0000 -0.0002
vn -0.0189 -0.9998 -0.0000
vn -0.0100 -0.9999 -0.0074
vn -0.0035 0.7424 0.6700
vn -0.2418 0.7675 0.5936
vn -0.1711 0.7625 0.6240
vn -0.0017 0.7418 0.6706
vn -0.1682 -0.7663 0.6201
vn -0.0008 -0.7412 0.6713
vn -0.0034 -0.7417 0.6707
vn -0.2386 -0.7709 0.5906
vn -0.4926 0.7682 0.4089
vn -0.4149 0.7640 0.4941
vn -0.4030 -0.7754 0.4862
vn -0.4867 -0.7689 0.4146
vn -0.6037 0.7691 0.2097
vn -0.5941 0.7648 0.2492
vn -0.5832 -0.7758 0.2411
vn -0.6183 -0.7673 0.1703
vn -0.6446 0.7569 0.1074
vn -0.6702 -0.7421 0.0032
vn -0.6712 -0.7412 0.0007
vn -0.6712 -0.7412 -0.0007
vn -0.6708 -0.7416 -0.0031
vn -0.6278 0.7718 -0.1008
vn -0.5926 0.7681 -0.2427
vn -0.6035 0.7705 -0.2052
vn -0.6244 -0.7628 -0.1683
vn -0.5937 -0.7675 -0.2417
vn -0.4061 0.7698 -0.4925
vn -0.4944 0.7625 -0.4174
vn -0.4867 -0.7737 -0.4056
vn -0.4126 -0.7697 -0.4871
vn -0.1687 0.7623 -0.6249
vn -0.2398 0.7653 -0.5973
vn -0.2386 -0.7782 -0.5810
vn -0.1706 -0.7702 -0.6146
vn -0.0017 0.7418 -0.6706
vn -0.0035 0.7421 -0.6703
vn -0.0036 -0.7423 -0.6701
vn -0.0008 -0.7412 -0.6713
vn -0.1612 0.9869 -0.0000
vn -0.1692 0.9856 -0.0000
vn -0.0751 -0.9972 -0.0000
vn -0.0780 -0.9970 -0.0000
vn 0.7634 -0.0000 -0.6459
vn 0.9249 -0.0000 -0.3803
vn 0.9684 0.0105 -0.2492
vn 0.9992 0.0399 -0.0039
vn 0.9994 0.0339 -0.0011
vn 0.9994 0.0340 0.0009
vn 0.9996 0.0272 0.0039
vn 0.9696 0.0151 0.2442
vn 0.9247 -0.0000 0.3808
vn 0.7634 -0.0000 0.6459
vn 0.6459 -0.0000 0.7634
vn 0.3803 -0.0000 0.9249
vn 0.2492 0.0105 0.9684
vn 0.0043 0.0398 0.9992
vn 0.0013 0.0211 0.9998
vn 0.0012 0.0144 -0.9999
vn 0.0042 0.0272 -0.9996
vn 0.2441 0.0151 -0.9696
vn 0.3808 -0.0000 -0.9247
vn 0.0020 1.0000 -0.0026
vn 0.0025 1.0000 -0.0010
vn 0.0205 0.9998 -0.0001
vn 0.0025 1.0000 -0.0034
vn 0.0002 0.9999 -0.0169
vn 0.0009 1.0000 -0.0030
vn 0.0001 1.0000 -0.0034
vn 0.0001 0.9999 0.0129
vn 0.0001 1.0000 0.0032
vn 0.0007 1.0000 0.0025
vn 0.0028 1.0000 0.0021
vn 0.0034 1.0000 0.0026
vn 0.0196 0.9998 0.0002
vn 0.0033 1.0000 0.0009
vn 0.0044 1.0000 0.0001
vn 0.0037 1.0000 -0.0001
vn 0.0004 -1.0000 -0.0000
vn 0.0001 -0.9999 0.0108
vn 0.0001 -0.9998 -0.0198
vn 0.0044 -1.0000 0.0062
vn 0.0058 -1.0000 -0.0066
vn 0.4930 0.7682 -0.4084
vn 0.6038 0.7691 -0.2098
vn 0.5941 0.7648 -0.2492
vn 0.4173 0.7626 -0.4942
vn 0.5810 -0.7778 -0.2395
vn 0.4052 -0.7740 -0.4866
vn 0.4868 -0.7694 -0.4137
vn 0.6154 -0.7697 -0.1702
vn 0.6447 0.7569 -0.1075
vn 0.6701 -0.7423 -0.0033
vn 0.6712 -0.7413 -0.0007
vn 0.6712 -0.7413 0.0007
vn 0.6707 -0.7417 0.0031
vn 0.6278 0.7718 0.1008
vn 0.5924 0.7683 0.2427
vn 0.6035 0.7705 0.2052
vn 0.6219 -0.7648 0.1682
vn 0.5917 -0.7696 0.2400
vn 0.4083 0.7684 0.4929
vn 0.4941 0.7628 0.4171
vn 0.4862 -0.7747 0.4043
vn 0.4146 -0.7691 0.4864
vn 0.2097 0.7691 0.6037
vn 0.2492 0.7649 0.5940
vn 0.2414 -0.7753 0.5837
vn 0.1702 -0.7668 0.6190
vn 0.1074 0.7569 0.6447
vn 0.0034 -0.7422 0.6702
vn 0.0008 -0.7412 0.6713
vn -0.0002 0.7418 0.6707
vn -0.0002 0.7418 -0.6707
vn 0.0008 -0.7412 -0.6713
vn 0.0034 -0.7416 -0.6708
vn 0.1008 0.7713 -0.6284
vn 0.2428 0.7679 -0.5928
vn 0.2053 0.7702 -0.6039
vn 0.1683 -0.7630 -0.6241
vn 0.2414 -0.7677 -0.5935
vn 0.0002 0.9925 -0.1224
vn 0.0003 0.9969 -0.0783
vn 0.0001 0.9920 0.1259
vn 0.0002 0.9854 0.1703
vn 0.1612 0.9869 -0.0000
vn 0.1691 0.9856 -0.0000
vn 0.0823 -0.9966 -0.0000
vn 0.0860 -0.9963 -0.0000
vn -0.0000 -0.9965 -0.0841
vn -0.0000 -0.9968 -0.0796
vn -0.0000 -0.9966 0.0824
vn -0.0000 -0.9956 0.0941
vn -0.0000 -0.0001 1.0000
vn 0.9247 -0.0000 -0.3808
vn 0.9671 -0.0000 -0.2546
vn 0.7634 -0.0000 -0.6460
vn 1.0000 -0.0000 -0.0034
vn 1.0000 -0.0000 -0.0009
vn 1.0000 -0.0000 0.0009
vn 1.0000 -0.0000 0.0034
vn 0.9671 -0.0001 0.2546
vn 0.3808 -0.0000 0.9247
vn 0.2545 -0.0000 0.9671
vn -0.3807 -0.0000 0.9247
vn -0.7634 -0.0000 0.6460
vn -0.9247 -0.0000 0.3808
vn -0.9671 -0.0000 0.2545
vn -1.0000 -0.0000 -0.0009
vn -1.0000 -0.0000 -0.0034
vn -0.3807 -0.0000 -0.9247
vn -0.0045 -0.0000 -1.0000
vn -0.0012 -0.0000 -1.0000
vn 0.0045 -0.0000 -1.0000
vn 0.2545 -0.0000 -0.9671
vn 0.3807 -0.0000 -0.9247
vn 0.0167 0.9999 -0.0002
vn 0.0120 0.9999 -0.0116
vn 0.0030 1.0000 -0.0028
vn 0.0005 0.9999 -0.0138
vn -0.0003 0.9999 -0.0144
vn -0.0000 1.0000 0.0001
vn -0.0116 0.9999 -0.0120
vn -0.0028 1.0000 -0.0029
vn -0.0162 0.9999 -0.0004
vn -0.0168 0.9999 0.0002
vn -0.0120 0.9999 0.0116
vn -0.0030 1.0000 0.0028
vn -0.0005 0.9999 0.0138
vn 0.0003 0.9999 0.0144
vn 0.0116 0.9999 0.0119
vn 0.0028 1.0000 0.0030
vn 0.0161 0.9999 0.0004
vn -0.0560 -0.9961 0.0680
vn -0.0118 -0.9999 0.0001
vn -0.0000 -1.0000 0.0003
vn -0.0377 -0.9993 -0.0001
vn -0.0000 -1.0000 -0.0003
vn -0.0680 -0.9961 -0.0561
vn 0.0010 -1.0000 -0.0000
vn 0.0003 -0.9998 0.0215
vn 0.0003 -1.0000 -0.0000
vn 0.0002 -0.9993 -0.0377
vn 0.0680 -0.9961 0.0560
vn 0.0560 -0.9961 -0.0680
vn 0.7807 0.5336 -0.3253
vn 0.5460 0.5485 -0.6332
vn 0.6363 0.5484 -0.5426
vn 0.8226 0.5265 -0.2149
vn 0.6459 -0.5310 -0.5485
vn 0.8217 -0.5270 -0.2169
vn 0.7853 -0.5279 -0.3234
vn 0.5462 -0.5309 -0.6479
vn 0.8539 0.5204 -0.0029
vn 0.8540 0.5203 -0.0007
vn 0.8538 -0.5206 -0.0007
vn 0.8537 -0.5207 -0.0029
vn 0.8540 0.5203 0.0008
vn 0.8540 0.5203 0.0029
vn 0.8537 -0.5207 0.0029
vn 0.8538 -0.5206 0.0007
vn 0.8220 0.5265 0.2169
vn 0.7767 0.5388 0.3264
vn 0.7859 -0.5278 0.3222
vn 0.8224 -0.5268 0.2147
vn 0.6333 0.5483 0.5461
vn 0.5426 0.5483 0.6364
vn 0.5485 -0.5309 0.6460
vn 0.6480 -0.5307 0.5463
vn 0.3252 0.5335 0.7808
vn 0.2148 0.5266 0.8225
vn 0.2168 -0.5271 0.8217
vn 0.3234 -0.5278 0.7854
vn 0.0038 0.5205 0.8539
vn 0.0010 0.5203 0.8540
vn 0.0010 -0.5207 0.8537
vn 0.0038 -0.5209 0.8536
vn -0.0010 0.5203 0.8540
vn -0.0038 0.5203 0.8539
vn -0.0038 -0.5207 0.8537
vn -0.0010 -0.5207 0.8537
vn -0.2169 0.5266 0.8220
vn -0.3264 0.5387 0.7767
vn -0.3222 -0.5277 0.7859
vn -0.2146 -0.5269 0.8224
vn -0.5462 0.5482 0.6334
vn -0.6364 0.5480 0.5428
vn -0.6461 -0.5306 0.5487
vn -0.5464 -0.5305 0.6481
vn -0.7808 0.5333 0.3253
vn -0.8226 0.5264 0.2148
vn -0.8218 -0.5269 0.2168
vn -0.7855 -0.5276 0.3234
vn -0.8540 0.5203 0.0029
vn -0.8540 0.5202 0.0007
vn -0.8538 -0.5206 0.0008
vn -0.8537 -0.5207 0.0029
vn -0.8540 0.5202 -0.0008
vn -0.8540 0.5203 -0.0029
vn -0.8538 -0.5207 -0.0029
vn -0.8538 -0.5206 -0.0007
vn -0.8220 0.5265 -0.2169
vn -0.7766 0.5388 -0.3265
vn -0.7859 -0.5277 -0.3223
vn -0.8224 -0.5269 -0.2147
vn -0.6333 0.5483 -0.5462
vn -0.5427 0.5481 -0.6364
vn -0.5486 -0.5306 -0.6461
vn -0.6480 -0.5306 -0.5464
vn -0.3253 0.5333 -0.7809
vn -0.2149 0.5263 -0.8227
vn -0.2168 -0.5268 -0.8219
vn -0.3234 -0.5276 -0.7855
vn -0.0038 0.5204 -0.8539
vn -0.0010 0.5203 -0.8540
vn -0.0010 -0.5206 -0.8538
vn -0.0038 -0.5208 -0.8537
vn 0.0010 0.5203 -0.8540
vn 0.0038 0.5203 -0.8540
vn 0.0038 -0.5207 -0.8537
vn 0.0010 -0.5207 -0.8538
vn 0.2169 0.5266 -0.8220
vn 0.3264 0.5388 -0.7766
vn 0.3222 -0.5278 -0.7859
vn 0.2147 -0.5268 -0.8224
vn 0.0003 -0.9904 -0.1383
vn 0.0683 -0.9831 -0.1700
vn 0.1828 0.9816 -0.0555
vn 0.0565 0.9812 -0.1843
vn 0.0002 0.9915 -0.1302
vn -0.0003 0.9904 -0.1383
vn -0.0556 0.9815 -0.1834
vn -0.1848 0.9811 -0.0567
vn -0.1304 0.9915 -0.0002
vn -0.1381 0.9904 0.0002
vn -0.1834 0.9815 0.0556
vn -0.0567 0.9811 0.1848
vn -0.0002 0.9915 0.1303
vn 0.0003 0.9904 0.1380
vn 0.0555 0.9816 0.1830
vn 0.1843 0.9812 0.0565
vn 0.1301 0.9915 0.0001
vn 0.1377 0.9905 -0.0002
vn 0.1380 -0.9904 0.0002
vn 0.1700 -0.9831 0.0683
vn 0.1088 -0.9854 0.1311
vn 0.0598 -0.9818 0.1803
vn 0.1304 -0.9915 -0.0001
vn 0.1803 -0.9818 -0.0598
vn -0.1803 -0.9818 0.0598
vn -0.1304 -0.9915 0.0001
vn -0.1380 -0.9904 -0.0002
vn -0.1700 -0.9831 -0.0684
vn 0.1311 -0.9854 -0.1088
vn -0.0002 -0.9915 -0.1304
vn -0.0598 -0.9818 -0.1803
vn -0.1088 -0.9854 -0.1310
vn -0.0003 -0.9904 0.1382
vn -0.0684 -0.9831 0.1700
vn -0.1310 -0.9854 0.1088
vn 0.0002 -0.9915 0.1304
vn 1.0000 -0.0004 0.0018
vn 0.9998 -0.0120 0.0138
vn 1.0000 -0.0002 -0.0079
vn 1.0000 -0.0000 0.0051
vn 1.0000 -0.0000 -0.0052
vn 0.0035 -0.0040 -1.0000
vn 0.0097 -0.0001 -1.0000
vn 0.0497 -0.0022 0.9988
vn -0.1167 -0.0509 0.9919
vn -0.0630 -0.0010 0.9980
vn 0.1763 -0.0007 0.9843
vn -0.0001 -0.0003 -1.0000
vn -0.0002 0.0002 1.0000
vn -0.0096 -0.0022 1.0000
vn -0.0103 -0.0002 0.9999
vn 0.0014 -0.8045 0.5940
vn 0.0702 -0.8521 0.5186
vn -0.0000 -0.8055 0.5927
vn -0.9984 -0.0009 0.0560
vn -0.9892 -0.0006 0.1469
vn -0.9984 -0.0000 0.0557
vn -0.9880 -0.0000 0.1541
vn 0.1154 -0.9859 0.1215
vn -0.0882 -0.9924 0.0858
vn -0.1062 -0.9770 0.1848
vn 0.0002 -0.0127 0.9999
vn -0.0016 -0.0068 1.0000
vn -0.0007 -0.0070 1.0000
vn 0.0024 -0.0078 1.0000
vn 0.0003 -0.8046 0.5938
vn -0.0002 -0.7992 0.6010
vn 0.0002 0.0002 1.0000
vn 0.0037 -0.0036 1.0000
vn -0.0004 -0.9988 0.0496
vn 0.0013 -0.9988 0.0495
vn 0.0003 -0.9988 0.0496
vn -0.0015 -0.9988 0.0498
vn -1.0000 -0.0005 -0.0039
vn -0.9994 -0.0057 0.0336
vn -1.0000 -0.0008 0.0013
vn -0.0003 1.0000 0.0029
vn 0.0011 1.0000 0.0028
vn 0.0003 1.0000 -0.0029
vn -0.0011 1.0000 -0.0028
vn -0.9999 -0.0000 -0.0103
vn -1.0000 -0.0000 0.0025
vn -0.0040 -0.0001 -1.0000
vn -0.0042 -0.0014 -1.0000
vn 0.1173 -0.0005 0.9931
vn 0.0067 -0.0045 1.0000
vn -0.0868 -0.0035 0.9962
vn -0.1247 -0.0017 0.9922
vn 0.0151 -0.0004 0.9999
vn 0.0003 -0.0002 1.0000
vn -0.0924 -0.8394 0.5355
vn 0.9950 -0.0004 0.1001
vn 0.9945 -0.0011 0.1047
vn 0.9950 -0.0003 0.1001
vn 0.9945 -0.0014 0.1049
vn 0.0601 -0.9958 0.0697
vn -0.1803 -0.9810 0.0721
vn 0.1431 -0.9760 0.1641
vn 0.0006 -0.9999 0.0139
vn -0.0021 -0.9999 0.0148
vn -0.0005 -0.9999 -0.0133
vn 0.0030 -0.9999 -0.0128
vn 0.0001 -0.0003 -1.0000
vn -0.0013 -0.3783 0.9257
vn -0.4739 -0.1724 0.8635
vn -0.3172 -0.0014 0.9483
vn -0.7290 -0.6845 0.0086
vn -0.8349 -0.5165 -0.1903
vn -0.7279 -0.6857 0.0068
vn -1.0000 0.0020 -0.0012
vn -0.9326 0.3369 -0.1299
vn -0.9044 0.4266 -0.0029
vn -0.9979 0.0010 0.0650
vn -1.0000 0.0005 -0.0000
vn -0.9140 0.4057 0.0029
vn -0.7290 -0.6844 0.0124
vn -0.8374 -0.5010 0.2186
vn -0.7326 -0.6805 0.0143
vn -0.0016 0.9978 -0.0658
vn -0.0008 1.0000 -0.0005
vn -0.4059 0.9139 -0.0030
vn 0.0029 1.0000 -0.0022
vn 0.3370 0.9325 -0.1298
vn 0.4267 0.9044 -0.0028
vn 0.0016 0.9979 0.0648
vn 0.0008 1.0000 0.0005
vn 0.4060 0.9139 0.0029
vn -0.0030 1.0000 0.0022
vn -0.3367 0.9325 0.1309
vn -0.4273 0.9041 0.0028
vn 0.3355 -0.0003 -0.9420
vn 0.0002 -0.3160 -0.9488
vn 0.0003 -0.3332 0.9428
vn 0.4883 -0.0111 0.8726
vn 0.0003 -0.9428 -0.3332
vn 0.4956 -0.8684 -0.0155
vn 0.4465 -0.8948 0.0029
vn 0.0002 -0.9488 0.3160
vn -0.1820 -0.3260 -0.9277
vn -0.0014 -0.6521 -0.7581
vn -0.0005 -0.7222 -0.6917
vn -0.2496 0.3872 0.8876
vn -0.5910 0.0010 0.8067
vn -0.0011 0.5888 0.8083
vn 0.0775 -0.7994 0.5958
vn 0.3102 0.1915 -0.9312
vn 0.3160 0.0001 -0.9488
vn -0.1964 -0.2987 0.9339
vn -0.4812 -0.0004 0.8766
vn -0.0003 -0.7515 0.6597
vn -0.3805 -0.0004 0.9248
vn -0.1086 -0.3944 0.9125
vn -0.0102 -0.4013 0.9159
vn 0.3753 -0.0009 0.9269
vn 0.9443 0.0001 -0.3290
vn 0.9294 0.2012 -0.3095
vn 0.3460 0.0001 0.9382
vn 0.3098 0.1963 0.9303
vn -0.1249 -0.5342 0.8361
vn -0.0004 -0.5633 0.8263
vn -0.0002 -0.5568 0.8306
vn -0.8681 -0.4878 0.0916
vn -0.8373 -0.5428 0.0658
vn -0.7152 -0.6572 0.2380
vn -0.9639 -0.2334 0.1278
vn -0.9421 -0.0005 0.3353
vn -0.9570 -0.2771 0.0854
vn -0.9489 -0.0004 0.3157
vn 0.9384 0.1481 0.3122
vn 0.9489 0.0001 0.3157
vn 0.5571 0.1146 0.8225
vn 0.0016 0.5847 0.8112
vn 0.5888 0.0010 0.8083
vn -0.9485 -0.0002 -0.3168
vn -0.8715 -0.4900 -0.0189
vn -0.9110 -0.4124 0.0002
vn -0.8680 -0.0106 0.4965
vn -0.5511 0.1151 -0.8264
vn -0.0016 0.5852 -0.8109
vn -0.5890 0.0009 -0.8081
vn -0.1892 -0.3638 0.9121
vn 0.2764 -0.4627 0.8423
vn 0.1941 -0.3142 0.9293
vn 0.0004 -0.7356 0.6774
vn 0.4342 -0.0005 0.9008
vn 0.3521 -0.0007 0.9360
vn 0.4660 -0.1780 0.8667
vn 0.0014 -0.5289 0.8487
vn 0.7282 -0.6853 0.0089
vn 0.8390 -0.5060 -0.2003
vn 0.7286 -0.6849 0.0070
vn 0.7282 -0.6853 0.0127
vn 0.8366 -0.5037 0.2155
vn 0.7304 -0.6828 0.0145
vn 1.0000 0.0020 0.0012
vn 0.9323 0.3373 0.1306
vn 0.9039 0.4277 0.0029
vn 0.9979 0.0010 -0.0643
vn 1.0000 0.0005 -0.0000
vn 0.9136 0.4065 -0.0029
vn -0.0005 -0.3413 -0.9399
vn -0.3160 -0.0002 -0.9488
vn -0.0733 -0.0118 0.9972
vn -0.0006 -0.9399 0.3414
vn -0.3156 -0.9489 0.0011
vn 0.2496 0.3879 -0.8873
vn 0.5760 0.0010 -0.8175
vn 0.0011 0.5891 -0.8080
vn 0.0005 -0.7204 0.6935
vn 0.1843 -0.3347 0.9241
vn 0.0013 -0.6527 0.7576
vn -0.3159 0.0001 -0.9488
vn -0.3094 0.2017 -0.9293
vn 0.0035 -0.3811 0.9245
vn 0.3752 -0.0010 0.9270
vn -0.3414 -0.0004 0.9399
vn -0.0309 -0.3994 0.9163
vn -0.9308 0.1921 -0.3108
vn -0.9485 0.0002 -0.3168
vn -0.3106 0.1840 0.9326
vn -0.3159 0.0001 0.9488
vn 0.0003 -0.5503 0.8350
vn 0.0002 -0.5568 0.8306
vn 0.1166 -0.5452 0.8302
vn 0.6937 -0.6822 0.2308
vn 0.8176 -0.5727 0.0593
vn 0.9488 -0.0011 0.3159
vn 0.9508 -0.3005 0.0753
vn -0.9427 -0.0000 0.3337
vn -0.9379 0.1497 0.3130
vn 0.5765 -0.0002 -0.8171
vn 0.1974 -0.3315 -0.9226
vn 0.5746 -0.0005 -0.8184
vn 0.9514 -0.1626 0.2616
vn 0.9258 -0.0023 0.3780
vn 0.9294 -0.3691 -0.0018
vn 0.9201 -0.3918 -0.0010
vn 0.9396 -0.0001 -0.3424
vn 1.0000 -0.0013 0.0009
vn 0.9466 -0.2789 0.1620
vn -1.0000 0.0002 0.0010
vn 0.3907 -0.0045 0.9205
vn -0.6391 -0.0002 -0.7691
vn -0.6962 -0.0004 -0.7179
vn -0.5920 0.0004 0.8059
vn -0.6001 0.0004 0.7999
vn -0.3471 -0.0001 0.9378
vn 0.0175 0.9838 0.1785
vn 0.0545 0.9884 -0.1417
vn -0.2660 -0.9629 0.0464
vn -0.2546 -0.9661 0.0439
vn -0.8566 -0.5151 0.0295
vn -0.7434 -0.6689 -0.0000
vn -0.9350 -0.0001 0.3547
vn -0.9489 -0.0000 0.3157
vn 0.2040 -0.8099 0.5500
vn 0.2986 -0.9518 0.0706
vn -0.2566 -0.9487 0.1846
vn -0.3722 -0.9268 0.0503
vn 0.9978 -0.0013 0.0664
vn 0.9421 -0.0019 0.3355
vn -0.0001 -0.3511 0.9363
vn -0.0000 -0.9998 0.0181
vn -0.0001 -0.9916 0.1293
vn -0.0000 -0.9879 0.1553
vn 0.0001 -0.9998 0.0183
vn -0.0000 -0.9999 0.0129
vn 0.0001 -0.9939 -0.1103
vn -0.0000 -0.9906 -0.1364
vn -0.0001 -0.9999 0.0126
vn -0.9213 -0.0733 0.3818
vn -0.0176 0.9836 -0.1793
vn -0.0002 -0.7216 0.6923
vn -0.0004 -0.7882 0.6155
vn 1.0000 0.0002 -0.0013
vn -0.2286 -0.0030 0.9735
vn -0.3625 -0.9320 -0.0021
vn 0.3866 -0.0002 0.9222
vn 0.6452 -0.0002 0.7640
vn 0.7086 -0.0004 0.7056
vn -0.3044 -0.7703 0.5603
vn -0.2866 -0.7751 0.5631
vn -0.0000 0.6143 0.7890
vn -0.0000 0.6182 0.7860
vn -0.0000 0.6144 0.7890
vn -0.0000 0.6104 0.7921
vn -0.8041 0.5945 -0.0002
vn -0.8128 0.5825 -0.0003
vn -0.7952 0.6064 -0.0000
vn -0.0547 0.9885 0.1413
vn 0.2045 -0.9777 0.0470
vn 0.2087 -0.9769 0.0459
vn 0.7937 -0.6071 0.0376
vn 0.9489 -0.0001 0.3157
vn 0.9419 -0.0015 0.3358
vn 0.9410 -0.0001 0.3385
vn 0.3215 -0.9443 0.0704
vn 0.3279 -0.9422 0.0688
vn -0.4352 -0.8974 0.0728
vn -0.3757 -0.9245 0.0638
vn -1.0000 -0.0008 0.0004
vn -0.9443 -0.2715 0.1858
vn -0.9348 -0.3543 0.0242
vn -0.9940 -0.0005 0.1093
vn -0.9362 -0.0001 0.3515
vn -0.0001 -0.9364 -0.3510
vn 0.0002 -0.7234 -0.6904
vn 0.0004 -0.7919 -0.6107
vn -0.0000 0.6091 -0.7931
vn -0.0000 0.6135 -0.7897
vn -0.0000 0.6047 -0.7964
vn -0.2554 -0.7665 0.5892
vn 0.2563 -0.7735 0.5797
vn 0.8034 0.5954 -0.0002
vn 0.7907 0.6123 -0.0005
vn 0.8165 0.5773 -0.0000
vn -1.0000 0.0001 -0.0001
vn 1.0000 0.0001 0.0003
vn -1.0000 0.0005 -0.0022
vn -0.9998 -0.0009 -0.0184
vn -1.0000 -0.0000 0.0080
vn -0.9999 0.0007 0.0105
vn -0.0000 -1.0000 -0.0093
vn -0.0000 -0.9998 -0.0209
vn -0.0001 -1.0000 0.0022
vn -0.9998 -0.0149 -0.0113
vn -0.9997 -0.0106 0.0201
vn -0.9986 -0.0093 0.0516
vn -0.9999 -0.0039 -0.0128
vn -0.9979 -0.0056 -0.0651
vn -0.8130 0.5823 -0.0021
vn -0.8702 -0.4926 -0.0038
vn -0.8945 -0.4471 -0.0008
vn -0.8392 -0.5437 -0.0074
vn -0.8158 -0.0080 -0.5783
vn -0.7355 -0.0082 0.6775
vn -0.0000 1.0000 0.0017
vn -0.0000 1.0000 0.0020
vn -0.0000 1.0000 0.0016
vn -0.0000 0.0010 -1.0000
vn -0.0000 0.0012 -1.0000
vn -0.0000 0.0009 -1.0000
vn -0.7823 0.0007 -0.6229
vn 1.0000 -0.0000 0.0079
vn 0.9998 -0.0009 -0.0186
vn 1.0000 0.0005 -0.0021
vn 0.9999 0.0007 0.0103
vn 0.9997 -0.0107 0.0200
vn 0.9998 -0.0148 -0.0100
vn 0.9987 -0.0093 0.0501
vn -0.0000 -0.0165 -0.9999
vn -0.0000 -0.0167 -0.9999
vn -0.0000 -0.0164 -0.9999
vn -0.0000 -0.0162 -0.9999
vn 0.9979 -0.0056 -0.0640
vn 0.9999 -0.0039 -0.0109
vn 0.8158 0.5783 -0.0019
vn 0.8706 -0.4919 -0.0033
vn 0.8989 -0.4382 0.0003
vn 0.8326 -0.5539 -0.0075
vn 0.8216 -0.0074 -0.5700
vn 0.7254 -0.0090 0.6883
vn 0.7697 0.0010 -0.6384
vn -0.0000 -1.0000 0.0001
vn -0.0000 -1.0000 0.0013
vn -0.0000 -1.0000 -0.0009
vn -0.0000 -1.0000 0.0030
vn 0.0001 -1.0000 -0.0098
vn -0.0001 -0.9999 0.0157
vn -0.0000 -0.0086 1.0000
vn -0.0000 -0.0094 1.0000
vn -0.0000 -0.1330 0.9911
vn 0.0004 -0.1845 0.9828
vn -0.0000 -0.0171 0.9999
vn -0.0000 -0.0165 0.9999
vn -0.0000 -0.2126 0.9771
vn -0.0000 -0.2123 0.9772
vn -0.0000 1.0000 -0.0002
vn -0.0001 1.0000 -0.0099
vn -0.0000 1.0000 0.0097
vn 1.0000 0.0056 0.0028
vn 0.9999 0.0095 -0.0115
vn 1.0000 0.0075 0.0018
vn 0.9997 -0.0228 0.0100
vn 0.9995 -0.0112 -0.0298
vn 0.9998 0.0073 -0.0173
vn 0.9998 0.0100 0.0142
vn 0.9995 -0.0168 0.0275
vn 0.0005 0.8230 -0.5681
vn 0.0006 0.8228 -0.5683
vn 0.4274 0.7440 -0.5135
vn 0.5347 0.6782 0.5041
vn 0.3258 0.2310 -0.9168
vn 0.0004 0.0117 -0.9999
vn 0.0741 0.0178 -0.9971
vn 0.4292 0.9026 -0.0342
vn 0.1861 0.9820 -0.0330
vn 0.0885 0.9956 -0.0319
vn 0.0004 0.0244 -0.9997
vn 0.0002 0.5076 0.8616
vn -0.4406 0.0332 0.8971
vn 0.0094 0.3229 0.9464
vn 0.0001 0.0198 0.9998
vn 0.3132 0.0046 0.9497
vn 0.9212 0.0114 0.3889
vn -1.0000 0.0070 0.0059
vn -1.0000 0.0084 -0.0036
vn -1.0000 0.0051 0.0063
vn -0.9997 -0.0226 0.0104
vn -0.0002 0.0244 -0.9997
vn -0.0000 0.0019 -1.0000
vn -0.0000 0.0014 -1.0000
vn -0.0000 0.0005 -1.0000
vn -0.9995 0.0101 -0.0305
vn -0.9999 0.0073 -0.0100
vn -0.9996 -0.0105 -0.0263
vn -0.9994 -0.0203 -0.0287
vn -0.1871 0.0103 -0.9823
vn -0.0021 0.1828 -0.9831
vn -0.0005 0.1886 -0.9821
vn -0.2977 0.9058 -0.3016
vn -0.7766 0.0853 0.6242
vn -0.0007 0.0071 1.0000
vn -0.5368 0.0218 0.8434
vn -0.8119 0.5836 -0.0178
vn -0.0001 0.8228 -0.5683
vn -0.3190 0.9476 -0.0183
vn -0.0098 0.3213 -0.9469
vn -0.0006 0.0198 0.9998
vn -0.0000 1.0000 0.0067
vn -0.0000 1.0000 -0.0025
vn 0.0001 0.9999 0.0158
vn -0.0000 0.0015 1.0000
vn -0.0000 0.0024 1.0000
vn -0.0000 0.0016 1.0000
vn -0.0000 0.0009 1.0000
vn -0.0001 0.1886 -0.9821
vn -0.0002 -0.9999 -0.0147
vn 0.0006 -0.9946 0.1034
vn -0.0003 -0.9946 0.1038
vn -0.0008 -0.9998 -0.0179
vn -0.0002 -0.0331 0.9995
vn 0.0008 0.0065 1.0000
vn 0.0005 0.0037 1.0000
vn 0.0002 -0.0335 0.9994
vn 0.0001 0.0002 1.0000
vn 0.0003 0.0002 1.0000
vn 0.0817 -0.7705 -0.6322
vn 0.0166 -0.6831 -0.7301
vn 0.0773 -0.7716 -0.6314
vn 0.1315 -0.8273 -0.5462
vn -0.0005 -0.3308 0.9437
vn -0.0011 -0.3246 0.9458
vn -0.0005 -0.9432 0.3323
vn -0.0020 -0.9378 0.3471
vn 1.0000 0.0001 -0.0060
vn 0.9997 0.0141 0.0215
vn 0.9999 -0.0020 0.0167
vn 1.0000 -0.0034 0.0028
vn -0.0004 0.9969 0.0784
vn -0.0017 0.9991 0.0431
vn -0.0006 0.9996 0.0271
vn 0.0005 0.9972 0.0742
vn 0.9987 -0.0468 0.0202
vn 0.9585 0.2615 0.1137
vn 0.9179 0.3954 0.0339
vn -0.8937 0.4484 0.0180
vn -0.9584 0.2573 0.1239
vn -0.9341 0.3490 0.0749
vn 0.9999 -0.0001 -0.0132
vn 0.9412 0.0050 -0.3379
vn 0.9998 0.0002 -0.0192
vn 0.0036 0.2796 0.9601
vn 0.0004 0.8906 0.4548
vn -0.0002 0.9004 0.4351
vn 0.4965 -0.5780 -0.6476
vn -0.8020 0.0002 0.5973
vn -0.8569 -0.0002 0.5155
vn -0.8022 -0.0000 0.5971
vn -0.7194 0.0003 0.6946
vn -0.9980 -0.0583 -0.0259
vn -0.9999 -0.0002 -0.0116
vn -0.9229 -0.0094 -0.3848
vn -0.9560 -0.2924 0.0239
vn -1.0000 -0.0038 0.0085
vn 0.9319 0.3623 0.0181
vn -0.0039 0.9661 0.2582
vn -0.8604 0.5093 -0.0190
vn -0.9615 -0.0001 0.2746
vn -0.9229 0.0022 0.3849
vn -0.9979 0.0017 0.0649
vn 0.9801 -0.1953 0.0354
vn -1.0000 -0.0000 0.0004
vn -1.0000 -0.0000 0.0003
vn -0.9999 0.0001 -0.0113
vn 1.0000 -0.0001 -0.0031
vn 0.2435 0.0001 -0.9699
vn 0.2462 0.0005 -0.9692
vn 0.2395 0.0001 -0.9709
vn 0.2409 -0.0000 -0.9706
vn -0.9223 -0.0000 -0.3864
vn 0.5520 -0.0001 -0.8339
vn 0.8358 -0.0001 0.5490
vn 0.8260 0.0001 0.5637
vn 0.8357 0.0001 0.5492
vn 0.8456 -0.0002 0.5337
vn 0.0001 0.9984 0.0571
vn 0.0003 0.9982 0.0597
vn 0.0022 0.9572 -0.2893
vn 0.0440 0.9349 -0.3522
vn -0.0004 -0.0049 1.0000
vn 0.0004 -0.0066 1.0000
vn -0.0003 -0.0050 1.0000
vn -0.0011 -0.0034 1.0000
vn 0.0514 0.9113 -0.4085
vn 0.0826 0.9378 -0.3373
vn -0.0008 0.5539 0.8326
vn -0.0006 0.5573 0.8303
vn -0.0008 0.5540 0.8325
vn -0.0011 0.5506 0.8347
vn 0.0002 0.9798 0.2001
vn 0.0004 0.9802 0.1982
vn 0.9999 0.0150 -0.0019
vn -1.0000 0.0079 0.0002
vn 0.9996 0.0048 0.0260
vn 0.9988 -0.0042 0.0479
vn -0.0002 -0.9997 0.0254
vn -0.0004 -0.9996 0.0268
vn -0.0000 -0.9997 0.0243
vn 0.9512 -0.2109 0.2254
vn -0.9503 -0.2279 0.2120
vn -0.0001 -0.6541 0.7564
vn 0.0003 -0.6370 0.7709
vn -0.0006 -0.6718 0.7408
vn -0.8393 0.5088 -0.1915
vn -0.9998 0.0049 0.0209
vn -0.8948 0.4460 0.0198
vn 0.7255 -0.6881 0.0099
vn -0.7404 -0.6720 0.0107
vn -0.9757 0.0029 0.2191
vn -0.9987 -0.0074 0.0498
vn 0.9181 0.3954 0.0290
vn 0.9793 0.0046 0.2022
vn 0.0003 -0.9946 0.1039
vn -0.0006 -0.9946 0.1035
vn 0.0002 -0.9999 -0.0144
vn 0.0008 -0.9998 -0.0178
vn 0.0005 -0.0002 1.0000
vn -0.0050 -0.0011 1.0000
vn -0.0023 -0.0339 0.9994
vn -0.0005 -0.0334 0.9994
vn -0.0003 0.0002 1.0000
vn -0.0001 0.0002 1.0000
vn -0.0831 -0.7720 -0.6302
vn -0.1260 -0.8310 -0.5417
vn -0.0744 -0.7741 -0.6287
vn -0.0165 -0.6831 -0.7302
vn 0.0010 -0.3246 0.9458
vn 0.0004 -0.3307 0.9437
vn 0.0020 -0.9379 0.3469
vn 0.0005 -0.9432 0.3322
vn 1.0000 -0.0001 -0.0025
vn 1.0000 -0.0048 -0.0041
vn 0.9999 -0.0002 -0.0159
vn -0.9999 -0.0020 0.0167
vn -0.9998 -0.0001 0.0222
vn -1.0000 -0.0001 -0.0060
vn -1.0000 -0.0034 0.0028
vn -0.0020 0.9996 0.0273
vn 0.0017 0.9991 0.0431
vn 0.0006 0.9970 0.0780
vn -0.0050 0.9973 0.0726
vn -0.9987 -0.0467 0.0202
vn -0.8942 0.4465 0.0309
vn -0.9585 0.2615 0.1137
vn -0.9356 0.3443 0.0779
vn 0.9350 0.3469 0.0743
vn 0.9589 0.2554 0.1234
vn 0.8952 0.4452 0.0179
vn -0.9998 0.0002 -0.0192
vn -0.9412 0.0050 -0.3378
vn -0.9999 -0.0001 -0.0132
vn 0.1475 -0.0001 -0.9891
vn -0.2374 -0.0000 -0.9714
vn -0.2335 0.0001 -0.9724
vn -0.3553 0.0058 0.9347
vn 0.0002 0.9003 0.4354
vn -0.0004 0.8905 0.4550
vn 0.2727 -0.7995 -0.5352
vn -0.4964 -0.5781 -0.6476
vn 0.8041 -0.0000 0.5945
vn 0.8579 -0.0002 0.5138
vn 0.8039 0.0002 0.5948
vn 0.7241 0.0003 0.6897
vn 0.9999 -0.0045 0.0156
vn 0.9569 -0.2894 0.0235
vn -0.8646 0.5024 0.0037
vn -0.3005 0.9532 0.0330
vn 0.0055 0.9657 0.2597
vn 0.8623 0.5060 -0.0191
vn 0.9979 0.0017 0.0646
vn 0.9240 0.0023 0.3823
vn 0.9622 -0.0001 0.2725
vn -0.9802 -0.1946 0.0353
vn 1.0000 -0.0000 -0.0083
vn 1.0000 -0.0000 0.0005
vn -1.0000 -0.0001 -0.0031
vn -0.2496 0.0001 -0.9683
vn -0.2453 0.0001 -0.9695
vn 0.9247 0.0001 -0.3807
vn -0.5539 -0.0001 -0.8326
vn -0.8358 0.0001 0.5491
vn -0.8257 0.0001 0.5640
vn -0.8359 -0.0001 0.5489
vn -0.8459 -0.0002 0.5333
vn -0.0020 0.9570 -0.2899
vn -0.0003 0.9982 0.0597
vn 0.0001 0.9984 0.0560
vn -0.0437 0.9349 -0.3522
vn 0.0004 -0.0049 1.0000
vn -0.0004 -0.0066 1.0000
vn 0.0003 -0.0050 1.0000
vn 0.0011 -0.0034 1.0000
vn -0.0511 0.9115 -0.4081
vn -0.0824 0.9380 -0.3366
vn 0.0008 0.5537 0.8327
vn 0.0006 0.5572 0.8304
vn 0.0011 0.5501 0.8351
vn -0.0004 0.9802 0.1981
vn -0.0002 0.9798 0.1999
vn -0.9999 0.0150 -0.0019
vn -0.9988 -0.0042 0.0478
vn -0.9997 0.0047 0.0260
vn 0.0002 -0.9997 0.0254
vn 0.0004 -0.9996 0.0268
vn 0.0002 -0.9997 0.0255
vn -0.9513 -0.2110 0.2248
vn 0.9511 -0.2268 0.2097
vn 0.0001 -0.6541 0.7564
vn -0.0003 -0.6367 0.7711
vn 0.0006 -0.6720 0.7406
vn 0.8419 0.5046 -0.1913
vn 0.8878 0.4595 0.0237
vn 0.9997 0.0043 0.0230
vn 1.0000 0.0057 0.0008
vn -0.7267 -0.6869 0.0099
vn 0.7436 -0.6685 0.0107
vn 0.9988 -0.0074 0.0494
vn 0.9760 0.0028 0.2178
vn -0.9181 0.3954 0.0290
vn -0.9794 0.0046 0.2019
vn -0.0001 1.0000 -0.0098
vn 0.9999 0.0096 -0.0117
vn 0.9997 -0.0231 0.0101
vn 0.9995 -0.0113 -0.0300
vn 0.9998 0.0074 -0.0174
vn 0.9998 0.0100 0.0143
vn 0.9995 -0.0170 0.0277
vn 0.0005 0.8245 -0.5658
vn 0.0006 0.8244 -0.5660
vn 0.4276 0.7454 -0.5115
vn 0.5355 0.6788 0.5024
vn 0.3266 0.2300 -0.9167
vn 0.0766 0.0177 -0.9969
vn 0.4319 0.9013 -0.0342
vn 0.1885 0.9815 -0.0329
vn 0.0901 0.9954 -0.0319
vn 0.0002 0.5067 0.8621
vn -0.4381 0.0333 0.8983
vn 0.0095 0.3266 0.9451
vn -0.0000 0.0200 0.9998
vn 0.3162 0.0045 0.9487
vn 0.9203 0.0115 0.3910
vn -1.0000 0.0070 0.0057
vn -1.0000 0.0084 -0.0037
vn -1.0000 0.0051 0.0061
vn -0.9997 -0.0224 0.0102
vn -0.0001 0.0244 -0.9997
vn -0.0000 0.0011 -1.0000
vn -0.9995 0.0101 -0.0304
vn -0.9996 -0.0104 -0.0262
vn -0.9994 -0.0201 -0.0286
vn -0.1872 0.0103 -0.9823
vn -0.0021 0.1822 -0.9833
vn -0.0005 0.1880 -0.9822
vn -0.2985 0.9054 -0.3019
vn -0.7761 0.0852 0.6248
vn -0.5370 0.0217 0.8433
vn -0.8123 0.5830 -0.0178
vn -0.0001 0.8244 -0.5660
vn -0.3175 0.9481 -0.0183
vn -0.0098 0.3219 -0.9467
vn -0.0006 0.0200 0.9998
vn -0.0000 1.0000 -0.0026
vn -0.0000 1.0000 0.0066
vn 0.0001 0.9999 0.0157
vn -0.0001 0.1880 -0.9822
vn -0.0002 -0.9999 -0.0149
vn 0.0006 -0.9947 0.1033
vn -0.0003 -0.9946 0.1037
vn -0.0008 -0.9998 -0.0181
vn 0.0165 -0.6831 -0.7301
vn -0.0011 -0.3247 0.9458
vn -0.0005 -0.9431 0.3326
vn -0.0020 -0.9377 0.3474
vn 0.9997 0.0140 0.0215
vn 1.0000 -0.0034 0.0029
vn -0.0004 0.9970 0.0780
vn -0.0017 0.9991 0.0429
vn -0.0006 0.9996 0.0270
vn 0.0005 0.9973 0.0739
vn 0.9987 -0.0470 0.0202
vn 0.9581 0.2637 0.1120
vn 0.9180 0.3951 0.0337
vn -0.8937 0.4483 0.0174
vn -0.9581 0.2591 0.1221
vn -0.9339 0.3498 0.0736
vn 0.9999 -0.0001 -0.0133
vn 0.9408 0.0050 -0.3389
vn 0.9998 0.0002 -0.0193
vn 0.0036 0.2785 0.9604
vn 0.0004 0.8915 0.4530
vn -0.0002 0.9013 0.4332
vn 0.4950 -0.5786 -0.6482
vn -0.8019 0.0002 0.5975
vn -0.8564 -0.0002 0.5163
vn -0.8021 -0.0000 0.5972
vn -0.7200 0.0003 0.6939
vn -0.9229 -0.0094 -0.3849
vn -0.9558 -0.2930 0.0239
vn 0.9319 0.3623 0.0182
vn -0.0039 0.9665 0.2566
vn -0.8609 0.5085 -0.0190
vn -0.9616 -0.0001 0.2744
vn -0.9233 0.0022 0.3842
vn 0.9800 -0.1960 0.0354
vn 0.2436 0.0001 -0.9699
vn 0.2396 0.0001 -0.9709
vn -0.9223 -0.0000 -0.3865
vn 0.5519 -0.0001 -0.8339
vn 0.8358 -0.0000 0.5491
vn 0.8262 0.0001 0.5634
vn 0.8357 0.0001 0.5493
vn 0.8453 -0.0002 0.5342
vn 0.0001 0.9984 0.0570
vn 0.0003 0.9982 0.0596
vn -0.0003 -0.0051 1.0000
vn -0.0008 0.5537 0.8327
vn -0.0006 0.5570 0.8305
vn -0.0011 0.5504 0.8349
vn 0.0002 0.9798 0.2000
vn 0.0004 0.9802 0.1981
vn 0.9996 0.0047 0.0260
vn -0.0002 -0.9997 0.0255
vn -0.0004 -0.9996 0.0267
vn -0.0002 -0.9997 0.0256
vn 0.9511 -0.2115 0.2253
vn -0.9501 -0.2290 0.2117
vn -0.0001 -0.6523 0.7579
vn 0.0003 -0.6350 0.7725
vn -0.0001 -0.6524 0.7579
vn -0.0006 -0.6702 0.7422
vn -0.8394 0.5086 -0.1915
vn 0.7257 -0.6879 0.0099
vn -0.7405 -0.6720 0.0106
vn -0.9756 0.0029 0.2193
vn -0.9987 -0.0074 0.0499
vn 0.9182 0.3950 0.0290
vn 0.9793 0.0046 0.2023
vn -0.0006 -0.9946 0.1036
vn 0.0002 -0.9999 -0.0146
vn 0.0008 -0.9998 -0.0180
vn -0.0004 0.0037 1.0000
vn -0.0020 0.0065 1.0000
vn -0.0004 -0.0331 0.9995
vn -0.0831 -0.7719 -0.6303
vn -0.1261 -0.8310 -0.5418
vn -0.0166 -0.6831 -0.7302
vn 0.0010 -0.3246 0.9459
vn 0.0004 -0.3306 0.9438
vn 0.0020 -0.9378 0.3472
vn 0.0005 -0.9431 0.3325
vn 1.0000 -0.0047 -0.0041
vn 0.9999 -0.0002 -0.0158
vn -0.9997 0.0140 0.0222
vn -1.0000 0.0001 -0.0060
vn 0.0006 0.9996 0.0270
vn 0.0017 0.9991 0.0430
vn 0.0004 0.9970 0.0780
vn -0.0005 0.9973 0.0738
vn -0.9987 -0.0469 0.0202
vn -0.9181 0.3949 0.0338
vn -0.9581 0.2638 0.1121
vn 0.9347 0.3478 0.0731
vn 0.9586 0.2573 0.1217
vn 0.8953 0.4452 0.0173
vn -0.9998 0.0002 -0.0193
vn -0.9407 0.0050 -0.3391
vn -0.9999 -0.0001 -0.0133
vn 0.1476 -0.0001 -0.9891
vn -0.0036 0.2771 0.9608
vn 0.0002 0.9012 0.4334
vn -0.0004 0.8915 0.4530
vn 0.2708 -0.8000 -0.5354
vn -0.4974 -0.5775 -0.6473
vn 0.8041 -0.0000 0.5944
vn 0.8577 -0.0002 0.5142
vn 0.8040 0.0002 0.5947
vn 0.7249 0.0003 0.6889
vn 0.9999 -0.0046 0.0156
vn 0.9568 -0.2897 0.0236
vn -0.9320 0.3621 0.0183
vn 0.0039 0.9662 0.2577
vn 0.8628 0.5052 -0.0191
vn 0.9243 0.0023 0.3816
vn 0.9622 -0.0001 0.2723
vn -0.9802 -0.1950 0.0354
vn 1.0000 -0.0001 -0.0083
vn 1.0000 -0.0000 0.0004
vn -0.2497 0.0001 -0.9683
vn -0.2452 0.0001 -0.9695
vn 0.9249 0.0001 -0.3802
vn -0.5556 -0.0001 -0.8314
vn -0.8357 0.0001 0.5491
vn -0.8459 -0.0002 0.5334
vn -0.0020 0.9571 -0.2899
vn -0.0437 0.9349 -0.3521
vn 0.0004 -0.0048 1.0000
vn -0.0512 0.9115 -0.4081
vn 0.0008 0.5535 0.8329
vn 0.0006 0.5569 0.8306
vn 0.0008 0.5534 0.8329
vn 0.0011 0.5500 0.8352
vn -0.0004 0.9802 0.1980
vn -0.9996 0.0047 0.0260
vn 0.0004 -0.9996 0.0267
vn -0.9512 -0.2116 0.2247
vn 0.9509 -0.2279 0.2095
vn 0.0001 -0.6524 0.7579
vn -0.0003 -0.6348 0.7726
vn 0.0006 -0.6704 0.7420
vn 0.8422 0.5041 -0.1912
vn 0.8878 0.4596 0.0237
vn -0.7268 -0.6867 0.0099
vn 0.7436 -0.6686 0.0107
vn 0.9760 0.0028 0.2180
vn -0.9181 0.3953 0.0290
vn -0.9793 0.0046 0.2021
vn -0.0629 -0.0010 0.9980
vn 0.1762 -0.0007 0.9843
vn -0.0003 0.0003 1.0000
vn -0.0078 -0.0017 1.0000
vn 0.0701 -0.8521 0.5186
vn 0.0001 -0.8055 0.5926
vn -0.9984 -0.0000 0.0558
vn -0.0001 -0.7992 0.6010
vn 0.0045 -0.0045 1.0000
vn -0.9994 -0.0057 0.0337
vn -0.0003 1.0000 0.0028
vn 0.0003 1.0000 -0.0028
vn -0.0041 -0.0014 -1.0000
vn 0.1174 -0.0005 0.9931
vn -0.0869 -0.0036 0.9962
vn 0.0151 -0.0003 0.9999
vn -0.0925 -0.8394 0.5355
vn 0.9945 -0.0012 0.1047
vn 0.0602 -0.9958 0.0697
vn -0.0020 -0.9999 0.0148
vn -0.0014 -0.3783 0.9257
vn -0.4740 -0.1724 0.8635
vn -0.3173 -0.0014 0.9483
vn -0.7289 -0.6845 0.0087
vn -0.8349 -0.5165 -0.1901
vn -0.7278 -0.6857 0.0068
vn -0.9326 0.3368 -0.1299
vn -0.8374 -0.5010 0.2188
vn -0.0007 1.0000 -0.0005
vn -0.4059 0.9139 -0.0029
vn 0.0016 0.9979 0.0649
vn -0.0029 1.0000 0.0022
vn -0.3367 0.9325 0.1310
vn -0.4273 0.9041 0.0029
vn 0.0002 -0.3159 -0.9488
vn 0.0003 -0.3332 0.9429
vn 0.4884 -0.0111 0.8726
vn 0.0003 -0.9429 -0.3332
vn 0.4957 -0.8684 -0.0155
vn 0.4465 -0.8948 0.0028
vn 0.0003 -0.9488 0.3160
vn -0.1819 -0.3259 -0.9277
vn -0.0014 -0.6520 -0.7582
vn -0.0005 -0.7220 -0.6919
vn -0.2497 0.3913 0.8858
vn -0.5927 0.0010 0.8054
vn -0.0011 0.5927 0.8054
vn 0.0776 -0.7994 0.5957
vn 0.3101 0.1914 -0.9312
vn 0.3159 0.0001 -0.9488
vn -0.1964 -0.2986 0.9340
vn -0.4811 -0.0004 0.8767
vn -0.0003 -0.7516 0.6596
vn -0.3804 -0.0004 0.9248
vn -0.0102 -0.4012 0.9159
vn 0.3752 -0.0009 0.9269
vn 0.9294 0.2011 -0.3095
vn 0.3460 0.0001 0.9383
vn 0.3098 0.1964 0.9303
vn -0.1250 -0.5342 0.8361
vn -0.0004 -0.5632 0.8263
vn -0.8681 -0.4879 0.0916
vn -0.8372 -0.5429 0.0658
vn -0.7151 -0.6572 0.2380
vn -0.9639 -0.2335 0.1278
vn -0.9570 -0.2772 0.0854
vn -0.9488 -0.0004 0.3158
vn 0.9384 0.1482 0.3122
vn 0.5572 0.1146 0.8224
vn 0.0016 0.5870 0.8096
vn 0.5889 0.0010 0.8082
vn -0.5510 0.1151 -0.8265
vn -0.0016 0.5850 -0.8110
vn -0.5890 0.0010 -0.8082
vn -0.1894 -0.3638 0.9120
vn 0.2766 -0.4628 0.8422
vn 0.1942 -0.3144 0.9292
vn 0.0004 -0.7358 0.6771
vn 0.4344 -0.0005 0.9007
vn 0.3523 -0.0008 0.9359
vn 0.4660 -0.1781 0.8667
vn 0.7283 -0.6852 0.0089
vn 0.8391 -0.5058 -0.2001
vn 0.7305 -0.6828 0.0145
vn 0.9323 0.3373 0.1307
vn 0.9979 0.0010 -0.0641
vn 0.9136 0.4066 -0.0029
vn -0.0006 -0.3412 -0.9400
vn -0.3159 -0.0002 -0.9488
vn -0.0005 -0.9399 0.3414
vn -0.3155 -0.9489 0.0011
vn 0.2495 0.3877 -0.8873
vn 0.5758 0.0010 -0.8176
vn 0.0011 0.5890 -0.8081
vn 0.0005 -0.7205 0.6934
vn 0.1845 -0.3347 0.9241
vn 0.0035 -0.3813 0.9244
vn 0.3753 -0.0010 0.9269
vn -0.3416 -0.0005 0.9399
vn -0.0310 -0.3996 0.9162
vn -0.9308 0.1922 -0.3109
vn -0.3161 0.0001 0.9487
vn 0.0004 -0.5504 0.8349
vn 0.0001 -0.5569 0.8306
vn 0.1166 -0.5453 0.8301
vn 0.6937 -0.6823 0.2308
vn 0.9488 -0.0011 0.3160
vn 0.9508 -0.3006 0.0753
vn -0.9427 -0.0000 0.3338
vn 0.5763 -0.0002 -0.8172
vn 0.1975 -0.3313 -0.9226
vn 0.5745 -0.0006 -0.8185
vn 0.9466 -0.2788 0.1620
vn 0.3908 -0.0045 0.9205
vn -0.6390 -0.0002 -0.7692
vn -0.6960 -0.0004 -0.7180
vn -0.5937 0.0004 0.8047
vn -0.8566 -0.5152 0.0295
vn -0.7433 -0.6689 -0.0000
vn -0.9488 -0.0000 0.3158
vn 0.2041 -0.8098 0.5500
vn 0.2987 -0.9517 0.0706
vn -0.2567 -0.9487 0.1846
vn -0.3723 -0.9268 0.0503
vn 0.9978 -0.0013 0.0665
vn 0.9420 -0.0018 0.3355
vn -0.0001 -0.3511 0.9364
vn -0.0001 -0.9916 0.1292
vn 0.0001 -0.9998 0.0184
vn 0.0001 -0.9939 -0.1106
vn -0.0000 -0.9906 -0.1366
vn -0.9213 -0.0733 0.3819
vn -0.0002 -0.7217 0.6922
vn -0.0004 -0.7883 0.6153
vn 0.3868 -0.0002 0.9222
vn 0.6453 -0.0002 0.7639
vn -0.3044 -0.7704 0.5603
vn -0.2867 -0.7751 0.5631
vn -0.0000 0.6106 0.7920
vn 0.2046 -0.9777 0.0470
vn 0.3216 -0.9443 0.0703
vn -0.3758 -0.9245 0.0638
vn -0.9348 -0.3544 0.0242
vn 0.0002 -0.7233 -0.6906
vn 0.0004 -0.7917 -0.6109
vn -0.0000 0.6090 -0.7932
vn -0.0000 0.6134 -0.7898
vn -0.0000 0.6045 -0.7966
vn 0.2562 -0.7735 0.5797
vn 0.7907 0.6122 -0.0005
vn 0.8166 0.5773 -0.0000
vn -1.0000 0.0001 -0.0004
vn 1.0000 0.0001 -0.0000
vn -0.9999 0.0006 0.0105
vn -0.9986 -0.0093 0.0515
vn -0.9999 -0.0039 -0.0127
vn -0.8131 0.5821 -0.0021
vn -0.8702 -0.4927 -0.0038
vn -0.8944 -0.4472 -0.0008
vn -0.8392 -0.5438 -0.0074
vn -0.8156 -0.0080 -0.5786
vn -0.7353 -0.0082 0.6777
vn -0.7822 0.0007 -0.6230
vn 0.9997 -0.0108 0.0200
vn 0.9987 -0.0092 0.0501
vn -0.0000 -0.0168 -0.9999
vn 0.8155 0.5788 -0.0019
vn 0.8705 -0.4922 -0.0033
vn 0.8988 -0.4384 0.0003
vn 0.8324 -0.5541 -0.0075
vn 0.8214 -0.0074 -0.5703
vn 0.7252 -0.0090 0.6885
vn 0.7696 0.0010 -0.6385
vn -0.0000 -0.1331 0.9911
vn -0.0000 -0.0169 0.9999
vn -0.0000 1.0000 -0.0001
vn 1.0000 0.0057 0.0028
vn 0.9997 -0.0227 0.0100
vn 0.9998 0.0073 -0.0174
vn 0.9995 -0.0167 0.0275
vn 0.0006 0.8227 -0.5685
vn 0.4276 0.7438 -0.5137
vn 0.5349 0.6781 0.5041
vn 0.3258 0.2309 -0.9168
vn 0.0005 0.0117 -0.9999
vn 0.0743 0.0178 -0.9971
vn 0.4294 0.9025 -0.0342
vn 0.1863 0.9819 -0.0330
vn 0.0887 0.9955 -0.0319
vn 0.0002 0.5075 0.8617
vn -0.4400 0.0333 0.8974
vn 0.0094 0.3235 0.9462
vn -0.0000 0.0199 0.9998
vn 0.3141 0.0046 0.9494
vn 0.9212 0.0114 0.3890
vn -1.0000 0.0070 0.0058
vn -1.0000 0.0051 0.0062
vn -0.0000 0.0015 -1.0000
vn -0.9994 -0.0203 -0.0286
vn -0.1873 0.0103 -0.9823
vn -0.2979 0.9056 -0.3018
vn -0.7766 0.0851 0.6242
vn -0.5375 0.0218 0.8430
vn -0.8118 0.5837 -0.0178
vn -0.0001 0.8227 -0.5685
vn -0.0098 0.3215 -0.9468
vn -0.0006 0.0199 0.9998
vn -0.0000 1.0000 0.0068
vn -0.0000 0.0018 1.0000
vn 0.9987 -0.0469 0.0202
vn 0.9584 0.2617 0.1136
vn -0.8936 0.4485 0.0180
vn -0.9583 0.2575 0.1239
vn -0.9341 0.3492 0.0748
vn 0.9411 0.0050 -0.3381
vn 0.0036 0.2795 0.9601
vn 0.0004 0.8906 0.4547
vn -0.0002 0.9005 0.4349
vn -0.8017 0.0002 0.5977
vn -0.8568 -0.0002 0.5156
vn -0.8019 -0.0000 0.5974
vn -0.7188 0.0003 0.6952
vn -0.9980 -0.0582 -0.0259
vn -0.9231 -0.0093 -0.3845
vn -0.9560 -0.2923 0.0239
vn 0.9320 0.3620 0.0181
vn -0.0039 0.9661 0.2581
vn -0.8603 0.5094 -0.0190
vn -0.9616 -0.0001 0.2745
vn -0.9230 0.0022 0.3848
vn -0.9224 -0.0000 -0.3862
vn 0.5521 -0.0001 -0.8338
vn 0.8356 -0.0001 0.5493
vn 0.8259 0.0001 0.5638
vn 0.8355 0.0001 0.5495
vn 0.8453 -0.0002 0.5343
vn -0.0011 0.5507 0.8347
vn 0.9996 0.0047 0.0261
vn 0.9512 -0.2108 0.2255
vn -0.9503 -0.2279 0.2119
vn -0.0001 -0.6543 0.7562
vn 0.0003 -0.6370 0.7708
vn -0.0006 -0.6721 0.7405
vn -0.8394 0.5086 -0.1914
vn -0.8948 0.4461 0.0198
vn 0.7253 -0.6883 0.0099
vn -0.7405 -0.6720 0.0107
vn -0.9757 0.0029 0.2193
vn 0.9180 0.3955 0.0290
vn 0.9793 0.0047 0.2024
vn 0.0002 -0.9999 -0.0145
vn 0.0005 -0.0003 1.0000
vn -0.1260 -0.8311 -0.5417
vn 0.0020 -0.9379 0.3468
vn -0.8941 0.4467 0.0310
vn -0.9584 0.2617 0.1138
vn -0.9355 0.3446 0.0780
vn 0.9349 0.3470 0.0743
vn 0.9589 0.2555 0.1234
vn 0.8952 0.4453 0.0179
vn -0.9412 0.0049 -0.3377
vn 0.1472 -0.0001 -0.9891
vn -0.3560 0.0058 0.9345
vn -0.4964 -0.5780 -0.6477
vn 0.8040 -0.0000 0.5946
vn 0.8580 -0.0002 0.5137
vn 0.8038 0.0002 0.5949
vn 0.7238 0.0003 0.6900
vn 0.9569 -0.2893 0.0235
vn -0.8645 0.5026 0.0037
vn 0.8623 0.5061 -0.0191
vn 0.9979 0.0017 0.0647
vn 0.9240 0.0023 0.3824
vn 0.9621 -0.0001 0.2726
vn -0.9802 -0.1947 0.0353
vn 0.9248 0.0001 -0.3805
vn -0.5538 -0.0001 -0.8327
vn -0.8355 0.0001 0.5495
vn -0.8255 0.0001 0.5645
vn -0.8357 -0.0001 0.5492
vn -0.8458 -0.0002 0.5335
vn 0.0003 -0.0051 1.0000
vn -0.0004 0.9802 0.1982
vn -0.9988 -0.0042 0.0479
vn -0.9996 0.0048 0.0261
vn -0.9512 -0.2113 0.2248
vn 0.9511 -0.2270 0.2096
vn 0.0001 -0.6539 0.7566
vn -0.0003 -0.6366 0.7712
vn 0.0006 -0.6718 0.7408
vn 0.8421 0.5042 -0.1912
vn 0.8880 0.4593 0.0236
vn -0.7268 -0.6868 0.0099
vn 0.7438 -0.6683 0.0107
vn -0.9180 0.3954 0.0290
vn -0.9793 0.0046 0.2022
vn 0.9999 0.0095 -0.0116
vn 1.0000 0.0075 0.0017
vn 0.9997 -0.0227 0.0099
vn 0.9998 0.0074 -0.0173
vn 0.9998 0.0100 0.0144
vn 0.9995 -0.0167 0.0276
vn 0.0006 0.8246 -0.5658
vn 0.0005 0.8244 -0.5660
vn 0.4271 0.7456 -0.5115
vn 0.5355 0.6792 0.5020
vn 0.3265 0.2306 -0.9166
vn 0.0753 0.0177 -0.9970
vn 0.4330 0.9007 -0.0342
vn 0.1878 0.9816 -0.0330
vn 0.0891 0.9955 -0.0319
vn 0.0002 0.5066 0.8622
vn -0.4386 0.0333 0.8981
vn 0.0095 0.3260 0.9453
vn 0.0001 0.0200 0.9998
vn 0.3159 0.0045 0.9488
vn -0.9997 -0.0225 0.0102
vn -0.9994 -0.0201 -0.0285
vn -0.1874 0.0103 -0.9822
vn -0.0021 0.1819 -0.9833
vn -0.0004 0.1877 -0.9822
vn -0.2985 0.9054 -0.3020
vn -0.7761 0.0854 0.6249
vn -0.5365 0.0217 0.8436
vn -0.8124 0.5828 -0.0178
vn -0.3174 0.9481 -0.0183
vn -0.0098 0.3222 -0.9466
vn 0.0001 0.9999 0.0156
vn -0.0000 0.0019 1.0000
vn -0.0001 0.1876 -0.9822
vn 0.0002 -0.0334 0.9994
vn 0.0773 -0.7716 -0.6313
vn -0.0003 0.9970 0.0780
vn 0.9581 0.2637 0.1121
vn 0.9179 0.3953 0.0337
vn -0.8938 0.4482 0.0174
vn -0.9581 0.2590 0.1222
vn -0.9340 0.3497 0.0737
vn 0.9407 0.0049 -0.3391
vn 0.0036 0.2786 0.9604
vn -0.0002 0.9013 0.4333
vn 0.4952 -0.5785 -0.6481
vn -0.8019 0.0002 0.5974
vn -0.8565 -0.0002 0.5162
vn -0.7200 0.0003 0.6940
vn -0.9230 -0.0094 -0.3848
vn -0.9558 -0.2931 0.0239
vn 0.9319 0.3622 0.0182
vn -0.8609 0.5084 -0.0190
vn 0.9799 -0.1962 0.0354
vn -0.9224 -0.0000 -0.3863
vn 0.5522 -0.0001 -0.8337
vn 0.8357 -0.0001 0.5492
vn 0.8260 0.0001 0.5636
vn 0.8356 0.0001 0.5494
vn -0.0005 -0.0047 1.0000
vn -0.0002 -0.0052 1.0000
vn -0.0008 0.5536 0.8328
vn -0.0006 0.5569 0.8306
vn 0.9997 0.0047 0.0260
vn 0.9510 -0.2115 0.2254
vn -0.9501 -0.2289 0.2119
vn -0.0001 -0.6523 0.7580
vn -0.0006 -0.6701 0.7423
vn -0.8395 0.5085 -0.1914
vn 0.7253 -0.6883 0.0098
vn -0.7403 -0.6722 0.0106
vn -0.9757 0.0029 0.2192
vn 0.9182 0.3951 0.0290
vn 0.0002 -0.9999 -0.0147
vn -0.0005 0.0037 1.0000
vn -0.0003 -0.0331 0.9995
vn -0.0831 -0.7719 -0.6302
vn 1.0000 -0.0001 -0.0024
vn -0.9997 0.0141 0.0222
vn 0.0016 0.9991 0.0430
vn -0.9180 0.3952 0.0338
vn -0.9580 0.2640 0.1121
vn 0.9348 0.3476 0.0730
vn 0.9587 0.2572 0.1215
vn 0.8954 0.4450 0.0173
vn 0.1477 -0.0001 -0.9890
vn -0.0036 0.2774 0.9607
vn 0.0002 0.9013 0.4333
vn 0.2708 -0.8000 -0.5355
vn -0.4976 -0.5775 -0.6472
vn 0.8043 -0.0000 0.5942
vn 0.8578 -0.0002 0.5141
vn 0.8041 0.0002 0.5945
vn 0.7252 0.0003 0.6886
vn 0.9569 -0.2896 0.0236
vn -0.9319 0.3622 0.0182
vn 0.0039 0.9662 0.2578
vn 0.8629 0.5050 -0.0191
vn 0.9244 0.0023 0.3814
vn -0.9801 -0.1952 0.0354
vn -0.2453 0.0001 -0.9694
vn 0.9249 0.0001 -0.3801
vn -0.5558 -0.0001 -0.8313
vn -0.8355 0.0001 0.5494
vn -0.8256 0.0001 0.5642
vn -0.8457 -0.0002 0.5337
vn 0.0006 0.5570 0.8305
vn 0.0008 0.5535 0.8328
vn 0.0011 0.5500 0.8351
vn -0.9996 0.0047 0.0261
vn 0.0003 -0.9997 0.0257
vn 0.0001 -0.9997 0.0251
vn -0.9511 -0.2119 0.2249
vn 0.9510 -0.2278 0.2092
vn 0.0001 -0.6523 0.7580
vn -0.0003 -0.6348 0.7727
vn 0.0006 -0.6703 0.7421
vn 0.8423 0.5040 -0.1912
vn 0.8881 0.4591 0.0236
vn 0.7441 -0.6680 0.0107
vn 0.9988 -0.0074 0.0493
vn -0.9181 0.3954 0.0291
vn -0.9793 0.0046 0.2024
vn -0.9998 -0.0149 -0.0114
vn -0.9997 -0.0106 0.0200
vn -0.9986 -0.0094 0.0515
vn -0.8131 0.5822 -0.0021
vn -0.8945 -0.4470 -0.0008
vn -0.8157 -0.0080 -0.5784
vn -0.7351 -0.0082 0.6779
vn -0.7820 0.0007 -0.6233
vn 0.9987 -0.0089 0.0501
vn 0.8158 0.5784 -0.0019
vn 0.8990 -0.4379 0.0003
vn 0.8323 -0.5542 -0.0075
vn 0.8212 -0.0074 -0.5706
vn 0.7253 -0.0090 0.6883
vn -0.0000 -1.0000 0.0029
vn -0.0000 -0.0085 1.0000
vn -0.0000 -0.0093 1.0000
vn -0.0000 -0.0168 0.9999
vn 0.0005 0.8231 -0.5679
vn 0.0006 0.8230 -0.5680
vn 0.4281 0.7438 -0.5133
vn 0.5346 0.6780 0.5045
vn 0.3259 0.2304 -0.9169
vn 0.4291 0.9026 -0.0342
vn 0.1865 0.9819 -0.0330
vn 0.1865 0.9819 -0.0329
vn 0.0892 0.9955 -0.0319
vn -0.4406 0.0333 0.8971
vn 0.3139 0.0046 0.9494
vn 0.9212 0.0115 0.3890
vn -0.0000 0.0013 -1.0000
vn -0.9999 0.0073 -0.0099
vn -0.1878 0.0103 -0.9821
vn -0.0022 0.1828 -0.9832
vn -0.2979 0.9058 -0.3014
vn -0.7763 0.0851 0.6245
vn -0.5372 0.0218 0.8432
vn -0.8117 0.5838 -0.0178
vn -0.0001 0.8230 -0.5680
vn -0.3201 0.9472 -0.0182
vn -0.0098 0.3216 -0.9468
vn -0.0020 -0.9378 0.3472
vn 0.9999 -0.0021 0.0166
vn -0.0004 0.9969 0.0783
vn -0.0017 0.9991 0.0430
vn 0.0005 0.9972 0.0741
vn 0.9583 0.2623 0.1133
vn -0.8936 0.4486 0.0179
vn -0.9582 0.2579 0.1236
vn -0.9340 0.3494 0.0746
vn 0.9411 0.0049 -0.3380
vn 0.0036 0.2792 0.9602
vn 0.0004 0.8909 0.4543
vn -0.0002 0.9007 0.4345
vn 0.4963 -0.5781 -0.6477
vn -0.8020 0.0002 0.5974
vn -0.8565 -0.0002 0.5161
vn -0.8021 -0.0000 0.5971
vn -0.7198 0.0003 0.6942
vn -0.9230 0.0022 0.3847
vn -0.9979 0.0017 0.0648
vn 0.9801 -0.1952 0.0354
vn 0.5523 -0.0001 -0.8336
vn 0.8358 -0.0001 0.5491
vn 0.8262 0.0001 0.5633
vn 0.8356 0.0001 0.5493
vn 0.8452 -0.0002 0.5344
vn -0.0006 0.5572 0.8304
vn -0.0011 0.5505 0.8348
vn 0.9511 -0.2117 0.2251
vn -0.9502 -0.2291 0.2114
vn -0.0001 -0.6531 0.7573
vn 0.0003 -0.6357 0.7719
vn -0.0006 -0.6709 0.7415
vn 0.7256 -0.6880 0.0099
vn -0.7406 -0.6718 0.0107
vn -0.0023 -0.0338 0.9994
vn -0.1261 -0.8310 -0.5417
vn -0.0165 -0.6831 -0.7301
vn -0.0019 0.9996 0.0273
vn 0.0006 0.9970 0.0779
vn -0.0050 0.9974 0.0725
vn -0.8942 0.4467 0.0308
vn -0.9583 0.2624 0.1133
vn -0.9354 0.3449 0.0776
vn 0.9347 0.3475 0.0740
vn 0.9587 0.2562 0.1231
vn 0.8951 0.4456 0.0178
vn 0.1465 -0.0001 -0.9892
vn -0.2373 -0.0000 -0.9714
vn -0.3554 0.0058 0.9347
vn 0.0002 0.9005 0.4350
vn -0.0004 0.8907 0.4546
vn 0.2724 -0.7996 -0.5352
vn -0.4965 -0.5779 -0.6477
vn 0.8036 -0.0000 0.5951
vn 0.8573 -0.0002 0.5148
vn 0.8034 0.0002 0.5954
vn 0.7239 0.0003 0.6899
vn 0.9570 -0.2893 0.0235
vn -0.8647 0.5023 0.0037
vn -0.3004 0.9533 0.0330
vn 0.0055 0.9657 0.2596
vn 0.8622 0.5062 -0.0191
vn -0.9803 -0.1945 0.0353
vn 0.9248 0.0001 -0.3804
vn -0.5543 -0.0001 -0.8323
vn -0.8356 0.0001 0.5493
vn -0.8257 0.0001 0.5641
vn -0.8357 -0.0001 0.5491
vn 0.0002 -0.0053 1.0000
vn 0.0005 -0.0047 1.0000
vn 0.0008 0.5536 0.8328
vn -0.9999 0.0149 -0.0019
vn 0.0002 -0.9997 0.0256
vn -0.9511 -0.2122 0.2243
vn 0.9508 -0.2285 0.2091
vn 0.0001 -0.6529 0.7574
vn -0.0003 -0.6353 0.7722
vn 0.0001 -0.6529 0.7575
vn 0.0006 -0.6710 0.7415
vn 0.8878 0.4595 0.0236
vn 1.0000 0.0058 0.0008
vn -0.7269 -0.6866 0.0099
vn 0.7437 -0.6684 0.0107
vn -0.9182 0.3951 0.0290
vn -0.9794 0.0046 0.2020
vn -0.9986 -0.0094 0.0516
vn -0.8132 0.5820 -0.0021
vn -0.8944 -0.4473 -0.0008
vn -0.8702 -0.4928 -0.0038
vn -0.8157 -0.0080 -0.5785
vn -0.7352 -0.0082 0.6778
vn -0.7819 0.0007 -0.6233
vn 0.9999 0.0007 0.0102
vn 0.8213 -0.0074 -0.5705
vn 0.7248 -0.0090 0.6889
vn 0.7695 0.0010 -0.6387
vn -0.0001 -0.9999 0.0156
vn -0.0000 -0.0090 1.0000
vn -0.0000 -0.0167 0.9999
vn -0.0000 1.0000 0.0098
vn 0.0006 0.8230 -0.5681
vn 0.4282 0.7438 -0.5132
vn 0.5348 0.6781 0.5042
vn 0.3264 0.2303 -0.9168
vn 0.0757 0.0177 -0.9970
vn 0.1868 0.9819 -0.0329
vn 0.1867 0.9819 -0.0329
vn 0.0895 0.9955 -0.0319
vn -0.4402 0.0333 0.8973
vn 0.0094 0.3239 0.9461
vn 0.3145 0.0046 0.9492
vn -0.9994 -0.0202 -0.0286
vn -0.1881 0.0103 -0.9821
vn -0.2979 0.9057 -0.3015
vn -0.7764 0.0851 0.6244
vn -0.5374 0.0218 0.8430
vn -0.8118 0.5836 -0.0178
vn -0.0001 0.8230 -0.5681
vn -0.3200 0.9472 -0.0182
vn 0.0005 0.9973 0.0741
vn 0.9583 0.2622 0.1133
vn 0.9179 0.3955 0.0338
vn -0.8935 0.4486 0.0179
vn -0.9582 0.2579 0.1237
vn -0.9340 0.3494 0.0747
vn 0.4962 -0.5781 -0.6477
vn -0.7197 0.0003 0.6942
vn -0.9230 -0.0094 -0.3847
vn -1.0000 -0.0038 0.0086
vn 0.9319 0.3622 0.0181
vn -0.0039 0.9661 0.2583
vn -0.9616 -0.0001 0.2746
vn -0.9229 0.0022 0.3851
vn 0.8263 0.0001 0.5632
vn 0.8452 -0.0002 0.5345
vn -0.0008 0.5538 0.8326
vn -0.0001 -0.9997 0.0253
vn -0.0002 -0.9997 0.0257
vn 0.9510 -0.2117 0.2252
vn -0.9502 -0.2290 0.2116
vn 0.0003 -0.6358 0.7719
vn -0.0006 -0.6710 0.7415
vn -0.0743 -0.7741 -0.6287
vn -0.0166 -0.6831 -0.7301
vn 0.0020 -0.9378 0.3471
vn 0.0005 -0.9432 0.3323
vn 0.0017 0.9991 0.0432
vn -0.9987 -0.0468 0.0203
vn -0.8938 0.4475 0.0309
vn -0.9582 0.2628 0.1135
vn -0.9352 0.3454 0.0778
vn 0.9347 0.3476 0.0741
vn 0.9587 0.2563 0.1231
vn 0.8949 0.4459 0.0178
vn -0.9412 0.0049 -0.3379
vn 0.1474 -0.0001 -0.9891
vn -0.3557 0.0058 0.9346
vn 0.0002 0.9006 0.4347
vn -0.0004 0.8908 0.4543
vn 0.2745 -0.7990 -0.5350
vn -0.4978 -0.5775 -0.6471
vn 0.8036 -0.0000 0.5952
vn 0.8576 -0.0002 0.5143
vn 0.8034 0.0002 0.5955
vn 0.7231 0.0003 0.6907
vn 0.9570 -0.2891 0.0235
vn -0.8642 0.5032 0.0037
vn 0.8620 0.5065 -0.0191
vn 0.9241 0.0023 0.3822
vn 0.9622 -0.0001 0.2724
vn -0.9803 -0.1943 0.0353
vn -0.8354 0.0001 0.5496
vn -0.8253 0.0001 0.5646
vn -0.8355 -0.0001 0.5495
vn -0.8456 -0.0002 0.5339
vn 0.0004 -0.0050 1.0000
vn -0.9511 -0.2123 0.2244
vn 0.9509 -0.2283 0.2090
vn -0.0003 -0.6354 0.7722
vn 0.0006 -0.6709 0.7415
vn 0.8422 0.5042 -0.1912
vn 0.8880 0.4593 0.0237
vn 0.7439 -0.6682 0.0107
vn -0.0002 -0.0009 1.0000
vn -0.0000 -0.0028 1.0000
vn -0.0000 -0.0003 1.0000
vn -0.0000 -0.0008 1.0000
vn -0.0001 -0.9771 0.2127
vn -0.0001 -0.9729 0.2314
vn -0.0000 -0.9814 0.1918
vn -0.0000 -0.9996 0.0293
vn -0.0000 -0.9996 0.0299
vn -0.0000 -0.8836 0.4682
vn -0.0000 -0.8802 0.4747
vn -0.0000 -0.5423 0.8402
vn -0.0000 -0.5135 0.8581
vn 0.0001 -0.5691 0.8223
vn -0.0000 -0.4794 0.8776
vn -0.0000 -0.4881 0.8728
vn -0.0000 -0.0010 -1.0000
vn -0.0000 -0.0003 -1.0000
vn -0.0000 -0.0028 -1.0000
vn -0.0000 -0.9771 -0.2126
vn -0.0000 -0.9815 -0.1917
vn -0.0001 -0.9771 -0.2126
vn -0.0001 -0.9729 -0.2313
vn -0.0000 -0.9983 -0.0577
vn -0.0000 -0.8760 -0.4824
vn -0.0000 -0.8802 -0.4745
vn -0.0000 -0.9999 -0.0171
vn 0.0001 -0.5423 -0.8402
vn 0.0001 -0.5691 -0.8223
vn -0.0000 -0.5423 -0.8402
vn -0.0000 -0.5135 -0.8581
vn -0.0000 -0.4793 -0.8776
vn -0.0000 -0.4881 -0.8728
vn -0.0027 -0.0008 -1.0000
vn -0.0003 -0.3164 -0.9486
vn -0.3335 -0.0008 -0.9427
vn -0.0027 0.0033 -1.0000
vn -0.3250 0.0001 -0.9457
vn -0.0012 0.5458 -0.8379
vn 0.0006 0.5206 -0.8538
vn 0.0002 0.5338 -0.8456
vn 0.1472 0.5130 -0.8457
vn 0.3347 -0.0004 -0.9423
vn 0.0005 -0.3164 -0.9486
vn 0.0016 -0.0019 -1.0000
vn -0.3244 -0.0004 0.9459
vn -0.0005 -0.3164 0.9486
vn -0.0017 -0.0020 1.0000
vn 0.0026 -0.0008 1.0000
vn 0.0003 -0.3164 0.9486
vn 0.3337 -0.0008 0.9427
vn 0.0019 0.0024 1.0000
vn 0.3253 0.0001 0.9456
vn 0.0011 0.5459 0.8379
vn -0.0005 0.5457 0.8380
vn -0.3162 0.0003 0.9487
vn -0.0045 0.0014 1.0000
vn -0.0014 -0.9598 -0.2807
vn -0.3169 -0.9032 -0.2893
vn -0.3322 -0.9017 -0.2767
vn -0.0014 -0.9596 -0.2813
vn 0.0027 -0.9600 -0.2799
vn 0.0007 -0.9598 -0.2806
vn 0.3313 -0.9024 -0.2756
vn 0.3150 -0.9040 -0.2890
vn 0.0014 -0.9598 0.2807
vn 0.3173 -0.9033 0.2887
vn 0.3322 -0.9018 0.2764
vn 0.0014 -0.9596 0.2814
vn -0.0028 -0.9600 0.2799
vn -0.0007 -0.9598 0.2807
vn -0.3312 -0.9023 0.2759
vn -0.3147 -0.9040 0.2895
vn 1.0000 -0.0008 -0.0006
vn 0.9437 -0.3308 -0.0007
vn 0.9563 -0.0004 -0.2923
vn 0.8294 0.5376 -0.1518
vn 0.8411 0.5365 0.0679
vn 0.8367 0.5360 0.1120
vn 0.8182 0.5236 0.2373
vn 0.8170 0.5263 0.2355
vn 0.9571 -0.0004 0.2896
vn 0.0009 0.9985 -0.0542
vn 0.1878 0.9796 -0.0719
vn 0.2191 0.9587 -0.1813
vn 0.0009 0.9873 -0.1587
vn -0.0004 0.9868 -0.1622
vn -0.1878 0.9822 0.0005
vn -0.0005 0.9984 0.0563
vn -0.0008 0.9860 0.1667
vn 0.0004 0.9861 0.1662
vn -0.8408 0.5414 -0.0000
vn -0.8420 0.5395 0.0012
vn -0.8155 0.5267 -0.2401
vn -0.8151 0.5274 -0.2396
vn -0.9579 -0.0004 -0.2869
vn -0.9439 -0.3302 0.0002
vn -0.9952 -0.0006 0.0980
vn -0.9555 -0.0009 0.2950
vn -0.8153 0.5278 0.2381
vn -0.8161 0.5261 0.2392
vn -0.3930 0.1624 -0.9051
vn -0.0013 0.5218 -0.8531
vn -0.5267 0.0009 -0.8500
vn 0.2111 0.3474 -0.9136
vn 0.5223 0.0011 -0.8527
vn 0.0011 0.5246 -0.8513
vn 0.3918 -0.1627 -0.9055
vn 0.0013 -0.5227 -0.8525
vn 0.5255 -0.0009 -0.8508
vn -0.2118 -0.3482 -0.9132
vn -0.5237 -0.0011 -0.8519
vn -0.0011 -0.5259 -0.8505
vn -0.4033 -0.1676 0.8996
vn -0.0018 -0.5348 0.8450
vn -0.5371 -0.0009 0.8435
vn 0.2182 -0.3569 0.9083
vn 0.5346 -0.0013 0.8451
vn 0.0011 -0.5351 0.8448
vn 0.4020 0.1676 0.9002
vn 0.0014 0.5340 0.8455
vn 0.5352 0.0009 0.8447
vn -0.2185 0.3565 0.9084
vn -0.5357 0.0013 0.8444
vn -0.0011 0.5349 0.8449
vn 1.0000 0.0010 -0.0089
vn 0.8812 0.4712 -0.0388
vn 1.0000 0.0021 0.0014
vn 0.0011 -1.0000 -0.0089
vn 0.4713 -0.8811 -0.0387
vn 0.0026 -1.0000 0.0013
vn -1.0000 -0.0010 -0.0090
vn -0.8819 -0.4698 -0.0388
vn -1.0000 -0.0021 0.0013
vn -0.0011 1.0000 -0.0089
vn -0.4699 0.8818 -0.0388
vn -0.0026 1.0000 0.0014
vn 1.0000 -0.0010 -0.0088
vn 0.8865 -0.4623 0.0210
vn 0.9998 -0.0022 -0.0191
vn -0.0012 -1.0000 -0.0088
vn -0.4614 -0.8870 0.0211
vn -0.0027 -0.9998 -0.0191
vn -1.0000 0.0010 -0.0089
vn -0.8869 0.4614 0.0210
vn -0.9998 0.0022 -0.0191
vn 0.0012 1.0000 -0.0088
vn 0.4623 0.8865 0.0210
vn 0.0027 0.9998 -0.0190
vn -0.0001 0.9999 0.0115
vn 0.0001 0.9999 -0.0114
vn 0.9563 -0.0000 -0.2925
vn 0.9500 0.0001 -0.3122
vn 0.0034 -0.0000 -1.0000
vn -1.0000 -0.0000 -0.0000
vn -0.9999 -0.0001 0.0115
vn -0.9999 0.0001 -0.0115
vn -0.9578 -0.0000 0.2875
vn -0.9601 -0.0000 0.2798
vn 0.0001 -0.9999 0.0114
vn -0.0001 -0.9999 -0.0115
vn -0.9579 -0.0000 -0.2871
vn -0.9596 -0.0000 -0.2815
vn 0.9999 0.0001 0.0114
vn 0.9999 -0.0001 -0.0114
vn 0.3364 -0.0000 -0.9417
vn 0.9571 -0.0001 0.2898
vn 0.9618 -0.0000 0.2739
vn -0.0025 -0.0008 -1.0000
vn -0.0002 -0.3164 -0.9486
vn -0.3336 -0.0008 -0.9427
vn 0.3190 -0.0004 -0.9477
vn 0.0017 -0.0022 -1.0000
vn -0.3270 -0.0004 0.9450
vn -0.0017 -0.0022 1.0000
vn 0.0025 -0.0008 1.0000
vn 0.0002 -0.3164 0.9486
vn 0.3339 -0.0008 0.9426
vn -0.3323 -0.9017 -0.2766
vn -0.0012 -0.9596 -0.2813
vn -0.0012 -0.9598 -0.2807
vn -0.3169 -0.9033 -0.2893
vn 0.3150 -0.9040 -0.2889
vn 0.0024 -0.9601 -0.2798
vn 0.0013 -0.9596 0.2813
vn 0.0012 -0.9598 0.2807
vn -0.3312 -0.9023 0.2760
vn -0.0025 -0.9600 0.2799
vn -0.0006 -0.9598 0.2807
vn 0.9998 -0.0009 0.0212
vn 0.9437 -0.3308 -0.0006
vn 0.9565 -0.0007 -0.2916
vn 0.6304 0.7741 -0.0581
vn 0.6253 0.7802 -0.0160
vn 0.6235 0.7818 -0.0028
vn 0.6170 0.7860 0.0391
vn 0.9501 -0.0004 0.3119
vn -0.6249 0.7807 -0.0004
vn -0.6249 0.7807 0.0005
vn -0.6239 0.7805 -0.0387
vn -0.9550 -0.0004 -0.2967
vn -0.9439 -0.3302 0.0006
vn -0.9944 -0.0005 0.1052
vn -0.9555 -0.0008 0.2950
vn -0.6250 0.7797 0.0389
vn -0.0003 0.0002 -1.0000
vn -0.0010 0.5224 -0.8527
vn -0.5267 0.0009 -0.8501
vn 0.1763 0.3795 -0.9082
vn 0.4795 0.0010 -0.8776
vn 0.0008 0.5255 -0.8508
vn 0.0004 0.0002 1.0000
vn 0.0010 0.5345 0.8451
vn 0.5351 0.0008 0.8448
vn -0.1824 0.3893 0.9028
vn -0.4934 0.0010 0.8698
vn -0.0008 0.5357 0.8444
vn 1.0000 0.0009 -0.0032
vn 0.8810 0.4715 -0.0388
vn 1.0000 0.0019 0.0014
vn -0.0009 1.0000 -0.0089
vn -0.4700 0.8818 -0.0388
vn -0.0020 1.0000 0.0014
vn -0.9999 0.0009 -0.0140
vn -0.8869 0.4616 0.0210
vn -0.9998 0.0020 -0.0191
vn 0.0009 1.0000 -0.0088
vn 0.4625 0.8864 0.0210
vn 0.0021 0.9998 -0.0191
vn -0.0000 1.0000 -0.0049
vn -0.0000 1.0000 0.0049
vn -0.0000 0.7761 -0.6306
vn -0.0000 0.7756 -0.6312
vn -0.0000 0.7764 -0.6303
vn -0.0000 0.7768 -0.6298
vn -0.0000 0.9945 0.1050
vn -0.0000 0.9994 -0.0341
vn -0.0000 0.9994 0.0353
vn -0.0000 0.9944 0.1057
vn 0.0019 -0.0000 1.0000
vn -0.0033 -0.0000 1.0000
vn -0.0000 -0.8279 0.5609
vn -0.0001 -0.8403 0.5421
vn -0.0000 -0.8150 0.5795
vn 0.3283 -0.0000 0.9446
vn 0.9634 0.0001 -0.2681
vn 0.9488 0.0003 -0.3160
vn -0.9999 -0.0001 -0.0141
vn -1.0000 -0.0002 -0.0089
vn -0.4979 -0.0001 -0.8672
vn -0.0008 -0.0000 -1.0000
vn -1.0000 -0.0003 0.0030
vn -1.0000 -0.0003 -0.0056
vn -0.9999 -0.0004 0.0115
vn 0.0033 -0.0000 -1.0000
vn 0.3275 0.0002 -0.9448
vn 0.3073 -0.0000 -0.9516
vn 0.9515 0.0008 -0.3076
vn 0.9801 0.0001 0.1985
vn -0.3281 -0.0000 -0.9446
vn -0.0020 -0.0000 -1.0000
vn -0.9550 -0.0000 0.2967
vn -0.9545 -0.0000 0.2983
vn 0.5061 -0.0001 0.8625
vn -0.0000 0.7773 0.6292
vn -0.0000 0.7768 0.6297
vn -0.0000 0.9946 -0.1034
vn -0.0000 0.9947 -0.1026
vn -0.0000 -1.0000 -0.0018
vn -0.0000 -1.0000 -0.0024
vn -0.0000 -0.8141 -0.5808
vn 0.0001 -0.8277 -0.5612
vn -0.0000 -0.8140 -0.5808
vn -0.0000 -0.8000 -0.6000
vn -0.3212 -0.0000 0.9470
vn -0.9549 -0.0000 -0.2969
vn -0.9536 -0.0000 -0.3011
vn 1.0000 -0.0002 -0.0078
vn 0.4807 0.0001 -0.8769
vn 0.4455 -0.0000 -0.8953
vn 1.0000 -0.0003 -0.0029
vn 0.9999 -0.0004 -0.0114
vn 1.0000 -0.0003 0.0056
vn 0.9484 -0.0000 0.3172
vn -0.4945 0.0001 0.8692
vn -0.4571 -0.0000 0.8894
vn -0.0000 -0.9998 -0.0208
vn -0.8698 -0.4934 -0.0038
vn -0.8944 -0.4473 -0.0007
vn -0.8383 -0.5451 -0.0074
vn -0.8150 -0.0080 -0.5794
vn -0.7340 -0.0082 0.6791
vn 1.0000 -0.0000 0.0080
vn 0.9999 0.0007 0.0104
vn 0.9997 -0.0108 0.0201
vn 0.9998 -0.0149 -0.0101
vn 0.9987 -0.0091 0.0503
vn 0.9979 -0.0056 -0.0644
vn 0.9999 -0.0039 -0.0110
vn 0.8139 0.5811 -0.0019
vn 0.8687 -0.4953 -0.0033
vn 0.8976 -0.4408 0.0004
vn 0.8687 -0.4952 -0.0033
vn 0.8298 -0.5580 -0.0076
vn 0.8195 -0.0074 -0.5730
vn 0.7224 -0.0090 0.6914
vn 0.7675 0.0010 -0.6410
vn -0.0000 -1.0000 0.0004
vn -0.0000 -1.0000 0.0014
vn -0.0000 -1.0000 -0.0007
vn -0.0001 -0.9999 0.0158
vn -0.0000 -0.0172 0.9999
vn -0.9998 -0.0009 -0.0185
vn -0.9999 0.0007 0.0104
vn -0.8703 -0.4924 -0.0038
vn -0.8946 -0.4469 -0.0008
vn -0.8704 -0.4924 -0.0038
vn -0.8394 -0.5435 -0.0074
vn -0.8152 -0.0080 -0.5791
vn -0.7347 -0.0082 0.6783
vn 0.9987 -0.0090 0.0501
vn 0.8155 0.5787 -0.0019
vn 0.8988 -0.4385 0.0003
vn -0.0000 -1.0000 0.0012
vn -0.0000 -0.0089 1.0000
vn -0.9992 -0.0395 0.0035
vn -0.9993 0.0378 0.0030
vn -0.9780 -0.2085 0.0003
vn -0.9504 -0.3111 0.0049
vn -0.8660 -0.5000 0.0021
vn -0.8660 -0.5000 0.0040
vn -0.7068 -0.7074 -0.0009
vn -0.7121 -0.7021 -0.0018
vn -0.5343 -0.8453 -0.0035
vn -0.4667 -0.8844 -0.0018
vn -0.3107 -0.9505 -0.0024
vn -0.2057 -0.9786 0.0049
vn -0.0379 -0.9993 0.0030
vn 0.0396 -0.9992 0.0035
vn 0.2085 -0.9780 0.0003
vn 0.3111 -0.9504 0.0049
vn 0.5000 -0.8660 0.0020
vn 0.4999 -0.8661 0.0039
vn 0.7070 -0.7072 -0.0009
vn 0.7018 -0.7123 -0.0019
vn 0.8452 -0.5344 -0.0035
vn 0.8845 -0.4666 -0.0018
vn 0.9506 -0.3105 -0.0025
vn 0.9786 -0.2055 0.0049
vn 1.0000 -0.0000 0.0020
vn 1.0000 -0.0001 0.0039
vn 0.9654 0.2608 0.0016
vn 0.9680 0.2508 -0.0018
vn 0.8845 0.4665 0.0018
vn 0.8452 0.5344 0.0035
vn 0.7428 0.6695 0.0003
vn 0.6675 0.7446 0.0049
vn 0.5001 0.8660 0.0021
vn 0.5001 0.8660 0.0039
vn 0.2589 0.9659 -0.0009
vn 0.2660 0.9640 -0.0018
vn 0.0402 0.9992 -0.0035
vn -0.0383 0.9993 -0.0018
vn -0.2065 0.9784 -0.0024
vn -0.3114 0.9503 0.0049
vn -0.4668 0.8843 0.0030
vn -0.5338 0.8456 0.0035
vn -0.7069 0.7073 0.0008
vn -0.7123 0.7019 0.0018
vn -0.8656 0.5007 -0.0038
vn -0.8662 0.4997 -0.0011
vn -0.9506 0.3104 -0.0024
vn -0.9786 0.2055 0.0049
vn -0.0012 -0.0021 -1.0000
vn -0.0772 -0.0428 -0.9961
vn -0.0291 0.0002 -0.9996
vn -0.0129 0.0076 -0.9999
vn -0.0050 0.0088 -0.9999
vn -0.0000 0.0080 -1.0000
vn 0.0040 0.0064 -1.0000
vn 0.0070 0.0040 -1.0000
vn 0.0099 -0.0000 -1.0000
vn 0.0126 -0.0073 -0.9999
vn 0.0138 -0.0249 -0.9996
vn -0.0007 -0.0887 -0.9961
vn -0.0012 -0.0021 1.0000
vn -0.0276 -0.0002 0.9996
vn -0.0759 -0.0451 0.9961
vn 0.0144 -0.0239 0.9996
vn 0.0011 -0.0854 0.9963
vn 0.0127 -0.0072 0.9999
vn 0.0099 -0.0000 1.0000
vn 0.0069 0.0040 1.0000
vn 0.0035 0.0065 1.0000
vn -0.0001 0.0080 1.0000
vn -0.0048 0.0083 1.0000
vn -0.0126 0.0070 0.9999
vn -0.3745 -0.0972 -0.9221
vn -0.3636 0.1023 -0.9259
vn -0.2718 0.2761 -0.9219
vn -0.0933 0.3661 -0.9259
vn 0.1007 0.3647 -0.9257
vn 0.2753 0.2708 -0.9224
vn 0.3665 0.0951 -0.9256
vn 0.3640 -0.1023 -0.9258
vn 0.2653 -0.2694 -0.9258
vn 0.0970 -0.3742 -0.9222
vn -0.1025 -0.3671 -0.9245
vn -0.2723 -0.2671 -0.9244
vn -0.3564 -0.1001 0.9290
vn -0.2742 -0.2776 0.9207
vn -0.0918 -0.3625 0.9274
vn 0.1000 -0.3560 0.9291
vn 0.2750 -0.2709 0.9225
vn 0.3589 -0.0915 0.9289
vn 0.3636 0.1020 0.9260
vn 0.2589 0.2652 0.9288
vn 0.0971 0.3744 0.9222
vn -0.1003 0.3566 0.9289
vn -0.2694 0.2654 0.9257
vn -0.3588 0.0914 0.9289
vn -0.9658 0.2552 -0.0456
vn -0.9658 0.2569 -0.0365
vn -0.9655 0.2570 -0.0422
vn -0.9651 0.2603 -0.0271
vn -0.9656 -0.2567 -0.0426
vn -0.9655 -0.2589 -0.0272
vn -0.9659 -0.2565 -0.0363
vn -0.9659 -0.2546 -0.0464
vn -0.7095 0.7035 -0.0420
vn -0.7089 0.7045 -0.0343
vn -0.7099 0.7035 -0.0332
vn -0.7104 0.7024 -0.0447
vn -0.2672 0.9626 -0.0456
vn -0.2656 0.9634 -0.0365
vn -0.2654 0.9632 -0.0421
vn -0.2623 0.9646 -0.0272
vn 0.2596 0.9652 -0.0331
vn 0.2596 0.9648 -0.0421
vn 0.2557 0.9656 -0.0460
vn 0.2629 0.9643 -0.0321
vn 0.7098 0.7031 -0.0426
vn 0.7085 0.7052 -0.0272
vn 0.7101 0.7031 -0.0362
vn 0.7113 0.7013 -0.0464
vn 0.9644 0.2626 -0.0330
vn 0.9641 0.2624 -0.0419
vn 0.9628 0.2663 -0.0460
vn 0.9653 0.2591 -0.0320
vn 0.9658 -0.2551 -0.0462
vn 0.9652 -0.2594 -0.0332
vn 0.9649 -0.2594 -0.0421
vn 0.9643 -0.2630 -0.0321
vn 0.7078 -0.7056 -0.0332
vn 0.7075 -0.7054 -0.0421
vn 0.7102 -0.7025 -0.0460
vn 0.7054 -0.7081 -0.0322
vn 0.2671 -0.9626 -0.0462
vn 0.2631 -0.9642 -0.0332
vn 0.2629 -0.9639 -0.0421
vn 0.2595 -0.9652 -0.0321
vn -0.2634 -0.9641 -0.0333
vn -0.2631 -0.9638 -0.0425
vn -0.2588 -0.9654 -0.0327
vn -0.2675 -0.9624 -0.0470
vn -0.7054 -0.7080 -0.0332
vn -0.7052 -0.7077 -0.0421
vn -0.7022 -0.7105 -0.0461
vn -0.7080 -0.7054 -0.0322
vn -0.4019 0.9150 -0.0352
vn -0.3974 0.9174 -0.0228
vn -0.3975 0.9170 -0.0346
vn -0.3932 0.9192 -0.0222
vn -0.8058 -0.5917 -0.0225
vn -0.8084 -0.5873 -0.0390
vn -0.8050 -0.5923 -0.0337
vn -0.8017 -0.5973 -0.0219
vn -0.8024 0.5963 -0.0254
vn -0.8011 0.5975 -0.0332
vn -0.8080 0.5878 -0.0395
vn -0.7953 0.6059 -0.0211
vn -0.3900 -0.9205 -0.0246
vn -0.4002 -0.9158 -0.0345
vn -0.3893 -0.9205 -0.0353
vn -0.3803 -0.9246 -0.0203
vn 0.1153 0.9927 -0.0347
vn 0.1180 0.9928 -0.0211
vn 0.1169 0.9926 -0.0318
vn 0.1184 0.9928 -0.0194
vn -0.9928 -0.1168 -0.0250
vn -0.9942 -0.1013 -0.0356
vn -0.9925 -0.1179 -0.0311
vn -0.9910 -0.1325 -0.0200
vn 0.6020 0.7981 -0.0254
vn 0.6018 0.7980 -0.0312
vn 0.5974 0.8012 -0.0347
vn 0.6048 0.7960 -0.0222
vn -0.9161 0.4002 -0.0227
vn -0.9129 0.4063 -0.0394
vn -0.9162 0.3993 -0.0340
vn -0.9196 0.3923 -0.0218
vn 0.9181 0.3957 -0.0204
vn 0.9176 0.3958 -0.0367
vn 0.9159 0.3998 -0.0352
vn 0.9195 0.3927 -0.0179
vn -0.5904 0.8068 -0.0226
vn -0.5862 0.8092 -0.0400
vn -0.5911 0.8059 -0.0343
vn -0.5960 0.8027 -0.0218
vn 0.9937 -0.1046 -0.0395
vn 0.9929 -0.1159 -0.0253
vn 0.9925 -0.1176 -0.0332
vn 0.9915 -0.1285 -0.0209
vn -0.1198 0.9925 -0.0246
vn -0.1085 0.9935 -0.0343
vn -0.1206 0.9921 -0.0350
vn -0.1301 0.9913 -0.0203
vn 0.8024 -0.5958 -0.0350
vn 0.8013 -0.5979 -0.0208
vn 0.8018 -0.5967 -0.0321
vn 0.8014 -0.5978 -0.0189
vn 0.4011 0.9158 -0.0228
vn 0.4069 0.9126 -0.0403
vn 0.4001 0.9158 -0.0344
vn 0.3932 0.9192 -0.0219
vn 0.4019 -0.9150 -0.0352
vn 0.3970 -0.9175 -0.0227
vn 0.3967 -0.9172 -0.0366
vn 0.3924 -0.9195 -0.0222
vn 0.8026 0.5959 -0.0251
vn 0.8104 0.5845 -0.0393
vn 0.8015 0.5971 -0.0329
vn 0.7936 0.6081 -0.0202
vn -0.1238 -0.9920 -0.0252
vn -0.1237 -0.9918 -0.0312
vn -0.1176 -0.9925 -0.0347
vn -0.1280 -0.9915 -0.0219
vn 0.9929 0.1160 -0.0250
vn 0.9942 0.1013 -0.0355
vn 0.9926 0.1171 -0.0310
vn 0.9912 0.1309 -0.0201
vn -0.5979 -0.8012 -0.0229
vn -0.5972 -0.8014 -0.0320
vn -0.5974 -0.8012 -0.0349
vn -0.5972 -0.8018 -0.0232
vn 0.9162 -0.4000 -0.0226
vn 0.9137 -0.4044 -0.0390
vn 0.9163 -0.3991 -0.0338
vn 0.9189 -0.3938 -0.0219
vn -0.9165 -0.3993 -0.0230
vn -0.9166 -0.3983 -0.0341
vn -0.9144 -0.4029 -0.0397
vn -0.9189 -0.3938 -0.0222
vn 0.6001 -0.7996 -0.0246
vn 0.5904 -0.8064 -0.0346
vn 0.6006 -0.7988 -0.0349
vn 0.6090 -0.7930 -0.0201
vn -0.9927 0.1154 -0.0349
vn -0.9928 0.1173 -0.0229
vn -0.9927 0.1166 -0.0319
vn -0.9928 0.1177 -0.0230
vn 0.1169 -0.9928 -0.0249
vn 0.1052 -0.9937 -0.0396
vn 0.1186 -0.9924 -0.0330
vn 0.1301 -0.9913 -0.0202
vn -0.8662 0.4986 -0.0329
vn -0.8681 0.4947 -0.0418
vn -0.8654 0.4994 -0.0417
vn -0.8641 0.5023 -0.0305
vn -0.9994 -0.0061 -0.0329
vn -0.9989 -0.0069 -0.0457
vn -0.9989 -0.0063 -0.0457
vn -0.9995 -0.0054 -0.0304
vn -0.8657 -0.4988 -0.0412
vn -0.8651 -0.5004 -0.0333
vn -0.8657 -0.4996 -0.0303
vn -0.8652 -0.4992 -0.0463
vn -0.4975 0.8665 -0.0414
vn -0.4958 0.8680 -0.0272
vn -0.4989 0.8662 -0.0287
vn -0.4994 0.8652 -0.0457
vn -0.0025 0.9991 -0.0412
vn -0.0055 0.9995 -0.0306
vn -0.0032 0.9994 -0.0334
vn 0.0017 0.9989 -0.0467
vn 0.4983 0.8665 -0.0307
vn 0.4946 0.8679 -0.0458
vn 0.4988 0.8655 -0.0463
vn 0.5016 0.8647 -0.0263
vn 0.8647 0.5005 -0.0410
vn 0.8623 0.5055 -0.0297
vn 0.8652 0.5004 -0.0330
vn 0.8673 0.4945 -0.0570
vn 0.9995 0.0002 -0.0312
vn 0.9992 -0.0019 -0.0409
vn 0.9990 -0.0011 -0.0456
vn 0.9997 -0.0006 -0.0262
vn 0.8662 -0.4986 -0.0329
vn 0.8681 -0.4947 -0.0418
vn 0.8657 -0.4986 -0.0440
vn 0.8641 -0.5023 -0.0305
vn 0.5030 -0.8633 -0.0407
vn 0.5056 -0.8622 -0.0306
vn 0.5036 -0.8633 -0.0333
vn 0.4994 -0.8652 -0.0457
vn -0.0003 -0.9994 -0.0333
vn -0.0019 -0.9992 -0.0408
vn -0.0012 -0.9990 -0.0456
vn -0.0014 -0.9995 -0.0303
vn -0.4986 -0.8662 -0.0329
vn -0.4946 -0.8679 -0.0460
vn -0.4988 -0.8655 -0.0464
vn -0.5023 -0.8641 -0.0305
vn -0.3759 0.1985 0.9051
vn -0.4248 0.0598 0.9033
vn -0.0158 0.0084 0.9998
vn -0.0101 -0.0012 0.9999
vn -0.3998 -0.1461 0.9049
vn -0.0159 -0.0024 0.9999
vn -0.4428 0.1243 0.8880
vn -0.4638 0.1565 0.8720
vn -0.4230 -0.0120 0.9061
vn -0.0109 0.0001 0.9999
vn -0.3944 -0.1664 0.9038
vn -0.1173 -0.1003 0.9880
vn -0.2956 -0.3680 0.8816
vn -0.1146 -0.0986 0.9885
vn -0.4318 -0.1226 0.8936
vn -0.0033 -0.0009 1.0000
vn -0.3605 -0.2228 0.9058
vn -0.0137 -0.0084 0.9999
vn -0.2562 -0.3419 0.9041
vn -0.0036 -0.0105 0.9999
vn -0.0733 -0.4663 0.8816
vn -0.0060 -0.0169 0.9998
vn -0.3136 -0.3213 0.8935
vn -0.0062 -0.0061 1.0000
vn -0.1986 -0.3759 0.9051
vn -0.0076 -0.0143 0.9999
vn -0.0557 -0.4245 0.9037
vn 0.0020 -0.0113 0.9999
vn 0.1692 -0.4408 0.8815
vn 0.0036 -0.0191 0.9998
vn -0.1095 -0.4355 0.8935
vn -0.0023 -0.0087 1.0000
vn 0.0184 -0.4246 0.9052
vn 0.0007 -0.0171 0.9999
vn 0.1629 -0.3970 0.9032
vn 0.0068 -0.0091 0.9999
vn 0.3270 -0.2720 0.9050
vn 0.0125 -0.0154 0.9998
vn 0.1134 -0.4455 0.8881
vn 0.0965 -0.4798 0.8720
vn 0.2159 -0.3630 0.9064
vn 0.0095 -0.0174 0.9998
vn 0.3419 -0.2562 0.9041
vn 0.0135 -0.0045 0.9999
vn 0.4664 -0.0733 0.8815
vn 0.0232 -0.0082 0.9997
vn 0.3213 -0.3135 0.8936
vn 0.0077 -0.0078 0.9999
vn 0.3756 -0.1985 0.9053
vn 0.0185 -0.0098 0.9998
vn 0.4245 -0.0556 0.9037
vn 0.0152 0.0027 0.9999
vn 0.4455 0.1546 0.8819
vn 0.4643 0.1387 0.8747
vn 0.0045 0.0170 0.9998
vn 0.5095 -0.0404 0.8595
vn 0.0083 -0.0037 1.0000
vn 0.4267 0.0310 0.9038
vn 0.0135 -0.0041 0.9999
vn 0.3969 0.1629 0.9033
vn 0.1143 0.0852 0.9898
vn 0.2722 0.3269 0.9050
vn 0.1091 0.0881 0.9901
vn 0.4456 0.1134 0.8880
vn 0.4799 0.0965 0.8720
vn 0.3627 0.2162 0.9065
vn 0.0226 0.0123 0.9997
vn 0.2561 0.3419 0.9042
vn 0.0053 0.0157 0.9999
vn 0.0885 0.4631 0.8819
vn 0.1121 0.4715 0.8747
vn -0.0140 0.0080 0.9999
vn 0.2905 0.4209 0.8593
vn 0.0084 0.0060 0.9999
vn 0.1889 0.3841 0.9037
vn 0.0168 0.0171 0.9997
vn 0.0598 0.4249 0.9033
vn -0.0015 0.0137 0.9999
vn -0.1462 0.3995 0.9050
vn -0.0033 0.0214 0.9998
vn 0.1244 0.4428 0.8880
vn 0.1566 0.4639 0.8719
vn -0.0119 0.4233 0.9059
vn 0.0002 0.0233 0.9997
vn -0.1629 0.3970 0.9033
vn -0.0074 0.0099 0.9999
vn -0.3136 0.2861 0.9054
vn -0.0230 -0.0055 0.9997
vn -0.0041 0.0160 0.9999
vn -0.2331 0.3571 0.9045
vn -0.0012 0.0144 0.9999
vn -0.3418 0.2562 0.9042
vn -0.1495 0.0505 0.9875
vn -0.4663 0.0733 0.8816
vn -0.1518 0.0536 0.9870
vn -0.3213 0.3135 0.8936
vn -0.0029 0.0029 1.0000
vn -0.3927 -0.1834 -0.9012
vn -0.4669 -0.0625 -0.8821
vn -0.0120 -0.0137 -0.9998
vn -0.0105 0.0099 -0.9999
vn -0.0069 0.0241 -0.9997
vn -0.0079 -0.0208 -0.9998
vn -0.4833 0.0311 -0.8749
vn -0.0163 -0.0105 -0.9998
vn -0.4315 0.1625 -0.8874
vn -0.0068 0.0050 -1.0000
vn -0.2793 0.3259 -0.9032
vn -0.0093 0.0077 -0.9999
vn -0.4350 0.1007 -0.8948
vn -0.0070 0.0018 -1.0000
vn -0.4071 0.2520 -0.8779
vn -0.0150 0.0092 -0.9998
vn -0.2852 0.3567 -0.8896
vn -0.0035 0.0103 -0.9999
vn -0.0891 0.4688 -0.8788
vn -0.1147 0.4768 -0.8715
vn 0.0152 0.0200 -0.9997
vn -0.2873 0.4226 -0.8596
vn -0.0067 0.0047 -1.0000
vn -0.2164 0.4314 -0.8758
vn -0.0166 0.0079 -0.9998
vn -0.0731 0.4529 -0.8885
vn 0.0024 0.0129 -0.9999
vn 0.1534 0.4518 -0.8788
vn 0.1348 0.4715 -0.8715
vn 0.0145 0.0088 -0.9999
vn -0.0434 0.5109 -0.8585
vn -0.0036 0.0075 -1.0000
vn 0.0337 0.4833 -0.8748
vn -0.0045 0.0202 -0.9998
vn 0.1573 0.4344 -0.8869
vn 0.0166 0.0126 -0.9998
vn 0.0324 0.0098 -0.9994
vn -0.0147 0.0098 -0.9998
vn 0.2456 0.3562 -0.9015
vn 0.0127 0.0157 -0.9998
vn 0.3748 0.2829 -0.8829
vn 0.3995 0.2586 -0.8795
vn 0.4888 -0.0038 -0.8724
vn -0.0429 -0.0428 -0.9982
vn -0.0028 -0.0156 -0.9999
vn 0.0084 0.0085 -0.9999
vn 0.4319 0.2141 -0.8761
vn 0.0315 0.0215 -0.9993
vn 0.4519 0.0730 -0.8891
vn 0.0271 -0.0049 -0.9996
vn 0.4509 -0.1569 -0.8787
vn 0.4704 -0.1392 -0.8714
vn 0.0045 -0.0222 -0.9997
vn 0.5097 0.0367 -0.8595
vn 0.0227 0.0104 -0.9997
vn 0.4815 -0.0310 -0.8759
vn 0.0473 0.0057 -0.9989
vn 0.4333 -0.1576 -0.8874
vn 0.0094 -0.0164 -0.9998
vn 0.0174 -0.0176 -0.9997
vn 0.0433 0.0037 -0.9991
vn 0.4286 -0.1040 -0.8975
vn 0.4073 -0.2520 -0.8778
vn 0.0377 -0.0232 -0.9990
vn 0.2853 -0.3567 -0.8896
vn 0.0062 -0.0183 -0.9998
vn 0.0891 -0.4688 -0.8788
vn 0.1148 -0.4768 -0.8715
vn -0.0221 -0.0003 -0.9998
vn 0.2873 -0.4226 -0.8596
vn 0.0162 -0.0114 -0.9998
vn 0.2173 -0.4331 -0.8748
vn 0.0259 -0.0293 -0.9992
vn 0.0737 -0.4542 -0.8879
vn -0.0026 -0.0140 -0.9999
vn -0.1569 -0.4507 -0.8788
vn -0.1392 -0.4702 -0.8715
vn -0.0197 0.0097 -0.9998
vn 0.0367 -0.5096 -0.8596
vn 0.0044 -0.0102 -0.9999
vn -0.0379 -0.4313 -0.9014
vn 0.0079 -0.0288 -0.9996
vn -0.1815 -0.4348 -0.8820
vn -0.0125 -0.0040 -0.9999
vn -0.0154 0.0059 -0.9999
vn 0.0102 -0.0237 -0.9997
vn -0.2648 -0.4046 -0.8753
vn -0.0056 -0.0221 -0.9997
vn -0.3580 -0.2868 -0.8886
vn -0.0093 -0.0031 -1.0000
vn -0.4681 -0.0918 -0.8789
vn -0.4759 -0.1182 -0.8716
vn -0.0052 0.0134 -0.9999
vn -0.4208 -0.2922 -0.8588
vn -0.0033 -0.0046 -1.0000
vn -0.9490 0.2569 0.1826
vn -0.9443 0.2581 0.2040
vn -0.9296 0.2656 -0.2555
vn -0.9495 -0.2546 0.1833
vn -0.9492 -0.2547 0.1849
vn -0.9244 -0.2654 -0.2739
vn -0.6957 0.6954 0.1800
vn -0.6907 0.6940 0.2031
vn -0.6726 0.6942 -0.2561
vn -0.2572 0.9490 0.1824
vn -0.2538 0.9453 0.2047
vn -0.2399 0.9372 -0.2532
vn 0.2594 0.9484 0.1824
vn 0.2593 0.9482 0.1835
vn 0.2663 0.9301 -0.2532
vn 0.6971 0.6934 0.1822
vn 0.6969 0.6933 0.1836
vn 0.6679 0.6906 -0.2775
vn 0.9501 0.2546 0.1802
vn 0.9495 0.2548 0.1831
vn 0.9366 0.2389 -0.2562
vn 0.9484 -0.2594 0.1821
vn 0.9482 -0.2593 0.1834
vn 0.9296 -0.2656 -0.2556
vn 0.6935 -0.6970 0.1824
vn 0.6935 -0.6969 0.1828
vn 0.6731 -0.6948 -0.2534
vn 0.2546 -0.9495 0.1831
vn 0.2547 -0.9492 0.1847
vn 0.2399 -0.9372 -0.2532
vn -0.2569 -0.9489 0.1831
vn -0.2580 -0.9441 0.2050
vn -0.2371 -0.9320 -0.2741
vn -0.6972 -0.6934 0.1818
vn -0.6969 -0.6933 0.1833
vn -0.6939 -0.6732 -0.2556
vn -0.3853 0.9006 0.2012
vn -0.3844 0.9019 0.1968
vn -0.3900 0.8904 -0.2349
vn -0.3866 0.8898 -0.2426
vn -0.7312 -0.6181 -0.2887
vn -0.7833 -0.5830 0.2157
vn -0.7834 -0.5820 0.2180
vn -0.8128 0.5462 0.2025
vn -0.7245 0.6180 -0.3051
vn -0.3814 -0.8928 -0.2395
vn -0.3494 -0.8839 -0.3109
vn -0.4271 -0.8776 0.2179
vn 0.1199 0.9597 0.2541
vn 0.1440 0.9702 0.1948
vn 0.0591 0.9694 -0.2382
vn -0.9646 -0.1491 -0.2174
vn -0.9727 -0.0664 0.2223
vn 0.5464 0.8131 0.2010
vn 0.5346 0.8097 -0.2422
vn -0.8994 0.3230 -0.2946
vn -0.8980 0.3835 0.2158
vn -0.8970 0.3841 0.2187
vn 0.8889 0.3722 0.2669
vn 0.9147 0.3532 0.1966
vn 0.8886 0.3815 -0.2547
vn 0.8805 0.3547 -0.3144
vn -0.6163 0.7241 -0.3096
vn -0.5828 0.7836 0.2154
vn -0.5823 0.7836 0.2164
vn 0.9768 -0.0678 0.2032
vn 0.9384 -0.1719 -0.2998
vn -0.1135 0.9654 -0.2346
vn -0.1367 0.9427 -0.3042
vn -0.0662 0.9735 0.2190
vn 0.7683 -0.5816 0.2675
vn 0.7648 -0.6124 0.1998
vn 0.8106 -0.5350 -0.2381
vn 0.3193 0.8963 -0.3077
vn 0.3840 0.8979 0.2154
vn 0.3841 0.8975 0.2167
vn 0.3846 -0.9008 0.2016
vn 0.3841 -0.9014 0.1997
vn 0.3833 -0.8889 -0.2509
vn 0.3563 -0.8810 -0.3113
vn 0.7316 0.6151 -0.2940
vn 0.8104 0.5433 0.2192
vn -0.0677 -0.9769 0.2026
vn -0.0594 -0.9685 -0.2418
vn 0.9646 0.1491 -0.2174
vn 0.9734 0.0663 0.2195
vn -0.5849 -0.7856 0.2017
vn -0.5858 -0.7855 0.1993
vn -0.5347 -0.8097 -0.2420
vn 0.9001 -0.3214 -0.2943
vn 0.8977 -0.3846 0.2152
vn 0.8978 -0.3845 0.2150
vn -0.9004 -0.3857 0.2012
vn -0.9021 -0.3845 0.1958
vn -0.8977 -0.3147 -0.3084
vn 0.5795 -0.7801 -0.2358
vn 0.5872 -0.7524 -0.2984
vn 0.5435 -0.8103 0.2194
vn -0.9727 0.1147 0.2020
vn -0.9730 0.1154 0.2001
vn -0.9693 0.0591 -0.2387
vn 0.1727 -0.9377 -0.3015
vn 0.0663 -0.9734 0.2191
vn -0.8727 0.4549 0.1777
vn -0.8376 0.4800 -0.2608
vn -0.8401 0.4924 -0.2276
vn -0.9446 -0.0053 -0.3280
vn -0.9454 -0.0045 -0.3259
vn -0.9866 0.0363 0.1593
vn -0.8502 -0.4201 -0.3173
vn -0.8289 -0.5304 0.1778
vn -0.4969 0.8387 0.2227
vn -0.5174 0.8390 0.1682
vn -0.4242 0.8522 -0.3064
vn 0.0362 0.9866 0.1592
vn 0.0631 0.9452 -0.3205
vn 0.4313 0.8653 0.2554
vn 0.4684 0.8177 -0.3347
vn 0.4704 0.8182 -0.3305
vn 0.8719 0.4630 0.1593
vn 0.8173 0.4696 -0.3340
vn 0.8184 0.4744 -0.3243
vn 0.9649 0.0605 0.2554
vn 0.9499 -0.0599 -0.3069
vn 0.8726 -0.4549 0.1778
vn 0.8333 -0.4647 -0.2995
vn 0.8297 -0.4542 -0.3244
vn 0.4631 -0.8719 0.1592
vn 0.4241 -0.8522 -0.3064
vn 0.0437 -0.9831 0.1777
vn -0.0599 -0.9499 -0.3067
vn -0.4550 -0.8725 0.1778
vn -0.4686 -0.8169 -0.3362
vn -0.4714 -0.8176 -0.3306
vn -0.9659 -0.2588 -0.0000
vn -0.9960 -0.0889 -0.0000
vn -0.9960 0.0889 -0.0000
vn -0.5750 -0.8181 -0.0000
vn -0.4210 -0.9071 -0.0001
vn -0.7071 -0.7071 -0.0000
vn -0.2588 -0.9659 -0.0000
vn 0.4210 -0.9071 -0.0000
vn 0.5750 -0.8181 -0.0000
vn 0.2588 -0.9659 -0.0000
vn 0.7071 -0.7071 -0.0000
vn 0.9960 -0.0889 -0.0000
vn 0.9960 0.0889 -0.0000
vn 0.9659 -0.2588 -0.0000
vn 0.9071 0.4209 -0.0000
vn 0.8182 0.5749 -0.0000
vn 0.7073 0.7069 -0.0000
vn 0.0888 0.9960 -0.0000
vn -0.0888 0.9960 -0.0000
vn 0.2585 0.9660 -0.0000
vn -0.2585 0.9660 -0.0000
vn -0.8182 0.5749 -0.0000
vn -0.9071 0.4209 -0.0000
vn -0.7073 0.7069 -0.0000
vn -0.7073 0.7070 -0.0000
vn -0.9648 0.2611 -0.0327
vn -0.9644 0.2609 -0.0445
vn -0.9652 0.2576 -0.0453
vn -0.9643 0.2630 -0.0321
vn -0.9656 -0.2566 -0.0425
vn -0.9655 -0.2591 -0.0271
vn -0.9659 -0.2565 -0.0362
vn -0.9660 -0.2542 -0.0465
vn -0.7078 0.7056 -0.0331
vn -0.7075 0.7054 -0.0421
vn -0.7102 0.7025 -0.0460
vn -0.7054 0.7081 -0.0322
vn -0.2670 0.9626 -0.0455
vn -0.2654 0.9632 -0.0422
vn -0.2624 0.9646 -0.0272
vn 0.2551 0.9658 -0.0462
vn 0.2593 0.9652 -0.0333
vn 0.2593 0.9649 -0.0422
vn 0.7100 0.7029 -0.0426
vn 0.7086 0.7051 -0.0272
vn 0.7103 0.7029 -0.0364
vn 0.7116 0.7011 -0.0465
vn 0.9643 0.2628 -0.0331
vn 0.9640 0.2626 -0.0421
vn 0.9652 0.2596 -0.0321
vn 0.9651 -0.2598 -0.0331
vn 0.9647 -0.2598 -0.0420
vn 0.9656 -0.2561 -0.0460
vn 0.7075 -0.7055 -0.0421
vn 0.7101 -0.7026 -0.0460
vn 0.7054 -0.7080 -0.0322
vn 0.2666 -0.9627 -0.0461
vn 0.2629 -0.9642 -0.0332
vn 0.2628 -0.9639 -0.0421
vn -0.2608 -0.9648 -0.0327
vn -0.2604 -0.9645 -0.0445
vn -0.2589 -0.9653 -0.0327
vn -0.2641 -0.9635 -0.0447
vn -0.7018 -0.7109 -0.0463
vn -0.7054 -0.7081 -0.0332
vn -0.7052 -0.7078 -0.0422
vn -0.7082 -0.7053 -0.0322
vn -0.4019 0.9150 -0.0353
vn -0.3916 0.9198 -0.0252
vn -0.3912 0.9197 -0.0339
vn -0.3820 0.9239 -0.0210
vn -0.7993 -0.6005 -0.0244
vn -0.8051 -0.5921 -0.0344
vn -0.7986 -0.6009 -0.0352
vn -0.7937 -0.6079 -0.0202
vn -0.8026 0.5962 -0.0210
vn -0.8027 0.5956 -0.0295
vn -0.8038 0.5941 -0.0297
vn -0.8019 0.5972 -0.0189
vn -0.3973 -0.9175 -0.0203
vn -0.4016 -0.9152 -0.0345
vn -0.3973 -0.9170 -0.0359
vn -0.3940 -0.9189 -0.0180
vn 0.1195 0.9925 -0.0249
vn 0.1202 0.9921 -0.0356
vn 0.1103 0.9933 -0.0349
vn 0.1278 0.9916 -0.0210
vn -0.9938 -0.1090 -0.0205
vn -0.9942 -0.1013 -0.0355
vn -0.9935 -0.1089 -0.0320
vn -0.9930 -0.1164 -0.0179
vn 0.5979 0.8012 -0.0250
vn 0.5984 0.8004 -0.0358
vn 0.5902 0.8065 -0.0350
vn 0.6048 0.7961 -0.0212
vn -0.9129 0.4061 -0.0403
vn -0.9162 0.3992 -0.0344
vn 0.9182 0.3956 -0.0226
vn 0.9179 0.3952 -0.0365
vn 0.9163 0.3989 -0.0352
vn 0.9195 0.3925 -0.0223
vn -0.5911 0.8063 -0.0225
vn -0.5876 0.8082 -0.0395
vn -0.5918 0.8054 -0.0340
vn -0.5960 0.8027 -0.0219
vn 0.9931 -0.1154 -0.0230
vn 0.9929 -0.1152 -0.0294
vn 0.9931 -0.1135 -0.0296
vn 0.9929 -0.1170 -0.0230
vn -0.1199 0.9925 -0.0245
vn -0.1090 0.9935 -0.0343
vn -0.1203 0.9922 -0.0329
vn -0.1300 0.9913 -0.0201
vn 0.8037 -0.5946 -0.0226
vn 0.8032 -0.5945 -0.0364
vn 0.8055 -0.5915 -0.0351
vn 0.8018 -0.5972 -0.0223
vn 0.3934 0.9190 -0.0251
vn 0.4059 0.9132 -0.0355
vn 0.3922 0.9193 -0.0311
vn 0.3802 0.9247 -0.0203
vn 0.3937 -0.9186 -0.0350
vn 0.3869 -0.9218 -0.0255
vn 0.3869 -0.9216 -0.0314
vn 0.3820 -0.9239 -0.0220
vn 0.8028 0.5957 -0.0252
vn 0.8108 0.5840 -0.0400
vn 0.8016 0.5969 -0.0333
vn 0.7934 0.6084 -0.0201
vn -0.1173 -0.9925 -0.0348
vn -0.1283 -0.9915 -0.0219
vn 0.9939 0.1079 -0.0226
vn 0.9943 0.1001 -0.0357
vn 0.9936 0.1083 -0.0320
vn 0.9930 0.1164 -0.0216
vn -0.5991 -0.8003 -0.0251
vn -0.5996 -0.7995 -0.0357
vn -0.5912 -0.8057 -0.0351
vn -0.6061 -0.7951 -0.0211
vn 0.9161 -0.4004 -0.0207
vn 0.9128 -0.4064 -0.0400
vn 0.9160 -0.3998 -0.0343
vn 0.9192 -0.3933 -0.0180
vn -0.9187 -0.3945 -0.0206
vn -0.9182 -0.3945 -0.0362
vn -0.9167 -0.3979 -0.0350
vn -0.9198 -0.3919 -0.0186
vn 0.5943 -0.8040 -0.0201
vn 0.5940 -0.8036 -0.0364
vn 0.5972 -0.8019 -0.0179
vn -0.9927 0.1157 -0.0348
vn -0.9921 0.1232 -0.0253
vn -0.9919 0.1231 -0.0312
vn -0.9915 0.1285 -0.0218
vn 0.1088 -0.9938 -0.0225
vn 0.1018 -0.9942 -0.0355
vn 0.1092 -0.9935 -0.0319
vn 0.1163 -0.9930 -0.0218
vn -0.8679 0.4950 -0.0416
vn -0.8672 0.4972 -0.0258
vn -0.8678 0.4961 -0.0306
vn -0.8680 0.4947 -0.0422
vn -0.9991 0.0022 -0.0412
vn -0.9995 0.0001 -0.0312
vn -0.9997 0.0007 -0.0262
vn -0.9989 0.0016 -0.0464
vn -0.8633 -0.5030 -0.0407
vn -0.8628 -0.5049 -0.0261
vn -0.8636 -0.5032 -0.0310
vn -0.8652 -0.4994 -0.0457
vn -0.5005 0.8647 -0.0410
vn -0.5055 0.8623 -0.0297
vn -0.5004 0.8652 -0.0330
vn -0.4946 0.8673 -0.0570
vn -0.0057 0.9989 -0.0462
vn -0.0054 0.9995 -0.0304
vn -0.0062 0.9994 -0.0330
vn -0.0069 0.9989 -0.0463
vn 0.5045 0.8628 -0.0329
vn 0.5045 0.8623 -0.0441
vn 0.5068 0.8608 -0.0464
vn 0.5023 0.8642 -0.0303
vn 0.8651 0.5004 -0.0333
vn 0.8656 0.4992 -0.0391
vn 0.8649 0.5001 -0.0421
vn 0.8657 0.4996 -0.0303
vn 0.9995 -0.0041 -0.0329
vn 0.9989 -0.0048 -0.0462
vn 0.9989 -0.0071 -0.0464
vn 0.9995 -0.0016 -0.0303
vn 0.8662 -0.4982 -0.0389
vn 0.8677 -0.4962 -0.0306
vn 0.8664 -0.4982 -0.0334
vn 0.8642 -0.5013 -0.0422
vn 0.5029 -0.8633 -0.0410
vn 0.5048 -0.8628 -0.0261
vn 0.5032 -0.8636 -0.0310
vn 0.4992 -0.8652 -0.0463
vn -0.0002 -0.9992 -0.0410
vn 0.0042 -0.9997 -0.0251
vn -0.0011 -0.9995 -0.0305
vn -0.0067 -0.9983 -0.0571
vn -0.5000 -0.8649 -0.0441
vn -0.5061 -0.8620 -0.0269
vn -0.5003 -0.8654 -0.0283
vn -0.4947 -0.8681 -0.0422
vn -0.0003 -0.0003 1.0000
vn -0.0231 -0.0236 0.9995
vn 0.0104 -0.0059 0.9999
vn 0.0060 0.0168 0.9998
vn 0.0053 0.0052 1.0000
vn -0.0126 0.0231 0.9997
vn -0.0256 0.0035 0.9997
vn -0.0090 -0.0158 -0.9998
vn -0.0163 0.0122 -0.9998
vn -0.0279 0.0232 -0.9993
vn -0.0187 -0.0050 -0.9998
vn -0.0165 0.0044 -0.9999
vn -0.0360 0.0221 -0.9991
vn -0.0046 0.0269 -0.9996
vn 0.0202 0.0072 -0.9998
vn 0.0106 0.0106 -0.9999
vn 0.0239 0.0127 -0.9996
vn 0.0183 0.0050 -0.9998
vn 0.0053 -0.0046 -1.0000
vn 0.0145 -0.0103 -0.9998
vn -0.0101 -0.0088 -0.9999
vn 0.0030 -0.0088 -1.0000
vn -0.0021 -0.0051 -1.0000
vn -0.3714 0.2035 0.9059
vn -0.4244 0.0556 0.9037
vn -0.0301 0.0180 0.9994
vn -0.0260 -0.0047 0.9997
vn -0.4456 -0.1546 0.8818
vn -0.4646 -0.1388 0.8746
vn -0.0045 -0.0170 0.9998
vn -0.5097 0.0404 0.8594
vn -0.0156 0.0070 0.9999
vn -0.4265 -0.0310 0.9040
vn -0.0357 0.0036 0.9994
vn -0.4005 -0.1578 0.9026
vn -0.0093 -0.0165 0.9998
vn -0.0087 -0.0120 0.9999
vn -0.4777 -0.1076 0.8719
vn -0.4335 -0.2951 0.8515
vn -0.4656 -0.0869 0.8807
vn -0.3630 -0.2162 0.9064
vn -0.0326 -0.0178 0.9993
vn -0.0214 0.0114 0.9997
vn -0.2602 -0.3401 0.9037
vn -0.0066 -0.0159 0.9999
vn -0.0922 -0.4143 0.9055
vn 0.0176 -0.0134 0.9998
vn -0.0186 -0.0184 0.9997
vn -0.1904 -0.3828 0.9040
vn -0.0661 -0.4255 0.9026
vn 0.0031 -0.0070 1.0000
vn -0.1459 -0.4676 0.8718
vn 0.0380 -0.5229 0.8515
vn -0.1572 -0.4469 0.8807
vn 0.0119 -0.4232 0.9059
vn -0.0002 -0.0208 0.9998
vn -0.0207 -0.0136 0.9997
vn 0.1577 -0.4007 0.9025
vn 0.0116 0.0010 0.9999
vn 0.0050 -0.0036 1.0000
vn 0.1076 -0.4778 0.8718
vn 0.2951 -0.4336 0.8514
vn 0.0869 -0.4656 0.8807
vn 0.2162 -0.3629 0.9064
vn 0.0080 -0.0147 0.9999
vn -0.0125 -0.0180 0.9998
vn 0.3400 -0.2603 0.9037
vn 0.0078 -0.0033 1.0000
vn 0.4189 -0.0733 0.9050
vn 0.0119 -0.0046 0.9999
vn 0.3201 -0.3300 0.8881
vn 0.3226 -0.3682 0.8720
vn 0.3714 -0.2035 0.9059
vn 0.0123 -0.0073 0.9999
vn 0.4245 -0.0555 0.9037
vn 0.0085 0.0015 1.0000
vn 0.4407 0.1693 0.8815
vn 0.0135 0.0025 0.9999
vn 0.4355 -0.1096 0.8935
vn 0.0068 -0.0018 1.0000
vn 0.4245 0.0185 0.9052
vn 0.0129 0.0005 0.9999
vn 0.3945 0.1663 0.9037
vn 0.0068 0.0058 1.0000
vn 0.2957 0.3680 0.8815
vn 0.0113 0.0097 0.9999
vn 0.4319 0.1226 0.8936
vn 0.0067 0.0018 1.0000
vn 0.3607 0.2227 0.9057
vn 0.0114 0.0070 0.9999
vn 0.2562 0.3419 0.9042
vn 0.0033 0.0097 0.9999
vn 0.0734 0.4663 0.8816
vn 0.3135 0.3213 0.8936
vn 0.1985 0.3758 0.9052
vn 0.0071 0.0134 0.9999
vn 0.0597 0.4249 0.9033
vn -0.0013 0.0110 0.9999
vn -0.1461 0.3995 0.9050
vn -0.0033 0.0213 0.9998
vn 0.1243 0.4427 0.8880
vn 0.1565 0.4638 0.8720
vn 0.0002 0.0186 0.9998
vn -0.1629 0.3970 0.9032
vn -0.0853 0.1142 0.9898
vn -0.3270 0.2721 0.9050
vn -0.0067 0.0083 0.9999
vn -0.1134 0.4456 0.8880
vn -0.0965 0.4798 0.8720
vn -0.2162 0.3630 0.9063
vn -0.3373 0.2664 0.9029
vn -0.0181 0.0019 0.9998
vn -0.3311 0.3609 0.8719
vn -0.4715 0.2292 0.8516
vn -0.3071 0.3606 0.8807
vn 0.0150 0.0104 0.9998
vn -0.3915 -0.1852 -0.9014
vn -0.4657 -0.0526 -0.8834
vn -0.4669 0.0542 -0.8826
vn -0.4579 0.1672 -0.8732
vn -0.4712 0.1355 -0.8715
vn -0.0126 0.0166 -0.9998
vn -0.5105 -0.0423 -0.8588
vn -0.0074 -0.0034 -1.0000
vn -0.4301 0.0323 -0.9022
vn -0.3991 0.1636 -0.9022
vn -0.2794 0.3258 -0.9032
vn -0.4073 0.2520 -0.8778
vn -0.2945 0.3523 -0.8883
vn 0.0074 0.0323 -0.9995
vn -0.0316 0.0027 -0.9995
vn -0.2146 0.4328 -0.8756
vn -0.0250 0.0397 -0.9989
vn -0.0830 0.4536 -0.8873
vn 0.0079 0.0192 -0.9998
vn 0.0210 0.0105 -0.9997
vn -0.0270 0.0315 -0.9991
vn 0.0328 0.4840 -0.8745
vn -0.0027 0.0479 -0.9988
vn 0.1579 0.4349 -0.8865
vn 0.0141 0.0045 -0.9999
vn 0.0137 0.0136 -0.9998
vn -0.0036 0.0437 -0.9990
vn 0.1060 0.4223 -0.9002
vn 0.2334 0.3606 -0.9031
vn 0.0198 0.0292 -0.9994
vn 0.3796 0.2736 -0.8838
vn 0.4347 0.1783 -0.8828
vn 0.4838 0.0687 -0.8725
vn 0.3263 0.3330 -0.8847
vn 0.4262 0.2247 -0.8763
vn 0.4541 0.0832 -0.8870
vn 0.0052 -0.0104 -0.9999
vn 0.0003 -0.0172 -0.9999
vn 0.0184 0.0234 -0.9996
vn 0.4806 -0.0327 -0.8763
vn 0.4268 -0.1651 -0.8891
vn 0.1219 -0.1045 -0.9870
vn 0.3007 -0.3715 -0.8784
vn 0.4514 -0.1176 -0.8846
vn 0.0081 -0.0022 -1.0000
vn 0.4072 -0.2519 -0.8779
vn 0.0152 -0.0094 -0.9998
vn 0.0029 -0.0087 -1.0000
vn 0.0913 -0.4682 -0.8789
vn 0.1175 -0.4760 -0.8715
vn -0.0139 -0.0077 -0.9999
vn 0.2913 -0.4212 -0.8589
vn 0.0056 -0.0038 -1.0000
vn 0.2150 -0.4321 -0.8758
vn 0.0827 -0.4532 -0.8876
vn -0.0153 -0.0074 -0.9999
vn 0.0192 -0.0028 -0.9998
vn -0.0328 -0.4304 -0.9020
vn -0.1583 -0.4030 -0.9014
vn -0.0558 -0.0879 -0.9946
vn -0.0771 -0.0755 -0.9942
vn -0.0636 -0.4476 -0.8920
vn -0.2522 -0.4078 -0.8775
vn -0.0099 -0.0162 -0.9998
vn -0.3573 -0.2857 -0.8892
vn -0.0120 -0.0041 -0.9999
vn -0.4688 -0.0891 -0.8788
vn -0.0396 0.0084 -0.9992
vn -0.0108 -0.0103 -0.9999
vn -0.9484 0.2594 0.1822
vn -0.9481 0.2592 0.1840
vn -0.9349 0.2502 -0.2517
vn -0.9342 0.2503 -0.2540
vn -0.9496 -0.2546 0.1826
vn -0.9494 -0.2547 0.1838
vn -0.9235 -0.2651 -0.2772
vn -0.6935 0.6971 0.1819
vn -0.6934 0.6969 0.1828
vn -0.6730 0.6948 -0.2536
vn -0.2572 0.9489 0.1826
vn -0.2536 0.9453 0.2051
vn -0.2400 0.9373 -0.2529
vn 0.2594 0.9483 0.1829
vn 0.2593 0.9481 0.1843
vn 0.2655 0.9304 -0.2529
vn 0.6971 0.6933 0.1828
vn 0.6969 0.6932 0.1840
vn 0.6690 0.6908 -0.2743
vn 0.9495 0.2547 0.1830
vn 0.9493 0.2547 0.1840
vn 0.9374 0.2392 -0.2532
vn 0.9485 -0.2594 0.1817
vn 0.9483 -0.2592 0.1830
vn 0.9293 -0.2665 -0.2557
vn 0.6935 -0.6971 0.1818
vn 0.6934 -0.6969 0.1828
vn 0.6731 -0.6949 -0.2532
vn 0.2547 -0.9496 0.1827
vn 0.2548 -0.9494 0.1836
vn 0.2396 -0.9374 -0.2529
vn -0.2570 -0.9490 0.1827
vn -0.2582 -0.9443 0.2042
vn -0.2533 -0.9344 -0.2505
vn -0.2489 -0.9291 -0.2736
vn -0.6972 -0.6934 0.1820
vn -0.6969 -0.6933 0.1835
vn -0.6937 -0.6733 -0.2559
vn -0.4273 0.8810 0.2029
vn -0.3900 0.8903 -0.2350
vn -0.3867 0.8897 -0.2427
vn -0.7764 -0.5806 -0.2451
vn -0.7461 -0.5883 -0.3117
vn -0.8105 -0.5433 0.2187
vn -0.7689 0.5810 0.2669
vn -0.7653 0.6130 0.1966
vn -0.3842 -0.8933 -0.2331
vn -0.3550 -0.8858 -0.2990
vn -0.3735 -0.8872 0.2707
vn -0.3590 -0.9084 0.2145
vn 0.0677 0.9769 0.2026
vn 0.1121 0.9610 -0.2527
vn 0.1299 0.9427 -0.3072
vn -0.9646 -0.1492 -0.2174
vn -0.9554 -0.1176 0.2709
vn -0.9664 -0.1406 0.2153
vn 0.5464 0.8131 0.2008
vn 0.5761 0.7767 -0.2549
vn 0.5826 0.7495 -0.3144
vn -0.8969 0.3180 -0.3073
vn -0.8970 0.3842 0.2188
vn 0.9007 0.3847 0.2017
vn 0.9014 0.3843 0.1993
vn 0.8893 0.3809 -0.2532
vn 0.8823 0.3564 -0.3074
vn -0.6187 0.7267 -0.2984
vn -0.5825 0.7838 0.2152
vn -0.5825 0.7837 0.2156
vn 0.9727 -0.1145 0.2018
vn 0.9731 -0.1154 0.1994
vn -0.1070 0.9698 -0.2194
vn -0.1097 0.9675 -0.2276
vn -0.0662 0.9736 0.2184
vn 0.7855 -0.5851 0.2017
vn 0.7856 -0.5858 0.1993
vn 0.7766 -0.5769 -0.2529
vn 0.7519 -0.5834 -0.3073
vn 0.3485 0.9103 -0.2233
vn 0.4269 0.8775 0.2184
vn 0.4274 -0.8810 0.2031
vn 0.4310 -0.8702 -0.2388
vn 0.7281 0.6142 -0.3044
vn 0.8103 0.5433 0.2195
vn -0.0677 -0.9770 0.2024
vn -0.0594 -0.9684 -0.2422
vn 0.9633 0.1487 -0.2234
vn 0.9698 0.1137 0.2157
vn 0.9696 0.1133 0.2169
vn -0.5462 -0.8128 0.2026
vn -0.5770 -0.7765 -0.2532
vn -0.5832 -0.7519 -0.3073
vn 0.8973 -0.3197 -0.3043
vn 0.8872 -0.3737 0.2706
vn 0.9084 -0.3592 0.2142
vn -0.8921 -0.3737 0.2539
vn -0.9134 -0.3581 0.1934
vn -0.8882 -0.3799 -0.2583
vn -0.8814 -0.3572 -0.3091
vn 0.5799 -0.7784 -0.2404
vn 0.5886 -0.7449 -0.3141
vn 0.5793 -0.7687 0.2709
vn 0.6040 -0.7668 0.2172
vn -0.9768 0.0678 0.2031
vn -0.9693 0.0592 -0.2386
vn 0.1500 -0.9645 -0.2174
vn 0.1135 -0.9699 0.2154
vn 0.1133 -0.9698 0.2160
vn -0.8047 0.5336 0.2602
vn -0.8376 0.4801 -0.2607
vn -0.8401 0.4924 -0.2277
vn -0.9459 0.0626 -0.3183
vn -0.9649 -0.0603 0.2555
vn -0.8522 -0.4241 -0.3064
vn -0.8633 -0.4324 0.2603
vn -0.4631 0.8719 0.1592
vn -0.4695 0.8173 -0.3340
vn -0.4743 0.8185 -0.3243
vn 0.0362 0.9866 0.1591
vn -0.0045 0.9423 -0.3347
vn -0.0029 0.9438 -0.3305
vn 0.4549 0.8726 0.1778
vn 0.4701 0.8300 -0.3001
vn 0.4609 0.8528 -0.2457
vn 0.8288 0.5306 0.1778
vn 0.8615 0.4466 -0.2418
vn 0.9831 0.0435 0.1777
vn 0.9431 -0.0027 -0.3325
vn 0.9470 0.0013 -0.3213
vn 0.8356 -0.5258 0.1591
vn 0.8159 -0.5251 -0.2419
vn 0.4324 -0.8633 0.2602
vn 0.4209 -0.8505 -0.3154
vn -0.0584 -0.9638 0.2603
vn -0.0037 -0.9422 -0.3350
vn -0.0006 -0.9452 -0.3265
vn -0.4801 -0.8485 0.2227
vn -0.4701 -0.8664 0.1681
vn -0.4701 -0.8350 -0.2858
vn -0.4642 -0.8332 -0.3004
vn -0.5751 -0.8181 -0.0000
vn -0.4210 -0.9071 -0.0000
vn -0.2589 -0.9659 -0.0000
vn 0.2589 -0.9659 -0.0000
vn -0.9659 0.2588 -0.0000
vn -1.0000 -0.0000 -0.0020
vn -1.0000 -0.0001 -0.0039
vn -0.9786 -0.2058 -0.0049
vn -0.9512 -0.3087 -0.0003
vn -0.8853 -0.4650 -0.0033
vn -0.8463 -0.5327 -0.0017
vn -0.7442 -0.6680 -0.0024
vn -0.6673 -0.7448 0.0048
vn -0.5000 -0.8660 0.0019
vn -0.5001 -0.8660 0.0037
vn -0.2588 -0.9659 -0.0009
vn -0.2660 -0.9640 -0.0019
vn -0.0396 -0.9992 -0.0035
vn 0.0379 -0.9993 -0.0030
vn 0.2055 -0.9786 -0.0049
vn 0.3105 -0.9506 0.0024
vn 0.4666 -0.8845 0.0018
vn 0.5344 -0.8452 0.0035
vn 0.6695 -0.7428 0.0003
vn 0.7446 -0.6675 0.0049
vn 0.8465 -0.5324 0.0030
vn 0.8851 -0.4654 0.0035
vn 0.9512 -0.3085 0.0003
vn 0.9786 -0.2058 0.0049
vn 0.9659 0.2587 -0.0009
vn 0.9678 0.2517 -0.0019
vn 0.8854 0.4648 -0.0035
vn 0.8463 0.5327 -0.0018
vn 0.7441 0.6680 -0.0024
vn 0.6672 0.7448 0.0049
vn 0.5324 0.8465 0.0030
vn 0.4654 0.8851 0.0035
vn 0.3085 0.9512 0.0003
vn 0.2058 0.9786 0.0049
vn 0.0379 0.9993 0.0030
vn -0.0396 0.9992 0.0035
vn -0.2085 0.9780 0.0003
vn -0.3111 0.9504 0.0049
vn -0.5000 0.8660 0.0020
vn -0.4999 0.8661 0.0039
vn -0.7085 0.7057 0.0016
vn -0.7013 0.7129 -0.0019
vn -0.8463 0.5327 0.0018
vn -0.8854 0.4648 0.0035
vn -0.9659 0.2590 0.0009
vn -0.9678 0.2517 0.0019
vn -0.0012 -0.0020 -1.0000
vn -0.0759 -0.0431 -0.9962
vn -0.0279 0.0005 -0.9996
vn -0.0125 0.0074 -0.9999
vn -0.0048 0.0086 -1.0000
vn 0.0001 0.0081 -1.0000
vn 0.0038 0.0066 -1.0000
vn 0.0069 0.0039 -1.0000
vn 0.0100 -0.0003 -1.0000
vn 0.0129 -0.0076 -0.9999
vn 0.0140 -0.0244 -0.9996
vn -0.0005 -0.0861 -0.9963
vn -0.0021 -0.0013 1.0000
vn -0.0426 -0.0767 0.9961
vn 0.0003 -0.0286 0.9996
vn 0.0073 -0.0127 0.9999
vn 0.0084 -0.0047 1.0000
vn 0.0079 0.0002 1.0000
vn 0.0065 0.0038 1.0000
vn 0.0039 0.0067 1.0000
vn -0.0001 0.0097 1.0000
vn -0.0075 0.0126 0.9999
vn -0.0247 0.0140 0.9996
vn -0.0885 -0.0011 0.9961
vn -0.3583 -0.0915 -0.9291
vn -0.3723 0.1030 -0.9224
vn -0.2665 0.2709 -0.9250
vn -0.0970 0.3745 -0.9221
vn 0.1032 0.3729 -0.9221
vn 0.2701 0.2637 -0.9260
vn 0.3664 0.0951 -0.9256
vn 0.3733 -0.1033 -0.9219
vn 0.2711 -0.2756 -0.9223
vn 0.0913 -0.3584 -0.9291
vn -0.1013 -0.3688 -0.9240
vn -0.2734 -0.2659 -0.9244
vn -0.3774 -0.1037 0.9202
vn -0.2604 -0.2677 0.9276
vn -0.0972 -0.3740 0.9223
vn 0.1023 -0.3638 0.9258
vn 0.2643 -0.2580 0.9293
vn 0.3581 -0.0914 0.9292
vn 0.3724 0.1029 0.9223
vn 0.2592 0.2655 0.9286
vn 0.0915 0.3583 0.9291
vn -0.1000 0.3561 0.9291
vn -0.2699 0.2635 0.9262
vn -0.3668 0.0950 0.9254
vn -0.8660 -0.5001 0.0021
vn -0.8661 -0.4999 0.0040
vn -0.7069 -0.7073 -0.0009
vn -0.7120 -0.7021 -0.0018
vn -0.2057 -0.9786 0.0048
vn 0.5000 -0.8661 0.0020
vn 0.7071 -0.7071 -0.0009
vn 0.7018 -0.7123 -0.0018
vn 0.9654 0.2606 0.0011
vn 0.8453 0.5344 0.0035
vn 0.5000 0.8660 0.0021
vn 0.2660 0.9640 -0.0019
vn -0.7071 0.7071 0.0009
vn -0.9787 0.2055 0.0049
vn -0.0773 -0.0428 -0.9961
vn -0.0050 0.0089 -0.9999
vn -0.0275 -0.0002 0.9996
vn -0.0760 -0.0451 0.9961
vn -0.0049 0.0083 1.0000
vn -0.3746 -0.0971 -0.9221
vn -0.0933 0.3662 -0.9259
vn 0.1009 0.3647 -0.9256
vn 0.3638 -0.1023 -0.9258
vn 0.0970 -0.3743 -0.9222
vn -0.1026 -0.3672 -0.9245
vn -0.3566 -0.1000 0.9289
vn -0.0919 -0.3624 0.9275
vn 0.2752 -0.2709 0.9224
vn 0.3591 -0.0915 0.9288
vn 0.3634 0.1020 0.9260
vn 0.2589 0.2653 0.9288
vn -0.1002 0.3566 0.9288
vn -0.2696 0.2654 0.9257
vn -0.9655 0.2570 -0.0421
vn -0.2671 0.9626 -0.0456
vn 0.2596 0.9648 -0.0420
vn 0.7085 0.7052 -0.0271
vn 0.7101 0.7031 -0.0363
vn 0.9644 0.2626 -0.0331
vn 0.9653 0.2592 -0.0320
vn 0.9649 -0.2593 -0.0421
vn 0.7078 -0.7056 -0.0331
vn 0.2670 -0.9626 -0.0462
vn 0.2629 -0.9639 -0.0422
vn -0.2631 -0.9638 -0.0426
vn -0.3974 0.9174 -0.0227
vn -0.7953 0.6058 -0.0211
vn 0.1180 0.9928 -0.0210
vn 0.9937 -0.1047 -0.0395
vn -0.1084 0.9935 -0.0343
vn -0.1205 0.9921 -0.0350
vn 0.4000 0.9158 -0.0344
vn 0.3932 0.9192 -0.0218
vn -0.1237 -0.9918 -0.0311
vn 0.9912 0.1309 -0.0202
vn -0.5972 -0.8018 -0.0231
vn 0.9137 -0.4044 -0.0391
vn -0.9165 -0.3993 -0.0229
vn 0.6001 -0.7995 -0.0246
vn 0.5904 -0.8063 -0.0345
vn 0.6090 -0.7929 -0.0201
vn -0.8641 0.5024 -0.0305
vn -0.9994 -0.0061 -0.0330
vn -0.4975 0.8665 -0.0413
vn -0.0054 0.9995 -0.0306
vn 0.4983 0.8665 -0.0308
vn 0.8652 0.5003 -0.0330
vn 0.9995 0.0001 -0.0312
vn 0.8681 -0.4946 -0.0418
vn 0.5036 -0.8633 -0.0334
vn -0.0019 -0.9992 -0.0409
vn -0.3760 0.1985 0.9051
vn -0.0102 -0.0012 0.9999
vn -0.3997 -0.1461 0.9049
vn -0.0159 -0.0025 0.9999
vn -0.4427 0.1244 0.8880
vn -0.4639 0.1565 0.8720
vn -0.4229 -0.0119 0.9061
vn -0.3944 -0.1664 0.9037
vn -0.2958 -0.3680 0.8815
vn -0.3607 -0.2228 0.9057
vn -0.3135 -0.3213 0.8936
vn -0.0061 -0.0061 1.0000
vn -0.1984 -0.3759 0.9052
vn -0.0555 -0.4245 0.9037
vn 0.0020 -0.0112 0.9999
vn 0.1693 -0.4408 0.8815
vn 0.0035 -0.0191 0.9998
vn 0.0185 -0.4246 0.9052
vn 0.1630 -0.3970 0.9032
vn 0.0067 -0.0091 0.9999
vn 0.3269 -0.2721 0.9051
vn 0.0124 -0.0154 0.9998
vn 0.0966 -0.4797 0.8721
vn 0.3418 -0.2562 0.9042
vn 0.4663 -0.0733 0.8816
vn 0.3760 -0.1984 0.9051
vn 0.0184 -0.0098 0.9998
vn 0.0152 0.0028 0.9999
vn 0.4455 0.1546 0.8818
vn 0.4645 0.1387 0.8747
vn 0.1142 0.0853 0.9898
vn 0.2721 0.3269 0.9050
vn 0.1090 0.0881 0.9901
vn 0.3627 0.2161 0.9065
vn 0.0225 0.0123 0.9997
vn 0.2560 0.3419 0.9042
vn 0.1122 0.4715 0.8747
vn -0.0139 0.0080 0.9999
vn 0.2907 0.4209 0.8593
vn 0.0598 0.4250 0.9032
vn -0.1463 0.3996 0.9050
vn 0.1243 0.4428 0.8880
vn 0.1565 0.4639 0.8720
vn -0.0118 0.4233 0.9059
vn -0.3135 0.2861 0.9054
vn -0.0042 0.0160 0.9999
vn -0.2333 0.3571 0.9045
vn -0.0013 0.0144 0.9999
vn -0.3420 0.2562 0.9041
vn -0.1494 0.0505 0.9875
vn -0.3212 0.3135 0.8936
vn -0.3928 -0.1834 -0.9012
vn -0.0121 -0.0137 -0.9998
vn -0.0106 0.0099 -0.9999
vn -0.0001 -0.0001 -1.0000
vn -0.0164 -0.0105 -0.9998
vn -0.2793 0.3258 -0.9032
vn -0.4351 0.1007 -0.8947
vn -0.0070 0.0019 -1.0000
vn -0.2854 0.3567 -0.8895
vn -0.1148 0.4768 -0.8715
vn -0.2873 0.4227 -0.8595
vn 0.0023 0.0130 -0.9999
vn 0.1533 0.4518 -0.8788
vn 0.1347 0.4715 -0.8715
vn -0.0037 0.0075 -1.0000
vn 0.0336 0.4833 -0.8748
vn -0.0045 0.0203 -0.9998
vn 0.2456 0.3563 -0.9015
vn 0.3749 0.2829 -0.8828
vn 0.3996 0.2586 -0.8794
vn -0.0030 -0.0156 -0.9999
vn 0.4319 0.2141 -0.8762
vn 0.4508 -0.1569 -0.8787
vn 0.4703 -0.1392 -0.8715
vn 0.5096 0.0367 -0.8596
vn 0.4814 -0.0310 -0.8759
vn 0.0472 0.0057 -0.9989
vn 0.4331 -0.1576 -0.8875
vn 0.0175 -0.0176 -0.9997
vn 0.4287 -0.1040 -0.8974
vn 0.4074 -0.2520 -0.8778
vn 0.2855 -0.3567 -0.8895
vn 0.0062 -0.0184 -0.9998
vn 0.2874 -0.4227 -0.8595
vn 0.2174 -0.4330 -0.8748
vn 0.0737 -0.4541 -0.8879
vn -0.0025 -0.0140 -0.9999
vn -0.1392 -0.4703 -0.8715
vn -0.0194 0.0096 -0.9998
vn 0.0366 -0.5097 -0.8596
vn -0.1816 -0.4348 -0.8820
vn 0.0101 -0.0237 -0.9997
vn -0.2647 -0.4046 -0.8753
vn -0.3579 -0.2868 -0.8887
vn -0.4680 -0.0918 -0.8789
vn -0.4758 -0.1182 -0.8716
vn -0.0053 0.0134 -0.9999
vn -0.4207 -0.2922 -0.8588
vn -0.9490 0.2570 0.1827
vn -0.9443 0.2582 0.2041
vn -0.9297 0.2655 -0.2554
vn -0.9492 -0.2546 0.1848
vn -0.9244 -0.2654 -0.2740
vn -0.6958 0.6954 0.1799
vn -0.6726 0.6942 -0.2562
vn -0.2537 0.9454 0.2047
vn -0.2400 0.9372 -0.2531
vn 0.2593 0.9484 0.1825
vn 0.2592 0.9482 0.1835
vn 0.2663 0.9300 -0.2532
vn 0.6972 0.6934 0.1820
vn 0.6969 0.6933 0.1835
vn 0.9496 0.2547 0.1830
vn 0.9484 -0.2594 0.1820
vn 0.9483 -0.2592 0.1833
vn 0.6935 -0.6970 0.1823
vn 0.6935 -0.6969 0.1829
vn 0.6731 -0.6948 -0.2535
vn 0.2546 -0.9495 0.1833
vn 0.2399 -0.9372 -0.2530
vn -0.2569 -0.9489 0.1832
vn -0.2581 -0.9441 0.2051
vn -0.2371 -0.9320 -0.2742
vn -0.6971 -0.6935 0.1820
vn -0.6968 -0.6934 0.1833
vn -0.6939 -0.6732 -0.2555
vn -0.3844 0.9019 0.1969
vn -0.3866 0.8898 -0.2427
vn -0.7834 -0.5820 0.2182
vn -0.7245 0.6180 -0.3052
vn -0.3814 -0.8928 -0.2397
vn -0.4272 -0.8775 0.2180
vn 0.5464 0.8131 0.2011
vn -0.8980 0.3835 0.2157
vn -0.8971 0.3841 0.2186
vn 0.8889 0.3723 0.2669
vn 0.8805 0.3547 -0.3143
vn -0.5827 0.7836 0.2155
vn -0.5821 0.7837 0.2165
vn 0.9384 -0.1720 -0.2999
vn -0.1367 0.9427 -0.3044
vn 0.7684 -0.5815 0.2674
vn 0.8106 -0.5350 -0.2382
vn 0.3194 0.8963 -0.3077
vn 0.3843 0.8975 0.2166
vn 0.3846 -0.9008 0.2017
vn 0.3842 -0.9014 0.1999
vn 0.3562 -0.8810 -0.3114
vn 0.8103 0.5434 0.2193
vn -0.0677 -0.9769 0.2025
vn -0.0594 -0.9685 -0.2420
vn 0.9733 0.0663 0.2196
vn -0.5849 -0.7856 0.2018
vn -0.5858 -0.7855 0.1994
vn -0.5345 -0.8097 -0.2420
vn 0.9000 -0.3214 -0.2943
vn 0.8977 -0.3845 0.2152
vn 0.8977 -0.3846 0.2150
vn -0.9004 -0.3857 0.2011
vn -0.9021 -0.3846 0.1959
vn 0.5795 -0.7801 -0.2359
vn 0.5873 -0.7524 -0.2983
vn 0.5433 -0.8104 0.2194
vn -0.9727 0.1147 0.2019
vn 0.1728 -0.9377 -0.3014
vn -0.8727 0.4549 0.1776
vn -0.9446 -0.0053 -0.3281
vn -0.9866 0.0363 0.1592
vn -0.8502 -0.4201 -0.3174
vn -0.8289 -0.5305 0.1778
vn -0.4969 0.8387 0.2226
vn -0.5174 0.8390 0.1681
vn -0.4242 0.8521 -0.3065
vn 0.0362 0.9866 0.1594
vn 0.0631 0.9452 -0.3203
vn 0.4312 0.8653 0.2554
vn 0.4704 0.8183 -0.3304
vn 0.8172 0.4696 -0.3341
vn 0.8184 0.4744 -0.3244
vn 0.8333 -0.4646 -0.2995
vn -0.0598 -0.9499 -0.3067
vn -0.4550 -0.8726 0.1777
vn -0.0889 0.9960 -0.0000
vn -0.9644 0.2608 -0.0445
vn -0.9642 0.2631 -0.0321
vn 0.2630 0.9643 -0.0322
vn 0.7100 0.7029 -0.0427
vn 0.7103 0.7029 -0.0363
vn 0.9656 -0.2561 -0.0459
vn 0.7101 -0.7026 -0.0459
vn 0.2596 -0.9652 -0.0321
vn -0.2605 -0.9645 -0.0445
vn -0.7054 -0.7081 -0.0333
vn -0.4018 0.9150 -0.0353
vn -0.3911 0.9197 -0.0339
vn -0.7985 -0.6009 -0.0352
vn -0.8028 0.5956 -0.0295
vn -0.8019 0.5971 -0.0189
vn -0.3973 -0.9175 -0.0202
vn -0.4016 -0.9151 -0.0346
vn -0.3940 -0.9190 -0.0180
vn 0.1203 0.9921 -0.0355
vn 0.1104 0.9933 -0.0349
vn 0.1278 0.9916 -0.0211
vn 0.5984 0.8004 -0.0357
vn -0.9129 0.4061 -0.0402
vn 0.9163 0.3989 -0.0351
vn 0.9195 0.3924 -0.0223
vn -0.5876 0.8082 -0.0394
vn 0.9929 -0.1153 -0.0294
vn -0.1199 0.9925 -0.0244
vn -0.1089 0.9935 -0.0343
vn -0.1203 0.9922 -0.0330
vn 0.8037 -0.5946 -0.0225
vn 0.8033 -0.5945 -0.0364
vn 0.8056 -0.5915 -0.0351
vn 0.3819 -0.9239 -0.0220
vn -0.1173 -0.9925 -0.0347
vn -0.1282 -0.9915 -0.0219
vn 0.9930 0.1164 -0.0217
vn -0.6061 -0.7951 -0.0212
vn 0.9161 -0.4005 -0.0207
vn 0.5941 -0.8036 -0.0364
vn 0.1019 -0.9942 -0.0355
vn -0.8673 0.4972 -0.0258
vn -0.9997 0.0008 -0.0263
vn -0.5055 0.8623 -0.0298
vn -0.5004 0.8652 -0.0329
vn -0.0061 0.9994 -0.0329
vn 0.5044 0.8628 -0.0329
vn 0.8658 0.4996 -0.0303
vn 0.8676 -0.4962 -0.0306
vn -0.0011 -0.9995 -0.0306
vn -0.0067 -0.9983 -0.0572
vn 0.0104 -0.0058 0.9999
vn 0.0060 0.0169 0.9998
vn -0.0359 0.0221 -0.9991
vn -0.0045 0.0270 -0.9996
vn 0.0240 0.0127 -0.9996
vn 0.0183 0.0051 -0.9998
vn 0.0053 -0.0045 -1.0000
vn -0.3709 0.2035 0.9061
vn -0.4243 0.0556 0.9038
vn -0.0300 0.0179 0.9994
vn -0.4455 -0.1546 0.8818
vn -0.4645 -0.1388 0.8746
vn -0.0046 -0.0170 0.9998
vn -0.5098 0.0404 0.8594
vn -0.4269 -0.0309 0.9038
vn -0.4007 -0.1578 0.9025
vn -0.4656 -0.0870 0.8807
vn -0.3630 -0.2162 0.9063
vn 0.0176 -0.0133 0.9998
vn -0.0187 -0.0184 0.9997
vn -0.1903 -0.3828 0.9040
vn 0.0380 -0.5230 0.8515
vn -0.1571 -0.4469 0.8807
vn 0.0119 -0.4232 0.9060
vn 0.1076 -0.4778 0.8719
vn 0.2951 -0.4335 0.8515
vn 0.0869 -0.4655 0.8808
vn 0.3400 -0.2602 0.9037
vn 0.4189 -0.0733 0.9051
vn 0.0118 -0.0046 0.9999
vn 0.3202 -0.3300 0.8880
vn 0.3710 -0.2035 0.9060
vn 0.4243 -0.0556 0.9038
vn 0.4407 0.1693 0.8816
vn 0.0067 -0.0018 1.0000
vn 0.4246 0.0186 0.9052
vn 0.0128 0.0005 0.9999
vn 0.3945 0.1664 0.9037
vn 0.4318 0.1226 0.8936
vn 0.0066 0.0018 1.0000
vn 0.3607 0.2226 0.9057
vn 0.0113 0.0070 0.9999
vn 0.2560 0.3418 0.9042
vn -0.1462 0.3996 0.9050
vn -0.0034 0.0213 0.9998
vn -0.0119 0.4234 0.9059
vn -0.0854 0.1142 0.9898
vn -0.3270 0.2722 0.9050
vn -0.0964 0.4798 0.8720
vn -0.3070 0.3606 0.8807
vn -0.3915 -0.1852 -0.9013
vn -0.4656 -0.0526 -0.8834
vn -0.4668 0.0542 -0.8827
vn -0.4304 0.0323 -0.9020
vn -0.3993 0.1636 -0.9021
vn -0.2795 0.3258 -0.9032
vn -0.4074 0.2520 -0.8778
vn -0.2944 0.3524 -0.8883
vn 0.0075 0.0323 -0.9995
vn -0.2145 0.4327 -0.8757
vn -0.0249 0.0397 -0.9989
vn -0.0830 0.4535 -0.8874
vn -0.0027 0.0478 -0.9989
vn 0.1578 0.4349 -0.8865
vn 0.0138 0.0136 -0.9998
vn -0.0035 0.0437 -0.9990
vn 0.1061 0.4223 -0.9002
vn 0.2333 0.3605 -0.9031
vn 0.4346 0.1783 -0.8828
vn 0.4837 0.0687 -0.8725
vn 0.3264 0.3330 -0.8846
vn 0.4542 0.0831 -0.8870
vn 0.0002 -0.0172 -0.9999
vn 0.0185 0.0234 -0.9996
vn 0.4806 -0.0326 -0.8764
vn 0.4268 -0.1651 -0.8892
vn 0.3007 -0.3714 -0.8784
vn 0.4071 -0.2520 -0.8779
vn 0.0153 -0.0094 -0.9998
vn 0.2853 -0.3566 -0.8896
vn 0.0912 -0.4682 -0.8789
vn 0.1173 -0.4760 -0.8716
vn 0.2910 -0.4212 -0.8590
vn 0.0056 -0.0039 -1.0000
vn 0.0827 -0.4532 -0.8875
vn -0.0152 -0.0074 -0.9999
vn -0.0327 -0.4305 -0.9020
vn -0.1582 -0.4030 -0.9014
vn -0.0557 -0.0878 -0.9946
vn -0.0769 -0.0755 -0.9942
vn -0.0635 -0.4476 -0.8920
vn -0.0100 -0.0162 -0.9998
vn -0.0120 -0.0040 -0.9999
vn -0.9482 0.2591 0.1839
vn -0.9349 0.2502 -0.2516
vn -0.9343 0.2503 -0.2540
vn -0.9496 -0.2546 0.1827
vn -0.6934 0.6971 0.1821
vn -0.6935 0.6970 0.1827
vn -0.6729 0.6949 -0.2537
vn -0.2572 0.9489 0.1827
vn -0.2400 0.9372 -0.2530
vn 0.2592 0.9481 0.1843
vn 0.6971 0.6933 0.1827
vn 0.6689 0.6909 -0.2742
vn 0.9496 0.2546 0.1826
vn 0.9485 -0.2594 0.1818
vn 0.9293 -0.2665 -0.2556
vn 0.6935 -0.6971 0.1820
vn 0.6732 -0.6948 -0.2531
vn 0.2547 -0.9497 0.1824
vn -0.2582 -0.9442 0.2043
vn -0.2490 -0.9291 -0.2736
vn -0.6972 -0.6934 0.1819
vn -0.6970 -0.6932 0.1835
vn -0.4274 0.8810 0.2030
vn -0.7764 -0.5807 -0.2452
vn -0.7652 0.6130 0.1967
vn -0.3842 -0.8934 -0.2330
vn -0.3735 -0.8872 0.2708
vn -0.3590 -0.9083 0.2146
vn 0.1122 0.9610 -0.2526
vn 0.5464 0.8131 0.2009
vn 0.5760 0.7766 -0.2550
vn -0.8980 0.3834 0.2159
vn -0.8969 0.3843 0.2189
vn 0.9007 0.3848 0.2017
vn -0.5824 0.7837 0.2157
vn -0.1070 0.9697 -0.2195
vn -0.1097 0.9675 -0.2278
vn -0.0662 0.9736 0.2183
vn 0.7856 -0.5858 0.1992
vn 0.3485 0.9103 -0.2234
vn 0.4270 0.8775 0.2184
vn 0.4273 -0.8810 0.2032
vn 0.4310 -0.8702 -0.2387
vn 0.7281 0.6142 -0.3043
vn 0.8104 0.5432 0.2195
vn -0.0677 -0.9770 0.2023
vn -0.0594 -0.9684 -0.2421
vn 0.9698 0.1137 0.2156
vn -0.5463 -0.8127 0.2026
vn -0.5834 -0.7518 -0.3074
vn -0.8882 -0.3800 -0.2583
vn -0.8813 -0.3573 -0.3092
vn 0.5886 -0.7449 -0.3140
vn 0.5792 -0.7688 0.2710
vn 0.6041 -0.7668 0.2172
vn -0.9768 0.0678 0.2032
vn -0.9693 0.0592 -0.2387
vn 0.1499 -0.9645 -0.2173
vn 0.1133 -0.9698 0.2159
vn -0.8048 0.5335 0.2602
vn -0.8376 0.4801 -0.2606
vn -0.9649 -0.0603 0.2554
vn -0.4696 0.8173 -0.3340
vn -0.4743 0.8184 -0.3243
vn 0.0363 0.9866 0.1592
vn -0.0030 0.9438 -0.3306
vn 0.4548 0.8727 0.1779
vn 0.8355 -0.5259 0.1592
vn 0.8160 -0.5251 -0.2419
vn 0.4325 -0.8633 0.2602
vn 0.4210 -0.8505 -0.3154
vn -0.0584 -0.9637 0.2603
vn -0.0005 -0.9452 -0.3265
vn -0.4701 -0.8664 0.1683
vn -0.2589 -0.9659 -0.0010
vn 0.3105 -0.9506 0.0025
vn 0.9660 0.2587 -0.0009
vn 0.9678 0.2517 -0.0018
vn -0.3111 0.9503 0.0049
vn -0.7084 0.7058 0.0010
vn -0.7012 0.7129 -0.0019
vn -0.0758 -0.0431 -0.9962
vn 0.0099 -0.0003 -1.0000
vn 0.0140 -0.0243 -0.9996
vn 0.0004 -0.0286 0.9996
vn -0.3585 -0.0915 -0.9291
vn -0.3725 0.1030 -0.9223
vn 0.2702 0.2636 -0.9260
vn 0.2713 -0.2756 -0.9222
vn -0.2603 -0.2677 0.9277
vn 0.1024 -0.3638 0.9258
vn 0.2644 -0.2580 0.9293
vn 0.3585 -0.0914 0.9290
vn 0.3726 0.1029 0.9223
vn 0.0914 0.3583 0.9291
vn -0.1000 0.3560 0.9291
vn -0.2699 0.2635 0.9261
vt 0.727467 0.676883
vt 0.730030 0.686262
vt 0.730040 0.703818
vt 0.727464 0.713471
vt 0.620851 0.586427
vt 0.621322 0.586680
vt 0.619170 0.588151
vt 0.620857 0.534501
vt 0.620603 0.534971
vt 0.619171 0.532825
vt 0.793067 0.712570
vt 0.793061 0.713164
vt 0.760273 0.713178
vt 0.760281 0.712584
vt 0.793036 0.713588
vt 0.760250 0.713602
vt 0.619165 0.589258
vt 0.619171 0.588661
vt 0.651917 0.588744
vt 0.651908 0.589341
vt 0.619199 0.588230
vt 0.651943 0.588313
vt 0.692293 0.682494
vt 0.661486 0.682523
vt 0.661511 0.640312
vt 0.692315 0.640249
vt 0.620497 0.585909
vt 0.621962 0.586764
vt 0.659112 0.586772
vt 0.661356 0.588097
vt 0.727143 0.588187
vt 0.694221 0.588235
vt 0.694221 0.532799
vt 0.727145 0.532784
vt 0.621376 0.534148
vt 0.620523 0.535583
vt 0.651820 0.682414
vt 0.619075 0.682491
vt 0.619075 0.640251
vt 0.651820 0.640279
vt 0.621937 0.534145
vt 0.661316 0.532810
vt 0.658559 0.534130
vt 0.659630 0.586419
vt 0.659885 0.534967
vt 0.659636 0.534493
vt 0.760281 0.675972
vt 0.760273 0.675377
vt 0.793059 0.675362
vt 0.793065 0.675957
vt 0.760250 0.674951
vt 0.793036 0.674935
vt 0.661420 0.589429
vt 0.661418 0.588832
vt 0.694335 0.588810
vt 0.694337 0.589407
vt 0.661412 0.588401
vt 0.694329 0.588379
vt 0.659884 0.585948
vt 0.659994 0.585338
vt 0.694220 0.532825
vt 0.694221 0.588266
vt 0.661468 0.588175
vt 0.661469 0.532768
vt 0.659165 0.534239
vt 0.659969 0.535595
vt 0.727400 0.713486
vt 0.727403 0.676869
vt 0.692269 0.682582
vt 0.661463 0.682582
vt 0.694222 0.532710
vt 0.727158 0.532726
vt 0.620893 0.586389
vt 0.620893 0.534542
vt 0.793156 0.712546
vt 0.793150 0.713185
vt 0.793099 0.713612
vt 0.619075 0.589255
vt 0.619080 0.588641
vt 0.619135 0.588206
vt 0.619172 0.639660
vt 0.619091 0.639673
vt 0.619082 0.639057
vt 0.619163 0.639068
vt 0.619199 0.640079
vt 0.619135 0.640103
vt 0.727499 0.714079
vt 0.727411 0.714090
vt 0.727158 0.588247
vt 0.661450 0.640321
vt 0.661426 0.682516
vt 0.620528 0.585336
vt 0.620614 0.585953
vt 0.658555 0.586737
vt 0.661344 0.588150
vt 0.661340 0.588190
vt 0.619146 0.588206
vt 0.651877 0.682457
vt 0.651884 0.682513
vt 0.621331 0.534264
vt 0.621935 0.534193
vt 0.619116 0.588139
vt 0.619127 0.532774
vt 0.793147 0.675951
vt 0.651878 0.640239
vt 0.651924 0.640251
vt 0.651924 0.682442
vt 0.658551 0.534179
vt 0.661361 0.532758
vt 0.619148 0.532726
vt 0.661338 0.532710
vt 0.661486 0.640252
vt 0.661452 0.532710
vt 0.659156 0.586654
vt 0.659593 0.586374
vt 0.659593 0.534527
vt 0.793140 0.675350
vt 0.793099 0.674911
vt 0.694391 0.588355
vt 0.694422 0.588802
vt 0.727501 0.676277
vt 0.727400 0.676255
vt 0.694213 0.588355
vt 0.661452 0.588235
vt 0.659942 0.585333
vt 0.619081 0.640161
vt 0.651884 0.640183
vt 0.667215 0.689491
vt 0.667215 0.620890
vt 0.713241 0.619590
vt 0.713238 0.688147
vt 0.775485 0.645396
vt 0.775405 0.599326
vt 0.778132 0.599341
vt 0.713560 0.619819
vt 0.713499 0.543816
vt 0.716137 0.543817
vt 0.667316 0.543919
vt 0.713419 0.543741
vt 0.713420 0.619334
vt 0.667308 0.619464
vt 0.775306 0.543817
vt 0.777741 0.543890
vt 0.777775 0.589934
vt 0.775298 0.589864
vt 0.778159 0.645411
vt 0.716198 0.619816
vt 0.713339 0.688155
vt 0.713322 0.688247
vt 0.713228 0.688232
vt 0.713265 0.619539
vt 0.713321 0.619615
vt 0.713251 0.688308
vt 0.775496 0.645476
vt 0.775398 0.645418
vt 0.713475 0.619886
vt 0.713436 0.619803
vt 0.713420 0.543836
vt 0.713421 0.543749
vt 0.713519 0.543741
vt 0.777895 0.543880
vt 0.777826 0.543903
vt 0.777844 0.543809
vt 0.667215 0.543925
vt 0.667234 0.543839
vt 0.667326 0.543837
vt 0.777735 0.543806
vt 0.778236 0.645397
vt 0.778180 0.645487
vt 0.716225 0.543749
vt 0.716264 0.543831
vt 0.716275 0.619836
vt 0.716182 0.619894
vt 0.775312 0.599331
vt 0.775346 0.645402
vt 0.667223 0.689622
vt 0.775298 0.543741
vt 0.667235 0.619483
vt 0.777903 0.589930
vt 0.667326 0.619539
vt 0.778236 0.599346
vt 0.651908 0.639150
vt 0.755020 0.692857
vt 0.731439 0.703827
vt 0.731429 0.686270
vt 0.651917 0.639742
vt 0.651943 0.640161
vt 0.758268 0.713432
vt 0.758298 0.714027
vt 0.758388 0.714453
vt 0.727590 0.714505
vt 0.661420 0.639235
vt 0.694335 0.639213
vt 0.661418 0.639827
vt 0.694337 0.639806
vt 0.661412 0.640245
vt 0.694329 0.640224
vt 0.758300 0.676225
vt 0.758270 0.676820
vt 0.758391 0.675802
vt 0.727592 0.675853
vt 0.671397 0.665436
vt 0.671373 0.665317
vt 0.672686 0.665315
vt 0.672669 0.665438
vt 0.750459 0.696555
vt 0.749146 0.696555
vt 0.749164 0.696434
vt 0.750437 0.696430
vt 0.767218 0.696389
vt 0.767248 0.657942
vt 0.767398 0.658110
vt 0.767386 0.696240
vt 0.672687 0.667964
vt 0.671374 0.667968
vt 0.671393 0.667847
vt 0.672665 0.667844
vt 0.764831 0.696382
vt 0.764861 0.657935
vt 0.737833 0.696435
vt 0.737832 0.658308
vt 0.739105 0.658309
vt 0.739107 0.696436
vt 0.739126 0.696552
vt 0.737813 0.696556
vt 0.764693 0.658084
vt 0.764680 0.696215
vt 0.737812 0.658188
vt 0.739125 0.658184
vt 0.749166 0.658304
vt 0.750439 0.658300
vt 0.736450 0.666266
vt 0.736420 0.666142
vt 0.737725 0.666142
vt 0.737715 0.666269
vt 0.780819 0.655245
vt 0.780987 0.655096
vt 0.780999 0.693523
vt 0.780848 0.693357
vt 0.749147 0.658184
vt 0.750460 0.658184
vt 0.737691 0.668670
vt 0.736426 0.668672
vt 0.737703 0.668785
vt 0.736398 0.668787
vt 0.783385 0.693531
vt 0.783373 0.655103
vt 0.783523 0.655271
vt 0.783553 0.693382
vt 0.672720 0.665435
vt 0.767368 0.657965
vt 0.750491 0.696410
vt 0.750491 0.658301
vt 0.672719 0.667822
vt 0.767362 0.696358
vt 0.736391 0.666287
vt 0.737780 0.696436
vt 0.764719 0.657964
vt 0.737781 0.658330
vt 0.736369 0.668668
vt 0.764711 0.696356
vt 0.749114 0.696437
vt 0.780843 0.655128
vt 0.671341 0.665460
vt 0.749114 0.658327
vt 0.780768 0.655247
vt 0.671341 0.667847
vt 0.780878 0.693502
vt 0.781000 0.693575
vt 0.780804 0.693380
vt 0.783493 0.655130
vt 0.739158 0.696411
vt 0.739158 0.658305
vt 0.783526 0.693503
vt 0.783405 0.693577
vt 0.737740 0.668645
vt 0.664509 0.665315
vt 0.665823 0.665317
vt 0.665798 0.665436
vt 0.664525 0.665438
vt 0.787664 0.693347
vt 0.787684 0.693467
vt 0.786371 0.693469
vt 0.786389 0.693344
vt 0.777704 0.552159
vt 0.777854 0.551991
vt 0.777917 0.590419
vt 0.777750 0.590270
vt 0.780453 0.590244
vt 0.780304 0.590411
vt 0.665803 0.667848
vt 0.665821 0.667968
vt 0.664508 0.667964
vt 0.664529 0.667844
vt 0.780241 0.551984
vt 0.744727 0.658309
vt 0.746001 0.658308
vt 0.746001 0.696435
vt 0.744726 0.696436
vt 0.746020 0.696555
vt 0.744706 0.696552
vt 0.780408 0.552133
vt 0.744707 0.658184
vt 0.746021 0.658187
vt 0.786388 0.655214
vt 0.787662 0.655216
vt 0.731704 0.666146
vt 0.733010 0.666138
vt 0.732995 0.666262
vt 0.731728 0.666273
vt 0.756646 0.657793
vt 0.756667 0.696239
vt 0.756500 0.696090
vt 0.756496 0.657960
vt 0.759034 0.657784
vt 0.759201 0.657935
vt 0.786370 0.655098
vt 0.787683 0.655096
vt 0.732999 0.668668
vt 0.731732 0.668674
vt 0.733008 0.668783
vt 0.731703 0.668789
vt 0.759205 0.696064
vt 0.759054 0.696232
vt 0.664474 0.665435
vt 0.777734 0.552015
vt 0.777659 0.552139
vt 0.786337 0.693324
vt 0.777698 0.590271
vt 0.664475 0.667822
vt 0.777773 0.590388
vt 0.777891 0.590465
vt 0.746053 0.696436
vt 0.780382 0.552014
vt 0.746053 0.658331
vt 0.780302 0.590463
vt 0.780423 0.590387
vt 0.733045 0.666283
vt 0.787716 0.693349
vt 0.756523 0.696207
vt 0.665854 0.665460
vt 0.787716 0.655239
vt 0.665855 0.667848
vt 0.731672 0.666267
vt 0.756526 0.657815
vt 0.759174 0.696206
vt 0.759245 0.696088
vt 0.744674 0.696411
vt 0.744674 0.658305
vt 0.759175 0.657814
vt 0.731674 0.668650
vt 0.754929 0.683219
vt 0.731440 0.683273
vt 0.731428 0.706824
vt 0.754924 0.706778
vt 0.730041 0.683264
vt 0.730029 0.706815
vt 0.754925 0.686224
vt 0.754928 0.703773
vt 0.755343 0.706788
vt 0.755347 0.703783
vt 0.755345 0.686234
vt 0.755348 0.683229
vt 0.727199 0.532792
vt 0.727199 0.588178
vt 0.661412 0.532779
vt 0.661412 0.588169
vt 0.727524 0.714529
vt 0.619075 0.588134
vt 0.619075 0.532798
vt 0.694422 0.589433
vt 0.694399 0.639217
vt 0.694422 0.639829
vt 0.694391 0.640249
vt 0.727526 0.675828
vt 0.661412 0.532782
vt 0.661412 0.588118
vt 0.619080 0.588201
vt 0.619077 0.532730
vt 0.661409 0.588182
vt 0.661412 0.640318
vt 0.661406 0.532711
vt 0.659103 0.589606
vt 0.658570 0.589598
vt 0.658528 0.588217
vt 0.659103 0.588206
vt 0.655490 0.591120
vt 0.654964 0.591123
vt 0.654920 0.588267
vt 0.655489 0.588244
vt 0.655490 0.588222
vt 0.656023 0.588232
vt 0.656066 0.589618
vt 0.655491 0.589630
vt 0.660260 0.588223
vt 0.660792 0.588232
vt 0.660834 0.591121
vt 0.660261 0.591133
vt 0.659681 0.588222
vt 0.660214 0.588232
vt 0.660257 0.589618
vt 0.659682 0.589630
vt 0.660836 0.588223
vt 0.661368 0.588232
vt 0.661410 0.591121
vt 0.660837 0.591133
vt 0.659681 0.589606
vt 0.659149 0.589598
vt 0.659106 0.588217
vt 0.659681 0.588206
vt 0.654897 0.591120
vt 0.654371 0.591123
vt 0.654327 0.588267
vt 0.654897 0.588244
vt 0.658524 0.588206
vt 0.658512 0.588778
vt 0.658119 0.588779
vt 0.658107 0.588206
vt 0.653717 0.591126
vt 0.653148 0.591131
vt 0.653148 0.588263
vt 0.653717 0.588238
vt 0.656488 0.588206
vt 0.656476 0.588778
vt 0.656081 0.588779
vt 0.656069 0.588206
vt 0.652536 0.588244
vt 0.653110 0.588253
vt 0.653111 0.591154
vt 0.652537 0.591165
vt 0.656908 0.588206
vt 0.656896 0.588778
vt 0.656500 0.588779
vt 0.656488 0.588206
vt 0.651943 0.588244
vt 0.652517 0.588253
vt 0.652519 0.591154
vt 0.651945 0.591165
vt 0.657325 0.588206
vt 0.657313 0.588778
vt 0.656919 0.588779
vt 0.654305 0.591126
vt 0.653736 0.591130
vt 0.653735 0.588262
vt 0.654304 0.588238
vt 0.731414 0.683360
vt 0.731379 0.683297
vt 0.731413 0.703913
vt 0.731377 0.703851
vt 0.754929 0.686177
vt 0.754943 0.686202
vt 0.754927 0.706731
vt 0.754942 0.706756
vt 0.730046 0.686175
vt 0.730079 0.686237
vt 0.730044 0.706729
vt 0.730077 0.706791
vt 0.755332 0.683277
vt 0.755316 0.683252
vt 0.755331 0.703831
vt 0.755315 0.703806
vt 0.731343 0.686249
vt 0.731400 0.686212
vt 0.730115 0.703840
vt 0.730056 0.703876
vt 0.755313 0.686203
vt 0.755332 0.686178
vt 0.754945 0.703804
vt 0.754928 0.703830
vt 0.730117 0.683286
vt 0.730057 0.683323
vt 0.731342 0.706803
vt 0.731399 0.706766
vt 0.754946 0.683251
vt 0.754929 0.683276
vt 0.755312 0.706757
vt 0.755330 0.706732
vt 0.658529 0.589625
vt 0.658524 0.589559
vt 0.654925 0.591152
vt 0.654916 0.591085
vt 0.656064 0.588206
vt 0.656069 0.588267
vt 0.660834 0.588206
vt 0.660836 0.588269
vt 0.660255 0.588206
vt 0.660260 0.588267
vt 0.661410 0.588206
vt 0.661412 0.588269
vt 0.659107 0.589625
vt 0.659103 0.589559
vt 0.654332 0.591152
vt 0.654323 0.591085
vt 0.653129 0.591176
vt 0.653129 0.588206
vt 0.653717 0.591176
vt 0.653717 0.588206
vt 0.654897 0.591168
vt 0.654897 0.588206
vt 0.654305 0.591168
vt 0.654305 0.588206
vt 0.653127 0.588206
vt 0.653129 0.591210
vt 0.652535 0.588206
vt 0.652536 0.591210
vt 0.653153 0.591158
vt 0.653110 0.591179
vt 0.653109 0.588228
vt 0.653153 0.588240
vt 0.652516 0.588228
vt 0.653741 0.588240
vt 0.653741 0.591157
vt 0.652517 0.591179
vt 0.667289 0.665436
vt 0.667266 0.665317
vt 0.668579 0.665315
vt 0.668562 0.665438
vt 0.741882 0.696555
vt 0.740569 0.696555
vt 0.740587 0.696435
vt 0.741860 0.696430
vt 0.773407 0.696183
vt 0.773270 0.657886
vt 0.773420 0.658053
vt 0.770703 0.696157
vt 0.773240 0.696333
vt 0.770852 0.696325
vt 0.668580 0.667964
vt 0.667267 0.667968
vt 0.667285 0.667847
vt 0.668558 0.667844
vt 0.770882 0.657878
vt 0.751922 0.696435
vt 0.751922 0.658308
vt 0.753195 0.658309
vt 0.753196 0.696436
vt 0.753215 0.696552
vt 0.751902 0.696556
vt 0.770715 0.658028
vt 0.751902 0.658188
vt 0.753214 0.658184
vt 0.740589 0.658304
vt 0.741861 0.658300
vt 0.728911 0.667016
vt 0.728880 0.666892
vt 0.730185 0.666892
vt 0.730176 0.667019
vt 0.778035 0.655245
vt 0.778202 0.655096
vt 0.778065 0.693356
vt 0.780768 0.693381
vt 0.780601 0.693532
vt 0.778214 0.693524
vt 0.740570 0.658184
vt 0.741883 0.658184
vt 0.730152 0.669420
vt 0.728886 0.669422
vt 0.730164 0.669535
vt 0.728858 0.669537
vt 0.780589 0.655103
vt 0.780739 0.655271
vt 0.668613 0.665435
vt 0.773390 0.657909
vt 0.741914 0.696410
vt 0.741914 0.658301
vt 0.668612 0.667822
vt 0.773383 0.696301
vt 0.728852 0.667037
vt 0.751869 0.696436
vt 0.770741 0.657908
vt 0.751869 0.658331
vt 0.728830 0.669419
vt 0.770733 0.696300
vt 0.740537 0.696437
vt 0.778058 0.655128
vt 0.667234 0.665460
vt 0.740536 0.658328
vt 0.777983 0.655247
vt 0.667233 0.667847
vt 0.778094 0.693502
vt 0.778216 0.693575
vt 0.778019 0.693380
vt 0.780708 0.655130
vt 0.753247 0.696411
vt 0.753248 0.658305
vt 0.780742 0.693503
vt 0.780621 0.693577
vt 0.730200 0.669396
vt 0.684274 0.665294
vt 0.685587 0.665295
vt 0.685563 0.665414
vt 0.684289 0.665416
vt 0.787681 0.654866
vt 0.787702 0.654986
vt 0.786389 0.654988
vt 0.786407 0.654863
vt 0.778019 0.616790
vt 0.778169 0.616622
vt 0.778232 0.655050
vt 0.778064 0.654901
vt 0.780768 0.654875
vt 0.780619 0.655042
vt 0.685567 0.667826
vt 0.685586 0.667947
vt 0.684272 0.667943
vt 0.684294 0.667823
vt 0.780556 0.616615
vt 0.746106 0.658309
vt 0.747381 0.658308
vt 0.747380 0.696435
vt 0.746106 0.696436
vt 0.747400 0.696555
vt 0.746086 0.696552
vt 0.780723 0.616764
vt 0.746086 0.658184
vt 0.747400 0.658187
vt 0.786405 0.616733
vt 0.787679 0.616735
vt 0.733076 0.666146
vt 0.734382 0.666138
vt 0.734367 0.666262
vt 0.733100 0.666273
vt 0.768104 0.657770
vt 0.768124 0.696216
vt 0.767957 0.696067
vt 0.767953 0.657936
vt 0.786388 0.616617
vt 0.787701 0.616615
vt 0.734371 0.668668
vt 0.733104 0.668674
vt 0.734381 0.668783
vt 0.733075 0.668789
vt 0.770662 0.696041
vt 0.770512 0.696209
vt 0.770491 0.657762
vt 0.770658 0.657911
vt 0.684239 0.665413
vt 0.778049 0.616646
vt 0.777974 0.616770
vt 0.786355 0.654843
vt 0.778013 0.654902
vt 0.684240 0.667801
vt 0.778088 0.655019
vt 0.778206 0.655096
vt 0.747433 0.696436
vt 0.780697 0.616645
vt 0.747433 0.658331
vt 0.780617 0.655094
vt 0.780738 0.655018
vt 0.734417 0.666283
vt 0.787734 0.654868
vt 0.767981 0.696184
vt 0.685619 0.665438
vt 0.787734 0.616758
vt 0.685619 0.667826
vt 0.733045 0.666267
vt 0.767984 0.657792
vt 0.767909 0.657915
vt 0.770632 0.696183
vt 0.770703 0.696065
vt 0.746054 0.696411
vt 0.746053 0.658304
vt 0.770633 0.657791
vt 0.733046 0.668650
vt 0.929379 0.893091
vt 0.929379 0.934137
vt 0.929221 0.934148
vt 0.929221 0.893081
vt 0.961236 0.893072
vt 0.961236 0.934139
vt 0.961125 0.934143
vt 0.961125 0.893068
vt 0.960964 0.934139
vt 0.960964 0.893072
vt 0.929221 0.893081
vt 0.929221 0.934148
vt 0.929090 0.934137
vt 0.929090 0.893091
vt 0.928931 0.934126
vt 0.928931 0.893102
vt 0.962230 0.892622
vt 0.962230 0.933647
vt 0.962119 0.933642
vt 0.962119 0.892626
vt 0.961959 0.933647
vt 0.961959 0.892622
vt 0.929510 0.893102
vt 0.929510 0.934127
vt 0.929440 0.934571
vt 0.929287 0.934621
vt 0.961208 0.934613
vt 0.961097 0.934634
vt 0.960937 0.934613
vt 0.929155 0.934621
vt 0.929029 0.934571
vt 0.928877 0.934520
vt 0.962253 0.934040
vt 0.962141 0.934019
vt 0.961982 0.934040
vt 0.929565 0.934520
vt 0.929597 0.934840
vt 0.929478 0.934948
vt 0.961129 0.934939
vt 0.961012 0.934984
vt 0.960858 0.934939
vt 0.928964 0.934948
vt 0.928872 0.934840
vt 0.928753 0.934731
vt 0.962304 0.934252
vt 0.962187 0.934207
vt 0.962033 0.934252
vt 0.929689 0.934732
vt 0.929859 0.935001
vt 0.929796 0.935144
vt 0.962304 0.923601
vt 0.962382 0.923299
vt 0.962541 0.923319
vt 0.962458 0.923643
vt 0.960870 0.935194
vt 0.960726 0.935135
vt 0.928645 0.935144
vt 0.928610 0.935001
vt 0.928547 0.934858
vt 0.963025 0.923657
vt 0.962975 0.923882
vt 0.962862 0.923889
vt 0.962907 0.923690
vt 0.962703 0.923868
vt 0.962753 0.923643
vt 0.929895 0.934859
vt 0.930282 0.935063
vt 0.930258 0.935211
vt 0.962409 0.922836
vt 0.962569 0.922841
vt 0.962681 0.922822
vt 0.962654 0.923285
vt 0.928183 0.935211
vt 0.928187 0.935063
vt 0.928163 0.934915
vt 0.962953 0.924279
vt 0.962842 0.924269
vt 0.962681 0.924265
vt 0.930279 0.934915
vt 0.959692 0.935063
vt 0.959689 0.935211
vt 0.962409 0.892887
vt 0.962569 0.892883
vt 0.962681 0.892873
vt 0.898752 0.935211
vt 0.898776 0.935063
vt 0.898773 0.934915
vt 0.963002 0.954186
vt 0.962890 0.954168
vt 0.962730 0.954172
vt 0.959668 0.934915
vt 0.960115 0.935001
vt 0.960151 0.935144
vt 0.962382 0.892409
vt 0.962541 0.892388
vt 0.962654 0.892395
vt 0.898290 0.935144
vt 0.898353 0.935001
vt 0.898389 0.934858
vt 0.963025 0.954570
vt 0.962912 0.954536
vt 0.962753 0.954556
vt 0.960052 0.934858
vt 0.960377 0.934840
vt 0.960469 0.934948
vt 0.962304 0.892063
vt 0.962458 0.892017
vt 0.962577 0.892049
vt 0.897972 0.934948
vt 0.898091 0.934840
vt 0.898183 0.934732
vt 0.961773 0.934506
vt 0.961687 0.934379
vt 0.961841 0.934334
vt 0.961917 0.934446
vt 0.962957 0.954709
vt 0.962803 0.954752
vt 0.960258 0.934732
vt 0.960534 0.934571
vt 0.960660 0.934621
vt 0.961236 0.934729
vt 0.961315 0.934403
vt 0.961474 0.934424
vt 0.961389 0.934774
vt 0.961586 0.934403
vt 0.961507 0.934729
vt 0.897781 0.934621
vt 0.897933 0.934571
vt 0.898059 0.934520
vt 0.961636 0.934167
vt 0.961796 0.934146
vt 0.961908 0.934167
vt 0.961959 0.934379
vt 0.960382 0.934520
vt 0.960595 0.934137
vt 0.960726 0.934148
vt 0.961342 0.933929
vt 0.961503 0.933933
vt 0.961614 0.933929
vt 0.897715 0.934148
vt 0.897873 0.934137
vt 0.898004 0.934126
vt 0.961614 0.933774
vt 0.961774 0.933769
vt 0.961885 0.933774
vt 0.960437 0.934126
vt 0.960595 0.893091
vt 0.960726 0.893081
vt 0.961342 0.892862
vt 0.961503 0.892857
vt 0.961614 0.892862
vt 0.897715 0.893081
vt 0.897873 0.893091
vt 0.898004 0.893102
vt 0.961614 0.892749
vt 0.961774 0.892753
vt 0.961885 0.892749
vt 0.960437 0.893102
vt 0.960534 0.892658
vt 0.960660 0.892607
vt 0.961315 0.892388
vt 0.961474 0.892367
vt 0.961586 0.892388
vt 0.897781 0.892607
vt 0.897933 0.892658
vt 0.898059 0.892708
vt 0.961636 0.892355
vt 0.961796 0.892376
vt 0.961908 0.892355
vt 0.960382 0.892708
vt 0.960377 0.892388
vt 0.960469 0.892280
vt 0.961236 0.892062
vt 0.961389 0.892017
vt 0.961507 0.892062
vt 0.897972 0.892280
vt 0.898091 0.892389
vt 0.898183 0.892497
vt 0.961687 0.892144
vt 0.961841 0.892189
vt 0.961959 0.892144
vt 0.960258 0.892497
vt 0.960115 0.892227
vt 0.960151 0.892085
vt 0.962304 0.955223
vt 0.962382 0.954877
vt 0.962541 0.954899
vt 0.962458 0.955270
vt 0.962654 0.954892
vt 0.962577 0.955238
vt 0.898290 0.892085
vt 0.898353 0.892227
vt 0.898389 0.892370
vt 0.961773 0.892017
vt 0.961917 0.892076
vt 0.962957 0.892059
vt 0.962912 0.892233
vt 0.962753 0.892212
vt 0.962803 0.892017
vt 0.960052 0.892370
vt 0.959692 0.892165
vt 0.959689 0.892017
vt 0.962409 0.954400
vt 0.962569 0.954404
vt 0.962681 0.954414
vt 0.898752 0.892017
vt 0.898776 0.892165
vt 0.898773 0.892314
vt 0.963025 0.892199
vt 0.963002 0.892583
vt 0.962890 0.892601
vt 0.962730 0.892597
vt 0.959668 0.892314
vt 0.930282 0.892165
vt 0.930258 0.892017
vt 0.962409 0.924450
vt 0.962569 0.924446
vt 0.962681 0.924465
vt 0.928183 0.892017
vt 0.928187 0.892165
vt 0.928163 0.892314
vt 0.962953 0.922490
vt 0.962842 0.922500
vt 0.962681 0.922504
vt 0.930279 0.892314
vt 0.929859 0.892227
vt 0.929796 0.892085
vt 0.962382 0.923988
vt 0.962541 0.923968
vt 0.962654 0.924002
vt 0.928645 0.892085
vt 0.928610 0.892227
vt 0.928547 0.892370
vt 0.962975 0.922887
vt 0.962862 0.922880
vt 0.962703 0.922901
vt 0.929895 0.892370
vt 0.929597 0.892389
vt 0.929478 0.892280
vt 0.962304 0.923686
vt 0.960870 0.892017
vt 0.961012 0.892227
vt 0.960858 0.892272
vt 0.960726 0.892076
vt 0.928964 0.892280
vt 0.928872 0.892388
vt 0.928753 0.892497
vt 0.963025 0.923111
vt 0.962907 0.923079
vt 0.962753 0.923125
vt 0.929689 0.892497
vt 0.929440 0.892658
vt 0.929287 0.892607
vt 0.961129 0.892272
vt 0.961208 0.892598
vt 0.961097 0.892577
vt 0.960937 0.892598
vt 0.929155 0.892607
vt 0.929029 0.892657
vt 0.928877 0.892708
vt 0.962304 0.892017
vt 0.962253 0.892228
vt 0.962141 0.892249
vt 0.962187 0.892062
vt 0.961982 0.892228
vt 0.962033 0.892017
vt 0.929565 0.892708
vt 0.760090 0.533741
vt 0.792841 0.533825
vt 0.792841 0.573223
vt 0.760085 0.573141
vt 0.696199 0.631671
vt 0.696724 0.632030
vt 0.694479 0.633357
vt 0.696205 0.590146
vt 0.695951 0.590616
vt 0.694479 0.588470
vt 0.725334 0.716205
vt 0.725364 0.716800
vt 0.694557 0.716857
vt 0.694503 0.716268
vt 0.725455 0.717226
vt 0.694622 0.717290
vt 0.760095 0.533145
vt 0.792849 0.533228
vt 0.760095 0.532710
vt 0.792876 0.532797
vt 0.792849 0.573815
vt 0.760096 0.573736
vt 0.792876 0.574234
vt 0.760096 0.574161
vt 0.800453 0.625991
vt 0.800446 0.626589
vt 0.767650 0.626603
vt 0.767658 0.626009
vt 0.800449 0.627017
vt 0.767626 0.627027
vt 0.695845 0.631153
vt 0.727345 0.678515
vt 0.694422 0.678563
vt 0.694422 0.633537
vt 0.727347 0.633523
vt 0.695871 0.591228
vt 0.696681 0.589897
vt 0.697280 0.589790
vt 0.760258 0.673901
vt 0.760258 0.634506
vt 0.793182 0.634483
vt 0.793209 0.673881
vt 0.736704 0.633340
vt 0.734502 0.631911
vt 0.734978 0.631662
vt 0.736665 0.588413
vt 0.735233 0.590612
vt 0.734984 0.590138
vt 0.694556 0.679049
vt 0.725364 0.678999
vt 0.725334 0.679593
vt 0.694525 0.679645
vt 0.694621 0.678620
vt 0.725455 0.678575
vt 0.760256 0.633909
vt 0.793182 0.633888
vt 0.760250 0.633478
vt 0.793202 0.633450
vt 0.793182 0.674475
vt 0.760256 0.674493
vt 0.793202 0.674898
vt 0.760250 0.674911
vt 0.767650 0.588802
vt 0.800445 0.588787
vt 0.800450 0.589383
vt 0.767658 0.589397
vt 0.767626 0.588376
vt 0.800449 0.588355
vt 0.735232 0.631192
vt 0.735342 0.630583
vt 0.733901 0.631990
vt 0.760007 0.532826
vt 0.760007 0.577855
vt 0.727255 0.577764
vt 0.727256 0.532768
vt 0.735317 0.591240
vt 0.734459 0.589779
vt 0.736797 0.630704
vt 0.736760 0.630638
vt 0.736821 0.630645
vt 0.727360 0.633464
vt 0.727400 0.633530
vt 0.727400 0.678506
vt 0.727360 0.678575
vt 0.760194 0.675743
vt 0.760250 0.675733
vt 0.760210 0.675802
vt 0.736821 0.588434
vt 0.736760 0.588444
vt 0.736796 0.588375
vt 0.727199 0.532779
vt 0.727239 0.532710
vt 0.727239 0.577824
vt 0.727199 0.577758
vt 0.760210 0.633472
vt 0.760250 0.633538
vt 0.760194 0.633531
vt 0.760014 0.573130
vt 0.760007 0.533739
vt 0.767626 0.630600
vt 0.767602 0.630688
vt 0.694424 0.633450
vt 0.696672 0.631913
vt 0.696262 0.631617
vt 0.696255 0.590206
vt 0.694465 0.716864
vt 0.760013 0.533125
vt 0.760023 0.573745
vt 0.800525 0.625984
vt 0.800518 0.626608
vt 0.695876 0.630580
vt 0.695962 0.631197
vt 0.697296 0.631999
vt 0.727400 0.675783
vt 0.694422 0.633378
vt 0.694423 0.588443
vt 0.694422 0.716264
vt 0.793260 0.634510
vt 0.767626 0.588355
vt 0.734922 0.631601
vt 0.734925 0.590190
vt 0.694447 0.679657
vt 0.694476 0.679033
vt 0.793259 0.633879
vt 0.793260 0.674495
vt 0.800527 0.588778
vt 0.800532 0.589379
vt 0.760000 0.577945
vt 0.735267 0.630574
vt 0.727400 0.633538
vt 0.727407 0.633450
vt 0.736719 0.588425
vt 0.736760 0.588427
vt 0.736760 0.633362
vt 0.734511 0.589894
vt 0.733886 0.589808
vt 0.694491 0.633410
vt 0.694495 0.633450
vt 0.694428 0.633445
vt 0.694491 0.588414
vt 0.694425 0.588375
vt 0.694495 0.588371
vt 0.736691 0.633394
vt 0.736757 0.633426
vt 0.736688 0.633434
vt 0.736688 0.588355
vt 0.736754 0.588356
vt 0.694845 0.627163
vt 0.694838 0.627126
vt 0.695245 0.627126
vt 0.695240 0.627164
vt 0.689190 0.639040
vt 0.688783 0.639040
vt 0.688789 0.639002
vt 0.689184 0.639001
vt 0.684919 0.627180
vt 0.684916 0.639018
vt 0.684864 0.639064
vt 0.684122 0.639062
vt 0.684076 0.639010
vt 0.695246 0.627948
vt 0.694838 0.627949
vt 0.694844 0.627912
vt 0.695239 0.627911
vt 0.684079 0.627173
vt 0.684131 0.627126
vt 0.684872 0.627128
vt 0.686615 0.627165
vt 0.686615 0.639005
vt 0.686220 0.639004
vt 0.686220 0.627164
vt 0.686214 0.627127
vt 0.686621 0.627126
vt 0.686622 0.639041
vt 0.686214 0.639042
vt 0.688789 0.627163
vt 0.689184 0.627162
vt 0.694417 0.627163
vt 0.694410 0.627126
vt 0.694817 0.627126
vt 0.694812 0.627164
vt 0.679725 0.627128
vt 0.679772 0.627180
vt 0.679769 0.639018
vt 0.678932 0.627173
vt 0.678984 0.627126
vt 0.688783 0.627126
vt 0.689191 0.627126
vt 0.694811 0.627911
vt 0.694416 0.627912
vt 0.678930 0.639010
vt 0.679717 0.639064
vt 0.678976 0.639062
vt 0.694817 0.627948
vt 0.694410 0.627949
vt 0.996178 0.692644
vt 0.996172 0.692159
vt 0.996513 0.692137
vt 0.996513 0.692644
vt 0.995886 0.692624
vt 0.995886 0.692160
vt 0.996852 0.537309
vt 0.996857 0.536825
vt 0.997147 0.536847
vt 0.997138 0.537330
vt 0.996516 0.537302
vt 0.996516 0.536818
vt 0.996180 0.537309
vt 0.996175 0.536825
vt 0.995896 0.537330
vt 0.995886 0.536847
vt 0.996179 0.634946
vt 0.996174 0.635431
vt 0.995886 0.635431
vt 0.995886 0.634967
vt 0.996515 0.634946
vt 0.996515 0.635432
vt 0.996852 0.634946
vt 0.996851 0.635454
vt 0.997147 0.634967
vt 0.997147 0.635431
vt 0.996184 0.696224
vt 0.996180 0.696709
vt 0.995886 0.696709
vt 0.995886 0.696245
vt 0.996522 0.696224
vt 0.996522 0.696732
vt 0.996857 0.696224
vt 0.996862 0.696709
vt 0.997147 0.696245
vt 0.997147 0.696709
vt 0.996850 0.692644
vt 0.996849 0.692136
vt 0.997147 0.692160
vt 0.997147 0.692624
vt 0.997435 0.363789
vt 0.997322 0.363704
vt 0.997446 0.363446
vt 0.997582 0.363482
vt 0.997181 0.364016
vt 0.997109 0.363894
vt 0.996858 0.364116
vt 0.996840 0.363988
vt 0.996519 0.364109
vt 0.996554 0.363972
vt 0.996212 0.363962
vt 0.996297 0.363849
vt 0.995986 0.363708
vt 0.996107 0.363636
vt 0.995885 0.363385
vt 0.996012 0.363367
vt 0.995892 0.363047
vt 0.996028 0.363082
vt 0.996040 0.362740
vt 0.996152 0.362824
vt 0.996300 0.362523
vt 0.996365 0.362634
vt 0.996617 0.362412
vt 0.996635 0.362540
vt 0.996952 0.362431
vt 0.996920 0.362556
vt 0.997262 0.362567
vt 0.997177 0.362679
vt 0.997489 0.362821
vt 0.997368 0.362892
vt 0.997589 0.363144
vt 0.997462 0.363161
vt 0.996061 0.284887
vt 0.995927 0.284578
vt 0.996321 0.285103
vt 0.995896 0.284243
vt 0.996019 0.283929
vt 0.996234 0.283670
vt 0.996543 0.283535
vt 0.997199 0.283616
vt 0.997441 0.283850
vt 0.996877 0.283517
vt 0.997586 0.284152
vt 0.997606 0.284486
vt 0.997494 0.284801
vt 0.997279 0.285060
vt 0.996973 0.285206
vt 0.996636 0.285214
vt 0.695256 0.627163
vt 0.684909 0.627136
vt 0.689201 0.638995
vt 0.689200 0.627163
vt 0.695256 0.627904
vt 0.684908 0.639054
vt 0.694400 0.627171
vt 0.686632 0.627164
vt 0.684087 0.627135
vt 0.686632 0.638997
vt 0.694400 0.627912
vt 0.684085 0.639054
vt 0.684063 0.639017
vt 0.688773 0.639003
vt 0.679762 0.639054
vt 0.694828 0.627171
vt 0.688773 0.627170
vt 0.694828 0.627912
vt 0.694828 0.627163
vt 0.679762 0.627135
vt 0.679785 0.627174
vt 0.678939 0.639054
vt 0.686204 0.627172
vt 0.686204 0.639005
vt 0.678940 0.627135
vt 0.694827 0.627904
vt 0.996182 0.692121
vt 0.996305 0.285128
vt 0.995898 0.284586
vt 0.995993 0.283914
vt 0.996536 0.283507
vt 0.996184 0.635470
vt 0.996515 0.635470
vt 0.997465 0.283833
vt 0.997615 0.284144
vt 0.996189 0.696748
vt 0.996852 0.696748
vt 0.997519 0.284816
vt 0.692704 0.627163
vt 0.692697 0.627126
vt 0.693105 0.627126
vt 0.693099 0.627164
vt 0.690046 0.639040
vt 0.689639 0.639040
vt 0.689645 0.639002
vt 0.690040 0.639001
vt 0.676313 0.639064
vt 0.676321 0.627128
vt 0.676368 0.627180
vt 0.676365 0.639018
vt 0.675571 0.639062
vt 0.675525 0.639010
vt 0.693105 0.627948
vt 0.692697 0.627949
vt 0.692703 0.627912
vt 0.693098 0.627911
vt 0.675580 0.627126
vt 0.687472 0.627165
vt 0.687472 0.639005
vt 0.687077 0.639004
vt 0.687076 0.627164
vt 0.687070 0.627127
vt 0.687478 0.627126
vt 0.675528 0.627172
vt 0.687478 0.639041
vt 0.687070 0.639042
vt 0.689646 0.627163
vt 0.690041 0.627162
vt 0.693561 0.627163
vt 0.693554 0.627126
vt 0.693961 0.627126
vt 0.693956 0.627164
vt 0.682336 0.639018
vt 0.682284 0.639064
vt 0.682291 0.627128
vt 0.682338 0.627180
vt 0.681498 0.627173
vt 0.681550 0.627126
vt 0.689639 0.627126
vt 0.690047 0.627126
vt 0.693955 0.627911
vt 0.693560 0.627912
vt 0.693961 0.627948
vt 0.693554 0.627949
vt 0.681542 0.639062
vt 0.681496 0.639010
vt 0.996178 0.639537
vt 0.996179 0.639028
vt 0.996513 0.639052
vt 0.996513 0.639537
vt 0.995886 0.639517
vt 0.995886 0.639052
vt 0.996852 0.545491
vt 0.996857 0.545008
vt 0.997147 0.545029
vt 0.997138 0.545512
vt 0.996516 0.545484
vt 0.996516 0.545000
vt 0.996180 0.545491
vt 0.996175 0.545008
vt 0.995895 0.545512
vt 0.995886 0.545029
vt 0.996179 0.602265
vt 0.996174 0.602750
vt 0.995886 0.602750
vt 0.995886 0.602286
vt 0.996515 0.602265
vt 0.996515 0.602750
vt 0.996852 0.602265
vt 0.996857 0.602750
vt 0.997147 0.602286
vt 0.997147 0.602750
vt 0.996184 0.728905
vt 0.996185 0.729414
vt 0.995886 0.729391
vt 0.995886 0.728926
vt 0.996522 0.728905
vt 0.996522 0.729413
vt 0.996856 0.728905
vt 0.996862 0.729390
vt 0.997146 0.728926
vt 0.997146 0.729391
vt 0.996850 0.639537
vt 0.996850 0.639029
vt 0.997147 0.639052
vt 0.997147 0.639517
vt 0.997435 0.300670
vt 0.997322 0.300585
vt 0.997446 0.300327
vt 0.997583 0.300363
vt 0.997181 0.300897
vt 0.997109 0.300775
vt 0.996858 0.300997
vt 0.996840 0.300869
vt 0.996519 0.300990
vt 0.996555 0.300853
vt 0.996213 0.300843
vt 0.996297 0.300730
vt 0.995986 0.300589
vt 0.996107 0.300517
vt 0.995885 0.300266
vt 0.996012 0.300247
vt 0.995892 0.299928
vt 0.996028 0.299962
vt 0.996040 0.299621
vt 0.996152 0.299705
vt 0.996300 0.299404
vt 0.996365 0.299515
vt 0.996617 0.299293
vt 0.996635 0.299420
vt 0.996952 0.299312
vt 0.996920 0.299436
vt 0.997262 0.299448
vt 0.997177 0.299560
vt 0.997489 0.299702
vt 0.997368 0.299773
vt 0.997590 0.300024
vt 0.997462 0.300042
vt 0.996234 0.227196
vt 0.996019 0.226937
vt 0.996540 0.227342
vt 0.995896 0.226623
vt 0.995927 0.226288
vt 0.996062 0.225979
vt 0.996321 0.225764
vt 0.996970 0.225672
vt 0.997279 0.225806
vt 0.997504 0.226059
vt 0.997606 0.226381
vt 0.997586 0.226715
vt 0.997199 0.227250
vt 0.996877 0.227349
vt 0.997442 0.227016
vt 0.996636 0.225653
vt 0.693115 0.627163
vt 0.676358 0.627135
vt 0.690057 0.638995
vt 0.690057 0.627163
vt 0.693115 0.627904
vt 0.676357 0.639054
vt 0.676320 0.639078
vt 0.687488 0.627163
vt 0.675536 0.627135
vt 0.687488 0.638997
vt 0.693544 0.627912
vt 0.675534 0.639054
vt 0.675512 0.639017
vt 0.693544 0.627171
vt 0.689629 0.639003
vt 0.682328 0.639054
vt 0.692687 0.627171
vt 0.689629 0.627170
vt 0.692687 0.627912
vt 0.693972 0.627163
vt 0.682328 0.627135
vt 0.682351 0.627174
vt 0.681505 0.639054
vt 0.687060 0.627171
vt 0.687060 0.639005
vt 0.681506 0.627135
vt 0.693971 0.627904
vt 0.996513 0.639013
vt 0.995993 0.226952
vt 0.995898 0.226280
vt 0.996306 0.225738
vt 0.996184 0.602789
vt 0.996515 0.602789
vt 0.996847 0.602789
vt 0.996977 0.225643
vt 0.996852 0.729429
vt 0.997615 0.226722
vt 0.997465 0.227034
vt 0.690991 0.627163
vt 0.690984 0.627126
vt 0.691391 0.627126
vt 0.691386 0.627164
vt 0.688762 0.639040
vt 0.688355 0.639040
vt 0.688361 0.639002
vt 0.688756 0.639001
vt 0.683204 0.639017
vt 0.683161 0.627128
vt 0.683207 0.627180
vt 0.682364 0.639010
vt 0.683152 0.639064
vt 0.682411 0.639062
vt 0.691392 0.627948
vt 0.691001 0.627951
vt 0.690990 0.627911
vt 0.691385 0.627911
vt 0.682420 0.627126
vt 0.686187 0.627166
vt 0.686188 0.639006
vt 0.685792 0.639006
vt 0.685792 0.627165
vt 0.685803 0.627126
vt 0.686194 0.627127
vt 0.682368 0.627172
vt 0.686194 0.639042
vt 0.685786 0.639043
vt 0.688362 0.627163
vt 0.688757 0.627162
vt 0.693989 0.627163
vt 0.693982 0.627126
vt 0.694389 0.627126
vt 0.694384 0.627164
vt 0.677239 0.627176
vt 0.677291 0.627129
vt 0.677237 0.639013
vt 0.678076 0.639021
vt 0.678024 0.639068
vt 0.677283 0.639065
vt 0.688355 0.627126
vt 0.688763 0.627126
vt 0.694383 0.627911
vt 0.693988 0.627912
vt 0.694390 0.627948
vt 0.693982 0.627949
vt 0.678071 0.627154
vt 0.996178 0.704900
vt 0.996178 0.704392
vt 0.996513 0.704415
vt 0.996513 0.704900
vt 0.995886 0.704880
vt 0.995886 0.704415
vt 0.996852 0.570038
vt 0.996857 0.569555
vt 0.997147 0.569575
vt 0.997138 0.570059
vt 0.996516 0.570031
vt 0.996516 0.569547
vt 0.996180 0.570038
vt 0.996175 0.569555
vt 0.995895 0.570059
vt 0.995886 0.569575
vt 0.996179 0.679883
vt 0.996180 0.680391
vt 0.995886 0.680369
vt 0.995886 0.679904
vt 0.996515 0.679883
vt 0.996515 0.680369
vt 0.996852 0.679883
vt 0.996857 0.680369
vt 0.997147 0.679904
vt 0.997147 0.680369
vt 0.996184 0.724820
vt 0.996185 0.725329
vt 0.995886 0.725305
vt 0.995886 0.724841
vt 0.996522 0.724820
vt 0.996522 0.725305
vt 0.996857 0.724820
vt 0.996856 0.725328
vt 0.997146 0.724841
vt 0.997146 0.725305
vt 0.996850 0.704900
vt 0.996855 0.704415
vt 0.997147 0.704415
vt 0.997147 0.704880
vt 0.997435 0.295410
vt 0.997322 0.295325
vt 0.997446 0.295067
vt 0.997582 0.295103
vt 0.997181 0.295637
vt 0.997109 0.295515
vt 0.996858 0.295737
vt 0.996840 0.295609
vt 0.996519 0.295730
vt 0.996555 0.295593
vt 0.996213 0.295583
vt 0.996297 0.295470
vt 0.995986 0.295329
vt 0.996107 0.295257
vt 0.995885 0.295006
vt 0.996012 0.294987
vt 0.995892 0.294668
vt 0.996028 0.294702
vt 0.996040 0.294361
vt 0.996152 0.294445
vt 0.996300 0.294144
vt 0.996365 0.294255
vt 0.996617 0.294033
vt 0.996635 0.294161
vt 0.996952 0.294052
vt 0.996920 0.294176
vt 0.997262 0.294188
vt 0.997177 0.294300
vt 0.997489 0.294442
vt 0.997368 0.294513
vt 0.997590 0.294764
vt 0.997462 0.294782
vt 0.996636 0.258911
vt 0.996314 0.258812
vt 0.996071 0.258578
vt 0.995914 0.258280
vt 0.995908 0.257943
vt 0.996008 0.257621
vt 0.996242 0.257378
vt 0.996540 0.257221
vt 0.996877 0.257215
vt 0.997192 0.257326
vt 0.997452 0.257541
vt 0.997597 0.257847
vt 0.997279 0.258758
vt 0.996970 0.258892
vt 0.997605 0.258184
vt 0.997505 0.258506
vt 0.691402 0.627163
vt 0.683198 0.627135
vt 0.688773 0.638995
vt 0.688773 0.627163
vt 0.691402 0.627904
vt 0.683197 0.639054
vt 0.693972 0.627171
vt 0.690974 0.627951
vt 0.690977 0.627912
vt 0.686204 0.627165
vt 0.682376 0.627135
vt 0.686204 0.638998
vt 0.685776 0.627143
vt 0.693972 0.627912
vt 0.682374 0.639054
vt 0.682351 0.639017
vt 0.688345 0.639003
vt 0.677246 0.627139
vt 0.690974 0.627171
vt 0.688345 0.627171
vt 0.678032 0.627126
vt 0.694400 0.627163
vt 0.677246 0.639058
vt 0.677223 0.639020
vt 0.690057 0.627126
vt 0.690077 0.627148
vt 0.690057 0.638992
vt 0.685776 0.639006
vt 0.678069 0.639058
vt 0.694399 0.627904
vt 0.996513 0.704376
vt 0.996048 0.258596
vt 0.995879 0.257939
vt 0.996224 0.257354
vt 0.996515 0.680407
vt 0.996847 0.680407
vt 0.997207 0.257300
vt 0.996522 0.725344
vt 0.996977 0.258922
vt 0.996846 0.704376
vt 0.672776 0.665436
vt 0.672752 0.665317
vt 0.674065 0.665315
vt 0.674048 0.665438
vt 0.751837 0.696555
vt 0.750525 0.696555
vt 0.750543 0.696435
vt 0.751815 0.696430
vt 0.761950 0.696239
vt 0.761812 0.657942
vt 0.761963 0.658109
vt 0.759245 0.696214
vt 0.761783 0.696390
vt 0.759395 0.696382
vt 0.674066 0.667964
vt 0.672753 0.667968
vt 0.672771 0.667847
vt 0.674044 0.667844
vt 0.759425 0.657935
vt 0.753301 0.696408
vt 0.753300 0.658281
vt 0.754573 0.658282
vt 0.754574 0.696409
vt 0.754593 0.696524
vt 0.753281 0.696528
vt 0.759257 0.658084
vt 0.753280 0.658160
vt 0.754593 0.658156
vt 0.750544 0.658304
vt 0.751817 0.658300
vt 0.730281 0.667016
vt 0.730251 0.666892
vt 0.731556 0.666892
vt 0.731546 0.667019
vt 0.783298 0.552133
vt 0.783465 0.551984
vt 0.783328 0.590244
vt 0.786031 0.590269
vt 0.785864 0.590420
vt 0.783477 0.590412
vt 0.750525 0.658184
vt 0.751838 0.658184
vt 0.731522 0.669420
vt 0.730257 0.669422
vt 0.785852 0.551991
vt 0.786001 0.552159
vt 0.731534 0.669535
vt 0.730229 0.669537
vt 0.674099 0.665435
vt 0.761932 0.657965
vt 0.751869 0.696410
vt 0.751869 0.658301
vt 0.674098 0.667822
vt 0.761926 0.696358
vt 0.730222 0.667037
vt 0.753248 0.696409
vt 0.759284 0.657964
vt 0.753248 0.658304
vt 0.730200 0.669419
vt 0.759275 0.696356
vt 0.750492 0.696437
vt 0.783321 0.552016
vt 0.672720 0.665460
vt 0.750491 0.658327
vt 0.783246 0.552135
vt 0.672720 0.667848
vt 0.783357 0.590390
vt 0.783479 0.590463
vt 0.783282 0.590268
vt 0.785971 0.552018
vt 0.754626 0.696383
vt 0.754627 0.658278
vt 0.786005 0.590391
vt 0.785884 0.590465
vt 0.731571 0.669396
vt 0.682893 0.665294
vt 0.684207 0.665295
vt 0.684183 0.665414
vt 0.682909 0.665416
vt 0.777922 0.695789
vt 0.777943 0.695909
vt 0.776629 0.695912
vt 0.776648 0.695786
vt 0.780498 0.552158
vt 0.780648 0.551991
vt 0.780711 0.590419
vt 0.780543 0.590270
vt 0.783246 0.590244
vt 0.783098 0.590411
vt 0.684187 0.667826
vt 0.684206 0.667947
vt 0.682892 0.667943
vt 0.682913 0.667822
vt 0.783034 0.551984
vt 0.741967 0.658309
vt 0.743242 0.658308
vt 0.743241 0.696435
vt 0.741967 0.696436
vt 0.743261 0.696555
vt 0.741947 0.696552
vt 0.783202 0.552133
vt 0.741947 0.658184
vt 0.743261 0.658187
vt 0.776646 0.657656
vt 0.777920 0.657658
vt 0.660407 0.665325
vt 0.661713 0.665317
vt 0.661698 0.665440
vt 0.660431 0.665452
vt 0.773928 0.657765
vt 0.773949 0.696212
vt 0.773781 0.696063
vt 0.773778 0.657932
vt 0.776316 0.657757
vt 0.776482 0.657907
vt 0.776629 0.657540
vt 0.777942 0.657538
vt 0.661702 0.667847
vt 0.660435 0.667853
vt 0.661711 0.667962
vt 0.660406 0.667968
vt 0.776486 0.696037
vt 0.776336 0.696204
vt 0.682859 0.665413
vt 0.780527 0.552015
vt 0.780453 0.552138
vt 0.776596 0.695766
vt 0.780492 0.590271
vt 0.682859 0.667801
vt 0.780566 0.590388
vt 0.780685 0.590465
vt 0.743294 0.696436
vt 0.783175 0.552014
vt 0.743294 0.658331
vt 0.783095 0.590463
vt 0.783217 0.590387
vt 0.661748 0.665462
vt 0.777974 0.695791
vt 0.773805 0.696180
vt 0.684238 0.665438
vt 0.777974 0.657681
vt 0.684239 0.667826
vt 0.660375 0.665446
vt 0.773808 0.657788
vt 0.773734 0.657910
vt 0.776456 0.696179
vt 0.776527 0.696061
vt 0.741915 0.696411
vt 0.741914 0.658305
vt 0.776457 0.657786
vt 0.660377 0.667829
vt 0.690556 0.627126
vt 0.690964 0.627126
vt 0.690956 0.627163
vt 0.690561 0.627164
vt 0.688329 0.639002
vt 0.688335 0.639040
vt 0.687927 0.639040
vt 0.687933 0.639001
vt 0.680695 0.639064
vt 0.680643 0.639018
vt 0.681483 0.639010
vt 0.681436 0.639062
vt 0.690957 0.627911
vt 0.690947 0.627951
vt 0.690556 0.627948
vt 0.690562 0.627911
vt 0.681480 0.627173
vt 0.680641 0.627180
vt 0.681428 0.627126
vt 0.680687 0.627128
vt 0.685331 0.639006
vt 0.684935 0.639006
vt 0.684935 0.627166
vt 0.685331 0.627166
vt 0.684929 0.627127
vt 0.685320 0.627126
vt 0.685337 0.639043
vt 0.684929 0.639042
vt 0.687933 0.627162
vt 0.688328 0.627163
vt 0.693126 0.627126
vt 0.693534 0.627126
vt 0.693526 0.627163
vt 0.693131 0.627164
vt 0.678914 0.627176
vt 0.678916 0.639013
vt 0.678869 0.639065
vt 0.678128 0.639068
vt 0.678076 0.639021
vt 0.687927 0.627126
vt 0.688335 0.627126
vt 0.693528 0.627912
vt 0.693132 0.627911
vt 0.678862 0.627129
vt 0.678082 0.627154
vt 0.693533 0.627949
vt 0.693126 0.627948
vt 0.996513 0.708964
vt 0.996178 0.708987
vt 0.996178 0.708480
vt 0.996513 0.708480
vt 0.995886 0.708964
vt 0.995886 0.708500
vt 0.997137 0.541423
vt 0.996857 0.541378
vt 0.996857 0.540916
vt 0.997147 0.540938
vt 0.996516 0.541371
vt 0.996516 0.540909
vt 0.996175 0.541378
vt 0.996175 0.540916
vt 0.995897 0.541423
vt 0.995886 0.540938
vt 0.995886 0.688074
vt 0.996174 0.688074
vt 0.996179 0.688559
vt 0.995886 0.688539
vt 0.996515 0.688051
vt 0.996515 0.688559
vt 0.996851 0.688051
vt 0.996852 0.688559
vt 0.997147 0.688075
vt 0.997147 0.688539
vt 0.995886 0.700330
vt 0.996180 0.700330
vt 0.996184 0.700815
vt 0.995886 0.700794
vt 0.996522 0.700307
vt 0.996522 0.700815
vt 0.996862 0.700330
vt 0.996857 0.700815
vt 0.997147 0.700330
vt 0.997147 0.700794
vt 0.997147 0.708964
vt 0.996849 0.708988
vt 0.996850 0.708480
vt 0.997147 0.708500
vt 0.996939 0.290334
vt 0.997196 0.290211
vt 0.997281 0.290323
vt 0.996974 0.290471
vt 0.997387 0.289998
vt 0.997508 0.290069
vt 0.997481 0.289728
vt 0.997609 0.289746
vt 0.997465 0.289443
vt 0.997602 0.289408
vt 0.997342 0.289186
vt 0.997454 0.289101
vt 0.997129 0.288995
vt 0.997200 0.288874
vt 0.996859 0.288901
vt 0.996877 0.288773
vt 0.996574 0.288917
vt 0.996539 0.288780
vt 0.996317 0.289040
vt 0.996232 0.288928
vt 0.996126 0.289253
vt 0.996005 0.289181
vt 0.996032 0.289523
vt 0.995892 0.289503
vt 0.996047 0.289808
vt 0.995911 0.289843
vt 0.996171 0.290065
vt 0.996058 0.290150
vt 0.996384 0.290256
vt 0.996312 0.290377
vt 0.996654 0.290350
vt 0.996635 0.290477
vt 0.997585 0.357884
vt 0.996951 0.357175
vt 0.997260 0.357310
vt 0.997486 0.357563
vt 0.995908 0.357791
vt 0.996042 0.357482
vt 0.996302 0.357267
vt 0.996222 0.358688
vt 0.995988 0.358446
vt 0.995888 0.358124
vt 0.997173 0.358741
vt 0.996857 0.358853
vt 0.996523 0.358833
vt 0.997578 0.358221
vt 0.997432 0.358527
vt 0.996617 0.357156
vt 0.690545 0.627163
vt 0.680650 0.627135
vt 0.687916 0.638995
vt 0.687917 0.627163
vt 0.690546 0.627904
vt 0.680651 0.639054
vt 0.693543 0.627171
vt 0.690970 0.627913
vt 0.684919 0.627165
vt 0.681472 0.627135
vt 0.684919 0.638998
vt 0.685347 0.627143
vt 0.693544 0.627912
vt 0.681474 0.639054
vt 0.681496 0.639017
vt 0.688345 0.639003
vt 0.678907 0.627139
vt 0.690973 0.627171
vt 0.688345 0.627170
vt 0.678121 0.627126
vt 0.693115 0.627163
vt 0.678906 0.639058
vt 0.678930 0.639020
vt 0.690117 0.638992
vt 0.690097 0.627148
vt 0.690117 0.627126
vt 0.685347 0.639006
vt 0.678084 0.639058
vt 0.693116 0.627904
vt 0.996513 0.709003
vt 0.996848 0.541419
vt 0.996516 0.541412
vt 0.996184 0.541419
vt 0.995879 0.357784
vt 0.996184 0.688036
vt 0.996204 0.358713
vt 0.996516 0.358863
vt 0.996189 0.700291
vt 0.996852 0.700291
vt 0.997188 0.358768
vt 0.691413 0.627126
vt 0.691820 0.627126
vt 0.691813 0.627163
vt 0.691418 0.627164
vt 0.689613 0.639002
vt 0.689619 0.639040
vt 0.689211 0.639040
vt 0.689217 0.639001
vt 0.679785 0.627180
vt 0.679832 0.627128
vt 0.679788 0.639018
vt 0.679840 0.639064
vt 0.680627 0.639010
vt 0.680581 0.639062
vt 0.691814 0.627912
vt 0.691820 0.627949
vt 0.691412 0.627948
vt 0.691419 0.627911
vt 0.680625 0.627173
vt 0.680573 0.627126
vt 0.687044 0.639004
vt 0.686648 0.639005
vt 0.686648 0.627165
vt 0.687044 0.627164
vt 0.686642 0.627126
vt 0.687050 0.627127
vt 0.687050 0.639042
vt 0.686642 0.639041
vt 0.689217 0.627162
vt 0.689612 0.627163
vt 0.692269 0.627126
vt 0.692677 0.627126
vt 0.692670 0.627163
vt 0.692274 0.627164
vt 0.676382 0.627193
vt 0.676435 0.639077
vt 0.676383 0.639031
vt 0.677170 0.627139
vt 0.677221 0.627186
vt 0.676428 0.627141
vt 0.689211 0.627126
vt 0.689619 0.627126
vt 0.692671 0.627912
vt 0.692276 0.627911
vt 0.692677 0.627949
vt 0.692269 0.627948
vt 0.677223 0.639023
vt 0.677176 0.639075
vt 0.996513 0.643601
vt 0.996172 0.643602
vt 0.996178 0.643117
vt 0.996513 0.643117
vt 0.995886 0.643602
vt 0.995886 0.643137
vt 0.997137 0.561879
vt 0.996851 0.561859
vt 0.996857 0.561372
vt 0.997147 0.561393
vt 0.996516 0.561851
vt 0.996516 0.561365
vt 0.996175 0.561834
vt 0.996175 0.561372
vt 0.995886 0.561855
vt 0.995886 0.561393
vt 0.995886 0.610456
vt 0.996180 0.610433
vt 0.996179 0.610941
vt 0.995886 0.610921
vt 0.996515 0.610433
vt 0.996515 0.610941
vt 0.996857 0.610456
vt 0.996852 0.610941
vt 0.997147 0.610456
vt 0.997147 0.610921
vt 0.995886 0.733011
vt 0.996180 0.733011
vt 0.996184 0.733496
vt 0.995886 0.733476
vt 0.996522 0.732988
vt 0.996522 0.733496
vt 0.996862 0.733011
vt 0.996857 0.733496
vt 0.997147 0.733011
vt 0.997147 0.733476
vt 0.997147 0.643602
vt 0.996855 0.643602
vt 0.996850 0.643117
vt 0.997147 0.643137
vt 0.997129 0.221871
vt 0.997342 0.221681
vt 0.997454 0.221765
vt 0.997200 0.221992
vt 0.997466 0.221423
vt 0.997602 0.221458
vt 0.997481 0.221138
vt 0.997609 0.221120
vt 0.997387 0.220869
vt 0.997508 0.220797
vt 0.997197 0.220656
vt 0.997281 0.220543
vt 0.996939 0.220532
vt 0.996974 0.220396
vt 0.996654 0.220516
vt 0.996636 0.220389
vt 0.996385 0.220611
vt 0.996313 0.220489
vt 0.996172 0.220801
vt 0.996059 0.220716
vt 0.996048 0.221059
vt 0.995911 0.221023
vt 0.996032 0.221344
vt 0.995892 0.221363
vt 0.996127 0.221613
vt 0.996005 0.221685
vt 0.996317 0.221826
vt 0.996232 0.221939
vt 0.996574 0.221950
vt 0.996539 0.222086
vt 0.996859 0.221966
vt 0.996877 0.222093
vt 0.996951 0.351914
vt 0.997260 0.352050
vt 0.997475 0.352309
vt 0.996302 0.352007
vt 0.996617 0.351895
vt 0.996053 0.352229
vt 0.995999 0.353179
vt 0.995888 0.352864
vt 0.995895 0.352528
vt 0.996523 0.353573
vt 0.996214 0.353439
vt 0.997173 0.353482
vt 0.996857 0.353593
vt 0.997567 0.352958
vt 0.997432 0.353267
vt 0.997586 0.352624
vt 0.691402 0.627163
vt 0.679794 0.627135
vt 0.689201 0.638995
vt 0.689201 0.627163
vt 0.691402 0.627904
vt 0.679795 0.639054
vt 0.692687 0.627171
vt 0.686632 0.627164
vt 0.680617 0.627135
vt 0.686632 0.638997
vt 0.692687 0.627912
vt 0.680618 0.639054
vt 0.680641 0.639017
vt 0.689629 0.639003
vt 0.676391 0.639067
vt 0.691830 0.627171
vt 0.689629 0.627171
vt 0.691830 0.627912
vt 0.692259 0.627163
vt 0.676391 0.627148
vt 0.676368 0.627187
vt 0.677214 0.639067
vt 0.687060 0.627171
vt 0.677213 0.627148
vt 0.692259 0.627904
vt 0.676429 0.627126
vt 0.996513 0.643640
vt 0.996182 0.643640
vt 0.997500 0.352294
vt 0.996184 0.561875
vt 0.995904 0.561895
vt 0.996029 0.352212
vt 0.996847 0.610417
vt 0.995974 0.353195
vt 0.996516 0.353603
vt 0.996189 0.732972
vt 0.996852 0.732972
vt 0.997188 0.353508
vt 0.997595 0.352966
vt 0.996846 0.643640
vt 0.690127 0.627126
vt 0.690535 0.627126
vt 0.690528 0.627163
vt 0.690132 0.627164
vt 0.687900 0.639002
vt 0.687906 0.639040
vt 0.687498 0.639040
vt 0.687505 0.639001
vt 0.683254 0.627128
vt 0.683210 0.639018
vt 0.683262 0.639064
vt 0.684050 0.639010
vt 0.684004 0.639062
vt 0.690529 0.627911
vt 0.690518 0.627951
vt 0.690127 0.627948
vt 0.690134 0.627911
vt 0.683995 0.627126
vt 0.685759 0.639006
vt 0.685364 0.639006
vt 0.685364 0.627166
vt 0.685759 0.627165
vt 0.685358 0.627127
vt 0.685749 0.627126
vt 0.684047 0.627172
vt 0.685765 0.639043
vt 0.685358 0.639042
vt 0.687504 0.627162
vt 0.687900 0.627163
vt 0.691841 0.627126
vt 0.692249 0.627126
vt 0.692241 0.627163
vt 0.691846 0.627164
vt 0.675498 0.639013
vt 0.675445 0.627129
vt 0.675497 0.627176
vt 0.674710 0.639067
vt 0.674659 0.639021
vt 0.675452 0.639065
vt 0.687498 0.627126
vt 0.687906 0.627126
vt 0.692243 0.627912
vt 0.691847 0.627911
vt 0.692248 0.627949
vt 0.691841 0.627948
vt 0.674664 0.627154
vt 0.996513 0.713073
vt 0.996172 0.713050
vt 0.996177 0.712565
vt 0.996513 0.712565
vt 0.995886 0.713050
vt 0.995886 0.712585
vt 0.997147 0.574128
vt 0.996852 0.574132
vt 0.996857 0.573646
vt 0.997147 0.573667
vt 0.996516 0.574100
vt 0.996516 0.573638
vt 0.996180 0.574132
vt 0.996175 0.573646
vt 0.995886 0.574129
vt 0.995886 0.573666
vt 0.995886 0.683989
vt 0.996180 0.683966
vt 0.996179 0.684474
vt 0.995886 0.684454
vt 0.996515 0.683989
vt 0.996515 0.684474
vt 0.996851 0.683966
vt 0.996852 0.684474
vt 0.997147 0.683989
vt 0.997147 0.684454
vt 0.995886 0.745266
vt 0.996185 0.745243
vt 0.996184 0.745751
vt 0.995886 0.745731
vt 0.996522 0.745267
vt 0.996522 0.745751
vt 0.996856 0.745243
vt 0.996857 0.745751
vt 0.997147 0.745267
vt 0.997147 0.745731
vt 0.997147 0.713050
vt 0.996855 0.713050
vt 0.996850 0.712565
vt 0.997147 0.712585
vt 0.996939 0.232471
vt 0.997196 0.232347
vt 0.997281 0.232459
vt 0.996974 0.232607
vt 0.997387 0.232134
vt 0.997508 0.232206
vt 0.997481 0.231864
vt 0.997609 0.231882
vt 0.997466 0.231579
vt 0.997602 0.231544
vt 0.997342 0.231322
vt 0.997454 0.231237
vt 0.997129 0.231131
vt 0.997201 0.231010
vt 0.996859 0.231037
vt 0.996877 0.230910
vt 0.996574 0.231053
vt 0.996539 0.230916
vt 0.996317 0.231176
vt 0.996232 0.231064
vt 0.996126 0.231389
vt 0.996005 0.231318
vt 0.996032 0.231659
vt 0.995892 0.231639
vt 0.996048 0.231944
vt 0.995911 0.231979
vt 0.996171 0.232201
vt 0.996059 0.232286
vt 0.996384 0.232392
vt 0.996312 0.232513
vt 0.996654 0.232486
vt 0.996636 0.232614
vt 0.997252 0.346800
vt 0.996617 0.346636
vt 0.996951 0.346654
vt 0.996053 0.346970
vt 0.996301 0.346746
vt 0.995889 0.347604
vt 0.995895 0.347268
vt 0.996222 0.348168
vt 0.995988 0.347926
vt 0.996857 0.348332
vt 0.997566 0.347698
vt 0.997432 0.348007
vt 0.997179 0.348233
vt 0.997475 0.347049
vt 0.997587 0.347364
vt 0.996520 0.348325
vt 0.690117 0.627163
vt 0.683217 0.627135
vt 0.687488 0.638995
vt 0.687488 0.627163
vt 0.690117 0.627904
vt 0.683218 0.639054
vt 0.692258 0.627171
vt 0.690542 0.627912
vt 0.690545 0.627951
vt 0.685347 0.627165
vt 0.684039 0.627135
vt 0.685347 0.638998
vt 0.692259 0.627912
vt 0.684041 0.639054
vt 0.684063 0.639017
vt 0.687916 0.639003
vt 0.675489 0.627139
vt 0.690545 0.627171
vt 0.687916 0.627171
vt 0.674703 0.627126
vt 0.691830 0.627163
vt 0.675489 0.639058
vt 0.675512 0.639020
vt 0.690097 0.638992
vt 0.690077 0.627148
vt 0.690097 0.627126
vt 0.685776 0.639006
vt 0.674666 0.639058
vt 0.691831 0.627904
vt 0.675451 0.639081
vt 0.996182 0.713088
vt 0.997270 0.346777
vt 0.997500 0.347035
vt 0.997130 0.574169
vt 0.996516 0.574141
vt 0.995904 0.574169
vt 0.996029 0.346952
vt 0.996515 0.683950
vt 0.996204 0.348193
vt 0.996522 0.745228
vt 0.997595 0.347706
vt 0.996846 0.713088
vt 0.665910 0.665436
vt 0.665887 0.665317
vt 0.667199 0.665315
vt 0.667183 0.665438
vt 0.740503 0.696556
vt 0.739191 0.696555
vt 0.739209 0.696435
vt 0.740481 0.696430
vt 0.764499 0.696390
vt 0.764530 0.657943
vt 0.764680 0.658110
vt 0.764667 0.696240
vt 0.762112 0.696383
vt 0.761963 0.696215
vt 0.667200 0.667964
vt 0.665888 0.667968
vt 0.665906 0.667847
vt 0.667178 0.667844
vt 0.761975 0.658085
vt 0.762142 0.657935
vt 0.755171 0.696036
vt 0.755170 0.657909
vt 0.756443 0.657910
vt 0.756444 0.696037
vt 0.756463 0.696153
vt 0.755150 0.696156
vt 0.755150 0.657789
vt 0.756462 0.657784
vt 0.739211 0.658304
vt 0.740483 0.658300
vt 0.725315 0.667016
vt 0.725284 0.666892
vt 0.726589 0.666892
vt 0.726580 0.667019
vt 0.783604 0.655245
vt 0.783772 0.655096
vt 0.783784 0.693523
vt 0.783633 0.693357
vt 0.786337 0.693381
vt 0.786170 0.693532
vt 0.739192 0.658184
vt 0.740505 0.658184
vt 0.726556 0.669420
vt 0.725290 0.669422
vt 0.786159 0.655103
vt 0.786308 0.655271
vt 0.726568 0.669535
vt 0.725263 0.669537
vt 0.667233 0.665435
vt 0.764650 0.657966
vt 0.740536 0.696410
vt 0.740536 0.658301
vt 0.667232 0.667823
vt 0.764643 0.696358
vt 0.725255 0.667037
vt 0.755117 0.696037
vt 0.762001 0.657965
vt 0.755117 0.657932
vt 0.725234 0.669419
vt 0.761992 0.696357
vt 0.739158 0.696437
vt 0.783627 0.655128
vt 0.665855 0.665460
vt 0.739158 0.658327
vt 0.783553 0.655247
vt 0.665855 0.667848
vt 0.783663 0.693502
vt 0.783785 0.693575
vt 0.783588 0.693380
vt 0.786278 0.655129
vt 0.756496 0.696011
vt 0.756496 0.657906
vt 0.786311 0.693503
vt 0.786190 0.693577
vt 0.726604 0.669396
vt 0.681513 0.665294
vt 0.682827 0.665295
vt 0.682803 0.665414
vt 0.681529 0.665416
vt 0.787357 0.590235
vt 0.787378 0.590355
vt 0.786065 0.590358
vt 0.786083 0.590232
vt 0.780813 0.616789
vt 0.780963 0.616622
vt 0.780858 0.654900
vt 0.781025 0.655051
vt 0.783561 0.654875
vt 0.783413 0.655042
vt 0.682807 0.667826
vt 0.682826 0.667947
vt 0.681512 0.667943
vt 0.681533 0.667822
vt 0.783349 0.616615
vt 0.743347 0.658309
vt 0.744622 0.658308
vt 0.744621 0.696435
vt 0.743346 0.696436
vt 0.744640 0.696555
vt 0.743327 0.696552
vt 0.783517 0.616764
vt 0.743327 0.658184
vt 0.744641 0.658187
vt 0.786081 0.552102
vt 0.787355 0.552104
vt 0.734448 0.666146
vt 0.735754 0.666138
vt 0.735739 0.666262
vt 0.734472 0.666273
vt 0.783606 0.616790
vt 0.783776 0.655069
vt 0.783609 0.654920
vt 0.786143 0.616615
vt 0.786310 0.616765
vt 0.783755 0.616623
vt 0.786063 0.551986
vt 0.787377 0.551984
vt 0.735743 0.668668
vt 0.734476 0.668674
vt 0.735753 0.668783
vt 0.734447 0.668789
vt 0.786314 0.654895
vt 0.786164 0.655062
vt 0.681478 0.665413
vt 0.780842 0.616646
vt 0.780768 0.616769
vt 0.786031 0.590212
vt 0.780807 0.654902
vt 0.681479 0.667801
vt 0.780881 0.655019
vt 0.781000 0.655096
vt 0.744674 0.696436
vt 0.783490 0.616645
vt 0.744674 0.658331
vt 0.783410 0.655094
vt 0.783532 0.655018
vt 0.735788 0.666282
vt 0.787410 0.590237
vt 0.783633 0.655038
vt 0.682858 0.665438
vt 0.787410 0.552127
vt 0.682859 0.667826
vt 0.734417 0.666267
vt 0.783636 0.616645
vt 0.783561 0.616768
vt 0.786284 0.655036
vt 0.786355 0.654918
vt 0.743295 0.696411
vt 0.743294 0.658305
vt 0.786284 0.616644
vt 0.734419 0.668650
vt 0.674270 0.654101
vt 0.674448 0.654101
vt 0.674447 0.654527
vt 0.674268 0.654527
vt 0.674441 0.654832
vt 0.674262 0.654832
vt 0.674073 0.627126
vt 0.674251 0.627126
vt 0.674250 0.627432
vt 0.674071 0.627432
vt 0.674262 0.627842
vt 0.674071 0.627859
vt 0.674262 0.656089
vt 0.674071 0.656107
vt 0.674250 0.656533
vt 0.674071 0.656533
vt 0.674251 0.656835
vt 0.674073 0.656835
vt 0.674461 0.627126
vt 0.674640 0.627126
vt 0.674644 0.627430
vt 0.674466 0.627430
vt 0.674646 0.627857
vt 0.674467 0.627857
vt 0.723780 0.656300
vt 0.724183 0.656357
vt 0.722991 0.657234
vt 0.723492 0.656127
vt 0.722691 0.657061
vt 0.722518 0.656769
vt 0.723319 0.655839
vt 0.723262 0.655436
vt 0.722516 0.627689
vt 0.723262 0.629014
vt 0.723319 0.628611
vt 0.723492 0.628323
vt 0.722689 0.627391
vt 0.722983 0.627218
vt 0.723780 0.628150
vt 0.724183 0.628093
vt 0.750356 0.596776
vt 0.750530 0.597065
vt 0.750061 0.596604
vt 0.750071 0.626612
vt 0.750533 0.626146
vt 0.750359 0.626440
vt 0.723402 0.627151
vt 0.722974 0.627187
vt 0.723400 0.627126
vt 0.749648 0.596536
vt 0.749650 0.596511
vt 0.750076 0.596572
vt 0.722669 0.627370
vt 0.750381 0.596755
vt 0.722487 0.627674
vt 0.750564 0.597059
vt 0.722434 0.628083
vt 0.750600 0.597487
vt 0.750624 0.597485
vt 0.750600 0.625733
vt 0.750624 0.625735
vt 0.722431 0.656331
vt 0.722487 0.656776
vt 0.750564 0.626161
vt 0.722669 0.657081
vt 0.750381 0.626465
vt 0.722974 0.657263
vt 0.750076 0.626648
vt 0.723402 0.657300
vt 0.723400 0.657324
vt 0.749648 0.626684
vt 0.749650 0.626709
vt 0.674070 0.656837
vt 0.673891 0.656837
vt 0.673892 0.656533
vt 0.674071 0.656533
vt 0.673879 0.656124
vt 0.674071 0.656107
vt 0.673879 0.627876
vt 0.674071 0.627858
vt 0.673892 0.627431
vt 0.674071 0.627431
vt 0.673891 0.627126
vt 0.674070 0.627126
vt 0.674262 0.627126
vt 0.674441 0.627126
vt 0.674447 0.627430
vt 0.674268 0.627430
vt 0.674461 0.627839
vt 0.674270 0.627857
vt 0.674659 0.654083
vt 0.674467 0.654101
vt 0.674644 0.654527
vt 0.674466 0.654527
vt 0.674640 0.654832
vt 0.674461 0.654832
vt 0.749553 0.656127
vt 0.749726 0.655839
vt 0.750529 0.656761
vt 0.750356 0.657059
vt 0.750064 0.657232
vt 0.749265 0.656300
vt 0.748862 0.656357
vt 0.750056 0.627216
vt 0.748862 0.628093
vt 0.749265 0.628150
vt 0.749553 0.628323
vt 0.750354 0.627389
vt 0.750527 0.627681
vt 0.749726 0.628611
vt 0.749783 0.629014
vt 0.749783 0.655436
vt 0.722523 0.597074
vt 0.722985 0.596605
vt 0.722527 0.626156
vt 0.722994 0.626618
vt 0.722696 0.596780
vt 0.722700 0.626444
vt 0.750558 0.656776
vt 0.750375 0.657081
vt 0.722675 0.626465
vt 0.722492 0.626161
vt 0.750611 0.656367
vt 0.722456 0.625733
vt 0.722431 0.625735
vt 0.722456 0.597487
vt 0.722431 0.597485
vt 0.750614 0.628119
vt 0.750558 0.627674
vt 0.722492 0.597059
vt 0.750375 0.627370
vt 0.722675 0.596755
vt 0.750071 0.627187
vt 0.722979 0.596572
vt 0.749662 0.627134
vt 0.723407 0.596536
vt 0.723406 0.596511
vt 0.749626 0.657319
vt 0.723407 0.626684
vt 0.723406 0.626709
vt 0.750071 0.657263
vt 0.722979 0.626648
vt 0.773639 0.607853
vt 0.774287 0.607835
vt 0.774311 0.608543
vt 0.773663 0.608562
vt 0.773631 0.607029
vt 0.774279 0.607010
vt 0.773631 0.544478
vt 0.774279 0.544460
vt 0.773639 0.543759
vt 0.774287 0.543741
vt 0.774536 0.598887
vt 0.775186 0.598883
vt 0.775216 0.599323
vt 0.774567 0.599326
vt 0.774518 0.598235
vt 0.775168 0.598231
vt 0.774513 0.597371
vt 0.775162 0.597368
vt 0.774541 0.545138
vt 0.775190 0.545135
vt 0.774547 0.544305
vt 0.775196 0.544301
vt 0.774566 0.543744
vt 0.775215 0.543741
vt 0.773469 0.544388
vt 0.772820 0.544389
vt 0.772810 0.543743
vt 0.773459 0.543741
vt 0.773473 0.545251
vt 0.772823 0.545253
vt 0.773473 0.614179
vt 0.772823 0.614181
vt 0.773469 0.615016
vt 0.772820 0.615018
vt 0.775204 0.599920
vt 0.774555 0.599938
vt 0.774516 0.599344
vt 0.775165 0.599326
vt 0.775227 0.600629
vt 0.774578 0.600647
vt 0.775234 0.601453
vt 0.774585 0.601471
vt 0.775176 0.648939
vt 0.774527 0.648956
vt 0.775167 0.649658
vt 0.774518 0.649675
vt 0.774352 0.609137
vt 0.773703 0.609156
vt 0.772531 0.688736
vt 0.772249 0.689548
vt 0.770638 0.687682
vt 0.770984 0.687105
vt 0.771510 0.689815
vt 0.770061 0.688028
vt 0.769252 0.688144
vt 0.717571 0.689838
vt 0.719750 0.688144
vt 0.718941 0.688028
vt 0.716760 0.689555
vt 0.718364 0.687682
vt 0.716493 0.688816
vt 0.718018 0.687105
vt 0.717902 0.686296
vt 0.716471 0.618184
vt 0.717902 0.620625
vt 0.718018 0.619816
vt 0.716753 0.617373
vt 0.718364 0.619239
vt 0.717492 0.617105
vt 0.718941 0.618893
vt 0.719750 0.618777
vt 0.771430 0.617083
vt 0.769252 0.618777
vt 0.770061 0.618893
vt 0.772242 0.617366
vt 0.770638 0.619239
vt 0.772509 0.618105
vt 0.770984 0.619816
vt 0.771100 0.620625
vt 0.771100 0.686296
vt 0.772144 0.544324
vt 0.772509 0.544958
vt 0.771431 0.543936
vt 0.772532 0.615590
vt 0.771510 0.616669
vt 0.772144 0.616304
vt 0.716470 0.545038
vt 0.717492 0.543959
vt 0.716493 0.615669
vt 0.717572 0.616691
vt 0.716858 0.544324
vt 0.716858 0.616304
vt 0.773576 0.608540
vt 0.773561 0.607861
vt 0.774371 0.607838
vt 0.774395 0.608524
vt 0.773553 0.607049
vt 0.774364 0.607026
vt 0.773553 0.544505
vt 0.774364 0.544482
vt 0.773561 0.543797
vt 0.774371 0.543774
vt 0.772288 0.617326
vt 0.772655 0.617937
vt 0.772607 0.617954
vt 0.775268 0.598851
vt 0.775298 0.599277
vt 0.774448 0.598846
vt 0.774440 0.598225
vt 0.775251 0.598220
vt 0.774434 0.597374
vt 0.775245 0.597370
vt 0.774462 0.545148
vt 0.775273 0.545144
vt 0.774468 0.544328
vt 0.775280 0.544323
vt 0.774478 0.543790
vt 0.775298 0.543780
vt 0.773548 0.543782
vt 0.773549 0.544399
vt 0.772737 0.544401
vt 0.772727 0.543775
vt 0.773553 0.545249
vt 0.772741 0.545251
vt 0.773553 0.614170
vt 0.772741 0.614172
vt 0.773549 0.614994
vt 0.772737 0.614996
vt 0.775245 0.599360
vt 0.775291 0.599943
vt 0.774472 0.599957
vt 0.774434 0.599382
vt 0.775305 0.600622
vt 0.774494 0.600644
vt 0.775312 0.601433
vt 0.774501 0.601455
vt 0.775253 0.648912
vt 0.774443 0.648934
vt 0.775245 0.649620
vt 0.774434 0.649642
vt 0.773623 0.609122
vt 0.774434 0.609099
vt 0.718184 0.616887
vt 0.717342 0.616767
vt 0.772607 0.688967
vt 0.771660 0.689914
vt 0.770819 0.690034
vt 0.718183 0.690034
vt 0.717342 0.689914
vt 0.716395 0.688967
vt 0.716275 0.688125
vt 0.716275 0.618796
vt 0.716395 0.617954
vt 0.717342 0.617007
vt 0.718184 0.616887
vt 0.770819 0.616887
vt 0.771660 0.617007
vt 0.772727 0.618796
vt 0.772727 0.688125
vt 0.716275 0.545649
vt 0.716395 0.544808
vt 0.716750 0.544216
vt 0.717342 0.543861
vt 0.716275 0.614978
vt 0.716395 0.615820
vt 0.772607 0.544808
vt 0.772727 0.545649
vt 0.772727 0.614978
vt 0.772607 0.615820
vt 0.716750 0.616412
vt 0.770819 0.616887
vt 0.771660 0.616767
vt 0.772252 0.616412
vt 0.770819 0.543741
vt 0.771660 0.543861
vt 0.772252 0.544216
vt 0.718184 0.543741
vt 0.715186 0.600706
vt 0.715166 0.605324
vt 0.713162 0.605346
vt 0.718242 0.560667
vt 0.713166 0.560722
vt 0.670726 0.560709
vt 0.673385 0.570075
vt 0.670727 0.606023
vt 0.644007 0.606108
vt 0.644210 0.606189
vt 0.644155 0.644596
vt 0.643988 0.644596
vt 0.673404 0.604495
vt 0.720735 0.561967
vt 0.720739 0.596352
vt 0.718441 0.598995
vt 0.718461 0.560680
vt 0.647253 0.644785
vt 0.649997 0.644788
vt 0.649909 0.645062
vt 0.724422 0.644451
vt 0.724223 0.644450
vt 0.724228 0.606064
vt 0.724427 0.606065
vt 0.650381 0.644778
vt 0.650307 0.644954
vt 0.650028 0.644973
vt 0.723124 0.644732
vt 0.723105 0.671312
vt 0.718570 0.671322
vt 0.718513 0.644745
vt 0.649907 0.671089
vt 0.647189 0.671366
vt 0.741979 0.596343
vt 0.744254 0.599008
vt 0.663362 0.644880
vt 0.663360 0.670693
vt 0.663012 0.670699
vt 0.663015 0.644871
vt 0.707772 0.605935
vt 0.705770 0.605927
vt 0.705739 0.601223
vt 0.662936 0.644777
vt 0.662937 0.670762
vt 0.657851 0.670772
vt 0.657850 0.644787
vt 0.707772 0.560693
vt 0.702700 0.560670
vt 0.697304 0.606023
vt 0.694625 0.570056
vt 0.697303 0.560709
vt 0.670397 0.644609
vt 0.670376 0.606199
vt 0.670584 0.606121
vt 0.670565 0.644609
vt 0.744274 0.560693
vt 0.741979 0.561967
vt 0.649990 0.671365
vt 0.725502 0.606070
vt 0.725507 0.643931
vt 0.725308 0.643934
vt 0.725303 0.606072
vt 0.650376 0.671197
vt 0.650373 0.671384
vt 0.650032 0.671185
vt 0.652462 0.644784
vt 0.652459 0.671361
vt 0.650462 0.671361
vt 0.650464 0.644784
vt 0.694648 0.604484
vt 0.718414 0.599092
vt 0.718324 0.599075
vt 0.718361 0.598992
vt 0.749114 0.560732
vt 0.749195 0.560720
vt 0.749177 0.560784
vt 0.749177 0.594905
vt 0.749195 0.595016
vt 0.749117 0.594980
vt 0.744377 0.594959
vt 0.744455 0.594886
vt 0.744457 0.594959
vt 0.744392 0.560691
vt 0.744376 0.560628
vt 0.744463 0.560638
vt 0.754102 0.601929
vt 0.754180 0.601856
vt 0.754180 0.601924
vt 0.754117 0.581408
vt 0.754101 0.581288
vt 0.754180 0.581324
vt 0.758930 0.581325
vt 0.758852 0.581396
vt 0.758852 0.581315
vt 0.758916 0.601846
vt 0.758930 0.601949
vt 0.758852 0.601914
vt 0.670647 0.560647
vt 0.670726 0.560628
vt 0.718430 0.644745
vt 0.718435 0.644668
vt 0.650387 0.644784
vt 0.650392 0.644705
vt 0.652527 0.644707
vt 0.652544 0.644784
vt 0.673446 0.604402
vt 0.673481 0.604465
vt 0.720779 0.596256
vt 0.720893 0.596296
vt 0.723152 0.644656
vt 0.723226 0.644735
vt 0.670655 0.606066
vt 0.670647 0.606022
vt 0.644300 0.606239
vt 0.644255 0.606284
vt 0.644384 0.606218
vt 0.644236 0.644598
vt 0.644225 0.644675
vt 0.643979 0.644688
vt 0.643909 0.644663
vt 0.713087 0.560728
vt 0.713094 0.560686
vt 0.643927 0.606110
vt 0.643931 0.606067
vt 0.718382 0.560646
vt 0.718447 0.560628
vt 0.724158 0.606017
vt 0.724146 0.606065
vt 0.724498 0.644535
vt 0.724504 0.644450
vt 0.724154 0.644527
vt 0.724141 0.644451
vt 0.718316 0.560628
vt 0.718324 0.560670
vt 0.741881 0.596305
vt 0.741920 0.596193
vt 0.707850 0.605937
vt 0.707845 0.606017
vt 0.705768 0.606008
vt 0.705688 0.606005
vt 0.673483 0.570114
vt 0.673444 0.570228
vt 0.720828 0.561991
vt 0.720796 0.562053
vt 0.670285 0.606249
vt 0.670197 0.606230
vt 0.670336 0.606297
vt 0.744335 0.599006
vt 0.744376 0.599091
vt 0.744281 0.599106
vt 0.749261 0.606212
vt 0.749244 0.606146
vt 0.749328 0.606152
vt 0.753983 0.606031
vt 0.754066 0.606017
vt 0.754052 0.606084
vt 0.754048 0.639811
vt 0.754061 0.639917
vt 0.753983 0.639882
vt 0.749244 0.639938
vt 0.749322 0.639864
vt 0.749320 0.639934
vt 0.697365 0.560630
vt 0.697384 0.560709
vt 0.723223 0.671392
vt 0.723226 0.671316
vt 0.652541 0.671423
vt 0.652462 0.671442
vt 0.694586 0.570153
vt 0.694471 0.570114
vt 0.725489 0.644022
vt 0.725584 0.644063
vt 0.725521 0.644097
vt 0.697385 0.606023
vt 0.697378 0.606067
vt 0.670398 0.644705
vt 0.670319 0.644677
vt 0.670643 0.644673
vt 0.670585 0.644703
vt 0.707842 0.560651
vt 0.707850 0.560695
vt 0.670660 0.606080
vt 0.670665 0.606124
vt 0.744275 0.560641
vt 0.744352 0.560658
vt 0.725584 0.606074
vt 0.725571 0.606017
vt 0.725226 0.643930
vt 0.725233 0.644022
vt 0.702618 0.560671
vt 0.702624 0.560628
vt 0.694554 0.604462
vt 0.694587 0.604401
vt 0.715264 0.600743
vt 0.715230 0.605402
vt 0.713087 0.605411
vt 0.717881 0.598724
vt 0.717913 0.598803
vt 0.663010 0.670839
vt 0.657777 0.670847
vt 0.663011 0.644806
vt 0.663357 0.644796
vt 0.724504 0.606032
vt 0.649981 0.644707
vt 0.650387 0.644709
vt 0.650376 0.645024
vt 0.650035 0.645052
vt 0.718239 0.598699
vt 0.718316 0.598768
vt 0.718492 0.671384
vt 0.718334 0.599171
vt 0.744361 0.599185
vt 0.754169 0.661754
vt 0.754083 0.661769
vt 0.754082 0.640693
vt 0.754165 0.640705
vt 0.758814 0.640707
vt 0.758897 0.640693
vt 0.758897 0.661766
vt 0.758817 0.661755
vt 0.705666 0.601266
vt 0.657777 0.644718
vt 0.725513 0.665173
vt 0.697171 0.640782
vt 0.697201 0.640689
vt 0.697200 0.661933
vt 0.650389 0.671423
vt 0.741937 0.562062
vt 0.754057 0.560712
vt 0.754101 0.560628
vt 0.754101 0.594600
vt 0.649987 0.671444
vt 0.647153 0.671442
vt 0.663393 0.670871
vt 0.663396 0.644705
vt 0.663010 0.644705
vt 0.663354 0.670781
vt 0.663010 0.670776
vt 0.725227 0.606035
vt 0.725584 0.644000
vt 0.650033 0.671104
vt 0.650384 0.671118
vt 0.650385 0.671443
vt 0.703046 0.599247
vt 0.703018 0.599326
vt 0.702622 0.599293
vt 0.702700 0.599231
vt 0.696743 0.627217
vt 0.696717 0.627311
vt 0.696720 0.606067
vt 0.649981 0.645142
vt 0.649979 0.671009
vt 0.647148 0.644705
vt 0.657851 0.670889
vt 0.662937 0.670879
vt 0.725203 0.661790
vt 0.725041 0.665558
vt 0.724144 0.665570
vt 0.723116 0.661764
vt 0.665309 0.620885
vt 0.665309 0.662432
vt 0.665114 0.662434
vt 0.665113 0.620883
vt 0.724153 0.666895
vt 0.723963 0.666892
vt 0.723952 0.665613
vt 0.725234 0.666892
vt 0.725037 0.666892
vt 0.725230 0.661760
vt 0.725016 0.665604
vt 0.724175 0.665605
vt 0.763464 0.657927
vt 0.763464 0.616615
vt 0.765573 0.616638
vt 0.765574 0.657935
vt 0.714832 0.620215
vt 0.714832 0.661760
vt 0.709705 0.661761
vt 0.709703 0.620214
vt 0.728442 0.665567
vt 0.727545 0.665557
vt 0.727371 0.661791
vt 0.729458 0.661761
vt 0.728626 0.666890
vt 0.728435 0.666888
vt 0.728633 0.665608
vt 0.674265 0.662462
vt 0.674265 0.620915
vt 0.675554 0.620918
vt 0.675552 0.662460
vt 0.727551 0.666892
vt 0.727356 0.666888
vt 0.727346 0.661761
vt 0.728410 0.665600
vt 0.727569 0.665603
vt 0.697864 0.661755
vt 0.697864 0.620214
vt 0.698706 0.620214
vt 0.698706 0.661755
vt 0.674154 0.620885
vt 0.674155 0.662432
vt 0.673964 0.662434
vt 0.673963 0.620883
vt 0.748092 0.658175
vt 0.748092 0.616634
vt 0.749374 0.616627
vt 0.749371 0.658184
vt 0.657904 0.662458
vt 0.657902 0.620917
vt 0.659192 0.620922
vt 0.659192 0.662454
vt 0.753248 0.616615
vt 0.753246 0.658165
vt 0.659612 0.620887
vt 0.659615 0.662187
vt 0.659425 0.662187
vt 0.659425 0.620883
vt 0.726808 0.666993
vt 0.726798 0.668292
vt 0.726607 0.668289
vt 0.726605 0.666892
vt 0.727874 0.666892
vt 0.727872 0.668292
vt 0.727685 0.668290
vt 0.727683 0.666956
vt 0.771618 0.616673
vt 0.771591 0.616671
vt 0.771574 0.616615
vt 0.643882 0.620917
vt 0.643882 0.620966
vt 0.643851 0.620947
vt 0.686264 0.662394
vt 0.686311 0.662394
vt 0.686241 0.662453
vt 0.772445 0.616615
vt 0.772400 0.616633
vt 0.687540 0.662441
vt 0.664778 0.662374
vt 0.664706 0.662346
vt 0.664778 0.620883
vt 0.682305 0.620963
vt 0.682250 0.620916
vt 0.683571 0.620915
vt 0.683524 0.620964
vt 0.727636 0.666968
vt 0.748699 0.668304
vt 0.748513 0.668303
vt 0.748499 0.667005
vt 0.748702 0.666904
vt 0.687490 0.620940
vt 0.702701 0.620224
vt 0.702704 0.661771
vt 0.701304 0.661782
vt 0.701304 0.620214
vt 0.747624 0.668304
vt 0.747434 0.668302
vt 0.747433 0.666904
vt 0.747623 0.666968
vt 0.686241 0.620881
vt 0.686311 0.620940
vt 0.686260 0.620940
vt 0.674240 0.620901
vt 0.674264 0.620883
vt 0.674264 0.620953
vt 0.643751 0.620985
vt 0.643801 0.620917
vt 0.643801 0.621023
vt 0.747679 0.666992
vt 0.771746 0.657878
vt 0.654195 0.621734
vt 0.654195 0.620917
vt 0.654255 0.620931
vt 0.687539 0.620892
vt 0.683571 0.662457
vt 0.682236 0.662474
vt 0.682343 0.662454
vt 0.677433 0.620918
vt 0.677433 0.662219
vt 0.677247 0.662218
vt 0.677243 0.620915
vt 0.664442 0.620892
vt 0.664444 0.662433
vt 0.663045 0.662440
vt 0.663045 0.620883
vt 0.669704 0.620883
vt 0.670974 0.620883
vt 0.670973 0.662450
vt 0.669703 0.662450
vt 0.715028 0.661755
vt 0.715533 0.661771
vt 0.715559 0.664559
vt 0.715028 0.664579
vt 0.683828 0.662474
vt 0.686173 0.662480
vt 0.686196 0.665274
vt 0.683823 0.665273
vt 0.762468 0.616614
vt 0.762470 0.552029
vt 0.765258 0.552024
vt 0.765253 0.616613
vt 0.717596 0.619134
vt 0.717656 0.620214
vt 0.714832 0.620212
vt 0.664454 0.664873
vt 0.662806 0.665267
vt 0.662806 0.662442
vt 0.683571 0.665294
vt 0.683571 0.662476
vt 0.715785 0.661761
vt 0.715805 0.664579
vt 0.690729 0.554677
vt 0.690120 0.554667
vt 0.690115 0.552322
vt 0.690958 0.551989
vt 0.656108 0.668063
vt 0.655649 0.668076
vt 0.655620 0.665296
vt 0.656111 0.665292
vt 0.690202 0.552068
vt 0.690692 0.554753
vt 0.690625 0.554716
vt 0.648390 0.554720
vt 0.648319 0.554754
vt 0.648294 0.554675
vt 0.691967 0.553114
vt 0.692052 0.620266
vt 0.691985 0.620251
vt 0.686216 0.662497
vt 0.656181 0.665290
vt 0.656181 0.668060
vt 0.717655 0.619126
vt 0.648300 0.619379
vt 0.648260 0.619441
vt 0.648029 0.551993
vt 0.646385 0.553147
vt 0.646331 0.553117
vt 0.648560 0.551984
vt 0.648806 0.552075
vt 0.690132 0.554711
vt 0.655604 0.668059
vt 0.648849 0.554710
vt 0.648895 0.552323
vt 0.648894 0.554698
vt 0.690454 0.551984
vt 0.646377 0.620281
vt 0.690804 0.619405
vt 0.717656 0.551984
vt 0.714855 0.619150
vt 0.714870 0.552012
vt 0.646323 0.620298
vt 0.690767 0.619341
vt 0.660624 0.665231
vt 0.660632 0.662455
vt 0.661134 0.662442
vt 0.661156 0.665252
vt 0.747433 0.666885
vt 0.747433 0.664084
vt 0.748733 0.664094
vt 0.748731 0.666882
vt 0.662119 0.662539
vt 0.662806 0.665317
vt 0.748864 0.664078
vt 0.748864 0.666904
vt 0.660375 0.665254
vt 0.660375 0.662445
vt 0.691025 0.620875
vt 0.648018 0.620909
vt 0.690268 0.620830
vt 0.690186 0.619396
vt 0.650340 0.664888
vt 0.650339 0.662087
vt 0.650886 0.662092
vt 0.650887 0.664883
vt 0.690732 0.619383
vt 0.648336 0.619418
vt 0.762468 0.551986
vt 0.765258 0.551984
vt 0.648797 0.620866
vt 0.648552 0.620917
vt 0.648883 0.619432
vt 0.648887 0.620731
vt 0.690521 0.620881
vt 0.690178 0.620697
vt 0.647377 0.667827
vt 0.647403 0.665039
vt 0.647908 0.665023
vt 0.647908 0.667847
vt 0.650533 0.664981
vt 0.650553 0.667728
vt 0.648165 0.667777
vt 0.648160 0.664979
vt 0.742939 0.552026
vt 0.745726 0.552027
vt 0.745721 0.616612
vt 0.742936 0.616615
vt 0.710057 0.664729
vt 0.708492 0.662430
vt 0.710057 0.661782
vt 0.700687 0.620210
vt 0.697863 0.620214
vt 0.697932 0.619134
vt 0.647908 0.667778
vt 0.647908 0.664961
vt 0.647130 0.667846
vt 0.647151 0.665029
vt 0.665048 0.554672
vt 0.665310 0.551993
vt 0.666999 0.553122
vt 0.686241 0.552322
vt 0.686226 0.554697
vt 0.685629 0.554679
vt 0.685397 0.551989
vt 0.695825 0.668034
vt 0.695874 0.665285
vt 0.696332 0.665303
vt 0.696336 0.668074
vt 0.686153 0.552068
vt 0.685733 0.554717
vt 0.685665 0.554754
vt 0.665022 0.554753
vt 0.664951 0.554718
vt 0.684429 0.620285
vt 0.684361 0.620300
vt 0.684389 0.553114
vt 0.700691 0.619143
vt 0.700633 0.619157
vt 0.700655 0.552011
vt 0.650538 0.667775
vt 0.696406 0.665300
vt 0.696406 0.668069
vt 0.708480 0.662373
vt 0.697872 0.619126
vt 0.665136 0.619407
vt 0.665096 0.619345
vt 0.664533 0.552074
vt 0.664778 0.551984
vt 0.695842 0.668082
vt 0.695829 0.665304
vt 0.664493 0.554708
vt 0.664447 0.554697
vt 0.664444 0.552323
vt 0.685902 0.551984
vt 0.667019 0.620246
vt 0.685609 0.619438
vt 0.697863 0.551984
vt 0.667074 0.620264
vt 0.685646 0.619374
vt 0.692999 0.662469
vt 0.693502 0.662475
vt 0.693597 0.665249
vt 0.693066 0.665281
vt 0.691284 0.668084
vt 0.689983 0.668092
vt 0.689983 0.665291
vt 0.691282 0.665296
vt 0.692013 0.662449
vt 0.691414 0.665236
vt 0.691414 0.665278
vt 0.691414 0.668104
vt 0.693757 0.662449
vt 0.693847 0.665257
vt 0.685389 0.620909
vt 0.686227 0.619430
vt 0.686146 0.620864
vt 0.650554 0.664967
vt 0.651101 0.664962
vt 0.651100 0.667763
vt 0.650553 0.667758
vt 0.685681 0.619416
vt 0.665061 0.619384
vt 0.742936 0.551986
vt 0.745727 0.551984
vt 0.665381 0.620873
vt 0.664846 0.620883
vt 0.664601 0.620832
vt 0.664514 0.619399
vt 0.664511 0.620697
vt 0.685893 0.620915
vt 0.686236 0.620731
vt 0.660372 0.620887
vt 0.660375 0.662187
vt 0.660185 0.662187
vt 0.660185 0.620883
vt 0.718190 0.666996
vt 0.718180 0.668295
vt 0.717990 0.668292
vt 0.717987 0.666895
vt 0.719256 0.666895
vt 0.719255 0.668295
vt 0.719068 0.668293
vt 0.719066 0.666959
vt 0.771302 0.552042
vt 0.771276 0.552040
vt 0.771259 0.551984
vt 0.644013 0.620960
vt 0.643978 0.620926
vt 0.644013 0.620917
vt 0.700028 0.661727
vt 0.700075 0.661727
vt 0.700005 0.661786
vt 0.772130 0.551984
vt 0.772084 0.552002
vt 0.701304 0.661773
vt 0.664635 0.662374
vt 0.664563 0.662346
vt 0.664635 0.620883
vt 0.661778 0.620931
vt 0.661724 0.620884
vt 0.662998 0.620932
vt 0.719019 0.666971
vt 0.715802 0.668803
vt 0.715615 0.668802
vt 0.715602 0.667504
vt 0.715805 0.667403
vt 0.701255 0.620273
vt 0.709703 0.620224
vt 0.709703 0.661772
vt 0.708303 0.661782
vt 0.708306 0.620214
vt 0.714727 0.668803
vt 0.714536 0.668801
vt 0.714536 0.667403
vt 0.714726 0.667467
vt 0.700006 0.620214
vt 0.700076 0.620273
vt 0.700025 0.620272
vt 0.659210 0.620902
vt 0.659234 0.620883
vt 0.659234 0.620953
vt 0.664453 0.620951
vt 0.664503 0.620883
vt 0.664503 0.620989
vt 0.714782 0.667491
vt 0.771429 0.593247
vt 0.678730 0.621732
vt 0.678730 0.620915
vt 0.678791 0.620929
vt 0.701304 0.620225
vt 0.663045 0.662425
vt 0.661710 0.662442
vt 0.661816 0.662422
vt 0.679422 0.620918
vt 0.679422 0.662219
vt 0.679236 0.662218
vt 0.679232 0.620915
vt 0.672373 0.620892
vt 0.672373 0.662433
vt 0.670974 0.662440
vt 0.670976 0.620883
vt 0.693996 0.620881
vt 0.695265 0.620881
vt 0.695265 0.662448
vt 0.693995 0.662449
vt 0.696565 0.662453
vt 0.697070 0.662468
vt 0.697095 0.665256
vt 0.696564 0.665277
vt 0.731929 0.663318
vt 0.734274 0.663324
vt 0.734297 0.666118
vt 0.731924 0.666117
vt 0.748517 0.616614
vt 0.748519 0.552029
vt 0.751307 0.552024
vt 0.751302 0.616613
vt 0.728891 0.619134
vt 0.728951 0.620214
vt 0.726127 0.620211
vt 0.646323 0.662087
vt 0.647908 0.662685
vt 0.646323 0.665023
vt 0.731672 0.666138
vt 0.731672 0.663321
vt 0.697322 0.662459
vt 0.697342 0.665277
vt 0.696540 0.554677
vt 0.695931 0.554667
vt 0.695926 0.552322
vt 0.696770 0.551989
vt 0.681405 0.668066
vt 0.680947 0.668080
vt 0.680917 0.665299
vt 0.681409 0.665295
vt 0.696013 0.552068
vt 0.696503 0.554752
vt 0.696436 0.554716
vt 0.656108 0.554720
vt 0.656037 0.554754
vt 0.656011 0.554675
vt 0.697779 0.553113
vt 0.697863 0.620266
vt 0.697796 0.620251
vt 0.734317 0.663342
vt 0.681478 0.665294
vt 0.681478 0.668063
vt 0.728950 0.619126
vt 0.656018 0.619379
vt 0.655977 0.619441
vt 0.655746 0.551993
vt 0.654102 0.553147
vt 0.654048 0.553117
vt 0.656277 0.551984
vt 0.656523 0.552075
vt 0.695944 0.554711
vt 0.680902 0.668062
vt 0.656566 0.554710
vt 0.656612 0.552324
vt 0.656611 0.554698
vt 0.696265 0.551984
vt 0.654094 0.620281
vt 0.696615 0.619405
vt 0.728951 0.551984
vt 0.726149 0.619150
vt 0.726165 0.552012
vt 0.654040 0.620298
vt 0.696578 0.619341
vt 0.671590 0.665230
vt 0.671597 0.662454
vt 0.672099 0.662440
vt 0.672122 0.665250
vt 0.669543 0.668083
vt 0.669543 0.665283
vt 0.670843 0.665292
vt 0.670841 0.668080
vt 0.673084 0.662537
vt 0.673772 0.665315
vt 0.670974 0.665276
vt 0.670974 0.668102
vt 0.671341 0.665253
vt 0.671341 0.662443
vt 0.696836 0.620875
vt 0.655735 0.620909
vt 0.696079 0.620830
vt 0.695997 0.619396
vt 0.705579 0.664583
vt 0.705578 0.661782
vt 0.706125 0.661787
vt 0.706126 0.664578
vt 0.696543 0.619383
vt 0.656053 0.619418
vt 0.748517 0.551986
vt 0.751307 0.551984
vt 0.656514 0.620866
vt 0.656269 0.620917
vt 0.656600 0.619432
vt 0.656604 0.620731
vt 0.696332 0.620881
vt 0.695989 0.620697
vt 0.720352 0.667388
vt 0.720378 0.664600
vt 0.720883 0.664584
vt 0.720883 0.667408
vt 0.709529 0.664748
vt 0.709505 0.667542
vt 0.707161 0.667545
vt 0.707155 0.664746
vt 0.734567 0.552026
vt 0.737355 0.552027
vt 0.737350 0.616612
vt 0.734565 0.616615
vt 0.701582 0.664733
vt 0.700017 0.662434
vt 0.701582 0.661786
vt 0.703515 0.620210
vt 0.700691 0.620214
vt 0.700760 0.619134
vt 0.706903 0.667546
vt 0.706903 0.664729
vt 0.720105 0.667407
vt 0.720126 0.664590
vt 0.659789 0.554672
vt 0.660051 0.551993
vt 0.661739 0.553122
vt 0.678722 0.552323
vt 0.678719 0.554668
vt 0.678110 0.554679
vt 0.677878 0.551989
vt 0.656773 0.668069
vt 0.656803 0.665290
vt 0.657262 0.665308
vt 0.657265 0.668080
vt 0.678635 0.552068
vt 0.678214 0.554718
vt 0.678146 0.554754
vt 0.659762 0.554753
vt 0.659691 0.554719
vt 0.676910 0.620286
vt 0.676842 0.620300
vt 0.676870 0.553114
vt 0.703520 0.619143
vt 0.703462 0.619157
vt 0.703483 0.552011
vt 0.709549 0.667526
vt 0.657335 0.665305
vt 0.657335 0.668074
vt 0.700005 0.662377
vt 0.700701 0.619126
vt 0.659877 0.619407
vt 0.659837 0.619345
vt 0.659274 0.552074
vt 0.659519 0.551984
vt 0.678707 0.554712
vt 0.656758 0.665310
vt 0.659233 0.554708
vt 0.659188 0.554697
vt 0.659185 0.552323
vt 0.678383 0.551984
vt 0.661760 0.620247
vt 0.678090 0.619438
vt 0.700691 0.551984
vt 0.661814 0.620264
vt 0.678127 0.619374
vt 0.656908 0.662478
vt 0.657411 0.662484
vt 0.657506 0.665259
vt 0.656974 0.665290
vt 0.675566 0.668088
vt 0.674265 0.668095
vt 0.674265 0.665294
vt 0.675564 0.665299
vt 0.655922 0.662458
vt 0.655323 0.665246
vt 0.675696 0.665282
vt 0.675696 0.668107
vt 0.657666 0.662458
vt 0.657756 0.665266
vt 0.677871 0.620909
vt 0.678709 0.619430
vt 0.678628 0.620864
vt 0.702844 0.664734
vt 0.703391 0.664729
vt 0.703390 0.667530
vt 0.702843 0.667525
vt 0.678162 0.619416
vt 0.659801 0.619384
vt 0.734565 0.551986
vt 0.737355 0.551984
vt 0.660122 0.620873
vt 0.659587 0.620883
vt 0.659341 0.620832
vt 0.659255 0.619399
vt 0.659251 0.620697
vt 0.678374 0.620915
vt 0.678717 0.620731
vt 0.709949 0.600706
vt 0.709929 0.605324
vt 0.707925 0.605346
vt 0.713005 0.560667
vt 0.707929 0.560722
vt 0.643988 0.560709
vt 0.646647 0.570075
vt 0.643990 0.606023
vt 0.697483 0.606058
vt 0.697685 0.606139
vt 0.697631 0.644546
vt 0.697463 0.644546
vt 0.646666 0.604495
vt 0.673076 0.607406
vt 0.673081 0.641789
vt 0.670782 0.644434
vt 0.670802 0.606119
vt 0.644014 0.644785
vt 0.646758 0.644788
vt 0.646671 0.645062
vt 0.724785 0.644451
vt 0.724586 0.644450
vt 0.724586 0.606064
vt 0.724785 0.606065
vt 0.647142 0.644778
vt 0.647069 0.644954
vt 0.646789 0.644973
vt 0.696385 0.644700
vt 0.696366 0.671280
vt 0.691831 0.671290
vt 0.691774 0.644713
vt 0.646668 0.671089
vt 0.643951 0.671366
vt 0.694320 0.641781
vt 0.696595 0.644447
vt 0.697138 0.640606
vt 0.697135 0.666419
vt 0.696787 0.666425
vt 0.696790 0.640597
vt 0.702539 0.605935
vt 0.700538 0.605927
vt 0.700507 0.601223
vt 0.657704 0.644777
vt 0.657704 0.670762
vt 0.652618 0.670772
vt 0.652617 0.644787
vt 0.702539 0.560693
vt 0.697467 0.560670
vt 0.670567 0.606023
vt 0.667887 0.570055
vt 0.670565 0.560709
vt 0.723873 0.644560
vt 0.723851 0.606149
vt 0.724060 0.606072
vt 0.724040 0.644560
vt 0.696615 0.606132
vt 0.694320 0.607406
vt 0.646751 0.671365
vt 0.725143 0.606070
vt 0.725149 0.643931
vt 0.724949 0.643934
vt 0.724944 0.606072
vt 0.647138 0.671197
vt 0.647135 0.671385
vt 0.646793 0.671185
vt 0.725301 0.644735
vt 0.725298 0.671312
vt 0.723301 0.671312
vt 0.723303 0.644735
vt 0.667910 0.604484
vt 0.670755 0.644531
vt 0.670665 0.644514
vt 0.670702 0.644431
vt 0.753932 0.560732
vt 0.754013 0.560720
vt 0.753995 0.560784
vt 0.753995 0.594905
vt 0.754013 0.595016
vt 0.753935 0.594980
vt 0.749195 0.594959
vt 0.749273 0.594886
vt 0.749276 0.594959
vt 0.749210 0.560691
vt 0.749195 0.560628
vt 0.749281 0.560638
vt 0.754102 0.581268
vt 0.754180 0.581195
vt 0.754180 0.581263
vt 0.754117 0.560748
vt 0.754180 0.560664
vt 0.758930 0.560664
vt 0.758852 0.560735
vt 0.758852 0.560654
vt 0.758916 0.581185
vt 0.758930 0.581288
vt 0.758852 0.581254
vt 0.643909 0.560647
vt 0.643988 0.560628
vt 0.691691 0.644713
vt 0.691696 0.644636
vt 0.723226 0.644735
vt 0.723231 0.644656
vt 0.725366 0.644657
vt 0.725383 0.644735
vt 0.646708 0.604402
vt 0.646743 0.604465
vt 0.673119 0.641695
vt 0.673234 0.641735
vt 0.696413 0.644624
vt 0.696487 0.644703
vt 0.643917 0.606066
vt 0.643909 0.606022
vt 0.697776 0.606189
vt 0.697731 0.606234
vt 0.697860 0.606168
vt 0.697711 0.644548
vt 0.697701 0.644625
vt 0.697454 0.644638
vt 0.697385 0.644613
vt 0.707850 0.560728
vt 0.707857 0.560686
vt 0.697403 0.606060
vt 0.697407 0.606017
vt 0.670723 0.606085
vt 0.670788 0.606067
vt 0.724516 0.606017
vt 0.724504 0.606065
vt 0.724861 0.644535
vt 0.724867 0.644450
vt 0.724517 0.644527
vt 0.724504 0.644451
vt 0.713080 0.560628
vt 0.713087 0.560670
vt 0.694222 0.641744
vt 0.694261 0.641632
vt 0.702618 0.605937
vt 0.702612 0.606017
vt 0.700536 0.606008
vt 0.700456 0.606005
vt 0.646745 0.570114
vt 0.646706 0.570228
vt 0.673169 0.607430
vt 0.673137 0.607492
vt 0.723761 0.606199
vt 0.723673 0.606181
vt 0.723812 0.606247
vt 0.696676 0.644445
vt 0.696717 0.644530
vt 0.696622 0.644544
vt 0.749277 0.640888
vt 0.749261 0.640822
vt 0.749345 0.640828
vt 0.754000 0.640706
vt 0.754082 0.640693
vt 0.754068 0.640760
vt 0.754065 0.674487
vt 0.754077 0.674592
vt 0.753999 0.674558
vt 0.749261 0.674614
vt 0.749338 0.674540
vt 0.749336 0.674609
vt 0.670627 0.560630
vt 0.670646 0.560709
vt 0.696483 0.671360
vt 0.696487 0.671284
vt 0.725380 0.671373
vt 0.725301 0.671392
vt 0.667848 0.570153
vt 0.667734 0.570114
vt 0.697290 0.640689
vt 0.697385 0.640731
vt 0.697321 0.640764
vt 0.670647 0.606023
vt 0.670641 0.606067
vt 0.723873 0.644656
vt 0.723794 0.644627
vt 0.724119 0.644623
vt 0.724061 0.644653
vt 0.702610 0.560651
vt 0.702618 0.560695
vt 0.724136 0.606031
vt 0.724141 0.606074
vt 0.696616 0.606079
vt 0.696693 0.606096
vt 0.725225 0.606074
vt 0.725212 0.606017
vt 0.724867 0.643930
vt 0.724875 0.644022
vt 0.697385 0.560671
vt 0.697392 0.560628
vt 0.667816 0.604462
vt 0.667849 0.604401
vt 0.710027 0.600743
vt 0.709993 0.605402
vt 0.707850 0.605411
vt 0.712644 0.598724
vt 0.712676 0.598803
vt 0.657777 0.670839
vt 0.652544 0.670847
vt 0.696787 0.640532
vt 0.697133 0.640522
vt 0.724862 0.606032
vt 0.646743 0.644707
vt 0.647148 0.644709
vt 0.647138 0.645024
vt 0.646796 0.645052
vt 0.713002 0.598699
vt 0.713080 0.598768
vt 0.691753 0.671352
vt 0.670675 0.644610
vt 0.696702 0.644624
vt 0.663751 0.665766
vt 0.663664 0.665782
vt 0.663664 0.644706
vt 0.663747 0.644718
vt 0.668395 0.644720
vt 0.668479 0.644705
vt 0.668479 0.665778
vt 0.668399 0.665768
vt 0.700433 0.601266
vt 0.652544 0.644718
vt 0.697314 0.661840
vt 0.696744 0.640308
vt 0.696774 0.640216
vt 0.696773 0.661459
vt 0.723228 0.671373
vt 0.694278 0.607501
vt 0.754013 0.560712
vt 0.754057 0.560628
vt 0.754057 0.594600
vt 0.646748 0.671444
vt 0.643915 0.671442
vt 0.697169 0.666597
vt 0.697171 0.640431
vt 0.657777 0.644705
vt 0.697130 0.666507
vt 0.696785 0.666502
vt 0.724867 0.606035
vt 0.725226 0.644000
vt 0.646794 0.671104
vt 0.647146 0.671118
vt 0.647147 0.671443
vt 0.697813 0.599247
vt 0.697785 0.599326
vt 0.697389 0.599293
vt 0.697467 0.599231
vt 0.696743 0.648461
vt 0.696717 0.648555
vt 0.696720 0.627311
vt 0.646743 0.645142
vt 0.646740 0.671009
vt 0.643909 0.644705
vt 0.652619 0.670889
vt 0.657705 0.670879
vt 0.723085 0.661790
vt 0.722923 0.665558
vt 0.722026 0.665570
vt 0.720998 0.661764
vt 0.737780 0.616617
vt 0.737780 0.658164
vt 0.737585 0.658166
vt 0.737584 0.616615
vt 0.722035 0.666895
vt 0.721845 0.666892
vt 0.721834 0.665613
vt 0.723116 0.666892
vt 0.722920 0.666892
vt 0.723112 0.661760
vt 0.722898 0.665604
vt 0.722057 0.665605
vt 0.644213 0.662229
vt 0.644213 0.620917
vt 0.646322 0.620940
vt 0.646323 0.662237
vt 0.731256 0.620215
vt 0.731256 0.661760
vt 0.726129 0.661761
vt 0.726127 0.620214
vt 0.713815 0.665567
vt 0.712919 0.665557
vt 0.712745 0.661791
vt 0.714832 0.661761
vt 0.713999 0.666890
vt 0.713809 0.666888
vt 0.714007 0.665608
vt 0.677433 0.662462
vt 0.677433 0.620915
vt 0.678722 0.620918
vt 0.678720 0.662460
vt 0.712925 0.666892
vt 0.712730 0.666888
vt 0.712720 0.661761
vt 0.713784 0.665600
vt 0.712943 0.665603
vt 0.715869 0.620214
vt 0.715869 0.661755
vt 0.715028 0.661755
vt 0.715028 0.620214
vt 0.673962 0.620885
vt 0.673963 0.662432
vt 0.673773 0.662434
vt 0.673772 0.620883
vt 0.742936 0.658175
vt 0.742936 0.616634
vt 0.744218 0.616627
vt 0.744215 0.658184
vt 0.656612 0.662458
vt 0.656612 0.620917
vt 0.657902 0.620922
vt 0.657900 0.662454
vt 0.748092 0.616615
vt 0.748090 0.658165
vt 0.659995 0.620887
vt 0.659995 0.662187
vt 0.659805 0.662187
vt 0.659808 0.620883
vt 0.710811 0.666993
vt 0.710801 0.668292
vt 0.710610 0.668289
vt 0.710608 0.666892
vt 0.711877 0.666892
vt 0.711875 0.668292
vt 0.711688 0.668290
vt 0.711686 0.666956
vt 0.651923 0.620975
vt 0.651896 0.620973
vt 0.651879 0.620917
vt 0.643978 0.620960
vt 0.643943 0.620926
vt 0.643978 0.620917
vt 0.696587 0.662394
vt 0.696635 0.662394
vt 0.696564 0.662453
vt 0.652750 0.620920
vt 0.652705 0.620938
vt 0.697863 0.662441
vt 0.664921 0.662374
vt 0.664850 0.662346
vt 0.664921 0.620883
vt 0.684974 0.620963
vt 0.684920 0.620916
vt 0.686241 0.620915
vt 0.686194 0.620964
vt 0.711639 0.666968
vt 0.723113 0.668295
vt 0.722926 0.668295
vt 0.722912 0.666996
vt 0.723116 0.666895
vt 0.697814 0.620940
vt 0.706903 0.620224
vt 0.706903 0.661772
vt 0.705503 0.661782
vt 0.705506 0.620214
vt 0.722038 0.668295
vt 0.721847 0.668293
vt 0.721846 0.666895
vt 0.722037 0.666960
vt 0.696564 0.620881
vt 0.696635 0.620940
vt 0.696583 0.620940
vt 0.674215 0.620901
vt 0.674240 0.620883
vt 0.674240 0.620953
vt 0.644163 0.620985
vt 0.644213 0.621023
vt 0.722093 0.666984
vt 0.651879 0.662180
vt 0.654135 0.621734
vt 0.654135 0.620917
vt 0.654195 0.620931
vt 0.697862 0.620892
vt 0.686241 0.662457
vt 0.684906 0.662474
vt 0.685012 0.662454
vt 0.679232 0.620918
vt 0.679232 0.662219
vt 0.679046 0.662218
vt 0.679041 0.620915
vt 0.668302 0.620892
vt 0.668304 0.662433
vt 0.666905 0.662440
vt 0.666905 0.620883
vt 0.688845 0.620881
vt 0.690115 0.620881
vt 0.690114 0.662448
vt 0.688845 0.662449
vt 0.686763 0.662453
vt 0.687267 0.662468
vt 0.687293 0.665256
vt 0.686762 0.665277
vt 0.681159 0.662474
vt 0.683503 0.662480
vt 0.683527 0.665274
vt 0.681153 0.665273
vt 0.759678 0.616614
vt 0.759680 0.552029
vt 0.762468 0.552024
vt 0.762463 0.616613
vt 0.723243 0.619134
vt 0.723303 0.620214
vt 0.720480 0.620212
vt 0.652750 0.664611
vt 0.651103 0.665006
vt 0.651103 0.662180
vt 0.680902 0.665294
vt 0.680902 0.662476
vt 0.687520 0.662459
vt 0.687540 0.665277
vt 0.686855 0.554677
vt 0.686246 0.554667
vt 0.686241 0.552322
vt 0.687084 0.551989
vt 0.655249 0.668063
vt 0.654791 0.668076
vt 0.654761 0.665296
vt 0.655253 0.665292
vt 0.686328 0.552068
vt 0.686818 0.554753
vt 0.686751 0.554716
vt 0.645818 0.554720
vt 0.645747 0.554754
vt 0.645721 0.554675
vt 0.688093 0.553114
vt 0.688178 0.620266
vt 0.688110 0.620251
vt 0.683547 0.662497
vt 0.655323 0.665290
vt 0.655323 0.668060
vt 0.723302 0.619126
vt 0.645728 0.619379
vt 0.645688 0.619441
vt 0.645457 0.551993
vt 0.643813 0.553147
vt 0.643758 0.553117
vt 0.645988 0.551984
vt 0.646234 0.552075
vt 0.686258 0.554711
vt 0.654746 0.668059
vt 0.646277 0.554710
vt 0.646323 0.552324
vt 0.646322 0.554698
vt 0.686579 0.551984
vt 0.643805 0.620281
vt 0.686930 0.619405
vt 0.723303 0.551984
vt 0.720502 0.619150
vt 0.720518 0.552012
vt 0.643751 0.620298
vt 0.686893 0.619341
vt 0.644141 0.665026
vt 0.644148 0.662250
vt 0.644651 0.662237
vt 0.644673 0.665047
vt 0.669543 0.665258
vt 0.669543 0.662457
vt 0.670843 0.662466
vt 0.670841 0.665254
vt 0.645636 0.662333
vt 0.646323 0.665112
vt 0.670974 0.662450
vt 0.670973 0.665276
vt 0.643892 0.665049
vt 0.643892 0.662240
vt 0.687151 0.620875
vt 0.645446 0.620909
vt 0.686394 0.620830
vt 0.686311 0.619396
vt 0.705579 0.667385
vt 0.705578 0.664583
vt 0.706125 0.664589
vt 0.706126 0.667380
vt 0.686858 0.619383
vt 0.645764 0.619418
vt 0.759678 0.551986
vt 0.762468 0.551984
vt 0.646225 0.620866
vt 0.645979 0.620917
vt 0.646310 0.619432
vt 0.646315 0.620731
vt 0.686647 0.620881
vt 0.686304 0.620697
vt 0.709795 0.667533
vt 0.709818 0.664745
vt 0.710323 0.664729
vt 0.710326 0.667553
vt 0.702630 0.664752
vt 0.702650 0.667500
vt 0.700262 0.667549
vt 0.700256 0.664750
vt 0.745729 0.552026
vt 0.748517 0.552027
vt 0.748512 0.616612
vt 0.745727 0.616615
vt 0.701826 0.662430
vt 0.703391 0.661782
vt 0.706343 0.620210
vt 0.703520 0.620214
vt 0.703588 0.619134
vt 0.700005 0.667550
vt 0.700005 0.664733
vt 0.709549 0.667553
vt 0.709566 0.664735
vt 0.667678 0.554672
vt 0.667940 0.551993
vt 0.669629 0.553122
vt 0.682481 0.552322
vt 0.682466 0.554697
vt 0.681869 0.554679
vt 0.681637 0.551989
vt 0.657915 0.668040
vt 0.657963 0.665290
vt 0.658421 0.665308
vt 0.658425 0.668080
vt 0.682394 0.552068
vt 0.681973 0.554717
vt 0.681906 0.554754
vt 0.667651 0.554753
vt 0.667580 0.554718
vt 0.680669 0.620285
vt 0.680602 0.620300
vt 0.680629 0.553114
vt 0.706348 0.619143
vt 0.706290 0.619157
vt 0.706311 0.552011
vt 0.702635 0.667547
vt 0.658495 0.665305
vt 0.658495 0.668074
vt 0.701814 0.662373
vt 0.703529 0.619126
vt 0.667766 0.619407
vt 0.667726 0.619345
vt 0.667163 0.552074
vt 0.667408 0.551984
vt 0.657931 0.668088
vt 0.657918 0.665310
vt 0.667122 0.554708
vt 0.667077 0.554697
vt 0.667074 0.552323
vt 0.682142 0.551984
vt 0.669649 0.620246
vt 0.681849 0.619438
vt 0.703520 0.551984
vt 0.669703 0.620264
vt 0.681886 0.619374
vt 0.695717 0.662473
vt 0.696219 0.662479
vt 0.696315 0.665253
vt 0.695783 0.665285
vt 0.676997 0.668087
vt 0.675696 0.668095
vt 0.675696 0.665294
vt 0.676995 0.665299
vt 0.694730 0.662453
vt 0.694131 0.665240
vt 0.677127 0.665282
vt 0.677127 0.668107
vt 0.696475 0.662453
vt 0.696564 0.665261
vt 0.681630 0.620909
vt 0.682468 0.619430
vt 0.682387 0.620864
vt 0.696565 0.665282
vt 0.697113 0.665277
vt 0.697111 0.668078
vt 0.696564 0.668073
vt 0.681921 0.619416
vt 0.667690 0.619384
vt 0.745727 0.551986
vt 0.748517 0.551984
vt 0.668011 0.620873
vt 0.667476 0.620883
vt 0.667230 0.620832
vt 0.667144 0.619399
vt 0.667140 0.620697
vt 0.682134 0.620915
vt 0.682477 0.620731
vt 0.660182 0.620887
vt 0.660185 0.662187
vt 0.659995 0.662187
vt 0.659995 0.620883
vt 0.712923 0.666993
vt 0.712913 0.668292
vt 0.712722 0.668289
vt 0.712720 0.666892
vt 0.713989 0.666892
vt 0.713988 0.668292
vt 0.713800 0.668290
vt 0.713799 0.666956
vt 0.655278 0.662114
vt 0.655305 0.662115
vt 0.655323 0.662171
vt 0.643943 0.620917
vt 0.643943 0.620966
vt 0.643913 0.620947
vt 0.690138 0.662394
vt 0.690185 0.662394
vt 0.690115 0.662453
vt 0.654452 0.662186
vt 0.654497 0.662167
vt 0.691414 0.662441
vt 0.664706 0.662374
vt 0.664635 0.662346
vt 0.664706 0.620883
vt 0.660443 0.620931
vt 0.660389 0.620884
vt 0.661710 0.620883
vt 0.661663 0.620932
vt 0.713752 0.666968
vt 0.705500 0.668313
vt 0.705314 0.668313
vt 0.705300 0.667014
vt 0.705503 0.666913
vt 0.691365 0.620940
vt 0.708303 0.620224
vt 0.708303 0.661772
vt 0.706903 0.661782
vt 0.706906 0.620214
vt 0.704425 0.668313
vt 0.704235 0.668311
vt 0.704234 0.666913
vt 0.704424 0.666977
vt 0.690116 0.620881
vt 0.690186 0.620940
vt 0.690135 0.620940
vt 0.654060 0.620936
vt 0.654085 0.620917
vt 0.654085 0.620987
vt 0.654085 0.620985
vt 0.654135 0.621023
vt 0.704480 0.667002
vt 0.654452 0.620917
vt 0.678791 0.621732
vt 0.678791 0.620915
vt 0.678851 0.620929
vt 0.691414 0.620892
vt 0.661710 0.662425
vt 0.660375 0.662442
vt 0.660481 0.662422
vt 0.679613 0.620918
vt 0.679609 0.662219
vt 0.679422 0.662218
vt 0.679422 0.620915
vt 0.673772 0.620892
vt 0.673772 0.662433
vt 0.672373 0.662440
vt 0.672375 0.620883
vt 0.687540 0.620881
vt 0.688810 0.620881
vt 0.688810 0.662448
vt 0.687540 0.662449
vt 0.734460 0.658184
vt 0.734965 0.658199
vt 0.734991 0.660987
vt 0.734460 0.661008
vt 0.734575 0.663318
vt 0.736919 0.663324
vt 0.736943 0.666118
vt 0.734569 0.666117
vt 0.751307 0.616614
vt 0.751309 0.552029
vt 0.754097 0.552024
vt 0.754092 0.616613
vt 0.731714 0.619134
vt 0.731774 0.620213
vt 0.728951 0.620213
vt 0.698420 0.661786
vt 0.700005 0.662384
vt 0.698420 0.664722
vt 0.734317 0.666138
vt 0.734317 0.663321
vt 0.735217 0.658190
vt 0.735237 0.661008
vt 0.694603 0.554677
vt 0.693994 0.554667
vt 0.693989 0.552322
vt 0.694833 0.551989
vt 0.653519 0.668063
vt 0.653061 0.668076
vt 0.653031 0.665296
vt 0.653522 0.665292
vt 0.694076 0.552068
vt 0.694566 0.554752
vt 0.694499 0.554716
vt 0.658680 0.554720
vt 0.658609 0.554754
vt 0.658583 0.554675
vt 0.695841 0.553113
vt 0.695926 0.620266
vt 0.695859 0.620251
vt 0.736963 0.663342
vt 0.653592 0.665290
vt 0.653592 0.668059
vt 0.731773 0.619126
vt 0.658590 0.619379
vt 0.658550 0.619441
vt 0.658318 0.551993
vt 0.656675 0.553147
vt 0.656620 0.553117
vt 0.658850 0.551984
vt 0.659095 0.552075
vt 0.694006 0.554711
vt 0.653015 0.668059
vt 0.659138 0.554710
vt 0.659185 0.552324
vt 0.659183 0.554698
vt 0.694327 0.551984
vt 0.656667 0.620281
vt 0.694678 0.619405
vt 0.731736 0.551984
vt 0.728973 0.619152
vt 0.728951 0.552013
vt 0.656612 0.620298
vt 0.694641 0.619341
vt 0.648157 0.664876
vt 0.648164 0.662100
vt 0.648667 0.662087
vt 0.648689 0.664897
vt 0.651103 0.667813
vt 0.651103 0.665012
vt 0.652403 0.665021
vt 0.652401 0.667809
vt 0.649652 0.662183
vt 0.650339 0.664961
vt 0.652534 0.665006
vt 0.652533 0.667831
vt 0.647908 0.664899
vt 0.647908 0.662090
vt 0.694899 0.620875
vt 0.658307 0.620909
vt 0.694142 0.620830
vt 0.694060 0.619396
vt 0.697865 0.664557
vt 0.697864 0.661755
vt 0.698411 0.661761
vt 0.698412 0.664552
vt 0.694606 0.619383
vt 0.658625 0.619418
vt 0.751307 0.551986
vt 0.754098 0.551984
vt 0.659087 0.620866
vt 0.658841 0.620917
vt 0.659172 0.619432
vt 0.659176 0.620731
vt 0.694395 0.620881
vt 0.694052 0.620697
vt 0.737209 0.666122
vt 0.737235 0.663334
vt 0.737740 0.663318
vt 0.737740 0.666142
vt 0.646517 0.665131
vt 0.646494 0.667925
vt 0.644150 0.667928
vt 0.644144 0.665129
vt 0.731777 0.552026
vt 0.734565 0.552027
vt 0.734560 0.616612
vt 0.731775 0.616615
vt 0.749010 0.664078
vt 0.747445 0.661779
vt 0.749010 0.661131
vt 0.709171 0.620210
vt 0.706348 0.620214
vt 0.706417 0.619134
vt 0.643892 0.667929
vt 0.643892 0.665112
vt 0.736963 0.666141
vt 0.736983 0.663324
vt 0.662418 0.554672
vt 0.662680 0.551993
vt 0.664369 0.553122
vt 0.676842 0.552323
vt 0.676839 0.554668
vt 0.676230 0.554679
vt 0.675998 0.551989
vt 0.656196 0.668069
vt 0.656227 0.665290
vt 0.656685 0.665308
vt 0.656688 0.668080
vt 0.676755 0.552068
vt 0.676334 0.554718
vt 0.676267 0.554754
vt 0.662392 0.554753
vt 0.662321 0.554719
vt 0.675030 0.620286
vt 0.674963 0.620300
vt 0.674990 0.553114
vt 0.709176 0.619143
vt 0.709118 0.619157
vt 0.709139 0.552011
vt 0.646537 0.667908
vt 0.656758 0.665305
vt 0.656758 0.668074
vt 0.747433 0.661722
vt 0.706357 0.619126
vt 0.662506 0.619407
vt 0.662466 0.619345
vt 0.661904 0.552074
vt 0.662149 0.551984
vt 0.676827 0.554712
vt 0.656181 0.665310
vt 0.661863 0.554708
vt 0.661818 0.554697
vt 0.661814 0.552323
vt 0.676503 0.551984
vt 0.664390 0.620247
vt 0.676210 0.619438
vt 0.706348 0.551984
vt 0.664444 0.620264
vt 0.676247 0.619374
vt 0.659341 0.662478
vt 0.659844 0.662484
vt 0.659939 0.665259
vt 0.659407 0.665290
vt 0.680165 0.668088
vt 0.678864 0.668095
vt 0.678864 0.665294
vt 0.680163 0.665299
vt 0.658355 0.662458
vt 0.657756 0.665246
vt 0.680295 0.665282
vt 0.680295 0.668107
vt 0.660099 0.662458
vt 0.660189 0.665266
vt 0.675991 0.620909
vt 0.676829 0.619430
vt 0.676748 0.620864
vt 0.646583 0.665028
vt 0.647130 0.665023
vt 0.647129 0.667825
vt 0.646582 0.667819
vt 0.676282 0.619416
vt 0.662431 0.619384
vt 0.731775 0.551986
vt 0.734565 0.551984
vt 0.662751 0.620873
vt 0.662216 0.620883
vt 0.661971 0.620832
vt 0.661884 0.619399
vt 0.661881 0.620697
vt 0.676495 0.620915
vt 0.676838 0.620731
vt 0.717957 0.661790
vt 0.717794 0.665558
vt 0.716897 0.665570
vt 0.715869 0.661764
vt 0.665506 0.620885
vt 0.665506 0.662432
vt 0.665310 0.662434
vt 0.665309 0.620883
vt 0.716906 0.666895
vt 0.716716 0.666892
vt 0.716705 0.665613
vt 0.717987 0.666892
vt 0.717791 0.666892
vt 0.717983 0.661760
vt 0.717770 0.665604
vt 0.716928 0.665605
vt 0.761355 0.657927
vt 0.761355 0.616615
vt 0.763464 0.616638
vt 0.763464 0.657935
vt 0.720998 0.620215
vt 0.720998 0.661760
vt 0.715871 0.661760
vt 0.715869 0.620214
vt 0.730554 0.665567
vt 0.729657 0.665557
vt 0.729484 0.661791
vt 0.731571 0.661760
vt 0.730738 0.666890
vt 0.730547 0.666888
vt 0.730746 0.665608
vt 0.675555 0.662462
vt 0.675554 0.620915
vt 0.676842 0.620918
vt 0.676842 0.662460
vt 0.729663 0.666892
vt 0.729468 0.666888
vt 0.729458 0.661760
vt 0.730523 0.665600
vt 0.729681 0.665603
vt 0.754089 0.616615
vt 0.754089 0.658156
vt 0.753248 0.658156
vt 0.665112 0.620885
vt 0.665113 0.662432
vt 0.664922 0.662434
vt 0.732200 0.658176
vt 0.732200 0.616634
vt 0.733482 0.616627
vt 0.733478 0.658184
vt 0.652752 0.662458
vt 0.652750 0.620917
vt 0.654040 0.620922
vt 0.654040 0.662454
vt 0.737355 0.616615
vt 0.737353 0.658165
vt 0.659425 0.620887
vt 0.659425 0.662187
vt 0.659235 0.662187
vt 0.659238 0.620883
vt 0.661951 0.665418
vt 0.661941 0.666717
vt 0.661750 0.666714
vt 0.661748 0.665317
vt 0.663017 0.665317
vt 0.663015 0.666717
vt 0.662828 0.666715
vt 0.662826 0.665381
vt 0.770746 0.616673
vt 0.770719 0.616671
vt 0.770703 0.616615
vt 0.643913 0.620917
vt 0.643913 0.620966
vt 0.643882 0.620947
vt 0.695288 0.662394
vt 0.695336 0.662394
vt 0.695265 0.662453
vt 0.771574 0.616618
vt 0.771528 0.616636
vt 0.696564 0.662441
vt 0.664850 0.662374
vt 0.664778 0.662346
vt 0.664850 0.620883
vt 0.680970 0.620963
vt 0.680916 0.620916
vt 0.682236 0.620915
vt 0.682190 0.620964
vt 0.662779 0.665393
vt 0.724382 0.668295
vt 0.724196 0.668295
vt 0.724182 0.666996
vt 0.724386 0.666895
vt 0.696516 0.620940
vt 0.704101 0.620224
vt 0.704104 0.661771
vt 0.702704 0.661782
vt 0.702704 0.620214
vt 0.723307 0.668295
vt 0.723117 0.668293
vt 0.723116 0.666895
vt 0.723306 0.666960
vt 0.695266 0.620881
vt 0.695337 0.620940
vt 0.695285 0.620940
vt 0.693954 0.620900
vt 0.693979 0.620881
vt 0.693979 0.620952
vt 0.643801 0.620985
vt 0.643851 0.620917
vt 0.643851 0.621023
vt 0.723363 0.666984
vt 0.770703 0.657878
vt 0.674155 0.621700
vt 0.674155 0.620883
vt 0.674215 0.620897
vt 0.696564 0.620892
vt 0.682236 0.662457
vt 0.680902 0.662474
vt 0.681008 0.662454
vt 0.677243 0.620918
vt 0.677243 0.662219
vt 0.677057 0.662218
vt 0.677052 0.620915
vt 0.666905 0.620892
vt 0.666905 0.662433
vt 0.665506 0.662440
vt 0.665508 0.620883
vt 0.692685 0.620881
vt 0.693954 0.620881
vt 0.693954 0.662448
vt 0.692684 0.662449
vt 0.720105 0.661760
vt 0.720610 0.661776
vt 0.720636 0.664564
vt 0.720105 0.664584
vt 0.677691 0.662462
vt 0.680035 0.662468
vt 0.680058 0.665262
vt 0.677685 0.665261
vt 0.756888 0.616614
vt 0.756890 0.552029
vt 0.759677 0.552024
vt 0.759673 0.616613
vt 0.720419 0.619134
vt 0.720480 0.620214
vt 0.717656 0.620212
vt 0.660189 0.668038
vt 0.658495 0.668038
vt 0.659152 0.665290
vt 0.677433 0.665282
vt 0.677433 0.662465
vt 0.720862 0.661767
vt 0.720883 0.664584
vt 0.688792 0.554677
vt 0.688183 0.554667
vt 0.688178 0.552322
vt 0.689021 0.551989
vt 0.654096 0.668063
vt 0.653637 0.668076
vt 0.653607 0.665296
vt 0.654099 0.665292
vt 0.688265 0.552068
vt 0.688755 0.554753
vt 0.688688 0.554716
vt 0.653535 0.554720
vt 0.653464 0.554754
vt 0.653438 0.554675
vt 0.690030 0.553114
vt 0.690115 0.620266
vt 0.690048 0.620251
vt 0.680079 0.662486
vt 0.654169 0.665290
vt 0.654169 0.668059
vt 0.720479 0.619126
vt 0.653445 0.619379
vt 0.653405 0.619441
vt 0.653174 0.551993
vt 0.651530 0.553147
vt 0.651475 0.553117
vt 0.653705 0.551984
vt 0.653951 0.552075
vt 0.688195 0.554711
vt 0.653592 0.668059
vt 0.653994 0.554710
vt 0.654040 0.552324
vt 0.654038 0.554698
vt 0.688516 0.551984
vt 0.651522 0.620281
vt 0.688867 0.619405
vt 0.720480 0.551984
vt 0.717678 0.619150
vt 0.717694 0.552012
vt 0.651468 0.620298
vt 0.688830 0.619341
vt 0.664723 0.665230
vt 0.664731 0.662454
vt 0.665233 0.662440
vt 0.665255 0.665250
vt 0.663023 0.668074
vt 0.663023 0.665273
vt 0.664323 0.665283
vt 0.664321 0.668071
vt 0.666218 0.662537
vt 0.666905 0.665315
vt 0.664454 0.665267
vt 0.664454 0.668093
vt 0.664474 0.665253
vt 0.664474 0.662443
vt 0.689088 0.620875
vt 0.653163 0.620909
vt 0.688331 0.620830
vt 0.688248 0.619396
vt 0.710061 0.664562
vt 0.710059 0.661761
vt 0.710607 0.661766
vt 0.710608 0.664557
vt 0.688795 0.619383
vt 0.653480 0.619418
vt 0.756888 0.551986
vt 0.759678 0.551984
vt 0.653942 0.620866
vt 0.653696 0.620917
vt 0.654027 0.619432
vt 0.654032 0.620731
vt 0.688584 0.620881
vt 0.688241 0.620697
vt 0.706372 0.667410
vt 0.706396 0.664621
vt 0.706900 0.664606
vt 0.706904 0.667429
vt 0.699985 0.664742
vt 0.700005 0.667489
vt 0.697617 0.667538
vt 0.697611 0.664739
vt 0.740148 0.552026
vt 0.742936 0.552027
vt 0.742931 0.616612
vt 0.740146 0.616615
vt 0.747445 0.658832
vt 0.749010 0.658184
vt 0.712000 0.620210
vt 0.709176 0.620214
vt 0.709245 0.619134
vt 0.697360 0.667539
vt 0.697360 0.664722
vt 0.706126 0.667429
vt 0.706143 0.664612
vt 0.670308 0.554672
vt 0.670569 0.551993
vt 0.672258 0.553122
vt 0.684361 0.552322
vt 0.684346 0.554697
vt 0.683749 0.554679
vt 0.683517 0.551989
vt 0.689393 0.668030
vt 0.689441 0.665281
vt 0.689900 0.665299
vt 0.689903 0.668070
vt 0.684274 0.552068
vt 0.683853 0.554717
vt 0.683785 0.554754
vt 0.670281 0.554753
vt 0.670210 0.554718
vt 0.682549 0.620285
vt 0.682481 0.620300
vt 0.682509 0.553114
vt 0.712004 0.619143
vt 0.711946 0.619157
vt 0.711967 0.552011
vt 0.699990 0.667536
vt 0.689973 0.665296
vt 0.689973 0.668065
vt 0.747433 0.658775
vt 0.709185 0.619126
vt 0.670395 0.619407
vt 0.670355 0.619345
vt 0.669793 0.552074
vt 0.670038 0.551984
vt 0.689409 0.668078
vt 0.689396 0.665300
vt 0.669752 0.554708
vt 0.669707 0.554697
vt 0.669703 0.552323
vt 0.684022 0.551984
vt 0.672279 0.620246
vt 0.683729 0.619438
vt 0.709176 0.551984
vt 0.672333 0.620264
vt 0.683766 0.619374
vt 0.689125 0.662469
vt 0.689627 0.662475
vt 0.689723 0.665249
vt 0.689191 0.665281
vt 0.688840 0.668086
vt 0.687540 0.668094
vt 0.687540 0.665293
vt 0.688838 0.665298
vt 0.688139 0.662449
vt 0.687540 0.665237
vt 0.688971 0.665281
vt 0.688971 0.668106
vt 0.689883 0.662449
vt 0.689973 0.665257
vt 0.683510 0.620909
vt 0.684348 0.619430
vt 0.684267 0.620864
vt 0.680355 0.665269
vt 0.680902 0.665264
vt 0.680901 0.668065
vt 0.680354 0.668060
vt 0.683801 0.619416
vt 0.670320 0.619384
vt 0.740146 0.551986
vt 0.742936 0.551984
vt 0.670640 0.620873
vt 0.670106 0.620883
vt 0.669860 0.620832
vt 0.669773 0.619399
vt 0.669770 0.620697
vt 0.684013 0.620915
vt 0.684356 0.620731
vt 0.720074 0.661790
vt 0.719912 0.665558
vt 0.719015 0.665570
vt 0.717987 0.661764
vt 0.737584 0.616617
vt 0.737583 0.658164
vt 0.737388 0.658166
vt 0.737387 0.616615
vt 0.719024 0.666895
vt 0.718834 0.666892
vt 0.718823 0.665613
vt 0.720105 0.666892
vt 0.719909 0.666892
vt 0.720101 0.661760
vt 0.719887 0.665604
vt 0.719046 0.665605
vt 0.759245 0.657927
vt 0.759245 0.616615
vt 0.761354 0.616638
vt 0.761355 0.657935
vt 0.726127 0.620215
vt 0.726127 0.661760
vt 0.721000 0.661761
vt 0.720998 0.620214
vt 0.711703 0.665567
vt 0.710806 0.665557
vt 0.710633 0.661791
vt 0.711887 0.666890
vt 0.711696 0.666888
vt 0.711895 0.665608
vt 0.679614 0.662462
vt 0.679613 0.620915
vt 0.680902 0.620918
vt 0.680902 0.662460
vt 0.710812 0.666892
vt 0.710617 0.666888
vt 0.710608 0.661761
vt 0.711672 0.665600
vt 0.710831 0.665603
vt 0.732098 0.620214
vt 0.732098 0.661755
vt 0.731256 0.661755
vt 0.731256 0.620214
vt 0.715027 0.620216
vt 0.715028 0.661763
vt 0.714837 0.661765
vt 0.714836 0.620214
vt 0.737780 0.658175
vt 0.737780 0.616634
vt 0.739063 0.616627
vt 0.739059 0.658184
vt 0.655324 0.662458
vt 0.655323 0.620917
vt 0.656612 0.620922
vt 0.656612 0.662454
vt 0.742934 0.658165
vt 0.659802 0.620887
vt 0.659805 0.662187
vt 0.659615 0.662187
vt 0.659615 0.620883
vt 0.661951 0.666818
vt 0.661941 0.668117
vt 0.661750 0.668114
vt 0.661748 0.666717
vt 0.663017 0.666717
vt 0.663015 0.668117
vt 0.662828 0.668116
vt 0.662826 0.666781
vt 0.770431 0.552042
vt 0.770404 0.552040
vt 0.770387 0.551984
vt 0.644088 0.620917
vt 0.644113 0.620959
vt 0.644077 0.620959
vt 0.698729 0.661727
vt 0.698776 0.661727
vt 0.698706 0.661785
vt 0.771259 0.551987
vt 0.771213 0.552005
vt 0.700005 0.661773
vt 0.732200 0.658106
vt 0.732128 0.658078
vt 0.732200 0.616615
vt 0.683639 0.620963
vt 0.683585 0.620916
vt 0.684906 0.620915
vt 0.684859 0.620964
vt 0.662779 0.666793
vt 0.717984 0.668295
vt 0.717797 0.668295
vt 0.717784 0.666996
vt 0.717987 0.666895
vt 0.699955 0.620273
vt 0.705504 0.620224
vt 0.705503 0.661772
vt 0.704104 0.661782
vt 0.704106 0.620214
vt 0.716909 0.668295
vt 0.716718 0.668293
vt 0.716718 0.666895
vt 0.716908 0.666960
vt 0.698776 0.620273
vt 0.698725 0.620272
vt 0.688810 0.620900
vt 0.688835 0.620881
vt 0.688835 0.620952
vt 0.644113 0.620985
vt 0.644163 0.620917
vt 0.644163 0.621023
vt 0.716964 0.666984
vt 0.770387 0.593247
vt 0.664503 0.621700
vt 0.664503 0.620883
vt 0.664563 0.620897
vt 0.700004 0.620225
vt 0.684906 0.662457
vt 0.683571 0.662474
vt 0.683677 0.662454
vt 0.679041 0.620918
vt 0.679041 0.662219
vt 0.678855 0.662218
vt 0.678851 0.620915
vt 0.669701 0.620892
vt 0.669703 0.662433
vt 0.668304 0.662440
vt 0.668304 0.620883
vt 0.691414 0.620881
vt 0.692684 0.620881
vt 0.692684 0.662448
vt 0.691414 0.662449
vt 0.706126 0.661782
vt 0.706631 0.661797
vt 0.706657 0.664585
vt 0.706126 0.664606
vt 0.674522 0.662462
vt 0.676867 0.662468
vt 0.676890 0.665262
vt 0.674517 0.665261
vt 0.754098 0.616614
vt 0.754099 0.552029
vt 0.756887 0.552024
vt 0.756883 0.616613
vt 0.726066 0.619134
vt 0.723303 0.620213
vt 0.695825 0.668032
vt 0.694131 0.668032
vt 0.694789 0.665285
vt 0.674265 0.665282
vt 0.674265 0.662465
vt 0.706883 0.661788
vt 0.706903 0.664606
vt 0.692666 0.554677
vt 0.692057 0.554667
vt 0.692052 0.552322
vt 0.692896 0.551989
vt 0.654673 0.668063
vt 0.654214 0.668076
vt 0.654184 0.665296
vt 0.654676 0.665292
vt 0.692139 0.552068
vt 0.692629 0.554753
vt 0.692562 0.554716
vt 0.650963 0.554720
vt 0.650892 0.554754
vt 0.650866 0.554675
vt 0.693904 0.553114
vt 0.693989 0.620266
vt 0.693922 0.620251
vt 0.676910 0.662486
vt 0.654746 0.665290
vt 0.654746 0.668059
vt 0.726126 0.619126
vt 0.650873 0.619379
vt 0.650833 0.619441
vt 0.650601 0.551993
vt 0.648958 0.553147
vt 0.648903 0.553117
vt 0.651133 0.551984
vt 0.651378 0.552075
vt 0.692070 0.554711
vt 0.654169 0.668059
vt 0.651421 0.554710
vt 0.651468 0.552323
vt 0.651466 0.554698
vt 0.692391 0.551984
vt 0.648950 0.620281
vt 0.692741 0.619405
vt 0.726089 0.551984
vt 0.723325 0.619152
vt 0.723303 0.552013
vt 0.648895 0.620298
vt 0.692704 0.619341
vt 0.667154 0.665230
vt 0.667161 0.662454
vt 0.667663 0.662440
vt 0.667686 0.665250
vt 0.689983 0.665260
vt 0.689983 0.662459
vt 0.691284 0.662468
vt 0.691282 0.665257
vt 0.668648 0.662537
vt 0.669336 0.665315
vt 0.691414 0.662453
vt 0.691414 0.665278
vt 0.666905 0.665253
vt 0.666905 0.662443
vt 0.692962 0.620875
vt 0.650590 0.620909
vt 0.692205 0.620830
vt 0.692123 0.619396
vt 0.680355 0.665264
vt 0.680354 0.662462
vt 0.680901 0.662468
vt 0.680902 0.665259
vt 0.692669 0.619383
vt 0.650908 0.619418
vt 0.754098 0.551986
vt 0.756888 0.551984
vt 0.651370 0.620866
vt 0.651124 0.620917
vt 0.651455 0.619432
vt 0.651459 0.620731
vt 0.692458 0.620881
vt 0.692115 0.620697
vt 0.715274 0.667383
vt 0.715297 0.664595
vt 0.715802 0.664579
vt 0.715805 0.667403
vt 0.694039 0.665300
vt 0.694059 0.668047
vt 0.691671 0.668097
vt 0.691666 0.665298
vt 0.737358 0.552026
vt 0.740145 0.552027
vt 0.740140 0.616612
vt 0.737355 0.616615
vt 0.708480 0.664729
vt 0.706915 0.662430
vt 0.708480 0.661782
vt 0.714828 0.620210
vt 0.712004 0.620214
vt 0.712073 0.619134
vt 0.691414 0.668097
vt 0.691414 0.665281
vt 0.715028 0.667403
vt 0.715045 0.664585
vt 0.672937 0.554672
vt 0.673199 0.551993
vt 0.674888 0.553122
vt 0.680602 0.552323
vt 0.680586 0.554697
vt 0.679989 0.554679
vt 0.679758 0.551989
vt 0.657335 0.668040
vt 0.657383 0.665290
vt 0.657841 0.665309
vt 0.657845 0.668080
vt 0.680514 0.552068
vt 0.680094 0.554717
vt 0.680026 0.554754
vt 0.672911 0.554753
vt 0.672840 0.554718
vt 0.678790 0.620285
vt 0.678722 0.620300
vt 0.678750 0.553114
vt 0.714832 0.619143
vt 0.714774 0.619157
vt 0.714796 0.552011
vt 0.694044 0.668095
vt 0.657915 0.665305
vt 0.657915 0.668074
vt 0.706903 0.662373
vt 0.712013 0.619126
vt 0.673025 0.619407
vt 0.672985 0.619345
vt 0.672422 0.552074
vt 0.672668 0.551984
vt 0.657351 0.668088
vt 0.657338 0.665310
vt 0.672382 0.554708
vt 0.672336 0.554697
vt 0.672333 0.552323
vt 0.680263 0.551984
vt 0.674909 0.620246
vt 0.679970 0.619438
vt 0.712004 0.551984
vt 0.674963 0.620264
vt 0.680007 0.619374
vt 0.654335 0.662478
vt 0.654838 0.662484
vt 0.654934 0.665259
vt 0.654402 0.665290
vt 0.678734 0.668088
vt 0.677433 0.668095
vt 0.677433 0.665294
vt 0.678732 0.665299
vt 0.653349 0.662458
vt 0.652750 0.665246
vt 0.678864 0.665282
vt 0.678864 0.668107
vt 0.655094 0.662458
vt 0.655183 0.665266
vt 0.679750 0.620909
vt 0.680588 0.619430
vt 0.680507 0.620864
vt 0.686763 0.665282
vt 0.687310 0.665277
vt 0.687309 0.668078
vt 0.686762 0.668073
vt 0.680042 0.619416
vt 0.672950 0.619384
vt 0.737355 0.551986
vt 0.740146 0.551984
vt 0.673270 0.620873
vt 0.672735 0.620883
vt 0.672490 0.620832
vt 0.672403 0.619399
vt 0.672400 0.620697
vt 0.680254 0.620915
vt 0.680597 0.620731
vt 0.697566 0.627126
vt 0.697561 0.596511
vt 0.722352 0.596511
vt 0.722357 0.627126
vt 0.673779 0.627126
vt 0.673787 0.657741
vt 0.673695 0.657741
vt 0.673695 0.627126
vt 0.672640 0.627126
vt 0.672642 0.657741
vt 0.672579 0.657741
vt 0.672579 0.627126
vt 0.722425 0.596511
vt 0.722431 0.627126
vt 0.697506 0.627126
vt 0.697506 0.596511
vt 0.672639 0.596511
vt 0.697432 0.596511
vt 0.697427 0.627126
vt 0.672634 0.627126
vt 0.673871 0.657741
vt 0.673787 0.627126
vt 0.673879 0.627126
vt 0.673640 0.627126
vt 0.673635 0.657741
vt 0.697500 0.627126
vt 0.672579 0.596511
vt 0.691611 0.644708
vt 0.691611 0.644625
vt 0.691691 0.644656
vt 0.691609 0.678997
vt 0.691691 0.678997
vt 0.691663 0.679041
vt 0.670745 0.678995
vt 0.670744 0.679040
vt 0.670666 0.679019
vt 0.670665 0.644654
vt 0.670745 0.644624
vt 0.670745 0.644706
vt 0.718412 0.678932
vt 0.718331 0.678963
vt 0.718331 0.678879
vt 0.697466 0.678868
vt 0.697465 0.678952
vt 0.697385 0.678922
vt 0.697483 0.644697
vt 0.697401 0.644700
vt 0.697429 0.644656
vt 0.718402 0.644666
vt 0.718430 0.644710
vt 0.718349 0.644708
vt 0.668582 0.665654
vt 0.668585 0.665738
vt 0.668483 0.665735
vt 0.668479 0.665654
vt 0.668585 0.644789
vt 0.668481 0.644789
vt 0.668485 0.644709
vt 0.668587 0.644705
vt 0.668695 0.644708
vt 0.668694 0.644789
vt 0.668692 0.665654
vt 0.668694 0.665735
vt 0.754177 0.639826
vt 0.754172 0.639911
vt 0.754067 0.639881
vt 0.754066 0.606041
vt 0.754171 0.606017
vt 0.754167 0.606056
vt 0.754278 0.606023
vt 0.754278 0.606061
vt 0.754278 0.639879
vt 0.670559 0.665184
vt 0.670560 0.665270
vt 0.670454 0.665270
vt 0.670453 0.665188
vt 0.670454 0.644735
vt 0.670560 0.644705
vt 0.670560 0.644784
vt 0.670665 0.644735
vt 0.670665 0.665241
vt 0.697068 0.606111
vt 0.697065 0.606067
vt 0.697168 0.606071
vt 0.697171 0.606113
vt 0.697168 0.640399
vt 0.697063 0.640431
vt 0.697065 0.640346
vt 0.696958 0.640399
vt 0.696958 0.606112
vt 0.696958 0.606070
vt 0.677933 0.660531
vt 0.677973 0.660551
vt 0.677953 0.660590
vt 0.686450 0.660529
vt 0.686430 0.660569
vt 0.686391 0.660549
vt 0.686452 0.670829
vt 0.686412 0.670808
vt 0.686432 0.670769
vt 0.677935 0.670830
vt 0.677955 0.670789
vt 0.677994 0.670810
vt 0.704667 0.652841
vt 0.704709 0.652865
vt 0.704690 0.652901
vt 0.713185 0.652843
vt 0.713162 0.652886
vt 0.713126 0.652866
vt 0.713182 0.663107
vt 0.713140 0.663086
vt 0.713160 0.663050
vt 0.704664 0.663105
vt 0.704687 0.663065
vt 0.704723 0.663084
vt 0.669360 0.664916
vt 0.669358 0.664948
vt 0.669119 0.664939
vt 0.669370 0.654890
vt 0.669372 0.654854
vt 0.669610 0.654869
vt 0.669611 0.644743
vt 0.669613 0.644705
vt 0.669852 0.644723
vt 0.668937 0.663252
vt 0.668936 0.663283
vt 0.668695 0.663272
vt 0.669120 0.654895
vt 0.669119 0.654853
vt 0.669361 0.654872
vt 0.669609 0.663287
vt 0.669611 0.663326
vt 0.669370 0.663307
vt 0.669851 0.654907
vt 0.669853 0.654944
vt 0.669611 0.654925
vt 0.668696 0.655042
vt 0.668695 0.655000
vt 0.668937 0.655021
vt 0.669762 0.654945
vt 0.669853 0.663215
vt 0.669762 0.663216
vt 0.669119 0.654930
vt 0.669028 0.654931
vt 0.669028 0.644706
vt 0.669119 0.644705
vt 0.744376 0.595016
vt 0.752835 0.595017
vt 0.752835 0.605258
vt 0.744376 0.605257
vt 0.669612 0.654945
vt 0.669703 0.654944
vt 0.669702 0.663404
vt 0.669611 0.663405
vt 0.669278 0.644707
vt 0.669370 0.644705
vt 0.669370 0.654790
vt 0.669279 0.654792
vt 0.754284 0.617134
vt 0.762743 0.617139
vt 0.762737 0.627345
vt 0.754278 0.627339
vt 0.749163 0.606099
vt 0.749163 0.606017
vt 0.749244 0.606048
vt 0.725585 0.606048
vt 0.725665 0.606017
vt 0.725665 0.606099
vt 0.749244 0.675230
vt 0.749163 0.675260
vt 0.749163 0.675177
vt 0.725665 0.675165
vt 0.725665 0.675248
vt 0.725584 0.675218
vt 0.696505 0.668287
vt 0.696501 0.668206
vt 0.696604 0.668206
vt 0.696607 0.668290
vt 0.696507 0.644627
vt 0.696609 0.644624
vt 0.696607 0.644707
vt 0.696503 0.644707
vt 0.696717 0.644627
vt 0.696715 0.644707
vt 0.696715 0.668286
vt 0.696713 0.668206
vt 0.696857 0.640130
vt 0.696852 0.640216
vt 0.696747 0.640186
vt 0.663423 0.667860
vt 0.663529 0.667854
vt 0.663539 0.667901
vt 0.663637 0.667864
vt 0.696958 0.640183
vt 0.663529 0.644705
vt 0.663530 0.644739
vt 0.663422 0.644734
vt 0.697385 0.640657
vt 0.697280 0.640689
vt 0.697282 0.640604
vt 0.697174 0.640656
vt 0.663637 0.644733
vt 0.731943 0.621792
vt 0.731983 0.621812
vt 0.731963 0.621851
vt 0.743111 0.621790
vt 0.743090 0.621830
vt 0.743052 0.621810
vt 0.743120 0.659535
vt 0.743079 0.659514
vt 0.743098 0.659478
vt 0.731952 0.659531
vt 0.731975 0.659491
vt 0.732011 0.659511
vt 0.669610 0.654822
vt 0.669609 0.654854
vt 0.669370 0.654844
vt 0.670185 0.655549
vt 0.670185 0.655580
vt 0.669944 0.655569
vt 0.668935 0.654962
vt 0.668937 0.655000
vt 0.668695 0.654981
vt 0.669944 0.644748
vt 0.669944 0.644705
vt 0.670185 0.644727
vt 0.669944 0.655575
vt 0.669853 0.655575
vt 0.669853 0.644706
vt 0.663396 0.667789
vt 0.663396 0.644816
vt 0.731953 0.649225
vt 0.725683 0.640712
vt 0.749181 0.640724
vt 0.743126 0.649230
vt 0.670439 0.644732
vt 0.670453 0.644705
vt 0.670452 0.655878
vt 0.670438 0.655853
vt 0.725603 0.640693
vt 0.696824 0.614508
vt 0.696745 0.614507
vt 0.668695 0.644705
vt 0.668937 0.644706
vt 0.731965 0.632123
vt 0.731943 0.632133
vt 0.668937 0.644705
vt 0.669028 0.644705
vt 0.669028 0.654991
vt 0.668937 0.654992
vt 0.764581 0.606017
vt 0.764581 0.617134
vt 0.754278 0.617130
vt 0.754278 0.606021
vt 0.725669 0.640671
vt 0.725591 0.640693
vt 0.725584 0.632124
vt 0.696744 0.606069
vt 0.696858 0.606083
vt 0.749244 0.640693
vt 0.749165 0.640671
vt 0.697171 0.606067
vt 0.697281 0.606087
vt 0.743115 0.632132
vt 0.743101 0.649241
vt 0.663664 0.644816
vt 0.663664 0.667791
vt 0.670197 0.655855
vt 0.670197 0.644730
vt 0.670185 0.655880
vt 0.670187 0.644707
vt 0.725488 0.655132
vt 0.725397 0.655133
vt 0.725398 0.644023
vt 0.749261 0.640705
vt 0.697385 0.606068
vt 0.669370 0.644708
vt 0.669611 0.644705
vt 0.743091 0.632123
vt 0.669210 0.654851
vt 0.669119 0.644707
vt 0.669210 0.644705
vt 0.754082 0.672879
vt 0.754089 0.661769
vt 0.764356 0.661772
vt 0.764349 0.672889
vt 0.696958 0.606067
vt 0.731980 0.649235
vt 0.734287 0.658214
vt 0.734124 0.661981
vt 0.733227 0.661994
vt 0.732200 0.658187
vt 0.677052 0.620917
vt 0.677052 0.662065
vt 0.676857 0.662067
vt 0.676856 0.620915
vt 0.733237 0.663318
vt 0.733046 0.663315
vt 0.733035 0.662036
vt 0.734317 0.663316
vt 0.734121 0.663315
vt 0.734313 0.658184
vt 0.734100 0.662027
vt 0.733258 0.662028
vt 0.775550 0.592899
vt 0.775550 0.551984
vt 0.777659 0.552007
vt 0.777659 0.592907
vt 0.770703 0.616616
vt 0.770703 0.657762
vt 0.765576 0.657762
vt 0.765574 0.616615
vt 0.704487 0.665588
vt 0.703590 0.665578
vt 0.703416 0.661812
vt 0.704671 0.666911
vt 0.704480 0.666909
vt 0.704678 0.665629
vt 0.772131 0.593132
vt 0.773419 0.551987
vt 0.773419 0.593129
vt 0.703596 0.666913
vt 0.703401 0.666909
vt 0.704455 0.665621
vt 0.703614 0.665624
vt 0.775865 0.616615
vt 0.775865 0.657757
vt 0.775023 0.657757
vt 0.775023 0.616615
vt 0.651878 0.620919
vt 0.651879 0.662067
vt 0.651688 0.662069
vt 0.651688 0.620917
vt 0.646323 0.662078
vt 0.646323 0.620936
vt 0.647605 0.620929
vt 0.647602 0.662087
vt 0.773420 0.593126
vt 0.773419 0.551984
vt 0.774708 0.551989
vt 0.774708 0.593121
vt 0.651479 0.620917
vt 0.651477 0.662068
vt 0.737325 0.658214
vt 0.737162 0.661982
vt 0.736265 0.661994
vt 0.735238 0.658187
vt 0.654452 0.620919
vt 0.654451 0.662067
vt 0.654256 0.662069
vt 0.654255 0.620917
vt 0.736275 0.663318
vt 0.736084 0.663315
vt 0.736073 0.662036
vt 0.737355 0.663316
vt 0.737159 0.663315
vt 0.737351 0.658184
vt 0.737138 0.662027
vt 0.736296 0.662028
vt 0.775865 0.657530
vt 0.775865 0.616615
vt 0.777974 0.616638
vt 0.777974 0.657538
vt 0.770387 0.551986
vt 0.770386 0.593131
vt 0.765258 0.593131
vt 0.726329 0.665567
vt 0.725433 0.665557
vt 0.725259 0.661791
vt 0.727346 0.661760
vt 0.726513 0.666890
vt 0.726323 0.666888
vt 0.726521 0.665608
vt 0.772445 0.657763
vt 0.773734 0.616618
vt 0.773732 0.657760
vt 0.725439 0.666892
vt 0.725244 0.666888
vt 0.725234 0.661760
vt 0.726298 0.665600
vt 0.725457 0.665603
vt 0.775550 0.551984
vt 0.775550 0.593126
vt 0.774708 0.593126
vt 0.774708 0.551984
vt 0.651687 0.620919
vt 0.651688 0.662067
vt 0.651497 0.662069
vt 0.651496 0.620917
vt 0.754089 0.657776
vt 0.754089 0.616634
vt 0.755372 0.616627
vt 0.755368 0.657784
vt 0.773734 0.657757
vt 0.773734 0.616615
vt 0.775023 0.616620
vt 0.775022 0.657752
vt 0.759243 0.657766
vt 0.996641 0.438237
vt 0.996641 0.438612
vt 0.996364 0.438613
vt 0.996364 0.438239
vt 0.996105 0.438617
vt 0.996105 0.438242
vt 0.995883 0.438249
vt 0.995883 0.438623
vt 0.997177 0.458287
vt 0.997177 0.457912
vt 0.997399 0.457913
vt 0.997398 0.458288
vt 0.996918 0.458286
vt 0.996918 0.457911
vt 0.996641 0.458286
vt 0.996641 0.457911
vt 0.996363 0.458286
vt 0.996363 0.457911
vt 0.996105 0.458286
vt 0.996105 0.457912
vt 0.995883 0.457913
vt 0.995883 0.458288
vt 0.997176 0.450423
vt 0.997176 0.450049
vt 0.997399 0.450047
vt 0.997398 0.450422
vt 0.996917 0.450423
vt 0.996917 0.450049
vt 0.996639 0.450424
vt 0.996639 0.450049
vt 0.996362 0.450049
vt 0.996362 0.450424
vt 0.996104 0.450422
vt 0.996104 0.450048
vt 0.995883 0.450421
vt 0.995883 0.450047
vt 0.997177 0.442554
vt 0.997177 0.442180
vt 0.997398 0.442182
vt 0.997399 0.442557
vt 0.996918 0.442179
vt 0.996918 0.442553
vt 0.996641 0.442553
vt 0.996641 0.442178
vt 0.996364 0.442553
vt 0.996364 0.442178
vt 0.996105 0.442554
vt 0.996105 0.442180
vt 0.995883 0.442557
vt 0.995883 0.442182
vt 0.997177 0.438617
vt 0.997177 0.438243
vt 0.997399 0.438622
vt 0.997398 0.438248
vt 0.996919 0.438613
vt 0.996919 0.438239
vt 0.990306 0.790988
vt 0.990740 0.791325
vt 0.990948 0.791837
vt 0.990869 0.792387
vt 0.990532 0.792821
vt 0.990016 0.793028
vt 0.989472 0.792952
vt 0.989036 0.792613
vt 0.988828 0.792101
vt 0.988907 0.791551
vt 0.989244 0.791117
vt 0.989756 0.790910
vt 0.990879 0.802891
vt 0.990043 0.802235
vt 0.990550 0.802454
vt 0.990725 0.803943
vt 0.990944 0.803440
vt 0.990285 0.804270
vt 0.989733 0.804333
vt 0.989226 0.804115
vt 0.988897 0.803674
vt 0.988831 0.803132
vt 0.989052 0.802625
vt 0.989491 0.802298
vt 0.990876 0.791557
vt 0.990950 0.792106
vt 0.990739 0.792619
vt 0.990300 0.792957
vt 0.989751 0.793031
vt 0.989238 0.792820
vt 0.988900 0.792381
vt 0.988826 0.791832
vt 0.989037 0.791319
vt 0.989476 0.790981
vt 0.990025 0.790908
vt 0.990538 0.791118
vt 0.990300 0.802302
vt 0.990739 0.802639
vt 0.990950 0.803149
vt 0.990876 0.803695
vt 0.990538 0.804131
vt 0.990025 0.804340
vt 0.989476 0.804266
vt 0.989037 0.803929
vt 0.988826 0.803419
vt 0.988900 0.802873
vt 0.989238 0.802438
vt 0.989751 0.802228
vt 0.896918 0.473075
vt 0.896682 0.457169
vt 0.899903 0.472690
vt 0.899843 0.457139
vt 0.931844 0.456140
vt 0.931920 0.440588
vt 0.935700 0.440623
vt 0.935429 0.456530
vt 0.867483 0.456637
vt 0.867018 0.440734
vt 0.870829 0.440656
vt 0.871075 0.456205
vt 0.874781 0.456515
vt 0.874646 0.440607
vt 0.878437 0.456136
vt 0.878494 0.440587
vt 0.943853 0.405548
vt 0.959372 0.402281
vt 0.959765 0.405357
vt 0.943825 0.402285
vt 0.890171 0.456174
vt 0.889921 0.440620
vt 0.893753 0.440593
vt 0.893810 0.456499
vt 0.897557 0.440588
vt 0.901087 0.456175
vt 0.897485 0.456498
vt 0.901347 0.440628
vt 0.855786 0.473063
vt 0.855541 0.457152
vt 0.858856 0.472690
vt 0.858808 0.457139
vt 0.960398 0.357245
vt 0.975918 0.353383
vt 0.976305 0.357005
vt 0.960373 0.353412
vt 0.959675 0.440690
vt 0.943767 0.440591
vt 0.959338 0.437076
vt 0.943795 0.436805
vt 0.943768 0.426933
vt 0.959333 0.430015
vt 0.943786 0.430194
vt 0.959677 0.426888
vt 0.924282 0.440615
vt 0.928145 0.456142
vt 0.924519 0.456526
vt 0.928117 0.440594
vt 0.901224 0.472717
vt 0.901215 0.457167
vt 0.934640 0.457138
vt 0.934640 0.473045
vt 0.933347 0.472721
vt 0.933256 0.457174
vt 0.960371 0.374191
vt 0.975953 0.372972
vt 0.976279 0.374212
vt 0.960050 0.372872
vt 0.930662 0.456162
vt 0.930724 0.440260
vt 0.872068 0.456566
vt 0.871854 0.440667
vt 0.960368 0.389874
vt 0.976276 0.389856
vt 0.975939 0.390966
vt 0.960040 0.391058
vt 0.960368 0.402915
vt 0.976293 0.401571
vt 0.975915 0.402845
vt 0.960040 0.401571
vt 0.873636 0.456193
vt 0.873461 0.440647
vt 0.959410 0.400974
vt 0.943860 0.400938
vt 0.931959 0.457131
vt 0.931846 0.473044
vt 0.930530 0.472712
vt 0.930562 0.457165
vt 0.894755 0.456169
vt 0.894733 0.440265
vt 0.960364 0.376924
vt 0.975918 0.376851
vt 0.975943 0.378011
vt 0.960045 0.378148
vt 0.975992 0.383497
vt 0.960443 0.383630
vt 0.976364 0.382218
vt 0.960464 0.382302
vt 0.896316 0.456167
vt 0.896333 0.440619
vt 0.860166 0.472715
vt 0.860154 0.457165
vt 0.888447 0.457230
vt 0.888203 0.473141
vt 0.886892 0.472795
vt 0.887077 0.456895
vt 0.976292 0.352432
vt 0.976194 0.405242
vt 0.960296 0.406224
vt 0.959945 0.405242
vt 0.960368 0.395081
vt 0.976273 0.395077
vt 0.975932 0.396190
vt 0.960035 0.396281
vt 0.960372 0.400189
vt 0.976293 0.398808
vt 0.975917 0.400086
vt 0.960393 0.398856
vt 0.959336 0.441849
vt 0.943789 0.441816
vt 0.959351 0.425610
vt 0.943800 0.425572
vt 0.948321 0.457137
vt 0.948177 0.472684
vt 0.946837 0.472706
vt 0.946962 0.456805
vt 0.929097 0.456514
vt 0.929109 0.440615
vt 0.960364 0.364884
vt 0.976276 0.364828
vt 0.975947 0.365940
vt 0.960047 0.366083
vt 0.902701 0.456814
vt 0.902654 0.472716
vt 0.932091 0.472729
vt 0.931970 0.456825
vt 0.929240 0.473062
vt 0.929240 0.456808
vt 0.943508 0.399429
vt 0.959410 0.399521
vt 0.885780 0.457231
vt 0.885632 0.473130
vt 0.861663 0.456815
vt 0.861619 0.472717
vt 0.959689 0.443416
vt 0.943435 0.443416
vt 0.945668 0.457156
vt 0.945579 0.473056
vt 0.943453 0.424060
vt 0.959355 0.424155
vt 0.868392 0.352432
vt 0.872385 0.352432
vt 0.868544 0.352708
vt 0.872255 0.352724
vt 0.873226 0.353505
vt 0.873069 0.353766
vt 0.867764 0.369032
vt 0.874862 0.353876
vt 0.874896 0.354260
vt 0.876139 0.353463
vt 0.876130 0.353777
vt 0.879585 0.355477
vt 0.879326 0.355664
vt 0.879850 0.356800
vt 0.879507 0.356981
vt 0.880963 0.358050
vt 0.880839 0.358323
vt 0.882320 0.358254
vt 0.882156 0.358522
vt 0.884191 0.361513
vt 0.883873 0.361546
vt 0.883763 0.362792
vt 0.883374 0.362778
vt 0.884105 0.364431
vt 0.883862 0.364605
vt 0.885181 0.365283
vt 0.884906 0.365434
vt 0.885181 0.369275
vt 0.884890 0.369145
vt 0.884177 0.370166
vt 0.883848 0.369959
vt 0.883652 0.371757
vt 0.883354 0.371786
vt 0.884151 0.373029
vt 0.883836 0.373020
vt 0.882136 0.376476
vt 0.881950 0.376216
vt 0.880779 0.376664
vt 0.880633 0.376396
vt 0.879639 0.377893
vt 0.879290 0.377729
vt 0.879359 0.379211
vt 0.879091 0.379046
vt 0.876100 0.381081
vt 0.876068 0.380763
vt 0.874821 0.380654
vt 0.874836 0.380264
vt 0.873183 0.380996
vt 0.873009 0.380752
vt 0.872331 0.382072
vt 0.872180 0.381795
vt 0.868339 0.382072
vt 0.868469 0.381779
vt 0.867447 0.381068
vt 0.867655 0.380738
vt 0.865848 0.380473
vt 0.864584 0.381041
vt 0.864594 0.380726
vt 0.861138 0.379026
vt 0.861398 0.378839
vt 0.860950 0.377669
vt 0.861217 0.377522
vt 0.859721 0.376529
vt 0.859886 0.376180
vt 0.858403 0.376250
vt 0.858568 0.375981
vt 0.856532 0.372991
vt 0.856851 0.372957
vt 0.856959 0.371711
vt 0.857350 0.371725
vt 0.856673 0.370031
vt 0.855542 0.369221
vt 0.855818 0.369070
vt 0.855541 0.365229
vt 0.855835 0.365359
vt 0.856615 0.364387
vt 0.856876 0.364545
vt 0.856986 0.362751
vt 0.857371 0.362718
vt 0.856572 0.361475
vt 0.856888 0.361483
vt 0.858587 0.358028
vt 0.858774 0.358288
vt 0.859944 0.357840
vt 0.860092 0.358107
vt 0.861214 0.356673
vt 0.861364 0.355293
vt 0.861633 0.355457
vt 0.864623 0.353422
vt 0.864656 0.353740
vt 0.865902 0.353850
vt 0.865888 0.354239
vt 0.867540 0.353508
vt 0.867716 0.353752
vt 0.938067 0.377764
vt 0.934801 0.379847
vt 0.937799 0.377606
vt 0.934767 0.379446
vt 0.933568 0.379234
vt 0.927296 0.359609
vt 0.931985 0.379707
vt 0.931263 0.380879
vt 0.931078 0.380526
vt 0.927415 0.380879
vt 0.927532 0.380584
vt 0.926577 0.379871
vt 0.926722 0.379605
vt 0.925001 0.379473
vt 0.924969 0.379179
vt 0.923768 0.380066
vt 0.923792 0.379668
vt 0.920636 0.378259
vt 0.920884 0.378062
vt 0.920335 0.377014
vt 0.920668 0.376810
vt 0.919267 0.375779
vt 0.917883 0.375741
vt 0.918096 0.375407
vt 0.915943 0.372422
vt 0.916256 0.372374
vt 0.916302 0.371199
vt 0.916692 0.371188
vt 0.916010 0.369582
vt 0.914822 0.368869
vt 0.915176 0.368686
vt 0.914824 0.365023
vt 0.915118 0.365140
vt 0.915914 0.364207
vt 0.916305 0.362600
vt 0.915723 0.361398
vt 0.916034 0.361400
vt 0.917406 0.358166
vt 0.917640 0.358492
vt 0.918791 0.358075
vt 0.919937 0.356881
vt 0.919963 0.355485
vt 0.920296 0.355704
vt 0.923281 0.353551
vt 0.923328 0.353864
vt 0.924504 0.353910
vt 0.924514 0.354300
vt 0.926110 0.353603
vt 0.926835 0.352432
vt 0.927016 0.352784
vt 0.930680 0.352432
vt 0.930563 0.352726
vt 0.931496 0.353517
vt 0.933126 0.354131
vt 0.933093 0.353837
vt 0.934327 0.353245
vt 0.934302 0.353642
vt 0.937459 0.355051
vt 0.937211 0.355248
vt 0.937760 0.356297
vt 0.937427 0.356500
vt 0.938828 0.357531
vt 0.940210 0.357566
vt 0.939999 0.357903
vt 0.942152 0.360889
vt 0.941839 0.360936
vt 0.941793 0.362112
vt 0.941403 0.362122
vt 0.942099 0.363717
vt 0.943189 0.364472
vt 0.942918 0.364624
vt 0.943341 0.368342
vt 0.942977 0.368170
vt 0.942181 0.369103
vt 0.941786 0.370711
vt 0.942459 0.371929
vt 0.942061 0.371910
vt 0.940651 0.375067
vt 0.940454 0.374819
vt 0.939406 0.375368
vt 0.939202 0.375034
vt 0.938159 0.376430
vt 0.896785 0.456741
vt 0.899876 0.456711
vt 0.899936 0.473119
vt 0.935622 0.440195
vt 0.931939 0.440163
vt 0.931822 0.456571
vt 0.867092 0.440307
vt 0.870798 0.440229
vt 0.871061 0.456635
vt 0.874679 0.440179
vt 0.878420 0.440163
vt 0.878363 0.456571
vt 0.943399 0.402268
vt 0.943432 0.405448
vt 0.959807 0.402256
vt 0.893712 0.440163
vt 0.889986 0.440198
vt 0.890210 0.456605
vt 0.901268 0.440201
vt 0.897578 0.440163
vt 0.901009 0.456607
vt 0.858822 0.456711
vt 0.855642 0.456727
vt 0.858885 0.473118
vt 0.959945 0.353452
vt 0.959971 0.357179
vt 0.976352 0.353410
vt 0.943366 0.436882
vt 0.943341 0.440571
vt 0.959772 0.437158
vt 0.943359 0.430091
vt 0.943341 0.426902
vt 0.959767 0.429929
vt 0.928076 0.440163
vt 0.924347 0.440193
vt 0.928121 0.456571
vt 0.901217 0.456742
vt 0.901218 0.473146
vt 0.933273 0.473241
vt 0.933250 0.456749
vt 0.934613 0.456711
vt 0.959945 0.374118
vt 0.976482 0.372872
vt 0.930691 0.456699
vt 0.871786 0.440163
vt 0.976373 0.391058
vt 0.959945 0.389949
vt 0.959945 0.402834
vt 0.976351 0.402771
vt 0.873675 0.456711
vt 0.873509 0.440221
vt 0.943341 0.400938
vt 0.959943 0.400956
vt 0.930476 0.473256
vt 0.930563 0.456740
vt 0.931926 0.456711
vt 0.935267 0.428307
vt 0.935819 0.428344
vt 0.935267 0.429264
vt 0.976350 0.376950
vt 0.976481 0.378148
vt 0.959945 0.377011
vt 0.959945 0.382218
vt 0.960017 0.383569
vt 0.976424 0.383418
vt 0.896346 0.456706
vt 0.896384 0.440194
vt 0.860152 0.456739
vt 0.860184 0.473240
vt 0.886832 0.473315
vt 0.888414 0.456807
vt 0.960038 0.352432
vt 0.976367 0.396281
vt 0.959945 0.395169
vt 0.959969 0.398808
vt 0.959945 0.400124
vt 0.976352 0.400010
vt 0.959853 0.441824
vt 0.943363 0.441765
vt 0.943376 0.425574
vt 0.959882 0.425593
vt 0.948102 0.473118
vt 0.946779 0.473225
vt 0.948298 0.456711
vt 0.929055 0.440189
vt 0.976489 0.366083
vt 0.959945 0.364973
vt 0.902701 0.473149
vt 0.931959 0.473256
vt 0.959945 0.399429
vt 0.894704 0.456695
vt 0.885632 0.456711
vt 0.861663 0.473149
vt 0.945579 0.456731
vt 0.959894 0.424060
vt 0.838431 0.984057
vt 0.838431 0.979689
vt 0.838685 0.979687
vt 0.838685 0.984055
vt 0.838245 0.984063
vt 0.838245 0.979696
vt 0.859493 0.984057
vt 0.859493 0.979687
vt 0.859747 0.979688
vt 0.859747 0.984057
vt 0.859240 0.984057
vt 0.859240 0.979688
vt 0.851460 0.984058
vt 0.851460 0.979689
vt 0.851647 0.979687
vt 0.851647 0.984057
vt 0.851207 0.984059
vt 0.851207 0.979689
vt 0.850954 0.984058
vt 0.850954 0.979688
vt 0.834517 0.984058
vt 0.834517 0.979688
vt 0.834702 0.979691
vt 0.834702 0.984060
vt 0.834263 0.984057
vt 0.834263 0.979687
vt 0.834010 0.984058
vt 0.834010 0.979688
vt 0.833824 0.984060
vt 0.833824 0.979691
vt 0.838938 0.979689
vt 0.838938 0.984057
vt 0.996009 0.971654
vt 0.996236 0.971524
vt 0.996498 0.971524
vt 0.995879 0.971880
vt 0.995879 0.972141
vt 0.996011 0.972367
vt 0.996239 0.972497
vt 0.996501 0.972497
vt 0.996728 0.972367
vt 0.996858 0.972141
vt 0.996857 0.971880
vt 0.996726 0.971654
vt 0.996010 0.985927
vt 0.995879 0.985700
vt 0.995879 0.985438
vt 0.996237 0.986058
vt 0.996237 0.985079
vt 0.996499 0.985079
vt 0.996727 0.985211
vt 0.996858 0.985438
vt 0.996858 0.985700
vt 0.996727 0.985927
vt 0.996500 0.986058
vt 0.996010 0.985211
vt 0.867784 0.457222
vt 0.871004 0.472746
vt 0.868000 0.472773
vt 0.870958 0.457197
vt 0.919774 0.427767
vt 0.920071 0.412214
vt 0.923850 0.412307
vt 0.923349 0.428208
vt 0.912815 0.440619
vt 0.916666 0.456136
vt 0.913065 0.456527
vt 0.916627 0.440591
vt 0.920363 0.456499
vt 0.920434 0.440591
vt 0.924023 0.456170
vt 0.924282 0.440623
vt 0.959717 0.455413
vt 0.943806 0.455653
vt 0.959317 0.452338
vt 0.943769 0.452390
vt 0.959350 0.386449
vt 0.943800 0.386698
vt 0.943769 0.382867
vt 0.959677 0.382799
vt 0.943764 0.379061
vt 0.959350 0.375526
vt 0.959675 0.379136
vt 0.943806 0.375274
vt 0.908720 0.457165
vt 0.912090 0.472687
vt 0.909022 0.473073
vt 0.911986 0.457140
vt 0.953134 0.457163
vt 0.956996 0.472686
vt 0.953374 0.473071
vt 0.956967 0.457141
vt 0.937999 0.428115
vt 0.938092 0.412206
vt 0.941607 0.427779
vt 0.941879 0.412235
vt 0.943821 0.414665
vt 0.959408 0.417643
vt 0.943863 0.417927
vt 0.959370 0.414526
vt 0.912444 0.428048
vt 0.912434 0.412139
vt 0.916072 0.427712
vt 0.916269 0.412166
vt 0.872325 0.472773
vt 0.872306 0.456869
vt 0.882820 0.457225
vt 0.882587 0.472776
vt 0.881263 0.472791
vt 0.881448 0.456890
vt 0.960446 0.393872
vt 0.976362 0.392465
vt 0.976353 0.393691
vt 0.960463 0.392554
vt 0.918589 0.427771
vt 0.918843 0.412226
vt 0.917655 0.456165
vt 0.917642 0.440261
vt 0.960441 0.379477
vt 0.976348 0.379602
vt 0.976002 0.380710
vt 0.960458 0.380680
vt 0.960370 0.364790
vt 0.975951 0.363542
vt 0.975917 0.364828
vt 0.960049 0.363443
vt 0.919223 0.456162
vt 0.919248 0.440615
vt 0.959348 0.451051
vt 0.943798 0.451043
vt 0.923799 0.457133
vt 0.923793 0.473046
vt 0.922500 0.472721
vt 0.922401 0.457175
vt 0.959697 0.381867
vt 0.943797 0.381869
vt 0.960366 0.383655
vt 0.975915 0.383630
vt 0.975941 0.384807
vt 0.960041 0.384879
vt 0.960372 0.371486
vt 0.975954 0.370220
vt 0.975918 0.371487
vt 0.960404 0.370155
vt 0.959345 0.380300
vt 0.943442 0.380254
vt 0.913382 0.473059
vt 0.913321 0.456806
vt 0.940079 0.457135
vt 0.940015 0.473045
vt 0.938693 0.472715
vt 0.938705 0.456813
vt 0.957947 0.473057
vt 0.976194 0.404259
vt 0.960298 0.405242
vt 0.959945 0.404259
vt 0.960368 0.397545
vt 0.976274 0.397603
vt 0.975928 0.398732
vt 0.960385 0.398751
vt 0.960372 0.367418
vt 0.975954 0.366198
vt 0.975919 0.367466
vt 0.960051 0.366083
vt 0.936834 0.427774
vt 0.936867 0.412228
vt 0.959396 0.413237
vt 0.943846 0.413325
vt 0.896646 0.457186
vt 0.896682 0.472735
vt 0.895342 0.472772
vt 0.895262 0.457225
vt 0.917018 0.428101
vt 0.917249 0.411849
vt 0.960370 0.387390
vt 0.976279 0.387453
vt 0.975940 0.388561
vt 0.960394 0.388596
vt 0.873769 0.457225
vt 0.873755 0.472772
vt 0.880157 0.457231
vt 0.880008 0.473130
vt 0.921207 0.472731
vt 0.921077 0.456827
vt 0.959344 0.449590
vt 0.943442 0.449534
vt 0.937412 0.457163
vt 0.937447 0.472712
vt 0.914809 0.457161
vt 0.914841 0.472707
vt 0.935267 0.428127
vt 0.935267 0.411874
vt 0.894096 0.472786
vt 0.893972 0.456882
vt 0.943843 0.411827
vt 0.959390 0.411782
vt 0.892466 0.398204
vt 0.891092 0.385253
vt 0.894304 0.383394
vt 0.910430 0.405867
vt 0.909098 0.407210
vt 0.894224 0.410380
vt 0.891216 0.408636
vt 0.904292 0.421459
vt 0.889462 0.414981
vt 0.892495 0.413142
vt 0.899731 0.412007
vt 0.900541 0.412986
vt 0.896184 0.412064
vt 0.902293 0.413413
vt 0.903470 0.412924
vt 0.906378 0.414531
vt 0.908362 0.434318
vt 0.907119 0.435626
vt 0.906958 0.436890
vt 0.900237 0.439807
vt 0.895880 0.438885
vt 0.887256 0.434683
vt 0.885417 0.431650
vt 0.884339 0.427961
vt 0.885693 0.421872
vt 0.888201 0.406071
vt 0.886186 0.402625
vt 0.888363 0.405801
vt 0.886504 0.402589
vt 0.886604 0.401349
vt 0.886992 0.401360
vt 0.886308 0.399667
vt 0.885181 0.398863
vt 0.885457 0.398712
vt 0.885181 0.394871
vt 0.885474 0.395001
vt 0.886328 0.394045
vt 0.887006 0.392353
vt 0.886623 0.392388
vt 0.886198 0.391109
vt 0.886513 0.391115
vt 0.888068 0.387849
vt 0.888257 0.388107
vt 0.889424 0.387650
vt 0.889572 0.387916
vt 0.890684 0.386472
vt 0.890823 0.385091
vt 0.894269 0.383077
vt 0.895553 0.383649
vt 0.897359 0.383388
vt 0.897138 0.383073
vt 0.898030 0.382072
vt 0.898181 0.382348
vt 0.902022 0.382072
vt 0.901892 0.382364
vt 0.902848 0.383218
vt 0.904540 0.383896
vt 0.904506 0.383513
vt 0.905785 0.383089
vt 0.905778 0.383403
vt 0.909045 0.384958
vt 0.908786 0.385147
vt 0.909244 0.386314
vt 0.908977 0.386463
vt 0.910482 0.387444
vt 0.910320 0.387794
vt 0.911802 0.387713
vt 0.911639 0.387982
vt 0.913817 0.391159
vt 0.913498 0.391194
vt 0.913400 0.392436
vt 0.913010 0.392423
vt 0.913749 0.394074
vt 0.913505 0.394250
vt 0.914821 0.394921
vt 0.914545 0.395072
vt 0.914821 0.398913
vt 0.914528 0.398782
vt 0.913814 0.399810
vt 0.913483 0.399603
vt 0.913295 0.401401
vt 0.912996 0.401430
vt 0.913804 0.402676
vt 0.913489 0.402668
vt 0.911935 0.405935
vt 0.911745 0.405676
vt 0.910615 0.406212
vt 0.909373 0.407334
vt 0.909180 0.408693
vt 0.908910 0.408530
vt 0.905734 0.410707
vt 0.905698 0.410389
vt 0.904466 0.410206
vt 0.904470 0.409900
vt 0.902866 0.410711
vt 0.902643 0.410395
vt 0.901973 0.411712
vt 0.901821 0.411435
vt 0.897981 0.411712
vt 0.898110 0.411419
vt 0.897133 0.410635
vt 0.897289 0.410373
vt 0.895497 0.410272
vt 0.895462 0.409887
vt 0.894218 0.410695
vt 0.890958 0.408826
vt 0.890812 0.407420
vt 0.889682 0.405989
vt 0.889521 0.406340
vt 0.889194 0.414823
vt 0.892461 0.412741
vt 0.893672 0.413188
vt 0.893681 0.413579
vt 0.895286 0.412895
vt 0.896032 0.411792
vt 0.899848 0.411712
vt 0.900685 0.412720
vt 0.902261 0.413118
vt 0.903495 0.412526
vt 0.906626 0.414334
vt 0.906794 0.415682
vt 0.907988 0.416828
vt 0.909378 0.416853
vt 0.909165 0.417187
vt 0.911317 0.420173
vt 0.911004 0.420220
vt 0.910787 0.421420
vt 0.911254 0.423009
vt 0.912434 0.423723
vt 0.912082 0.423909
vt 0.912434 0.427573
vt 0.912139 0.427456
vt 0.911348 0.428389
vt 0.910733 0.430018
vt 0.911027 0.429986
vt 0.911533 0.431197
vt 0.911222 0.431195
vt 0.909844 0.434433
vt 0.909615 0.434103
vt 0.908566 0.434651
vt 0.907391 0.435744
vt 0.907294 0.437105
vt 0.903973 0.439042
vt 0.903926 0.438728
vt 0.902727 0.438516
vt 0.901137 0.438979
vt 0.900413 0.440163
vt 0.896573 0.440158
vt 0.896690 0.439864
vt 0.895693 0.439227
vt 0.894160 0.438752
vt 0.894128 0.438457
vt 0.892927 0.439344
vt 0.892951 0.438947
vt 0.889795 0.437536
vt 0.890043 0.437339
vt 0.889495 0.436291
vt 0.889828 0.436087
vt 0.888432 0.435046
vt 0.887042 0.435016
vt 0.885104 0.431697
vt 0.885629 0.430452
vt 0.885172 0.428858
vt 0.884068 0.428113
vt 0.883988 0.424298
vt 0.884282 0.424415
vt 0.885052 0.423492
vt 0.885394 0.421884
vt 0.884803 0.420655
vt 0.885199 0.420676
vt 0.886610 0.417520
vt 0.886806 0.417768
vt 0.887855 0.417219
vt 0.888059 0.417553
vt 0.889090 0.416152
vt 0.870976 0.456767
vt 0.867885 0.456797
vt 0.868093 0.473205
vt 0.871036 0.473175
vt 0.923779 0.411878
vt 0.920097 0.411793
vt 0.919742 0.428197
vt 0.916591 0.440163
vt 0.912884 0.440193
vt 0.916642 0.456571
vt 0.920472 0.440163
vt 0.924213 0.440195
vt 0.923944 0.456601
vt 0.943341 0.452374
vt 0.943384 0.455553
vt 0.959749 0.452312
vt 0.943342 0.382907
vt 0.943377 0.386633
vt 0.959784 0.386406
vt 0.943378 0.375351
vt 0.943341 0.379041
vt 0.959784 0.375608
vt 0.911999 0.456711
vt 0.908819 0.456739
vt 0.912121 0.473118
vt 0.956927 0.456711
vt 0.953200 0.456737
vt 0.956968 0.473118
vt 0.941801 0.411804
vt 0.938113 0.411779
vt 0.941525 0.428210
vt 0.943436 0.417827
vt 0.943396 0.414638
vt 0.959803 0.414516
vt 0.959842 0.417554
vt 0.916234 0.411737
vt 0.912505 0.411712
vt 0.916041 0.428143
vt 0.872319 0.473202
vt 0.882528 0.473208
vt 0.881199 0.473330
vt 0.882785 0.456802
vt 0.959945 0.392465
vt 0.960020 0.393804
vt 0.918606 0.428290
vt 0.918893 0.411712
vt 0.917610 0.456690
vt 0.976435 0.380805
vt 0.959945 0.380805
vt 0.960018 0.379562
vt 0.959945 0.364706
vt 0.976351 0.364758
vt 0.976486 0.363443
vt 0.919258 0.456701
vt 0.919302 0.440189
vt 0.943373 0.451045
vt 0.959875 0.451012
vt 0.922430 0.473257
vt 0.922399 0.456750
vt 0.923762 0.456711
vt 0.943373 0.381923
vt 0.976351 0.383730
vt 0.976374 0.384879
vt 0.959945 0.383741
vt 0.959980 0.370103
vt 0.959945 0.371417
vt 0.976353 0.371415
vt 0.976481 0.370103
vt 0.959777 0.380289
vt 0.938636 0.473250
vt 0.940041 0.456711
vt 0.957947 0.456804
vt 0.976362 0.398808
vt 0.959962 0.398808
vt 0.959945 0.397631
vt 0.959945 0.367348
vt 0.976352 0.367395
vt 0.976483 0.366083
vt 0.936862 0.428307
vt 0.936911 0.411712
vt 0.943341 0.413310
vt 0.959912 0.413239
vt 0.896612 0.473169
vt 0.895285 0.473315
vt 0.895211 0.456711
vt 0.896619 0.456761
vt 0.976373 0.388654
vt 0.959970 0.388654
vt 0.959945 0.387478
vt 0.873896 0.456711
vt 0.873801 0.473205
vt 0.880008 0.456711
vt 0.921077 0.473264
vt 0.959777 0.449534
vt 0.937321 0.456739
vt 0.937321 0.473240
vt 0.914898 0.456734
vt 0.914898 0.473139
vt 0.893972 0.473313
vt 0.943417 0.411738
vt 0.959822 0.411738
vt 0.842667 0.984057
vt 0.842667 0.979689
vt 0.842921 0.979687
vt 0.842921 0.984055
vt 0.842481 0.984063
vt 0.842481 0.979696
vt 0.855443 0.984057
vt 0.855443 0.979687
vt 0.855697 0.979688
vt 0.855697 0.984057
vt 0.855190 0.984057
vt 0.855190 0.979688
vt 0.847224 0.984058
vt 0.847224 0.979689
vt 0.847410 0.979687
vt 0.847410 0.984057
vt 0.846970 0.984059
vt 0.846970 0.979689
vt 0.846717 0.984058
vt 0.846717 0.979689
vt 0.830096 0.984058
vt 0.830096 0.979688
vt 0.830281 0.979691
vt 0.830281 0.984060
vt 0.829842 0.984057
vt 0.829842 0.979687
vt 0.829589 0.984058
vt 0.829589 0.979688
vt 0.829403 0.984060
vt 0.829403 0.979691
vt 0.843174 0.979689
vt 0.843174 0.984057
vt 0.996009 0.976171
vt 0.996236 0.976041
vt 0.996498 0.976041
vt 0.995879 0.976397
vt 0.995879 0.976658
vt 0.996011 0.976884
vt 0.996239 0.977014
vt 0.996501 0.977014
vt 0.996728 0.976884
vt 0.996858 0.976658
vt 0.996857 0.976397
vt 0.996726 0.976171
vt 0.996499 0.980557
vt 0.996727 0.980688
vt 0.996858 0.980915
vt 0.996237 0.980557
vt 0.996727 0.981405
vt 0.996499 0.981536
vt 0.996237 0.981536
vt 0.996010 0.981405
vt 0.995879 0.981178
vt 0.995879 0.980915
vt 0.996010 0.980688
vt 0.996858 0.981178
vt 0.996641 0.434298
vt 0.996641 0.434673
vt 0.996364 0.434674
vt 0.996364 0.434299
vt 0.996105 0.434677
vt 0.996105 0.434303
vt 0.995883 0.434682
vt 0.995883 0.434308
vt 0.997177 0.462218
vt 0.997177 0.461843
vt 0.997398 0.461844
vt 0.997399 0.462219
vt 0.996918 0.461843
vt 0.996918 0.462218
vt 0.996641 0.462218
vt 0.996641 0.461843
vt 0.996363 0.462218
vt 0.996363 0.461843
vt 0.996105 0.462218
vt 0.996105 0.461843
vt 0.995883 0.462219
vt 0.995883 0.461844
vt 0.997176 0.454355
vt 0.997176 0.453980
vt 0.997399 0.453979
vt 0.997399 0.454353
vt 0.996917 0.454355
vt 0.996917 0.453981
vt 0.996640 0.454356
vt 0.996640 0.453981
vt 0.996362 0.453982
vt 0.996362 0.454356
vt 0.996104 0.454355
vt 0.996104 0.453981
vt 0.995883 0.454353
vt 0.995883 0.453979
vt 0.997177 0.446489
vt 0.997177 0.446114
vt 0.997398 0.446117
vt 0.997399 0.446491
vt 0.996918 0.446487
vt 0.996918 0.446112
vt 0.996641 0.446487
vt 0.996641 0.446112
vt 0.996364 0.446487
vt 0.996364 0.446112
vt 0.996105 0.446489
vt 0.996105 0.446114
vt 0.995883 0.446117
vt 0.995883 0.446492
vt 0.997399 0.434309
vt 0.997398 0.434683
vt 0.997177 0.434677
vt 0.997177 0.434302
vt 0.996919 0.434673
vt 0.996919 0.434299
vt 0.990304 0.785319
vt 0.990741 0.785662
vt 0.990947 0.786174
vt 0.990872 0.786718
vt 0.990532 0.787154
vt 0.990020 0.787362
vt 0.989472 0.787286
vt 0.989035 0.786943
vt 0.988828 0.786435
vt 0.988905 0.785887
vt 0.989244 0.785451
vt 0.989760 0.785244
vt 0.990548 0.796796
vt 0.990880 0.797240
vt 0.990945 0.797782
vt 0.990725 0.798289
vt 0.990282 0.798616
vt 0.989733 0.798679
vt 0.989228 0.798463
vt 0.988897 0.798020
vt 0.988833 0.797474
vt 0.989052 0.796971
vt 0.989495 0.796643
vt 0.990040 0.796579
vt 0.990876 0.785891
vt 0.990950 0.786440
vt 0.990739 0.786952
vt 0.990300 0.787291
vt 0.989751 0.787364
vt 0.989238 0.787153
vt 0.988900 0.786715
vt 0.988826 0.786166
vt 0.989037 0.785653
vt 0.989476 0.785315
vt 0.990025 0.785241
vt 0.990538 0.785452
vt 0.990300 0.796648
vt 0.990739 0.796984
vt 0.990950 0.797494
vt 0.990876 0.798040
vt 0.990538 0.798476
vt 0.990025 0.798685
vt 0.989476 0.798611
vt 0.989037 0.798274
vt 0.988826 0.797765
vt 0.988900 0.797219
vt 0.989238 0.796783
vt 0.989751 0.796574
vt 0.902937 0.473075
vt 0.902701 0.457169
vt 0.905922 0.472690
vt 0.905862 0.457139
vt 0.959318 0.356287
vt 0.943766 0.356212
vt 0.943801 0.352432
vt 0.959708 0.352703
vt 0.856007 0.456637
vt 0.855541 0.440734
vt 0.859353 0.440656
vt 0.859599 0.456205
vt 0.863304 0.456515
vt 0.863170 0.440607
vt 0.866960 0.456136
vt 0.867018 0.440587
vt 0.943853 0.399429
vt 0.959372 0.396162
vt 0.959765 0.399237
vt 0.943825 0.396166
vt 0.878745 0.456174
vt 0.878494 0.440620
vt 0.882327 0.440593
vt 0.882384 0.456499
vt 0.886130 0.440588
vt 0.889661 0.456175
vt 0.886059 0.456498
vt 0.889921 0.440628
vt 0.861907 0.473063
vt 0.861663 0.457152
vt 0.864977 0.472690
vt 0.864929 0.457139
vt 0.960398 0.362058
vt 0.975918 0.358196
vt 0.976305 0.361818
vt 0.960373 0.358225
vt 0.959675 0.434079
vt 0.943767 0.433979
vt 0.959338 0.430465
vt 0.943795 0.430194
vt 0.943768 0.420799
vt 0.959333 0.423882
vt 0.943786 0.424060
vt 0.959677 0.420755
vt 0.943793 0.363850
vt 0.959320 0.359986
vt 0.959704 0.363612
vt 0.943772 0.360015
vt 0.907243 0.472717
vt 0.907234 0.457167
vt 0.937321 0.457138
vt 0.937321 0.473045
vt 0.936028 0.472720
vt 0.935937 0.457174
vt 0.960371 0.375532
vt 0.975953 0.374312
vt 0.976279 0.375553
vt 0.960050 0.374212
vt 0.959340 0.357469
vt 0.943438 0.357408
vt 0.860592 0.456566
vt 0.860378 0.440667
vt 0.960368 0.388672
vt 0.976276 0.388654
vt 0.975939 0.389764
vt 0.960040 0.389856
vt 0.960368 0.404259
vt 0.976292 0.402915
vt 0.975915 0.404189
vt 0.960040 0.402915
vt 0.862160 0.456193
vt 0.861985 0.440647
vt 0.959410 0.394854
vt 0.943860 0.394819
vt 0.929240 0.457131
vt 0.929127 0.473044
vt 0.927811 0.472712
vt 0.927843 0.457165
vt 0.883328 0.456169
vt 0.883306 0.440265
vt 0.960364 0.375626
vt 0.975918 0.375553
vt 0.975943 0.376713
vt 0.960045 0.376851
vt 0.975992 0.382084
vt 0.960443 0.382218
vt 0.976364 0.380805
vt 0.960464 0.380889
vt 0.884889 0.456167
vt 0.884907 0.440619
vt 0.866287 0.472715
vt 0.866275 0.457165
vt 0.891263 0.457230
vt 0.891019 0.473141
vt 0.889708 0.472795
vt 0.889892 0.456895
vt 0.976292 0.357245
vt 0.976194 0.406224
vt 0.960296 0.407207
vt 0.959945 0.406224
vt 0.960368 0.393877
vt 0.976273 0.393872
vt 0.975932 0.394985
vt 0.960035 0.395076
vt 0.960372 0.401571
vt 0.976293 0.400189
vt 0.975917 0.401467
vt 0.960393 0.400237
vt 0.959336 0.435238
vt 0.943789 0.435205
vt 0.959351 0.419476
vt 0.943800 0.419439
vt 0.945579 0.457137
vt 0.945436 0.472685
vt 0.944096 0.472706
vt 0.944220 0.456805
vt 0.959692 0.359035
vt 0.943793 0.359023
vt 0.960364 0.367521
vt 0.976276 0.367466
vt 0.975947 0.368577
vt 0.960047 0.368721
vt 0.908720 0.456814
vt 0.908673 0.472716
vt 0.934772 0.472729
vt 0.934651 0.456825
vt 0.926521 0.473062
vt 0.926521 0.456808
vt 0.943508 0.393309
vt 0.959410 0.393402
vt 0.888595 0.457231
vt 0.888447 0.473129
vt 0.867784 0.456815
vt 0.867740 0.472717
vt 0.959689 0.436805
vt 0.943435 0.436805
vt 0.942926 0.457156
vt 0.942838 0.473056
vt 0.943453 0.417927
vt 0.959355 0.418021
vt 0.885181 0.369221
vt 0.885181 0.365229
vt 0.885458 0.369069
vt 0.885474 0.365358
vt 0.886254 0.364387
vt 0.886515 0.364544
vt 0.901781 0.369849
vt 0.886626 0.362751
vt 0.887010 0.362717
vt 0.886212 0.361475
vt 0.886527 0.361483
vt 0.888227 0.358028
vt 0.888414 0.358287
vt 0.889549 0.357763
vt 0.889731 0.358106
vt 0.890800 0.356651
vt 0.891073 0.356774
vt 0.891004 0.355293
vt 0.891272 0.355457
vt 0.894262 0.353422
vt 0.894295 0.353740
vt 0.895542 0.353850
vt 0.895527 0.354239
vt 0.897180 0.353508
vt 0.897355 0.353751
vt 0.898032 0.352432
vt 0.898183 0.352707
vt 0.902025 0.352432
vt 0.901894 0.352723
vt 0.902915 0.353436
vt 0.902708 0.353765
vt 0.904507 0.353961
vt 0.904535 0.354259
vt 0.905778 0.353462
vt 0.905770 0.353777
vt 0.909225 0.355477
vt 0.908965 0.355663
vt 0.909413 0.356834
vt 0.909146 0.356980
vt 0.910642 0.357974
vt 0.910478 0.358323
vt 0.911960 0.358254
vt 0.911796 0.358522
vt 0.913831 0.361513
vt 0.913512 0.361545
vt 0.913403 0.362792
vt 0.913014 0.362777
vt 0.913745 0.364430
vt 0.913501 0.364604
vt 0.914822 0.365282
vt 0.914545 0.365433
vt 0.914822 0.369274
vt 0.914529 0.369144
vt 0.913818 0.370165
vt 0.913487 0.369958
vt 0.913223 0.371765
vt 0.913791 0.373028
vt 0.913476 0.373019
vt 0.911776 0.376475
vt 0.911589 0.376215
vt 0.910419 0.376663
vt 0.910272 0.376395
vt 0.909279 0.377892
vt 0.908930 0.377728
vt 0.908999 0.379210
vt 0.908731 0.379045
vt 0.905740 0.381081
vt 0.905707 0.380762
vt 0.904461 0.380654
vt 0.904475 0.380263
vt 0.902780 0.380940
vt 0.901971 0.382072
vt 0.901819 0.381795
vt 0.897978 0.382072
vt 0.898108 0.381779
vt 0.897137 0.380999
vt 0.897294 0.380737
vt 0.895500 0.380628
vt 0.895467 0.380242
vt 0.894224 0.381041
vt 0.894233 0.380725
vt 0.890778 0.379026
vt 0.891037 0.378839
vt 0.890590 0.377669
vt 0.890857 0.377522
vt 0.889422 0.376399
vt 0.888043 0.376249
vt 0.888207 0.375980
vt 0.886172 0.372991
vt 0.886490 0.372957
vt 0.886600 0.371712
vt 0.886989 0.371725
vt 0.886257 0.370073
vt 0.886501 0.369898
vt 0.938067 0.406211
vt 0.934801 0.408295
vt 0.937799 0.406053
vt 0.934767 0.407893
vt 0.933568 0.407682
vt 0.927296 0.388056
vt 0.931985 0.408154
vt 0.931263 0.409326
vt 0.931078 0.408973
vt 0.927415 0.409326
vt 0.927532 0.409031
vt 0.926577 0.408318
vt 0.926721 0.408053
vt 0.925001 0.407920
vt 0.924969 0.407626
vt 0.923768 0.408513
vt 0.923792 0.408116
vt 0.920636 0.406706
vt 0.920884 0.406509
vt 0.920335 0.405461
vt 0.920668 0.405257
vt 0.919267 0.404226
vt 0.917883 0.404188
vt 0.918096 0.403854
vt 0.915943 0.400869
vt 0.916256 0.400822
vt 0.916301 0.399646
vt 0.916692 0.399635
vt 0.916010 0.398029
vt 0.914821 0.397316
vt 0.915176 0.397133
vt 0.914824 0.393470
vt 0.915118 0.393587
vt 0.915914 0.392655
vt 0.916305 0.391047
vt 0.915723 0.389845
vt 0.916034 0.389847
vt 0.917406 0.386613
vt 0.917640 0.386939
vt 0.918791 0.386523
vt 0.919937 0.385328
vt 0.919963 0.383933
vt 0.920295 0.384151
vt 0.923281 0.381998
vt 0.923328 0.382311
vt 0.924504 0.382357
vt 0.924514 0.382747
vt 0.926110 0.382051
vt 0.926835 0.380879
vt 0.927016 0.381231
vt 0.930680 0.380879
vt 0.930563 0.381173
vt 0.931496 0.381964
vt 0.933126 0.382579
vt 0.933093 0.382284
vt 0.934327 0.381692
vt 0.934302 0.382089
vt 0.937459 0.383499
vt 0.937211 0.383695
vt 0.937760 0.384744
vt 0.937427 0.384948
vt 0.938828 0.385978
vt 0.940209 0.386014
vt 0.939998 0.386350
vt 0.942152 0.389336
vt 0.941838 0.389383
vt 0.941793 0.390559
vt 0.941403 0.390569
vt 0.942099 0.392165
vt 0.943189 0.392919
vt 0.942918 0.393071
vt 0.943341 0.396789
vt 0.942977 0.396618
vt 0.942181 0.397550
vt 0.941786 0.399158
vt 0.942459 0.400376
vt 0.942061 0.400357
vt 0.940651 0.403514
vt 0.940454 0.403266
vt 0.939406 0.403815
vt 0.939202 0.403481
vt 0.938159 0.404877
vt 0.902804 0.456741
vt 0.905895 0.456711
vt 0.905955 0.473119
vt 0.943373 0.352509
vt 0.943341 0.356192
vt 0.959749 0.356309
vt 0.855615 0.440307
vt 0.859321 0.440229
vt 0.859585 0.456635
vt 0.863202 0.440179
vt 0.866944 0.440163
vt 0.866887 0.456571
vt 0.943399 0.396149
vt 0.943432 0.399328
vt 0.959807 0.396136
vt 0.882286 0.440163
vt 0.878559 0.440198
vt 0.878784 0.456605
vt 0.889841 0.440201
vt 0.886151 0.440163
vt 0.889582 0.456607
vt 0.864943 0.456711
vt 0.861763 0.456727
vt 0.865006 0.473118
vt 0.959945 0.358265
vt 0.959971 0.361992
vt 0.976352 0.358224
vt 0.943366 0.430271
vt 0.943341 0.433959
vt 0.959772 0.430547
vt 0.943359 0.423957
vt 0.943341 0.420768
vt 0.959767 0.423795
vt 0.943341 0.360056
vt 0.943371 0.363784
vt 0.959749 0.360011
vt 0.907236 0.456742
vt 0.907237 0.473146
vt 0.935954 0.473241
vt 0.935931 0.456749
vt 0.937294 0.456711
vt 0.959945 0.375459
vt 0.976482 0.374212
vt 0.959877 0.357441
vt 0.860310 0.440163
vt 0.976373 0.389856
vt 0.959945 0.388747
vt 0.959945 0.404178
vt 0.976351 0.404115
vt 0.862198 0.456711
vt 0.862033 0.440221
vt 0.943341 0.394818
vt 0.959943 0.394836
vt 0.927757 0.473256
vt 0.927844 0.456740
vt 0.929207 0.456711
vt 0.935819 0.428307
vt 0.936371 0.428344
vt 0.935819 0.429264
vt 0.976350 0.375653
vt 0.976481 0.376851
vt 0.959945 0.375713
vt 0.959945 0.380805
vt 0.960017 0.382156
vt 0.976424 0.382005
vt 0.884919 0.456706
vt 0.884957 0.440194
vt 0.866273 0.456739
vt 0.866305 0.473240
vt 0.889647 0.473315
vt 0.891229 0.456807
vt 0.960038 0.357245
vt 0.976367 0.395076
vt 0.959945 0.393965
vt 0.959969 0.400189
vt 0.959945 0.401505
vt 0.976352 0.401392
vt 0.959853 0.435213
vt 0.943363 0.435154
vt 0.943376 0.419440
vt 0.959882 0.419459
vt 0.945361 0.473118
vt 0.944037 0.473225
vt 0.945557 0.456711
vt 0.943367 0.359076
vt 0.976489 0.368721
vt 0.959945 0.367610
vt 0.908720 0.473149
vt 0.934640 0.473256
vt 0.959945 0.393309
vt 0.883278 0.456695
vt 0.888447 0.456711
vt 0.867784 0.473149
vt 0.942838 0.456731
vt 0.959894 0.417927
vt 0.873896 0.457222
vt 0.877116 0.472746
vt 0.874113 0.472773
vt 0.877070 0.457197
vt 0.931192 0.427767
vt 0.931488 0.412214
vt 0.935267 0.412307
vt 0.934766 0.428208
vt 0.901347 0.440619
vt 0.905198 0.456136
vt 0.901597 0.456527
vt 0.905160 0.440591
vt 0.908895 0.456499
vt 0.908966 0.440591
vt 0.912556 0.456170
vt 0.912815 0.440623
vt 0.959718 0.449295
vt 0.943807 0.449534
vt 0.959317 0.446219
vt 0.943769 0.446271
vt 0.959350 0.375024
vt 0.943801 0.375274
vt 0.943769 0.371443
vt 0.959677 0.371375
vt 0.943764 0.367637
vt 0.959350 0.364102
vt 0.959675 0.367712
vt 0.943806 0.363850
vt 0.914898 0.457165
vt 0.918268 0.472687
vt 0.915201 0.473073
vt 0.918165 0.457140
vt 0.948321 0.457164
vt 0.952183 0.472686
vt 0.948561 0.473071
vt 0.952154 0.457141
vt 0.959744 0.390578
vt 0.943836 0.390485
vt 0.959408 0.386969
vt 0.943864 0.386698
vt 0.943821 0.408476
vt 0.959408 0.411454
vt 0.943863 0.411738
vt 0.959370 0.408337
vt 0.923861 0.428048
vt 0.923850 0.412138
vt 0.927489 0.427712
vt 0.927686 0.412166
vt 0.878437 0.472773
vt 0.878419 0.456868
vt 0.885632 0.457225
vt 0.885399 0.472776
vt 0.884076 0.472791
vt 0.884260 0.456890
vt 0.960446 0.392465
vt 0.976362 0.391058
vt 0.976353 0.392284
vt 0.960463 0.391147
vt 0.930006 0.427771
vt 0.930260 0.412226
vt 0.906187 0.456165
vt 0.906175 0.440261
vt 0.960441 0.378148
vt 0.976348 0.378274
vt 0.976002 0.379382
vt 0.960458 0.379351
vt 0.960370 0.363405
vt 0.975951 0.362157
vt 0.975917 0.363443
vt 0.960049 0.362058
vt 0.907755 0.456162
vt 0.907781 0.440615
vt 0.959348 0.444933
vt 0.943798 0.444924
vt 0.926521 0.457132
vt 0.926515 0.473046
vt 0.925222 0.472721
vt 0.925123 0.457175
vt 0.959697 0.370442
vt 0.943797 0.370445
vt 0.960365 0.384903
vt 0.975915 0.384879
vt 0.975941 0.386055
vt 0.960041 0.386127
vt 0.960372 0.372870
vt 0.975954 0.371604
vt 0.975918 0.372872
vt 0.960404 0.371539
vt 0.959345 0.368876
vt 0.943442 0.368830
vt 0.919561 0.473060
vt 0.919500 0.456806
vt 0.942838 0.457135
vt 0.942773 0.473045
vt 0.941452 0.472715
vt 0.941463 0.456813
vt 0.953134 0.473057
vt 0.976194 0.407207
vt 0.960298 0.408190
vt 0.959945 0.407207
vt 0.960368 0.396281
vt 0.976274 0.396339
vt 0.975928 0.397469
vt 0.960386 0.397487
vt 0.960372 0.370055
vt 0.975955 0.368835
vt 0.975919 0.370103
vt 0.960051 0.368721
vt 0.959403 0.391743
vt 0.943857 0.391709
vt 0.959396 0.407048
vt 0.943846 0.407136
vt 0.893936 0.457186
vt 0.893972 0.472735
vt 0.892632 0.472772
vt 0.892553 0.457225
vt 0.928435 0.428101
vt 0.928666 0.411849
vt 0.960370 0.386127
vt 0.976279 0.386189
vt 0.975940 0.387297
vt 0.960394 0.387333
vt 0.879882 0.457225
vt 0.879867 0.472772
vt 0.882969 0.457231
vt 0.882820 0.473130
vt 0.923930 0.472731
vt 0.923799 0.456827
vt 0.959344 0.443472
vt 0.943442 0.443416
vt 0.940171 0.457163
vt 0.940205 0.472712
vt 0.920988 0.457161
vt 0.921019 0.472707
vt 0.959756 0.393309
vt 0.943503 0.393309
vt 0.891387 0.472786
vt 0.891263 0.456882
vt 0.943843 0.405637
vt 0.959390 0.405593
vt 0.862826 0.398204
vt 0.861452 0.385253
vt 0.864664 0.383394
vt 0.880790 0.405867
vt 0.879458 0.407210
vt 0.864584 0.410380
vt 0.861576 0.408636
vt 0.875846 0.421459
vt 0.861016 0.414981
vt 0.864049 0.413142
vt 0.871285 0.412007
vt 0.872095 0.412986
vt 0.867738 0.412064
vt 0.873847 0.413413
vt 0.875024 0.412924
vt 0.877932 0.414531
vt 0.879916 0.434318
vt 0.878673 0.435626
vt 0.878512 0.436890
vt 0.871791 0.439807
vt 0.867434 0.438885
vt 0.858810 0.434683
vt 0.856971 0.431650
vt 0.855893 0.427961
vt 0.857247 0.421872
vt 0.858561 0.406071
vt 0.856546 0.402625
vt 0.858723 0.405801
vt 0.856864 0.402589
vt 0.856964 0.401349
vt 0.857352 0.401360
vt 0.856668 0.399667
vt 0.855542 0.398863
vt 0.855817 0.398712
vt 0.855541 0.394871
vt 0.855834 0.395001
vt 0.856688 0.394045
vt 0.857366 0.392353
vt 0.856983 0.392388
vt 0.856558 0.391109
vt 0.856873 0.391115
vt 0.858428 0.387849
vt 0.858617 0.388107
vt 0.859784 0.387650
vt 0.859932 0.387916
vt 0.861044 0.386472
vt 0.861183 0.385091
vt 0.864629 0.383077
vt 0.865913 0.383649
vt 0.867719 0.383388
vt 0.867498 0.383073
vt 0.868390 0.382072
vt 0.868541 0.382348
vt 0.872382 0.382072
vt 0.872252 0.382364
vt 0.873208 0.383218
vt 0.874900 0.383896
vt 0.874866 0.383513
vt 0.876145 0.383089
vt 0.876138 0.383403
vt 0.879405 0.384958
vt 0.879146 0.385147
vt 0.879604 0.386314
vt 0.879337 0.386462
vt 0.880842 0.387444
vt 0.880680 0.387794
vt 0.882162 0.387713
vt 0.881999 0.387982
vt 0.884177 0.391159
vt 0.883858 0.391194
vt 0.883760 0.392436
vt 0.883370 0.392423
vt 0.884109 0.394074
vt 0.883865 0.394250
vt 0.885181 0.394921
vt 0.884905 0.395072
vt 0.885181 0.398913
vt 0.884889 0.398782
vt 0.884174 0.399810
vt 0.883843 0.399603
vt 0.883655 0.401401
vt 0.883356 0.401430
vt 0.884164 0.402675
vt 0.883849 0.402668
vt 0.882295 0.405935
vt 0.882105 0.405676
vt 0.880975 0.406212
vt 0.879733 0.407334
vt 0.879540 0.408693
vt 0.879270 0.408530
vt 0.876094 0.410707
vt 0.876058 0.410389
vt 0.874826 0.410206
vt 0.874830 0.409900
vt 0.873226 0.410711
vt 0.873003 0.410395
vt 0.872333 0.411712
vt 0.872181 0.411435
vt 0.868341 0.411712
vt 0.868470 0.411419
vt 0.867493 0.410635
vt 0.867649 0.410373
vt 0.865857 0.410272
vt 0.865822 0.409887
vt 0.864578 0.410695
vt 0.861318 0.408826
vt 0.861172 0.407420
vt 0.860042 0.405989
vt 0.859881 0.406340
vt 0.860748 0.414823
vt 0.864015 0.412741
vt 0.865226 0.413188
vt 0.865235 0.413579
vt 0.866840 0.412895
vt 0.867586 0.411792
vt 0.871402 0.411712
vt 0.872239 0.412720
vt 0.873815 0.413119
vt 0.875049 0.412526
vt 0.878180 0.414334
vt 0.878348 0.415682
vt 0.879542 0.416828
vt 0.880932 0.416853
vt 0.880719 0.417188
vt 0.882871 0.420173
vt 0.882558 0.420220
vt 0.882341 0.421420
vt 0.882808 0.423009
vt 0.883987 0.423723
vt 0.883636 0.423909
vt 0.883987 0.427573
vt 0.883693 0.427456
vt 0.882902 0.428389
vt 0.882287 0.430019
vt 0.882581 0.429986
vt 0.883087 0.431197
vt 0.882776 0.431195
vt 0.881398 0.434433
vt 0.881168 0.434103
vt 0.880120 0.434651
vt 0.878945 0.435744
vt 0.878848 0.437105
vt 0.875527 0.439042
vt 0.875480 0.438729
vt 0.874281 0.438516
vt 0.872691 0.438979
vt 0.871967 0.440163
vt 0.868127 0.440158
vt 0.868244 0.439864
vt 0.867247 0.439227
vt 0.865714 0.438752
vt 0.865681 0.438457
vt 0.864480 0.439344
vt 0.864505 0.438947
vt 0.861349 0.437536
vt 0.861597 0.437339
vt 0.861049 0.436291
vt 0.861382 0.436087
vt 0.859985 0.435046
vt 0.858596 0.435016
vt 0.856658 0.431697
vt 0.857183 0.430452
vt 0.856726 0.428858
vt 0.855622 0.428113
vt 0.855541 0.424298
vt 0.855836 0.424415
vt 0.856606 0.423492
vt 0.856948 0.421884
vt 0.856357 0.420655
vt 0.856753 0.420676
vt 0.858164 0.417520
vt 0.858360 0.417768
vt 0.859409 0.417219
vt 0.859613 0.417553
vt 0.860644 0.416152
vt 0.877089 0.456767
vt 0.873997 0.456797
vt 0.874205 0.473205
vt 0.877149 0.473175
vt 0.935196 0.411878
vt 0.931514 0.411793
vt 0.931159 0.428197
vt 0.905123 0.440163
vt 0.901417 0.440193
vt 0.905174 0.456571
vt 0.909005 0.440163
vt 0.912746 0.440196
vt 0.912477 0.456601
vt 0.943341 0.446256
vt 0.943384 0.449435
vt 0.959749 0.446193
vt 0.943342 0.371483
vt 0.943377 0.375209
vt 0.959785 0.374982
vt 0.943379 0.363927
vt 0.943341 0.367617
vt 0.959785 0.364183
vt 0.918178 0.456711
vt 0.914998 0.456739
vt 0.918300 0.473118
vt 0.952114 0.456711
vt 0.948387 0.456737
vt 0.952155 0.473118
vt 0.943434 0.386775
vt 0.943408 0.390464
vt 0.959839 0.387051
vt 0.943436 0.411638
vt 0.943396 0.408448
vt 0.959803 0.408327
vt 0.959842 0.411364
vt 0.927651 0.411737
vt 0.923922 0.411712
vt 0.927458 0.428143
vt 0.878431 0.473202
vt 0.885339 0.473208
vt 0.884011 0.473330
vt 0.885597 0.456802
vt 0.959945 0.391058
vt 0.960020 0.392397
vt 0.930023 0.428290
vt 0.930310 0.411712
vt 0.906143 0.456690
vt 0.976435 0.379477
vt 0.959945 0.379477
vt 0.960018 0.378233
vt 0.959945 0.363322
vt 0.976351 0.363373
vt 0.976486 0.362058
vt 0.907791 0.456701
vt 0.907835 0.440190
vt 0.943373 0.444926
vt 0.959875 0.444894
vt 0.925152 0.473257
vt 0.925121 0.456750
vt 0.926484 0.456711
vt 0.943373 0.370499
vt 0.976351 0.384978
vt 0.976374 0.386127
vt 0.959945 0.384989
vt 0.959980 0.371487
vt 0.959945 0.372802
vt 0.976353 0.372799
vt 0.976481 0.371487
vt 0.959777 0.368865
vt 0.941395 0.473250
vt 0.942800 0.456711
vt 0.953134 0.456804
vt 0.976362 0.397545
vt 0.959962 0.397545
vt 0.959945 0.396368
vt 0.959945 0.369985
vt 0.976352 0.370033
vt 0.976483 0.368721
vt 0.959936 0.391715
vt 0.943341 0.391666
vt 0.943341 0.407120
vt 0.959912 0.407050
vt 0.893903 0.473169
vt 0.892575 0.473315
vt 0.892501 0.456711
vt 0.893909 0.456761
vt 0.976373 0.387390
vt 0.959970 0.387390
vt 0.959945 0.386214
vt 0.879914 0.473205
vt 0.882820 0.456711
vt 0.923799 0.473264
vt 0.959777 0.443416
vt 0.940079 0.456739
vt 0.940079 0.473240
vt 0.921077 0.456735
vt 0.921077 0.473139
vt 0.891263 0.473313
vt 0.943418 0.405548
vt 0.959823 0.405548
s 1
f 214/1/1 260/2/2 265/3/3
f 265/3/3 41/4/4 214/1/1
f 1/5/5 46/6/6 7/7/7
f 2/8/8 48/9/9 213/10/10
f 50/11/11 49/12/12 197/13/13
f 197/13/13 3/14/14 50/11/11
f 49/12/12 52/15/15 198/16/16
f 198/16/16 197/13/13 49/12/12
f 39/17/17 53/18/18 199/19/19
f 199/19/19 4/20/20 39/17/17
f 53/18/18 54/21/21 200/22/22
f 200/22/22 199/19/19 53/18/18
f 5/23/23 24/24/24 31/25/25
f 31/25/25 64/26/26 5/23/23
f 7/7/7 6/27/27 1/5/5
f 46/6/6 51/28/28 7/7/7
f 7/7/7 51/28/28 20/29/29
f 20/29/29 18/30/30 7/7/7
f 30/31/31 43/32/32 8/33/33
f 8/33/33 27/34/34 30/31/31
f 213/10/10 9/35/35 2/8/8
f 6/27/27 7/7/7 213/10/10
f 213/10/10 40/36/36 6/27/27
f 48/9/9 40/36/36 213/10/10
f 212/37/37 44/38/38 211/39/39
f 211/39/39 196/40/40 212/37/37
f 60/41/41 213/10/10 22/42/42
f 22/42/42 21/43/43 60/41/41
f 18/30/30 20/29/29 67/44/44
f 22/42/42 11/45/45 69/46/46
f 201/47/47 12/48/48 71/49/49
f 71/49/49 13/50/50 201/47/47
f 12/48/48 14/51/51 202/52/52
f 202/52/52 71/49/49 12/48/48
f 204/53/53 15/54/54 203/55/55
f 203/55/55 10/56/56 204/53/53
f 15/54/54 16/57/57 205/58/58
f 205/58/58 203/55/55 15/54/54
f 19/59/59 76/60/60 18/30/30
f 67/44/44 19/59/59 18/30/30
f 65/61/61 17/62/62 35/63/63
f 35/63/63 33/64/64 65/61/61
f 23/65/65 21/43/43 22/42/42
f 69/46/46 23/65/65 22/42/42
f 22/42/42 18/30/30 76/60/60
f 76/60/60 78/66/66 22/42/42
f 22/42/42 78/66/66 11/45/45
f 41/4/4 42/67/67 215/68/68
f 215/68/68 214/1/1 41/4/4
f 5/23/23 43/69/69 26/70/70
f 26/70/70 24/24/24 5/23/23
f 8/33/33 44/71/38 29/72/71
f 29/72/71 27/34/34 8/33/33
f 1/5/5 45/73/72 46/6/73
f 2/8/8 47/74/74 48/9/75
f 49/12/12 50/11/76 51/75/28
f 51/75/28 46/76/73 49/12/12
f 49/12/12 46/76/73 45/77/72
f 45/77/72 52/15/15 49/12/12
f 53/18/18 39/17/77 40/78/78
f 40/78/78 48/79/75 53/18/18
f 53/18/18 48/79/75 47/80/74
f 47/80/74 54/21/21 53/18/18
f 55/81/79 56/82/80 59/83/81
f 59/83/81 206/84/82 55/81/79
f 52/85/15 45/86/72 56/82/80
f 56/82/80 55/81/79 52/85/15
f 207/87/83 57/88/84 42/67/67
f 42/67/67 41/4/4 207/87/83
f 30/31/85 26/89/86 43/32/69
f 75/90/87 31/25/25 24/24/24
f 24/24/24 25/91/88 75/90/87
f 6/27/27 59/92/81 56/93/89
f 6/27/27 56/93/89 1/5/5
f 45/73/72 1/5/5 56/93/89
f 72/94/90 20/29/29 51/28/28
f 18/30/30 80/95/91 7/7/7
f 7/7/7 80/95/91 75/96/87
f 75/96/87 25/97/88 7/7/7
f 212/37/37 216/98/92 44/38/38
f 216/98/92 29/99/71 44/38/38
f 9/35/35 60/41/41 57/100/84
f 60/41/41 42/101/67 57/100/84
f 9/35/35 57/100/84 2/8/8
f 47/74/74 2/8/8 57/100/84
f 59/92/81 6/27/27 40/36/78
f 7/7/7 79/102/93 61/103/94
f 61/103/94 213/10/10 7/7/7
f 50/11/76 13/50/95 72/104/90
f 72/104/90 51/75/28 50/11/76
f 196/40/40 37/105/96 216/98/92
f 216/98/92 212/37/37 196/40/40
f 37/105/96 38/106/97 217/107/98
f 217/107/98 216/98/92 37/105/96
f 21/43/43 215/108/68 42/101/67
f 42/101/67 60/41/41 21/43/43
f 213/10/10 61/103/94 218/109/99
f 218/109/99 22/42/42 213/10/10
f 61/103/94 217/110/98 38/111/97
f 38/111/97 218/109/99 61/103/94
f 31/25/100 32/112/101 64/26/102
f 33/64/103 34/113/104 65/61/105
f 20/29/29 66/114/106 67/44/44
f 68/115/107 67/44/44 66/114/106
f 70/116/108 69/46/46 11/45/45
f 71/49/109 66/117/110 72/104/90
f 72/104/90 13/50/95 71/49/109
f 202/52/52 68/118/107 66/117/110
f 66/117/110 71/49/109 202/52/52
f 205/58/58 70/119/108 11/120/111
f 11/120/111 203/55/112 205/58/58
f 74/121/113 214/1/1 215/68/68
f 215/68/68 23/122/65 74/121/113
f 17/62/62 64/123/102 32/124/101
f 32/124/101 35/63/63 17/62/62
f 19/59/59 63/125/114 76/60/60
f 67/44/44 68/115/107 19/59/59
f 20/29/29 72/94/90 66/114/106
f 37/105/96 196/40/40 211/39/39
f 211/39/39 65/126/105 34/127/104
f 34/127/104 37/105/96 211/39/39
f 23/65/65 215/108/68 21/43/43
f 69/46/46 70/116/108 23/65/65
f 22/42/42 218/109/99 18/30/30
f 106/128/115 81/129/116 89/130/117
f 89/130/117 86/131/118 106/128/115
f 93/132/119 107/133/120 83/134/121
f 84/135/122 95/136/123 110/137/124
f 99/138/125 111/139/126 85/140/127
f 85/140/127 96/141/128 99/138/125
f 92/142/129 102/143/130 112/144/131
f 112/144/131 82/145/132 92/142/129
f 103/146/133 93/132/119 83/134/121
f 105/147/134 84/135/122 110/137/124
f 86/131/118 94/148/135 88/149/136
f 88/149/136 87/150/137 86/131/118
f 91/151/138 90/152/139 89/130/117
f 92/153/129 87/150/137 88/149/136
f 93/132/119 109/154/140 91/155/138
f 88/156/136 94/157/141 84/135/122
f 95/136/123 90/158/139 91/159/138
f 91/159/138 109/160/140 95/136/123
f 96/161/128 97/162/142 98/163/143
f 99/138/125 104/164/144 101/165/145
f 101/165/145 100/166/146 99/138/125
f 102/143/130 108/167/147 98/163/143
f 98/163/143 97/162/142 102/143/130
f 103/146/133 100/168/146 101/169/145
f 101/170/145 104/171/144 110/137/124
f 98/172/143 108/173/147 105/147/134
f 86/131/118 87/150/137 106/128/115
f 81/174/116 107/133/148 91/155/138
f 91/155/138 89/175/117 81/174/116
f 89/130/117 90/152/139 94/148/135
f 94/148/135 86/131/118 89/130/117
f 82/176/132 106/128/115 87/150/137
f 87/150/137 92/153/129 82/176/132
f 92/142/129 88/177/136 108/167/147
f 93/132/119 91/155/138 107/133/149
f 84/135/122 108/173/147 88/156/136
f 84/135/122 94/157/141 95/136/123
f 90/158/150 95/136/123 94/157/141
f 109/160/140 110/137/124 95/136/123
f 96/141/128 98/178/143 104/164/144
f 104/164/144 99/138/125 96/141/128
f 99/138/125 100/166/146 111/139/126
f 85/179/127 112/144/131 97/162/142
f 97/180/142 96/141/128 85/140/127
f 108/167/147 102/143/130 92/142/129
f 102/143/130 97/162/142 112/144/131
f 83/134/121 111/181/126 100/168/146
f 100/168/146 103/146/133 83/134/121
f 103/146/133 101/169/145 109/154/140
f 109/154/140 93/132/119 103/146/133
f 110/137/124 109/160/140 101/170/145
f 110/137/124 104/171/144 105/147/134
f 98/172/143 105/147/134 104/171/144
f 108/173/147 84/135/122 105/147/134
f 4/20/20 113/182/151 206/84/152
f 206/84/152 39/17/17 4/20/20
f 219/183/153 258/184/153 264/185/153
f 113/182/151 114/186/154 55/81/155
f 55/81/155 206/84/152 113/182/151
f 114/186/154 198/187/16 52/85/15
f 52/85/15 55/81/155 114/186/154
f 222/188/156 115/189/157 207/87/158
f 207/87/158 41/4/4 222/188/156
f 115/189/157 200/190/22 54/191/21
f 54/191/21 207/87/158 115/189/157
f 3/14/14 201/47/47 13/50/50
f 13/50/50 50/11/11 3/14/14
f 208/192/159 204/53/53 10/56/56
f 10/56/56 62/193/160 208/192/159
f 209/194/161 208/192/159 62/193/160
f 62/193/160 73/195/162 209/194/161
f 14/196/51 209/194/161 73/195/162
f 73/195/162 202/197/52 14/196/51
f 210/198/163 221/199/164 214/1/1
f 214/1/1 74/121/113 210/198/163
f 16/200/57 210/198/163 74/121/113
f 74/121/113 205/201/58 16/200/57
f 126/202/165 133/203/166 116/204/167
f 116/204/167 134/205/168 126/202/165
f 116/206/167 133/207/166 118/208/169
f 118/208/169 136/209/170 116/206/167
f 119/210/171 117/211/172 135/212/173
f 135/212/173 137/213/174 119/210/171
f 140/214/175 121/215/176 141/216/177
f 141/216/177 120/217/178 140/214/175
f 119/210/171 123/218/179 122/219/180
f 122/219/180 117/211/172 119/210/171
f 142/220/181 147/221/182 124/222/183
f 124/222/183 144/223/184 142/220/181
f 121/224/176 140/225/175 142/220/185
f 142/220/185 144/223/186 121/224/176
f 143/226/187 122/219/180 123/218/179
f 123/218/179 146/227/188 143/226/187
f 145/228/189 125/229/190 124/222/191
f 124/222/191 147/221/192 145/228/189
f 152/230/193 130/231/194 136/209/195
f 136/209/195 118/208/196 152/230/193
f 120/217/197 141/216/198 126/202/199
f 126/202/199 134/205/200 120/217/197
f 138/232/201 139/233/202 128/234/203
f 128/234/203 150/235/204 138/232/201
f 148/236/205 127/237/206 129/238/207
f 129/238/207 151/239/208 148/236/205
f 128/240/203 139/241/202 130/231/209
f 130/231/209 152/230/210 128/240/203
f 153/242/211 131/243/212 138/232/213
f 138/232/213 150/235/214 153/242/211
f 125/244/190 145/245/189 131/243/215
f 131/243/215 153/242/216 125/244/190
f 132/246/217 149/247/218 154/248/219
f 154/248/219 155/249/220 132/246/217
f 127/237/206 149/247/218 132/246/217
f 132/246/217 129/238/207 127/237/206
f 116/204/221 117/250/172 134/205/222
f 117/211/172 116/251/221 135/212/173
f 136/209/223 135/252/173 116/206/221
f 135/252/173 136/209/223 130/231/224
f 130/231/224 137/253/174 135/252/173
f 122/254/180 120/217/225 134/205/222
f 134/205/222 117/250/172 122/254/180
f 139/241/226 137/253/174 130/231/224
f 137/213/174 139/255/226 119/210/171
f 138/232/227 119/256/171 139/233/226
f 140/225/228 143/257/187 142/220/229
f 143/226/187 140/258/228 122/219/180
f 120/217/225 122/254/180 140/214/228
f 146/259/188 147/221/230 142/220/229
f 142/220/229 143/257/187 146/259/188
f 145/245/231 123/260/179 131/243/232
f 123/218/179 145/261/231 146/227/188
f 147/221/230 146/259/188 145/228/231
f 119/256/171 138/232/227 131/243/232
f 131/243/232 123/260/179 119/256/171
f 133/207/233 148/262/205 118/208/234
f 148/236/205 133/263/233 127/237/206
f 126/202/235 127/264/206 133/203/233
f 151/265/208 152/230/236 118/208/234
f 118/266/234 148/236/205 151/239/208
f 127/264/206 126/202/235 141/216/237
f 141/216/237 149/267/218 127/264/206
f 128/268/238 129/238/207 150/269/239
f 129/238/207 128/268/238 151/239/208
f 152/270/236 151/239/208 128/268/238
f 121/215/240 149/267/218 141/216/237
f 149/247/218 121/271/240 154/248/219
f 144/223/241 154/272/219 121/224/240
f 154/272/219 144/223/241 124/222/242
f 124/222/242 155/273/220 154/272/219
f 125/229/243 155/273/220 124/222/242
f 155/249/220 125/274/243 132/246/217
f 153/275/244 132/246/217 125/274/243
f 132/276/217 153/242/244 150/235/239
f 150/269/239 129/238/207 132/246/217
f 174/277/245 156/278/246 172/279/247
f 172/279/247 165/280/248 174/277/245
f 177/281/249 156/282/246 174/283/245
f 174/283/245 157/284/250 177/281/249
f 175/285/251 173/286/252 158/287/253
f 158/287/253 179/288/254 175/285/251
f 182/289/255 184/290/256 158/287/253
f 159/291/257 192/292/258 160/293/259
f 160/293/259 167/294/260 159/291/257
f 176/295/261 182/289/255 158/287/253
f 158/287/253 173/286/252 176/295/261
f 183/296/26 163/297/262 162/298/263
f 162/298/263 161/299/264 183/296/26
f 162/298/265 160/300/259 192/301/258
f 192/301/258 161/299/266 162/298/265
f 182/289/255 176/295/261 181/302/267
f 183/296/268 194/303/269 164/304/270
f 164/304/270 163/297/271 183/296/268
f 157/284/272 180/305/273 170/306/274
f 170/306/274 177/281/275 157/284/272
f 172/279/276 159/291/277 167/294/278
f 167/294/278 165/280/279 172/279/276
f 190/307/280 168/308/281 178/309/282
f 178/309/282 188/310/283 190/307/280
f 189/311/284 166/312/285 186/313/286
f 186/313/286 187/314/287 189/311/284
f 169/315/288 195/316/289 189/311/284
f 180/305/290 168/317/281 190/318/280
f 190/318/280 170/306/291 180/305/290
f 178/309/292 185/319/293 171/320/294
f 171/320/294 188/310/295 178/309/292
f 185/319/296 164/321/270 194/322/269
f 194/322/269 171/320/297 185/319/296
f 193/323/298 191/324/299 195/316/289
f 195/316/289 191/324/299 166/312/285
f 166/312/285 189/311/284 195/316/289
f 165/280/300 173/325/252 174/277/301
f 175/285/251 174/326/301 173/286/252
f 174/326/301 175/285/251 157/327/302
f 180/305/303 157/284/302 175/328/251
f 175/285/251 179/288/254 180/329/303
f 165/280/300 167/294/304 176/330/261
f 176/330/261 173/325/252 165/280/300
f 180/329/303 179/288/254 168/331/305
f 158/287/253 168/331/305 179/288/254
f 168/331/305 158/287/253 178/332/306
f 162/298/307 181/333/267 160/300/308
f 176/295/261 160/334/308 181/302/267
f 160/293/308 176/330/261 167/294/304
f 162/298/307 163/297/309 182/335/255
f 182/335/255 181/333/267 162/298/307
f 185/336/310 184/290/256 164/337/311
f 182/289/255 164/337/311 184/290/256
f 164/304/311 182/335/255 163/297/309
f 185/319/310 178/309/306 158/338/253
f 158/287/253 184/290/256 185/336/310
f 177/281/312 186/339/286 156/282/313
f 166/312/285 156/340/313 186/313/286
f 156/278/313 166/341/285 172/279/314
f 177/281/312 170/306/315 187/342/287
f 187/342/287 186/339/286 177/281/312
f 159/291/316 172/279/314 166/341/285
f 166/341/285 191/343/299 159/291/316
f 188/310/317 189/344/284 190/307/318
f 187/314/287 190/345/318 189/311/284
f 190/318/318 187/342/287 170/306/315
f 159/291/316 191/343/299 192/292/319
f 193/323/298 192/346/319 191/324/299
f 192/346/319 193/323/298 161/347/320
f 183/296/321 161/299/320 193/348/298
f 193/348/298 195/349/289 183/296/321
f 183/296/321 195/349/289 194/303/322
f 169/315/288 194/350/322 195/316/289
f 194/322/322 169/351/288 171/320/323
f 188/310/317 171/320/323 169/351/288
f 169/351/288 189/344/284 188/310/317
f 219/183/153 221/199/164 222/188/156
f 258/184/153 265/3/3 260/2/2
f 260/2/2 264/185/153 258/184/153
f 270/352/153 257/353/324 214/1/1
f 214/1/1 221/199/164 270/352/153
f 269/354/325 220/355/326 222/188/156
f 222/188/156 41/4/4 269/354/325
f 257/353/324 268/356/327 214/1/1
f 261/357/328 269/354/325 41/4/4
f 265/3/3 261/357/328 41/4/4
f 268/356/327 260/2/2 214/1/1
f 270/352/153 259/358/153 264/185/153
f 264/185/153 257/353/324 270/352/153
f 269/354/325 258/184/153 267/359/153
f 267/359/153 220/355/326 269/354/325
f 271/360/326 263/361/329 222/188/156
f 266/362/330 262/363/331 221/199/164
f 264/185/153 259/358/153 219/183/153
f 258/184/153 219/183/153 267/359/153
f 222/188/156 263/361/329 219/183/153
f 221/199/164 219/183/153 266/362/330
f 259/358/153 266/362/330 219/183/153
f 263/361/329 267/359/153 219/183/153
f 270/352/153 221/199/164 262/363/331
f 220/355/326 271/360/326 222/188/156
f 26/70/70 25/91/88 24/24/24
f 29/72/71 28/364/332 27/34/34
f 30/31/31 58/365/333 26/89/70
f 216/98/92 217/107/98 29/99/71
f 31/25/25 75/90/87 32/112/101
f 33/64/64 77/366/334 34/113/335
f 32/124/101 36/367/336 35/63/63
f 34/127/335 38/106/97 37/105/96
f 206/84/82 59/83/81 40/78/78
f 40/78/78 39/17/77 206/84/82
f 54/191/21 47/368/74 57/88/84
f 57/88/84 207/87/83 54/191/21
f 27/34/34 28/364/332 58/365/333
f 58/365/333 30/31/31 27/34/34
f 79/102/93 58/369/333 28/370/332
f 28/370/332 61/103/94 79/102/93
f 10/56/56 78/371/66 63/372/114
f 63/372/114 62/193/160 10/56/56
f 203/55/112 11/120/111 78/371/66
f 78/371/66 10/56/56 203/55/112
f 73/195/162 62/193/160 63/372/114
f 63/372/114 19/373/59 73/195/162
f 73/195/162 19/373/59 68/374/107
f 68/374/107 202/197/52 73/195/162
f 74/121/113 23/122/65 70/375/108
f 70/375/108 205/201/58 74/121/113
f 35/63/63 36/367/336 77/366/334
f 77/366/334 33/64/64 35/63/63
f 218/109/99 77/376/334 36/377/336
f 36/377/336 18/30/30 218/109/99
f 76/60/60 63/125/114 78/66/66
f 25/97/88 79/102/93 7/7/7
f 79/102/93 25/97/88 26/378/70
f 26/378/70 58/369/333 79/102/93
f 61/103/94 28/370/332 29/379/71
f 29/379/71 217/110/98 61/103/94
f 36/377/336 80/95/91 18/30/30
f 80/95/91 36/377/336 32/380/101
f 32/112/101 75/90/87 80/381/91
f 218/109/99 38/111/97 34/382/335
f 34/382/335 77/376/334 218/109/99
f 213/10/10 60/41/41 9/35/35
f 241/383/337 272/384/338 273/385/339
f 273/385/339 242/386/340 241/383/337
f 242/387/341 274/388/342 275/389/343
f 275/389/343 243/390/344 242/387/341
f 243/391/345 276/392/346 277/393/347
f 277/393/347 244/394/348 243/391/345
f 244/395/349 278/396/350 279/397/351
f 279/397/351 241/398/352 244/395/349
f 245/399/345 280/400/346 281/401/353
f 281/401/347 246/402/348 245/399/345
f 246/403/349 282/404/350 283/405/351
f 283/405/351 247/406/352 246/403/349
f 247/407/337 284/408/354 285/409/339
f 285/409/355 248/410/356 247/407/337
f 248/411/341 286/412/342 287/413/343
f 287/413/343 245/414/344 248/411/341
f 249/415/357 231/416/358 288/417/357
f 288/417/359 250/418/360 249/415/359
f 250/419/361 233/420/362 289/421/361
f 289/421/363 251/422/364 250/419/363
f 251/423/365 234/424/366 290/425/365
f 290/425/367 252/426/368 251/423/367
f 252/427/369 235/428/370 232/429/369
f 232/429/371 249/430/372 252/427/371
f 253/431/365 236/432/366 291/433/365
f 291/433/367 254/434/368 253/431/367
f 254/435/369 238/436/370 292/437/369
f 292/437/371 255/438/373 254/435/371
f 255/439/374 239/440/358 293/441/374
f 293/441/359 256/431/360 255/439/359
f 256/442/361 240/443/362 237/444/361
f 237/444/363 253/445/375 256/442/363
f 257/353/376 226/446/377 277/447/378
f 258/184/379 228/448/377 281/449/380
f 233/450/381 288/451/381 259/358/381
f 240/452/382 293/453/382 220/355/382
f 260/2/383 224/454/384 273/455/385
f 261/357/386 230/456/387 285/457/388
f 235/458/389 290/459/389 262/363/389
f 238/460/390 291/461/390 263/361/390
f 264/185/391 223/462/392 279/463/393
f 265/3/394 227/464/395 287/465/396
f 266/362/397 231/466/397 232/467/397
f 267/359/398 236/468/398 237/469/398
f 268/356/399 225/470/400 275/471/401
f 269/354/402 229/472/403 283/473/404
f 270/352/405 234/474/405 289/475/405
f 271/360/406 239/476/406 292/477/406
f 279/478/407 223/479/408 272/384/338
f 273/480/409 224/481/410 274/388/342
f 275/482/411 225/483/412 276/392/346
f 277/484/413 226/485/414 278/396/350
f 287/486/415 227/487/416 280/400/346
f 281/488/417 228/489/418 282/404/350
f 283/490/419 229/491/420 284/408/354
f 285/492/421 230/493/422 286/412/342
f 279/463/351 226/446/377 257/353/376
f 257/353/376 264/185/423 279/463/351
f 283/473/351 228/448/377 258/184/379
f 258/184/379 269/354/424 283/473/351
f 289/421/425 233/420/426 259/494/425
f 259/494/425 270/495/427 289/421/425
f 237/444/425 240/443/426 220/496/425
f 220/496/425 267/497/428 237/444/425
f 275/389/343 224/481/384 260/498/383
f 260/498/383 268/499/429 275/389/343
f 287/413/343 230/493/387 261/500/386
f 261/500/386 265/501/430 287/413/343
f 232/429/431 235/428/432 262/502/431
f 262/502/431 266/503/433 232/429/431
f 292/437/434 238/436/435 263/504/434
f 263/504/434 271/505/436 292/437/434
f 273/455/339 223/462/392 264/185/391
f 264/185/391 260/2/437 273/455/339
f 281/449/353 227/464/395 265/3/394
f 265/3/394 258/184/438 281/449/353
f 288/451/439 231/466/440 266/362/441
f 266/362/441 259/358/442 288/451/439
f 291/461/443 236/468/444 267/359/443
f 267/359/443 263/361/445 291/461/443
f 277/447/347 225/470/400 268/356/399
f 268/356/399 257/353/446 277/447/347
f 285/457/339 229/472/403 269/354/402
f 269/354/402 261/357/447 285/457/339
f 290/459/448 234/474/449 270/352/448
f 270/352/448 262/363/450 290/459/448
f 293/453/451 239/476/452 271/360/451
f 271/360/451 220/355/453 293/453/451
f 273/385/339 272/384/338 223/479/392
f 242/387/341 273/480/409 274/388/342
f 275/389/343 274/388/342 224/481/384
f 243/391/345 275/482/411 276/392/346
f 277/393/347 276/392/346 225/483/400
f 244/395/349 277/484/413 278/396/350
f 279/397/351 278/396/350 226/485/377
f 241/383/337 279/478/407 272/384/338
f 281/401/353 280/400/346 227/487/395
f 246/403/349 281/488/417 282/404/350
f 283/405/351 282/404/350 228/489/377
f 247/407/337 283/490/419 284/408/354
f 285/409/339 284/408/354 229/491/403
f 248/411/341 285/492/421 286/412/342
f 287/413/343 286/412/342 230/493/387
f 245/399/345 287/486/415 280/400/346
f 250/419/454 288/506/454 233/420/454
f 249/430/455 232/429/455 231/507/455
f 252/427/456 290/508/456 235/428/456
f 251/422/457 289/421/457 234/509/457
f 254/435/458 291/510/458 238/436/458
f 253/445/457 237/444/457 236/511/457
f 256/442/459 293/512/459 240/443/459
f 255/438/460 292/437/460 239/513/460
f 304/514/461 311/515/462 294/516/463
f 294/516/463 312/517/464 304/514/461
f 294/518/463 311/519/462 296/520/465
f 296/520/465 314/521/466 294/518/463
f 315/522/467 295/523/172 313/524/468
f 324/525/469 315/522/467 297/526/470
f 297/526/470 301/527/471 324/525/469
f 318/528/472 298/529/473 319/530/474
f 319/530/474 299/531/475 318/528/472
f 315/522/467 324/525/469 300/532/476
f 300/532/476 295/523/172 315/522/467
f 320/533/26 325/534/264 302/535/153
f 302/535/153 322/536/262 320/533/26
f 298/537/473 318/538/472 320/533/477
f 320/533/477 322/536/478 298/537/473
f 321/539/479 300/532/476 324/525/469
f 323/540/480 303/541/481 302/535/482
f 302/535/482 325/534/483 323/540/480
f 330/542/484 308/543/275 314/521/274
f 314/521/274 296/520/273 330/542/484
f 299/531/485 319/530/486 304/514/276
f 304/514/276 312/517/487 299/531/485
f 316/544/488 317/545/489 306/546/490
f 306/546/490 328/547/491 316/544/488
f 326/548/492 305/549/493 329/550/494
f 329/550/494 333/551/495 310/552/496
f 310/552/496 307/553/497 329/550/494
f 306/554/490 317/555/489 308/543/498
f 308/543/498 330/542/499 306/554/490
f 331/556/500 309/557/501 316/544/502
f 316/544/502 328/547/503 331/556/500
f 303/558/481 323/559/480 309/557/504
f 309/557/504 331/556/505 303/558/481
f 333/551/495 327/560/218 332/561/506
f 305/549/493 327/560/218 333/551/495
f 333/551/495 329/550/494 305/549/493
f 294/516/507 295/562/172 312/517/508
f 295/523/172 294/563/507 313/524/468
f 314/521/509 313/564/468 294/518/507
f 313/564/468 314/521/509 308/543/510
f 308/543/510 315/565/467 313/564/468
f 300/566/476 299/531/511 312/517/508
f 312/517/508 295/562/172 300/566/476
f 317/555/512 315/565/467 308/543/510
f 315/522/467 317/567/512 297/526/470
f 316/544/513 297/568/470 317/545/512
f 318/538/514 321/569/479 320/533/515
f 321/539/479 318/570/514 300/532/476
f 299/531/511 300/566/476 318/528/514
f 324/571/469 325/534/516 320/533/515
f 320/533/515 321/569/479 324/571/469
f 323/559/517 301/572/471 309/557/518
f 301/527/471 323/573/517 324/525/469
f 325/534/516 324/571/469 323/540/517
f 297/568/470 316/544/513 309/557/518
f 309/557/518 301/572/471 297/568/470
f 311/519/233 326/574/492 296/520/519
f 326/548/492 311/575/233 305/549/493
f 304/514/520 305/576/493 311/515/233
f 329/577/494 330/542/521 296/520/519
f 296/578/519 326/548/492 329/550/494
f 305/576/493 304/514/520 319/530/237
f 319/530/237 327/579/218 305/576/493
f 306/580/522 307/553/497 328/581/523
f 307/553/497 306/580/522 329/550/494
f 330/582/521 329/550/494 306/580/522
f 298/529/524 327/579/218 319/530/237
f 327/560/218 298/583/524 332/561/506
f 322/536/525 332/584/506 298/537/524
f 332/584/506 322/536/525 302/535/526
f 302/535/526 333/585/495 332/584/506
f 303/541/527 333/585/495 302/535/526
f 333/551/495 303/586/527 310/552/496
f 331/587/528 310/552/496 303/586/527
f 310/588/496 331/556/528 328/547/523
f 328/581/523 307/553/497 310/552/496
f 352/589/529 334/590/530 350/591/531
f 350/591/531 343/592/532 352/589/529
f 355/593/533 334/594/530 352/595/529
f 352/595/529 335/596/534 355/593/533
f 353/597/535 351/598/252 336/599/536
f 336/599/536 357/600/254 353/597/535
f 360/601/255 362/602/256 336/599/536
f 337/603/537 370/604/538 338/605/539
f 338/605/539 345/606/540 337/603/537
f 354/607/206 360/601/255 336/599/536
f 336/599/536 351/598/252 354/607/206
f 361/608/541 341/609/542 340/610/543
f 340/610/543 339/611/544 361/608/541
f 340/610/545 338/612/539 370/613/538
f 370/613/538 339/611/546 340/610/545
f 360/601/255 354/607/206 359/614/267
f 361/608/547 372/615/548 342/616/549
f 342/616/549 341/609/550 361/608/547
f 335/596/193 358/617/551 348/618/552
f 348/618/552 355/593/553 335/596/193
f 350/591/554 337/603/555 345/606/556
f 345/606/556 343/592/557 350/591/554
f 368/619/558 346/620/559 356/621/560
f 356/621/560 366/622/561 368/619/558
f 367/623/171 344/624/180 364/625/562
f 364/625/562 365/626/563 367/623/171
f 358/617/564 346/627/559 368/628/558
f 368/628/558 348/618/565 358/617/564
f 356/621/566 363/629/567 349/630/568
f 349/630/568 366/622/569 356/621/566
f 363/629/570 342/631/549 372/632/548
f 372/632/548 349/630/571 363/629/570
f 371/633/572 369/634/299 347/635/179
f 347/635/179 373/636/573 371/633/572
f 347/635/179 369/634/299 344/624/180
f 344/624/180 367/623/171 347/635/179
f 343/592/574 351/637/252 352/589/575
f 353/597/535 352/638/575 351/598/252
f 352/638/575 353/597/535 335/639/576
f 358/617/577 335/596/576 353/640/535
f 353/597/535 357/600/254 358/641/577
f 343/592/574 345/606/304 354/642/206
f 354/642/206 351/637/252 343/592/574
f 358/641/577 357/600/254 346/643/305
f 336/599/536 346/643/305 357/600/254
f 346/643/305 336/599/536 356/644/578
f 340/610/579 359/645/267 338/612/308
f 354/607/206 338/646/308 359/614/267
f 338/605/308 354/642/206 345/606/304
f 340/610/579 341/609/580 360/647/255
f 360/647/255 359/645/267 340/610/579
f 363/648/310 362/602/256 342/649/581
f 360/601/255 342/649/581 362/602/256
f 342/616/581 360/647/255 341/609/580
f 363/629/310 356/621/578 336/650/536
f 336/599/536 362/602/256 363/648/310
f 355/593/582 364/651/562 334/594/583
f 344/624/180 334/652/583 364/625/562
f 334/590/583 344/653/180 350/591/584
f 355/593/582 348/618/585 365/654/563
f 365/654/563 364/651/562 355/593/582
f 337/603/586 350/591/584 344/653/180
f 344/653/180 369/655/299 337/603/586
f 366/622/587 367/656/171 368/619/318
f 365/626/563 368/657/318 367/623/171
f 368/657/318 365/626/563 348/658/585
f 337/603/586 369/655/299 370/604/588
f 371/633/572 370/659/588 369/634/299
f 370/659/588 371/633/572 339/660/589
f 361/608/590 339/611/589 371/661/572
f 371/661/572 373/662/573 361/608/590
f 361/608/590 373/662/573 372/615/591
f 347/635/179 372/663/591 373/636/573
f 372/632/591 347/664/179 349/630/592
f 366/622/587 349/630/592 347/664/179
f 347/664/179 367/656/171 366/622/587
f 374/665/593 382/666/594 383/667/595
f 383/667/595 375/668/596 374/665/593
f 375/669/597 383/670/598 384/671/599
f 384/671/599 376/672/600 375/669/597
f 376/672/601 384/671/602 385/673/603
f 385/673/603 377/674/604 376/672/601
f 377/675/605 385/676/606 386/677/607
f 386/677/607 378/678/608 377/675/605
f 378/678/609 386/677/610 387/679/611
f 387/679/611 379/680/612 378/678/609
f 379/681/613 387/682/614 388/683/615
f 388/683/615 380/684/616 379/681/613
f 380/684/617 388/683/618 389/685/619
f 389/685/619 381/686/620 380/684/617
f 381/687/621 389/688/622 382/666/623
f 382/666/623 374/665/624 381/687/621
f 382/666/594 390/689/625 391/690/626
f 391/690/626 383/667/595 382/666/594
f 383/670/598 391/691/627 392/692/628
f 392/692/628 384/671/599 383/670/598
f 384/671/602 392/692/629 393/693/630
f 393/693/630 385/673/603 384/671/602
f 385/676/606 393/694/631 394/695/632
f 394/695/632 386/677/607 385/676/606
f 386/677/610 394/695/633 395/696/634
f 395/696/634 387/679/611 386/677/610
f 387/682/614 395/697/635 396/698/636
f 396/698/636 388/683/615 387/682/614
f 388/683/618 396/698/637 397/699/638
f 397/699/638 389/685/619 388/683/618
f 389/688/622 397/700/639 390/689/640
f 390/689/640 382/666/623 389/688/622
f 390/689/625 398/701/641 399/702/642
f 399/702/642 391/690/626 390/689/625
f 391/691/627 399/703/643 400/704/644
f 400/704/644 392/692/628 391/691/627
f 392/692/629 400/704/645 401/705/646
f 401/705/646 393/693/630 392/692/629
f 393/694/631 401/706/647 402/707/648
f 402/707/648 394/695/632 393/694/631
f 394/695/633 402/707/649 403/708/650
f 403/708/650 395/696/634 394/695/633
f 395/697/635 403/709/651 404/710/652
f 404/710/652 396/698/636 395/697/635
f 396/698/637 404/710/653 405/711/654
f 405/711/654 397/699/638 396/698/637
f 397/700/639 405/712/655 398/701/656
f 398/701/656 390/689/640 397/700/639
f 398/701/641 406/713/657 407/714/658
f 407/714/658 399/702/642 398/701/641
f 399/715/643 407/716/659 408/717/660
f 408/717/660 400/718/644 399/715/643
f 400/704/645 408/719/661 409/720/662
f 409/720/662 401/705/646 400/704/645
f 401/706/647 409/721/663 410/722/664
f 410/722/664 402/707/648 401/706/647
f 402/707/649 410/722/665 411/723/666
f 411/723/666 403/708/650 402/707/649
f 403/724/651 411/725/667 412/726/668
f 412/726/668 404/727/652 403/724/651
f 404/727/653 412/726/669 413/728/670
f 413/728/670 405/729/654 404/727/653
f 405/712/655 413/730/671 406/713/672
f 406/713/672 398/701/656 405/712/655
f 406/713/657 414/731/673 415/732/674
f 415/732/674 407/714/658 406/713/657
f 407/716/659 415/733/675 416/734/676
f 416/734/676 408/717/660 407/716/659
f 408/717/661 416/734/677 417/735/678
f 417/735/678 409/736/662 408/717/661
f 409/721/663 417/737/679 418/738/680
f 418/738/680 410/722/664 409/721/663
f 410/722/665 418/738/681 419/739/682
f 419/739/682 411/723/666 410/722/665
f 411/725/667 419/740/683 420/741/684
f 420/741/684 412/726/668 411/725/667
f 412/726/669 420/741/685 421/742/686
f 421/742/686 413/728/670 412/726/669
f 413/730/671 421/743/687 414/731/688
f 414/731/688 406/713/672 413/730/671
f 414/731/673 422/744/689 423/745/690
f 423/745/690 415/732/674 414/731/673
f 415/733/675 423/746/691 424/747/692
f 424/747/692 416/734/676 415/733/675
f 416/734/677 424/747/693 425/748/694
f 425/748/694 417/735/678 416/734/677
f 417/737/679 425/749/695 426/750/696
f 426/750/696 418/738/680 417/737/679
f 418/738/681 426/750/697 427/751/698
f 427/751/698 419/739/682 418/738/681
f 419/740/683 427/752/699 428/753/700
f 428/753/700 420/741/684 419/740/683
f 420/741/685 428/753/701 429/754/702
f 429/754/702 421/742/686 420/741/685
f 421/743/687 429/755/703 422/744/704
f 422/744/704 414/731/688 421/743/687
f 422/744/689 430/756/705 431/757/706
f 431/757/706 423/745/690 422/744/689
f 423/746/691 431/758/707 432/759/708
f 432/759/708 424/747/692 423/746/691
f 424/747/693 432/759/709 433/760/710
f 433/760/710 425/748/694 424/747/693
f 425/749/695 433/761/711 434/762/712
f 434/762/712 426/750/696 425/749/695
f 426/750/697 434/762/713 435/763/714
f 435/763/714 427/751/698 426/750/697
f 427/752/699 435/764/715 436/765/716
f 436/765/716 428/753/700 427/752/699
f 428/753/701 436/765/717 437/766/718
f 437/766/718 429/754/702 428/753/701
f 429/755/703 437/767/719 430/756/720
f 430/756/720 422/744/704 429/755/703
f 430/756/705 438/768/721 439/769/722
f 439/769/722 431/757/706 430/756/705
f 431/758/707 439/770/723 440/771/724
f 440/771/724 432/759/708 431/758/707
f 432/759/709 440/771/725 441/772/726
f 441/772/726 433/760/710 432/759/709
f 433/761/711 441/773/727 442/774/728
f 442/774/728 434/762/712 433/761/711
f 434/762/713 442/774/729 443/775/730
f 443/775/730 435/763/714 434/762/713
f 435/776/715 443/777/731 444/778/732
f 444/778/732 436/779/716 435/776/715
f 436/765/717 444/780/733 445/781/734
f 445/781/734 437/766/718 436/765/717
f 437/767/719 445/782/735 438/768/736
f 438/768/736 430/756/720 437/767/719
f 438/768/721 446/783/737 447/784/738
f 447/784/738 439/769/722 438/768/721
f 439/785/723 447/786/739 448/787/740
f 448/787/740 440/788/724 439/785/723
f 440/788/725 448/787/741 449/789/742
f 449/789/742 441/790/726 440/788/725
f 441/773/727 449/791/743 450/792/744
f 450/792/744 442/774/728 441/773/727
f 442/774/729 450/792/745 451/793/746
f 451/793/746 443/775/730 442/774/729
f 443/777/731 451/794/747 452/795/748
f 452/795/748 444/778/732 443/777/731
f 444/778/733 452/795/749 453/796/750
f 453/796/750 445/797/734 444/778/733
f 445/782/735 453/798/751 446/783/752
f 446/783/752 438/768/736 445/782/735
f 446/783/737 454/799/753 455/800/754
f 455/800/754 447/784/738 446/783/737
f 447/786/739 455/801/755 456/802/756
f 456/802/756 448/787/740 447/786/739
f 448/787/741 456/802/757 457/803/758
f 457/803/758 449/789/742 448/787/741
f 449/791/743 457/804/609 458/805/759
f 458/805/759 450/792/744 449/791/743
f 450/792/745 458/805/605 459/806/760
f 459/806/760 451/793/746 450/792/745
f 451/794/747 459/807/761 460/808/762
f 460/808/762 452/795/748 451/794/747
f 452/795/749 460/808/763 461/809/764
f 461/809/764 453/796/750 452/795/749
f 453/798/751 461/810/593 454/799/765
f 454/799/765 446/783/752 453/798/751
f 454/799/753 462/811/766 463/812/767
f 463/812/767 455/800/754 454/799/753
f 455/801/755 463/813/768 464/814/769
f 464/814/769 456/802/756 455/801/755
f 456/802/757 464/814/770 465/815/771
f 465/815/771 457/803/758 456/802/757
f 457/804/609 465/816/772 466/817/611
f 466/817/611 458/805/759 457/804/609
f 458/805/605 466/817/773 467/818/607
f 467/818/607 459/806/760 458/805/605
f 459/807/761 467/819/774 468/820/775
f 468/820/775 460/808/762 459/807/761
f 460/808/763 468/820/776 469/821/777
f 469/821/777 461/809/764 460/808/763
f 461/810/593 469/822/778 462/811/595
f 462/811/595 454/799/765 461/810/593
f 462/811/766 470/823/779 471/824/780
f 471/824/780 463/812/767 462/811/766
f 463/813/768 471/825/781 472/826/782
f 472/826/782 464/814/769 463/813/768
f 464/814/770 472/826/783 473/827/784
f 473/827/784 465/815/771 464/814/770
f 465/816/772 473/828/785 474/829/786
f 474/829/786 466/817/611 465/816/772
f 466/817/773 474/829/787 475/830/788
f 475/830/788 467/818/607 466/817/773
f 467/819/774 475/831/789 476/832/790
f 476/832/790 468/820/775 467/819/774
f 468/820/776 476/832/791 477/833/792
f 477/833/792 469/821/777 468/820/776
f 469/822/778 477/834/793 470/823/794
f 470/823/794 462/811/595 469/822/778
f 470/823/779 478/835/795 479/836/796
f 479/836/796 471/824/780 470/823/779
f 471/825/781 479/837/797 480/838/798
f 480/838/798 472/826/782 471/825/781
f 472/826/783 480/838/799 481/839/800
f 481/839/800 473/827/784 472/826/783
f 473/828/785 481/840/801 482/841/802
f 482/841/802 474/829/786 473/828/785
f 474/829/787 482/841/803 483/842/804
f 483/842/804 475/830/788 474/829/787
f 475/831/789 483/843/805 484/844/806
f 484/844/806 476/832/790 475/831/789
f 476/832/791 484/844/807 485/845/808
f 485/845/808 477/833/792 476/832/791
f 477/834/793 485/846/809 478/835/810
f 478/835/810 470/823/794 477/834/793
f 478/835/795 486/847/811 487/848/812
f 487/848/812 479/836/796 478/835/795
f 479/849/797 487/850/813 488/851/814
f 488/851/814 480/852/798 479/849/797
f 480/852/799 488/851/815 489/853/816
f 489/853/816 481/854/800 480/852/799
f 481/840/801 489/855/817 490/856/818
f 490/856/818 482/841/802 481/840/801
f 482/841/803 490/856/819 491/857/820
f 491/857/820 483/842/804 482/841/803
f 483/843/805 491/858/821 492/859/822
f 492/859/822 484/844/806 483/843/805
f 484/860/807 492/861/823 493/862/824
f 493/862/824 485/863/808 484/860/807
f 485/846/809 493/864/825 486/847/826
f 486/847/826 478/835/810 485/846/809
f 486/847/811 494/865/687 495/866/827
f 495/866/827 487/848/812 486/847/811
f 487/850/813 495/867/828 496/868/829
f 496/868/829 488/851/814 487/850/813
f 488/851/815 496/868/830 497/869/831
f 497/869/831 489/853/816 488/851/815
f 489/855/817 497/870/681 498/871/832
f 498/871/832 490/856/818 489/855/817
f 490/856/819 498/871/833 499/872/834
f 499/872/834 491/857/820 490/856/819
f 491/873/821 499/874/835 500/875/836
f 500/875/836 492/861/822 491/873/821
f 492/861/823 500/875/837 501/876/838
f 501/876/838 493/862/824 492/861/823
f 493/864/825 501/877/839 494/865/840
f 494/865/840 486/847/826 493/864/825
f 494/865/687 502/878/841 503/879/704
f 503/879/704 495/866/827 494/865/687
f 495/867/828 503/880/842 504/881/843
f 504/881/843 496/868/829 495/867/828
f 496/868/830 504/881/844 505/882/845
f 505/882/845 497/869/831 496/868/830
f 497/870/681 505/883/846 506/884/698
f 506/884/698 498/871/832 497/870/681
f 498/871/833 506/884/847 507/885/848
f 507/885/848 499/872/834 498/871/833
f 499/874/835 507/886/849 508/887/850
f 508/887/850 500/875/836 499/874/835
f 500/875/837 508/887/851 509/888/852
f 509/888/852 501/876/838 500/875/837
f 501/877/839 509/889/853 502/878/854
f 502/878/854 494/865/840 501/877/839
f 502/878/841 510/890/855 511/891/856
f 511/891/856 503/879/704 502/878/841
f 503/880/842 511/892/857 512/893/858
f 512/893/858 504/881/843 503/880/842
f 504/881/844 512/893/859 513/894/860
f 513/894/860 505/882/845 504/881/844
f 505/883/846 513/895/861 514/896/862
f 514/896/862 506/884/698 505/883/846
f 506/884/847 514/896/863 515/897/864
f 515/897/864 507/885/848 506/884/847
f 507/886/849 515/898/865 516/899/866
f 516/899/866 508/887/850 507/886/849
f 508/887/851 516/899/867 517/900/868
f 517/900/868 509/888/852 508/887/851
f 509/889/853 517/901/869 510/890/870
f 510/890/870 502/878/854 509/889/853
f 510/890/855 518/902/871 519/903/872
f 519/903/872 511/891/856 510/890/855
f 511/892/857 519/904/873 520/718/874
f 520/718/874 512/893/858 511/892/857
f 512/905/859 520/906/875 521/907/876
f 521/907/876 513/908/860 512/905/859
f 513/895/861 521/909/877 522/910/878
f 522/910/878 514/896/862 513/895/861
f 514/896/863 522/910/879 523/911/880
f 523/911/880 515/897/864 514/896/863
f 515/898/865 523/912/881 524/913/882
f 524/913/882 516/899/866 515/898/865
f 516/899/867 524/913/883 525/914/884
f 525/914/884 517/900/868 516/899/867
f 517/901/869 525/915/885 518/902/886
f 518/902/886 510/890/870 517/901/869
f 518/902/871 526/916/887 527/917/888
f 527/917/888 519/903/872 518/902/871
f 519/918/873 527/919/889 528/920/890
f 528/920/890 520/906/874 519/918/873
f 520/906/875 528/920/891 529/921/892
f 529/921/892 521/907/876 520/906/875
f 521/909/877 529/922/893 530/923/894
f 530/923/894 522/910/878 521/909/877
f 522/910/879 530/923/895 531/924/896
f 531/924/896 523/911/880 522/910/879
f 523/925/881 531/926/897 532/927/898
f 532/927/898 524/928/882 523/925/881
f 524/928/883 532/927/899 533/929/900
f 533/929/900 525/930/884 524/928/883
f 525/915/885 533/931/901 526/916/902
f 526/916/902 518/902/886 525/915/885
f 526/916/887 374/665/593 375/668/596
f 375/668/596 527/917/888 526/916/887
f 527/919/889 375/669/597 376/672/600
f 376/672/600 528/920/890 527/919/889
f 528/920/891 376/672/601 377/674/604
f 377/674/604 529/921/892 528/920/891
f 529/922/893 377/675/605 378/678/608
f 378/678/608 530/923/894 529/922/893
f 530/923/895 378/678/609 379/680/612
f 379/680/612 531/924/896 530/923/895
f 531/926/897 379/681/613 380/684/616
f 380/684/616 532/927/898 531/926/897
f 532/927/899 380/684/617 381/686/620
f 381/686/620 533/929/900 532/927/899
f 533/931/901 381/687/621 374/665/624
f 374/665/624 526/916/902 533/931/901
f 600/932/903 536/933/904 537/934/905
f 537/934/905 535/935/906 600/932/903
f 538/936/907 539/937/908 556/938/909
f 540/939/910 604/940/911 613/941/912
f 534/942/913 544/943/914 545/944/915
f 545/944/915 599/945/916 534/942/913
f 544/943/914 546/946/917 547/947/918
f 547/947/918 545/944/915 544/943/914
f 600/932/903 607/948/919 548/949/920
f 548/949/920 536/933/904 600/932/903
f 607/948/919 547/950/918 546/951/917
f 546/951/917 548/949/920 607/948/919
f 537/934/905 549/952/921 550/953/922
f 550/953/922 535/935/906 537/934/905
f 549/952/921 551/954/923 552/955/924
f 552/955/924 550/953/922 549/952/921
f 541/956/925 609/957/926 553/958/927
f 553/958/927 542/959/928 541/956/925
f 609/957/926 552/960/924 551/961/923
f 551/961/923 553/958/927 609/957/926
f 556/938/909 554/962/929 538/936/907
f 589/963/31 601/964/930 557/965/931
f 557/965/931 586/966/932 589/963/31
f 554/962/929 556/938/909 613/941/912
f 613/941/912 558/967/933 554/962/929
f 604/940/911 558/967/933 613/941/912
f 613/941/912 559/968/934 540/939/910
f 613/941/912 543/969/935 559/968/934
f 562/970/936 563/971/937 564/972/938
f 564/972/938 616/973/939 562/970/936
f 579/974/940 565/975/941 619/976/942
f 569/977/943 566/978/944 621/979/945
f 624/980/946 570/981/947 561/982/948
f 561/982/948 560/983/949 624/980/946
f 622/984/950 571/985/951 570/981/947
f 570/981/947 624/980/946 622/984/950
f 572/986/952 573/987/953 564/972/938
f 564/972/938 563/971/937 572/986/952
f 571/988/951 622/989/950 573/987/953
f 573/987/953 572/986/952 571/988/951
f 626/990/954 574/991/955 562/970/936
f 562/970/936 616/973/939 626/990/954
f 620/992/956 575/993/957 574/991/955
f 574/991/955 626/990/954 620/992/956
f 576/994/958 577/995/959 623/996/960
f 623/996/960 567/997/960 576/994/958
f 575/998/957 620/999/956 577/995/959
f 577/995/959 576/994/958 575/998/957
f 580/1000/961 627/1001/962 579/974/940
f 619/976/942 580/1000/961 579/974/940
f 579/974/940 581/1002/963 565/975/941
f 618/1003/61 578/1004/964 595/1005/63
f 595/1005/63 593/1006/965 618/1003/61
f 569/977/943 579/974/940 627/1001/962
f 627/1001/962 615/1007/966 569/977/943
f 569/977/943 615/1007/966 566/978/944
f 621/979/945 582/1008/967 569/977/943
f 585/1009/968 584/1010/969 583/1011/970
f 588/1012/971 587/1013/972 586/966/932
f 589/963/31 610/1014/973 585/1015/968
f 590/1016/974 606/1017/975 588/1018/971
f 591/1019/976 628/1020/977 592/1021/978
f 593/1006/965 629/1022/979 594/1023/980
f 592/1024/978 596/1025/981 595/1005/63
f 594/1026/980 598/1027/982 597/1028/983
f 535/935/984 611/1029/985 558/1030/986
f 558/1030/986 600/932/987 535/935/984
f 555/1031/949 601/1032/988 585/1009/968
f 585/1009/968 583/1011/970 555/1031/949
f 557/965/931 602/1033/989 588/1012/971
f 588/1012/971 586/966/932 557/965/931
f 538/936/907 603/1034/990 539/937/908
f 538/936/907 552/1035/991 603/1034/990
f 540/939/992 547/1036/993 604/940/994
f 545/944/995 559/1037/996 599/945/997
f 559/1037/996 545/944/995 547/947/993
f 607/948/998 600/932/987 558/1030/986
f 558/1030/986 604/1038/994 607/948/998
f 607/948/998 604/1038/994 547/950/993
f 550/953/999 608/1039/1000 611/1029/985
f 611/1029/985 535/935/984 550/953/999
f 608/1039/1000 550/953/999 552/955/991
f 609/957/1001 541/956/1002 605/1040/1003
f 605/1040/1003 603/1041/990 609/957/1001
f 609/957/1001 603/1041/990 552/960/991
f 589/963/1004 585/1015/1005 601/964/988
f 554/962/929 611/1042/985 608/1043/1000
f 554/962/929 608/1043/1000 538/936/907
f 552/1035/991 538/936/907 608/1043/1000
f 603/1034/990 605/1044/1003 539/937/908
f 590/1016/1006 588/1018/971 602/1045/989
f 586/966/932 587/1013/972 610/1014/973
f 610/1014/973 589/963/31 586/966/932
f 611/1042/985 554/962/929 558/967/986
f 556/938/909 610/1046/973 587/1047/972
f 587/1047/972 613/941/912 556/938/909
f 547/1036/993 540/939/992 559/968/996
f 543/1048/1007 599/945/997 559/1037/996
f 564/972/1008 615/1049/1009 616/973/1010
f 591/1019/1011 592/1021/1012 617/1050/1013
f 593/1006/1014 594/1023/1015 618/1003/1016
f 620/1051/1017 619/976/1018 565/975/1019
f 622/1052/1020 621/979/945 566/978/1021
f 624/980/1022 560/983/1023 614/1053/1024
f 614/1053/1024 625/1054/1025 624/980/1022
f 624/980/1022 625/1054/1025 622/984/1020
f 573/987/1026 566/1055/1021 615/1049/1009
f 615/1049/1009 564/972/1008 573/987/1026
f 566/1055/1021 573/987/1026 622/989/1020
f 616/973/1010 580/1056/1027 626/990/1028
f 626/990/1028 580/1056/1027 620/992/1017
f 577/995/1029 565/1057/1019 581/1058/1030
f 581/1058/1030 623/996/1031 577/995/1029
f 565/1057/1019 577/995/1029 620/999/1017
f 578/1004/964 617/1059/1032 592/1024/978
f 592/1024/978 595/1005/63 578/1004/964
f 580/1000/1027 616/1060/1010 627/1001/1033
f 619/976/1018 620/1051/1017 580/1000/1027
f 568/1061/1034 618/1062/1016 594/1026/980
f 594/1026/980 597/1028/983 568/1061/1034
f 595/1005/63 596/1025/981 629/1022/979
f 629/1022/979 593/1006/965 595/1005/63
f 569/977/943 632/1063/1035 579/974/940
f 632/1063/1035 629/1064/979 596/1065/981
f 596/1065/981 579/974/940 632/1063/1035
f 627/1001/1033 616/1060/1010 615/1007/1009
f 621/979/945 625/1066/1025 582/1008/967
f 621/979/945 622/1052/1020 625/1066/1025
f 625/1066/1025 614/1067/1024 582/1008/967
f 556/938/909 612/1068/1036 610/1046/973
f 612/1068/1036 584/1069/969 585/1070/968
f 585/1070/968 610/1046/973 612/1068/1036
f 587/1047/972 630/1071/1037 613/941/912
f 630/1071/1037 587/1047/972 588/1072/971
f 588/1072/971 606/1073/975 630/1071/1037
f 596/1065/981 631/1074/1038 579/974/940
f 631/1074/1038 596/1065/981 592/1075/978
f 592/1075/978 628/1076/977 631/1074/1038
f 598/1077/982 632/1063/1035 569/977/943
f 632/1063/1035 598/1077/982 594/1078/980
f 594/1078/980 629/1064/979 632/1063/1035
f 643/1079/1039 684/1080/1040 633/1081/1041
f 633/1081/1041 685/1082/1042 643/1079/1039
f 633/1083/1041 684/1084/1040 635/1085/1043
f 635/1085/1043 687/1086/1044 633/1083/1041
f 686/1087/1045 688/1088/1046 636/1089/1047
f 636/1089/1047 640/1090/1048 697/1091/1049
f 691/1092/1050 638/1093/1051 692/1094/1052
f 692/1094/1052 637/1095/1053 691/1092/1050
f 636/1089/1047 697/1091/1049 694/1096/1054
f 694/1096/1054 686/1087/1045 636/1089/1047
f 686/1087/1045 694/1096/1054 639/1097/1055
f 639/1097/1055 634/1098/1056 686/1087/1045
f 693/1099/153 698/1100/264 641/1101/153
f 641/1101/153 695/1102/262 693/1099/153
f 638/1103/1051 691/1104/1050 693/1099/1057
f 693/1099/1057 695/1102/1058 638/1103/1051
f 696/1105/480 642/1106/1059 641/1101/1060
f 641/1101/1060 698/1100/483 696/1105/480
f 703/1107/484 647/1108/275 687/1086/484
f 687/1086/484 635/1085/273 703/1107/484
f 637/1095/1061 692/1094/486 643/1079/276
f 643/1079/276 685/1082/487 637/1095/1061
f 689/1109/1062 690/1110/1063 645/1111/1064
f 645/1111/1064 701/1112/1065 689/1109/1062
f 646/1113/1066 702/1114/1067 699/1115/1068
f 646/1113/1066 706/1116/1069 649/1117/1070
f 645/1118/1064 690/1119/1063 647/1108/1071
f 647/1108/1071 703/1107/1072 645/1118/1064
f 704/1120/500 648/1121/501 689/1109/1073
f 689/1109/1073 701/1112/503 704/1120/500
f 705/1122/1074 699/1115/1068 644/1123/1075
f 644/1123/1075 700/1124/1076 705/1122/1074
f 642/1125/1059 696/1126/480 648/1121/1077
f 648/1121/1077 704/1120/1078 642/1125/1059
f 699/1115/1068 705/1122/1074 706/1116/1069
f 706/1116/1069 646/1113/1066 699/1115/1068
f 707/1127/1079 651/1128/1080 683/1129/1081
f 683/1129/1081 650/1130/1082 707/1127/1079
f 708/1131/1083 652/1132/1084 651/1128/1080
f 651/1128/1080 707/1127/1079 708/1131/1083
f 709/1133/1085 653/1134/1086 652/1135/1084
f 652/1135/1084 708/1136/1083 709/1133/1085
f 710/1137/1087 654/1138/1088 653/1134/1086
f 653/1134/1086 709/1133/1085 710/1137/1087
f 711/1139/1089 655/1140/1090 654/1138/1088
f 654/1138/1088 710/1137/1087 711/1139/1089
f 712/1141/1091 656/1142/1092 655/1140/1090
f 655/1140/1090 711/1139/1089 712/1141/1091
f 713/1143/1093 657/1144/1094 656/1145/1092
f 656/1145/1092 712/1146/1091 713/1143/1093
f 714/1147/1095 658/1148/1096 657/1144/1094
f 657/1144/1094 713/1143/1093 714/1147/1095
f 715/1149/1097 659/1150/1098 658/1148/1096
f 658/1148/1096 714/1147/1095 715/1149/1097
f 716/1151/1099 660/1152/1100 659/1150/1098
f 659/1150/1098 715/1149/1097 716/1151/1099
f 717/1153/1101 661/1154/1102 660/1155/1100
f 660/1155/1100 716/1156/1099 717/1153/1101
f 718/1157/1103 662/1158/1104 661/1154/1102
f 661/1154/1102 717/1153/1101 718/1157/1103
f 719/1159/1105 663/1160/1106 662/1158/1104
f 662/1158/1104 718/1157/1103 719/1159/1105
f 720/1161/1107 664/1162/1108 663/1160/1106
f 663/1160/1106 719/1159/1105 720/1161/1107
f 666/1163/1109 665/1164/1110 664/1165/1108
f 664/1165/1108 720/1166/1107 666/1163/1109
f 650/1130/1082 683/1129/1081 665/1164/1110
f 665/1164/1110 666/1163/1109 650/1130/1082
f 720/1167/1111 667/1168/1112 668/1169/1113
f 668/1169/1113 666/1170/1114 720/1167/1111
f 719/1171/1115 669/1172/1116 667/1168/1112
f 667/1168/1112 720/1167/1111 719/1171/1115
f 718/1173/1117 670/1174/1118 669/1172/1116
f 669/1172/1116 719/1171/1115 718/1173/1117
f 717/1175/1119 671/1176/1120 670/1174/1118
f 670/1174/1118 718/1173/1117 717/1175/1119
f 716/1177/1121 672/1178/1122 671/1176/1120
f 671/1176/1120 717/1175/1119 716/1177/1121
f 715/1179/1123 673/1180/1124 672/1178/1122
f 672/1178/1122 716/1177/1121 715/1179/1123
f 714/1181/1125 674/1182/1126 673/1180/1124
f 673/1180/1124 715/1179/1123 714/1181/1125
f 713/1183/1127 675/1184/1128 674/1182/1126
f 674/1182/1126 714/1181/1125 713/1183/1127
f 712/1185/1129 676/1186/1130 675/1184/1128
f 675/1184/1128 713/1183/1127 712/1185/1129
f 711/1187/1131 677/1188/1132 676/1186/1130
f 676/1186/1130 712/1185/1129 711/1187/1131
f 710/1189/1133 678/1190/1134 677/1188/1132
f 677/1188/1132 711/1187/1131 710/1189/1133
f 709/1191/1135 679/1192/1136 678/1190/1134
f 678/1190/1134 710/1189/1133 709/1191/1135
f 708/1193/1137 680/1194/1138 679/1192/1136
f 679/1192/1136 709/1191/1135 708/1193/1137
f 707/1195/1139 681/1196/1140 680/1194/1138
f 680/1194/1138 708/1193/1137 707/1195/1139
f 650/1197/1141 682/1198/1142 681/1196/1140
f 681/1196/1140 707/1195/1139 650/1197/1141
f 666/1170/1114 668/1169/1113 682/1198/1142
f 682/1198/1142 650/1197/1141 666/1170/1114
f 652/1199/1143 722/1200/1144 721/1201/1145
f 654/1202/1146 723/1203/1147 722/1200/1144
f 656/1204/1148 724/1205/1149 723/1203/1147
f 659/1206/1150 726/1207/1151 725/1208/1152
f 727/1209/1153 662/1210/1154 728/1211/1155
f 728/1211/1155 664/1212/1156 665/1213/1157
f 683/1214/1158 721/1201/1145 665/1213/1157
f 724/1205/1149 722/1200/1144 723/1203/1147
f 725/1208/1152 722/1200/1144 724/1205/1149
f 726/1207/1151 722/1200/1144 725/1208/1152
f 727/1209/1153 722/1200/1144 726/1207/1151
f 728/1211/1155 722/1200/1144 727/1209/1153
f 728/1211/1155 665/1213/1157 721/1201/1145
f 721/1201/1145 722/1200/1144 728/1211/1155
f 633/1081/1159 634/1215/1056 685/1082/1160
f 634/1098/1056 633/1216/1159 686/1087/1045
f 687/1086/1161 686/1217/1045 633/1083/1159
f 686/1217/1045 687/1086/1161 647/1108/1162
f 647/1108/1162 688/1218/1046 686/1217/1045
f 639/1219/1055 637/1095/1163 685/1082/1160
f 685/1082/1160 634/1215/1056 639/1219/1055
f 690/1119/1164 688/1218/1046 647/1108/1162
f 688/1088/1046 690/1220/1164 636/1089/1047
f 689/1109/1165 636/1221/1047 690/1110/1164
f 691/1104/1166 694/1222/1054 693/1099/1167
f 694/1096/1054 691/1223/1166 639/1097/1055
f 637/1095/1163 639/1219/1055 691/1092/1166
f 697/1224/1049 698/1100/1168 693/1099/1167
f 693/1099/1167 694/1222/1054 697/1224/1049
f 696/1126/1169 640/1225/1048 648/1121/1170
f 640/1090/1048 696/1226/1169 697/1091/1049
f 698/1227/1168 697/1091/1049 696/1226/1169
f 636/1221/1047 689/1109/1165 648/1121/1170
f 648/1121/1170 640/1225/1048 636/1221/1047
f 684/1084/1171 699/1228/1068 635/1085/1172
f 699/1115/1068 684/1229/1171 644/1123/1075
f 643/1079/1173 644/1230/1075 684/1080/1171
f 702/1231/1067 703/1107/1174 635/1085/1172
f 635/1085/1172 699/1228/1068 702/1231/1067
f 644/1230/1075 643/1079/1173 692/1094/1175
f 692/1094/1175 700/1232/1076 644/1230/1075
f 645/1111/1176 646/1233/1066 701/1112/1177
f 646/1113/1066 645/1234/1176 702/1114/1067
f 703/1235/1174 702/1114/1067 645/1234/1176
f 638/1093/1178 700/1232/1076 692/1094/1175
f 700/1124/1076 638/1236/1178 705/1122/1074
f 695/1102/1179 705/1237/1074 638/1103/1178
f 705/1237/1074 695/1102/1179 641/1101/1180
f 641/1101/1180 706/1238/1069 705/1237/1074
f 642/1106/1181 706/1238/1069 641/1101/1180
f 706/1116/1069 642/1239/1181 649/1117/1070
f 704/1120/1182 649/1240/1070 642/1125/1181
f 649/1240/1070 704/1120/1182 701/1112/1177
f 701/1112/1177 646/1233/1066 649/1240/1070
f 651/1128/1183 721/1241/1183 683/1129/1184
f 721/1201/1183 651/1242/1183 652/1199/1185
f 653/1243/1186 722/1200/1186 652/1199/1187
f 722/1200/1186 653/1243/1186 654/1202/1188
f 655/1244/1189 723/1203/1190 654/1202/1191
f 723/1203/1190 655/1244/1189 656/1204/1192
f 657/1245/1193 724/1205/1194 656/1204/1195
f 724/1246/1194 657/1144/1193 658/1148/1196
f 658/1148/1196 725/1247/1197 724/1246/1194
f 725/1247/1197 658/1148/1196 659/1150/1198
f 660/1248/1199 726/1207/1200 659/1206/1201
f 726/1207/1200 660/1248/1199 661/1249/1202
f 661/1249/1202 727/1209/1203 726/1207/1200
f 727/1250/1203 661/1154/1202 662/1158/1204
f 663/1160/1205 728/1251/1206 662/1158/1207
f 728/1211/1206 663/1252/1205 664/1212/1208
f 739/1253/1209 780/1254/1040 729/1255/1210
f 729/1255/1210 781/1256/1211 739/1253/1209
f 729/1257/1210 780/1258/1040 731/1259/1212
f 731/1259/1212 783/1260/1213 729/1257/1210
f 732/1261/1214 730/1262/172 782/1263/1215
f 782/1263/1215 784/1264/1216 732/1261/1214
f 732/1261/1214 736/1265/1217 793/1266/1218
f 787/1267/1219 734/1268/1220 788/1269/1052
f 788/1269/1052 733/1270/1221 787/1267/1219
f 732/1261/1214 793/1266/1218 735/1271/1222
f 735/1271/1222 730/1262/172 732/1261/1214
f 789/1272/26 794/1273/264 737/1274/153
f 737/1274/153 791/1275/262 789/1272/26
f 734/1276/1220 787/1277/1219 789/1272/1223
f 789/1272/1223 791/1275/478 734/1276/1220
f 790/1278/1224 735/1271/1222 793/1266/1218
f 792/1279/1225 738/1280/1226 737/1274/1227
f 737/1274/1227 794/1273/1228 792/1279/1225
f 799/1281/484 743/1282/275 783/1260/274
f 783/1260/274 731/1259/273 799/1281/484
f 733/1270/485 788/1269/486 739/1253/276
f 739/1253/276 781/1256/487 733/1270/485
f 785/1283/488 786/1284/1229 741/1285/1230
f 741/1285/1230 797/1286/1231 785/1283/488
f 795/1287/1232 740/1288/1233 742/1289/1234
f 742/1289/1234 798/1290/1235 795/1287/1232
f 742/1289/1234 802/1291/1236 745/1292/1237
f 741/1293/1230 786/1294/1229 743/1282/1238
f 743/1282/1238 799/1281/1239 741/1293/1230
f 800/1295/500 744/1296/501 785/1283/502
f 785/1283/502 797/1286/503 800/1295/500
f 738/1297/1226 792/1298/1225 744/1296/1240
f 744/1296/1240 800/1295/1241 738/1297/1226
f 802/1291/1236 796/1299/218 801/1300/1242
f 740/1288/1233 796/1299/218 802/1291/1236
f 802/1291/1236 742/1289/1234 740/1288/1233
f 803/1301/1243 747/1302/1244 804/1303/1245
f 804/1303/1245 746/1304/1246 803/1301/1243
f 805/1305/1247 748/1306/1248 747/1302/1244
f 747/1302/1244 803/1301/1243 805/1305/1247
f 806/1307/1249 749/1308/1250 748/1309/1248
f 748/1309/1248 805/1310/1247 806/1307/1249
f 807/1311/1251 750/1312/1088 749/1308/1250
f 749/1308/1250 806/1307/1249 807/1311/1251
f 808/1313/1252 751/1314/1253 750/1312/1088
f 750/1312/1088 807/1311/1251 808/1313/1252
f 809/1315/1254 752/1316/1092 751/1314/1253
f 751/1314/1253 808/1313/1252 809/1315/1254
f 810/1317/1255 753/1318/1094 752/1319/1092
f 752/1319/1092 809/1320/1254 810/1317/1255
f 811/1321/1256 754/1322/1257 753/1318/1094
f 753/1318/1094 810/1317/1255 811/1321/1256
f 812/1323/1258 755/1324/1259 754/1322/1257
f 754/1322/1257 811/1321/1256 812/1323/1258
f 813/1325/1260 756/1326/1261 755/1324/1259
f 755/1324/1259 812/1323/1258 813/1325/1260
f 814/1327/1262 757/1328/1263 756/1329/1261
f 756/1329/1261 813/1330/1260 814/1327/1262
f 815/1331/1264 758/1332/1265 757/1328/1263
f 757/1328/1263 814/1327/1262 815/1331/1264
f 816/1333/1266 759/1334/1267 758/1332/1265
f 758/1332/1265 815/1331/1264 816/1333/1266
f 817/1335/1268 760/1336/1269 759/1334/1267
f 759/1334/1267 816/1333/1266 817/1335/1268
f 762/1337/1270 761/1338/1271 760/1339/1269
f 760/1339/1269 817/1340/1268 762/1337/1270
f 746/1304/1246 804/1303/1245 761/1338/1271
f 761/1338/1271 762/1337/1270 746/1304/1246
f 817/1341/1272 763/1342/1273 764/1343/1113
f 764/1343/1113 762/1344/1274 817/1341/1272
f 816/1345/1115 765/1346/1116 763/1342/1273
f 763/1342/1273 817/1341/1272 816/1345/1115
f 815/1347/1117 766/1348/1275 765/1346/1116
f 765/1346/1116 816/1345/1115 815/1347/1117
f 814/1349/1119 767/1350/1120 766/1348/1275
f 766/1348/1275 815/1347/1117 814/1349/1119
f 813/1351/1276 768/1352/1277 767/1350/1120
f 767/1350/1120 814/1349/1119 813/1351/1276
f 812/1353/1278 769/1354/1279 768/1352/1277
f 768/1352/1277 813/1351/1276 812/1353/1278
f 811/1355/1280 770/1356/1281 769/1354/1279
f 769/1354/1279 812/1353/1278 811/1355/1280
f 810/1357/1282 771/1358/1283 770/1356/1281
f 770/1356/1281 811/1355/1280 810/1357/1282
f 809/1359/1284 772/1360/1285 771/1358/1283
f 771/1358/1283 810/1357/1282 809/1359/1284
f 808/1361/1131 773/1362/1132 772/1360/1285
f 772/1360/1285 809/1359/1284 808/1361/1131
f 807/1363/1286 774/1364/1287 773/1362/1132
f 773/1362/1132 808/1361/1131 807/1363/1286
f 806/1365/1288 775/1366/1289 774/1364/1287
f 774/1364/1287 807/1363/1286 806/1365/1288
f 805/1367/1290 776/1368/1291 775/1366/1289
f 775/1366/1289 806/1365/1288 805/1367/1290
f 803/1369/1139 777/1370/1292 776/1368/1291
f 776/1368/1291 805/1367/1290 803/1369/1139
f 746/1371/1293 778/1372/1294 777/1370/1292
f 777/1370/1292 803/1369/1139 746/1371/1293
f 762/1344/1274 764/1343/1113 778/1372/1294
f 778/1372/1294 746/1371/1293 762/1344/1274
f 748/1373/1295 818/1374/1296 747/1375/1297
f 750/1376/1298 819/1377/1299 818/1374/1296
f 752/1378/1300 820/1379/1301 819/1377/1299
f 822/1380/1302 756/1381/1303 757/1382/1304
f 758/1383/1305 823/1384/1306 757/1382/1304
f 761/1385/1307 779/1386/1308 824/1387/1309
f 779/1386/1308 747/1375/1297 818/1374/1296
f 818/1374/1296 823/1384/1306 779/1386/1308
f 819/1377/1299 823/1384/1306 818/1374/1296
f 820/1379/1301 823/1384/1306 819/1377/1299
f 821/1388/1310 823/1384/1306 820/1379/1301
f 822/1380/1302 823/1384/1306 821/1388/1310
f 822/1380/1302 757/1382/1304 823/1384/1306
f 779/1386/1308 823/1384/1306 824/1387/1309
f 729/1255/1311 730/1389/172 781/1256/1312
f 730/1262/172 729/1390/1311 782/1263/1215
f 783/1260/1313 782/1391/1215 729/1257/1311
f 782/1391/1215 783/1260/1313 743/1282/1314
f 743/1282/1314 784/1392/1216 782/1391/1215
f 735/1393/1222 733/1270/1315 781/1256/1312
f 781/1256/1312 730/1389/172 735/1393/1222
f 786/1294/1316 784/1392/1216 743/1282/1314
f 784/1264/1216 786/1394/1316 732/1261/1214
f 785/1395/1317 732/1261/1214 786/1394/1316
f 787/1277/1318 790/1396/1224 789/1272/1319
f 790/1278/1224 787/1397/1318 735/1271/1222
f 733/1270/1315 735/1393/1222 787/1267/1318
f 793/1398/1218 794/1273/1320 789/1272/1319
f 789/1272/1319 790/1396/1224 793/1398/1218
f 792/1298/1321 736/1399/1217 744/1296/1322
f 736/1265/1217 792/1400/1321 793/1266/1218
f 794/1401/1320 793/1266/1218 792/1400/1321
f 732/1402/1214 785/1283/1317 744/1296/1322
f 744/1296/1322 736/1399/1217 732/1402/1214
f 780/1258/1323 795/1403/1232 731/1259/1324
f 795/1287/1232 780/1404/1323 740/1288/1233
f 739/1253/1325 740/1405/1233 780/1254/1323
f 798/1406/1235 799/1281/1326 731/1259/1324
f 731/1259/1324 795/1403/1232 798/1406/1235
f 740/1405/1233 739/1253/1325 788/1269/1327
f 788/1269/1327 796/1407/218 740/1405/1233
f 741/1285/1328 742/1408/1234 797/1286/1329
f 742/1289/1234 741/1409/1328 798/1290/1235
f 799/1410/1326 798/1290/1235 741/1409/1328
f 734/1268/1330 796/1407/218 788/1269/1327
f 796/1299/218 734/1411/1330 801/1300/1242
f 791/1275/1331 801/1412/1242 734/1276/1330
f 801/1412/1242 791/1275/1331 737/1274/1332
f 737/1274/1332 802/1413/1236 801/1412/1242
f 738/1280/1333 802/1413/1236 737/1274/1332
f 802/1291/1236 738/1414/1333 745/1292/1237
f 800/1295/1334 745/1415/1237 738/1297/1333
f 745/1415/1237 800/1295/1334 797/1286/1329
f 797/1286/1329 742/1408/1234 745/1415/1237
f 779/1416/1335 804/1303/1335 747/1302/1336
f 749/1417/1337 818/1374/1337 748/1373/1338
f 818/1374/1337 749/1417/1337 750/1376/1339
f 751/1418/1340 819/1377/1340 750/1376/1341
f 819/1377/1340 751/1418/1340 752/1378/1342
f 753/1419/1343 820/1379/1344 752/1378/1345
f 820/1420/1344 753/1318/1343 754/1322/1346
f 754/1322/1346 821/1421/1347 820/1420/1344
f 821/1421/1347 754/1322/1346 755/1324/1348
f 755/1324/1348 822/1422/1349 821/1421/1347
f 822/1380/1349 755/1423/1348 756/1381/1350
f 759/1334/1351 823/1424/1352 758/1332/1353
f 823/1384/1352 759/1425/1351 760/1426/1354
f 760/1426/1354 824/1387/1355 823/1384/1352
f 824/1387/1355 760/1426/1354 761/1385/1356
f 804/1303/1335 779/1416/1335 761/1338/1357
f 835/1427/1209 876/1428/1358 825/1429/1210
f 825/1429/1210 877/1430/1211 835/1427/1209
f 825/1431/1210 876/1432/1358 827/1433/1043
f 827/1433/1043 879/1434/1044 825/1431/1210
f 880/1435/1359 826/1436/1360 878/1437/1361
f 891/1438/1362 880/1435/1359 828/1439/1363
f 828/1439/1363 832/1440/1364 891/1438/1362
f 883/1441/1365 830/1442/1366 884/1443/1367
f 884/1443/1367 829/1444/1368 883/1441/1365
f 880/1435/1359 891/1438/1362 831/1445/476
f 831/1445/476 826/1436/1360 880/1435/1359
f 887/1446/1369 892/1447/264 833/1448/26
f 833/1448/26 889/1449/1370 887/1446/1369
f 830/1450/1366 883/1451/1371 887/1446/1369
f 887/1446/1369 889/1449/1370 830/1450/1366
f 888/1452/1372 831/1445/476 891/1438/1362
f 890/1453/1373 834/1454/1374 833/1448/1375
f 833/1448/1375 892/1447/483 890/1453/1373
f 896/1455/272 839/1456/275 879/1434/484
f 879/1434/484 827/1433/273 896/1455/272
f 829/1444/1376 884/1443/485 835/1427/1377
f 835/1427/1377 877/1430/487 829/1444/1376
f 881/1457/488 882/1458/1378 837/1459/1379
f 837/1459/1379 894/1460/491 881/1457/488
f 893/1461/1380 836/1462/1381 895/1463/494
f 895/1463/494 898/1464/1382 841/1465/1383
f 841/1465/1383 838/1466/1384 895/1463/494
f 837/1467/1379 882/1468/1378 839/1456/1385
f 839/1456/1385 896/1455/1386 837/1467/1379
f 897/1469/500 840/1470/501 881/1457/502
f 881/1457/502 894/1460/503 897/1469/500
f 834/1471/1374 890/1472/1373 840/1470/1387
f 840/1470/1387 897/1469/1388 834/1471/1374
f 836/1462/1381 885/1473/1389 898/1464/1382
f 898/1464/1382 895/1463/494 836/1462/1381
f 899/1474/1390 843/1475/1391 900/1476/1392
f 900/1476/1392 842/1477/1393 899/1474/1390
f 901/1478/1394 844/1479/1395 843/1475/1391
f 843/1475/1391 899/1474/1390 901/1478/1394
f 902/1480/1396 845/1481/1397 844/1482/1395
f 844/1482/1395 901/1483/1394 902/1480/1396
f 903/1484/1398 846/1485/1399 845/1481/1397
f 845/1481/1397 902/1480/1396 903/1484/1398
f 904/1486/1400 847/1487/1401 846/1485/1399
f 846/1485/1399 903/1484/1398 904/1486/1400
f 905/1488/1402 848/1489/1403 847/1487/1401
f 847/1487/1401 904/1486/1400 905/1488/1402
f 906/1490/1404 849/1491/1405 848/1492/1403
f 848/1492/1403 905/1493/1402 906/1490/1404
f 907/1494/1406 850/1495/1407 849/1491/1405
f 849/1491/1405 906/1490/1404 907/1494/1406
f 908/1496/1258 851/1497/1408 850/1495/1407
f 850/1495/1407 907/1494/1406 908/1496/1258
f 909/1498/1409 852/1499/1410 851/1497/1408
f 851/1497/1408 908/1496/1258 909/1498/1409
f 910/1500/1411 853/1501/1412 852/1502/1410
f 852/1502/1410 909/1503/1409 910/1500/1411
f 911/1504/1413 854/1505/1414 853/1501/1412
f 853/1501/1412 910/1500/1411 911/1504/1413
f 912/1506/1415 855/1507/1416 854/1505/1414
f 854/1505/1414 911/1504/1413 912/1506/1415
f 913/1508/1417 856/1509/1418 855/1507/1416
f 855/1507/1416 912/1506/1415 913/1508/1417
f 858/1510/1419 857/1511/1420 856/1512/1418
f 856/1512/1418 913/1513/1417 858/1510/1419
f 842/1477/1393 900/1476/1392 857/1511/1420
f 857/1511/1420 858/1510/1419 842/1477/1393
f 913/1514/1421 859/1515/1422 860/1516/1423
f 860/1516/1423 858/1517/1424 913/1514/1421
f 912/1518/1115 861/1519/1116 859/1515/1422
f 859/1515/1422 913/1514/1421 912/1518/1115
f 911/1520/1425 862/1521/1426 861/1519/1116
f 861/1519/1116 912/1518/1115 911/1520/1425
f 910/1522/1427 863/1523/1428 862/1521/1426
f 862/1521/1426 911/1520/1425 910/1522/1427
f 909/1524/1429 864/1525/1430 863/1523/1428
f 863/1523/1428 910/1522/1427 909/1524/1429
f 908/1526/1431 865/1527/1432 864/1525/1430
f 864/1525/1430 909/1524/1429 908/1526/1431
f 907/1528/1433 866/1529/1434 865/1527/1432
f 865/1527/1432 908/1526/1431 907/1528/1433
f 906/1530/1282 867/1531/1283 866/1529/1434
f 866/1529/1434 907/1528/1433 906/1530/1282
f 905/1532/1435 868/1533/1436 867/1531/1283
f 867/1531/1283 906/1530/1282 905/1532/1435
f 904/1534/1437 869/1535/1438 868/1533/1436
f 868/1533/1436 905/1532/1435 904/1534/1437
f 903/1536/1439 870/1537/1440 869/1535/1438
f 869/1535/1438 904/1534/1437 903/1536/1439
f 902/1538/1441 871/1539/1136 870/1537/1440
f 870/1537/1440 903/1536/1439 902/1538/1441
f 901/1540/1137 872/1541/1291 871/1539/1136
f 871/1539/1136 902/1538/1441 901/1540/1137
f 899/1542/1139 873/1543/1292 872/1541/1291
f 872/1541/1291 901/1540/1137 899/1542/1139
f 842/1544/1293 874/1545/1294 873/1543/1292
f 873/1543/1292 899/1542/1139 842/1544/1293
f 858/1517/1424 860/1516/1423 874/1545/1294
f 874/1545/1294 842/1544/1293 858/1517/1424
f 875/1546/1442 843/1547/1443 914/1548/1444
f 845/1549/1445 915/1550/1446 914/1548/1444
f 847/1551/1447 916/1552/1448 915/1550/1446
f 849/1553/1449 917/1554/1450 916/1552/1448
f 918/1555/1451 852/1556/1452 853/1557/1453
f 856/1558/1454 920/1559/1455 919/1560/1456
f 919/1560/1456 855/1561/1457 856/1558/1454
f 914/1548/1444 920/1559/1455 875/1546/1442
f 915/1550/1446 920/1559/1455 914/1548/1444
f 916/1552/1448 920/1559/1455 915/1550/1446
f 917/1554/1450 920/1559/1455 916/1552/1448
f 918/1555/1451 920/1559/1455 917/1554/1450
f 918/1555/1451 853/1557/1453 919/1560/1456
f 919/1560/1456 920/1559/1455 918/1555/1451
f 825/1429/1458 826/1562/1360 877/1430/1459
f 826/1436/1360 825/1563/1458 878/1437/1361
f 879/1434/1460 878/1564/1361 825/1431/1458
f 878/1564/1361 879/1434/1460 839/1456/1461
f 839/1456/1461 880/1565/1359 878/1564/1361
f 831/1566/476 829/1444/1462 877/1430/1459
f 877/1430/1459 826/1562/1360 831/1566/476
f 882/1468/1463 880/1565/1359 839/1456/1461
f 880/1435/1359 882/1567/1463 828/1439/1363
f 881/1457/1464 828/1568/1363 882/1458/1463
f 884/1443/1367 830/1442/1366 885/1569/1465
f 885/1569/1465 886/1570/1466 884/1443/1367
f 883/1451/1467 888/1571/1372 887/1446/1468
f 888/1452/1372 883/1572/1467 831/1445/476
f 829/1444/1462 831/1566/476 883/1441/1467
f 891/1573/1362 892/1447/1469 887/1446/1468
f 887/1446/1468 888/1571/1372 891/1573/1362
f 885/1574/1465 830/1450/1366 889/1449/1370
f 890/1472/1470 832/1575/1364 840/1470/1471
f 832/1440/1364 890/1576/1470 891/1438/1362
f 892/1577/1469 891/1438/1362 890/1576/1470
f 828/1568/1363 881/1457/1464 840/1470/1471
f 840/1470/1471 832/1575/1364 828/1568/1363
f 876/1432/1472 893/1578/1380 827/1433/1473
f 893/1461/1380 876/1579/1472 836/1462/1381
f 835/1427/1474 836/1580/1381 876/1428/1472
f 895/1581/494 896/1455/1475 827/1433/1473
f 827/1433/1473 893/1578/1380 895/1581/494
f 886/1582/1476 885/1473/1389 836/1462/1381
f 836/1580/1381 835/1427/1474 884/1443/1367
f 884/1443/1367 886/1570/1466 836/1580/1381
f 837/1459/1477 838/1583/1384 894/1460/1478
f 838/1466/1384 837/1584/1477 895/1463/494
f 896/1585/1475 895/1463/494 837/1584/1477
f 885/1586/1479 889/1587/1480 833/1588/1481
f 833/1448/1481 898/1589/1382 885/1574/1479
f 834/1454/1482 898/1589/1382 833/1448/1481
f 898/1464/1382 834/1590/1482 841/1465/1383
f 897/1469/1483 841/1591/1383 834/1471/1482
f 841/1591/1383 897/1469/1483 894/1460/1478
f 894/1460/1478 838/1583/1384 841/1591/1383
f 875/1592/1484 900/1476/1485 843/1475/1486
f 844/1593/1487 914/1548/1487 843/1547/1488
f 914/1548/1487 844/1593/1487 845/1549/1489
f 846/1594/1490 915/1550/1490 845/1549/1491
f 915/1550/1490 846/1594/1490 847/1551/1492
f 848/1595/1493 916/1552/1494 847/1551/1495
f 916/1552/1494 848/1595/1493 849/1553/1496
f 850/1495/1497 917/1596/1498 849/1491/1499
f 917/1596/1498 850/1495/1497 851/1497/1500
f 851/1497/1500 918/1597/1501 917/1596/1498
f 918/1555/1501 851/1598/1500 852/1556/1502
f 854/1505/1503 919/1599/1504 853/1501/1505
f 919/1599/1504 854/1505/1503 855/1507/1506
f 857/1600/1507 920/1559/1508 856/1558/1509
f 920/1601/1508 857/1511/1507 900/1476/1485
f 900/1476/1485 875/1592/1484 920/1601/1508
f 931/1602/1510 938/1603/1511 921/1604/1512
f 921/1604/1512 939/1605/1513 931/1602/1510
f 921/1606/1512 938/1607/1511 923/1608/169
f 923/1608/169 941/1609/170 921/1606/1512
f 942/1610/467 922/1611/172 940/1612/1514
f 951/1613/1515 942/1610/467 924/1614/1363
f 924/1614/1363 928/1615/1516 951/1613/1515
f 945/1616/1517 926/1617/1518 946/1618/1519
f 946/1618/1519 925/1619/1520 945/1616/1517
f 942/1610/467 951/1613/1515 927/1620/476
f 927/1620/476 922/1611/172 942/1610/467
f 947/1621/1521 952/1622/182 929/1623/1522
f 929/1623/1522 949/1624/184 947/1621/1521
f 926/1625/1518 945/1626/1517 947/1621/1523
f 947/1621/1523 949/1624/1524 926/1625/1518
f 948/1627/1525 927/1620/476 951/1613/1515
f 950/1628/1526 930/1629/1527 929/1623/1528
f 929/1623/1528 952/1622/1529 950/1628/1526
f 957/1630/1530 935/1631/194 941/1609/195
f 941/1609/195 923/1608/196 957/1630/1530
f 925/1619/197 946/1618/198 931/1602/1531
f 931/1602/1531 939/1605/200 925/1619/197
f 943/1632/1532 944/1633/202 933/1634/203
f 933/1634/203 955/1635/1533 943/1632/1532
f 953/1636/1534 932/1637/1535 956/1638/1536
f 956/1638/1536 960/1639/1537 937/1640/496
f 937/1640/496 934/1641/497 956/1638/1536
f 933/1642/203 944/1643/202 935/1631/1538
f 935/1631/1538 957/1630/1539 933/1642/203
f 958/1644/1540 936/1645/212 943/1632/213
f 943/1632/213 955/1635/214 958/1644/1540
f 932/1637/1535 954/1646/1541 959/1647/1542
f 930/1648/1527 950/1649/1526 936/1645/1543
f 936/1645/1543 958/1644/1544 930/1648/1527
f 932/1637/1535 959/1647/1542 960/1639/1537
f 960/1639/1537 956/1638/1536 932/1637/1535
f 921/1604/1545 922/1650/172 939/1605/1546
f 922/1611/172 921/1651/1545 940/1612/1514
f 941/1609/1547 940/1652/1514 921/1606/1545
f 940/1652/1514 941/1609/1547 935/1631/1548
f 935/1631/1548 942/1653/467 940/1652/1514
f 927/1654/476 925/1619/1315 939/1605/1546
f 939/1605/1546 922/1650/172 927/1654/476
f 944/1643/1549 942/1653/467 935/1631/1548
f 942/1610/467 944/1655/1549 924/1614/1363
f 943/1632/1464 924/1656/1363 944/1633/1549
f 945/1626/1550 948/1657/1525 947/1621/1551
f 948/1627/1525 945/1658/1550 927/1620/476
f 925/1619/1315 927/1654/476 945/1616/1550
f 951/1659/1515 952/1622/1552 947/1621/1551
f 947/1621/1551 948/1657/1525 951/1659/1515
f 950/1649/1553 928/1660/1516 936/1645/1554
f 928/1615/1516 950/1661/1553 951/1613/1515
f 952/1622/1552 951/1659/1515 950/1628/1553
f 924/1656/1363 943/1632/1464 936/1645/1554
f 936/1645/1554 928/1660/1516 924/1656/1363
f 938/1607/1555 953/1662/1534 923/1608/1556
f 953/1636/1534 938/1663/1555 932/1637/1535
f 931/1602/1557 932/1664/1535 938/1603/1555
f 956/1665/1536 957/1630/1558 923/1608/1556
f 923/1666/1556 953/1636/1534 956/1638/1536
f 932/1664/1535 931/1602/1557 946/1618/1559
f 946/1618/1559 954/1667/1541 932/1664/1535
f 933/1668/1560 934/1641/497 955/1669/523
f 934/1641/497 933/1668/1560 956/1638/1536
f 957/1670/1558 956/1638/1536 933/1668/1560
f 926/1617/1561 954/1667/1541 946/1618/1559
f 954/1646/1541 926/1671/1561 959/1647/1542
f 949/1624/1562 959/1672/1542 926/1625/1561
f 959/1672/1542 949/1624/1562 929/1623/1563
f 929/1623/1563 960/1673/1537 959/1672/1542
f 930/1629/1564 960/1673/1537 929/1623/1563
f 960/1639/1537 930/1674/1564 937/1640/496
f 958/1675/528 937/1640/496 930/1674/1564
f 937/1676/496 958/1644/528 955/1635/523
f 955/1669/523 934/1641/497 937/1640/496
f 979/1677/1565 961/1678/1566 977/1679/1567
f 977/1679/1567 970/1680/1568 979/1677/1565
f 982/1681/1569 961/1682/1566 979/1683/1565
f 979/1683/1565 962/1684/1570 982/1681/1569
f 980/1685/1571 978/1686/1572 963/1687/536
f 963/1687/536 984/1688/254 980/1685/1571
f 987/1689/1573 989/1690/256 963/1687/536
f 964/1691/1574 997/1692/1575 965/1693/1576
f 965/1693/1576 972/1694/1577 964/1691/1574
f 981/1695/261 987/1689/1573 963/1687/536
f 963/1687/536 978/1686/1572 981/1695/261
f 988/1696/153 968/1697/262 967/1698/263
f 967/1698/263 966/1699/264 988/1696/153
f 967/1698/1578 965/1700/1576 997/1701/1575
f 997/1701/1575 966/1699/1579 967/1698/1578
f 987/1689/1573 981/1695/261 986/1702/1580
f 988/1696/268 999/1703/269 969/1704/270
f 969/1704/270 968/1697/1581 988/1696/268
f 962/1684/484 985/1705/273 975/1706/274
f 975/1706/274 982/1681/275 962/1684/484
f 977/1679/1582 964/1691/277 972/1694/1583
f 972/1694/1583 970/1680/1584 977/1679/1582
f 995/1707/1585 973/1708/281 983/1709/1586
f 983/1709/1586 993/1710/283 995/1707/1585
f 994/1711/284 971/1712/285 991/1713/286
f 991/1713/286 992/1714/1587 994/1711/284
f 974/1715/288 1000/1716/1588 994/1711/284
f 985/1705/1589 973/1717/281 995/1718/1585
f 995/1718/1585 975/1706/1590 985/1705/1589
f 983/1709/1591 990/1719/293 976/1720/294
f 976/1720/294 993/1710/295 983/1709/1591
f 990/1719/1592 969/1721/270 999/1722/269
f 999/1722/269 976/1720/1593 990/1719/1592
f 998/1723/1594 996/1724/299 1000/1716/1588
f 1000/1716/1588 996/1724/299 971/1712/285
f 971/1712/285 994/1711/284 1000/1716/1588
f 970/1680/1595 978/1725/1572 979/1677/1596
f 980/1685/1571 979/1726/1596 978/1686/1572
f 979/1726/1596 980/1685/1571 962/1727/1597
f 985/1705/303 962/1684/1597 980/1728/1571
f 980/1685/1571 984/1688/254 985/1729/303
f 970/1680/1595 972/1694/1598 981/1730/261
f 981/1730/261 978/1725/1572 970/1680/1595
f 985/1729/303 984/1688/254 973/1731/1599
f 963/1687/536 973/1731/1599 984/1688/254
f 973/1731/1599 963/1687/536 983/1732/1600
f 967/1698/1601 986/1733/1580 965/1700/1602
f 981/1695/261 965/1734/1602 986/1702/1580
f 965/1693/1602 981/1730/261 972/1694/1598
f 967/1698/1601 968/1697/1603 987/1735/1573
f 987/1735/1573 986/1733/1580 967/1698/1601
f 990/1736/310 989/1690/256 969/1737/1604
f 987/1689/1573 969/1737/1604 989/1690/256
f 969/1704/1604 987/1735/1573 968/1697/1603
f 990/1719/310 983/1709/1600 963/1738/536
f 963/1687/536 989/1690/256 990/1736/310
f 982/1681/1605 991/1739/286 961/1682/1606
f 971/1712/285 961/1740/1606 991/1713/286
f 961/1678/1606 971/1741/285 977/1679/1607
f 982/1681/1605 975/1706/1608 992/1742/1587
f 992/1742/1587 991/1739/286 982/1681/1605
f 964/1691/1609 977/1679/1607 971/1741/285
f 971/1741/285 996/1743/299 964/1691/1609
f 993/1710/1610 994/1744/284 995/1707/318
f 992/1714/1587 995/1745/318 994/1711/284
f 995/1745/318 992/1714/1587 975/1746/1608
f 964/1691/1609 996/1743/299 997/1692/1611
f 998/1723/1594 997/1747/1611 996/1724/299
f 997/1747/1611 998/1723/1594 966/1748/1612
f 988/1696/1613 966/1699/1612 998/1749/1594
f 998/1749/1594 1000/1750/1588 988/1696/1613
f 988/1696/1613 1000/1750/1588 999/1703/1614
f 974/1715/288 999/1751/1614 1000/1716/1588
f 999/1722/1614 974/1752/288 976/1720/1615
f 993/1710/1610 976/1720/1615 974/1752/288
f 974/1752/288 994/1744/284 993/1710/1610
f 1068/1753/1616 1001/1754/1617 1066/1755/1618
f 1066/1755/1618 1010/1756/1619 1068/1753/1616
f 1071/1757/1620 1001/1758/1617 1068/1759/1616
f 1068/1759/1616 1002/1760/1621 1071/1757/1620
f 1003/1761/1622 1073/1762/1623 1077/1763/1624
f 1077/1763/1624 1079/1764/1625 1003/1761/1622
f 1004/1765/1626 1075/1766/1627 1005/1767/1628
f 1005/1767/1628 1012/1768/1629 1004/1765/1626
f 1076/1769/1630 1077/1763/1624 1073/1762/1623
f 1073/1762/1623 1069/1770/1631 1076/1769/1630
f 1070/1771/1632 1076/1769/1630 1069/1770/1631
f 1069/1770/1631 1067/1772/1633 1070/1771/1632
f 1078/1773/26 1008/1774/262 1007/1775/976
f 1007/1775/976 1006/1776/1634 1078/1773/26
f 1007/1775/976 1005/1777/1635 1075/1778/1627
f 1075/1778/1627 1006/1776/1634 1007/1775/976
f 1078/1773/1636 1087/1779/1637 1009/1780/1638
f 1009/1780/1638 1008/1774/1639 1078/1773/1636
f 1002/1760/484 1074/1781/273 1015/1782/1640
f 1015/1782/1640 1071/1757/275 1002/1760/484
f 1066/1755/1641 1004/1765/1583 1012/1768/1642
f 1012/1768/1642 1010/1756/279 1066/1755/1641
f 1085/1783/1643 1013/1784/1644 1072/1785/1645
f 1072/1785/1645 1083/1786/1646 1085/1783/1643
f 1081/1787/1359 1082/1788/1647 1084/1789/1648
f 1014/1790/1649 1088/1791/1650 1084/1789/1648
f 1074/1781/1651 1013/1792/1644 1085/1793/1643
f 1085/1793/1643 1015/1782/1652 1074/1781/1651
f 1072/1785/1591 1080/1794/293 1017/1795/502
f 1017/1795/502 1083/1786/295 1072/1785/1591
f 1011/1796/1653 1081/1787/1359 1016/1797/1654
f 1080/1794/1655 1009/1798/1638 1087/1799/1637
f 1087/1799/1637 1017/1795/1656 1080/1794/1655
f 1088/1791/1650 1016/1797/1654 1081/1787/1359
f 1081/1787/1359 1084/1789/1648 1088/1791/1650
f 1018/1800/1657 1051/1801/1658 1048/1802/1659
f 1048/1802/1659 1050/1803/1660 1018/1800/1657
f 1051/1801/1658 1052/1804/1661 1046/1805/1662
f 1046/1805/1662 1048/1802/1659 1051/1801/1658
f 1052/1806/1661 1089/1807/1663 1044/1808/1664
f 1044/1808/1664 1046/1809/1662 1052/1806/1661
f 1089/1807/1663 1090/1810/1665 1042/1811/1666
f 1042/1811/1666 1044/1808/1664 1089/1807/1663
f 1090/1810/1665 1091/1812/1667 1040/1813/1668
f 1040/1813/1668 1042/1811/1666 1090/1810/1665
f 1091/1812/1667 1053/1814/1669 1038/1815/1670
f 1038/1815/1670 1040/1813/1668 1091/1812/1667
f 1053/1816/1669 1092/1817/1671 1036/1818/1672
f 1036/1818/1672 1038/1819/1670 1053/1816/1669
f 1092/1817/1671 1054/1820/1673 1034/1821/1674
f 1034/1821/1674 1036/1818/1672 1092/1817/1671
f 1054/1820/1673 1055/1822/1675 1032/1823/1676
f 1032/1823/1676 1034/1821/1674 1054/1820/1673
f 1055/1822/1675 1093/1824/1677 1030/1825/1678
f 1030/1825/1678 1032/1823/1676 1055/1822/1675
f 1093/1826/1677 1094/1827/1679 1028/1828/1680
f 1028/1828/1680 1030/1829/1678 1093/1826/1677
f 1094/1827/1679 1057/1830/1681 1026/1831/1682
f 1026/1831/1682 1028/1828/1680 1094/1827/1679
f 1057/1830/1681 1095/1832/1683 1024/1833/1684
f 1024/1833/1684 1026/1831/1682 1057/1830/1681
f 1095/1832/1683 1058/1834/1685 1022/1835/1686
f 1022/1835/1686 1024/1833/1684 1095/1832/1683
f 1058/1836/1685 1064/1837/1687 1019/1838/1688
f 1019/1838/1688 1022/1839/1686 1058/1836/1685
f 1064/1837/1687 1018/1800/1657 1050/1803/1660
f 1050/1803/1660 1019/1838/1688 1064/1837/1687
f 1020/1840/1689 1021/1841/1690 1022/1842/1691
f 1022/1842/1691 1019/1843/1692 1020/1840/1689
f 1021/1841/1690 1023/1844/1693 1024/1845/1694
f 1024/1845/1694 1022/1842/1691 1021/1841/1690
f 1023/1844/1693 1025/1846/1695 1026/1847/1696
f 1026/1847/1696 1024/1845/1694 1023/1844/1693
f 1025/1846/1695 1027/1848/1697 1028/1849/1698
f 1028/1849/1698 1026/1847/1696 1025/1846/1695
f 1027/1848/1697 1029/1850/1699 1030/1851/1700
f 1030/1851/1700 1028/1849/1698 1027/1848/1697
f 1029/1850/1699 1031/1852/1701 1032/1853/1702
f 1032/1853/1702 1030/1851/1700 1029/1850/1699
f 1031/1852/1701 1033/1854/1703 1034/1855/1704
f 1034/1855/1704 1032/1853/1702 1031/1852/1701
f 1033/1854/1703 1035/1856/1705 1036/1857/1706
f 1036/1857/1706 1034/1855/1704 1033/1854/1703
f 1035/1856/1705 1037/1858/1707 1038/1859/1708
f 1038/1859/1708 1036/1857/1706 1035/1856/1705
f 1037/1858/1707 1039/1860/1709 1040/1861/1710
f 1040/1861/1710 1038/1859/1708 1037/1858/1707
f 1039/1860/1709 1041/1862/1711 1042/1863/1712
f 1042/1863/1712 1040/1861/1710 1039/1860/1709
f 1041/1862/1711 1043/1864/1713 1044/1865/1714
f 1044/1865/1714 1042/1863/1712 1041/1862/1711
f 1043/1864/1713 1045/1866/1715 1046/1867/1716
f 1046/1867/1716 1044/1865/1714 1043/1864/1713
f 1045/1866/1715 1047/1868/1717 1048/1869/1718
f 1048/1869/1718 1046/1867/1716 1045/1866/1715
f 1047/1868/1717 1049/1870/1719 1050/1871/1720
f 1050/1871/1720 1048/1869/1718 1047/1868/1717
f 1049/1870/1719 1020/1840/1689 1019/1843/1692
f 1019/1843/1692 1050/1871/1720 1049/1870/1719
f 1096/1872/1721 1065/1873/1722 1052/1874/1723
f 1052/1874/1723 1051/1875/1724 1096/1872/1721
f 1061/1876/1725 1053/1877/1726 1060/1878/1727
f 1061/1876/1725 1056/1879/1728 1055/1880/1729
f 1055/1880/1729 1054/1881/1730 1061/1876/1725
f 1063/1882/1731 1057/1883/1732 1062/1884/1733
f 1064/1885/1734 1058/1886/1735 1063/1882/1731
f 1059/1887/1736 1065/1873/1722 1060/1878/1727
f 1060/1878/1727 1065/1873/1722 1061/1876/1725
f 1061/1876/1725 1065/1873/1722 1056/1879/1728
f 1056/1879/1728 1065/1873/1722 1062/1884/1733
f 1062/1884/1733 1065/1873/1722 1063/1882/1731
f 1063/1882/1731 1065/1873/1722 1096/1872/1721
f 1096/1872/1721 1064/1885/1734 1063/1882/1731
f 1010/1756/1737 1067/1888/1633 1068/1753/1738
f 1069/1770/1631 1068/1889/1738 1067/1772/1633
f 1068/1759/1738 1069/1890/1631 1002/1760/1739
f 1074/1781/1740 1002/1760/1739 1069/1890/1631
f 1069/1890/1631 1073/1891/1623 1074/1781/1740
f 1010/1756/1737 1012/1768/1741 1070/1892/1632
f 1070/1892/1632 1067/1888/1633 1010/1756/1737
f 1074/1781/1740 1073/1891/1623 1013/1792/1742
f 1003/1761/1622 1013/1893/1742 1073/1762/1623
f 1013/1784/1742 1003/1894/1622 1072/1785/1743
f 1004/1765/1626 1086/1895/1744 1016/1569/1745
f 1016/1569/1745 1075/1766/1627 1004/1765/1626
f 1007/1775/1601 1076/1896/1630 1005/1777/1746
f 1070/1771/1632 1005/1897/1746 1076/1769/1630
f 1005/1767/1746 1070/1892/1632 1012/1768/1741
f 1007/1775/1601 1008/1774/1747 1077/1898/1624
f 1077/1898/1624 1076/1896/1630 1007/1775/1601
f 1006/1776/1634 1075/1778/1627 1016/1899/1745
f 1080/1794/1748 1079/1900/1625 1009/1798/1749
f 1077/1763/1624 1009/1901/1749 1079/1764/1625
f 1009/1901/1749 1077/1763/1624 1008/1902/1747
f 1080/1794/1748 1072/1785/1743 1003/1894/1622
f 1003/1894/1622 1079/1900/1625 1080/1794/1748
f 1071/1757/1750 1081/1903/1359 1001/1758/1751
f 1011/1796/1653 1001/1904/1751 1081/1787/1359
f 1001/1754/1751 1011/1905/1653 1066/1755/1752
f 1071/1757/1750 1015/1782/1753 1082/1906/1647
f 1082/1906/1647 1081/1903/1359 1071/1757/1750
f 1011/1796/1653 1016/1797/1654 1086/1907/1754
f 1004/1765/1626 1066/1755/1752 1011/1905/1653
f 1011/1905/1653 1086/1895/1744 1004/1765/1626
f 1083/1786/1755 1084/1908/1648 1085/1783/1756
f 1082/1788/1647 1085/1909/1756 1084/1789/1648
f 1085/1909/1756 1082/1788/1647 1015/1910/1753
f 1078/1911/1757 1006/1912/1758 1016/1913/1759
f 1016/1899/1759 1088/1914/1650 1078/1773/1757
f 1078/1773/1757 1088/1914/1650 1087/1779/1760
f 1014/1790/1649 1087/1915/1760 1088/1791/1650
f 1087/1799/1760 1014/1916/1649 1017/1795/1761
f 1083/1786/1755 1017/1795/1761 1014/1916/1649
f 1014/1916/1649 1084/1908/1648 1083/1786/1755
f 1051/1801/1762 1018/1800/1763 1096/1917/1763
f 1052/1806/1764 1065/1918/1765 1089/1807/1766
f 1090/1810/1767 1089/1807/1766 1065/1918/1765
f 1065/1918/1765 1059/1919/1768 1090/1810/1767
f 1091/1812/1769 1090/1810/1767 1059/1919/1768
f 1059/1919/1768 1060/1920/1770 1091/1812/1769
f 1053/1814/1771 1091/1812/1769 1060/1920/1770
f 1053/1877/1772 1061/1876/1773 1092/1921/1773
f 1054/1820/1774 1092/1817/1773 1061/1922/1773
f 1055/1880/1775 1056/1879/1776 1093/1923/1777
f 1094/1924/1778 1093/1923/1777 1056/1879/1776
f 1056/1879/1776 1062/1884/1779 1094/1924/1778
f 1057/1830/1780 1094/1827/1778 1062/1925/1779
f 1057/1830/1781 1063/1926/1782 1095/1832/1782
f 1058/1886/1783 1095/1927/1782 1063/1882/1782
f 1064/1837/1784 1096/1917/1763 1018/1800/1763
f 1163/1928/1785 1097/1929/1566 1161/1930/1786
f 1161/1930/1786 1106/1931/1787 1163/1928/1785
f 1166/1932/1788 1097/1933/1566 1163/1934/1785
f 1163/1934/1785 1098/1935/1789 1166/1932/1788
f 1164/1936/1790 1162/1937/1791 1168/1938/1792
f 1099/1939/1793 1168/1938/1792 1171/1940/1794
f 1171/1940/1794 1173/1941/1795 1099/1939/1793
f 1100/1942/1796 1181/1943/1797 1101/1944/1798
f 1101/1944/1798 1108/1945/1799 1100/1942/1796
f 1170/1946/1800 1171/1940/1794 1168/1938/1792
f 1168/1938/1792 1162/1937/1791 1170/1946/1800
f 1165/1947/1801 1170/1946/1800 1162/1937/1791
f 1172/1948/26 1104/1949/262 1103/1950/153
f 1103/1950/153 1102/1951/264 1172/1948/26
f 1103/1950/1802 1101/1952/1798 1181/1953/1797
f 1181/1953/1797 1102/1951/1803 1103/1950/1802
f 1172/1948/1804 1183/1954/269 1105/1955/1805
f 1105/1955/1805 1104/1949/1806 1172/1948/1804
f 1098/1935/484 1169/1956/273 1111/1957/484
f 1111/1957/484 1166/1932/275 1098/1935/484
f 1161/1930/276 1100/1942/277 1108/1945/1583
f 1108/1945/1583 1106/1931/1584 1161/1930/276
f 1179/1958/1585 1109/1959/1644 1167/1960/1807
f 1167/1960/1807 1177/1961/1808 1179/1958/1585
f 1176/1962/1809 1107/1963/1810 1175/1964/1811
f 1110/1965/1812 1184/1966/1813 1176/1962/1809
f 1176/1962/1809 1178/1967/1814 1110/1965/1812
f 1169/1956/1589 1109/1968/1644 1179/1969/1585
f 1179/1969/1585 1111/1957/1815 1169/1956/1589
f 1167/1960/1591 1174/1970/293 1112/1971/294
f 1112/1971/294 1177/1961/295 1167/1960/1591
f 1174/1970/1816 1105/1972/1805 1183/1973/269
f 1183/1973/269 1112/1971/1817 1174/1970/1816
f 1182/1974/1818 1180/1975/299 1184/1966/1813
f 1184/1966/1813 1180/1975/299 1107/1963/1810
f 1107/1963/1810 1176/1962/1809 1184/1966/1813
f 1113/1976/1819 1185/1977/1820 1143/1978/1821
f 1143/1978/1821 1145/1979/1822 1113/1976/1819
f 1185/1977/1820 1146/1980/1823 1141/1981/1824
f 1141/1981/1824 1143/1978/1821 1185/1977/1820
f 1146/1982/1823 1158/1983/1825 1139/1984/1826
f 1139/1984/1826 1141/1985/1824 1146/1982/1823
f 1158/1983/1825 1147/1986/1827 1137/1987/1828
f 1137/1987/1828 1139/1984/1826 1158/1983/1825
f 1147/1986/1827 1186/1988/1829 1135/1989/1830
f 1135/1989/1830 1137/1987/1828 1147/1986/1827
f 1186/1988/1829 1187/1990/1831 1133/1991/1832
f 1133/1991/1832 1135/1989/1830 1186/1988/1829
f 1187/1992/1831 1149/1993/1833 1131/1994/1834
f 1131/1994/1834 1133/1995/1832 1187/1992/1831
f 1149/1993/1833 1150/1996/1835 1129/1997/1836
f 1129/1997/1836 1131/1994/1834 1149/1993/1833
f 1150/1996/1835 1188/1998/1837 1127/1999/1838
f 1127/1999/1838 1129/1997/1836 1150/1996/1835
f 1188/1998/1837 1152/2000/1839 1125/2001/1840
f 1125/2001/1840 1127/1999/1838 1188/1998/1837
f 1152/2002/1839 1189/2003/1841 1123/2004/1842
f 1123/2004/1842 1125/2005/1840 1152/2002/1839
f 1189/2003/1841 1153/2006/1681 1121/2007/1843
f 1121/2007/1843 1123/2004/1842 1189/2003/1841
f 1153/2006/1681 1190/2008/1844 1119/2009/1845
f 1119/2009/1845 1121/2007/1843 1153/2006/1681
f 1190/2008/1844 1155/2010/1846 1117/2011/1686
f 1117/2011/1686 1119/2009/1845 1190/2008/1844
f 1155/2012/1846 1191/2013/1847 1114/2014/1848
f 1114/2014/1848 1117/2015/1686 1155/2012/1846
f 1191/2013/1847 1113/1976/1819 1145/1979/1822
f 1145/1979/1822 1114/2014/1848 1191/2013/1847
f 1115/2016/1849 1116/2017/1850 1117/2018/1851
f 1117/2018/1851 1114/2019/1852 1115/2016/1849
f 1116/2017/1850 1118/2020/1693 1119/2021/1853
f 1119/2021/1853 1117/2018/1851 1116/2017/1850
f 1118/2020/1693 1120/2022/1854 1121/2023/1855
f 1121/2023/1855 1119/2021/1853 1118/2020/1693
f 1120/2022/1854 1122/2024/1697 1123/2025/1856
f 1123/2025/1856 1121/2023/1855 1120/2022/1854
f 1122/2024/1697 1124/2026/1857 1125/2027/1858
f 1125/2027/1858 1123/2025/1856 1122/2024/1697
f 1124/2026/1857 1126/2028/1859 1127/2029/1860
f 1127/2029/1860 1125/2027/1858 1124/2026/1857
f 1126/2028/1859 1128/2030/1861 1129/2031/1862
f 1129/2031/1862 1127/2029/1860 1126/2028/1859
f 1128/2030/1861 1130/2032/1863 1131/2033/1864
f 1131/2033/1864 1129/2031/1862 1128/2030/1861
f 1130/2032/1863 1132/2034/1707 1133/2035/1865
f 1133/2035/1865 1131/2033/1864 1130/2032/1863
f 1132/2034/1707 1134/2036/1866 1135/2037/1867
f 1135/2037/1867 1133/2035/1865 1132/2034/1707
f 1134/2036/1866 1136/2038/1868 1137/2039/1869
f 1137/2039/1869 1135/2037/1867 1134/2036/1866
f 1136/2038/1868 1138/2040/1870 1139/2041/1871
f 1139/2041/1871 1137/2039/1869 1136/2038/1868
f 1138/2040/1870 1140/2042/1872 1141/2043/1716
f 1141/2043/1716 1139/2041/1871 1138/2040/1870
f 1140/2042/1872 1142/2044/1873 1143/2045/1718
f 1143/2045/1718 1141/2043/1716 1140/2042/1872
f 1142/2044/1873 1144/2046/1874 1145/2047/1875
f 1145/2047/1875 1143/2045/1718 1142/2044/1873
f 1144/2046/1874 1115/2016/1849 1114/2019/1852
f 1114/2019/1852 1145/2047/1875 1144/2046/1874
f 1158/2048/1876 1146/2049/1877 1157/2050/1878
f 1158/2048/1876 1148/2051/1879 1147/2052/1880
f 1159/2053/1881 1151/2054/1882 1150/2055/1883
f 1150/2055/1883 1149/2056/1884 1159/2053/1881
f 1151/2054/1882 1160/2057/1885 1152/2058/1886
f 1160/2057/1885 1154/2059/1887 1153/2060/1888
f 1154/2059/1887 1156/2061/1889 1155/2062/1890
f 1192/2063/1891 1160/2057/1885 1157/2050/1878
f 1157/2050/1878 1160/2057/1885 1148/2051/1879
f 1148/2051/1879 1158/2048/1876 1157/2050/1878
f 1148/2051/1879 1160/2057/1885 1159/2053/1881
f 1159/2053/1881 1160/2057/1885 1151/2054/1882
f 1154/2059/1887 1160/2057/1885 1156/2061/1889
f 1156/2061/1889 1160/2057/1885 1192/2063/1891
f 1106/1931/1892 1162/2064/1791 1163/1928/1893
f 1164/1936/1790 1163/2065/1893 1162/1937/1791
f 1163/1934/1893 1164/2066/1790 1098/1935/1894
f 1169/1956/1895 1098/1935/1894 1164/2066/1790
f 1164/2066/1790 1168/2067/1792 1169/1956/1895
f 1106/1931/1892 1108/1945/1896 1165/2068/1801
f 1165/2068/1801 1162/2064/1791 1106/1931/1892
f 1169/1956/1895 1168/2067/1792 1109/1968/1897
f 1099/1939/1793 1109/2069/1897 1168/1938/1792
f 1109/1959/1897 1099/2070/1793 1167/1960/1898
f 1103/1950/1899 1170/2071/1800 1101/1952/1900
f 1165/1947/1801 1101/2072/1900 1170/1946/1800
f 1101/1944/1900 1165/2068/1801 1108/1945/1896
f 1103/1950/1899 1104/1949/580 1171/2073/1794
f 1171/2073/1794 1170/2071/1800 1103/1950/1899
f 1174/1970/1901 1173/2074/1795 1105/1972/1902
f 1171/1940/1794 1105/2075/1902 1173/1941/1795
f 1105/2075/1902 1171/1940/1794 1104/2076/580
f 1174/1970/1901 1167/1960/1898 1099/2070/1793
f 1099/2070/1793 1173/2074/1795 1174/1970/1901
f 1166/1932/1903 1175/2077/1811 1097/1933/1904
f 1107/1963/1810 1097/2078/1904 1175/1964/1811
f 1097/1929/1904 1107/2079/1810 1161/1930/1905
f 1166/1932/1903 1111/1957/1906 1176/2080/1809
f 1176/2080/1809 1175/2077/1811 1166/1932/1903
f 1100/1942/1907 1161/1930/1905 1107/2079/1810
f 1107/2079/1810 1180/2081/299 1100/1942/1907
f 1177/1961/1908 1178/2082/1814 1179/1958/1909
f 1176/1962/1809 1179/2083/1909 1178/1967/1814
f 1179/2083/1909 1176/1962/1809 1111/2084/1906
f 1100/1942/1907 1180/2081/299 1181/1943/1910
f 1182/1974/1818 1181/2085/1910 1180/1975/299
f 1181/1953/1910 1182/2086/1818 1102/1951/1911
f 1172/1948/1912 1102/1951/1911 1182/2086/1818
f 1182/2086/1818 1184/1413/1813 1172/1948/1912
f 1172/1948/1912 1184/1413/1813 1183/1954/1913
f 1110/1965/1812 1183/2087/1913 1184/1966/1813
f 1183/1973/1913 1110/2088/1812 1112/1971/1914
f 1177/1961/1908 1112/1971/1914 1110/2088/1812
f 1110/1965/1812 1178/1967/1814 1177/2089/1908
f 1185/1977/1915 1113/1976/1916 1192/2090/1917
f 1192/2090/1917 1157/2091/1918 1185/1977/1915
f 1146/2049/1919 1185/2092/1915 1157/2050/1918
f 1147/1986/1920 1148/2093/1921 1186/1988/1922
f 1187/1990/1923 1186/1988/1922 1148/2093/1921
f 1148/2093/1921 1159/2094/1924 1187/1990/1923
f 1149/2056/1925 1187/2095/1923 1159/2053/1924
f 1150/1996/1926 1151/2096/1927 1188/1998/1927
f 1152/2058/1928 1188/2097/1927 1151/2054/1927
f 1152/2058/1929 1160/2057/1930 1189/2098/1931
f 1153/2006/1932 1189/2003/1931 1160/2099/1930
f 1153/2006/1933 1154/2100/1934 1190/2008/1934
f 1155/2062/1935 1190/2101/1934 1154/2059/1934
f 1155/2062/1936 1156/2061/1937 1191/2102/1938
f 1113/1976/1916 1191/2013/1938 1156/2103/1937
f 1156/2103/1937 1192/2090/1917 1113/1976/1916
f 1259/2104/1939 1193/2105/1940 1257/2106/1786
f 1257/2106/1786 1201/2107/1787 1259/2104/1939
f 1263/2108/1941 1193/2109/1940 1259/2110/1939
f 1259/2110/1939 1261/2111/1942 1263/2108/1941
f 1260/1437/1943 1258/2112/1572 1265/2113/1944
f 1194/2114/1945 1265/2113/1944 1269/2115/1946
f 1269/2115/1946 1271/2116/1947 1194/2114/1945
f 1195/2117/1948 1267/2118/1949 1196/2119/1950
f 1196/2119/1950 1203/2120/1951 1195/2117/1948
f 1262/2121/1952 1269/2115/1946 1265/2113/1944
f 1265/2113/1944 1258/2112/1572 1262/2121/1952
f 1270/2122/26 1199/2123/262 1198/2124/976
f 1198/2124/976 1197/2125/1634 1270/2122/26
f 1198/2124/976 1196/2126/1953 1267/2127/1949
f 1267/2127/1949 1197/2125/1634 1198/2124/976
f 1269/2115/1946 1262/2121/1952 1268/2128/1954
f 1270/2122/1955 1279/2129/1956 1200/2130/1957
f 1200/2130/1957 1199/2123/1581 1270/2122/1955
f 1261/2111/272 1266/2131/273 1206/2132/484
f 1206/2132/484 1263/2108/275 1261/2111/272
f 1257/2106/1641 1195/2117/1583 1203/2120/1642
f 1203/2120/1642 1201/2107/279 1257/2106/1641
f 1277/2133/1958 1204/2134/1959 1264/2135/1807
f 1264/2135/1807 1275/2136/1808 1277/2133/1958
f 1274/2137/1809 1202/2138/1810 1273/2139/1960
f 1205/2140/1961 1280/2141/1962 1274/2137/1809
f 1274/2137/1809 1276/2142/1963 1205/2140/1961
f 1266/2131/1964 1204/2143/1959 1277/2144/1958
f 1277/2144/1958 1206/2132/1965 1266/2131/1964
f 1264/2135/292 1272/2145/293 1208/2146/502
f 1208/2146/502 1275/2136/295 1264/2135/292
f 1272/2145/1592 1200/2147/1957 1279/2148/1956
f 1279/2148/1956 1208/2146/1966 1272/2145/1592
f 1280/2141/1962 1207/2149/1967 1202/2138/1810
f 1202/2138/1810 1274/2137/1809 1280/2141/1962
f 1209/2150/1968 1281/2151/1969 1239/2152/1970
f 1239/2152/1970 1241/2153/1971 1209/2150/1968
f 1281/2151/1969 1282/2154/1972 1237/2155/1973
f 1237/2155/1973 1239/2152/1970 1281/2151/1969
f 1282/2156/1972 1243/2157/1974 1235/2158/1975
f 1235/2158/1975 1237/2159/1973 1282/2156/1972
f 1243/2157/1974 1283/2160/1976 1233/2161/1977
f 1233/2161/1977 1235/2158/1975 1243/2157/1974
f 1283/2160/1976 1245/2162/1978 1231/2163/1979
f 1231/2163/1979 1233/2161/1977 1283/2160/1976
f 1245/2162/1978 1284/2164/1980 1229/2165/1981
f 1229/2165/1981 1231/2163/1979 1245/2162/1978
f 1284/2166/1980 1247/2167/1982 1227/2168/1834
f 1227/2168/1834 1229/2169/1981 1284/2166/1980
f 1247/2167/1982 1285/2170/1983 1225/2171/1984
f 1225/2171/1984 1227/2168/1834 1247/2167/1982
f 1285/2170/1983 1249/2172/1985 1223/2173/1986
f 1223/2173/1986 1225/2171/1984 1285/2170/1983
f 1249/2172/1985 1286/2174/1987 1221/2175/1988
f 1221/2175/1988 1223/2173/1986 1249/2172/1985
f 1286/2176/1987 1254/2177/1989 1219/2178/1990
f 1219/2178/1990 1221/2179/1988 1286/2176/1987
f 1254/2177/1989 1287/2180/1991 1217/2181/1992
f 1217/2181/1992 1219/2178/1990 1254/2177/1989
f 1287/2180/1991 1251/2182/1993 1215/2183/1994
f 1215/2183/1994 1217/2181/1992 1287/2180/1991
f 1251/2182/1993 1252/2184/1995 1213/2185/1996
f 1213/2185/1996 1215/2183/1994 1251/2182/1993
f 1252/2186/1995 1288/2187/1997 1210/2188/1998
f 1210/2188/1998 1213/2189/1996 1252/2186/1995
f 1288/2187/1997 1209/2150/1968 1241/2153/1971
f 1241/2153/1971 1210/2188/1998 1288/2187/1997
f 1211/2190/1999 1212/2191/1850 1213/2192/2000
f 1213/2192/2000 1210/2193/2001 1211/2190/1999
f 1212/2191/1850 1214/2194/2002 1215/2195/1694
f 1215/2195/1694 1213/2192/2000 1212/2191/1850
f 1214/2194/2002 1216/2196/1854 1217/2197/1696
f 1217/2197/1696 1215/2195/1694 1214/2194/2002
f 1216/2196/1854 1218/2198/1697 1219/2199/2003
f 1219/2199/2003 1217/2197/1696 1216/2196/1854
f 1218/2198/1697 1220/2200/1857 1221/2201/1858
f 1221/2201/1858 1219/2199/2003 1218/2198/1697
f 1220/2200/1857 1222/2202/2004 1223/2203/1860
f 1223/2203/1860 1221/2201/1858 1220/2200/1857
f 1222/2202/2004 1224/2204/2005 1225/2205/2006
f 1225/2205/2006 1223/2203/1860 1222/2202/2004
f 1224/2204/2005 1226/2206/1863 1227/2207/1864
f 1227/2207/1864 1225/2205/2006 1224/2204/2005
f 1226/2206/1863 1228/2208/2007 1229/2209/2008
f 1229/2209/2008 1227/2207/1864 1226/2206/1863
f 1228/2208/2007 1230/2210/1866 1231/2211/2009
f 1231/2211/2009 1229/2209/2008 1228/2208/2007
f 1230/2210/1866 1232/2212/1868 1233/2213/1869
f 1233/2213/1869 1231/2211/2009 1230/2210/1866
f 1232/2212/1868 1234/2214/1713 1235/2215/2010
f 1235/2215/2010 1233/2213/1869 1232/2212/1868
f 1234/2214/1713 1236/2216/2011 1237/2217/2012
f 1237/2217/2012 1235/2215/2010 1234/2214/1713
f 1236/2216/2011 1238/2218/2013 1239/2219/1718
f 1239/2219/1718 1237/2217/2012 1236/2216/2011
f 1238/2218/2013 1240/2220/1874 1241/2221/1875
f 1241/2221/1875 1239/2219/1718 1238/2218/2013
f 1240/2220/1874 1211/2190/1999 1210/2193/2001
f 1210/2193/2001 1241/2221/1875 1240/2220/1874
f 1253/2222/2014 1244/2223/2015 1243/2224/2016
f 1244/2223/2015 1246/2225/2017 1245/2226/2018
f 1246/2225/2017 1248/2227/2019 1247/2228/2020
f 1248/2227/2019 1250/2229/2021 1249/2230/2022
f 1255/2231/2023 1256/2232/2024 1252/2233/2025
f 1252/2233/2025 1251/2234/2026 1255/2231/2023
f 1256/2232/2024 1242/2235/2027 1209/2236/2028
f 1242/2235/2027 1256/2232/2024 1253/2222/2014
f 1253/2222/2014 1256/2232/2024 1244/2223/2015
f 1244/2223/2015 1256/2232/2024 1246/2225/2017
f 1246/2225/2017 1256/2232/2024 1248/2227/2019
f 1248/2227/2019 1256/2232/2024 1250/2229/2021
f 1250/2229/2021 1256/2232/2024 1255/2231/2023
f 1255/2231/2023 1254/2237/2029 1250/2229/2021
f 1201/2107/2030 1258/2238/1572 1259/2104/2031
f 1260/1437/1943 1259/2239/2031 1258/2112/1572
f 1259/2110/2031 1260/2240/1943 1261/2111/2032
f 1266/2131/2033 1261/2111/2032 1260/2240/1943
f 1260/2240/1943 1265/2241/1944 1266/2131/2033
f 1201/2107/2030 1203/2120/2034 1262/2242/1952
f 1262/2242/1952 1258/2238/1572 1201/2107/2030
f 1266/2131/2033 1265/2241/1944 1204/2143/2035
f 1194/2114/1945 1204/2243/2035 1265/2113/1944
f 1204/2134/2035 1194/2244/1945 1264/2135/2036
f 1195/2117/1948 1278/2245/2037 1207/2246/2038
f 1207/2246/2038 1267/2118/1949 1195/2117/1948
f 1198/2124/2039 1268/2247/1954 1196/2126/2040
f 1262/2121/1952 1196/2248/2040 1268/2128/1954
f 1196/2119/2040 1262/2242/1952 1203/2120/2034
f 1198/2124/2039 1199/2123/2041 1269/2249/1946
f 1269/2249/1946 1268/2247/1954 1198/2124/2039
f 1197/2125/1634 1267/2127/1949 1207/1574/2038
f 1272/2145/2042 1271/2250/1947 1200/2147/2043
f 1269/2115/1946 1200/2251/2043 1271/2116/1947
f 1200/2251/2043 1269/2115/1946 1199/2252/2041
f 1272/2145/2042 1264/2135/2036 1194/2244/1945
f 1194/2244/1945 1271/2250/1947 1272/2145/2042
f 1263/2108/2044 1273/2253/1960 1193/2109/2045
f 1202/2138/1810 1193/2254/2045 1273/2139/1960
f 1193/2105/2045 1202/2255/1810 1257/2106/1752
f 1263/2108/2044 1206/2132/2046 1274/2256/1809
f 1274/2256/1809 1273/2253/1960 1263/2108/2044
f 1202/2138/1810 1207/2149/1967 1278/2257/2047
f 1195/2117/1948 1257/2106/1752 1202/2255/1810
f 1202/2255/1810 1278/2245/2037 1195/2117/1948
f 1275/2136/2048 1276/2258/1963 1277/2133/2049
f 1274/2137/1809 1277/2259/2049 1276/2142/1963
f 1277/2259/2049 1274/2137/1809 1206/2260/2046
f 1270/2261/2050 1197/2262/2051 1207/2263/2052
f 1207/1574/2052 1280/2264/1962 1270/2122/2050
f 1270/2122/2050 1280/2264/1962 1279/2129/2053
f 1205/2140/1961 1279/2265/2053 1280/2141/1962
f 1279/2148/2053 1205/2266/1961 1208/2146/2054
f 1275/2136/2048 1208/2146/2054 1205/2266/1961
f 1205/2140/1961 1276/2142/1963 1275/2267/2048
f 1209/2150/2055 1242/2268/2056 1281/2151/2057
f 1282/2269/2058 1281/2270/2057 1242/2235/2056
f 1242/2235/2056 1253/2222/2059 1282/2269/2058
f 1243/2157/2060 1282/2156/2058 1253/2271/2059
f 1243/2157/2061 1244/2272/2062 1283/2160/2062
f 1245/2162/2063 1283/2160/2062 1244/2272/2062
f 1245/2162/2064 1246/2273/2065 1284/2164/2065
f 1247/2228/2066 1284/2274/2065 1246/2225/2065
f 1247/2167/2067 1248/2275/2068 1285/2170/2068
f 1249/2172/2069 1285/2170/2068 1248/2275/2068
f 1249/2230/2070 1250/2229/2071 1286/2276/2071
f 1254/2237/2072 1286/2276/2071 1250/2229/2071
f 1254/2177/2073 1255/2277/2074 1287/2180/2074
f 1251/2182/2075 1287/2180/2074 1255/2277/2074
f 1252/2233/2076 1256/2232/2077 1288/2278/2077
f 1209/2150/2078 1288/2187/2077 1256/2279/2077
f 1299/2280/2079 1306/2281/1040 1289/2282/2080
f 1289/2282/2080 1307/2283/2081 1299/2280/2079
f 1289/2284/2080 1306/2285/1040 1291/2286/465
f 1291/2286/465 1309/2287/2082 1289/2284/2080
f 1292/2288/171 1290/2289/2083 1308/2290/2084
f 1308/2290/2084 1310/2291/174 1292/2288/171
f 1292/2288/171 1296/2292/2085 1319/2293/2086
f 1313/2294/2087 1293/2295/2088 1314/2296/2089
f 1314/2296/2089 1294/2297/2090 1313/2294/2087
f 1292/2288/171 1319/2293/2086 1316/2298/2091
f 1316/2298/2091 1290/2289/2083 1292/2288/171
f 1290/2289/2083 1316/2298/2091 1295/2299/2092
f 1315/2300/153 1320/2301/264 1297/2302/153
f 1297/2302/153 1317/2303/262 1315/2300/153
f 1293/2304/2088 1313/2305/2087 1315/2300/477
f 1315/2300/477 1317/2303/478 1293/2304/2088
f 1318/2306/1373 1298/2307/1226 1297/2302/482
f 1297/2302/482 1320/2301/483 1318/2306/1373
f 1325/2308/484 1303/2309/275 1309/2287/274
f 1309/2287/274 1291/2286/273 1325/2308/484
f 1294/2297/485 1314/2296/486 1299/2280/276
f 1299/2280/276 1307/2283/487 1294/2297/485
f 1311/2310/2093 1312/2311/489 1301/2312/490
f 1301/2312/490 1323/2313/491 1311/2310/2093
f 1321/2314/1232 1300/2315/2094 1302/2316/1234
f 1302/2316/1234 1324/2317/2095 1321/2314/1232
f 1302/2316/1234 1328/2318/2096 1305/2319/2097
f 1301/2320/490 1312/2321/489 1303/2309/2098
f 1303/2309/2098 1325/2308/2099 1301/2320/490
f 1326/2322/500 1304/2323/501 1311/2310/1073
f 1311/2310/1073 1323/2313/503 1326/2322/500
f 1300/2315/2094 1322/2324/1541 1327/2325/1542
f 1298/2326/1226 1318/2327/1373 1304/2323/1240
f 1304/2323/1240 1326/2322/2100 1298/2326/1226
f 1300/2315/2094 1327/2325/1542 1328/2318/2096
f 1328/2318/2096 1302/2316/1234 1300/2315/2094
f 1289/2282/2101 1290/2328/2083 1307/2283/2102
f 1290/2289/2083 1289/2329/2101 1308/2290/2084
f 1309/2287/2103 1308/2330/2084 1289/2284/2101
f 1308/2330/2084 1309/2287/2103 1303/2309/2104
f 1303/2309/2104 1310/2331/174 1308/2330/2084
f 1295/2332/2092 1294/2297/2105 1307/2283/2102
f 1307/2283/2102 1290/2328/2083 1295/2332/2092
f 1312/2321/2106 1310/2331/174 1303/2309/2104
f 1310/2291/174 1312/2333/2106 1292/2288/171
f 1311/2310/2107 1292/2334/171 1312/2311/2106
f 1313/2305/2108 1316/2335/2091 1315/2300/2109
f 1316/2298/2091 1313/2336/2108 1295/2299/2092
f 1294/2297/2105 1295/2332/2092 1313/2294/2108
f 1319/2337/2086 1320/2301/2110 1315/2300/2109
f 1315/2300/2109 1316/2335/2091 1319/2337/2086
f 1318/2327/2111 1296/2338/2085 1304/2323/2112
f 1296/2292/2085 1318/2339/2111 1319/2293/2086
f 1320/2301/2110 1319/2337/2086 1318/2306/2111
f 1292/2334/171 1311/2310/2107 1304/2323/2112
f 1304/2323/2112 1296/2338/2085 1292/2334/171
f 1306/2285/2113 1321/2340/1232 1291/2286/234
f 1321/2314/1232 1306/2341/2113 1300/2315/2094
f 1299/2280/1557 1300/2342/2094 1306/2281/2113
f 1324/2343/2095 1325/2308/2114 1291/2286/234
f 1291/2344/234 1321/2314/1232 1324/2317/2095
f 1300/2342/2094 1299/2280/1557 1314/2296/2115
f 1314/2296/2115 1322/2345/1541 1300/2342/2094
f 1301/2346/2116 1302/2316/1234 1323/2347/2117
f 1302/2316/1234 1301/2346/2116 1324/2317/2095
f 1325/2348/2114 1324/2317/2095 1301/2346/2116
f 1293/2295/2118 1322/2345/1541 1314/2296/2115
f 1322/2324/1541 1293/2349/2118 1327/2325/1542
f 1317/2303/2119 1327/2350/1542 1293/2304/2118
f 1327/2350/1542 1317/2303/2119 1297/2302/2120
f 1297/2302/2120 1328/2351/2096 1327/2350/1542
f 1298/2307/2121 1328/2351/2096 1297/2302/2120
f 1328/2318/2096 1298/2352/2121 1305/2319/2097
f 1326/2353/528 1305/2319/2097 1298/2352/2121
f 1305/2354/2097 1326/2322/528 1323/2313/2117
f 1323/2347/2117 1302/2316/1234 1305/2319/2097
f 1347/2355/2122 1329/2356/2123 1345/2357/2124
f 1345/2357/2124 1338/2358/2125 1347/2355/2122
f 1350/2359/533 1329/2360/2123 1347/2361/2122
f 1347/2361/2122 1330/2362/2126 1350/2359/533
f 1348/2363/2127 1346/2364/252 1352/2365/2128
f 1331/2366/2129 1352/2365/2128 1355/2367/1946
f 1355/2367/1946 1357/2368/1795 1331/2366/2129
f 1332/2369/2130 1365/2370/2131 1333/2371/2132
f 1333/2371/2132 1340/2372/2133 1332/2369/2130
f 1349/2373/1952 1355/2367/1946 1352/2365/2128
f 1352/2365/2128 1346/2364/252 1349/2373/1952
f 1356/2374/541 1336/2375/542 1335/2376/2134
f 1335/2376/2134 1334/2377/544 1356/2374/541
f 1335/2376/2135 1333/2378/2132 1365/2379/2131
f 1365/2379/2131 1334/2377/546 1335/2376/2135
f 1355/2367/1946 1349/2373/1952 1354/2380/2136
f 1356/2374/547 1367/2381/548 1337/2382/2137
f 1337/2382/2137 1336/2375/550 1356/2374/547
f 1330/2362/2138 1353/2383/551 1343/2384/2139
f 1343/2384/2139 1350/2359/553 1330/2362/2138
f 1345/2357/2140 1332/2369/555 1340/2372/556
f 1340/2372/556 1338/2358/557 1345/2357/2140
f 1363/2385/2141 1341/2386/559 1351/2387/2142
f 1351/2387/2142 1361/2388/2143 1363/2385/2141
f 1360/2389/2144 1339/2390/1810 1359/2391/2145
f 1342/2392/1812 1368/2393/2146 1360/2389/2144
f 1360/2389/2144 1362/2394/2147 1342/2392/1812
f 1353/2383/564 1341/2395/559 1363/2396/2141
f 1363/2396/2141 1343/2384/2148 1353/2383/564
f 1351/2387/2149 1358/2397/567 1344/2398/568
f 1344/2398/568 1361/2388/569 1351/2387/2149
f 1358/2397/2150 1337/2399/2137 1367/2400/548
f 1367/2400/548 1344/2398/2151 1358/2397/2150
f 1366/2401/2152 1364/2402/299 1368/2393/2146
f 1368/2393/2146 1364/2402/299 1339/2390/1810
f 1339/2390/1810 1360/2389/2144 1368/2393/2146
f 1338/2358/1595 1346/2403/252 1347/2355/1596
f 1348/2363/2127 1347/2404/1596 1346/2364/252
f 1347/2404/1596 1348/2363/2127 1330/2405/1597
f 1353/2383/2153 1330/2362/1597 1348/2406/2127
f 1348/2363/2127 1352/2365/2128 1353/2407/2153
f 1338/2358/1595 1340/2372/2154 1349/2408/1952
f 1349/2408/1952 1346/2403/252 1338/2358/1595
f 1353/2407/2153 1352/2365/2128 1341/2409/2155
f 1331/2366/2129 1341/2409/2155 1352/2365/2128
f 1341/2409/2155 1331/2366/2129 1351/2410/2156
f 1335/2376/2157 1354/2411/2136 1333/2378/2158
f 1349/2373/1952 1333/2412/2158 1354/2380/2136
f 1333/2371/2158 1349/2408/1952 1340/2372/2154
f 1335/2376/2157 1336/2375/580 1355/2413/1946
f 1355/2413/1946 1354/2411/2136 1335/2376/2157
f 1358/2414/2159 1357/2368/1795 1337/2415/1902
f 1355/2367/1946 1337/2415/1902 1357/2368/1795
f 1337/2382/1902 1355/2413/1946 1336/2375/580
f 1358/2397/2159 1351/2387/2156 1331/2416/2129
f 1331/2366/2129 1357/2368/1795 1358/2414/2159
f 1350/2359/2160 1359/2417/2145 1329/2360/2161
f 1339/2390/1810 1329/2418/2161 1359/2391/2145
f 1329/2356/2161 1339/2419/1810 1345/2357/2162
f 1350/2359/2160 1343/2384/2163 1360/2420/2144
f 1360/2420/2144 1359/2417/2145 1350/2359/2160
f 1332/2369/2164 1345/2357/2162 1339/2419/1810
f 1339/2419/1810 1364/2421/299 1332/2369/2164
f 1361/2388/2165 1362/2422/2147 1363/2385/2166
f 1360/2389/2144 1363/2423/2166 1362/2394/2147
f 1363/2423/2166 1360/2389/2144 1343/2424/2163
f 1332/2369/2164 1364/2421/299 1365/2370/2167
f 1366/2401/2152 1365/2425/2167 1364/2402/299
f 1365/2425/2167 1366/2401/2152 1334/2426/320
f 1356/2374/2168 1334/2377/320 1366/2427/2152
f 1366/2427/2152 1368/2428/2146 1356/2374/2168
f 1356/2374/2168 1368/2428/2146 1367/2381/1913
f 1342/2392/1812 1367/2429/1913 1368/2393/2146
f 1367/2400/1913 1342/2430/1812 1344/2398/1914
f 1361/2388/2165 1344/2398/1914 1342/2430/1812
f 1342/2430/1812 1362/2422/2147 1361/2388/2165
f 1381/2431/2169 1380/2432/2170 1384/2433/2171
f 1384/2433/2171 1407/2434/2172 1381/2431/2169
f 1407/2434/2172 1384/2433/2171 1387/2435/16
f 1387/2435/16 1408/2436/2173 1407/2434/2172
f 1408/2437/2173 1387/2438/16 1390/2439/2174
f 1390/2439/2174 1409/2440/2175 1408/2437/2173
f 1409/2440/2175 1390/2439/2174 1392/2441/2176
f 1392/2441/2176 1410/2442/2177 1409/2440/2175
f 1410/2442/2177 1392/2441/2176 1394/2443/2178
f 1394/2443/2178 1411/2444/2179 1410/2442/2177
f 1411/2444/2179 1394/2443/2178 1397/2445/2180
f 1397/2445/2180 1412/2446/2181 1411/2444/2179
f 1412/2446/2181 1397/2445/2180 1400/2447/2182
f 1400/2447/2182 1413/2448/2183 1412/2446/2181
f 1413/2449/2183 1400/2450/2182 1403/2451/2184
f 1403/2451/2184 1414/2452/2185 1413/2449/2183
f 1414/2452/2185 1403/2451/2184 1405/2453/2186
f 1405/2453/2186 1415/2454/2187 1414/2452/2185
f 1370/2455/2188 1369/2456/2189 1402/2457/2190
f 1371/2458/2191 1370/2455/2188 1402/2457/2190
f 1402/2457/2190 1399/2459/2192 1371/2458/2191
f 1371/2458/2191 1399/2459/2192 1396/2460/2193
f 1396/2460/2193 1372/2461/2194 1371/2458/2191
f 1396/2460/2193 1373/2462/2195 1372/2461/2194
f 1373/2462/2195 1396/2460/2193 1389/2463/2196
f 1389/2463/2196 1374/2464/2197 1373/2462/2195
f 1375/2465/2198 1374/2464/2197 1389/2463/2196
f 1376/2466/2199 1375/2465/2198 1389/2463/2196
f 1389/2463/2196 1386/2467/2200 1376/2466/2199
f 1376/2466/2199 1386/2467/2200 1383/2468/2201
f 1383/2468/2201 1377/2469/2202 1376/2466/2199
f 1383/2468/2201 1420/2470/2203 1377/2469/2202
f 1388/2471/2204 1391/2472/2205 1385/2473/2206
f 1378/2474/2207 1385/2473/2206 1391/2472/2205
f 1391/2472/2205 1398/2475/2208 1378/2474/2207
f 1378/2474/2207 1398/2475/2208 1401/2476/2209
f 1379/2477/2210 1383/2468/2211 1384/2478/2212
f 1384/2478/2212 1380/2479/2213 1379/2477/2210
f 1385/2473/2214 1382/2480/2215 1381/2481/2216
f 1381/2481/2216 1407/2482/2217 1385/2473/2214
f 1383/2468/2211 1386/2467/2218 1387/2483/2219
f 1387/2483/2219 1384/2478/2212 1383/2468/2211
f 1388/2471/2220 1385/2473/2214 1407/2482/2217
f 1407/2482/2217 1408/2484/2221 1388/2471/2220
f 1386/2467/2218 1389/2463/2222 1390/2485/2223
f 1390/2485/2223 1387/2483/2219 1386/2467/2218
f 1391/2472/2224 1388/2471/2220 1408/2484/2221
f 1408/2484/2221 1409/2486/2225 1391/2472/2224
f 1392/2487/2226 1390/2485/2223 1389/2463/2222
f 1393/2488/2227 1391/2472/2224 1409/2486/2225
f 1409/2486/2225 1410/2489/2228 1393/2488/2227
f 1395/2490/2229 1393/2488/2227 1410/2489/2228
f 1410/2489/2228 1411/2491/2230 1395/2490/2229
f 1394/2492/2231 1396/2460/2232 1397/2493/2233
f 1398/2475/2234 1395/2490/2229 1411/2491/2230
f 1411/2491/2230 1412/2494/2235 1398/2475/2234
f 1396/2460/2232 1399/2459/2236 1400/2495/2237
f 1400/2495/2237 1397/2493/2233 1396/2460/2232
f 1401/2476/2238 1398/2475/2234 1412/2494/2235
f 1412/2494/2235 1413/2496/2239 1401/2476/2238
f 1399/2459/2236 1402/2457/2240 1403/2497/2241
f 1403/2497/2241 1400/2495/2237 1399/2459/2236
f 1378/2474/2242 1401/2476/2238 1413/2496/2239
f 1413/2496/2239 1414/2498/2243 1378/2474/2242
f 1402/2457/2240 1404/2499/2244 1405/2500/2245
f 1405/2500/2245 1403/2497/2241 1402/2457/2240
f 1406/2501/2246 1378/2474/2242 1414/2498/2243
f 1414/2498/2243 1415/2502/2247 1406/2501/2246
f 1394/2492/2248 1392/2487/2249 1389/2463/2196
f 1389/2463/2196 1396/2460/2193 1394/2492/2248
f 1393/2488/2250 1395/2490/2251 1398/2475/2208
f 1398/2475/2208 1391/2472/2205 1393/2488/2250
f 1432/2503/2252 1429/2504/57 1427/2505/2253
f 1427/2505/2253 1454/2506/2254 1432/2503/2252
f 1454/2506/2254 1427/2505/2253 1433/2507/2255
f 1433/2507/2255 1455/2508/2256 1454/2506/2254
f 1455/2508/2256 1433/2507/2255 1436/2509/2257
f 1436/2509/2257 1456/2510/2258 1455/2508/2256
f 1456/2510/2258 1436/2509/2257 1439/2511/2259
f 1439/2511/2259 1457/2512/2260 1456/2510/2258
f 1457/2512/2260 1439/2511/2259 1442/2513/2261
f 1442/2513/2261 1458/2514/2262 1457/2512/2260
f 1458/2515/2262 1442/2516/2261 1445/2517/2263
f 1445/2517/2263 1459/2518/2264 1458/2515/2262
f 1459/2518/2264 1445/2517/2263 1447/2519/2265
f 1447/2519/2265 1460/2520/2266 1459/2518/2264
f 1460/2520/2266 1447/2519/2265 1380/2432/2170
f 1380/2432/2170 1381/2431/2169 1460/2520/2266
f 1415/2454/2187 1405/2453/2186 1449/2521/2267
f 1449/2521/2267 1461/2522/2268 1415/2454/2187
f 1461/2522/2268 1449/2521/2267 1452/2523/2269
f 1452/2523/2269 1462/2524/2270 1461/2522/2268
f 1462/2524/2270 1452/2523/2269 1429/2525/57
f 1429/2525/57 1432/2526/2252 1462/2524/2270
f 1417/2527/2271 1416/2528/2272 1434/2529/2273
f 1434/2529/2273 1428/2530/2274 1417/2527/2271
f 1417/2527/2271 1428/2530/2274 1451/2531/2275
f 1451/2531/2275 1418/2532/2276 1417/2527/2271
f 1451/2531/2275 1419/2533/2277 1418/2532/2276
f 1419/2533/2277 1451/2531/2275 1402/2457/2190
f 1402/2457/2190 1369/2456/2189 1419/2533/2277
f 1420/2470/2203 1383/2468/2201 1444/2534/2278
f 1444/2534/2278 1421/2535/2279 1420/2470/2203
f 1422/2536/2280 1421/2535/2279 1444/2534/2278
f 1423/2537/2281 1422/2536/2280 1444/2534/2278
f 1444/2534/2278 1441/2538/2282 1423/2537/2281
f 1423/2537/2281 1441/2538/2282 1438/2539/2283
f 1438/2539/2283 1424/2540/2284 1423/2537/2281
f 1438/2539/2283 1425/2541/2285 1424/2540/2284
f 1425/2541/2285 1438/2539/2283 1434/2529/2273
f 1434/2529/2273 1426/2542/2286 1425/2541/2285
f 1416/2528/2272 1426/2542/2286 1434/2529/2273
f 1440/2543/2287 1446/2544/2288 1385/2473/2206
f 1430/2545/278 1440/2543/2287 1385/2473/2206
f 1385/2473/2206 1378/2474/2207 1430/2545/278
f 1453/2546/2289 1430/2545/278 1378/2474/2207
f 1443/2547/2290 1446/2544/2288 1440/2543/2287
f 1430/2545/278 1453/2546/2289 1431/2548/2291
f 1428/2530/2292 1434/2529/2293 1427/2549/2294
f 1427/2549/2294 1429/2550/2295 1428/2530/2292
f 1430/2545/2296 1431/2548/2297 1432/2551/2298
f 1432/2551/2298 1454/2552/2299 1430/2545/2296
f 1433/2553/2300 1427/2549/2294 1434/2529/2293
f 1435/2554/2301 1430/2545/2296 1454/2552/2299
f 1454/2552/2299 1455/2555/2302 1435/2554/2301
f 1437/2556/2303 1435/2554/2301 1455/2555/2302
f 1455/2555/2302 1456/2557/2304 1437/2556/2303
f 1436/2558/2305 1438/2539/2306 1439/2559/2307
f 1440/2543/2308 1437/2556/2303 1456/2557/2304
f 1456/2557/2304 1457/2560/2309 1440/2543/2308
f 1438/2539/2306 1441/2538/2310 1442/2561/2311
f 1442/2561/2311 1439/2559/2307 1438/2539/2306
f 1443/2547/2312 1440/2543/2308 1457/2560/2309
f 1457/2560/2309 1458/2562/2313 1443/2547/2312
f 1441/2538/2310 1444/2534/2314 1445/2563/2315
f 1445/2563/2315 1442/2561/2311 1441/2538/2310
f 1446/2544/2316 1443/2547/2312 1458/2562/2313
f 1458/2562/2313 1459/2564/2317 1446/2544/2316
f 1447/2565/2318 1445/2563/2315 1444/2534/2314
f 1448/2566/2319 1446/2544/2316 1459/2564/2317
f 1459/2564/2317 1460/2567/2320 1448/2566/2319
f 1447/2565/2321 1379/2477/2210 1380/2479/2213
f 1382/2480/2215 1448/2566/2319 1460/2567/2320
f 1460/2567/2320 1381/2481/2216 1382/2480/2215
f 1449/2568/2322 1405/2500/2245 1404/2499/2244
f 1450/2569/2323 1406/2501/2246 1415/2502/2247
f 1415/2502/2247 1461/2570/2324 1450/2569/2323
f 1449/2568/2325 1451/2531/2326 1452/2571/2327
f 1453/2546/2328 1450/2569/2323 1461/2570/2324
f 1461/2570/2324 1462/2572/2329 1453/2546/2328
f 1451/2531/2326 1428/2530/2292 1429/2550/2295
f 1429/2550/2295 1452/2571/2327 1451/2531/2326
f 1431/2548/2297 1453/2546/2328 1462/2572/2329
f 1462/2572/2329 1432/2551/2298 1431/2548/2297
f 1449/2568/2330 1404/2499/2331 1402/2457/2190
f 1402/2457/2190 1451/2531/2275 1449/2568/2330
f 1379/2477/2332 1447/2565/2333 1444/2534/2278
f 1444/2534/2278 1383/2468/2201 1379/2477/2332
f 1436/2558/2334 1433/2553/2335 1434/2529/2273
f 1434/2529/2273 1438/2539/2283 1436/2558/2334
f 1435/2554/2336 1437/2556/2337 1440/2543/2287
f 1440/2543/2287 1430/2545/278 1435/2554/2336
f 1406/2501/2338 1450/2569/2339 1453/2546/2289
f 1453/2546/2289 1378/2474/2207 1406/2501/2338
f 1448/2566/2340 1382/2480/2341 1385/2473/2206
f 1385/2473/2206 1446/2544/2288 1448/2566/2340
f 561/982/948 534/942/913 599/945/916
f 599/945/916 560/983/949 561/982/948
f 599/945/997 614/1053/1024 560/983/1023
f 614/1053/1024 599/945/997 543/1048/1007
f 543/969/1007 582/1008/967 614/1067/1024
f 582/1008/967 543/969/935 613/941/912
f 613/941/912 569/977/943 582/1008/967
f 569/977/943 613/941/912 630/1071/1037
f 569/977/943 630/1071/1037 606/1073/975
f 606/1073/975 598/1077/982 569/977/943
f 598/1027/982 606/1017/975 590/1016/974
f 590/1016/974 597/1028/983 598/1027/982
f 597/1028/983 590/1016/974 602/1045/2342
f 602/1045/2342 568/1061/1034 597/1028/983
f 617/1050/329 555/1031/949 583/1011/970
f 583/1011/970 591/1019/976 617/1050/329
f 591/1019/976 583/1011/970 584/1010/969
f 584/1010/969 628/1020/977 591/1019/976
f 628/1076/977 584/1069/969 612/1068/1036
f 612/1068/1036 631/1074/1038 628/1076/977
f 631/1074/1038 612/1068/1036 556/938/909
f 556/938/909 579/974/940 631/1074/1038
f 579/974/940 556/938/909 539/937/908
f 539/937/908 581/1002/963 579/974/940
f 581/1002/1030 539/937/908 605/1044/1003
f 581/1058/1030 605/1040/1003 541/956/1002
f 541/956/1002 623/996/1031 581/1058/1030
f 623/996/960 541/956/925 542/959/928
f 542/959/928 567/997/960 623/996/960
f 1492/2573/2343 1564/2574/2344 1497/2575/2345
f 1497/2575/2345 1494/2576/57 1492/2573/2343
f 1499/2577/2346 1565/2578/2347 1564/2574/2344
f 1564/2574/2344 1492/2573/2343 1499/2577/2346
f 1503/2579/2348 1566/2580/2349 1565/2578/2347
f 1565/2578/2347 1499/2577/2346 1503/2579/2348
f 1506/2581/2350 1567/2582/2260 1566/2580/2349
f 1566/2580/2349 1503/2579/2348 1506/2581/2350
f 1510/2583/51 1568/2584/2262 1567/2585/2260
f 1567/2585/2260 1506/2586/2350 1510/2583/51
f 1513/2587/2351 1569/2588/2352 1568/2584/2262
f 1568/2584/2262 1510/2583/51 1513/2587/2351
f 1516/2589/47 1570/2590/273 1569/2588/2352
f 1569/2588/2352 1513/2587/2351 1516/2589/47
f 1520/2591/14 1571/2592/2169 1570/2590/273
f 1570/2590/273 1516/2589/47 1520/2591/14
f 1523/2593/2171 1572/2594/2353 1571/2592/2169
f 1571/2592/2169 1520/2591/14 1523/2593/2171
f 1527/2595/16 1573/2596/2354 1572/2594/2353
f 1572/2594/2353 1523/2593/2171 1527/2595/16
f 1530/2597/2355 1574/2598/2356 1573/2599/2354
f 1573/2599/2354 1527/2600/16 1530/2597/2355
f 1534/2601/151 1575/2602/152 1574/2598/2356
f 1574/2598/2356 1530/2597/2355 1534/2601/151
f 1538/2603/2357 1576/2604/2358 1575/2602/152
f 1575/2602/152 1534/2601/151 1538/2603/2357
f 1542/2605/19 1577/2606/2181 1576/2604/2358
f 1576/2604/2358 1538/2603/2357 1542/2605/19
f 1546/2607/2182 1578/2608/2183 1577/2609/2181
f 1577/2609/2181 1542/2610/19 1546/2607/2182
f 1549/2611/2359 1579/2612/2185 1578/2608/2183
f 1578/2608/2183 1546/2607/2182 1549/2611/2359
f 1553/2613/2360 1580/2614/2361 1579/2612/2185
f 1579/2612/2185 1549/2611/2359 1553/2613/2360
f 1557/2615/23 1581/2616/2362 1580/2614/2361
f 1580/2614/2361 1553/2613/2360 1557/2615/23
f 1560/2617/2363 1582/2618/2364 1581/2616/2362
f 1581/2616/2362 1557/2615/23 1560/2617/2363
f 1494/2576/57 1497/2575/2345 1582/2619/2364
f 1582/2619/2364 1560/2620/2363 1494/2576/57
f 1500/2621/2365 1493/2622/2366 1464/2623/2367
f 1464/2623/2367 1463/2624/292 1500/2621/2365
f 1561/2625/2368 1465/2626/292 1464/2623/2367
f 1464/2623/2367 1493/2622/2366 1561/2625/2368
f 1561/2625/2368 1466/2627/292 1465/2626/292
f 1554/2628/2369 1467/2629/2370 1466/2627/292
f 1466/2627/292 1561/2625/2368 1554/2628/2369
f 1468/2630/292 1467/2629/2370 1554/2628/2369
f 1554/2628/2369 1545/2631/2371 1469/2632/2372
f 1469/2632/2372 1468/2630/292 1554/2628/2369
f 1543/2633/2373 1470/2634/292 1469/2632/2372
f 1469/2632/2372 1545/2631/2371 1543/2633/2373
f 1543/2633/2373 1471/2635/1591 1470/2634/292
f 1535/2636/2374 1472/2637/1591 1471/2635/1591
f 1471/2635/1591 1543/2633/2373 1535/2636/2374
f 1473/2638/292 1472/2637/1591 1535/2636/2374
f 1535/2636/2374 1526/2639/2375 1474/2640/2376
f 1474/2640/2376 1473/2638/292 1535/2636/2374
f 1524/2641/2377 1475/2642/292 1474/2640/2376
f 1474/2640/2376 1526/2639/2375 1524/2641/2377
f 1524/2641/2377 1476/2643/292 1475/2642/292
f 1517/2644/2378 1477/2645/292 1476/2643/292
f 1476/2643/292 1524/2641/2377 1517/2644/2378
f 1478/2646/292 1477/2645/292 1517/2644/2378
f 1517/2644/2378 1509/2647/2379 1479/2648/2380
f 1479/2648/2380 1478/2646/292 1517/2644/2378
f 1507/2649/2381 1480/2650/292 1479/2648/2380
f 1479/2648/2380 1509/2647/2379 1507/2649/2381
f 1507/2649/2381 1481/2651/502 1480/2650/292
f 1500/2621/2365 1482/2652/502 1481/2651/502
f 1481/2651/502 1507/2649/2381 1500/2621/2365
f 1463/2624/292 1482/2652/502 1500/2621/2365
f 1484/2653/2382 1532/2654/2383 1483/2655/2384
f 1532/2654/2383 1540/2656/2385 1551/2657/2386
f 1551/2657/2386 1483/2655/2384 1532/2654/2383
f 1551/2657/2386 1540/2656/2385 1563/2658/2387
f 1486/2659/2388 1485/2660/2389 1483/2655/2384
f 1483/2655/2384 1551/2657/2386 1487/2661/2390
f 1487/2661/2390 1486/2659/2388 1483/2655/2384
f 1488/2662/2391 1487/2661/2390 1551/2657/2386
f 1489/2663/2392 1485/2660/2389 1486/2659/2388
f 1487/2661/2390 1488/2662/2391 1490/2664/2393
f 1492/2573/2394 1494/2576/2395 1493/2665/2396
f 1493/2665/2396 1491/2666/2397 1492/2573/2394
f 1497/2575/2398 1564/2574/2399 1495/2667/2400
f 1495/2667/2400 1496/2668/2401 1497/2575/2398
f 1499/2577/2402 1492/2573/2394 1491/2666/2397
f 1491/2666/2397 1498/2669/2403 1499/2577/2402
f 1564/2574/2399 1565/2578/2404 1501/2670/2405
f 1501/2670/2405 1495/2667/2400 1564/2574/2399
f 1503/2579/2406 1499/2577/2402 1498/2669/2403
f 1498/2669/2403 1502/2671/2407 1503/2579/2406
f 1565/2578/2404 1566/2580/2408 1504/2672/2409
f 1504/2672/2409 1501/2670/2405 1565/2578/2404
f 1506/2581/2410 1503/2579/2406 1502/2671/2407
f 1502/2671/2407 1505/2673/2411 1506/2581/2410
f 1566/2580/2408 1567/2582/2412 1508/2674/2413
f 1508/2674/2413 1504/2672/2409 1566/2580/2408
f 1510/2675/2414 1506/2676/2410 1505/2677/2411
f 1505/2677/2411 1509/2647/2415 1510/2675/2414
f 1567/2585/2412 1568/2584/2416 1511/2678/2417
f 1511/2678/2417 1508/2679/2413 1567/2585/2412
f 1513/2587/2418 1510/2583/2414 1509/2680/2415
f 1509/2680/2415 1512/2681/2419 1513/2587/2418
f 1568/2584/2416 1569/2588/2420 1514/2682/2421
f 1514/2682/2421 1511/2678/2417 1568/2584/2416
f 1516/2589/2422 1513/2587/2418 1512/2681/2419
f 1512/2681/2419 1515/2683/2423 1516/2589/2422
f 1569/2588/2420 1570/2590/2424 1518/2684/2425
f 1518/2684/2425 1514/2682/2421 1569/2588/2420
f 1520/2591/2426 1516/2589/2422 1515/2683/2423
f 1515/2683/2423 1519/2685/2427 1520/2591/2426
f 1570/2590/2424 1571/2592/2428 1521/2686/2429
f 1521/2686/2429 1518/2684/2425 1570/2590/2424
f 1523/2593/2430 1520/2591/2426 1519/2685/2427
f 1519/2685/2427 1522/2687/2431 1523/2593/2430
f 1571/2592/2428 1572/2594/2432 1525/2688/2433
f 1525/2688/2433 1521/2686/2429 1571/2592/2428
f 1527/2595/2434 1523/2593/2430 1522/2687/2431
f 1522/2687/2431 1526/2689/2435 1527/2595/2434
f 1572/2594/2432 1573/2596/2436 1528/2690/2437
f 1528/2690/2437 1525/2688/2433 1572/2594/2432
f 1530/2597/2438 1527/2600/2434 1526/2691/2435
f 1526/2691/2435 1529/2692/2439 1530/2597/2438
f 1573/2599/2436 1574/2598/2440 1531/2693/2441
f 1531/2693/2441 1528/2694/2437 1573/2599/2436
f 1534/2601/2442 1530/2597/2438 1529/2692/2439
f 1529/2692/2439 1533/2695/2443 1534/2601/2442
f 1574/2598/2440 1575/2602/2444 1536/2696/2445
f 1536/2696/2445 1531/2693/2441 1574/2598/2440
f 1538/2603/2446 1534/2601/2442 1533/2695/2443
f 1533/2695/2443 1537/2697/2447 1538/2603/2446
f 1575/2602/2444 1576/2604/2448 1539/2698/2449
f 1539/2698/2449 1536/2696/2445 1575/2602/2444
f 1542/2605/2450 1538/2603/2446 1537/2697/2447
f 1537/2697/2447 1541/2699/2451 1542/2605/2450
f 1576/2604/2448 1577/2606/2452 1544/2700/2453
f 1544/2700/2453 1539/2698/2449 1576/2604/2448
f 1546/2607/2454 1542/2610/2450 1541/2701/2451
f 1541/2701/2451 1545/2702/2455 1546/2607/2454
f 1577/2609/2452 1578/2608/2456 1547/2703/2457
f 1547/2703/2457 1544/2704/2453 1577/2609/2452
f 1549/2611/2458 1546/2607/2454 1545/2702/2455
f 1545/2702/2455 1548/2705/2459 1549/2611/2458
f 1578/2608/2456 1579/2612/2460 1550/2706/2461
f 1550/2706/2461 1547/2703/2457 1578/2608/2456
f 1553/2613/2462 1549/2611/2458 1548/2705/2459
f 1548/2705/2459 1552/2707/2463 1553/2613/2462
f 1579/2612/2460 1580/2614/2464 1555/2708/2465
f 1555/2708/2465 1550/2706/2461 1579/2612/2460
f 1557/2615/2466 1553/2613/2462 1552/2707/2463
f 1552/2707/2463 1556/2709/2467 1557/2615/2466
f 1580/2614/2464 1581/2616/2468 1558/2710/2469
f 1558/2710/2469 1555/2708/2465 1580/2614/2464
f 1560/2617/2470 1557/2615/2466 1556/2709/2467
f 1556/2709/2467 1559/2711/2471 1560/2617/2470
f 1581/2616/2468 1582/2618/2472 1562/2712/2473
f 1562/2712/2473 1558/2710/2469 1581/2616/2468
f 1494/2576/2395 1560/2620/2470 1559/2713/2471
f 1559/2713/2471 1493/2665/2396 1494/2576/2395
f 1582/2619/2472 1497/2575/2398 1496/2668/2401
f 1496/2668/2401 1562/2714/2473 1582/2619/2472
f 1558/2715/2474 1562/2716/2475 1488/2662/2391
f 1493/2622/2366 1500/2621/2365 1491/2717/2476
f 1493/2622/2366 1559/2718/2477 1561/2625/2368
f 1559/2718/2477 1556/2719/2478 1561/2625/2368
f 1554/2628/2369 1561/2625/2368 1556/2719/2478
f 1556/2719/2478 1552/2720/2479 1554/2628/2369
f 1552/2720/2479 1548/2721/2480 1554/2628/2369
f 1545/2631/2371 1554/2628/2369 1548/2721/2480
f 1545/2631/2371 1541/2722/2481 1543/2633/2373
f 1541/2722/2481 1537/2723/2482 1543/2633/2373
f 1535/2636/2374 1543/2633/2373 1537/2723/2482
f 1537/2723/2482 1533/2724/2483 1535/2636/2374
f 1533/2724/2483 1529/2725/2484 1535/2636/2374
f 1526/2639/2375 1535/2636/2374 1529/2725/2484
f 1526/2639/2375 1522/2726/2485 1524/2641/2377
f 1522/2726/2485 1519/2727/2486 1524/2641/2377
f 1517/2644/2378 1524/2641/2377 1519/2727/2486
f 1519/2727/2486 1515/2728/2487 1517/2644/2378
f 1515/2728/2487 1512/2729/2488 1517/2644/2378
f 1509/2647/2379 1517/2644/2378 1512/2729/2488
f 1509/2647/2379 1505/2677/2489 1507/2649/2381
f 1505/2677/2489 1502/2730/2490 1507/2649/2381
f 1500/2621/2365 1507/2649/2381 1502/2730/2490
f 1502/2730/2490 1498/2731/2491 1500/2621/2365
f 1498/2731/2491 1491/2717/2476 1500/2621/2365
f 1504/2732/2492 1508/2733/2493 1486/2659/2388
f 1489/2663/2392 1486/2659/2388 1508/2733/2493
f 1508/2733/2493 1511/2734/2494 1489/2663/2392
f 1485/2660/2389 1489/2663/2392 1511/2734/2494
f 1511/2734/2494 1514/2735/2495 1485/2660/2389
f 1486/2659/2388 1487/2661/2390 1501/2736/2496
f 1501/2736/2496 1504/2732/2492 1486/2659/2388
f 1495/2737/2497 1501/2736/2496 1487/2661/2390
f 1531/2738/2498 1536/2739/2499 1532/2654/2383
f 1540/2656/2385 1532/2654/2383 1536/2739/2499
f 1536/2739/2499 1539/2740/2500 1540/2656/2385
f 1539/2740/2500 1544/2741/2501 1540/2656/2385
f 1490/2664/2393 1488/2662/2391 1562/2716/2475
f 1562/2716/2475 1496/2742/2502 1490/2664/2393
f 1487/2661/2390 1490/2664/2393 1496/2742/2502
f 1496/2742/2502 1495/2737/2497 1487/2661/2390
f 1488/2662/2391 1551/2657/2386 1555/2743/2503
f 1555/2743/2503 1558/2715/2474 1488/2662/2391
f 1550/2744/2504 1555/2743/2503 1551/2657/2386
f 1563/2658/2387 1540/2656/2385 1544/2741/2501
f 1544/2741/2501 1547/2745/2505 1563/2658/2387
f 1551/2657/2386 1563/2658/2387 1547/2745/2505
f 1547/2745/2505 1550/2744/2504 1551/2657/2386
f 1521/2746/2506 1525/2747/2507 1483/2655/2384
f 1484/2653/2382 1483/2655/2384 1525/2747/2507
f 1525/2747/2507 1528/2748/2508 1484/2653/2382
f 1532/2654/2383 1484/2653/2382 1528/2748/2508
f 1528/2748/2508 1531/2738/2498 1532/2654/2383
f 1483/2655/2384 1485/2660/2389 1518/2749/2509
f 1518/2749/2509 1521/2746/2506 1483/2655/2384
f 1514/2735/2495 1518/2749/2509 1485/2660/2389
f 1584/2750/2510 1638/2751/2511 1583/2752/2512
f 1605/2753/2513 1583/2752/2512 1585/2754/2514
f 1618/2755/2515 1674/2756/324 1592/2757/2516
f 1589/2758/2517 1597/2759/2518 1590/2760/2519
f 1590/2760/2519 1588/2761/2520 1589/2758/2517
f 1674/2756/324 1596/2762/2521 1592/2757/2516
f 1595/2763/40 1608/2764/2522 1641/2765/2523
f 1641/2765/2523 1598/2766/2524 1595/2763/40
f 1591/2767/2525 1602/2768/2526 1692/2769/2527
f 1601/2770/2528 1662/2771/2529 1600/2772/2530
f 1600/2772/2530 1599/2773/2531 1601/2770/2528
f 1602/2768/2526 1658/2774/2532 1603/2775/2533
f 1603/2775/2533 1664/2776/2534 1602/2768/2526
f 1656/2777/2535 1606/2778/2536 1623/2779/2537
f 1623/2779/2537 1586/2780/2538 1656/2777/2535
f 1692/2769/2527 1607/2781/2539 1700/2782/2540
f 1700/2782/2540 1591/2767/2525 1692/2769/2527
f 1608/2764/2522 1625/2783/2541 1609/2784/2542
f 1609/2784/2542 1641/2765/2523 1608/2764/2522
f 1697/2785/2543 1676/2786/2544 1702/2787/2545
f 1702/2787/2545 1660/2788/2546 1697/2785/2543
f 1611/2789/2547 1670/2790/2548 1672/2791/2549
f 1712/2792/2550 1612/2793/2551 1610/2794/2552
f 1610/2794/2552 1679/2795/2553 1712/2792/2550
f 1627/2796/2554 1611/2789/2547 1636/2797/2555
f 1628/2798/2556 1617/2799/325 1622/2800/2557
f 1615/2801/2558 1616/2802/2559 1626/2803/2560
f 1626/2803/2560 1614/2804/2561 1615/2801/2558
f 1674/2756/324 1618/2755/2515 1622/2800/2557
f 1622/2800/2557 1617/2799/325 1674/2756/324
f 1595/2763/40 1598/2766/2524 1619/2805/2562
f 1619/2805/2562 1629/2806/2563 1595/2763/40
f 1609/2784/2542 1625/2783/2541 1629/2806/2563
f 1629/2806/2563 1619/2805/2562 1609/2784/2542
f 1607/2781/2539 1680/2807/2564 1700/2782/2540
f 1597/2759/2518 1589/2758/2517 1626/2803/2560
f 1626/2803/2560 1616/2802/2559 1597/2759/2518
f 1630/2808/2565 1632/2809/2566 1685/2810/2567
f 1685/2810/2567 1631/2811/2568 1630/2808/2565
f 1681/2812/2569 1634/2813/2570 1680/2807/2564
f 1680/2807/2564 1633/2814/2571 1681/2812/2569
f 1690/2815/2572 1613/2816/2573 1624/2817/2574
f 1624/2817/2574 1587/2818/2575 1690/2815/2572
f 1596/2762/2521 1687/2819/2576 1628/2798/2556
f 1628/2798/2556 1592/2757/2516 1596/2762/2521
f 1642/2820/2577 1643/2821/2578 1694/2822/2579
f 1694/2822/2579 1641/2765/2523 1642/2820/2577
f 1719/2823/2580 1644/2824/2581 1645/2825/2582
f 1593/2826/2583 1646/2827/2584 1720/2828/2585
f 1648/2829/2586 1647/2830/2587 1713/2831/2588
f 1649/2832/2589 1650/2833/2590 1667/2834/2591
f 1646/2835/2592 1716/2836/2593 1720/2837/2594
f 1594/2838/2595 1651/2839/2596 1721/2840/2597
f 1653/2841/2598 1652/2842/2599 1714/2843/2600
f 1654/2844/2601 1648/2845/2602 1713/2846/2603
f 1637/2847/2604 1655/2848/2605 1618/2755/2515
f 1586/2780/2538 1689/2849/2606 1639/2850/2607
f 1587/2818/2575 1655/2851/2608 1637/2852/2609
f 1639/2853/2610 1689/2854/2611 1690/2815/2572
f 1645/2855/2612 1644/2856/2613 1596/2762/2614
f 1608/2764/2615 1648/2857/2616 1654/2858/2617
f 1640/2859/2618 1591/2860/2525 1656/2777/2535
f 1695/2861/2619 1688/2862/2620 1592/2757/2516
f 1597/2759/2518 1661/2863/2621 1657/2864/2622
f 1697/2865/2623 1661/2863/2621 1597/2759/2518
f 1590/2760/2519 1698/2866/2624 1663/2867/2625
f 1588/2761/2520 1658/2868/2626 1665/2869/2627
f 1585/2754/2514 1688/2870/2628 1695/2871/2629
f 1589/2758/2517 1691/2872/2630 1659/2873/2631
f 1696/2874/2632 1660/2875/2633 1598/2766/2634
f 1661/2876/2635 1600/2772/2636 1657/2877/2637
f 1643/2878/2638 1601/2770/2528 1694/2879/2639
f 1663/2880/2640 1698/2881/2641 1662/2771/2529
f 1659/2882/2642 1691/2883/2643 1605/2753/2513
f 1625/2783/2644 1653/2884/2645 1678/2885/2646
f 1611/2789/2547 1707/2886/2647 1699/2887/2648
f 1670/2790/2548 1703/2888/2649 1671/2889/2650
f 1674/2756/2651 1646/2890/2652 1593/2891/2653
f 1650/2892/2654 1649/2893/2654 1595/2763/2654
f 1616/2802/2655 1675/2894/2656 1676/2895/2657
f 1705/2896/2658 1675/2894/2656 1616/2802/2655
f 1709/2897/2659 1686/2898/2660 1701/2899/2661
f 1701/2899/2661 1609/2784/2542 1709/2897/2659
f 1621/2900/2662 1669/2901/2663 1717/2902/2664
f 1715/2903/2665 1668/2904/2666 1677/2905/2667
f 1678/2906/2668 1653/2907/2669 1714/2908/2670
f 1651/2909/2671 1718/2910/2672 1721/2911/2673
f 1699/2912/2674 1707/2913/2675 1622/2800/2557
f 1673/2914/2676 1606/2778/2536 1700/2915/2540
f 1671/2916/2677 1703/2917/2678 1613/2816/2573
f 1617/2799/2679 1651/2918/2680 1594/2919/2681
f 1629/2920/2682 1677/2921/2683 1668/2922/2684
f 1628/2798/2556 1706/2923/2685 1704/2924/2686
f 1615/2801/2558 1681/2925/2687 1682/2926/2688
f 1710/2927/2689 1634/2928/2690 1614/2804/2561
f 1704/2929/2691 1706/2930/2692 1627/2796/2554
f 1711/2931/2693 1683/2932/2694 1626/2803/2560
f 1619/2805/2695 1702/2933/2696 1684/2934/2697
f 1705/2935/2698 1630/2808/2565 1675/2936/2699
f 1709/2937/2700 1685/2810/2567 1686/2938/2701
f 1636/2797/2555 1683/2939/2702 1711/2940/2703
f 1687/2819/2704 1669/2941/2705 1621/2942/2706
f 1584/2750/2510 1640/2943/2707 1639/2944/2708
f 1639/2944/2708 1638/2751/2511 1584/2750/2510
f 1638/2751/2511 1639/2944/2709 1637/2945/2710
f 1637/2945/2710 1583/2752/2512 1638/2751/2511
f 1583/2752/2512 1637/2945/2711 1688/2870/2628
f 1688/2870/2628 1585/2754/2514 1583/2752/2512
f 1592/2757/2516 1688/2862/2620 1637/2847/2604
f 1637/2847/2604 1618/2755/2515 1592/2757/2516
f 1588/2761/2520 1665/2869/2627 1691/2872/2630
f 1691/2872/2630 1589/2758/2517 1588/2761/2520
f 1597/2759/2518 1657/2864/2622 1698/2866/2624
f 1698/2866/2624 1590/2760/2519 1597/2759/2518
f 1666/2946/2712 1693/2947/2713 1640/2943/2707
f 1640/2943/2707 1584/2750/2510 1666/2946/2712
f 1647/2830/2587 1648/2829/2586 1649/2832/2714
f 1716/2836/2593 1646/2835/2592 1594/2838/2595
f 1652/2842/2599 1653/2841/2598 1654/2844/2601
f 1586/2780/2538 1639/2850/2607 1640/2859/2715
f 1640/2859/2715 1656/2777/2535 1586/2780/2538
f 1674/2756/2651 1593/2891/2653 1645/2855/2716
f 1645/2855/2716 1596/2762/2717 1674/2756/2651
f 1595/2763/2718 1649/2893/2719 1648/2857/2616
f 1648/2857/2616 1608/2764/2615 1595/2763/2718
f 1641/2765/2523 1694/2822/2579 1696/2874/2720
f 1696/2874/2720 1598/2766/2524 1641/2765/2523
f 1612/2793/2551 1659/2948/2721 1695/2949/2722
f 1695/2949/2722 1610/2794/2552 1612/2793/2551
f 1664/2776/2534 1692/2769/2527 1602/2768/2526
f 1590/2760/2519 1663/2867/2625 1658/2868/2626
f 1658/2868/2626 1588/2761/2520 1590/2760/2519
f 1660/2788/2546 1696/2950/2723 1661/2951/2724
f 1661/2951/2724 1697/2785/2543 1660/2788/2546
f 1600/2772/2636 1661/2876/2635 1696/2952/2725
f 1696/2952/2725 1599/2773/2726 1600/2772/2636
f 1599/2773/2531 1696/2952/2727 1694/2879/2639
f 1694/2879/2639 1601/2770/2528 1599/2773/2531
f 1662/2771/2529 1698/2881/2641 1657/2877/2728
f 1657/2877/2728 1600/2772/2530 1662/2771/2529
f 1601/2770/2528 1643/2878/2638 1663/2880/2640
f 1663/2880/2640 1662/2771/2529 1601/2770/2528
f 1602/2768/2526 1693/2953/2729 1665/2954/2730
f 1665/2954/2730 1658/2774/2532 1602/2768/2526
f 1663/2955/2731 1603/2775/2533 1658/2774/2532
f 1603/2775/2533 1663/2955/2731 1643/2956/2732
f 1643/2956/2732 1664/2776/2534 1603/2775/2533
f 1604/2957/2733 1665/2958/2734 1693/2947/2713
f 1693/2947/2713 1666/2946/2712 1604/2957/2733
f 1605/2753/2513 1691/2883/2643 1665/2958/2734
f 1665/2958/2734 1604/2957/2733 1605/2753/2513
f 1618/2755/2515 1655/2848/2605 1699/2912/2674
f 1699/2912/2674 1622/2800/2557 1618/2755/2515
f 1700/2915/2540 1606/2778/2536 1656/2777/2535
f 1623/2779/2537 1671/2959/2735 1689/2849/2606
f 1689/2849/2606 1586/2780/2538 1623/2779/2537
f 1692/2960/2527 1642/2820/2577 1701/2899/2661
f 1701/2899/2661 1607/2961/2539 1692/2960/2527
f 1656/2777/2535 1591/2860/2525 1700/2915/2540
f 1608/2764/2615 1654/2858/2617 1653/2884/2645
f 1653/2884/2645 1625/2783/2644 1608/2764/2615
f 1609/2784/2542 1701/2899/2661 1642/2820/2577
f 1642/2820/2577 1641/2765/2523 1609/2784/2542
f 1667/2962/2736 1650/2963/2737 1668/2964/2738
f 1668/2964/2738 1715/2965/2739 1667/2962/2736
f 1717/2966/2740 1669/2967/2741 1644/2968/2742
f 1644/2968/2742 1719/2969/2743 1717/2966/2740
f 1670/2790/2548 1671/2889/2650 1673/2970/2744
f 1673/2970/2744 1672/2791/2549 1670/2790/2548
f 1610/2794/2552 1695/2949/2722 1704/2971/2745
f 1704/2971/2745 1679/2795/2553 1610/2794/2552
f 1627/2796/2554 1706/2930/2692 1707/2886/2647
f 1707/2886/2647 1611/2789/2547 1627/2796/2554
f 1622/2800/2557 1707/2913/2675 1706/2923/2685
f 1706/2923/2685 1628/2798/2556 1622/2800/2557
f 1615/2801/2558 1682/2926/2688 1705/2896/2658
f 1705/2896/2658 1616/2802/2655 1615/2801/2558
f 1626/2803/2560 1683/2932/2694 1710/2927/2689
f 1710/2927/2689 1614/2804/2561 1626/2803/2560
f 1617/2799/2679 1594/2919/2681 1646/2890/2652
f 1646/2890/2652 1674/2756/2651 1617/2799/2679
f 1629/2920/2682 1668/2922/2684 1650/2972/2746
f 1650/2973/2746 1595/2974/2747 1629/2975/2682
f 1598/2766/2634 1660/2875/2633 1702/2933/2696
f 1702/2933/2696 1619/2805/2695 1598/2766/2634
f 1718/2910/2672 1651/2909/2671 1621/2900/2748
f 1606/2778/2536 1673/2914/2676 1671/2959/2749
f 1671/2959/2749 1623/2779/2537 1606/2778/2536
f 1613/2816/2573 1703/2917/2678 1699/2976/2750
f 1699/2976/2750 1624/2817/2574 1613/2816/2573
f 1687/2819/2704 1621/2942/2706 1651/2918/2680
f 1651/2918/2680 1617/2799/2679 1687/2819/2704
f 1619/2805/2562 1684/2934/2751 1709/2897/2659
f 1709/2897/2659 1609/2784/2542 1619/2805/2562
f 1625/2783/2644 1678/2885/2646 1677/2977/2752
f 1677/2978/2752 1629/2979/2753 1625/2980/2644
f 1680/2807/2564 1607/2781/2539 1633/2814/2571
f 1680/2807/2564 1708/2981/2754 1673/2982/2755
f 1673/2982/2755 1700/2782/2540 1680/2807/2564
f 1614/2804/2561 1634/2928/2690 1681/2925/2687
f 1681/2925/2687 1615/2801/2558 1614/2804/2561
f 1616/2983/2655 1676/2786/2657 1697/2785/2623
f 1697/2785/2623 1597/2984/2518 1616/2983/2655
f 1589/2758/2756 1659/2873/2757 1711/2931/2758
f 1711/2931/2758 1626/2803/2759 1589/2758/2756
f 1636/2797/2760 1711/2940/2761 1704/2929/2760
f 1704/2929/2760 1627/2796/2762 1636/2797/2760
f 1712/2792/2550 1711/2985/2763 1659/2948/2721
f 1659/2948/2721 1612/2793/2551 1712/2792/2550
f 1676/2786/2544 1675/2986/2764 1684/2987/2765
f 1684/2987/2765 1702/2787/2545 1676/2786/2544
f 1631/2811/2568 1684/2988/2766 1675/2936/2699
f 1675/2936/2699 1630/2808/2565 1631/2811/2568
f 1630/2808/2565 1705/2935/2767 1682/2989/2768
f 1682/2989/2768 1632/2809/2566 1630/2808/2565
f 1685/2810/2567 1709/2937/2700 1684/2988/2769
f 1684/2988/2769 1631/2811/2568 1685/2810/2567
f 1632/2809/2566 1682/2989/2768 1686/2938/2701
f 1686/2938/2701 1685/2810/2567 1632/2809/2566
f 1633/2814/2571 1686/2990/2770 1682/2991/2771
f 1682/2991/2771 1681/2812/2569 1633/2814/2571
f 1634/2813/2570 1710/2992/2772 1708/2981/2773
f 1708/2981/2773 1680/2807/2564 1634/2813/2570
f 1620/2993/2774 1708/2994/2775 1710/2995/2776
f 1710/2995/2776 1635/2996/2777 1620/2993/2774
f 1635/2996/2777 1710/2995/2778 1683/2939/2702
f 1683/2939/2702 1636/2797/2555 1635/2996/2777
f 1690/2815/2572 1689/2854/2611 1671/2916/2677
f 1671/2916/2677 1613/2816/2573 1690/2815/2572
f 1624/2817/2574 1699/2976/2779 1655/2851/2608
f 1655/2851/2608 1587/2818/2575 1624/2817/2574
f 1596/2762/2614 1644/2856/2613 1669/2941/2780
f 1669/2997/2780 1687/2998/2781 1596/2999/2614
f 1628/2798/2782 1704/2924/2783 1695/2861/2782
f 1695/2861/2782 1592/2757/2784 1628/2798/2782
f 1692/2769/2527 1664/2776/2534 1643/2956/2785
f 1643/2956/2785 1642/3000/2577 1692/2769/2527
f 1607/2781/2539 1701/3001/2661 1686/2990/2786
f 1686/2990/2786 1633/2814/2571 1607/2781/2539
f 1628/2798/2556 1687/2819/2576 1617/2799/325
f 1587/2818/2575 1637/2852/2609 1639/2853/2610
f 1639/2853/2610 1690/2815/2572 1587/2818/2575
f 1611/2789/2547 1699/2887/2648 1703/2888/2649
f 1703/2888/2649 1670/2790/2548 1611/2789/2547
f 1672/2791/2549 1636/2797/2555 1611/2789/2547
f 1604/2957/2733 1666/2946/2712 1605/2753/2513
f 1620/2993/2774 1636/2797/2555 1672/2791/2549
f 1635/2996/2777 1636/2797/2555 1620/2993/2774
f 1605/2753/2513 1584/2750/2510 1583/2752/2512
f 1591/2767/2525 1640/3002/2618 1693/2953/2729
f 1693/2953/2729 1602/2768/2526 1591/2767/2525
f 1672/2791/2549 1673/2970/2744 1708/2994/2775
f 1708/2994/2775 1620/2993/2774 1672/2791/2549
f 1585/3003/2787 1695/2949/2788 1659/2948/2787
f 1659/2948/2787 1605/3004/2789 1585/3003/2787
f 1679/2795/2553 1704/2971/2745 1711/2985/2763
f 1711/2985/2763 1712/2792/2550 1679/2795/2553
f 1584/2750/2510 1605/2753/2513 1666/2946/2712
f 1593/2826/2583 1720/2828/2585 1713/2831/2588
f 1713/2831/2588 1647/2830/2587 1593/2826/2583
f 1594/2838/2595 1721/2840/2597 1714/2843/2600
f 1714/2843/2600 1652/2842/2599 1594/2838/2595
f 1621/2900/2662 1717/2902/2664 1715/2903/2665
f 1715/2903/2665 1677/2905/2667 1621/2900/2662
f 1647/2830/2587 1649/2832/2714 1645/2825/2790
f 1645/2825/2790 1593/2826/2583 1647/2830/2587
f 1652/2842/2599 1654/2844/2601 1716/2836/2593
f 1716/2836/2593 1594/2838/2595 1652/2842/2599
f 1667/2962/2736 1715/2965/2739 1717/2966/2740
f 1717/2966/2740 1719/2969/2743 1667/2962/2736
f 1677/2905/2791 1678/2906/2668 1718/2910/2672
f 1718/2910/2672 1621/2900/2748 1677/2905/2791
f 1649/2832/2589 1667/2834/2591 1719/2823/2580
f 1719/2823/2580 1645/2825/2582 1649/2832/2589
f 1654/2844/2601 1713/2846/2603 1720/2837/2594
f 1720/2837/2594 1716/2836/2593 1654/2844/2601
f 1678/2906/2668 1714/2908/2670 1721/2911/2673
f 1721/2911/2673 1718/2910/2672 1678/2906/2668
f 1727/3005/2792 1732/3006/2793 1724/3007/2794
f 1724/3007/2794 1733/3008/2795 1727/3005/2792
f 1729/3009/2796 1744/3010/2797 1722/3011/2796
f 1722/3011/2796 1723/3012/2798 1729/3009/2796
f 1724/3007/2794 1731/3013/2799 1728/3014/2800
f 1728/3014/2800 1730/3015/2801 1724/3007/2794
f 1727/3005/2792 1729/3016/2802 1723/3017/2803
f 1723/3017/2803 1732/3006/2793 1727/3005/2792
f 1736/3018/2804 1727/3005/2804 1733/3008/2804
f 1732/3006/2805 1726/3019/2806 1725/3020/2805
f 1725/3020/2805 1724/3007/2807 1732/3006/2805
f 1724/3007/2808 1725/3020/2808 1731/3013/2808
f 1726/3019/2809 1732/3006/2809 1723/3017/2809
f 1733/3021/2810 1743/3022/2811 1737/3023/2811
f 1737/3023/2811 1736/3024/2812 1733/3021/2810
f 1736/3025/2813 1737/3026/2814 1744/3027/2814
f 1744/3027/2814 1729/3028/2815 1736/3025/2813
f 1727/3005/2816 1736/3018/2816 1729/3016/2816
f 1733/3008/2795 1724/3007/2794 1730/3015/2801
f 1742/3029/2817 1740/3030/2818 1745/3031/2819
f 1745/3031/2819 1743/3032/2820 1742/3029/2817
f 1734/3033/2821 1738/3034/2822 1742/3029/2817
f 1742/3029/2817 1739/3035/2823 1734/3033/2821
f 1738/3036/2824 1731/3037/2825 1725/3038/2826
f 1725/3038/2826 1741/3039/2827 1738/3036/2824
f 1722/3040/2828 1744/3041/2829 1745/3031/2819
f 1745/3031/2819 1740/3030/2818 1722/3040/2828
f 1743/3032/2830 1745/3031/2830 1737/3042/2830
f 1741/3043/2831 1735/3044/2832 1740/3030/2831
f 1740/3030/2831 1742/3029/2833 1741/3043/2831
f 1738/3034/2834 1741/3043/2834 1742/3029/2834
f 1722/3040/2835 1740/3030/2835 1735/3044/2835
f 1744/3041/2836 1737/3042/2836 1745/3031/2836
f 1739/3035/2823 1742/3029/2817 1743/3032/2820
f 1726/3045/2837 1735/3046/2838 1741/3047/2206
f 1741/3047/2206 1725/3048/2839 1726/3045/2837
f 1731/3049/2840 1738/3050/2841 1734/3051/2840
f 1734/3051/2840 1728/3052/2842 1731/3049/2840
f 1728/3053/2843 1734/3054/2844 1739/3055/2845
f 1739/3055/2845 1730/3056/2846 1728/3053/2843
f 1723/3057/2847 1722/3058/2847 1735/3059/2847
f 1735/3059/2847 1726/3060/2848 1723/3057/2847
f 1730/3056/2846 1739/3055/2845 1743/3061/2849
f 1743/3061/2849 1733/3062/2850 1730/3056/2846
f 1754/3063/2851 1761/3064/2852 1746/3065/2851
f 1746/3065/2851 1753/3066/2853 1754/3063/2851
f 1747/3067/2854 1755/3068/2855 1752/3069/2856
f 1752/3069/2856 1772/3070/2857 1747/3067/2854
f 1773/3071/2858 1754/3072/2859 1753/3073/2860
f 1753/3073/2860 1759/3074/2861 1773/3071/2858
f 1748/3075/2862 1749/3076/2863 1747/3077/2864
f 1751/3078/2865 1757/3079/2865 1750/3080/2865
f 1749/3081/2866 1756/3082/2867 1747/3083/2868
f 1759/3084/2869 1751/3085/2870 1747/3077/2870
f 1748/3075/2871 1747/3077/2870 1751/3085/2870
f 1747/3083/2868 1756/3082/2867 1755/3086/2872
f 1762/3087/2873 1763/3088/2873 1764/3089/2873
f 1757/3090/2874 1751/3091/2874 1753/3092/2874
f 1753/3092/2875 1758/3093/2876 1757/3090/2877
f 1751/3094/2878 1759/3074/2861 1753/3073/2860
f 1759/3074/2861 1747/3067/2854 1772/3070/2857
f 1772/3070/2857 1773/3071/2858 1759/3074/2861
f 1760/3095/2879 1765/3096/2880 1768/3097/2881
f 1768/3097/2881 1775/3098/2882 1760/3095/2879
f 1766/3099/2883 1755/3086/2872 1756/3082/2867
f 1761/3100/2813 1754/3101/2884 1773/3102/2885
f 1773/3102/2885 1774/3103/2886 1761/3100/2813
f 1746/3104/2887 1761/3105/2888 1774/3106/2889
f 1774/3106/2889 1767/3107/2890 1746/3104/2887
f 1768/3108/2891 1771/3109/2892 1769/3110/2893
f 1770/3111/2894 1763/3112/2894 1767/3113/2894
f 1763/3114/2895 1762/3115/2896 1767/3116/2897
f 1768/3097/2898 1770/3117/2898 1767/3107/2898
f 1769/3118/2899 1749/3076/2863 1748/3075/2862
f 1770/3119/2900 1768/3120/2900 1769/3121/2900
f 1755/3086/2872 1766/3099/2883 1765/3122/2901
f 1768/3108/2891 1765/3122/2901 1766/3099/2883
f 1766/3099/2883 1771/3109/2892 1768/3108/2891
f 1746/3123/2902 1767/3124/2897 1762/3125/2896
f 1775/3098/2882 1768/3097/2881 1767/3107/2890
f 1767/3107/2890 1774/3106/2889 1775/3098/2882
f 1755/3126/2903 1765/3127/2904 1760/3128/2903
f 1760/3128/2903 1752/3129/2905 1755/3126/2903
f 1752/3130/2906 1760/3131/2907 1775/3132/2908
f 1775/3132/2908 1772/3133/2909 1752/3130/2906
f 1758/3093/2876 1746/3123/2902 1762/3125/2896
f 1749/3081/2910 1769/3110/2893 1771/3109/2892
f 1746/3123/2902 1758/3093/2876 1753/3092/2875
f 1773/3134/2837 1772/3135/2837 1775/3136/2837
f 1775/3136/2837 1774/3137/2837 1773/3134/2837
f 1776/3138/2911 1799/3139/2912 1786/3140/2913
f 1786/3140/2913 1798/3141/2914 1776/3138/2911
f 1777/3142/2915 1791/3143/2916 1778/3144/2917
f 1778/3144/2917 1779/3145/2918 1777/3142/2915
f 1794/3146/2919 1800/3147/2920 1801/3148/2920
f 1801/3148/2920 1785/3149/2919 1794/3146/2919
f 1783/3150/2921 1776/3151/2922 1798/3152/2923
f 1798/3153/2923 1784/3154/2924 1783/3155/2921
f 1793/3156/2925 1788/3157/2926 1777/3142/2915
f 1777/3142/2915 1779/3145/2918 1793/3156/2925
f 1788/3158/2927 1793/3159/2928 1786/3140/2913
f 1786/3140/2913 1799/3139/2912 1788/3158/2927
f 1790/3160/2929 1791/3161/2930 1777/3162/2931
f 1777/3162/2931 1776/3163/2932 1790/3160/2929
f 1795/3164/2933 1792/3165/2934 1796/3166/2935
f 1796/3166/2935 1787/3167/2936 1795/3164/2933
f 1776/3163/2932 1777/3162/2931 1788/3168/2937
f 1790/3160/2929 1794/3169/2938 1787/3170/2939
f 1795/3171/2940 1785/3172/2941 1780/3173/2942
f 1782/3174/2943 1797/3175/2944 1803/3176/2945
f 1778/3144/2917 1791/3143/2916 1796/3177/2946
f 1794/3178/2947 1785/3179/2948 1795/3164/2933
f 1795/3164/2933 1787/3167/2936 1794/3178/2947
f 1776/3151/2922 1783/3150/2921 1782/3180/2949
f 1785/3172/2950 1801/3181/2951 1802/3182/2952
f 1802/3182/2952 1780/3173/2953 1785/3172/2950
f 1798/3183/2954 1781/3184/2955 1784/3185/2956
f 1786/3186/2957 1793/3187/2958 1798/3183/2954
f 1787/3170/2939 1796/3188/2959 1791/3161/2930
f 1791/3161/2930 1790/3160/2929 1787/3170/2939
f 1796/3166/2935 1792/3165/2934 1778/3189/2960
f 1792/3190/2961 1795/3171/2940 1780/3173/2942
f 1779/3191/2962 1778/3192/2963 1792/3190/2964
f 1792/3190/2964 1793/3187/2958 1779/3191/2962
f 1799/3193/2965 1776/3163/2932 1788/3168/2937
f 1793/3187/2958 1792/3190/2964 1780/3173/2966
f 1790/3160/2929 1776/3163/2932 1782/3174/2943
f 1781/3184/2955 1798/3183/2954 1793/3187/2958
f 1793/3187/2958 1780/3173/2966 1781/3184/2955
f 1781/3184/2955 1802/3182/2967 1807/3194/2968
f 1789/3195/2969 1790/3160/2929 1782/3174/2943
f 1782/3174/2943 1803/3176/2945 1789/3195/2969
f 1797/3196/2970 1783/3150/2971 1784/3197/2972
f 1784/3197/2972 1815/3198/2973 1797/3196/2970
f 1802/3182/2967 1781/3184/2955 1780/3173/2966
f 1815/3199/2974 1784/3185/2956 1781/3184/2955
f 1781/3184/2955 1807/3194/2968 1815/3199/2974
f 1797/3196/2970 1782/3180/2975 1783/3150/2971
f 1800/3200/2976 1794/3169/2977 1790/3160/2978
f 1790/3160/2978 1789/3195/2979 1800/3200/2976
f 1811/3201/2980 1804/3202/2981 1806/3203/2982
f 1806/3203/2982 1808/3204/2983 1811/3201/2980
f 1812/3205/2984 1809/3206/2985 1813/3207/2986
f 1813/3207/2986 1817/3208/2987 1812/3205/2984
f 1797/3209/2988 1815/3210/2989 1808/3204/2983
f 1808/3204/2983 1806/3203/2982 1797/3209/2988
f 1813/3207/2990 1816/3211/2991 1805/3212/2992
f 1805/3212/2992 1817/3208/2993 1813/3207/2990
f 1811/3201/2980 1805/3213/2994 1816/3214/2995
f 1816/3214/2995 1804/3202/2981 1811/3201/2980
f 1806/3215/2996 1789/3195/2969 1803/3176/2945
f 1802/3182/2967 1808/3216/2997 1807/3194/2968
f 1816/3217/2998 1809/3218/2999 1789/3195/2969
f 1789/3195/2969 1806/3215/2996 1816/3217/2998
f 1809/3219/3000 1812/3220/3001 1810/3221/3000
f 1810/3221/3000 1814/3222/3002 1809/3219/3000
f 1789/3195/2979 1814/3223/3003 1800/3200/2976
f 1801/3181/2951 1810/3224/3004 1802/3182/2952
f 1800/3147/3005 1814/3225/3006 1810/3226/3005
f 1810/3226/3005 1801/3148/3007 1800/3147/3005
f 1815/3199/3008 1807/3194/3008 1808/3216/3008
f 1808/3216/2997 1805/3227/3009 1811/3228/3010
f 1803/3176/2945 1797/3175/2944 1806/3215/2996
f 1814/3223/3011 1789/3195/3011 1809/3218/3011
f 1802/3182/3012 1810/3224/3012 1812/3229/3012
f 1817/3230/3013 1805/3227/3009 1812/3229/3014
f 1816/3217/2998 1806/3215/2996 1804/3231/3015
f 1802/3182/2967 1812/3229/3014 1805/3227/3009
f 1816/3217/2998 1813/3232/3016 1809/3218/2999
f 1805/3227/3009 1808/3216/2997 1802/3182/2967
f 1834/3233/3017 1820/3234/3018 1826/3235/3019
f 1826/3235/3019 1824/3236/3020 1834/3233/3017
f 1828/3237/3021 1829/3238/3022 1835/3239/3023
f 1835/3239/3023 1840/3240/3024 1828/3237/3021
f 1851/3241/3025 1854/3242/3025 1832/3243/3026
f 1832/3243/3026 1831/3244/3026 1851/3241/3025
f 1822/3245/3027 1825/3246/3028 1824/3247/3029
f 1824/3248/3029 1826/3249/3030 1822/3250/3027
f 1835/3239/3023 1839/3251/3031 1823/3252/3032
f 1823/3252/3032 1840/3240/3024 1835/3239/3023
f 1834/3233/3017 1823/3253/3033 1839/3254/3034
f 1839/3254/3034 1820/3234/3018 1834/3233/3017
f 1818/3255/3035 1824/3256/3036 1837/3257/3037
f 1835/3258/3038 1830/3259/3039 1819/3260/3040
f 1819/3260/3040 1826/3261/3041 1835/3258/3038
f 1829/3262/3042 1827/3263/3043 1821/3264/3044
f 1821/3264/3044 1838/3265/3045 1829/3262/3042
f 1839/3266/3046 1835/3258/3038 1826/3261/3041
f 1838/3267/3047 1832/3268/3048 1819/3260/3049
f 1818/3255/3050 1831/3269/3051 1821/3270/3052
f 1833/3271/3053 1859/3272/3054 1836/3273/3055
f 1837/3274/3056 1825/3275/3057 1858/3276/3058
f 1829/3238/3022 1830/3277/3059 1835/3239/3023
f 1821/3264/3044 1831/3278/3060 1832/3279/3061
f 1832/3279/3061 1838/3265/3045 1821/3264/3044
f 1825/3246/3028 1837/3280/3062 1824/3247/3029
f 1836/3281/3063 1822/3250/3027 1826/3249/3030
f 1848/3282/3064 1851/3283/3065 1831/3269/3066
f 1831/3269/3066 1818/3255/3067 1848/3282/3064
f 1824/3256/3036 1823/3284/3068 1834/3285/3069
f 1838/3267/3047 1819/3260/3049 1830/3259/3070
f 1830/3286/3071 1829/3262/3042 1838/3265/3045
f 1828/3287/3072 1827/3263/3043 1829/3262/3042
f 1818/3255/3050 1821/3270/3052 1827/3288/3073
f 1827/3288/3074 1828/3289/3075 1840/3290/3076
f 1840/3290/3076 1823/3284/3068 1827/3288/3074
f 1839/3266/3046 1826/3261/3041 1820/3291/3077
f 1818/3255/3035 1827/3288/3074 1823/3284/3068
f 1836/3273/3055 1826/3261/3041 1819/3260/3040
f 1823/3284/3068 1824/3256/3036 1818/3255/3035
f 1818/3255/3035 1837/3257/3037 1841/3292/3078
f 1841/3292/3078 1848/3282/3079 1818/3255/3035
f 1836/3273/3055 1819/3260/3040 1855/3293/3080
f 1855/3293/3080 1833/3271/3053 1836/3273/3055
f 1825/3275/3057 1822/3250/3081 1859/3294/3082
f 1859/3294/3082 1858/3276/3058 1825/3275/3057
f 1858/3295/3083 1841/3292/3078 1837/3257/3037
f 1822/3250/3081 1836/3281/3084 1859/3294/3082
f 1819/3260/3085 1832/3268/3086 1854/3296/3087
f 1854/3296/3087 1855/3293/3088 1819/3260/3085
f 1842/3297/3089 1857/3298/3090 1846/3299/3091
f 1846/3299/3091 1856/3300/3092 1842/3297/3089
f 1843/3301/3093 1849/3302/3094 1844/3303/3095
f 1844/3303/3095 1845/3304/3096 1843/3301/3093
f 1859/3305/3097 1842/3297/3089 1856/3300/3092
f 1856/3300/3092 1858/3306/3098 1859/3305/3097
f 1847/3307/3099 1850/3308/3100 1843/3301/3099
f 1843/3301/3099 1845/3304/3101 1847/3307/3099
f 1850/3309/3102 1847/3310/3103 1846/3299/3091
f 1846/3299/3091 1857/3298/3090 1850/3309/3102
f 1833/3271/3053 1855/3293/3080 1842/3311/3104
f 1855/3293/3080 1849/3312/3105 1850/3313/3106
f 1850/3313/3106 1842/3311/3104 1855/3293/3080
f 1852/3314/3107 1844/3315/3108 1849/3316/3109
f 1849/3316/3109 1853/3317/3002 1852/3314/3107
f 1854/3296/3087 1853/3318/3110 1855/3293/3088
f 1848/3282/3064 1852/3319/3111 1851/3283/3065
f 1852/3320/3112 1853/3321/3113 1854/3242/3112
f 1854/3242/3112 1851/3241/3114 1852/3320/3112
f 1856/3322/3115 1841/3292/3115 1858/3295/3115
f 1846/3323/3116 1847/3324/3117 1856/3322/3118
f 1842/3311/3104 1859/3272/3054 1833/3271/3053
f 1849/3312/3119 1855/3293/3119 1853/3318/3119
f 1844/3325/3120 1852/3319/3120 1848/3282/3120
f 1844/3325/3121 1847/3324/3117 1845/3326/3122
f 1857/3327/3123 1842/3311/3104 1850/3313/3106
f 1847/3324/3117 1844/3325/3121 1848/3282/3079
f 1849/3312/3105 1843/3328/3124 1850/3313/3106
f 1847/3324/3117 1848/3282/3079 1856/3322/3118
f 1856/3322/3118 1848/3282/3079 1841/3292/3078
f 1868/3329/2851 1875/3330/3125 1860/3331/2851
f 1860/3331/2851 1867/3332/2853 1868/3329/2851
f 1861/3333/2854 1869/3334/3126 1866/3335/2856
f 1866/3335/2856 1886/3336/3127 1861/3333/2854
f 1887/3337/3128 1868/3338/3129 1867/3339/3130
f 1867/3339/3130 1873/3340/3131 1887/3337/3128
f 1862/3341/3132 1863/3342/3133 1861/3343/3134
f 1865/3344/3135 1871/3345/3135 1864/3346/3135
f 1863/3347/3136 1870/3348/2867 1861/3349/3137
f 1873/3350/3138 1865/3351/3139 1861/3343/3139
f 1862/3341/3140 1861/3343/3139 1865/3351/3139
f 1861/3349/3137 1870/3348/2867 1869/3352/2872
f 1876/3353/3141 1877/3354/3141 1878/3355/3141
f 1871/3356/3142 1865/3357/3142 1867/3133/3142
f 1867/3133/3143 1872/3358/3144 1871/3356/3145
f 1865/3359/3146 1873/3340/3131 1867/3339/3130
f 1873/3340/3131 1861/3333/2854 1886/3336/3127
f 1886/3336/3127 1887/3337/3128 1873/3340/3131
f 1874/3360/3147 1879/3361/3148 1882/3362/3149
f 1882/3362/3149 1889/3363/3150 1874/3360/3147
f 1880/3364/3151 1869/3352/2872 1870/3348/2867
f 1875/3365/3152 1868/3366/2884 1887/3367/2885
f 1887/3367/2885 1888/3368/2886 1875/3365/3152
f 1860/3369/3153 1875/3370/2888 1888/3371/3154
f 1888/3371/3154 1881/3372/3155 1860/3369/3153
f 1882/3373/3156 1885/3374/3157 1883/3375/3158
f 1884/3376/3159 1877/3377/3159 1881/3378/3159
f 1877/3379/3160 1876/3380/2896 1881/3381/3161
f 1882/3362/3162 1884/3382/3162 1881/3372/3162
f 1883/3383/3163 1863/3342/3133 1862/3341/3132
f 1884/3384/3164 1882/3385/3164 1883/3386/3164
f 1869/3352/2872 1880/3364/3151 1879/3387/3165
f 1882/3373/3156 1879/3387/3165 1880/3364/3151
f 1880/3364/3151 1885/3374/3157 1882/3373/3156
f 1860/3388/3166 1881/3389/3161 1876/3390/2896
f 1889/3363/3150 1882/3362/3149 1881/3372/3155
f 1881/3372/3155 1888/3371/3154 1889/3363/3150
f 1869/3391/2903 1879/3392/3167 1874/3393/3168
f 1874/3393/3168 1866/3394/3169 1869/3391/2903
f 1866/3395/2908 1874/3396/2907 1889/3397/2908
f 1889/3397/2908 1886/3398/2909 1866/3395/2908
f 1872/3358/3144 1860/3388/3166 1876/3390/2896
f 1863/3347/3170 1883/3375/3158 1885/3374/3157
f 1860/3388/3166 1872/3358/3144 1867/3133/3143
f 1887/3399/2206 1886/3400/2206 1889/3401/2837
f 1889/3401/2837 1888/3402/2837 1887/3399/2206
f 1890/3403/3171 1913/3404/3172 1899/3405/3173
f 1899/3405/3173 1912/3406/3174 1890/3403/3171
f 1891/3407/2915 1904/3408/2916 1892/3409/2917
f 1892/3409/2917 1893/3410/2918 1891/3407/2915
f 1908/3411/2919 1914/3412/2920 1915/3413/2920
f 1915/3413/2920 1907/3414/2919 1908/3411/2919
f 1897/3415/2921 1890/3416/3175 1912/3417/2923
f 1912/3418/2923 1898/3419/2924 1897/3420/2921
f 1906/3421/2925 1901/3422/3176 1891/3407/2915
f 1891/3407/2915 1893/3410/2918 1906/3421/2925
f 1901/3423/3177 1906/3424/3178 1899/3405/3173
f 1899/3405/3173 1913/3404/3172 1901/3423/3177
f 1903/3425/2929 1904/3426/3179 1891/3427/2931
f 1891/3427/2931 1890/3428/3180 1903/3425/2929
f 1909/3429/3181 1905/3430/3182 1910/3431/3183
f 1910/3431/3183 1900/3432/3184 1909/3429/3181
f 1890/3428/3180 1891/3427/2931 1901/3433/3185
f 1903/3425/2929 1908/3434/3186 1900/3435/3187
f 1909/3436/3188 1907/3437/3189 1894/3438/3190
f 1896/3439/3191 1911/3440/3192 1917/3441/3193
f 1892/3409/2917 1904/3408/2916 1910/3442/3194
f 1908/3443/3195 1907/3444/3196 1909/3429/3181
f 1909/3429/3181 1900/3432/3184 1908/3443/3195
f 1890/3416/3175 1897/3415/2921 1896/3445/3197
f 1907/3437/3198 1915/3446/3199 1916/3447/3200
f 1916/3447/3200 1894/3438/3201 1907/3437/3198
f 1912/3448/2954 1895/3449/2955 1898/3450/3202
f 1899/3451/3203 1906/3452/2958 1912/3448/2954
f 1900/3435/3187 1910/3453/3204 1904/3426/3179
f 1904/3426/3179 1903/3425/2929 1900/3435/3187
f 1910/3431/3183 1905/3430/3182 1892/3454/3205
f 1905/3455/3206 1909/3436/3188 1894/3438/3190
f 1893/3456/3207 1892/3457/3208 1905/3455/2964
f 1905/3455/2964 1906/3452/2958 1893/3456/3207
f 1913/3458/3209 1890/3428/3180 1901/3433/3185
f 1906/3452/2958 1905/3455/2964 1894/3438/2966
f 1903/3425/2929 1890/3428/3180 1896/3439/3191
f 1895/3449/2955 1912/3448/2954 1906/3452/2958
f 1906/3452/2958 1894/3438/2966 1895/3449/2955
f 1895/3449/2955 1916/3447/2967 1921/3459/2968
f 1902/3460/2969 1903/3425/2929 1896/3439/3191
f 1896/3439/3191 1917/3441/3193 1902/3460/2969
f 1911/3461/3210 1897/3415/2971 1898/3462/3211
f 1898/3462/3211 1929/3463/2973 1911/3461/3210
f 1916/3447/2967 1895/3449/2955 1894/3438/2966
f 1929/3464/3212 1898/3450/3202 1895/3449/2955
f 1895/3449/2955 1921/3459/2968 1929/3464/3212
f 1911/3461/3210 1896/3445/3213 1897/3415/2971
f 1914/3465/3214 1908/3434/3215 1903/3425/3216
f 1903/3425/3216 1902/3460/3217 1914/3465/3214
f 1925/3466/3218 1918/3467/3219 1920/3468/2982
f 1920/3468/2982 1922/3469/2983 1925/3466/3218
f 1926/3470/3220 1923/3471/2985 1927/3472/2984
f 1927/3472/2984 1931/3473/2987 1926/3470/3220
f 1911/3474/2988 1929/3475/2989 1922/3469/2983
f 1922/3469/2983 1920/3468/2982 1911/3474/2988
f 1927/3472/3221 1930/3476/3222 1919/3477/3221
f 1919/3477/3221 1931/3473/3223 1927/3472/3221
f 1925/3466/3218 1919/3478/3224 1930/3479/3225
f 1930/3479/3225 1918/3467/3219 1925/3466/3218
f 1920/3480/2996 1902/3460/2969 1917/3441/3193
f 1916/3447/2967 1922/3481/2997 1921/3459/2968
f 1930/3482/3226 1923/3483/2999 1902/3460/2969
f 1902/3460/2969 1920/3480/2996 1930/3482/3226
f 1923/3484/3227 1926/3485/3228 1924/3486/3229
f 1924/3486/3229 1928/3487/3002 1923/3484/3227
f 1902/3460/3217 1928/3488/3230 1914/3465/3214
f 1915/3446/3199 1924/3489/3231 1916/3447/3200
f 1914/3412/3232 1928/3490/3233 1924/3491/3234
f 1924/3491/3234 1915/3413/3235 1914/3412/3232
f 1929/3464/3236 1921/3459/3236 1922/3481/3236
f 1922/3481/2997 1919/3492/3009 1925/3493/3010
f 1917/3441/3193 1911/3440/3192 1920/3480/2996
f 1928/3488/3237 1902/3460/3237 1923/3483/3237
f 1916/3447/3238 1924/3489/3238 1926/3494/3238
f 1931/3495/3239 1919/3492/3009 1926/3494/3240
f 1930/3482/3226 1920/3480/2996 1918/3496/3241
f 1916/3447/2967 1926/3494/3240 1919/3492/3009
f 1930/3482/3226 1927/3497/3242 1923/3483/2999
f 1919/3492/3009 1922/3481/2997 1916/3447/2967
f 1948/3498/3017 1934/3499/3243 1940/3500/3244
f 1940/3500/3244 1938/3501/3245 1948/3498/3017
f 1942/3502/3246 1946/3503/3247 1949/3504/3248
f 1949/3504/3248 1954/3505/3024 1942/3502/3246
f 1966/3506/3025 1969/3507/3025 1945/3508/3026
f 1945/3508/3026 1944/3509/3026 1966/3506/3025
f 1936/3510/3249 1939/3511/3250 1938/3512/3029
f 1938/3513/3029 1940/3514/3251 1936/3515/3249
f 1949/3504/3248 1953/3516/3252 1937/3517/3253
f 1937/3517/3253 1954/3505/3024 1949/3504/3248
f 1948/3498/3017 1937/3518/3254 1953/3519/3255
f 1953/3519/3255 1934/3499/3243 1948/3498/3017
f 1932/3520/3035 1938/3521/3256 1951/3522/3257
f 1949/3523/3038 1946/3524/3258 1933/3525/3259
f 1933/3525/3259 1940/3526/3041 1949/3523/3038
f 1943/3527/3260 1941/3528/3261 1935/3529/3262
f 1935/3529/3262 1952/3530/3263 1943/3527/3260
f 1953/3531/3264 1949/3523/3038 1940/3526/3041
f 1952/3532/3265 1945/3533/3266 1933/3525/3259
f 1932/3520/3267 1944/3534/3268 1935/3535/3269
f 1947/3536/3270 1973/3537/3271 1950/3538/3272
f 1951/3539/3273 1939/3540/3057 1962/3541/3058
f 1943/3542/3274 1946/3503/3247 1942/3502/3246
f 1935/3529/3262 1944/3543/3275 1945/3544/3276
f 1945/3544/3276 1952/3530/3263 1935/3529/3262
f 1939/3511/3250 1951/3545/3277 1938/3512/3029
f 1950/3546/3278 1936/3515/3249 1940/3514/3251
f 1963/3547/3279 1966/3548/3280 1944/3534/3281
f 1944/3534/3281 1932/3520/3282 1963/3547/3279
f 1938/3521/3256 1937/3549/3283 1948/3550/3284
f 1946/3524/3258 1943/3551/3285 1952/3532/3265
f 1952/3532/3265 1933/3525/3259 1946/3524/3258
f 1942/3552/3286 1941/3528/3261 1943/3527/3260
f 1932/3520/3267 1935/3535/3269 1941/3553/3287
f 1941/3553/3074 1942/3554/3288 1954/3555/3289
f 1954/3555/3289 1937/3549/3283 1941/3553/3074
f 1953/3531/3264 1940/3526/3041 1934/3556/3290
f 1932/3520/3035 1941/3553/3074 1937/3549/3283
f 1950/3538/3272 1940/3526/3041 1933/3525/3259
f 1937/3549/3283 1938/3521/3256 1932/3520/3035
f 1932/3520/3035 1951/3522/3257 1955/3557/3291
f 1955/3557/3291 1963/3547/3292 1932/3520/3035
f 1950/3538/3272 1933/3525/3259 1970/3558/3080
f 1970/3558/3080 1947/3536/3270 1950/3538/3272
f 1939/3540/3057 1936/3515/3293 1973/3559/3294
f 1973/3559/3294 1962/3541/3058 1939/3540/3057
f 1962/3560/3295 1955/3557/3291 1951/3522/3257
f 1936/3515/3293 1950/3546/3296 1973/3559/3294
f 1933/3525/3297 1945/3533/3086 1969/3561/3087
f 1969/3561/3087 1970/3558/3298 1933/3525/3297
f 1956/3562/3299 1972/3563/3090 1960/3564/3091
f 1960/3564/3091 1971/3565/3300 1956/3562/3299
f 1957/3566/3095 1964/3567/3094 1958/3568/3301
f 1958/3568/3301 1959/3569/3096 1957/3566/3095
f 1973/3570/3302 1956/3562/3299 1971/3565/3300
f 1971/3565/3300 1962/3571/3098 1973/3570/3302
f 1961/3572/3303 1965/3573/3304 1957/3566/3305
f 1957/3566/3305 1959/3569/3306 1961/3572/3303
f 1965/3574/3307 1961/3575/3103 1960/3564/3091
f 1960/3564/3091 1972/3563/3090 1965/3574/3307
f 1947/3536/3270 1970/3558/3080 1956/3576/3104
f 1970/3558/3080 1964/3577/3105 1965/3578/3308
f 1965/3578/3308 1956/3576/3104 1970/3558/3080
f 1967/3579/3109 1958/3580/3309 1964/3581/3109
f 1964/3581/3109 1968/3582/3002 1967/3579/3109
f 1969/3561/3087 1968/3583/3310 1970/3558/3298
f 1963/3547/3279 1967/3584/3311 1966/3548/3280
f 1967/3585/3312 1968/3586/3313 1969/3507/3312
f 1969/3507/3312 1966/3506/3314 1967/3585/3312
f 1971/3587/3315 1955/3557/3315 1962/3560/3315
f 1960/3588/3316 1961/3589/3117 1971/3587/3118
f 1956/3576/3104 1973/3537/3271 1947/3536/3270
f 1964/3577/3317 1970/3558/3317 1968/3583/3317
f 1958/3590/3318 1967/3584/3318 1963/3547/3318
f 1958/3590/3121 1961/3589/3117 1959/3591/3319
f 1972/3592/3320 1956/3576/3104 1965/3578/3308
f 1961/3589/3117 1958/3590/3121 1963/3547/3292
f 1964/3577/3105 1957/3593/3321 1965/3578/3308
f 1961/3589/3117 1963/3547/3292 1971/3587/3118
f 1971/3587/3118 1963/3547/3292 1955/3557/3291
f 1974/3594/2510 2028/3595/2511 1975/3596/2512
f 1996/3597/2513 1975/3596/2512 1976/3598/2514
f 2008/3599/2515 2065/3600/324 1983/3601/2516
f 1981/3602/2517 1988/3603/2518 1979/3604/3322
f 1979/3604/3322 1980/3605/3323 1981/3602/2517
f 2065/3600/324 1987/3606/2521 1983/3601/2516
f 1986/3607/40 2047/3608/3324 2031/3609/3325
f 2031/3609/3325 1989/3610/2524 1986/3607/40
f 1982/3611/2525 1994/3612/3326 2083/3613/3327
f 1992/3614/2528 2053/3615/2529 1991/3616/3328
f 1991/3616/3328 1990/3617/2531 1992/3614/2528
f 1994/3612/3326 2049/3618/2532 1993/3619/2533
f 1993/3619/2533 2055/3620/2534 1994/3612/3326
f 2046/3621/2535 1997/3622/2536 2013/3623/2537
f 2013/3623/2537 1977/3624/2538 2046/3621/2535
f 2083/3613/3327 1998/3625/2539 2091/3626/3329
f 2091/3626/3329 1982/3611/2525 2083/3613/3327
f 2031/3609/3325 2015/3627/2541 1999/3628/3330
f 2088/3629/2543 2066/3630/2544 2093/3631/2545
f 2093/3631/2545 2051/3632/2546 2088/3629/2543
f 2001/3633/2547 2062/3634/3331 2063/3635/2549
f 2103/3636/3332 2002/3637/2551 2000/3638/3333
f 2000/3638/3333 2070/3639/2553 2103/3636/3332
f 2017/3640/2554 2001/3633/2547 2026/3641/2555
f 2018/3642/2556 2007/3643/325 2012/3644/3334
f 2005/3645/3335 2006/3646/2559 2016/3647/3336
f 2016/3647/3336 2004/3648/2561 2005/3645/3335
f 2065/3600/324 2008/3599/2515 2012/3644/3334
f 2012/3644/3334 2007/3643/325 2065/3600/324
f 1986/3607/40 1989/3610/2524 2009/3649/3337
f 2009/3649/3337 2019/3650/196 1986/3607/40
f 1999/3628/3330 2015/3627/2541 2019/3650/196
f 2019/3650/196 2009/3649/3337 1999/3628/3330
f 1998/3625/2539 2071/3651/3338 2091/3626/3329
f 1988/3603/2518 1981/3602/2517 2016/3647/3336
f 2016/3647/3336 2006/3646/2559 1988/3603/2518
f 2021/3652/2565 2022/3653/3339 2076/3654/2567
f 2076/3654/2567 2020/3655/2568 2021/3652/2565
f 2073/3656/3340 2024/3657/2570 2071/3651/3338
f 2071/3651/3338 2023/3658/2571 2073/3656/3340
f 2081/3659/2572 2003/3660/3341 2014/3661/2574
f 2014/3661/2574 1978/3662/2575 2081/3659/2572
f 1987/3606/2521 2078/3663/2576 2018/3642/2556
f 2018/3642/2556 1983/3601/2516 1987/3606/2521
f 2032/3664/3342 2033/3665/3343 2085/3666/3344
f 2085/3666/3344 2031/3609/3325 2032/3664/3342
f 2110/3667/3345 2035/3668/3346 2034/3669/3347
f 1984/3670/2583 2036/3671/3348 2111/3672/2585
f 2038/3673/2586 2037/3674/2587 2104/3675/2588
f 2039/3676/2589 2040/3677/3349 2058/3678/2591
f 2036/3679/2592 2107/3680/3350 2111/3681/3351
f 1985/3682/2595 2041/2979/2596 2112/3683/2597
f 2043/3684/3352 2042/3685/2599 2105/3686/2600
f 2044/3687/3353 2038/3688/3354 2104/3689/3355
f 2027/3690/2604 2045/3691/3356 2008/3599/2515
f 1977/3624/2538 2080/3692/3357 2029/3693/3358
f 1978/3662/2575 2045/3694/3359 2027/3695/3360
f 2029/3696/3361 2080/3697/3362 2081/3659/2572
f 2034/3698/3363 2035/3699/3364 1987/3606/3365
f 2047/3608/3366 2038/3700/3367 2044/3701/3368
f 2030/3702/3369 1982/3703/2525 2046/3621/2535
f 2086/3704/3370 2079/3705/3371 1983/3601/2516
f 1988/3603/2518 2052/3706/3372 2048/3707/3373
f 2088/3708/3374 2052/3706/3372 1988/3603/2518
f 1979/3604/3322 2089/3709/3375 2054/3710/2625
f 1980/3605/3323 2049/3711/3376 2056/3712/3377
f 1976/3598/2514 2079/3713/2628 2086/3714/3378
f 1981/3602/2517 2082/3715/3379 2050/3716/3380
f 2087/3717/3381 2051/3718/3382 1989/3610/2634
f 2052/3719/3383 1991/3616/3384 2048/3720/3385
f 2033/3721/3386 1992/3614/2528 2085/3722/2639
f 2054/3723/3387 2089/3724/3388 2053/3615/2529
f 2050/3725/3389 2082/3726/2643 1996/3597/2513
f 2015/3627/3390 2043/3727/3391 2069/3728/3392
f 2001/3633/2547 2098/3729/2647 2090/3730/2648
f 2062/3634/3331 2094/3731/2649 2061/3732/2650
f 2065/3600/3393 2036/3733/3394 1984/3734/3395
f 2040/3735/3396 2039/3736/3396 1986/3607/3396
f 2006/3646/3397 2067/3737/3398 2066/3738/3399
f 2096/3739/3400 2067/3737/3398 2006/3646/3397
f 2100/3740/3401 2077/3741/3402 2092/3742/2661
f 2092/3742/2661 1999/3628/3330 2100/3740/3401
f 2011/3743/3403 2060/3744/3404 2108/3745/2664
f 2106/3746/2665 2059/3747/2666 2068/3748/3405
f 2069/3749/2668 2043/3750/3406 2105/3751/2670
f 2041/3752/3407 2109/3753/2672 2112/3754/3408
f 2090/3755/3409 2098/3756/3410 2012/3644/3334
f 2064/3757/2676 1997/3622/2536 2091/3758/3329
f 2061/3759/3411 2094/3760/3412 2003/3660/3341
f 2007/3643/3413 2041/3761/3414 1985/3762/3415
f 2019/3763/3416 2068/3764/3417 2059/3765/2684
f 2018/3642/2556 2097/3766/2685 2095/3767/2686
f 2005/3645/3335 2073/3768/3418 2072/3769/3419
f 2101/3770/3420 2024/3771/3421 2004/3648/2561
f 2095/3772/3422 2097/3773/2692 2017/3640/2554
f 2102/3774/2693 2074/3775/3423 2016/3647/3336
f 2009/3649/3424 2093/3776/3425 2075/3777/3426
f 2096/3778/3427 2021/3652/2565 2067/3779/2699
f 2100/3780/3428 2076/3654/2567 2077/3781/3429
f 2026/3641/2555 2074/3782/3430 2102/3783/2703
f 2078/3663/3431 2060/3784/3432 2011/3785/3433
f 1974/3594/2510 2030/3786/2707 2029/3787/2708
f 2029/3787/2708 2028/3595/2511 1974/3594/2510
f 2028/3595/2511 2029/3787/2709 2027/3788/2710
f 2027/3788/2710 1975/3596/2512 2028/3595/2511
f 1975/3596/2512 2027/3788/2711 2079/3713/2628
f 2079/3713/2628 1976/3598/2514 1975/3596/2512
f 1983/3601/2516 2079/3705/3371 2027/3690/2604
f 2027/3690/2604 2008/3599/2515 1983/3601/2516
f 1980/3605/3323 2056/3712/3377 2082/3715/3379
f 2082/3715/3379 1981/3602/2517 1980/3605/3323
f 1988/3603/2518 2048/3707/3373 2089/3709/3375
f 2089/3709/3375 1979/3604/3322 1988/3603/2518
f 2057/3789/2712 2084/3790/3434 2030/3786/2707
f 2030/3786/2707 1974/3594/2510 2057/3789/2712
f 2037/3674/2587 2038/3673/2586 2039/3676/2714
f 2107/3680/3350 2036/3679/2592 1985/3682/2595
f 2042/3685/2599 2043/3684/3352 2044/3687/3353
f 1977/3624/2538 2029/3693/3358 2030/3702/3435
f 2030/3702/3435 2046/3621/2535 1977/3624/2538
f 2065/3600/3393 1984/3734/3395 2034/3698/3436
f 2034/3698/3436 1987/3606/3437 2065/3600/3393
f 1986/3607/3438 2039/3736/2719 2038/3700/3367
f 2038/3700/3367 2047/3608/3366 1986/3607/3438
f 2031/3609/3325 2085/3666/3344 2087/3717/2720
f 2087/3717/2720 1989/3610/2524 2031/3609/3325
f 2002/3637/2551 2050/3791/2721 2086/3792/2722
f 2086/3792/2722 2000/3638/3333 2002/3637/2551
f 2055/3620/2534 2083/3613/3327 1994/3612/3326
f 1979/3604/3322 2054/3710/2625 2049/3711/3376
f 2049/3711/3376 1980/3605/3323 1979/3604/3322
f 2051/3632/2546 2087/3793/2723 2052/3794/2724
f 2052/3794/2724 2088/3629/2543 2051/3632/2546
f 1991/3616/3384 2052/3719/3383 2087/3795/3439
f 2087/3795/3439 1990/3617/3440 1991/3616/3384
f 1990/3617/2531 2087/3795/2727 2085/3722/2639
f 2085/3722/2639 1992/3614/2528 1990/3617/2531
f 2053/3615/2529 2089/3724/3388 2048/3720/3441
f 2048/3720/3441 1991/3616/3328 2053/3615/2529
f 1992/3614/2528 2033/3721/3386 2054/3723/3387
f 2054/3723/3387 2053/3615/2529 1992/3614/2528
f 1994/3612/3326 2084/3796/3442 2056/3797/3443
f 2056/3797/3443 2049/3618/2532 1994/3612/3326
f 2054/3798/3444 1993/3619/2533 2049/3618/2532
f 1993/3619/2533 2054/3798/3444 2033/3799/3445
f 2033/3799/3445 2055/3620/2534 1993/3619/2533
f 1995/3800/3446 2056/3801/3447 2084/3790/3434
f 2084/3790/3434 2057/3789/2712 1995/3800/3446
f 1996/3597/2513 2082/3726/2643 2056/3801/3447
f 2056/3801/3447 1995/3800/3446 1996/3597/2513
f 2008/3599/2515 2045/3691/3356 2090/3755/3409
f 2090/3755/3409 2012/3644/3334 2008/3599/2515
f 2091/3758/3329 1997/3622/2536 2046/3621/2535
f 2013/3623/2537 2061/3802/3448 2080/3692/3357
f 2080/3692/3357 1977/3624/2538 2013/3623/2537
f 2083/3803/3327 2032/3664/3342 2092/3742/2661
f 2092/3742/2661 1998/3804/2539 2083/3803/3327
f 2046/3621/2535 1982/3703/2525 2091/3758/3329
f 2047/3608/3366 2044/3701/3368 2043/3727/3391
f 2043/3727/3391 2015/3627/3390 2047/3608/3366
f 1999/3628/3330 2092/3742/2661 2032/3664/3342
f 2032/3664/3342 2031/3609/3325 1999/3628/3330
f 2058/3805/2736 2040/3806/3449 2059/3807/2738
f 2059/3807/2738 2106/3808/3450 2058/3805/2736
f 2108/3809/2740 2060/3810/3451 2035/3811/3452
f 2035/3811/3452 2110/3812/2743 2108/3809/2740
f 2062/3634/3331 2061/3732/2650 2064/3813/3453
f 2064/3813/3453 2063/3635/2549 2062/3634/3331
f 2000/3638/3333 2086/3792/2722 2095/3814/2745
f 2095/3814/2745 2070/3639/2553 2000/3638/3333
f 2017/3640/2554 2097/3773/2692 2098/3729/2647
f 2098/3729/2647 2001/3633/2547 2017/3640/2554
f 2012/3644/3334 2098/3756/3410 2097/3766/2685
f 2097/3766/2685 2018/3642/2556 2012/3644/3334
f 2005/3645/3335 2072/3769/3419 2096/3739/3400
f 2096/3739/3400 2006/3646/3397 2005/3645/3335
f 2016/3647/3336 2074/3775/3423 2101/3770/3420
f 2101/3770/3420 2004/3648/2561 2016/3647/3336
f 2007/3643/3413 1985/3762/3415 2036/3733/3394
f 2036/3733/3394 2065/3600/3393 2007/3643/3413
f 2019/3763/3416 2059/3765/2684 2040/3815/3454
f 2040/3816/3454 1986/3817/3455 2019/3818/3416
f 1989/3610/2634 2051/3718/3382 2093/3776/3425
f 2093/3776/3425 2009/3649/3424 1989/3610/2634
f 2109/3753/2672 2041/3752/3407 2011/3743/2748
f 1997/3622/2536 2064/3757/2676 2061/3802/2749
f 2061/3802/2749 2013/3623/2537 1997/3622/2536
f 2003/3660/3341 2094/3760/3412 2090/3819/2750
f 2090/3819/2750 2014/3661/2574 2003/3660/3341
f 2078/3663/3431 2011/3785/3433 2041/3761/3414
f 2041/3761/3414 2007/3643/3413 2078/3663/3431
f 2009/3649/3337 2075/3777/3456 2100/3740/3401
f 2100/3740/3401 1999/3628/3330 2009/3649/3337
f 2015/3627/3390 2069/3728/3392 2068/3820/3457
f 2068/3821/3457 2019/3822/2753 2015/3823/3390
f 2071/3651/3338 1998/3625/2539 2023/3658/2571
f 2071/3651/3338 2099/3824/3458 2064/3825/3459
f 2064/3825/3459 2091/3626/3329 2071/3651/3338
f 2004/3648/2561 2024/3771/3421 2073/3768/3418
f 2073/3768/3418 2005/3645/3335 2004/3648/2561
f 2006/3826/3397 2066/3630/3399 2088/3629/3374
f 2088/3629/3374 1988/3827/2518 2006/3826/3397
f 1981/3602/2758 2050/3716/2757 2102/3774/2758
f 2102/3774/2758 2016/3647/3460 1981/3602/2758
f 2026/3641/2760 2102/3783/2761 2095/3772/2760
f 2095/3772/2760 2017/3640/2762 2026/3641/2760
f 2103/3636/3332 2102/3828/2763 2050/3791/2721
f 2050/3791/2721 2002/3637/2551 2103/3636/3332
f 2066/3630/2544 2067/3829/3461 2075/3830/2765
f 2075/3830/2765 2093/3631/2545 2066/3630/2544
f 2020/3655/2568 2075/3831/2766 2067/3779/2699
f 2067/3779/2699 2021/3652/2565 2020/3655/2568
f 2021/3652/2565 2096/3778/2767 2072/3832/2768
f 2072/3832/2768 2022/3653/3339 2021/3652/2565
f 2076/3654/2567 2100/3780/3428 2075/3831/2769
f 2075/3831/2769 2020/3655/2568 2076/3654/2567
f 2022/3653/3339 2072/3832/2768 2077/3781/3429
f 2077/3781/3429 2076/3654/2567 2022/3653/3339
f 2023/3658/2571 2077/3833/3462 2072/3834/2771
f 2072/3834/2771 2073/3656/3340 2023/3658/2571
f 2024/3657/2570 2101/3835/2772 2099/3824/3463
f 2099/3824/3463 2071/3651/3338 2024/3657/2570
f 2010/3836/2774 2099/3837/2775 2101/3838/3464
f 2101/3838/3464 2025/3839/2777 2010/3836/2774
f 2025/3839/2777 2101/3838/2778 2074/3782/3430
f 2074/3782/3430 2026/3641/2555 2025/3839/2777
f 2081/3659/2572 2080/3697/3362 2061/3759/3411
f 2061/3759/3411 2003/3660/3341 2081/3659/2572
f 2014/3661/2574 2090/3819/2779 2045/3694/3359
f 2045/3694/3359 1978/3662/2575 2014/3661/2574
f 1987/3606/3365 2035/3699/3364 2060/3784/3465
f 2060/3840/3465 2078/3841/3466 1987/3842/3365
f 2018/3642/3467 2095/3767/3468 2086/3704/3467
f 2086/3704/3467 1983/3601/3469 2018/3642/3467
f 2083/3613/3327 2055/3620/2534 2033/3799/2785
f 2033/3799/2785 2032/3843/3342 2083/3613/3327
f 1998/3625/2539 2092/3844/2661 2077/3833/3470
f 2077/3833/3470 2023/3658/2571 1998/3625/2539
f 2018/3642/2556 2078/3663/2576 2007/3643/325
f 1978/3662/2575 2027/3695/3360 2029/3696/3361
f 2029/3696/3361 2081/3659/2572 1978/3662/2575
f 2001/3633/2547 2090/3730/2648 2094/3731/2649
f 2094/3731/2649 2062/3634/3331 2001/3633/2547
f 2063/3635/2549 2026/3641/2555 2001/3633/2547
f 1995/3800/3446 2057/3789/2712 1996/3597/2513
f 2015/3627/2541 2031/3609/3325 2047/3608/3324
f 2010/3836/2774 2026/3641/2555 2063/3635/2549
f 2025/3839/2777 2026/3641/2555 2010/3836/2774
f 1996/3597/2513 1974/3594/2510 1975/3596/2512
f 1982/3611/2525 2030/3845/3369 2084/3796/3442
f 2084/3796/3442 1994/3612/3326 1982/3611/2525
f 2063/3635/2549 2064/3813/3453 2099/3837/2775
f 2099/3837/2775 2010/3836/2774 2063/3635/2549
f 1976/3846/2787 2086/3792/3471 2050/3791/2787
f 2050/3791/2787 1996/3847/3472 1976/3846/2787
f 2070/3639/2553 2095/3814/2745 2102/3828/2763
f 2102/3828/2763 2103/3636/3332 2070/3639/2553
f 1974/3594/2510 1996/3597/2513 2057/3789/2712
f 1984/3670/2583 2111/3672/2585 2104/3675/2588
f 2104/3675/2588 2037/3674/2587 1984/3670/2583
f 1985/3682/2595 2112/3683/2597 2105/3686/2600
f 2105/3686/2600 2042/3685/2599 1985/3682/2595
f 2011/3743/3403 2108/3745/2664 2106/3746/2665
f 2106/3746/2665 2068/3748/3405 2011/3743/3403
f 2037/3674/2587 2039/3676/2714 2034/3669/3473
f 2034/3669/3473 1984/3670/2583 2037/3674/2587
f 2042/3685/2599 2044/3687/3353 2107/3680/3350
f 2107/3680/3350 1985/3682/2595 2042/3685/2599
f 2058/3805/2736 2106/3808/3450 2108/3809/2740
f 2108/3809/2740 2110/3812/2743 2058/3805/2736
f 2068/3748/3474 2069/3749/2668 2109/3753/2672
f 2109/3753/2672 2011/3743/2748 2068/3748/3474
f 2039/3676/2589 2058/3678/2591 2110/3667/3345
f 2110/3667/3345 2034/3669/3347 2039/3676/2589
f 2044/3687/3353 2104/3689/3355 2111/3681/3351
f 2111/3681/3351 2107/3680/3350 2044/3687/3353
f 2069/3749/2668 2105/3751/2670 2112/3754/3408
f 2112/3754/3408 2109/3753/2672 2069/3749/2668
f 2117/3848/2792 2123/3849/2793 2114/3850/2794
f 2114/3850/2794 2124/3851/3475 2117/3848/2792
f 2119/3852/2796 2135/3853/2797 2113/3854/2796
f 2113/3854/2796 2122/3855/2798 2119/3852/2796
f 2114/3850/2794 2121/3856/2799 2118/3857/2800
f 2118/3857/2800 2120/3858/3476 2114/3850/2794
f 2117/3848/2792 2119/3859/3477 2122/3860/2803
f 2122/3860/2803 2123/3849/2793 2117/3848/2792
f 2127/3861/3478 2117/3848/3478 2124/3851/3478
f 2123/3849/3479 2116/3862/3480 2115/3863/3479
f 2115/3863/3479 2114/3850/3481 2123/3849/3479
f 2114/3850/3482 2115/3863/3482 2121/3856/3482
f 2116/3862/3483 2123/3849/3483 2122/3860/3483
f 2124/3864/2810 2134/3865/2811 2128/3866/2811
f 2128/3866/2811 2127/3867/2812 2124/3864/2810
f 2127/3868/2813 2128/3869/2814 2135/3870/2814
f 2135/3870/2814 2119/3871/2815 2127/3868/2813
f 2117/3848/3484 2127/3861/3484 2119/3859/3484
f 2124/3851/3475 2114/3850/2794 2120/3858/3476
f 2132/3872/2817 2131/3873/2818 2136/3874/2819
f 2136/3874/2819 2134/3875/2820 2132/3872/2817
f 2125/3876/3485 2129/3877/2822 2132/3872/2817
f 2132/3872/2817 2130/3878/3486 2125/3876/3485
f 2129/3879/2824 2121/3880/3487 2115/3881/2827
f 2115/3881/2827 2133/3882/2827 2129/3879/2824
f 2113/3883/2828 2135/3884/2829 2136/3874/2819
f 2136/3874/2819 2131/3873/2818 2113/3883/2828
f 2134/3875/3488 2136/3874/3488 2128/3885/3488
f 2133/3886/3489 2126/3887/3490 2131/3873/3489
f 2131/3873/3489 2132/3872/3491 2133/3886/3489
f 2129/3877/3492 2133/3886/3492 2132/3872/3492
f 2113/3883/3493 2131/3873/3493 2126/3887/3493
f 2135/3884/3494 2128/3885/3494 2136/3874/3494
f 2130/3878/3486 2132/3872/2817 2134/3875/2820
f 2116/3888/2837 2126/3889/2838 2133/3890/2206
f 2133/3890/2206 2115/3891/2839 2116/3888/2837
f 2121/3892/2840 2129/3893/2841 2125/3894/2840
f 2125/3894/2840 2118/3895/2842 2121/3892/2840
f 2118/3896/2843 2125/3897/2844 2130/3898/3495
f 2130/3898/3495 2120/3899/2846 2118/3896/2843
f 2122/3900/3496 2113/3901/2847 2126/3902/2847
f 2126/3902/2847 2116/3903/2848 2122/3900/3496
f 2120/3899/2846 2130/3898/3495 2134/3904/2849
f 2134/3904/2849 2124/3905/2850 2120/3899/2846
f 2145/3906/2851 2152/3907/2852 2137/3908/3497
f 2137/3908/3497 2144/3909/2853 2145/3906/2851
f 2138/3910/3498 2146/3911/2855 2143/3912/2856
f 2143/3912/2856 2163/3913/3499 2138/3910/3498
f 2164/3914/2858 2145/3915/3500 2144/3916/3130
f 2144/3916/3130 2150/3917/3501 2164/3914/2858
f 2139/3918/2863 2140/3919/3502 2138/3920/3503
f 2142/3921/3504 2148/3922/3504 2141/3923/3504
f 2140/3924/3505 2147/3925/3506 2138/3926/3507
f 2150/3927/3508 2142/3928/3509 2138/3920/3509
f 2139/3918/3510 2138/3920/3509 2142/3928/3509
f 2138/3926/3507 2147/3925/3506 2146/3929/2872
f 2153/3930/3511 2154/3931/3511 2155/3932/3511
f 2148/3933/3512 2142/3934/3512 2144/3935/3512
f 2144/3935/3513 2149/3936/3514 2148/3933/3515
f 2142/3937/3516 2150/3917/3501 2144/3916/3130
f 2150/3917/3501 2138/3910/3498 2163/3913/3499
f 2163/3913/3499 2164/3914/2858 2150/3917/3501
f 2151/3938/3517 2156/3939/2880 2159/3940/3518
f 2159/3940/3518 2166/3941/2882 2151/3938/3517
f 2157/3942/2883 2146/3929/2872 2147/3925/3506
f 2152/3943/3152 2145/3944/2884 2164/3945/3519
f 2164/3945/3519 2165/3946/2886 2152/3943/3152
f 2137/3947/2887 2152/3948/2888 2165/3949/2889
f 2165/3949/2889 2158/3950/3520 2137/3947/2887
f 2159/3951/3521 2162/3952/2892 2160/3953/2893
f 2161/3954/3522 2154/3955/3522 2158/3956/3522
f 2154/3957/3523 2153/3865/2896 2158/3958/3524
f 2159/3940/3525 2161/3959/3525 2158/3950/3525
f 2160/3960/3526 2140/3919/3502 2139/3918/2863
f 2161/3961/2900 2159/3962/2900 2160/3963/2900
f 2146/3929/2872 2157/3942/2883 2156/3964/3527
f 2159/3951/3521 2156/3964/3527 2157/3942/2883
f 2157/3942/2883 2162/3952/2892 2159/3951/3521
f 2137/3965/3528 2158/3966/3524 2153/3967/2896
f 2166/3941/2882 2159/3940/3518 2158/3950/3520
f 2158/3950/3520 2165/3949/2889 2166/3941/2882
f 2146/3968/2903 2156/3969/2904 2151/3970/3529
f 2151/3970/3529 2143/3971/2905 2146/3968/2903
f 2143/3972/2906 2151/3973/2907 2166/3974/3530
f 2166/3974/3530 2163/3975/2909 2143/3972/2906
f 2149/3936/3514 2137/3965/3528 2153/3967/2896
f 2140/3924/2910 2160/3953/2893 2162/3952/2892
f 2137/3965/3528 2149/3936/3514 2144/3935/3513
f 2164/3976/2837 2163/3977/2837 2166/3978/2837
f 2166/3978/2837 2165/3979/2837 2164/3976/2837
f 2167/3980/2911 2191/3981/2912 2177/3982/2913
f 2177/3982/2913 2190/3983/2914 2167/3980/2911
f 2170/3984/2915 2182/3985/2916 2168/3986/2917
f 2168/3986/2917 2169/3987/2918 2170/3984/2915
f 2185/3988/2919 2192/3989/2920 2193/3990/2920
f 2193/3990/2920 2176/3991/2919 2185/3988/2919
f 2175/3992/2921 2167/3993/2922 2190/3994/2923
f 2190/3995/2923 2174/3996/2924 2175/3997/2921
f 2184/3998/2925 2179/3999/3176 2170/3984/2915
f 2170/3984/2915 2169/3987/2918 2184/3998/2925
f 2179/4000/2927 2184/4001/2928 2177/3982/2913
f 2177/3982/2913 2191/3981/2912 2179/4000/2927
f 2180/4002/2929 2182/4003/2930 2170/4004/2931
f 2170/4004/2931 2167/4005/3180 2180/4002/2929
f 2186/4006/2933 2183/4007/2934 2187/4008/2935
f 2187/4008/2935 2178/4009/2936 2186/4006/2933
f 2167/4005/3180 2170/4004/2931 2179/4010/3531
f 2180/4002/2929 2185/4011/3532 2178/4012/2939
f 2186/4013/3533 2176/4014/3534 2172/4015/3535
f 2173/4016/2943 2188/4017/3536 2195/4018/2945
f 2168/3986/2917 2182/3985/2916 2187/4019/3537
f 2185/4020/3538 2176/4021/3539 2186/4006/2933
f 2186/4006/2933 2178/4009/2936 2185/4020/3538
f 2167/3993/2922 2175/3992/2921 2173/4022/2949
f 2176/4014/3540 2193/4023/3541 2194/4024/3542
f 2194/4024/3542 2172/4015/3543 2176/4014/3540
f 2190/4025/3544 2171/4026/2955 2174/4027/3545
f 2177/4028/3546 2184/4029/2958 2190/4025/3544
f 2178/4012/2939 2187/4030/3547 2182/4003/2930
f 2182/4003/2930 2180/4002/2929 2178/4012/2939
f 2187/4008/2935 2183/4007/2934 2168/4031/3548
f 2183/4032/3549 2186/4013/3533 2172/4015/3535
f 2169/4033/3550 2168/4034/3551 2183/4032/2964
f 2183/4032/2964 2184/4029/2958 2169/4033/3550
f 2191/4035/2965 2167/4005/3180 2179/4010/3531
f 2184/4029/2958 2183/4032/2964 2172/4015/2966
f 2180/4002/2929 2167/4005/3180 2173/4016/2943
f 2171/4026/2955 2190/4025/3544 2184/4029/2958
f 2184/4029/2958 2172/4015/2966 2171/4026/2955
f 2171/4026/2955 2194/4024/2967 2200/4036/2968
f 2181/4037/2969 2180/4002/2929 2173/4016/2943
f 2173/4016/2943 2195/4018/2945 2181/4037/2969
f 2188/4038/2970 2175/3992/2971 2174/4039/2972
f 2174/4039/2972 2189/4040/2973 2188/4038/2970
f 2194/4024/2967 2171/4026/2955 2172/4015/2966
f 2189/4041/3552 2174/4027/3545 2171/4026/2955
f 2171/4026/2955 2200/4036/2968 2189/4041/3552
f 2188/4038/2970 2173/4022/3553 2175/3992/2971
f 2192/4042/3554 2185/4011/3555 2180/4002/3556
f 2180/4002/3556 2181/4037/3557 2192/4042/3554
f 2203/4043/2980 2196/4044/2981 2198/4045/2982
f 2198/4045/2982 2199/4046/2983 2203/4043/2980
f 2204/4047/2984 2201/4048/2985 2205/4049/3220
f 2205/4049/3220 2208/4050/2987 2204/4047/2984
f 2188/4051/2988 2189/4052/2989 2199/4046/2983
f 2199/4046/2983 2198/4045/2982 2188/4051/2988
f 2205/4049/2992 2207/4053/2991 2197/4054/2990
f 2197/4054/2990 2208/4050/3558 2205/4049/2992
f 2203/4043/2980 2197/4055/3224 2207/4056/2995
f 2207/4056/2995 2196/4044/2981 2203/4043/2980
f 2198/4057/2996 2181/4037/2969 2195/4018/2945
f 2194/4024/2967 2199/4058/2997 2200/4036/2968
f 2207/4059/3559 2201/4060/2999 2181/4037/2969
f 2181/4037/2969 2198/4057/2996 2207/4059/3559
f 2201/4061/3227 2204/4062/3001 2202/4063/3000
f 2202/4063/3000 2206/4064/3002 2201/4061/3227
f 2181/4037/3557 2206/4065/3560 2192/4042/3554
f 2193/4023/3541 2202/4066/3561 2194/4024/3542
f 2192/3989/3562 2206/4067/3563 2202/4068/3562
f 2202/4068/3562 2193/3990/3564 2192/3989/3562
f 2189/4041/3565 2200/4036/3565 2199/4058/3565
f 2199/4058/2997 2197/4069/3009 2203/4070/3566
f 2195/4018/2945 2188/4017/3536 2198/4057/2996
f 2206/4065/3567 2181/4037/3567 2201/4060/3567
f 2194/4024/3568 2202/4066/3568 2204/4071/3568
f 2208/4072/3569 2197/4069/3009 2204/4071/3240
f 2207/4059/3559 2198/4057/2996 2196/4073/3570
f 2194/4024/2967 2204/4071/3240 2197/4069/3009
f 2207/4059/3559 2205/4074/3571 2201/4060/2999
f 2197/4069/3009 2199/4058/2997 2194/4024/2967
f 2225/4075/3017 2211/4076/3018 2217/4077/3572
f 2217/4077/3572 2215/4078/3020 2225/4075/3017
f 2219/4079/3573 2221/4080/3022 2226/4081/3023
f 2226/4081/3023 2231/4082/3024 2219/4079/3573
f 2242/4083/3025 2244/4084/3025 2223/4085/3026
f 2223/4085/3026 2222/4086/3026 2242/4083/3025
f 2213/3580/3027 2216/4087/3574 2215/4088/3029
f 2215/4089/3029 2217/4090/3030 2213/4091/3027
f 2226/4081/3023 2230/4092/3031 2214/4093/3032
f 2214/4093/3032 2231/4082/3024 2226/4081/3023
f 2225/4075/3017 2214/4094/3575 2230/4095/3034
f 2230/4095/3034 2211/4076/3018 2225/4075/3017
f 2209/4096/3035 2215/4097/3036 2228/4098/3257
f 2226/4099/3038 2220/4100/3039 2210/4101/3040
f 2210/4101/3040 2217/4102/3041 2226/4099/3038
f 2221/4103/3042 2218/4104/3043 2212/4105/3044
f 2212/4105/3044 2229/4106/3045 2221/4103/3042
f 2230/4107/3046 2226/4099/3038 2217/4102/3041
f 2229/4108/3576 2223/4109/3577 2210/4101/3578
f 2209/4096/3579 2222/4110/3580 2212/4111/3581
f 2224/4112/3053 2250/4113/3582 2227/4114/3055
f 2228/4115/3583 2216/4116/3057 2249/4117/3058
f 2221/4080/3022 2220/4118/3584 2226/4081/3023
f 2212/4105/3044 2222/4119/3060 2223/4120/3061
f 2223/4120/3061 2229/4106/3045 2212/4105/3044
f 2216/4087/3574 2228/4121/3062 2215/4088/3029
f 2227/4122/3585 2213/4091/3027 2217/4090/3030
f 2239/4123/3586 2242/4124/3587 2222/4110/3588
f 2222/4110/3588 2209/4096/3589 2239/4123/3586
f 2215/4097/3036 2214/4125/3068 2225/4126/3590
f 2229/4108/3576 2210/4101/3578 2220/4100/3591
f 2220/4127/3071 2221/4103/3042 2229/4106/3045
f 2219/4128/3072 2218/4104/3043 2221/4103/3042
f 2209/4096/3579 2212/4111/3581 2218/4129/3592
f 2218/4129/3593 2219/4130/3594 2231/4131/3595
f 2231/4131/3595 2214/4125/3068 2218/4129/3593
f 2230/4107/3046 2217/4102/3041 2211/4132/3596
f 2209/4096/3035 2218/4129/3593 2214/4125/3068
f 2227/4114/3055 2217/4102/3041 2210/4101/3040
f 2214/4125/3068 2215/4097/3036 2209/4096/3035
f 2209/4096/3035 2228/4098/3257 2232/4133/3078
f 2232/4133/3078 2239/4123/3079 2209/4096/3035
f 2227/4114/3055 2210/4101/3040 2246/4134/3080
f 2246/4134/3080 2224/4112/3053 2227/4114/3055
f 2216/4116/3057 2213/4091/3081 2250/4135/3294
f 2250/4135/3294 2249/4117/3058 2216/4116/3057
f 2249/4136/3597 2232/4133/3078 2228/4098/3257
f 2213/4091/3081 2227/4122/3598 2250/4135/3294
f 2210/4101/3599 2223/4109/3600 2244/4137/3601
f 2244/4137/3601 2246/4134/3602 2210/4101/3599
f 2233/4138/3089 2248/4139/3090 2237/4140/3091
f 2237/4140/3091 2247/4141/3092 2233/4138/3089
f 2236/4142/3093 2241/4143/3094 2234/4144/3603
f 2234/4144/3603 2235/4145/3096 2236/4142/3093
f 2250/4146/3097 2233/4138/3089 2247/4141/3092
f 2247/4141/3092 2249/4147/3098 2250/4146/3097
f 2238/4148/3099 2240/4149/3100 2236/4142/3099
f 2236/4142/3099 2235/4145/3101 2238/4148/3099
f 2240/4150/3604 2238/4151/3103 2237/4140/3091
f 2237/4140/3091 2248/4139/3090 2240/4150/3604
f 2224/4112/3053 2246/4134/3080 2233/4152/3104
f 2246/4134/3080 2241/4153/3605 2240/4154/3606
f 2240/4154/3606 2233/4152/3104 2246/4134/3080
f 2243/4155/3109 2234/4156/3309 2241/4157/3109
f 2241/4157/3109 2245/4158/3002 2243/4155/3109
f 2244/4137/3601 2245/4159/3607 2246/4134/3602
f 2239/4123/3586 2243/4160/3608 2242/4124/3587
f 2243/4161/3609 2245/4162/3610 2244/4084/3609
f 2244/4084/3609 2242/4083/3611 2243/4161/3609
f 2247/4163/3612 2232/4133/3612 2249/4136/3612
f 2237/4164/3613 2238/4165/3117 2247/4163/3118
f 2233/4152/3104 2250/4113/3582 2224/4112/3053
f 2241/4153/3614 2246/4134/3614 2245/4159/3614
f 2234/4166/3615 2243/4160/3615 2239/4123/3615
f 2234/4166/3121 2238/4165/3117 2235/4167/3122
f 2248/4168/3616 2233/4152/3104 2240/4154/3606
f 2238/4165/3117 2234/4166/3121 2239/4123/3079
f 2241/4153/3605 2236/4169/3617 2240/4154/3606
f 2238/4165/3117 2239/4123/3079 2247/4163/3118
f 2247/4163/3118 2239/4123/3079 2232/4133/3078
f 2259/4170/2851 2266/4171/2852 2251/4172/2851
f 2251/4172/2851 2258/4173/2853 2259/4170/2851
f 2252/4174/3498 2260/4175/3618 2257/4176/3619
f 2257/4176/3619 2277/4177/3620 2252/4174/3498
f 2278/4178/2858 2259/4179/3621 2258/4180/3622
f 2258/4180/3622 2264/4181/3623 2278/4178/2858
f 2253/4182/3624 2254/4183/3625 2252/4184/3626
f 2256/4185/3627 2262/4186/3627 2255/4187/3627
f 2254/4188/3628 2261/4189/2867 2252/4190/3629
f 2264/4191/3630 2256/4192/3631 2252/4184/3631
f 2253/4182/3632 2252/4184/3631 2256/4192/3631
f 2252/4190/3629 2261/4189/2867 2260/4193/2872
f 2267/4194/3633 2268/4195/3633 2269/4196/3633
f 2262/4197/3634 2256/4198/3634 2258/4199/3634
f 2258/4199/3635 2263/4200/3636 2262/4197/3637
f 2256/4201/3516 2264/4181/3623 2258/4180/3622
f 2264/4181/3623 2252/4174/3498 2277/4177/3620
f 2277/4177/3620 2278/4178/2858 2264/4181/3623
f 2265/4202/3147 2270/4203/3148 2273/4204/3149
f 2273/4204/3149 2280/4205/3638 2265/4202/3147
f 2271/4206/2883 2260/4193/2872 2261/4189/2867
f 2266/4207/3152 2259/4208/2884 2278/4209/3519
f 2278/4209/3519 2279/4210/2886 2266/4207/3152
f 2251/4211/3153 2266/4212/2888 2279/4213/3154
f 2279/4213/3154 2272/4214/3639 2251/4211/3153
f 2273/4215/3640 2276/4216/3641 2274/4217/3642
f 2275/4218/3643 2268/4219/3643 2272/4220/3643
f 2268/4221/3644 2267/3962/2896 2272/4222/3645
f 2273/4204/3646 2275/4223/3646 2272/4214/3646
f 2274/4224/3163 2254/4183/3625 2253/4182/3624
f 2275/4225/3647 2273/4226/3647 2274/4227/3647
f 2260/4193/2872 2271/4206/2883 2270/4228/3648
f 2273/4215/3640 2270/4228/3648 2271/4206/2883
f 2271/4206/2883 2276/4216/3641 2273/4215/3640
f 2251/4229/3166 2272/4230/3645 2267/4231/2896
f 2280/4205/3638 2273/4204/3149 2272/4214/3639
f 2272/4214/3639 2279/4213/3154 2280/4205/3638
f 2260/4232/3168 2270/4233/3167 2265/4234/3168
f 2265/4234/3168 2257/4235/3649 2260/4232/3168
f 2257/4236/2906 2265/4237/2907 2280/4238/3650
f 2280/4238/3650 2277/4239/2909 2257/4236/2906
f 2263/4200/3636 2251/4229/3166 2267/4231/2896
f 2254/4188/3651 2274/4217/3642 2276/4216/3641
f 2251/4229/3166 2263/4200/3636 2258/4199/3635
f 2278/4240/2206 2277/4241/2206 2280/4242/2837
f 2280/4242/2837 2279/4243/2837 2278/4240/2206
f 2281/4244/3171 2304/4245/3172 2290/4246/3173
f 2290/4246/3173 2303/4247/3174 2281/4244/3171
f 2284/4248/2915 2295/4249/2916 2282/4250/2917
f 2282/4250/2917 2283/4251/3652 2284/4248/2915
f 2299/4252/2919 2305/4253/2920 2306/4254/2920
f 2306/4254/2920 2298/4255/2919 2299/4252/2919
f 2289/4256/2921 2281/4257/3175 2303/4258/3653
f 2303/4259/3653 2288/4260/2924 2289/4261/2921
f 2297/4262/2925 2292/4263/2926 2284/4248/2915
f 2284/4248/2915 2283/4251/3652 2297/4262/2925
f 2292/4264/3177 2297/4265/3178 2290/4246/3173
f 2290/4246/3173 2304/4245/3172 2292/4264/3177
f 2293/4266/2929 2295/4267/3179 2284/4268/2931
f 2284/4268/2931 2281/4269/3180 2293/4266/2929
f 2300/4270/3654 2296/4271/3182 2301/4272/3183
f 2301/4272/3183 2291/4273/3184 2300/4270/3654
f 2281/4269/3180 2284/4268/2931 2292/4274/3185
f 2293/4266/2929 2299/4275/3655 2291/4276/3656
f 2300/4277/3657 2298/4278/3658 2286/4279/3659
f 2287/4280/3191 2302/4281/3660 2308/4282/3193
f 2282/4250/2917 2295/4249/2916 2301/4283/3661
f 2299/4284/3195 2298/4285/3662 2300/4270/3654
f 2300/4270/3654 2291/4273/3184 2299/4284/3195
f 2281/4257/3175 2289/4256/2921 2287/4286/3663
f 2298/4278/3664 2306/4287/3665 2307/4288/3200
f 2307/4288/3200 2286/4279/3666 2298/4278/3664
f 2303/4289/2954 2285/4290/2955 2288/4291/3667
f 2290/4292/3668 2297/4293/2958 2303/4289/2954
f 2291/4276/3656 2301/4294/3669 2295/4267/3179
f 2295/4267/3179 2293/4266/2929 2291/4276/3656
f 2301/4272/3183 2296/4271/3182 2282/4295/3205
f 2296/4296/3670 2300/4277/3657 2286/4279/3659
f 2283/4297/3550 2282/4298/3208 2296/4296/2964
f 2296/4296/2964 2297/4293/2958 2283/4297/3550
f 2304/4299/3671 2281/4269/3180 2292/4274/3185
f 2297/4293/2958 2296/4296/2964 2286/4279/2966
f 2293/4266/2929 2281/4269/3180 2287/4280/3191
f 2285/4290/2955 2303/4289/2954 2297/4293/2958
f 2297/4293/2958 2286/4279/2966 2285/4290/2955
f 2285/4290/2955 2307/4288/2967 2313/4300/2968
f 2294/4301/2969 2293/4266/2929 2287/4280/3191
f 2287/4280/3191 2308/4282/3193 2294/4301/2969
f 2302/4302/2970 2289/4256/2971 2288/4303/2972
f 2288/4303/2972 2320/4304/2973 2302/4302/2970
f 2307/4288/2967 2285/4290/2955 2286/4279/2966
f 2320/4305/3672 2288/4291/3667 2285/4290/2955
f 2285/4290/2955 2313/4300/2968 2320/4305/3672
f 2302/4302/2970 2287/4286/3673 2289/4256/2971
f 2305/4306/3674 2299/4275/3675 2293/4266/3676
f 2293/4266/3676 2294/4301/3557 2305/4306/3674
f 2316/4307/2980 2309/4308/3219 2311/4309/2982
f 2311/4309/2982 2312/4310/2983 2316/4307/2980
f 2317/4311/3677 2314/4312/2985 2318/4313/3678
f 2318/4313/3678 2322/4314/2987 2317/4311/3677
f 2302/4315/2988 2320/4316/2989 2312/4310/2983
f 2312/4310/2983 2311/4309/2982 2302/4315/2988
f 2318/4313/3679 2321/4317/3680 2310/4318/3221
f 2310/4318/3221 2322/4314/3223 2318/4313/3679
f 2316/4307/2980 2310/4319/3224 2321/4320/3225
f 2321/4320/3225 2309/4308/3219 2316/4307/2980
f 2311/4321/2996 2294/4301/2969 2308/4282/3193
f 2307/4288/2967 2312/4322/2997 2313/4300/2968
f 2321/4323/3681 2314/4324/2999 2294/4301/2969
f 2294/4301/2969 2311/4321/2996 2321/4323/3681
f 2314/4325/3000 2317/4326/3001 2315/4327/3227
f 2315/4327/3227 2319/4328/3002 2314/4325/3000
f 2294/4301/3557 2319/4329/3682 2305/4306/3674
f 2306/4287/3665 2315/4330/3683 2307/4288/3200
f 2305/4253/3684 2319/4331/3233 2315/4332/3684
f 2315/4332/3684 2306/4254/3685 2305/4253/3684
f 2320/4305/3686 2313/4300/3686 2312/4322/3686
f 2312/4322/2997 2310/4333/3009 2316/4334/3010
f 2308/4282/3193 2302/4281/3660 2311/4321/2996
f 2319/4329/3687 2294/4301/3687 2314/4324/3687
f 2307/4288/3688 2315/4330/3688 2317/4335/3688
f 2322/4336/3689 2310/4333/3009 2317/4335/3014
f 2321/4323/3681 2311/4321/2996 2309/4337/3690
f 2307/4288/2967 2317/4335/3014 2310/4333/3009
f 2321/4323/3681 2318/4338/3016 2314/4324/2999
f 2310/4333/3009 2312/4322/2997 2307/4288/2967
f 2339/4339/3017 2325/4340/3243 2331/4341/3691
f 2331/4341/3691 2329/4342/3245 2339/4339/3017
f 2333/4343/3692 2337/4344/3247 2340/4345/3693
f 2340/4345/3693 2345/4346/3024 2333/4343/3692
f 2357/4347/3025 2359/4348/3025 2336/4349/3026
f 2336/4349/3026 2335/4350/3026 2357/4347/3025
f 2327/4351/3694 2330/4352/3250 2329/4353/3029
f 2329/4354/3029 2331/4355/3251 2327/4356/3694
f 2340/4345/3693 2344/4357/3031 2328/4358/3253
f 2328/4358/3253 2345/4346/3024 2340/4345/3693
f 2339/4339/3017 2328/4359/3254 2344/4360/3255
f 2344/4360/3255 2325/4340/3243 2339/4339/3017
f 2323/4361/3695 2329/4362/3256 2342/4363/3257
f 2340/4364/3038 2337/4365/3696 2324/4366/3259
f 2324/4366/3259 2331/4367/3041 2340/4364/3038
f 2334/4368/3260 2332/4369/3697 2326/4370/3262
f 2326/4370/3262 2343/4371/3263 2334/4368/3260
f 2344/4372/3264 2340/4364/3038 2331/4367/3041
f 2343/4373/3698 2336/4374/3699 2324/4366/3259
f 2323/4361/3700 2335/4375/3701 2326/4376/3702
f 2338/4377/3270 2364/4378/3271 2341/4379/3272
f 2342/4380/3703 2330/4381/3057 2353/4382/3058
f 2334/4383/3704 2337/4344/3247 2333/4343/3692
f 2326/4370/3262 2335/4384/3705 2336/4385/3276
f 2336/4385/3276 2343/4371/3263 2326/4370/3262
f 2330/4352/3250 2342/4386/3706 2329/4353/3029
f 2341/4387/3707 2327/4356/3694 2331/4355/3251
f 2354/4388/3708 2357/4389/3709 2335/4375/3710
f 2335/4375/3710 2323/4361/3711 2354/4388/3708
f 2329/4362/3256 2328/4390/3283 2339/4391/3712
f 2337/4365/3696 2334/4392/3713 2343/4373/3698
f 2343/4373/3698 2324/4366/3259 2337/4365/3696
f 2333/4393/3714 2332/4369/3697 2334/4368/3260
f 2323/4361/3700 2326/4376/3702 2332/4394/3715
f 2332/4394/3074 2333/4395/3716 2345/4396/3289
f 2345/4396/3289 2328/4390/3283 2332/4394/3074
f 2344/4372/3264 2331/4367/3041 2325/4397/3717
f 2323/4361/3695 2332/4394/3074 2328/4390/3283
f 2341/4379/3272 2331/4367/3041 2324/4366/3259
f 2328/4390/3283 2329/4362/3256 2323/4361/3695
f 2323/4361/3695 2342/4363/3257 2346/4398/3291
f 2346/4398/3291 2354/4388/3079 2323/4361/3695
f 2341/4379/3272 2324/4366/3259 2361/4399/3080
f 2361/4399/3080 2338/4377/3270 2341/4379/3272
f 2330/4381/3057 2327/4356/3293 2364/4400/3718
f 2364/4400/3718 2353/4382/3058 2330/4381/3057
f 2353/4401/3719 2346/4398/3291 2342/4363/3257
f 2327/4356/3293 2341/4387/3720 2364/4400/3718
f 2324/4366/3721 2336/4374/3722 2359/4402/3601
f 2359/4402/3601 2361/4399/3723 2324/4366/3721
f 2347/4403/3299 2363/4404/3090 2351/4405/3091
f 2351/4405/3091 2362/4406/3300 2347/4403/3299
f 2350/4407/3603 2356/4408/3094 2348/4409/3095
f 2348/4409/3095 2349/4410/3096 2350/4407/3603
f 2364/4411/3302 2347/4403/3299 2362/4406/3300
f 2362/4406/3300 2353/4412/3098 2364/4411/3302
f 2352/4413/3303 2355/4414/3724 2350/4407/3725
f 2350/4407/3725 2349/4410/3726 2352/4413/3303
f 2355/4415/3604 2352/4416/3103 2351/4405/3091
f 2351/4405/3091 2363/4404/3090 2355/4415/3604
f 2338/4377/3270 2361/4399/3080 2347/4417/3104
f 2361/4399/3080 2356/4418/3605 2355/4419/3727
f 2355/4419/3727 2347/4417/3104 2361/4399/3080
f 2358/4420/3728 2348/4421/3309 2356/4422/3729
f 2356/4422/3729 2360/4423/3002 2358/4420/3728
f 2359/4402/3601 2360/4424/3730 2361/4399/3723
f 2354/4388/3708 2358/4425/3731 2357/4389/3709
f 2358/4426/3732 2360/4427/3733 2359/4348/3732
f 2359/4348/3732 2357/4347/3734 2358/4426/3732
f 2362/4428/3735 2346/4398/3735 2353/4401/3735
f 2351/4429/3736 2352/4430/3117 2362/4428/3118
f 2347/4417/3104 2364/4378/3271 2338/4377/3270
f 2356/4418/3614 2361/4399/3614 2360/4424/3614
f 2348/4431/3737 2358/4425/3737 2354/4388/3737
f 2348/4431/3738 2352/4430/3117 2349/4432/3122
f 2363/4433/3739 2347/4417/3104 2355/4419/3727
f 2352/4430/3117 2348/4431/3738 2354/4388/3079
f 2356/4418/3605 2350/4434/3740 2355/4419/3727
f 2352/4430/3117 2354/4388/3079 2362/4428/3118
f 2362/4428/3118 2354/4388/3079 2346/4398/3291
f 2370/4435/2792 2375/4436/2793 2367/4437/2794
f 2367/4437/2794 2376/4438/2795 2370/4435/2792
f 2372/4439/2796 2387/4440/2797 2365/4441/2796
f 2365/4441/2796 2366/4442/2798 2372/4439/2796
f 2367/4437/2794 2374/4443/3741 2371/4444/3742
f 2371/4444/3742 2373/4445/3743 2367/4437/2794
f 2370/4435/2792 2372/4446/3477 2366/4447/2803
f 2366/4447/2803 2375/4436/2793 2370/4435/2792
f 2379/4448/3744 2370/4435/3744 2376/4438/3744
f 2375/4436/2805 2369/4449/3745 2368/4450/2805
f 2368/4450/2805 2367/4437/3481 2375/4436/2805
f 2367/4437/3746 2368/4450/3746 2374/4443/3746
f 2369/4449/3747 2375/4436/3747 2366/4447/3747
f 2376/4451/2811 2386/4452/2811 2380/4453/2811
f 2380/4453/2811 2379/4454/2812 2376/4451/2811
f 2379/4455/2813 2380/4456/2814 2387/4457/2814
f 2387/4457/2814 2372/4458/2815 2379/4455/2813
f 2370/4435/3748 2379/4448/3748 2372/4446/3748
f 2376/4438/2795 2367/4437/2794 2373/4445/3743
f 2384/4459/2817 2383/4460/2818 2388/4461/2819
f 2388/4461/2819 2386/4462/2820 2384/4459/2817
f 2377/4463/2821 2381/4464/2822 2384/4459/2817
f 2384/4459/2817 2382/4465/3749 2377/4463/2821
f 2381/4466/2827 2374/4467/2825 2368/4468/2827
f 2368/4468/2827 2385/4469/2827 2381/4466/2827
f 2365/4470/2828 2387/4471/2829 2388/4461/2819
f 2388/4461/2819 2383/4460/2818 2365/4470/2828
f 2386/4462/3750 2388/4461/3750 2380/4472/3750
f 2385/4473/2831 2378/4474/3751 2383/4460/2831
f 2383/4460/2831 2384/4459/3752 2385/4473/2831
f 2381/4464/3753 2385/4473/3753 2384/4459/3753
f 2365/4470/3754 2383/4460/3754 2378/4474/3754
f 2387/4471/2836 2380/4472/2836 2388/4461/2836
f 2382/4465/3749 2384/4459/2817 2386/4462/2820
f 2369/4475/2206 2378/4476/2838 2385/4477/2384
f 2385/4477/2384 2368/3061/2839 2369/4475/2206
f 2374/4478/3755 2381/4479/2841 2377/4480/3755
f 2377/4480/3755 2371/3932/2842 2374/4478/3755
f 2371/4481/3756 2377/4482/3757 2382/4483/3495
f 2382/4483/3495 2373/4484/2846 2371/4481/3756
f 2366/4485/2848 2365/4486/2847 2378/4487/3758
f 2378/4487/3758 2369/4488/2848 2366/4485/2848
f 2373/4484/2846 2382/4483/3495 2386/4489/2849
f 2386/4489/2849 2376/4490/2850 2373/4484/2846
f 2397/4491/3497 2404/4492/3125 2389/4493/2851
f 2389/4493/2851 2396/4494/2853 2397/4491/3497
f 2390/4495/3498 2398/4496/3618 2395/4497/3619
f 2395/4497/3619 2415/4498/2857 2390/4495/3498
f 2416/4499/2858 2397/4500/3500 2396/4501/2860
f 2396/4501/2860 2402/4502/3501 2416/4499/2858
f 2391/4503/3759 2392/4504/3760 2390/4505/3761
f 2394/4506/3762 2400/4507/3762 2393/4508/3762
f 2392/4509/3763 2399/4510/3506 2390/4511/3629
f 2402/4512/3764 2394/4513/3765 2390/4505/3766
f 2391/4503/3767 2390/4505/3766 2394/4513/3765
f 2390/4511/3629 2399/4510/3506 2398/4514/2872
f 2405/4515/2873 2406/4516/2873 2407/4517/2873
f 2400/4518/3768 2394/4519/3768 2396/4520/3768
f 2396/4520/3513 2401/4521/3514 2400/4518/3769
f 2394/4522/3770 2402/4502/3501 2396/4501/2860
f 2402/4502/3501 2390/4495/3498 2415/4498/2857
f 2415/4498/2857 2416/4499/2858 2402/4502/3501
f 2403/4523/3517 2408/4524/3148 2411/4525/3518
f 2411/4525/3518 2418/4526/2882 2403/4523/3517
f 2409/4527/2883 2398/4514/2872 2399/4510/3506
f 2404/4528/3771 2397/4529/2884 2416/4530/2885
f 2416/4530/2885 2417/4531/2886 2404/4528/3771
f 2389/4532/2887 2404/4533/3772 2417/4534/2889
f 2417/4534/2889 2410/4535/3520 2389/4532/2887
f 2411/4536/3773 2414/4537/3774 2412/4538/2893
f 2413/4539/3775 2406/4540/3775 2410/4541/3775
f 2406/4542/3776 2405/4543/2896 2410/4544/3777
f 2411/4525/3778 2413/4545/3778 2410/4535/3778
f 2412/4546/3779 2392/4504/3760 2391/4503/3759
f 2413/4547/3780 2411/4548/3780 2412/4549/3780
f 2398/4514/2872 2409/4527/2883 2408/4550/3781
f 2411/4536/3773 2408/4550/3781 2409/4527/2883
f 2409/4527/2883 2414/4537/3774 2411/4536/3773
f 2389/4551/3528 2410/4552/3777 2405/4553/2896
f 2418/4526/2882 2411/4525/3518 2410/4535/3520
f 2410/4535/3520 2417/4534/2889 2418/4526/2882
f 2398/4554/3168 2408/4555/3167 2403/4556/3168
f 2403/4556/3168 2395/4557/3169 2398/4554/3168
f 2395/4558/2906 2403/4559/2907 2418/4560/2908
f 2418/4560/2908 2415/4561/2909 2395/4558/2906
f 2401/4521/3514 2389/4551/3528 2405/4553/2896
f 2392/4509/2910 2412/4538/2893 2414/4537/3774
f 2389/4551/3528 2401/4521/3514 2396/4520/3513
f 2416/4562/2837 2415/4563/2837 2418/4564/2837
f 2418/4564/2837 2417/4565/2837 2416/4562/2837
f 2419/4566/2911 2442/4567/2912 2428/4568/2913
f 2428/4568/2913 2441/4569/2914 2419/4566/2911
f 2422/4570/2915 2433/4571/2916 2420/4572/2917
f 2420/4572/2917 2421/4573/2918 2422/4570/2915
f 2437/4574/2919 2443/4575/2920 2444/4576/2920
f 2444/4576/2920 2436/4577/2919 2437/4574/2919
f 2427/4578/2921 2419/4579/2922 2441/4580/2923
f 2441/4581/2923 2426/4582/2924 2427/4583/2921
f 2435/4584/2925 2430/4585/3176 2422/4570/2915
f 2422/4570/2915 2421/4573/2918 2435/4584/2925
f 2430/4586/2927 2435/4587/3782 2428/4568/2913
f 2428/4568/2913 2442/4567/2912 2430/4586/2927
f 2431/4588/2929 2433/4589/3179 2422/4590/3783
f 2422/4590/3783 2419/4591/2932 2431/4588/2929
f 2438/4592/3784 2434/4593/3785 2439/4594/2935
f 2439/4594/2935 2429/4595/3786 2438/4592/3784
f 2419/4591/2932 2422/4590/3783 2430/4596/2937
f 2431/4588/2929 2437/4597/3787 2429/4598/2939
f 2438/4599/3788 2436/4600/3789 2424/4601/3790
f 2425/4602/3191 2440/4603/3791 2446/4604/2945
f 2420/4572/2917 2433/4571/2916 2439/4605/3792
f 2437/4606/3793 2436/4607/3794 2438/4592/3784
f 2438/4592/3784 2429/4595/3786 2437/4606/3793
f 2419/4579/2922 2427/4578/2921 2425/4608/3795
f 2436/4600/3796 2444/4609/3797 2445/4610/3798
f 2445/4610/3798 2424/4601/3799 2436/4600/3796
f 2441/4611/2954 2423/4612/2955 2426/4613/3202
f 2428/4614/2957 2435/4615/2958 2441/4611/2954
f 2429/4598/2939 2439/4616/2959 2433/4589/3179
f 2433/4589/3179 2431/4588/2929 2429/4598/2939
f 2439/4594/2935 2434/4593/3785 2420/4617/3548
f 2434/4618/3549 2438/4599/3788 2424/4601/3790
f 2421/4619/3207 2420/4620/3800 2434/4618/3801
f 2434/4618/3801 2435/4615/2958 2421/4619/3207
f 2442/4621/3802 2419/4591/2932 2430/4596/2937
f 2435/4615/2958 2434/4618/3801 2424/4601/2966
f 2431/4588/2929 2419/4591/2932 2425/4602/3191
f 2423/4612/2955 2441/4611/2954 2435/4615/2958
f 2435/4615/2958 2424/4601/2966 2423/4612/2955
f 2423/4612/2955 2445/4610/2967 2451/4622/2968
f 2432/4623/2969 2431/4588/2929 2425/4602/3191
f 2425/4602/3191 2446/4604/2945 2432/4623/2969
f 2440/4624/2970 2427/4578/2971 2426/4625/3211
f 2426/4625/3211 2458/4626/2973 2440/4624/2970
f 2445/4610/2967 2423/4612/2955 2424/4601/2966
f 2458/4627/3212 2426/4613/3202 2423/4612/2955
f 2423/4612/2955 2451/4622/2968 2458/4627/3212
f 2440/4624/2970 2425/4608/3803 2427/4578/2971
f 2443/4628/3804 2437/4597/3805 2431/4588/3806
f 2431/4588/3806 2432/4623/3807 2443/4628/3804
f 2454/4629/2980 2447/4630/3219 2449/4631/2982
f 2449/4631/2982 2450/4632/2983 2454/4629/2980
f 2455/4633/2984 2452/4634/2985 2456/4635/3220
f 2456/4635/3220 2460/4636/2987 2455/4633/2984
f 2440/4637/2988 2458/4638/2989 2450/4632/2983
f 2450/4632/2983 2449/4631/2982 2440/4637/2988
f 2456/4635/2990 2459/4639/3808 2448/4640/2990
f 2448/4640/2990 2460/4636/3809 2456/4635/2990
f 2454/4629/2980 2448/4641/3224 2459/4642/3225
f 2459/4642/3225 2447/4630/3219 2454/4629/2980
f 2449/4643/2996 2432/4623/2969 2446/4604/2945
f 2445/4610/2967 2450/4644/2997 2451/4622/2968
f 2459/4645/3226 2452/4646/2999 2432/4623/2969
f 2432/4623/2969 2449/4643/2996 2459/4645/3226
f 2452/4647/3227 2455/4648/3001 2453/4649/3229
f 2453/4649/3229 2457/4650/3002 2452/4647/3227
f 2432/4623/3807 2457/4651/3810 2443/4628/3804
f 2444/4609/3797 2453/4652/3811 2445/4610/3798
f 2443/4575/3812 2457/4653/3813 2453/4654/3812
f 2453/4654/3812 2444/4576/3814 2443/4575/3812
f 2458/4627/3236 2451/4622/3236 2450/4644/3236
f 2450/4644/2997 2448/4655/3009 2454/4656/3010
f 2446/4604/2945 2440/4603/3791 2449/4643/2996
f 2457/4651/3815 2432/4623/3815 2452/4646/3815
f 2445/4610/3816 2453/4652/3816 2455/4657/3816
f 2460/4658/3013 2448/4655/3009 2455/4657/3014
f 2459/4645/3226 2449/4643/2996 2447/4659/3015
f 2445/4610/2967 2455/4657/3014 2448/4655/3009
f 2459/4645/3226 2456/4660/3016 2452/4646/2999
f 2448/4655/3009 2450/4644/2997 2445/4610/2967
f 2477/4661/3017 2463/4662/3018 2469/4663/3572
f 2469/4663/3572 2467/4664/3020 2477/4661/3017
f 2471/4665/3021 2473/4666/3022 2478/4667/3817
f 2478/4667/3817 2483/4668/3024 2471/4665/3021
f 2494/4669/3025 2496/4670/3025 2475/4671/3026
f 2475/4671/3026 2474/4672/3026 2494/4669/3025
f 2465/4353/3027 2468/4673/3818 2467/4674/3029
f 2467/4675/3029 2469/4676/3819 2465/4677/3027
f 2478/4667/3817 2482/4678/3031 2466/4679/3032
f 2466/4679/3032 2483/4668/3024 2478/4667/3817
f 2477/4661/3017 2466/4680/3033 2482/4681/3034
f 2482/4681/3034 2463/4662/3018 2477/4661/3017
f 2461/4682/3035 2467/4683/3036 2480/4684/3257
f 2478/4685/3038 2472/4686/3039 2462/4687/3040
f 2462/4687/3040 2469/4688/3041 2478/4685/3038
f 2473/4689/3820 2470/4690/3043 2464/4691/3821
f 2464/4691/3821 2481/4692/3822 2473/4689/3820
f 2482/4693/3046 2478/4685/3038 2469/4688/3041
f 2481/4694/3823 2475/4695/3824 2462/4687/3825
f 2461/4682/3826 2474/4696/3827 2464/4697/3828
f 2476/4698/3053 2502/4699/3054 2479/4700/3055
f 2480/4701/3829 2468/4702/3830 2501/4703/3058
f 2473/4666/3022 2472/4704/3831 2478/4667/3817
f 2464/4691/3821 2474/4705/3832 2475/4706/3833
f 2475/4706/3833 2481/4692/3822 2464/4691/3821
f 2468/4673/3818 2480/4707/3834 2467/4674/3029
f 2479/4708/3835 2465/4677/3027 2469/4676/3819
f 2491/4709/3836 2494/4710/3837 2474/4696/3838
f 2474/4696/3838 2461/4682/3839 2491/4709/3836
f 2467/4683/3036 2466/4711/3283 2477/4712/3840
f 2481/4694/3823 2462/4687/3825 2472/4686/3841
f 2472/4713/3842 2473/4689/3820 2481/4692/3822
f 2471/4714/3843 2470/4690/3043 2473/4689/3820
f 2461/4682/3826 2464/4697/3828 2470/4715/3844
f 2470/4715/3074 2471/4716/3075 2483/4717/3076
f 2483/4717/3076 2466/4711/3283 2470/4715/3074
f 2482/4693/3046 2469/4688/3041 2463/4718/3845
f 2461/4682/3035 2470/4715/3074 2466/4711/3283
f 2479/4700/3055 2469/4688/3041 2462/4687/3040
f 2466/4711/3283 2467/4683/3036 2461/4682/3035
f 2461/4682/3035 2480/4684/3257 2484/4719/3291
f 2484/4719/3291 2491/4709/3079 2461/4682/3035
f 2479/4700/3055 2462/4687/3040 2498/4720/3080
f 2498/4720/3080 2476/4698/3053 2479/4700/3055
f 2468/4702/3830 2465/4677/3081 2502/4721/3294
f 2502/4721/3294 2501/4703/3058 2468/4702/3830
f 2501/4722/3846 2484/4719/3291 2480/4684/3257
f 2465/4677/3081 2479/4708/3847 2502/4721/3294
f 2462/4687/3848 2475/4695/3849 2496/4723/3850
f 2496/4723/3850 2498/4720/3723 2462/4687/3848
f 2485/4724/3299 2500/4725/3090 2489/4726/3091
f 2489/4726/3091 2499/4727/3092 2485/4724/3299
f 2488/4728/3851 2493/4729/3094 2486/4730/3852
f 2486/4730/3852 2487/4731/3096 2488/4728/3851
f 2502/4732/3302 2485/4724/3299 2499/4727/3092
f 2499/4727/3092 2501/4733/3098 2502/4732/3302
f 2490/4734/3853 2492/4735/3100 2488/4728/3099
f 2488/4728/3099 2487/4731/3101 2490/4734/3853
f 2492/4736/3307 2490/4737/3103 2489/4726/3091
f 2489/4726/3091 2500/4725/3090 2492/4736/3307
f 2476/4698/3053 2498/4720/3080 2485/4738/3854
f 2498/4720/3080 2493/4739/3605 2492/4740/3106
f 2492/4740/3106 2485/4738/3854 2498/4720/3080
f 2495/4741/3855 2486/4742/3108 2493/4743/3107
f 2493/4743/3107 2497/4744/3002 2495/4741/3855
f 2496/4723/3850 2497/4745/3856 2498/4720/3723
f 2491/4709/3836 2495/4746/3857 2494/4710/3837
f 2495/4747/3858 2497/4748/3859 2496/4670/3860
f 2496/4670/3860 2494/4669/3861 2495/4747/3858
f 2499/4749/3735 2484/4719/3735 2501/4722/3735
f 2489/4750/3862 2490/4751/3117 2499/4749/3863
f 2485/4738/3854 2502/4699/3054 2476/4698/3053
f 2493/4739/3864 2498/4720/3864 2497/4745/3864
f 2486/4752/3865 2495/4746/3865 2491/4709/3865
f 2486/4752/3121 2490/4751/3117 2487/4753/3122
f 2500/4754/3866 2485/4738/3854 2492/4740/3106
f 2490/4751/3117 2486/4752/3121 2491/4709/3079
f 2493/4739/3605 2488/4755/3867 2492/4740/3106
f 2490/4751/3117 2491/4709/3079 2499/4749/3863
f 2499/4749/3863 2491/4709/3079 2484/4719/3291
f 2508/4756/2792 2513/4757/2793 2505/4758/2794
f 2505/4758/2794 2514/4759/2795 2508/4756/2792
f 2510/4760/2796 2525/4761/2797 2503/4762/2796
f 2503/4762/2796 2504/4763/2798 2510/4760/2796
f 2505/4758/2794 2512/4764/3741 2509/4765/3742
f 2509/4765/3742 2511/4766/3868 2505/4758/2794
f 2508/4756/2792 2510/4767/2802 2504/4768/2803
f 2504/4768/2803 2513/4757/2793 2508/4756/2792
f 2517/4769/3869 2508/4756/3869 2514/4759/3869
f 2513/4757/3479 2507/4770/3870 2506/4771/3871
f 2506/4771/3871 2505/4758/2807 2513/4757/3479
f 2505/4758/3872 2506/4771/3872 2512/4764/3872
f 2507/4770/3873 2513/4757/3873 2504/4768/3873
f 2514/4772/2810 2524/4773/2811 2518/4774/2811
f 2518/4774/2811 2517/4775/2812 2514/4772/2810
f 2517/4776/2813 2518/4777/2814 2525/4778/2815
f 2525/4778/2815 2510/4779/2815 2517/4776/2813
f 2508/4756/3874 2517/4769/3874 2510/4767/3874
f 2514/4759/2795 2505/4758/2794 2511/4766/3868
f 2522/4780/2817 2521/4781/2818 2526/4782/2819
f 2526/4782/2819 2524/3885/3875 2522/4780/2817
f 2515/4783/3485 2519/4784/2822 2522/4780/2817
f 2522/4780/2817 2520/4785/2823 2515/4783/3485
f 2519/4786/2824 2512/4787/2825 2506/4788/2825
f 2506/4788/2825 2523/4789/2827 2519/4786/2824
f 2503/4790/2828 2525/4791/2829 2526/4782/2819
f 2526/4782/2819 2521/4781/2818 2503/4790/2828
f 2524/3885/3488 2526/4782/3488 2518/4792/3488
f 2523/4793/3489 2516/4794/3490 2521/4781/3489
f 2521/4781/3489 2522/4780/3491 2523/4793/3489
f 2519/4784/3876 2523/4793/3876 2522/4780/3876
f 2503/4790/3877 2521/4781/3877 2516/4794/3877
f 2525/4791/3878 2518/4792/3878 2526/4782/3878
f 2520/4785/2823 2522/4780/2817 2524/3885/3875
f 2507/4795/2206 2516/4796/2838 2523/4797/2206
f 2523/4797/2206 2506/4798/2839 2507/4795/2206
f 2512/4799/3755 2519/4800/2841 2515/4801/3755
f 2515/4801/3755 2509/4802/3879 2512/4799/3755
f 2509/4803/3880 2515/4804/3757 2520/4805/2845
f 2520/4805/2845 2511/4806/2846 2509/4803/3880
f 2504/4807/2847 2503/4808/2847 2516/4809/3881
f 2516/4809/3881 2507/4810/2848 2504/4807/2847
f 2511/4806/2846 2520/4805/2845 2524/3244/2849
f 2524/3244/2849 2514/4811/2850 2511/4806/2846
f 2535/4812/3497 2542/4813/2852 2527/4814/3497
f 2527/4814/3497 2534/4815/3882 2535/4812/3497
f 2528/4816/3498 2536/4817/3618 2533/4818/3619
f 2533/4818/3619 2553/4819/2857 2528/4816/3498
f 2554/4820/2858 2535/4821/2859 2534/4822/3130
f 2534/4822/3130 2540/4823/3501 2554/4820/2858
f 2529/4824/3759 2530/4825/3883 2528/4826/3884
f 2532/4827/3885 2538/4828/3885 2531/4829/3885
f 2530/4830/3886 2537/4831/2867 2528/4832/3887
f 2540/4833/3764 2532/4834/3888 2528/4826/3889
f 2529/4824/3890 2528/4826/3889 2532/4834/3888
f 2528/4832/3887 2537/4831/2867 2536/4835/2872
f 2543/4836/2873 2544/4837/2873 2545/4838/2873
f 2538/4839/3891 2532/4840/3891 2534/4841/3891
f 2534/4841/3892 2539/4842/3514 2538/4839/3893
f 2532/4843/2878 2540/4823/3501 2534/4822/3130
f 2540/4823/3501 2528/4816/3498 2553/4819/2857
f 2553/4819/2857 2554/4820/2858 2540/4823/3501
f 2541/4844/3517 2546/4845/3148 2549/4846/3518
f 2549/4846/3518 2556/4847/2882 2541/4844/3517
f 2547/4848/2883 2536/4835/2872 2537/4831/2867
f 2542/4849/2814 2535/4850/2884 2554/4851/3771
f 2554/4851/3771 2555/4852/2886 2542/4849/2814
f 2527/4853/3153 2542/4854/3772 2555/4855/2889
f 2555/4855/2889 2548/4856/3894 2527/4853/3153
f 2549/3047/3895 2552/4857/3774 2550/4858/2893
f 2551/4859/3896 2544/4860/3896 2548/4861/3896
f 2544/4862/3897 2543/4863/2896 2548/4864/3898
f 2549/4846/3899 2551/4865/3899 2548/4856/3899
f 2550/4866/3900 2530/4825/3883 2529/4824/3759
f 2551/4867/3901 2549/4868/3901 2550/4869/3901
f 2536/4835/2872 2547/4848/2883 2546/4870/3781
f 2549/3047/3895 2546/4870/3781 2547/4848/2883
f 2547/4848/2883 2552/4857/3774 2549/3047/3895
f 2527/4871/3528 2548/4872/3898 2543/4873/2896
f 2556/4847/2882 2549/4846/3518 2548/4856/3894
f 2548/4856/3894 2555/4855/2889 2556/4847/2882
f 2536/4874/3168 2546/4875/3167 2541/4876/3168
f 2541/4876/3168 2533/4877/3169 2536/4874/3168
f 2533/4878/2908 2541/4879/2907 2556/4880/3530
f 2556/4880/3530 2553/4881/2909 2533/4878/2908
f 2539/4842/3514 2527/4871/3528 2543/4873/2896
f 2530/4830/2910 2550/4858/2893 2552/4857/3774
f 2527/4871/3528 2539/4842/3514 2534/4841/3892
f 2554/4882/2837 2553/4883/2837 2556/4884/2837
f 2556/4884/2837 2555/4885/2837 2554/4882/2837
f 2557/4886/2911 2581/4887/2912 2566/4888/2913
f 2566/4888/2913 2580/4889/2914 2557/4886/2911
f 2560/4890/2915 2571/4891/2916 2558/4892/2917
f 2558/4892/2917 2559/4893/2918 2560/4890/2915
f 2575/4894/2919 2582/4895/2920 2583/4896/2920
f 2583/4896/2920 2574/4897/2919 2575/4894/2919
f 2565/4898/2921 2557/3871/2922 2580/4899/2923
f 2580/4900/2923 2564/4901/2924 2565/4902/2921
f 2573/4903/2925 2568/4904/3176 2560/4890/2915
f 2560/4890/2915 2559/4893/2918 2573/4903/2925
f 2568/4905/2927 2573/4906/3782 2566/4888/2913
f 2566/4888/2913 2581/4887/2912 2568/4905/2927
f 2569/4907/2929 2571/4908/3179 2560/4909/2931
f 2560/4909/2931 2557/4910/2932 2569/4907/2929
f 2576/4911/3784 2572/4912/2934 2577/4913/2935
f 2577/4913/2935 2567/4914/3902 2576/4911/3784
f 2557/4910/2932 2560/4909/2931 2568/4915/2937
f 2569/4907/2929 2575/4916/3903 2567/4917/3904
f 2576/4918/3905 2574/4919/3906 2562/4920/3907
f 2563/4921/2943 2578/4922/3791 2585/4923/2945
f 2558/4892/2917 2571/4891/2916 2577/4924/2946
f 2575/4925/3793 2574/4926/3794 2576/4911/3784
f 2576/4911/3784 2567/4914/3902 2575/4925/3793
f 2557/3871/2922 2565/4898/2921 2563/4927/3908
f 2574/4919/3664 2583/4928/3797 2584/4929/3200
f 2584/4929/3200 2562/4920/3909 2574/4919/3664
f 2580/4930/2954 2561/4931/2955 2564/4932/3910
f 2566/4933/3546 2573/4934/3911 2580/4930/2954
f 2567/4917/3904 2577/4935/3912 2571/4908/3179
f 2571/4908/3179 2569/4907/2929 2567/4917/3904
f 2577/4913/2935 2572/4912/2934 2558/4936/3913
f 2572/4937/3549 2576/4918/3905 2562/4920/3907
f 2559/4938/3914 2558/4939/3915 2572/4937/2964
f 2572/4937/2964 2573/4934/3911 2559/4938/3914
f 2581/4940/3802 2557/4910/2932 2568/4915/2937
f 2573/4934/3911 2572/4937/2964 2562/4920/2966
f 2569/4907/2929 2557/4910/2932 2563/4921/2943
f 2561/4931/2955 2580/4930/2954 2573/4934/3911
f 2573/4934/3911 2562/4920/2966 2561/4931/2955
f 2561/4931/2955 2584/4929/2967 2590/4941/2968
f 2570/4942/2969 2569/4907/2929 2563/4921/2943
f 2563/4921/2943 2585/4923/2945 2570/4942/2969
f 2578/4943/3210 2565/4898/2971 2564/4944/2972
f 2564/4944/2972 2579/4945/2973 2578/4943/3210
f 2584/4929/2967 2561/4931/2955 2562/4920/2966
f 2579/4946/3672 2564/4932/3910 2561/4931/2955
f 2561/4931/2955 2590/4941/2968 2579/4946/3672
f 2578/4943/3210 2563/4927/3553 2565/4898/2971
f 2582/4947/3214 2575/4916/3916 2569/4907/3216
f 2569/4907/3216 2570/4942/3917 2582/4947/3214
f 2593/4948/2980 2586/4949/2981 2588/4950/2982
f 2588/4950/2982 2589/4951/2983 2593/4948/2980
f 2594/4952/2984 2591/4953/2985 2595/4954/3220
f 2595/4954/3220 2598/4955/2987 2594/4952/2984
f 2578/4956/2988 2579/4957/2989 2589/4951/2983
f 2589/4951/2983 2588/4950/2982 2578/4956/2988
f 2595/4954/3918 2597/4958/3808 2587/4959/2990
f 2587/4959/2990 2598/4955/3809 2595/4954/3918
f 2593/4948/2980 2587/4960/3224 2597/4961/2995
f 2597/4961/2995 2586/4949/2981 2593/4948/2980
f 2588/4962/2996 2570/4942/2969 2585/4923/2945
f 2584/4929/2967 2589/4963/2997 2590/4941/2968
f 2597/4964/3681 2591/4965/2999 2570/4942/2969
f 2570/4942/2969 2588/4962/2996 2597/4964/3681
f 2591/4966/3919 2594/4967/3001 2592/4968/3920
f 2592/4968/3920 2596/4969/3002 2591/4966/3919
f 2570/4942/3917 2596/4970/3921 2582/4947/3214
f 2583/4928/3797 2592/4971/3922 2584/4929/3200
f 2582/4895/3812 2596/4972/3923 2592/4973/3812
f 2592/4973/3812 2583/4896/3924 2582/4895/3812
f 2579/4946/3565 2590/4941/3565 2589/4963/3565
f 2589/4963/2997 2587/4974/3009 2593/4975/3010
f 2585/4923/2945 2578/4922/3791 2588/4962/2996
f 2596/4970/3011 2570/4942/3011 2591/4965/3011
f 2584/4929/3568 2592/4971/3568 2594/4976/3568
f 2598/4977/3689 2587/4974/3009 2594/4976/3240
f 2597/4964/3681 2588/4962/2996 2586/4978/3570
f 2584/4929/2967 2594/4976/3240 2587/4974/3009
f 2597/4964/3681 2595/4979/3016 2591/4965/2999
f 2587/4974/3009 2589/4963/2997 2584/4929/2967
f 2615/4980/3017 2601/4981/3243 2607/4982/3572
f 2607/4982/3572 2605/4983/3020 2615/4980/3017
f 2609/4984/3021 2611/4985/3022 2616/4986/3817
f 2616/4986/3817 2621/4987/3024 2609/4984/3021
f 2632/4988/3025 2634/4989/3025 2613/4990/3026
f 2613/4990/3026 2612/4991/3026 2632/4988/3025
f 2603/4992/3027 2606/4993/3574 2605/4994/3925
f 2605/4995/3925 2607/4996/3926 2603/4997/3027
f 2616/4986/3817 2620/4998/3031 2604/4999/3253
f 2604/4999/3253 2621/4987/3024 2616/4986/3817
f 2615/4980/3017 2604/5000/3927 2620/5001/3928
f 2620/5001/3928 2601/4981/3243 2615/4980/3017
f 2599/5002/3035 2605/5003/3036 2618/5004/3257
f 2616/5005/3038 2610/5006/3039 2600/5007/3040
f 2600/5007/3040 2607/5008/3041 2616/5005/3038
f 2611/5009/3042 2608/5010/3929 2602/5011/3821
f 2602/5011/3821 2619/5012/3822 2611/5009/3042
f 2620/5013/3930 2616/5005/3038 2607/5008/3041
f 2619/5014/3931 2613/5015/3932 2600/5007/3933
f 2599/5002/3934 2612/5016/3935 2602/5017/3936
f 2614/5018/3053 2640/5019/3937 2617/5020/3055
f 2618/5021/3938 2606/5022/3830 2639/5023/3058
f 2611/4985/3022 2610/5024/3939 2616/4986/3817
f 2602/5011/3821 2612/5025/3940 2613/5026/3941
f 2613/5026/3941 2619/5012/3822 2602/5011/3821
f 2606/4993/3574 2618/5027/3942 2605/4994/3925
f 2617/5028/3943 2603/4997/3027 2607/4996/3926
f 2629/5029/3944 2632/5030/3945 2612/5016/3946
f 2612/5016/3946 2599/5002/3947 2629/5029/3944
f 2605/5003/3036 2604/5031/3283 2615/5032/3948
f 2619/5014/3931 2600/5007/3933 2610/5006/3949
f 2610/5033/3071 2611/5009/3042 2619/5012/3822
f 2609/5034/3072 2608/5010/3929 2611/5009/3042
f 2599/5002/3934 2602/5017/3936 2608/5035/3950
f 2608/5035/3074 2609/5036/3951 2621/5037/3952
f 2621/5037/3952 2604/5031/3283 2608/5035/3074
f 2620/5013/3930 2607/5008/3041 2601/5038/3953
f 2599/5002/3035 2608/5035/3074 2604/5031/3283
f 2617/5020/3055 2607/5008/3041 2600/5007/3040
f 2604/5031/3283 2605/5003/3036 2599/5002/3035
f 2599/5002/3035 2618/5004/3257 2622/5039/3078
f 2622/5039/3078 2629/5029/3079 2599/5002/3035
f 2617/5020/3055 2600/5007/3040 2636/5040/3080
f 2636/5040/3080 2614/5018/3053 2617/5020/3055
f 2606/5022/3830 2603/4997/3081 2640/5041/3294
f 2640/5041/3294 2639/5023/3058 2606/5022/3830
f 2639/5042/3083 2622/5039/3078 2618/5004/3257
f 2603/4997/3081 2617/5028/3847 2640/5041/3294
f 2600/5007/3954 2613/5015/3955 2634/5043/3956
f 2634/5043/3956 2636/5040/3957 2600/5007/3954
f 2623/5044/3089 2638/5045/3090 2627/5046/3091
f 2627/5046/3091 2637/5047/3092 2623/5044/3089
f 2626/5048/3958 2631/5049/3094 2624/5050/3095
f 2624/5050/3095 2625/5051/3096 2626/5048/3958
f 2640/5052/3302 2623/5044/3089 2637/5047/3092
f 2637/5047/3092 2639/5053/3098 2640/5052/3302
f 2628/5054/3853 2630/5055/3100 2626/5048/3853
f 2626/5048/3853 2625/5051/3306 2628/5054/3853
f 2630/5056/3102 2628/5057/3103 2627/5046/3091
f 2627/5046/3091 2638/5045/3090 2630/5056/3102
f 2614/5018/3053 2636/5040/3080 2623/5058/3104
f 2636/5040/3080 2631/5059/3605 2630/5060/3606
f 2630/5060/3606 2623/5058/3104 2636/5040/3080
f 2633/5061/3109 2624/5062/3108 2631/5063/3109
f 2631/5063/3109 2635/5064/3002 2633/5061/3109
f 2634/5043/3956 2635/5065/3959 2636/5040/3957
f 2629/5029/3944 2633/5066/3960 2632/5030/3945
f 2633/5067/3860 2635/5068/3961 2634/4989/3860
f 2634/4989/3860 2632/4988/3962 2633/5067/3860
f 2637/5069/3963 2622/5039/3963 2639/5042/3963
f 2627/5070/3964 2628/5071/3117 2637/5069/3118
f 2623/5058/3104 2640/5019/3937 2614/5018/3053
f 2631/5059/3614 2636/5040/3614 2635/5065/3614
f 2624/5072/3965 2633/5066/3965 2629/5029/3965
f 2624/5072/3121 2628/5071/3117 2625/5073/3122
f 2638/5074/3123 2623/5058/3104 2630/5060/3606
f 2628/5071/3117 2624/5072/3121 2629/5029/3079
f 2631/5059/3605 2626/5075/3617 2630/5060/3606
f 2628/5071/3117 2629/5029/3079 2637/5069/3118
f 2637/5069/3118 2629/5029/3079 2622/5039/3078
f 2641/5076/3966 2643/5077/3967 2642/5078/3968
f 2642/5078/3968 2650/5079/3968 2641/5076/3969
f 2645/5080/3970 2651/5081/3971 2646/5082/3970
f 2646/5082/3970 2644/5083/3972 2645/5080/3970
f 2648/5084/3973 2664/5085/3974 2649/5086/3975
f 2649/5086/3975 2647/5087/3976 2648/5084/3973
f 2650/5079/3977 2642/5078/3978 2651/5088/3977
f 2651/5088/3977 2645/5089/3979 2650/5079/3977
f 2647/5090/3980 2649/5091/3981 2643/5077/3967
f 2643/5077/3967 2641/5076/3966 2647/5090/3980
f 2654/5092/3982 2653/5093/3983 2662/5094/3983
f 2662/5094/3983 2652/5095/3984 2654/5092/3982
f 2661/5096/3985 2655/5081/3986 2657/5097/3987
f 2657/5097/3987 2656/5098/3988 2661/5096/3985
f 2663/5099/3989 2658/5083/3990 2660/5082/3991
f 2660/5082/3991 2659/5100/3992 2663/5099/3989
f 2653/5093/3993 2661/5091/3994 2656/5101/3995
f 2656/5101/3995 2662/5094/3996 2653/5093/3993
f 2658/5102/3997 2654/5092/3982 2652/5095/3984
f 2652/5095/3984 2660/5087/3998 2658/5102/3997
f 2659/5100/3992 2664/5085/3974 2648/5084/3973
f 2648/5084/3973 2663/5099/3989 2659/5100/3992
f 2693/5103/3999 2686/5104/4000 2665/5105/4001
f 2700/5106/4002 2683/5107/4003 2666/5108/4004
f 2698/5109/4005 2684/5110/4006 2667/5111/4007
f 2685/5112/4008 2691/5113/4009 2696/5114/4010
f 2690/5115/4011 2692/5116/4012 2697/5117/4013
f 2694/5118/4014 2687/5119/4015 2668/5120/4016
f 2699/5121/4017 2688/5122/4018 2669/5123/4019
f 2689/5124/4020 2670/5125/4021 2695/5126/4022
f 2671/5127/4023 2674/5128/4024 2665/5129/4025
f 2665/5129/4025 2686/5130/4026 2671/5127/4023
f 2673/5131/4027 2691/5132/4028 2685/5133/4029
f 2685/5133/4029 2672/5134/4030 2673/5131/4027
f 2673/5131/4031 2672/5134/4032 2668/5135/4033
f 2668/5135/4033 2687/5136/4034 2673/5131/4031
f 2671/5127/4035 2692/5137/4036 2690/5138/4037
f 2690/5138/4037 2674/5128/4038 2671/5127/4035
f 2675/5139/4039 2672/5140/4040 2685/5141/4041
f 2667/5142/4042 2676/5143/4043 2677/5144/4044
f 2677/5144/4044 2676/5143/4043 2669/5145/4045
f 2669/5145/4045 2688/5146/4046 2677/5144/4044
f 2668/5147/4047 2672/5140/4040 2675/5139/4039
f 2678/5148/4048 2676/5149/4049 2667/5150/4050
f 2667/5150/4050 2684/5151/4051 2678/5148/4048
f 2666/5152/4052 2679/5153/4053 2680/5154/4054
f 2680/5154/4054 2679/5153/4053 2689/5155/4055
f 2669/5156/4056 2676/5149/4049 2678/5148/4048
f 2681/5157/4057 2679/5158/4058 2666/5159/4059
f 2666/5159/4059 2683/5160/4060 2681/5157/4057
f 2665/5161/4061 2674/5162/4062 2682/5163/4063
f 2682/5163/4063 2674/5162/4062 2690/5164/4064
f 2681/5157/4057 2670/5165/4065 2689/5166/4066
f 2689/5166/4066 2679/5158/4058 2681/5157/4057
f 2703/5167/4067 2714/5168/4068 2712/5169/4069
f 2701/5170/4070 2715/5171/4071 2713/5172/4072
f 2702/5173/4073 2716/5174/4074 2710/5175/4075
f 2730/5176/4076 2717/5177/4077 2711/5178/4078
f 2705/5179/4079 2718/5180/4080 2708/5181/4081
f 2704/5182/4082 2719/5183/4083 2707/5184/4084
f 2731/5185/4085 2720/5186/4086 2706/5187/4087
f 2732/5188/4088 2721/5189/4089 2709/5190/4090
f 2706/5191/4091 2720/5192/4092 2715/5193/4093
f 2707/5194/4094 2719/5195/4095 2716/5196/4096
f 2708/5197/4097 2718/5198/4098 2717/5199/4099
f 2709/5200/4100 2721/5201/4101 2714/5202/4102
f 2710/5203/4103 2716/5204/4104 2719/5205/4105
f 2711/5206/4106 2717/5207/4107 2718/5208/4108
f 2712/5209/4109 2714/5210/4110 2721/5211/4111
f 2713/5212/4112 2715/5213/4113 2720/5214/4114
f 2725/5215/292 2722/5210/4115 2724/5216/292
f 2724/5216/292 2727/5217/4116 2725/5215/292
f 2700/5106/4002 2666/5108/4004 2684/5110/4006
f 2684/5110/4006 2698/5109/4005 2700/5106/4002
f 2680/5154/4054 2689/5155/4055 2669/5156/4056
f 2669/5156/4056 2678/5148/4048 2680/5154/4054
f 2695/5126/4022 2704/5182/484 2705/5179/484
f 2705/5179/484 2699/5121/4017 2695/5126/4022
f 2704/5182/4082 2707/5184/4084 2718/5180/4080
f 2718/5180/4080 2705/5179/4079 2704/5182/4082
f 2694/5118/4014 2668/5120/4016 2688/5122/4018
f 2688/5122/4018 2699/5121/4017 2694/5118/4014
f 2677/5144/4117 2685/5141/4041 2667/5142/4118
f 2698/5109/4119 2703/5167/153 2730/5176/153
f 2712/5209/4109 2721/5211/4111 2708/5197/4097
f 2708/5197/4097 2717/5199/4099 2712/5209/4109
f 2703/5167/4067 2712/5169/4069 2717/5177/4077
f 2717/5177/4077 2730/5176/4076 2703/5167/4067
f 2728/5218/4120 2726/5219/4121 2722/5220/4120
f 2722/5220/4120 2725/5221/4122 2728/5218/4120
f 2729/5222/153 2728/5223/153 2725/5224/153
f 2725/5224/153 2727/5225/153 2729/5222/153
f 2693/5103/3999 2665/5105/4001 2683/5107/4003
f 2683/5107/4003 2700/5106/4002 2693/5103/3999
f 2682/5163/4063 2690/5164/4064 2670/5165/4123
f 2670/5165/4123 2681/5157/4124 2682/5163/4063
f 2704/5182/484 2695/5126/4022 2697/5117/4013
f 2731/5185/4085 2706/5187/4087 2719/5183/4083
f 2719/5183/4083 2704/5182/4082 2731/5185/4085
f 2697/5117/4013 2731/5185/484 2704/5182/484
f 2699/5121/4017 2669/5123/4019 2689/5124/4020
f 2689/5124/4020 2695/5126/4022 2699/5121/4017
f 2678/5148/4048 2684/5151/4051 2666/5152/4052
f 2666/5152/4052 2680/5154/4054 2678/5148/4048
f 2698/5109/4119 2730/5176/153 2702/5173/153
f 2702/5173/153 2700/5106/4002 2698/5109/4119
f 2711/5206/4106 2718/5208/4108 2707/5194/4094
f 2707/5194/4094 2716/5196/4096 2711/5206/4106
f 2730/5176/4076 2711/5178/4078 2716/5174/4074
f 2716/5174/4074 2702/5173/4073 2730/5176/4076
f 2729/5226/276 2723/5227/4125 2726/5228/276
f 2726/5228/276 2728/5229/4126 2729/5226/276
f 2696/5114/4010 2691/5113/4009 2686/5104/4000
f 2686/5104/4000 2693/5103/3999 2696/5114/4010
f 2673/5131/4031 2687/5136/4034 2692/5137/4036
f 2692/5137/4036 2671/5127/4035 2673/5131/4031
f 2694/5118/4014 2732/5188/484 2731/5185/484
f 2731/5185/484 2697/5117/4013 2694/5118/4014
f 2732/5188/4088 2709/5190/4090 2720/5186/4086
f 2720/5186/4086 2731/5185/4085 2732/5188/4088
f 2695/5126/4022 2670/5125/4021 2690/5115/4011
f 2690/5115/4011 2697/5117/4013 2695/5126/4022
f 2681/5157/4127 2683/5160/4128 2665/5161/4061
f 2665/5161/4061 2682/5163/4063 2681/5157/4127
f 2700/5106/4002 2702/5173/153 2693/5103/3999
f 2710/5203/4103 2719/5205/4105 2706/5191/4091
f 2706/5191/4091 2715/5193/4093 2710/5203/4103
f 2702/5173/4073 2710/5175/4075 2715/5171/4071
f 2715/5171/4071 2701/5170/4070 2702/5173/4073
f 2701/5170/153 2693/5103/3999 2702/5173/153
f 2727/5230/32 2724/5231/4129 2723/5232/32
f 2723/5232/32 2729/5233/4130 2727/5230/32
f 2724/5234/484 2722/5235/484 2726/5236/484
f 2726/5236/484 2723/5237/484 2724/5234/484
f 2698/5109/4119 2667/5111/4131 2685/5112/4008
f 2677/5144/4132 2688/5146/4133 2668/5147/4047
f 2668/5147/4047 2675/5139/4039 2677/5144/4132
f 2705/5179/4079 2708/5181/4081 2721/5189/4089
f 2721/5189/4089 2732/5188/4088 2705/5179/4079
f 2699/5121/4017 2705/5179/484 2732/5188/484
f 2732/5188/484 2694/5118/4014 2699/5121/4017
f 2697/5117/4013 2692/5116/4012 2687/5119/4015
f 2687/5119/4015 2694/5118/4014 2697/5117/4013
f 2671/5127/4023 2686/5130/4026 2691/5132/4028
f 2691/5132/4028 2673/5131/4027 2671/5127/4023
f 2693/5103/3999 2701/5170/153 2703/5167/153
f 2703/5167/153 2696/5114/4010 2693/5103/3999
f 2713/5212/4112 2720/5214/4114 2709/5200/4100
f 2709/5200/4100 2714/5202/4102 2713/5212/4112
f 2701/5170/4070 2713/5172/4072 2714/5168/4068
f 2714/5168/4068 2703/5167/4067 2701/5170/4070
f 2685/5112/4008 2696/5114/4010 2698/5109/4119
f 2685/5141/4041 2677/5144/4117 2675/5139/4039
f 2703/5167/153 2698/5109/4119 2696/5114/4010
f 2759/5238/4134 2748/5239/4135 2734/5240/4136
f 2747/5241/4137 2753/5242/4009 2758/5243/4138
f 2752/5244/4139 2754/5245/4012 2762/5246/4140
f 2760/5247/4141 2749/5248/4142 2735/5249/4143
f 2734/5250/4144 2748/5251/4145 2736/5252/4146
f 2736/5252/4146 2739/5253/4147 2734/5250/4144
f 2747/5254/4029 2737/5255/4148 2738/5256/4149
f 2738/5256/4149 2753/5257/4028 2747/5254/4029
f 2735/5258/4033 2749/5259/4150 2738/5256/4151
f 2738/5256/4151 2737/5255/4032 2735/5258/4033
f 2752/5260/4152 2739/5253/4038 2736/5252/4153
f 2736/5252/4153 2754/5261/4154 2752/5260/4152
f 2740/5262/4155 2737/5263/4156 2747/5264/4157
f 2746/5265/4158 2733/5266/4159 2741/5267/4160
f 2741/5267/4160 2733/5266/4159 2750/5268/4161
f 2735/5269/4162 2737/5263/4156 2740/5262/4155
f 2743/5270/4163 2742/5271/4164 2745/5272/4165
f 2734/5273/4166 2739/5274/4167 2744/5275/4168
f 2744/5275/4168 2739/5274/4167 2752/5276/4169
f 2751/5277/4170 2742/5271/4164 2743/5270/4163
f 2770/5278/4171 2776/5279/4172 2779/5280/4173
f 2765/5281/4174 2771/5282/4175 2781/5283/4176
f 2767/5284/4177 2782/5285/4178 2772/5286/4179
f 2769/5287/4180 2780/5288/4181 2777/5289/4182
f 2772/5290/4183 2782/5291/4184 2771/5292/4185
f 2777/5293/4186 2780/5294/4187 2776/5295/4188
f 2779/5296/4189 2776/5297/4190 2780/5298/4191
f 2781/5299/4192 2771/5300/4193 2782/5301/4194
f 2790/5302/292 2789/5303/4195 2784/5304/292
f 2784/5304/292 2785/5300/4196 2790/5302/292
f 2746/5265/4197 2763/5305/4198 2764/5306/4199
f 2764/5306/4199 2745/5272/4200 2746/5265/4197
f 2750/5268/4201 2733/5266/4202 2742/5271/4203
f 2742/5271/4203 2751/5277/4204 2750/5268/4201
f 2783/5307/484 2757/5308/4205 2761/5309/4206
f 2761/5309/4206 2766/5310/2138 2783/5307/484
f 2775/5311/4207 2783/5312/4208 2766/5313/4207
f 2766/5313/4207 2778/5314/4209 2775/5311/4207
f 2750/5315/4210 2757/5308/4205 2760/5247/4141
f 2760/5247/4141 2735/5249/4143 2750/5315/4210
f 2755/5316/4211 2747/5264/4157 2756/5317/4212
f 2757/5308/4205 2783/5307/484 2769/5287/484
f 2775/5318/4213 2774/5319/4214 2779/5296/4189
f 2779/5296/4189 2780/5298/4191 2775/5318/4213
f 2774/5320/4215 2768/5321/4216 2770/5278/4171
f 2770/5278/4171 2779/5280/4173 2774/5320/4215
f 2785/5322/4217 2784/5323/4218 2786/5324/4217
f 2786/5324/4217 2787/5325/4219 2785/5322/4217
f 2784/5326/153 2789/5327/153 2791/5328/153
f 2791/5328/153 2786/5329/153 2784/5326/153
f 2763/5330/4220 2746/5331/4221 2756/5332/4222
f 2755/5316/4211 2756/5317/4212 2746/5333/4223
f 2746/5333/4223 2741/5334/4224 2755/5316/4211
f 2745/5335/4225 2764/5336/4226 2759/5238/4134
f 2759/5238/4134 2734/5240/4136 2745/5335/4225
f 2751/5337/4227 2743/5338/4228 2744/5275/4168
f 2744/5275/4168 2752/5276/4169 2751/5337/4227
f 2764/5336/4226 2792/5339/153 2765/5281/153
f 2778/5340/4229 2766/5310/2138 2767/5284/4177
f 2767/5284/4177 2772/5286/4179 2778/5340/4229
f 2762/5246/4140 2767/5284/4177 2761/5309/4206
f 2751/5277/4230 2761/5341/4230 2757/5342/4231
f 2757/5342/4231 2750/5268/4231 2751/5277/4230
f 2745/5272/4232 2742/5271/4203 2733/5266/4202
f 2733/5266/4202 2746/5265/4233 2745/5272/4232
f 2792/5339/153 2764/5336/4226 2763/5330/4220
f 2763/5330/4220 2768/5321/4216 2792/5339/153
f 2778/5314/4234 2773/5343/4234 2774/5344/4235
f 2774/5344/4235 2775/5311/4235 2778/5314/4234
f 2773/5343/4236 2792/5345/4237 2768/5346/4238
f 2768/5346/4238 2774/5344/4239 2773/5343/4236
f 2787/5347/276 2786/5348/4126 2791/5349/276
f 2791/5349/276 2788/2920/4125 2787/5347/276
f 2748/5239/4135 2759/5238/4134 2758/5243/4138
f 2758/5243/4138 2753/5242/4009 2748/5239/4135
f 2754/5261/4154 2736/5252/4153 2738/5256/4151
f 2738/5256/4151 2749/5259/4150 2754/5261/4154
f 2767/5284/4177 2762/5246/4140 2760/5247/4141
f 2760/5247/4141 2769/5287/484 2767/5284/4177
f 2782/5285/4178 2767/5284/4177 2769/5287/4180
f 2769/5287/4180 2777/5289/4182 2782/5285/4178
f 2752/5244/4139 2762/5246/4140 2761/5309/4206
f 2761/5309/4206 2751/5350/4240 2752/5244/4139
f 2734/5273/4166 2744/5275/4168 2743/5338/4241
f 2743/5338/4241 2745/5351/4242 2734/5273/4166
f 2766/5310/2138 2761/5309/4206 2767/5284/4177
f 2772/5290/4183 2771/5292/4185 2773/5352/2969
f 2773/5352/2969 2778/5353/4243 2772/5290/4183
f 2771/5282/4175 2765/5281/4174 2792/5339/4244
f 2792/5339/4244 2773/5354/4245 2771/5282/4175
f 2765/5281/153 2759/5238/4134 2764/5336/4226
f 2788/5355/4246 2791/5204/4247 2789/5356/4246
f 2789/5356/4246 2790/5357/4248 2788/5355/4246
f 2787/5358/484 2788/5359/484 2790/5360/484
f 2790/5360/484 2785/5361/484 2787/5358/484
f 2755/5316/4211 2741/5334/4224 2740/5262/4155
f 2763/5330/4220 2756/5332/4222 2747/5241/4137
f 2735/5269/4162 2740/5262/4155 2741/5334/4224
f 2741/5334/4224 2750/5362/4249 2735/5269/4162
f 2768/5321/4216 2763/5330/4220 2770/5278/4171
f 2780/5288/4181 2769/5287/4180 2783/5307/4250
f 2783/5307/4250 2775/5363/4251 2780/5288/4181
f 2769/5287/484 2760/5247/4141 2757/5308/4205
f 2749/5248/4142 2760/5247/4141 2762/5246/4140
f 2762/5246/4140 2754/5245/4012 2749/5248/4142
f 2753/5257/4028 2738/5256/4149 2736/5252/4146
f 2736/5252/4146 2748/5251/4145 2753/5257/4028
f 2770/5278/4171 2758/5243/4138 2759/5238/4134
f 2759/5238/4134 2765/5281/153 2770/5278/4171
f 2777/5293/4186 2776/5295/4188 2781/5299/4192
f 2781/5299/4192 2782/5301/4194 2777/5293/4186
f 2776/5279/4172 2770/5278/4171 2765/5281/4174
f 2765/5281/4174 2781/5283/4176 2776/5279/4172
f 2747/5241/4137 2758/5243/4138 2763/5330/4220
f 2747/5264/4157 2755/5316/4211 2740/5262/4155
f 2770/5278/4171 2763/5330/4220 2758/5243/4138
f 2798/5364/2792 2803/5365/2793 2795/5366/2794
f 2795/5366/2794 2804/5367/3475 2798/5364/2792
f 2800/5368/2796 2815/5369/4252 2793/5370/2796
f 2793/5370/2796 2794/5371/2798 2800/5368/2796
f 2795/5366/2794 2802/5372/3741 2799/5373/3742
f 2799/5373/3742 2801/5374/3476 2795/5366/2794
f 2798/5364/2792 2800/5375/3477 2794/5376/2803
f 2794/5376/2803 2803/5365/2793 2798/5364/2792
f 2807/5377/3478 2798/5364/3478 2804/5367/3478
f 2803/5365/4253 2797/5378/4254 2796/5379/4253
f 2796/5379/4253 2795/5366/4255 2803/5365/4253
f 2795/5366/4256 2796/5379/4256 2802/5372/4256
f 2797/5378/4257 2803/5365/4257 2794/5376/4257
f 2804/5380/2810 2814/5381/2811 2808/5382/2811
f 2808/5382/2811 2807/5383/2812 2804/5380/2810
f 2807/5384/2813 2808/5385/2814 2815/5386/2814
f 2815/5386/2814 2800/5387/2815 2807/5384/2813
f 2798/5364/3748 2807/5377/3748 2800/5375/3748
f 2804/5367/3475 2795/5366/2794 2801/5374/3476
f 2813/5388/4258 2811/5389/2818 2816/5390/2819
f 2816/5390/2819 2814/3945/4259 2813/5388/4258
f 2805/5391/4260 2809/5392/4261 2813/5388/4258
f 2813/5388/4258 2810/5393/4262 2805/5391/4260
f 2809/5394/2827 2802/3350/3487 2796/5395/2826
f 2796/5395/2826 2812/5396/2827 2809/5394/2827
f 2793/5397/4263 2815/5398/4264 2816/5390/2819
f 2816/5390/2819 2811/5389/2818 2793/5397/4263
f 2814/3945/4265 2816/5390/4265 2808/4088/4265
f 2812/5399/4266 2806/5400/4267 2811/5389/4268
f 2811/5389/4268 2813/5388/4269 2812/5399/4266
f 2809/5392/4270 2812/5399/4270 2813/5388/4270
f 2793/5397/4271 2811/5389/4271 2806/5400/4271
f 2815/5398/4272 2808/4088/4272 2816/5390/4272
f 2810/5393/4262 2813/5388/4258 2814/3945/4259
f 2797/5401/4273 2806/5402/4274 2812/5403/2206
f 2812/5403/2206 2796/5404/4275 2797/5401/4273
f 2802/5405/2840 2809/5406/2841 2805/5407/2840
f 2805/5407/2840 2799/5408/4276 2802/5405/2840
f 2799/5409/3880 2805/5410/3757 2810/5411/2845
f 2810/5411/2845 2801/5412/2846 2799/5409/3880
f 2794/5413/2848 2793/5414/4277 2806/5415/2847
f 2806/5415/2847 2797/5416/2848 2794/5413/2848
f 2801/5412/2846 2810/5411/2845 2814/5417/2850
f 2814/5417/2850 2804/5418/2850 2801/5412/2846
f 2822/5419/2792 2827/5420/4278 2819/5421/2794
f 2819/5421/2794 2828/5422/4279 2822/5419/2792
f 2824/5423/2796 2839/5424/2797 2817/5425/2796
f 2817/5425/2796 2818/5426/2798 2824/5423/2796
f 2819/5421/2794 2826/5427/3741 2823/5428/3742
f 2823/5428/3742 2825/5429/3868 2819/5421/2794
f 2822/5419/2792 2824/5430/3477 2818/5431/2803
f 2818/5431/2803 2827/5420/4278 2822/5419/2792
f 2831/5432/3869 2822/5419/3869 2828/5422/3869
f 2827/5420/4280 2821/5433/4281 2820/5434/4282
f 2820/5434/4282 2819/5421/4283 2827/5420/4280
f 2819/5421/4284 2820/5434/4284 2826/5427/4284
f 2821/5433/4285 2827/5420/4285 2818/5431/4285
f 2828/5435/2810 2838/5436/2811 2832/5437/2811
f 2832/5437/2811 2831/5438/2812 2828/5435/2810
f 2831/5439/2813 2832/5440/2814 2839/5441/2814
f 2839/5441/2814 2824/3226/2815 2831/5439/2813
f 2822/5419/3484 2831/5432/3484 2824/5430/3484
f 2828/5422/4279 2819/5421/2794 2825/5429/3868
f 2836/5442/2817 2835/5443/2818 2840/5444/2819
f 2840/5444/2819 2838/5445/3875 2836/5442/2817
f 2829/5446/2821 2833/5447/2822 2836/5442/2817
f 2836/5442/2817 2834/5448/4286 2829/5446/2821
f 2833/5449/2827 2826/3084/3487 2820/5450/2825
f 2820/5450/2825 2837/5451/2827 2833/5449/2827
f 2817/5452/2828 2839/5453/2829 2840/5444/2819
f 2840/5444/2819 2835/5443/2818 2817/5452/2828
f 2838/5445/4287 2840/5444/4287 2832/5454/4287
f 2837/5455/3489 2830/5456/4288 2835/5443/3489
f 2835/5443/3489 2836/5442/3491 2837/5455/3489
f 2833/5447/3876 2837/5455/3876 2836/5442/3876
f 2817/5452/3493 2835/5443/3493 2830/5456/3493
f 2839/5453/3878 2832/5454/3878 2840/5444/3878
f 2834/5448/4286 2836/5442/2817 2838/5445/3875
f 2821/5457/2206 2830/5458/4289 2837/5459/2206
f 2837/5459/2206 2820/5460/2839 2821/5457/2206
f 2826/5461/2840 2833/5462/2841 2829/5463/3755
f 2829/5463/3755 2823/5464/4276 2826/5461/2840
f 2823/5465/4290 2829/5466/3757 2834/5467/2845
f 2834/5467/2845 2825/5468/2846 2823/5465/4290
f 2818/5469/2848 2817/5470/2847 2830/5471/2847
f 2830/5471/2847 2821/5472/2848 2818/5469/2848
f 2825/5468/2846 2834/5467/2845 2838/4773/2849
f 2838/4773/2849 2828/5473/2850 2825/5468/2846
f 2859/5474/4291 2884/5475/4292 2860/5476/4293
f 2860/5476/4293 2861/5477/4294 2859/5474/4291
f 2858/5478/4295 2851/5479/4296 2861/5477/4294
f 2861/5477/4294 2860/5476/4293 2858/5478/4295
f 2851/5479/4296 2858/5478/4295 2863/5480/4297
f 2862/5481/4298 2863/5480/4297 2858/5478/4295
f 2841/5482/4299 2885/5483/4300 2863/5484/4297
f 2863/5484/4297 2862/5485/4298 2841/5482/4299
f 2864/5486/4301 2865/5487/4302 2885/5483/4300
f 2885/5483/4300 2841/5482/4299 2864/5486/4301
f 2842/5488/4303 2852/5489/4304 2865/5487/4302
f 2865/5487/4302 2864/5486/4301 2842/5488/4303
f 2852/5489/4304 2842/5488/4303 2866/5490/4305
f 2866/5490/4305 2867/5491/4306 2852/5489/4304
f 2843/5492/4307 2853/5493/4308 2867/5491/4306
f 2867/5491/4306 2866/5490/4305 2843/5492/4307
f 2853/5493/4308 2843/5492/4307 2869/5494/4309
f 2868/5495/4310 2869/5494/4309 2843/5492/4307
f 2844/5496/4311 2886/5497/4312 2869/5498/4309
f 2869/5498/4309 2868/5499/4310 2844/5496/4311
f 2870/5500/4313 2871/5501/4314 2886/5497/4312
f 2886/5497/4312 2844/5496/4311 2870/5500/4313
f 2845/5502/4315 2854/5503/4316 2871/5501/4314
f 2871/5501/4314 2870/5500/4313 2845/5502/4315
f 2854/5503/4316 2845/5502/4315 2873/5504/4317
f 2872/5505/4318 2873/5504/4317 2845/5502/4315
f 2873/5504/4317 2872/5505/4318 2846/5506/4319
f 2846/5506/4319 2855/5507/4320 2873/5504/4317
f 2855/5507/4320 2846/5506/4319 2874/5508/4321
f 2874/5508/4321 2875/5509/4322 2855/5507/4320
f 2847/5510/4323 2856/5511/4324 2875/5512/4322
f 2875/5512/4322 2874/5513/4321 2847/5510/4323
f 2856/5511/4324 2847/5510/4323 2877/5514/4325
f 2876/5515/4326 2877/5514/4325 2847/5510/4323
f 2848/5516/4327 2887/5517/4328 2877/5514/4325
f 2877/5514/4325 2876/5515/4326 2848/5516/4327
f 2878/5518/4329 2879/5519/4330 2887/5517/4328
f 2887/5517/4328 2848/5516/4327 2878/5518/4329
f 2849/5520/4331 2857/5521/4332 2879/5519/4330
f 2879/5519/4330 2878/5518/4329 2849/5520/4331
f 2857/5521/4332 2849/5520/4331 2880/5522/4333
f 2880/5522/4333 2881/5523/4334 2857/5521/4332
f 2850/5524/4335 2888/5525/4336 2880/5526/4333
f 2881/5527/4334 2880/5526/4333 2888/5525/4336
f 2882/5528/4337 2883/5529/4338 2888/5525/4336
f 2888/5525/4336 2850/5524/4335 2882/5528/4337
f 2884/5475/4292 2859/5474/4291 2883/5529/4338
f 2883/5529/4338 2882/5528/4337 2884/5475/4292
f 2841/5530/4339 2858/5531/4340 2884/5532/4341
f 2850/5533/4342 2841/5530/4339 2884/5532/4341
f 2841/5530/4339 2850/5533/4342 2849/5534/4343
f 2848/5535/4344 2841/5530/4339 2849/5534/4343
f 2841/5530/4339 2848/5535/4344 2847/5536/4345
f 2846/5537/4346 2841/5530/4339 2847/5536/4345
f 2841/5530/4339 2846/5537/4346 2845/5538/4347
f 2844/5539/4348 2841/5530/4339 2845/5538/4347
f 2841/5530/4339 2844/5539/4348 2843/5540/4349
f 2842/5541/4350 2841/5530/4339 2843/5540/4349
f 2885/5542/4351 2859/5543/4352 2851/5544/4353
f 2853/5545/4354 2885/5542/4351 2852/5546/4355
f 2885/5542/4351 2853/5545/4354 2886/5547/4356
f 2854/5548/4357 2885/5542/4351 2886/5547/4356
f 2885/5542/4351 2854/5548/4357 2855/5549/4358
f 2856/5550/4359 2885/5542/4351 2855/5549/4358
f 2885/5542/4351 2856/5550/4359 2887/5551/4360
f 2857/5552/4361 2885/5542/4351 2887/5551/4360
f 2885/5542/4351 2857/5552/4361 2888/5553/4362
f 2859/5543/4352 2885/5542/4351 2888/5553/4362
f 2884/5532/4341 2858/5531/4340 2860/5554/4363
f 2850/5533/4342 2884/5532/4341 2882/5555/4364
f 2849/5534/4343 2850/5533/4342 2880/5556/4365
f 2848/5535/4344 2849/5534/4343 2878/5557/4366
f 2847/5536/4345 2848/5535/4344 2876/5558/4367
f 2846/5537/4346 2847/5536/4345 2874/5559/4368
f 2845/5538/4347 2846/5537/4346 2872/5560/4369
f 2844/5539/4348 2845/5538/4347 2870/5561/4370
f 2843/5540/4349 2844/5539/4348 2868/5562/4371
f 2842/5541/4350 2843/5540/4349 2866/5563/4372
f 2841/5530/4339 2842/5541/4350 2864/5564/4373
f 2858/5531/4340 2841/5530/4339 2862/5565/4374
f 2851/5544/4353 2859/5543/4352 2861/5566/4375
f 2885/5542/4351 2851/5544/4353 2863/5567/4376
f 2852/5546/4355 2885/5542/4351 2865/5568/4377
f 2853/5545/4354 2852/5546/4355 2867/5569/4378
f 2886/5547/4356 2853/5545/4354 2869/5570/4379
f 2854/5548/4357 2886/5547/4356 2871/5571/4380
f 2855/5549/4358 2854/5548/4357 2873/5572/4381
f 2856/5550/4359 2855/5549/4358 2875/5573/4382
f 2887/5551/4360 2856/5550/4359 2877/5574/4383
f 2857/5552/4361 2887/5551/4360 2879/5575/4384
f 2888/5553/4362 2857/5552/4361 2881/5576/4385
f 2859/5543/4352 2888/5553/4362 2883/5577/4386
f 3035/5578/4387 3119/5579/4388 2891/5580/4389
f 2961/5581/4390 2891/5580/4389 3119/5579/4388
f 2892/5582/4391 2953/5583/4392 3036/5584/4393
f 3036/5584/4393 2985/5585/4394 2892/5582/4391
f 3037/5586/4395 2890/5587/4396 2962/5588/4397
f 2962/5588/4397 3120/5589/4398 3037/5586/4395
f 3026/5590/4399 3121/5591/4400 2893/5592/4401
f 3038/5593/4402 2893/5592/4401 3121/5591/4400
f 2954/5594/4403 2894/5595/4404 3027/5596/4405
f 2894/5595/4404 2954/5594/4403 3039/5597/4406
f 2895/5598/4407 2955/5599/4408 2963/5600/4409
f 2963/5600/4409 2990/5601/4410 2895/5598/4407
f 2956/5602/4411 3122/5603/4412 3041/5604/4413
f 3122/5603/4412 2956/5602/4411 3040/5605/4414
f 3030/5606/4415 2957/5607/4416 3112/5608/4417
f 3112/5608/4417 2957/5607/4416 2964/5609/4418
f 2958/5610/4419 2896/5611/4420 3043/5612/4421
f 2896/5611/4420 2958/5610/4419 3042/5613/4422
f 3045/5614/4423 2959/5615/4424 2897/5616/4425
f 2897/5616/4425 2959/5615/4424 3044/5617/4426
f 2965/5618/4427 2898/5619/4428 3123/5620/4429
f 2965/5618/4427 2995/5621/4430 2898/5619/4428
f 2960/5622/4431 2899/5623/4432 3034/5624/4433
f 2899/5623/4432 2960/5622/4431 2966/5625/4434
f 2891/5580/4435 2961/5581/4436 3114/5626/4437
f 3114/5626/4437 2961/5581/4436 2967/5627/4438
f 3119/5628/4439 3035/5629/4440 2997/5630/4441
f 2997/5630/4441 2889/5631/4442 3119/5628/4439
f 3036/5632/4443 3057/5633/4444 2985/5634/4445
f 3057/5633/4444 3036/5632/4443 3049/5635/4446
f 2953/5583/4447 2892/5582/4448 2998/5636/4449
f 2998/5636/4449 3111/5637/4450 2953/5583/4447
f 3120/5589/4451 2962/5588/4452 3024/5638/4453
f 3024/5638/4453 2962/5588/4452 3103/5639/4454
f 2890/5640/4455 3037/5641/4456 3124/5642/4457
f 3124/5642/4457 3002/5643/4458 2890/5640/4455
f 3038/5644/4459 3025/5645/4460 2893/5646/4461
f 3025/5645/4460 3038/5644/4459 3047/5647/4462
f 3121/5591/4463 3026/5590/4464 3125/5648/4465
f 3125/5648/4465 3059/5649/4466 3121/5591/4463
f 3039/5597/4467 3115/5650/4468 2894/5595/4469
f 3115/5650/4468 3039/5597/4467 2968/5651/4470
f 2954/5652/4471 3027/5653/4472 3126/5654/4473
f 3126/5654/4473 3060/5655/4474 2954/5652/4471
f 2990/5601/4475 2963/5600/4476 3116/5656/4477
f 3116/5656/4477 2963/5600/4476 3046/5657/4478
f 2955/5658/4479 2895/5659/4480 3127/5660/4481
f 3127/5660/4481 3008/5661/4482 2955/5658/4479
f 3122/5662/4483 3040/5663/4484 3029/5664/4485
f 3029/5664/4485 3040/5663/4484 2969/5665/4486
f 2956/5602/4487 3041/5604/4488 3128/5666/4489
f 3128/5666/4489 3061/5667/4490 2956/5602/4487
f 3112/5608/4491 2964/5609/4492 3117/5668/4493
f 3117/5668/4493 2964/5609/4492 2970/5669/4494
f 2957/5670/4495 3030/5671/4496 2900/5672/4497
f 2900/5672/4497 3012/5673/4498 2957/5670/4495
f 3042/5613/4499 3031/5674/4500 2896/5611/4501
f 3031/5675/4500 3042/5676/4499 3053/5677/4502
f 2958/5678/4503 3043/5679/4504 3129/5680/4505
f 3129/5680/4505 3014/5681/4506 2958/5678/4503
f 3044/5682/4507 3032/5683/4508 2897/5684/4509
f 3032/5683/4508 3044/5682/4507 2971/5685/4510
f 2959/5615/4511 3045/5614/4512 3130/5686/4513
f 3130/5686/4513 3062/5687/4514 2959/5615/4511
f 2965/5618/4515 3118/5688/4516 2995/5621/4517
f 3118/5688/4516 2965/5618/4515 2972/5689/4518
f 3123/5690/4519 2898/5691/4520 2901/5692/4521
f 2901/5692/4521 3018/5693/4522 3123/5690/4519
f 2899/5623/4523 2966/5625/4524 3058/5694/4525
f 3058/5694/4525 2966/5625/4524 3113/5695/4526
f 2960/5696/4527 3034/5697/4528 3131/5698/4529
f 3131/5698/4529 3020/5699/4530 2960/5696/4527
f 3002/5700/4531 3124/5701/4532 3114/5626/4533
f 3114/5626/4533 2967/5627/4534 3002/5700/4531
f 2889/5631/4535 2997/5630/4536 3057/5702/4537
f 3057/5702/4537 3049/5703/4538 2889/5631/4535
f 2998/5636/4539 3113/5695/4540 3111/5637/4541
f 3113/5695/4540 2998/5636/4539 3058/5694/4542
f 3024/5638/4543 3103/5639/4544 3059/5649/4545
f 3059/5649/4545 3125/5648/4546 3024/5638/4543
f 3025/5704/4547 3047/5705/4548 3060/5655/4549
f 3060/5655/4549 3126/5654/4550 3025/5704/4547
f 3008/5706/4551 3127/5707/4552 3115/5650/4553
f 3115/5650/4553 2968/5651/4554 3008/5706/4551
f 3116/5656/4555 3046/5657/4556 3061/5667/4557
f 3061/5667/4557 3128/5666/4558 3116/5656/4555
f 2969/5708/4559 2900/5672/4560 3029/5709/4561
f 2900/5672/4560 2969/5708/4559 3012/5673/4562
f 3014/5710/4563 3129/5711/4564 3117/5668/4565
f 3117/5668/4565 2970/5669/4566 3014/5710/4563
f 3031/5712/4567 3053/5713/4568 3062/5687/4569
f 3062/5687/4569 3130/5686/4570 3031/5712/4567
f 2971/5714/4571 2901/5692/4572 3032/5715/4573
f 2901/5692/4572 2971/5714/4571 3018/5693/4574
f 3020/5716/4575 3131/5717/4576 3118/5688/4577
f 3118/5688/4577 2972/5689/4578 3020/5716/4575
f 3000/5718/4579 2973/5719/4580 2910/5720/4581
f 2902/5721/4582 2910/5720/4581 2973/5719/4580
f 2973/5719/4580 2999/5722/4583 2902/5721/4582
f 2911/5723/4584 2902/5721/4582 2999/5722/4583
f 2902/5721/4582 2911/5723/4584 3064/5724/2919
f 2999/5722/4583 3049/5725/4585 2911/5723/4584
f 3066/5726/4586 2911/5723/4584 3049/5725/4585
f 3049/5725/4585 3001/5727/4587 2912/5728/4588
f 2912/5728/4588 3066/5726/4586 3049/5725/4585
f 3066/5726/484 2912/5728/4588 3064/5724/2919
f 3001/5727/4587 2974/5729/4589 2912/5728/4588
f 2903/5730/4590 2912/5728/4588 2974/5729/4589
f 2974/5729/4589 3111/5731/4591 2903/5730/4590
f 3067/5732/4592 2903/5730/4590 3111/5731/4591
f 2903/5730/4590 3067/5732/4592 2912/5728/4588
f 3111/5731/4591 3050/5733/4593 3067/5732/4592
f 3068/5734/4594 3067/5732/4592 3050/5733/4593
f 3050/5733/4593 3021/5735/4595 2913/5736/4596
f 2913/5736/4596 3068/5734/4594 3050/5733/4593
f 3064/5724/2919 3068/5734/4594 2913/5736/4596
f 3021/5735/4595 2984/5737/4597 2913/5736/4596
f 2914/5738/4598 2913/5736/4596 2984/5737/4597
f 2984/5737/4597 3020/5739/4599 2914/5738/4598
f 2915/5740/4600 2914/5738/4598 3020/5739/4599
f 2914/5738/4598 2915/5740/4600 3064/5724/2919
f 3020/5739/4599 3051/5741/4601 2915/5740/4600
f 3069/5742/4602 2915/5740/4600 3051/5741/4601
f 3051/5741/4601 3019/5743/4603 2916/5744/4604
f 2916/5744/4604 3069/5742/4602 3051/5741/4601
f 3064/5724/2919 3069/5742/4602 2916/5744/4604
f 3019/5743/4603 2983/5745/4605 2916/5744/4604
f 2904/5746/4606 2916/5744/4604 2983/5745/4605
f 2983/5745/4605 3018/5747/4607 2904/5746/4606
f 2917/5748/4608 2904/5746/4606 3018/5747/4607
f 2904/5746/4606 2917/5748/4608 3064/5724/2919
f 3018/5747/4607 3052/5749/4609 2917/5748/4608
f 3070/5750/4610 2917/5748/4608 3052/5749/4609
f 3052/5749/4609 3017/5751/4611 2918/5752/4612
f 2918/5752/4612 3070/5750/4610 3052/5749/4609
f 3064/5724/2919 3070/5750/4610 2918/5752/4612
f 3017/5751/4611 2982/5753/4613 2918/5752/4612
f 2919/5754/4614 2918/5752/4612 2982/5753/4613
f 2982/5753/4613 3016/5755/4615 2919/5754/4614
f 2920/5756/4616 2919/5754/4614 3016/5755/4615
f 2919/5754/4614 2920/5756/4616 3064/5724/2919
f 3016/5755/4615 3053/5757/4617 2920/5756/4616
f 3071/5758/4618 2920/5756/4616 3053/5757/4617
f 3053/5757/4617 3015/5759/4619 2921/5760/4620
f 2921/5760/4620 3071/5758/4618 3053/5757/4617
f 3064/5724/2919 3071/5758/484 2921/5760/4620
f 3015/5759/4619 2981/5761/4621 2921/5760/4620
f 2922/5762/4622 2921/5760/4620 2981/5761/4621
f 2981/5761/4621 3014/5763/4623 2922/5762/4622
f 3072/5764/4624 2922/5762/4622 3014/5763/4623
f 2922/5762/4622 3072/5764/4624 3064/5724/2919
f 3014/5763/4623 3054/5765/4625 3072/5764/4624
f 3073/5766/4626 3072/5764/4624 3054/5765/4625
f 3054/5765/4625 3013/5767/4627 2923/5768/4628
f 2923/5768/4628 3073/5766/4626 3054/5765/4625
f 3064/5724/2919 3073/5766/4626 2923/5768/4628
f 3013/5767/4627 2980/5769/4629 2923/5768/4628
f 2924/5770/4630 2923/5768/4628 2980/5769/4629
f 2980/5769/4629 3012/5771/4631 2924/5770/4630
f 2925/5772/4632 2924/5770/4630 3012/5771/4631
f 2924/5770/4630 2925/5772/4633 3064/5724/2919
f 3012/5771/4631 3074/5773/4634 2925/5772/4632
f 3074/5773/4635 3011/5774/4636 2926/5775/4637
f 3074/5773/4635 2926/5775/4637 3064/5724/2919
f 3011/5774/4636 2979/5776/4638 2926/5775/4637
f 2927/5777/4639 2926/5775/4637 2979/5776/4638
f 2979/5776/4638 3010/5778/4640 2927/5777/4639
f 2928/5779/4641 2927/5777/4639 3010/5778/4640
f 2927/5777/4639 2928/5779/4641 2926/5775/4637
f 3010/5778/4640 3046/5780/4642 2928/5779/4641
f 3075/5781/4643 2928/5779/4641 3046/5780/4642
f 3046/5780/4642 3009/5782/4644 2929/5783/4645
f 2929/5783/4645 3075/5781/4643 3046/5780/4642
f 3075/5781/484 2929/5783/4645 3064/5724/2919
f 3009/5782/4644 2978/5784/4646 2929/5783/4645
f 2930/5785/4647 2929/5783/4645 2978/5784/4646
f 2978/5784/4646 3008/5786/4648 2930/5785/4647
f 3076/5787/4649 2930/5785/4647 3008/5786/4648
f 2930/5785/4647 3076/5787/4650 3064/5724/2919
f 3008/5786/4648 3077/5788/4651 3076/5787/4649
f 3077/5788/4652 3007/5789/4653 2931/5790/4654
f 3077/5788/4652 2931/5790/4654 3064/5724/2919
f 3007/5789/4653 2977/5791/4655 2931/5790/4654
f 2932/5792/4656 2931/5790/4654 2977/5791/4655
f 2977/5791/4655 3006/5793/4657 2932/5792/4656
f 2933/5794/4658 2932/5792/4656 3006/5793/4657
f 2932/5792/4656 2933/5794/4658 3064/5724/2919
f 3006/5793/4657 3047/5795/4659 2933/5794/4658
f 3078/5796/4660 2933/5794/4658 3047/5795/4659
f 3047/5795/4659 3005/5797/4661 2934/5798/4662
f 2934/5798/4662 3078/5796/4660 3047/5795/4659
f 3078/5796/484 2934/5798/4662 3064/5724/2919
f 3005/5797/4661 2976/5799/4663 2934/5798/4662
f 2935/5800/4664 2934/5798/4662 2976/5799/4663
f 2976/5799/4663 3004/5801/4665 2935/5800/4664
f 2936/5802/4666 2935/5800/4664 3004/5801/4665
f 2935/5800/4664 2936/5802/4666 3064/5724/2919
f 3004/5801/4665 3079/5803/4667 2936/5802/4666
f 2936/5802/4666 3079/5803/4667 3064/5724/2919
f 3079/5803/4667 3003/5804/4668 2937/5805/4669
f 3003/5804/4668 2975/5806/4670 2937/5805/4669
f 2938/5807/4671 2937/5805/4669 2975/5806/4670
f 2975/5806/4670 3002/5808/4672 2938/5807/4671
f 3080/5809/4673 2938/5807/4671 3002/5808/4672
f 2938/5807/4671 3080/5809/4673 2937/5805/4669
f 3002/5808/4672 3048/5810/4674 3080/5809/4673
f 3081/5811/4675 3080/5809/4673 3048/5810/4674
f 3048/5810/4674 3000/5718/4579 2910/5720/4581
f 2910/5720/4581 3081/5811/4675 3048/5810/4674
f 3081/5811/4675 2910/5720/4581 3064/5724/2919
f 3022/5812/4676 2985/5813/4677 2939/5814/4678
f 2940/5815/4679 2939/5814/4678 2985/5813/4677
f 2985/5813/4677 3082/5816/4680 2940/5815/4679
f 2940/5815/4679 3082/5816/4680 3065/5817/329
f 3082/5816/4680 3083/5818/4681 3065/5817/329
f 3083/5818/4681 3035/5819/4682 3104/5820/4683
f 3035/5819/4682 2986/5821/4684 3104/5820/4683
f 2941/5822/4685 3104/5820/4683 2986/5821/4684
f 2986/5821/4684 3023/5823/4686 2941/5822/4685
f 2942/5824/4687 2941/5822/4685 3023/5823/4686
f 2941/5822/4685 2942/5824/4687 3065/5817/329
f 3023/5823/4686 3055/5825/4688 2942/5824/4687
f 3084/5826/4689 2942/5824/4687 3055/5825/4688
f 3055/5825/4688 3037/5827/4690 2943/5828/4691
f 2943/5828/4691 3084/5826/4689 3055/5825/4688
f 3065/5817/329 3084/5826/4689 2943/5828/4691
f 3037/5827/4690 2987/5829/4692 2943/5828/4691
f 2944/5830/4693 2943/5828/4691 2987/5829/4692
f 2987/5829/4692 3024/5831/4694 2944/5830/4693
f 3085/5832/4695 2944/5830/4693 3024/5831/4694
f 2944/5830/4693 3085/5832/4696 3065/5817/329
f 3024/5831/4694 3086/5833/4697 3085/5832/4695
f 3085/5832/4696 3086/5833/4698 3065/5817/329
f 3086/5833/4698 3026/5834/4699 3105/5835/4700
f 3026/5834/4699 2988/5836/4701 3105/5835/4700
f 2905/5837/4702 3105/5835/4700 2988/5836/4701
f 2988/5836/4701 3025/5838/4703 2905/5837/4702
f 3087/5839/4704 2905/5837/4702 3025/5838/4703
f 2905/5837/4702 3087/5839/4705 3065/5817/329
f 3025/5838/4703 3088/5840/4706 3087/5839/4704
f 3088/5840/4707 3027/5841/4708 3106/5842/4709
f 3027/5841/4708 2989/5843/4710 3106/5842/4709
f 2906/5844/4711 3106/5842/4709 2989/5843/4710
f 2989/5843/4710 3089/5845/4712 2906/5844/4711
f 2906/5844/4711 3089/5845/4712 3065/5817/329
f 3090/5846/4713 3028/5847/4714 2945/5848/4715
f 3090/5846/4713 2945/5848/4715 3065/5817/329
f 3028/5847/4714 2990/5849/4716 2945/5848/4715
f 2946/5850/4717 2945/5848/4715 2990/5849/4716
f 2990/5849/4716 3091/5851/4718 2946/5850/4717
f 2946/5850/4719 3091/5851/4720 2945/5848/4715
f 3092/5852/4721 3041/5853/4722 3107/5854/4723
f 3041/5853/4722 2991/5855/4724 3107/5854/4723
f 2947/5856/4725 3107/5854/4723 2991/5855/4724
f 2991/5855/4724 3029/5857/4726 2947/5856/4725
f 3093/5858/4727 2947/5856/4725 3029/5857/4726
f 2947/5856/4725 3093/5858/4728 3065/5817/329
f 3029/5857/4726 3094/5859/4729 3093/5858/4727
f 3093/5858/4728 3094/5859/4730 3065/5817/329
f 3094/5859/4730 3030/5860/4731 3108/5861/4732
f 3030/5860/4731 2992/5862/4733 3108/5861/4732
f 3063/5863/4734 3108/5861/4732 2992/5862/4733
f 2992/5862/4733 3095/5864/4735 3063/5863/4734
f 3063/5863/4734 3095/5864/4735 3065/5817/329
f 3096/5865/4736 3095/5864/4735 3056/5866/4737
f 3056/5866/4737 3043/5867/4738 2948/5868/4739
f 2948/5868/4739 3096/5865/4736 3056/5866/4737
f 3065/5817/329 3096/5865/4736 2948/5868/4739
f 3043/5867/4738 2993/5869/4740 2948/5868/4739
f 2907/5870/4741 2948/5868/4739 2993/5869/4740
f 2993/5869/4740 3031/5871/4742 2907/5870/4741
f 3097/5872/4743 2907/5870/4741 3031/5871/4742
f 2907/5870/4741 3097/5872/4744 3065/5817/329
f 3031/5871/4742 3098/5873/4745 3097/5872/4743
f 3097/5872/4744 3098/5873/4746 3065/5817/329
f 3098/5873/4746 3045/5874/4747 3109/5875/4748
f 3045/5874/4747 2994/5876/4749 3109/5875/4748
f 2908/5877/4750 3109/5875/4748 2994/5876/4749
f 2994/5876/4749 3032/5878/4751 2908/5877/4750
f 3099/5879/4752 2908/5877/4750 3032/5878/4751
f 2908/5877/4750 3099/5879/4753 3065/5817/329
f 3032/5878/4751 3100/5880/4754 3099/5879/4752
f 3099/5879/4753 3100/5880/4755 3065/5817/329
f 3100/5880/4755 3033/5881/4756 3110/5882/4757
f 3033/5881/4756 2995/5883/4758 3110/5882/4757
f 2949/5884/4759 3110/5882/4757 2995/5883/4758
f 2995/5883/4758 3101/5885/4760 2949/5884/4759
f 2949/5884/4759 3101/5885/4760 3065/5817/329
f 3102/5886/4761 3034/5887/4762 2950/5888/4763
f 3065/5817/329 3102/5886/4761 2950/5888/4763
f 3034/5887/4762 2996/5889/4764 2950/5888/4763
f 2951/5890/4765 2950/5888/4763 2996/5889/4764
f 2996/5889/4764 3058/5891/4766 2951/5890/4765
f 2952/5892/4767 2951/5890/4765 3058/5891/4766
f 2951/5890/4765 2952/5892/4768 3065/5817/329
f 3058/5891/4766 2909/5893/4769 2952/5892/4767
f 2952/5892/4768 2909/5893/4770 3065/5817/329
f 2909/5893/4770 3022/5812/4676 2939/5814/4678
f 2910/5720/4581 2902/5721/4582 3064/5724/2919
f 2911/5723/4584 3066/5726/484 3064/5724/2919
f 3067/5732/4592 3068/5734/4594 2912/5728/4588
f 2913/5736/4596 2914/5738/4598 3064/5724/2919
f 2915/5740/4600 3069/5742/4602 3064/5724/2919
f 2916/5744/4604 2904/5746/4606 3064/5724/2919
f 2918/5752/4612 2919/5754/4614 3064/5724/2919
f 2920/5756/4616 3071/5758/484 3064/5724/2919
f 2921/5760/4620 2922/5762/4622 3064/5724/2919
f 3072/5764/4624 3073/5766/4626 3064/5724/2919
f 2923/5768/4628 2924/5770/4630 3064/5724/2919
f 2925/5772/4633 3074/5773/4635 3064/5724/2919
f 2928/5779/4641 3075/5781/484 2926/5775/4637
f 2929/5783/4645 2930/5785/4647 3064/5724/2919
f 3076/5787/4650 3077/5788/4652 3064/5724/2919
f 2931/5790/4654 2932/5792/4656 3064/5724/2919
f 2933/5794/4658 3078/5796/484 3064/5724/2919
f 2934/5798/4662 2935/5800/4664 3064/5724/2919
f 3064/5724/2919 3079/5803/4667 2937/5805/4669
f 3080/5809/4673 3081/5811/4675 2937/5805/4669
f 2939/5814/4678 2940/5815/4679 3065/5817/329
f 3104/5820/4683 3065/5817/329 3083/5818/4681
f 3104/5820/4683 2941/5822/4685 3065/5817/329
f 2942/5824/4687 3084/5826/4689 3065/5817/329
f 2943/5828/4691 2944/5830/4693 3065/5817/329
f 3105/5835/4700 3065/5817/329 3086/5833/4698
f 3105/5835/4700 2905/5837/4702 3065/5817/329
f 3087/5839/4705 3088/5840/4707 3065/5817/329
f 3088/5840/4707 3106/5842/4709 3065/5817/329
f 3106/5842/4709 2906/5844/4711 3065/5817/329
f 3089/5845/4712 3090/5846/4713 3065/5817/329
f 3091/5851/4720 3092/5852/4721 2945/5848/4715
f 3092/5852/4721 3107/5854/4723 3065/5817/329
f 3107/5854/4723 2947/5856/4725 3065/5817/329
f 3108/5861/4732 3065/5817/329 3094/5859/4730
f 3108/5861/4732 3063/5863/4734 3065/5817/329
f 3095/5864/4735 3096/5865/4736 3065/5817/329
f 2948/5868/4739 2907/5870/4741 3065/5817/329
f 3098/5873/4746 3109/5875/4748 3065/5817/329
f 3109/5875/4748 2908/5877/4750 3065/5817/329
f 3110/5882/4757 3065/5817/329 3100/5880/4755
f 3110/5882/4757 2949/5884/4759 3065/5817/329
f 3101/5885/4760 3102/5886/4761 3065/5817/329
f 2950/5888/4763 2951/5890/4765 3065/5817/329
f 3064/5724/2919 2912/5728/4588 3068/5734/4594
f 3064/5724/2919 2917/5748/4608 3070/5750/4610
f 3064/5724/2919 2926/5775/4637 3075/5781/484
f 3064/5724/2919 2937/5805/4669 3081/5811/4675
f 2939/5814/4678 3065/5817/329 2909/5893/4770
f 3065/5817/329 2945/5848/4715 3092/5852/4721
f 2973/5894/4771 2961/5581/4390 3119/5579/4388
f 2961/5581/4390 2973/5894/4771 3000/5895/4772
f 2891/5580/4389 2986/5896/4773 3035/5578/4387
f 3001/5897/4774 3036/5584/4393 2953/5583/4392
f 2953/5583/4392 2974/5898/4775 3001/5897/4774
f 2892/5582/4391 2985/5585/4394 3022/5899/4776
f 2975/5900/4777 2962/5588/4397 2890/5587/4396
f 2962/5588/4397 2975/5900/4777 3003/5901/4778
f 3120/5589/4398 2987/5902/4779 3037/5586/4395
f 2976/5903/4780 3038/5593/4402 3121/5591/4400
f 3038/5593/4402 2976/5903/4780 3005/5904/4781
f 2893/5592/4401 2988/5905/4782 3026/5590/4399
f 3007/5906/4783 3039/5597/4406 2954/5594/4403
f 2954/5594/4403 2977/5907/4784 3007/5906/4783
f 2894/5595/4404 2989/5908/4785 3027/5596/4405
f 3009/5909/4786 2963/5600/4409 2955/5599/4408
f 2955/5599/4408 2978/5910/4787 3009/5909/4786
f 2895/5598/4407 2990/5601/4410 3028/5911/4788
f 3011/5912/4789 3040/5605/4414 2956/5602/4411
f 2956/5602/4411 2979/5913/4790 3011/5912/4789
f 3122/5603/4412 2991/5914/4791 3041/5604/4413
f 3013/5915/4792 2964/5609/4418 2957/5607/4416
f 2957/5607/4416 2980/5916/4793 3013/5915/4792
f 3112/5608/4417 2992/5917/4794 3030/5606/4415
f 3015/5918/4795 3042/5613/4422 2958/5610/4419
f 2958/5610/4419 2981/5919/4796 3015/5918/4795
f 2896/5611/4420 2993/5920/4797 3043/5612/4421
f 3017/5921/4798 3044/5617/4426 2959/5615/4424
f 2959/5615/4424 2982/5922/4799 3017/5921/4798
f 2897/5616/4425 2994/5923/4800 3045/5614/4423
f 2983/5924/4801 2965/5618/4427 3123/5620/4429
f 2965/5618/4427 2983/5924/4801 3019/5925/4802
f 2898/5619/4428 2995/5621/4430 3033/5926/4803
f 3021/5927/4804 2966/5625/4434 2960/5622/4431
f 2960/5622/4431 2984/5928/4805 3021/5927/4804
f 2899/5623/4432 2996/5929/4806 3034/5624/4433
f 3048/5930/4807 2967/5627/4438 2961/5581/4436
f 2961/5581/4436 3000/5895/4808 3048/5930/4807
f 2986/5896/4809 2891/5580/4435 3114/5626/4437
f 3114/5626/4437 3023/5931/4810 2986/5896/4809
f 2997/5630/4441 3035/5629/4440 3083/5932/4811
f 2999/5933/4812 3119/5628/4439 2889/5631/4442
f 3119/5628/4439 2999/5933/4812 2973/5934/4813
f 3036/5632/4443 3001/5935/4814 3049/5635/4446
f 3057/5633/4444 3082/5936/4815 2985/5634/4445
f 3022/5899/4816 2998/5636/4449 2892/5582/4448
f 2998/5636/4449 3022/5899/4816 2909/5937/4817
f 2953/5583/4447 3111/5637/4450 2974/5898/4818
f 3079/5938/4819 3103/5639/4454 2962/5588/4452
f 2962/5588/4452 3003/5901/4820 3079/5938/4819
f 2987/5902/4821 3120/5589/4451 3024/5638/4453
f 3124/5642/4457 3037/5641/4456 3055/5939/4822
f 2890/5640/4455 3002/5643/4458 2975/5940/4823
f 3038/5644/4459 3005/5941/4824 3047/5647/4462
f 2988/5942/4825 2893/5646/4461 3025/5645/4460
f 3125/5648/4465 3026/5590/4464 3086/5943/4826
f 3004/5944/4827 3121/5591/4463 3059/5649/4466
f 3121/5591/4463 3004/5944/4827 2976/5903/4828
f 3077/5945/4829 2968/5651/4470 3039/5597/4467
f 3039/5597/4467 3007/5906/4830 3077/5945/4829
f 2989/5908/4831 2894/5595/4469 3115/5650/4468
f 3115/5650/4468 3089/5946/4832 2989/5908/4831
f 3126/5654/4473 3027/5653/4472 3088/5947/4833
f 3006/5948/4834 2954/5652/4471 3060/5655/4474
f 2954/5652/4471 3006/5948/4834 2977/5949/4835
f 2963/5600/4476 3009/5909/4836 3046/5657/4478
f 3116/5950/4477 3091/5951/4837 2990/5952/4475
f 3028/5953/4838 3127/5660/4481 2895/5659/4480
f 3127/5660/4481 3028/5953/4838 3090/5954/4839
f 2955/5658/4479 3008/5661/4482 2978/5955/4840
f 3074/5956/4841 2969/5665/4486 3040/5663/4484
f 3040/5663/4484 3011/5957/4842 3074/5956/4841
f 2991/5958/4843 3122/5662/4483 3029/5664/4485
f 3128/5666/4489 3041/5604/4488 3092/5959/4844
f 3010/5960/4845 2956/5602/4487 3061/5667/4490
f 2956/5602/4487 3010/5960/4845 2979/5913/4846
f 3054/5961/4847 2970/5669/4494 2964/5609/4492
f 2964/5609/4492 3013/5915/4848 3054/5961/4847
f 2992/5917/4849 3112/5608/4491 3117/5668/4493
f 3117/5668/4493 3095/5962/4850 2992/5917/4849
f 2900/5672/4497 3030/5671/4496 3094/5963/4851
f 2957/5670/4495 3012/5673/4498 2980/5964/4852
f 3042/5613/4499 3015/5918/4853 3053/5965/4502
f 2993/5920/4854 2896/5611/4501 3031/5674/4500
f 3129/5680/4505 3043/5679/4504 3056/5966/4855
f 2958/5678/4503 3014/5681/4506 2981/5967/4856
f 3052/5968/4857 2971/5685/4510 3044/5682/4507
f 3044/5682/4507 3017/5969/4858 3052/5968/4857
f 2994/5970/4859 2897/5684/4509 3032/5683/4508
f 3130/5686/4513 3045/5614/4512 3098/5971/4860
f 3016/5972/4861 2959/5615/4511 3062/5687/4514
f 2959/5615/4511 3016/5972/4861 2982/5922/4862
f 3051/5973/4863 2972/5689/4518 2965/5618/4515
f 2965/5618/4515 3019/5925/4864 3051/5973/4863
f 3118/5688/4516 3101/5974/4865 2995/5621/4517
f 3033/5975/4866 2901/5692/4521 2898/5691/4520
f 2901/5692/4521 3033/5975/4866 3100/5976/4867
f 3123/5690/4519 3018/5693/4522 2983/5977/4868
f 3050/5978/4869 3113/5695/4526 2966/5625/4524
f 2966/5625/4524 3021/5927/4870 3050/5978/4869
f 2996/5929/4871 2899/5623/4523 3058/5694/4525
f 3131/5698/4529 3034/5697/4528 3102/5979/4872
f 2960/5696/4527 3020/5699/4530 2984/5980/4873
f 2967/5627/4534 3048/5930/4874 3002/5700/4531
f 3055/5981/4875 3114/5626/4533 3124/5701/4532
f 3114/5626/4533 3055/5981/4875 3023/5931/4876
f 3083/5932/4877 3057/5702/4537 2997/5630/4536
f 3057/5702/4537 3083/5932/4877 3082/5982/4878
f 2889/5631/4535 3049/5703/4538 2999/5933/4879
f 2998/5636/4539 2909/5937/4880 3058/5694/4542
f 3113/5695/4540 3050/5978/4881 3111/5637/4541
f 3079/5938/4882 3059/5649/4545 3103/5639/4544
f 3059/5649/4545 3079/5938/4882 3004/5944/4883
f 3125/5648/4546 3086/5943/4884 3024/5638/4543
f 3060/5655/4549 3047/5705/4548 3006/5948/4885
f 3126/5654/4550 3088/5947/4886 3025/5704/4547
f 2968/5651/4554 3077/5945/4887 3008/5706/4551
f 3090/5983/4888 3115/5650/4553 3127/5707/4552
f 3115/5650/4553 3090/5983/4888 3089/5946/4889
f 3061/5667/4557 3046/5657/4556 3010/5960/4890
f 3091/5984/4891 3116/5656/4555 3128/5666/4558
f 3128/5666/4558 3092/5959/4892 3091/5984/4891
f 2969/5708/4559 3074/5985/4893 3012/5673/4562
f 2900/5672/4560 3094/5963/4894 3029/5709/4561
f 2970/5669/4566 3054/5961/4895 3014/5710/4563
f 3056/5986/4896 3117/5668/4565 3129/5711/4564
f 3117/5668/4565 3056/5986/4896 3095/5962/4897
f 3062/5687/4569 3053/5713/4568 3016/5972/4898
f 3130/5686/4570 3098/5971/4899 3031/5712/4567
f 2971/5714/4571 3052/5987/4900 3018/5693/4574
f 2901/5692/4572 3100/5976/4901 3032/5715/4573
f 2972/5689/4578 3051/5973/4902 3020/5716/4575
f 3102/5988/4903 3118/5688/4577 3131/5717/4576
f 3118/5688/4577 3102/5988/4903 3101/5974/4904
f 3145/5989/4905 3133/5990/4905 3132/5991/4906
f 3132/5991/4906 3144/5992/4907 3145/5989/4905
f 3146/5993/4908 3134/5994/4909 3133/5990/4910
f 3133/5990/4910 3145/5989/4910 3146/5993/4908
f 3147/5995/4911 3135/5996/4911 3134/5997/4909
f 3134/5997/4909 3146/5998/4908 3147/5995/4911
f 3148/5999/4912 3136/6000/4913 3135/5996/4914
f 3135/5996/4914 3147/5995/4914 3148/5999/4912
f 3149/6001/4915 3137/6002/4915 3136/6003/4913
f 3136/6003/4913 3148/6004/4912 3149/6001/4915
f 3150/6005/4916 3138/6006/4917 3137/6002/4918
f 3137/6002/4918 3149/6001/4918 3150/6005/4916
f 3151/6007/4919 3139/6008/4920 3138/6006/4917
f 3138/6006/4917 3150/6005/4916 3151/6007/4919
f 3152/6009/4921 3140/6010/4921 3139/6011/4920
f 3139/6011/4920 3151/6012/4919 3152/6009/4921
f 3153/6013/4922 3141/6014/4923 3140/6010/4924
f 3140/6010/4924 3152/6009/4924 3153/6013/4922
f 3154/6015/4925 3142/6016/4925 3141/6014/4923
f 3141/6014/4923 3153/6013/4922 3154/6015/4925
f 3155/6017/4926 3143/6018/4927 3142/6016/4928
f 3142/6016/4928 3154/6015/4929 3155/6017/4926
f 3144/5992/4907 3132/5991/4906 3143/6019/4927
f 3143/6019/4927 3155/6020/4926 3144/5992/4907
f 3142/6021/484 3143/6022/272 3132/6023/484
f 3141/6024/484 3142/6021/484 3132/6023/484
f 3140/6025/484 3141/6024/484 3132/6023/484
f 3139/6026/484 3140/6025/484 3132/6023/484
f 3138/6027/484 3139/6026/484 3132/6023/484
f 3137/6028/484 3138/6027/484 3132/6023/484
f 3136/6029/484 3137/6028/484 3132/6023/484
f 3135/6030/484 3136/6029/484 3132/6023/484
f 3134/6031/272 3135/6030/484 3132/6023/484
f 3133/6032/484 3134/6031/272 3132/6023/484
f 3146/6033/153 3145/6034/26 3144/6035/153
f 3147/6036/153 3146/6033/153 3144/6035/153
f 3144/6035/153 3154/6037/153 3153/6038/153
f 3144/6035/153 3153/6038/153 3152/6039/153
f 3144/6035/153 3152/6039/153 3151/6040/153
f 3144/6035/153 3151/6040/153 3150/6041/153
f 3144/6035/153 3150/6041/153 3149/6042/153
f 3144/6035/153 3149/6042/153 3148/6043/153
f 3147/6036/153 3144/6035/153 3148/6043/153
f 3155/6044/153 3154/6037/153 3144/6035/153
f 3228/6045/4930 3158/6046/4931 3302/6047/4932
f 3158/6046/4931 3228/6045/4930 3238/6048/4933
f 3159/6049/4934 3229/6050/4935 3303/6051/4936
f 3303/6051/4936 3259/6052/4937 3159/6049/4934
f 3230/6053/4938 3160/6054/4939 3305/6055/4940
f 3160/6054/4939 3230/6053/4938 3304/6056/4941
f 3295/6057/4942 3388/6058/4400 3161/6059/4943
f 3239/6060/4944 3161/6059/4943 3388/6058/4400
f 3296/6061/4945 3231/6062/4946 3162/6063/4947
f 3162/6063/4947 3231/6062/4946 3240/6064/4406
f 3163/6065/4948 3232/6066/4949 3306/6067/4950
f 3306/6067/4950 3264/6068/4951 3163/6065/4948
f 3233/6069/4952 3164/6070/4953 3308/6071/4413
f 3164/6070/4953 3233/6069/4952 3307/6072/4954
f 3234/6073/4955 3165/6074/4956 3310/6075/4957
f 3165/6074/4956 3234/6073/4955 3309/6076/4418
f 3235/6077/4419 3166/6078/4958 3311/6079/4959
f 3166/6078/4958 3235/6077/4419 3241/6080/4960
f 3312/6081/4961 3236/6082/4962 3167/6083/4963
f 3167/6083/4963 3236/6082/4962 3242/6084/4426
f 3243/6085/4964 3168/6086/4965 3390/6087/4966
f 3243/6085/4964 3389/6088/4967 3168/6086/4965
f 3314/6089/4968 3237/6090/4969 3169/6091/4970
f 3169/6091/4970 3237/6090/4969 3313/6092/4971
f 3158/6046/4972 3238/6048/4973 3381/6093/4974
f 3381/6093/4974 3238/6048/4973 3320/6094/4975
f 3228/6095/4976 3302/6096/4977 3271/6097/4978
f 3271/6097/4978 3379/6098/4979 3228/6095/4976
f 3303/6099/4980 3331/6100/4981 3259/6101/4982
f 3331/6100/4981 3303/6099/4980 3380/6102/4983
f 3229/6050/4984 3159/6049/4985 3272/6103/4986
f 3272/6103/4986 3157/6104/4987 3229/6050/4984
f 3304/6056/4988 3382/6105/4989 3160/6054/4990
f 3382/6105/4989 3304/6056/4988 3319/6106/4991
f 3230/6107/4992 3305/6108/4993 3391/6109/4994
f 3391/6109/4994 3330/6110/4995 3230/6107/4992
f 3239/6111/4996 3383/6112/4997 3161/6113/4998
f 3383/6112/4997 3239/6111/4996 3318/6114/4999
f 3388/6058/4463 3295/6057/5000 3392/6115/5001
f 3392/6115/5001 3333/6116/4466 3388/6058/4463
f 3240/6064/5002 3384/6117/5003 3162/6063/5004
f 3384/6117/5003 3240/6064/5002 3244/6118/5005
f 3231/6119/5006 3296/6120/5007 3393/6121/5008
f 3393/6121/5008 3334/6122/5009 3231/6119/5006
f 3306/6067/5010 3297/6123/5011 3264/6068/5012
f 3297/6123/5011 3306/6067/5010 3245/6124/5013
f 3232/6125/5014 3163/6126/5015 3394/6127/5016
f 3394/6127/5016 3280/6128/5017 3232/6125/5014
f 3307/6129/5018 3385/6130/5019 3164/6131/5020
f 3385/6130/5019 3307/6129/5018 3246/6132/5021
f 3233/6069/5022 3308/6071/5023 3395/6133/5024
f 3395/6133/5024 3282/6134/5025 3233/6069/5022
f 3165/6074/5026 3309/6076/5027 3299/6135/5028
f 3299/6135/5028 3309/6076/5027 3324/6136/5029
f 3234/6137/5030 3310/6138/5031 3396/6139/5032
f 3396/6139/5032 3284/6140/5033 3234/6137/5030
f 3241/6080/4499 3300/6141/4500 3166/6078/5034
f 3300/6142/4500 3241/6143/4499 3323/6144/5035
f 3235/6145/5036 3311/6146/5037 3397/6147/5038
f 3397/6147/5038 3335/6148/5039 3235/6145/5036
f 3242/6149/5040 3386/6150/5041 3167/6151/5042
f 3386/6150/5041 3242/6149/5040 3322/6152/5043
f 3236/6082/5044 3312/6081/5045 3398/6153/5046
f 3398/6153/5046 3336/6154/5047 3236/6082/5044
f 3243/6085/5048 3387/6155/5049 3389/6088/5050
f 3387/6155/5049 3243/6085/5048 3375/6156/5051
f 3390/6157/5052 3168/6158/4520 3399/6159/5053
f 3399/6159/5053 3337/6160/5054 3390/6157/5052
f 3169/6091/5055 3313/6092/5056 3332/6161/5057
f 3332/6161/5057 3313/6092/5056 3321/6162/5058
f 3237/6163/5059 3314/6164/5060 3400/6165/5061
f 3400/6165/5061 3338/6166/5062 3237/6163/5059
f 3381/6093/5063 3320/6094/5064 3330/6167/5065
f 3330/6167/5065 3391/6168/5066 3381/6093/5063
f 3271/6097/5067 3380/6169/5068 3379/6098/5069
f 3380/6169/5068 3271/6097/5067 3331/6170/5070
f 3332/6161/5071 3321/6162/5072 3157/6104/5073
f 3157/6104/5073 3272/6103/5074 3332/6161/5071
f 3382/6105/5075 3319/6106/5076 3333/6116/5077
f 3333/6116/5077 3392/6115/5078 3382/6105/5075
f 3383/6171/5079 3318/6172/5080 3334/6122/5081
f 3334/6122/5081 3393/6121/5082 3383/6171/5079
f 3244/6118/5083 3394/6173/5084 3384/6117/5085
f 3394/6173/5084 3244/6118/5083 3280/6174/5086
f 3245/6124/5087 3395/6133/5088 3297/6123/5089
f 3395/6133/5088 3245/6124/5087 3282/6134/5090
f 3246/6175/5091 3396/6139/5092 3385/6176/5093
f 3396/6139/5092 3246/6175/5091 3284/6140/5094
f 3299/6135/5095 3324/6136/5096 3335/6177/5097
f 3335/6177/5097 3397/6178/5098 3299/6135/5095
f 3300/6179/5099 3323/6180/5100 3336/6154/5101
f 3336/6154/5101 3398/6153/5102 3300/6179/5099
f 3386/6181/5103 3322/6182/5104 3337/6160/5105
f 3337/6160/5105 3399/6159/5106 3386/6181/5103
f 3387/6155/5107 3375/6156/5108 3338/6183/5109
f 3338/6183/5109 3400/6184/5110 3387/6155/5107
f 3374/6185/5111 3186/6186/5112 3187/6187/5113
f 3197/6188/5114 3355/6189/5115 3374/6185/5111
f 3374/6185/5111 3204/6190/5116 3205/6191/5117
f 3340/6192/331 3206/6193/5118 3207/6194/153
f 3209/6195/5119 3210/6196/5120 3340/6192/331
f 3340/6192/331 3376/6197/5121 3209/6195/5119
f 3210/6196/5120 3342/6198/5122 3340/6192/331
f 3342/6198/5122 3211/6199/5123 3340/6192/331
f 3340/6192/331 3211/6199/5123 3212/6200/5124
f 3218/6201/5125 3365/6202/5126 3340/6192/331
f 3365/6202/5126 3219/6203/5127 3340/6192/331
f 3340/6192/331 3220/6204/5128 3367/6205/5129
f 3340/6192/331 3378/6206/5130 3223/6207/5131
f 3340/6192/331 3341/6208/5132 3372/6209/5133
f 3273/6210/5134 3247/6211/5135 3180/6212/5136
f 3172/6213/5137 3180/6212/5136 3247/6211/5135
f 3247/6211/5135 3379/6214/5138 3172/6213/5137
f 3181/6215/5139 3172/6213/5137 3379/6214/5138
f 3172/6213/5137 3181/6215/5140 3374/6185/5111
f 3379/6214/5138 3343/6216/5141 3181/6215/5139
f 3343/6216/5142 3274/6217/5143 3182/6218/5144
f 3343/6216/5142 3182/6218/5144 3374/6185/5111
f 3274/6217/5143 3248/6219/5145 3182/6218/5144
f 3173/6220/5146 3182/6218/5144 3248/6219/5145
f 3248/6219/5145 3344/6221/5147 3173/6220/5146
f 3173/6220/5146 3344/6221/5147 3374/6185/5111
f 3345/6222/5148 3344/6221/5149 3321/6223/5150
f 3321/6223/5150 3291/6224/5151 3183/6225/5152
f 3183/6225/5152 3345/6222/5148 3321/6223/5150
f 3345/6222/5153 3183/6225/5152 3374/6185/5111
f 3291/6224/5151 3258/6226/5154 3183/6225/5152
f 3184/6227/5155 3183/6225/5152 3258/6226/5154
f 3258/6226/5154 3290/6228/5156 3184/6227/5155
f 3185/6229/5157 3184/6227/5155 3290/6228/5156
f 3184/6227/5155 3185/6229/5157 3374/6185/5111
f 3290/6228/5156 3346/6230/5158 3185/6229/5157
f 3185/6229/5157 3346/6230/5158 3374/6185/5111
f 3346/6230/5158 3289/6231/5159 3186/6186/5112
f 3289/6231/5159 3257/6232/5160 3186/6186/5112
f 3187/6187/5113 3186/6186/5112 3257/6232/5160
f 3257/6232/5160 3347/6233/5161 3187/6187/5113
f 3187/6187/5113 3347/6233/5161 3374/6185/5111
f 3348/6234/5162 3347/6233/5163 3322/6235/5164
f 3322/6235/5164 3288/6236/5165 3188/6237/5166
f 3188/6237/5166 3348/6234/5162 3322/6235/5164
f 3374/6185/5111 3348/6234/5167 3188/6237/5166
f 3288/6236/5165 3256/6238/5168 3188/6237/5166
f 3189/6239/5169 3188/6237/5166 3256/6238/5168
f 3256/6238/5168 3349/6240/5170 3189/6239/5169
f 3189/6239/5169 3349/6240/5170 3374/6185/5111
f 3350/6241/5171 3349/6240/5172 3323/6242/5173
f 3323/6242/5173 3287/6243/5174 3190/6244/5175
f 3190/6244/5175 3350/6241/5171 3323/6242/5173
f 3374/6185/5111 3350/6241/5176 3190/6244/5175
f 3287/6243/5174 3255/6245/5177 3190/6244/5175
f 3174/6246/5178 3190/6244/5175 3255/6245/5177
f 3255/6245/5177 3286/6247/5179 3174/6246/5178
f 3191/6248/5180 3174/6246/5178 3286/6247/5179
f 3174/6246/5178 3191/6248/5180 3374/6185/5111
f 3286/6247/5179 3324/6249/5181 3191/6248/5180
f 3351/6250/5182 3191/6248/5180 3324/6249/5181
f 3324/6249/5181 3285/6251/5183 3192/6252/5184
f 3192/6252/5184 3351/6250/5182 3324/6249/5181
f 3374/6185/5111 3351/6250/484 3192/6252/5184
f 3285/6251/5183 3254/6253/5185 3192/6252/5184
f 3339/6254/5186 3192/6252/5184 3254/6253/5185
f 3254/6253/5185 3284/6255/5187 3339/6254/5186
f 3352/6256/5188 3339/6254/5186 3284/6255/5187
f 3339/6254/5186 3352/6256/5188 3374/6185/5111
f 3284/6255/5187 3315/6257/5189 3352/6256/5188
f 3353/6258/5190 3352/6256/5188 3315/6257/5189
f 3315/6257/5189 3283/6259/5191 3193/6260/5192
f 3193/6260/5192 3353/6258/5190 3315/6257/5189
f 3374/6185/5111 3353/6258/5190 3193/6260/5192
f 3283/6259/5191 3253/6261/5193 3193/6260/5192
f 3194/6262/5194 3193/6260/5192 3253/6261/5193
f 3253/6261/5193 3282/6263/5195 3194/6262/5194
f 3195/6264/5196 3194/6262/5194 3282/6263/5195
f 3194/6262/5194 3195/6264/5196 3374/6185/5111
f 3282/6263/5195 3316/6265/5197 3195/6264/5196
f 3354/6266/5198 3195/6264/5196 3316/6265/5197
f 3316/6265/5197 3281/6267/5199 3196/6268/5200
f 3196/6268/5200 3354/6266/5198 3316/6265/5197
f 3374/6185/5111 3354/6266/5198 3196/6268/5200
f 3281/6267/5199 3252/6269/5201 3196/6268/5200
f 3175/6270/5202 3196/6268/5200 3252/6269/5201
f 3252/6269/5201 3280/6271/5203 3175/6270/5202
f 3197/6188/5114 3175/6270/5202 3280/6271/5203
f 3175/6270/5202 3197/6188/5114 3374/6185/5111
f 3280/6271/5203 3317/6272/5204 3197/6188/5114
f 3355/6189/5115 3197/6188/5114 3317/6272/5204
f 3317/6272/5204 3279/6273/5205 3198/6274/5206
f 3198/6274/5206 3355/6189/5115 3317/6272/5204
f 3279/6273/5205 3251/6275/5207 3198/6274/5206
f 3199/6276/5208 3198/6274/5206 3251/6275/5207
f 3251/6275/5207 3278/6277/5209 3199/6276/5208
f 3200/6278/5210 3199/6276/5208 3278/6277/5209
f 3199/6276/5208 3200/6278/5210 3374/6185/5111
f 3278/6277/5209 3318/6279/5211 3200/6278/5210
f 3356/6280/5212 3200/6278/5210 3318/6279/5211
f 3318/6279/5211 3277/6281/4661 3201/6282/5213
f 3201/6282/5213 3356/6280/5212 3318/6279/5211
f 3277/6281/4661 3250/6283/5214 3201/6282/5213
f 3202/6284/5215 3201/6282/5213 3250/6283/5214
f 3250/6283/5214 3276/6285/5216 3202/6284/5215
f 3203/6286/5217 3202/6284/5215 3276/6285/5216
f 3202/6284/5215 3203/6286/5217 3201/6282/5213
f 3276/6285/5216 3319/6287/5218 3203/6286/5217
f 3357/6288/5219 3203/6286/5217 3319/6287/5218
f 3319/6287/5218 3275/6289/5220 3204/6190/5116
f 3204/6190/5116 3357/6288/5219 3319/6287/5218
f 3374/6185/5111 3357/6288/484 3204/6190/5116
f 3275/6289/5220 3249/6290/5221 3204/6190/5116
f 3205/6191/5117 3204/6190/5116 3249/6290/5221
f 3249/6290/5221 3358/6291/5222 3205/6191/5117
f 3205/6191/5117 3358/6291/5222 3374/6185/5111
f 3359/6292/5223 3358/6291/5224 3320/6293/5225
f 3320/6293/5225 3273/6210/5134 3180/6212/5136
f 3180/6212/5136 3359/6292/5223 3320/6293/5225
f 3359/6292/5226 3180/6212/5136 3374/6185/5111
f 3292/6294/5227 3259/6295/5228 3206/6193/5118
f 3207/6194/5229 3206/6193/5118 3259/6295/5228
f 3259/6295/5228 3331/6296/5230 3207/6194/5229
f 3208/6297/5231 3207/6194/5229 3331/6296/5230
f 3207/6194/153 3208/6297/5232 3340/6192/331
f 3331/6296/5230 3360/6298/5233 3208/6297/5231
f 3360/6298/5234 3294/6299/5235 3376/6197/5121
f 3294/6299/5235 3260/6300/5236 3376/6197/5121
f 3209/6195/5119 3376/6197/5121 3260/6300/5236
f 3260/6300/5236 3293/6301/5237 3209/6195/5119
f 3210/6196/5120 3209/6195/5119 3293/6301/5237
f 3293/6301/5237 3327/6302/4688 3210/6196/5120
f 3342/6198/5122 3210/6196/5120 3327/6302/4688
f 3327/6302/4688 3305/6303/5238 3211/6199/5123
f 3211/6199/5123 3342/6198/5122 3327/6302/4688
f 3305/6303/5238 3261/6304/5239 3211/6199/5123
f 3212/6200/5124 3211/6199/5123 3261/6304/5239
f 3261/6304/5239 3361/6305/5240 3212/6200/5124
f 3212/6200/5124 3361/6305/5240 3340/6192/331
f 3362/6306/5241 3295/6307/5242 3213/6308/5243
f 3295/6307/5242 3262/6309/5244 3213/6308/5243
f 3214/6310/5245 3213/6308/5243 3262/6309/5244
f 3262/6309/5244 3215/6311/5246 3214/6310/5245
f 3214/6310/5245 3215/6311/5246 3340/6192/331
f 3363/6312/5247 3296/6313/5248 3377/6314/5249
f 3363/6312/5247 3377/6314/5249 3340/6192/331
f 3296/6313/5248 3263/6315/5250 3377/6314/5249
f 3216/6316/5251 3377/6314/5249 3263/6315/5250
f 3263/6315/5250 3170/6317/5252 3216/6316/5251
f 3216/6316/5251 3170/6317/5252 3340/6192/331
f 3364/6318/5253 3170/6317/5252 3326/6319/5254
f 3364/6318/5253 3340/6192/331 3170/6317/5252
f 3326/6319/5254 3298/6320/5255 3217/6321/5256
f 3217/6321/5256 3364/6318/5253 3326/6319/5254
f 3340/6192/331 3364/6318/5253 3217/6321/5256
f 3298/6320/5255 3264/6322/5257 3217/6321/5256
f 3176/6323/5258 3217/6321/5256 3264/6322/5257
f 3264/6322/5257 3297/6324/5259 3176/6323/5258
f 3218/6201/5125 3176/6323/5258 3297/6324/5259
f 3176/6323/153 3218/6201/5125 3340/6192/331
f 3297/6324/5259 3325/6325/5260 3218/6201/5125
f 3365/6202/5126 3218/6201/5125 3325/6325/5260
f 3325/6325/5260 3308/6326/5261 3219/6203/5127
f 3219/6203/5127 3365/6202/5126 3325/6325/5260
f 3308/6326/5261 3265/6327/5262 3219/6203/5127
f 3177/6328/5263 3219/6203/5127 3265/6327/5262
f 3265/6327/5262 3171/6329/5264 3177/6328/5263
f 3177/6328/5263 3171/6329/5264 3340/6192/331
f 3366/6330/5265 3340/6192/331 3171/6329/5264
f 3366/6330/5265 3310/6331/5266 3220/6204/5128
f 3366/6330/5265 3220/6204/5128 3340/6192/331
f 3310/6331/5266 3266/6332/5267 3220/6204/5128
f 3178/6333/5268 3220/6204/5128 3266/6332/5267
f 3266/6332/5267 3299/6334/5269 3178/6333/5268
f 3367/6205/5129 3178/6333/5268 3299/6334/5269
f 3178/6333/5268 3367/6205/5129 3220/6204/5128
f 3299/6334/5269 3329/6335/5270 3367/6205/5129
f 3156/6336/5271 3367/6205/5129 3329/6335/5270
f 3329/6335/5270 3311/6337/5272 3221/6338/5273
f 3221/6338/5273 3156/6336/5271 3329/6335/5270
f 3311/6337/5272 3267/6339/4740 3221/6338/5273
f 3222/6340/5274 3221/6338/5273 3267/6339/4740
f 3267/6339/4740 3300/6341/5275 3222/6340/5274
f 3368/6342/5276 3222/6340/5274 3300/6341/5275
f 3222/6340/5274 3368/6342/5277 3340/6192/331
f 3300/6341/5275 3369/6343/5278 3368/6342/5276
f 3369/6343/5279 3312/6344/5280 3378/6206/5130
f 3369/6343/5279 3378/6206/5130 3340/6192/331
f 3312/6344/5280 3268/6345/5281 3378/6206/5130
f 3223/6207/5131 3378/6206/5130 3268/6345/5281
f 3268/6345/5281 3370/6346/5282 3223/6207/5131
f 3223/6207/5131 3370/6346/5282 3340/6192/331
f 3371/6347/5283 3301/6348/5284 3341/6208/5132
f 3301/6348/5284 3269/6349/5285 3341/6208/5132
f 3179/6350/5286 3341/6208/5132 3269/6349/5285
f 3269/6349/5285 3224/6351/5287 3179/6350/5286
f 3179/6350/5286 3224/6351/5287 3341/6208/5132
f 3224/6351/5287 3328/6352/5288 3372/6209/5133
f 3328/6352/5288 3314/6353/5289 3225/6354/5290
f 3225/6354/5290 3372/6209/5133 3328/6352/5288
f 3314/6353/5289 3270/6355/5291 3225/6354/5290
f 3226/6356/5292 3225/6354/5290 3270/6355/5291
f 3270/6355/5291 3332/6357/5293 3226/6356/5292
f 3227/6358/5294 3226/6356/5292 3332/6357/5293
f 3226/6356/5292 3227/6358/5294 3340/6192/331
f 3332/6357/5293 3373/6359/5295 3227/6358/5294
f 3227/6358/5294 3373/6359/5295 3340/6192/331
f 3373/6359/5295 3292/6294/5227 3206/6193/5118
f 3180/6212/5136 3172/6213/5137 3374/6185/5111
f 3181/6215/5140 3343/6216/5142 3374/6185/5111
f 3182/6218/5144 3173/6220/5146 3374/6185/5111
f 3344/6221/5147 3345/6222/5153 3374/6185/5111
f 3183/6225/5152 3184/6227/5155 3374/6185/5111
f 3374/6185/5111 3346/6230/5158 3186/6186/5112
f 3347/6233/5161 3348/6234/5167 3374/6185/5111
f 3188/6237/5166 3189/6239/5169 3374/6185/5111
f 3349/6240/5170 3350/6241/5176 3374/6185/5111
f 3190/6244/5175 3174/6246/5178 3374/6185/5111
f 3192/6252/5184 3339/6254/5186 3374/6185/5111
f 3352/6256/5188 3353/6258/5190 3374/6185/5111
f 3193/6260/5192 3194/6262/5194 3374/6185/5111
f 3195/6264/5196 3354/6266/5198 3374/6185/5111
f 3196/6268/5200 3175/6270/5202 3374/6185/5111
f 3355/6189/5115 3198/6274/5206 3374/6185/5111
f 3198/6274/5206 3199/6276/5208 3374/6185/5111
f 3200/6278/5210 3356/6280/484 3374/6185/5111
f 3374/6185/5111 3356/6280/484 3201/6282/5213
f 3203/6286/5217 3357/6288/484 3374/6185/5111
f 3358/6291/5222 3359/6292/5226 3374/6185/5111
f 3208/6297/5232 3360/6298/5234 3340/6192/331
f 3340/6192/331 3360/6298/5234 3376/6197/5121
f 3361/6305/5240 3362/6306/5241 3340/6192/331
f 3340/6192/331 3362/6306/5241 3213/6308/5243
f 3213/6308/5243 3214/6310/5245 3340/6192/331
f 3215/6311/5246 3363/6312/5247 3340/6192/331
f 3377/6314/5249 3216/6316/5251 3340/6192/331
f 3217/6321/5256 3176/6323/153 3340/6192/331
f 3219/6203/5127 3177/6328/5263 3340/6192/331
f 3368/6342/5277 3369/6343/5279 3340/6192/331
f 3370/6346/5282 3371/6347/5283 3340/6192/331
f 3371/6347/5283 3341/6208/5132 3340/6192/331
f 3372/6209/5133 3341/6208/5132 3224/6351/5287
f 3372/6209/5133 3225/6354/5290 3340/6192/331
f 3225/6354/5290 3226/6356/5292 3340/6192/331
f 3340/6192/331 3373/6359/5295 3206/6193/5118
f 3351/6250/484 3374/6185/5111 3191/6248/5180
f 3156/6336/5271 3340/6192/331 3367/6205/5129
f 3340/6192/331 3221/6338/5273 3222/6340/5274
f 3201/6282/5213 3203/6286/5217 3374/6185/5111
f 3221/6338/5273 3340/6192/331 3156/6336/5271
f 3273/6360/5296 3238/6048/4933 3228/6045/4930
f 3228/6045/4930 3247/6361/5297 3273/6360/5296
f 3294/6362/5298 3302/6047/4932 3158/6046/4931
f 3158/6046/4931 3260/6363/5299 3294/6362/5298
f 3274/6364/5300 3303/6051/4936 3229/6050/4935
f 3229/6050/4935 3248/6365/5301 3274/6364/5300
f 3159/6049/4934 3259/6052/4937 3292/6366/5302
f 3275/6367/5303 3304/6056/4941 3230/6053/4938
f 3230/6053/4938 3249/6368/5304 3275/6367/5303
f 3160/6054/4939 3261/6369/5305 3305/6055/4940
f 3250/6370/5306 3239/6060/4944 3388/6058/4400
f 3239/6060/4944 3250/6370/5306 3277/6371/5307
f 3161/6059/4943 3262/6372/5308 3295/6057/4942
f 3279/6373/5309 3240/6064/4406 3231/6062/4946
f 3231/6062/4946 3251/6374/5310 3279/6373/5309
f 3162/6063/4947 3263/6375/5311 3296/6061/4945
f 3281/6376/5312 3306/6067/4950 3232/6066/4949
f 3232/6066/4949 3252/6377/5313 3281/6376/5312
f 3163/6065/4948 3264/6068/4951 3298/6378/5314
f 3283/6379/5315 3307/6072/4954 3233/6069/4952
f 3233/6069/4952 3253/6380/5316 3283/6379/5315
f 3164/6070/4953 3265/6381/5317 3308/6071/4413
f 3285/6382/5318 3309/6076/4418 3234/6073/4955
f 3234/6073/4955 3254/6383/5319 3285/6382/5318
f 3165/6074/4956 3266/6384/5320 3310/6075/4957
f 3287/6385/5321 3241/6080/4960 3235/6077/4419
f 3235/6077/4419 3255/6386/5322 3287/6385/5321
f 3166/6078/4958 3267/6387/5323 3311/6079/4959
f 3288/6388/5324 3242/6084/4426 3236/6082/4962
f 3236/6082/4962 3256/6389/5325 3288/6388/5324
f 3167/6083/4963 3268/6390/5326 3312/6081/4961
f 3257/6391/5327 3243/6085/4964 3390/6087/4966
f 3243/6085/4964 3257/6391/5327 3289/6392/5328
f 3269/6393/5329 3168/6086/4965 3389/6088/4967
f 3168/6086/4965 3269/6393/5329 3301/6394/5330
f 3291/6395/5331 3313/6092/4971 3237/6090/4969
f 3237/6090/4969 3258/6396/5332 3291/6395/5331
f 3169/6091/4970 3270/6397/5333 3314/6089/4968
f 3238/6048/4973 3273/6360/5334 3320/6094/4975
f 3260/6363/5335 3158/6046/4972 3381/6093/4974
f 3381/6093/4974 3293/6398/5336 3260/6363/5335
f 3294/6399/5337 3271/6097/4978 3302/6096/4977
f 3271/6097/4978 3294/6399/5337 3360/6400/5338
f 3228/6095/4976 3379/6098/4979 3247/6401/5339
f 3343/6402/5340 3380/6102/4983 3303/6099/4980
f 3303/6099/4980 3274/6403/5341 3343/6402/5340
f 3292/6366/5342 3272/6103/4986 3159/6049/4985
f 3272/6103/4986 3292/6366/5342 3373/6404/5343
f 3344/6405/5344 3229/6050/4984 3157/6104/4987
f 3229/6050/4984 3344/6405/5344 3248/6365/5345
f 3304/6056/4988 3275/6367/5346 3319/6106/4991
f 3261/6369/5347 3160/6054/4990 3382/6105/4989
f 3382/6105/4989 3361/6406/5348 3261/6369/5347
f 3391/6109/4994 3305/6108/4993 3327/6407/5349
f 3358/6408/5350 3230/6107/4992 3330/6110/4995
f 3230/6107/4992 3358/6408/5350 3249/6409/5351
f 3239/6111/4996 3277/6410/5352 3318/6114/4999
f 3262/6411/5353 3161/6113/4998 3383/6112/4997
f 3383/6112/4997 3215/6412/5354 3262/6411/5353
f 3392/6115/5001 3295/6057/5000 3362/6413/5355
f 3276/6414/4827 3388/6058/4463 3333/6116/4466
f 3388/6058/4463 3276/6414/4827 3250/6370/5356
f 3317/6415/5357 3244/6118/5005 3240/6064/5002
f 3240/6064/5002 3279/6373/5358 3317/6415/5357
f 3263/6375/5359 3162/6063/5004 3384/6117/5003
f 3384/6117/5003 3170/6416/5360 3263/6375/5359
f 3393/6121/5008 3296/6120/5007 3363/6417/5361
f 3278/6418/5362 3231/6119/5006 3334/6122/5009
f 3231/6119/5006 3278/6418/5362 3251/6419/5363
f 3316/6420/5364 3245/6124/5013 3306/6067/5010
f 3306/6067/5010 3281/6376/5365 3316/6420/5364
f 3298/6421/5366 3394/6127/5016 3163/6126/5015
f 3394/6127/5016 3298/6421/5366 3326/6422/5367
f 3232/6125/5014 3280/6128/5017 3252/6423/5368
f 3315/6424/5369 3246/6132/5021 3307/6129/5018
f 3307/6129/5018 3283/6425/5370 3315/6424/5369
f 3265/6426/5371 3164/6131/5020 3385/6130/5019
f 3385/6130/5019 3171/6427/5372 3265/6426/5371
f 3395/6133/5024 3308/6071/5023 3325/6428/5373
f 3233/6069/5022 3282/6134/5025 3253/6380/5374
f 3309/6076/5027 3285/6382/5375 3324/6136/5029
f 3266/6384/5376 3165/6074/5026 3299/6135/5028
f 3396/6139/5032 3310/6138/5031 3366/6429/5377
f 3234/6137/5030 3284/6140/5033 3254/6430/5378
f 3241/6080/4499 3287/6385/5379 3323/6431/5035
f 3267/6387/5380 3166/6078/5034 3300/6141/4500
f 3397/6147/5038 3311/6146/5037 3329/6432/5381
f 3286/6433/5382 3235/6145/5036 3335/6148/5039
f 3235/6145/5036 3286/6433/5382 3255/6434/5383
f 3242/6149/5040 3288/6435/5384 3322/6152/5043
f 3268/6436/5385 3167/6151/5042 3386/6150/5041
f 3386/6150/5041 3370/6437/5386 3268/6436/5385
f 3398/6153/5046 3312/6081/5045 3369/6438/5387
f 3349/6439/5388 3236/6082/5044 3336/6154/5047
f 3236/6082/5044 3349/6439/5388 3256/6389/5389
f 3346/6440/5390 3375/6156/5051 3243/6085/5048
f 3243/6085/5048 3289/6392/5391 3346/6440/5390
f 3269/6393/5392 3389/6088/5050 3387/6155/5049
f 3387/6155/5049 3224/6441/5393 3269/6393/5392
f 3301/6442/5394 3399/6159/5053 3168/6158/4520
f 3399/6159/5053 3301/6442/5394 3371/6443/5395
f 3347/6444/5396 3390/6157/5052 3337/6160/5054
f 3390/6157/5052 3347/6444/5396 3257/6445/5397
f 3313/6092/5056 3291/6395/5398 3321/6162/5058
f 3270/6397/5399 3169/6091/5055 3332/6161/5057
f 3400/6165/5061 3314/6164/5060 3328/6446/5400
f 3290/6447/5401 3237/6163/5059 3338/6166/5062
f 3237/6163/5059 3290/6447/5401 3258/6448/5402
f 3330/6167/5065 3320/6094/5064 3358/6449/5403
f 3327/6450/5404 3381/6093/5063 3391/6168/5066
f 3381/6093/5063 3327/6450/5404 3293/6398/5405
f 3271/6097/5067 3360/6400/5406 3331/6170/5070
f 3380/6169/5068 3343/6451/5407 3379/6098/5069
f 3272/6103/5074 3373/6404/5408 3332/6161/5071
f 3157/6104/5073 3321/6162/5072 3344/6405/5409
f 3333/6116/5077 3319/6106/5076 3276/6414/5410
f 3361/6406/5411 3382/6105/5075 3392/6115/5078
f 3392/6115/5078 3362/6413/5412 3361/6406/5411
f 3334/6122/5081 3318/6172/5080 3278/6418/5413
f 3363/6417/5414 3383/6171/5079 3393/6121/5082
f 3383/6171/5079 3363/6417/5414 3215/6452/5415
f 3244/6118/5083 3317/6415/5416 3280/6174/5086
f 3170/6416/5417 3384/6117/5085 3394/6173/5084
f 3394/6173/5084 3326/6453/5418 3170/6416/5417
f 3245/6124/5087 3316/6420/5419 3282/6134/5090
f 3395/6133/5088 3325/6428/5420 3297/6123/5089
f 3246/6175/5091 3315/6454/5421 3284/6140/5094
f 3171/6455/5422 3385/6176/5093 3396/6139/5092
f 3396/6139/5092 3366/6429/5423 3171/6455/5422
f 3335/6177/5097 3324/6136/5096 3286/6456/5424
f 3397/6178/5098 3329/6457/5425 3299/6135/5095
f 3336/6154/5101 3323/6180/5100 3349/6439/5426
f 3398/6153/5102 3369/6438/5427 3300/6179/5099
f 3337/6160/5105 3322/6182/5104 3347/6444/5428
f 3370/6458/5429 3386/6181/5103 3399/6159/5106
f 3399/6159/5106 3371/6443/5430 3370/6458/5429
f 3346/6440/5431 3338/6183/5109 3375/6156/5108
f 3338/6183/5109 3346/6440/5431 3290/6459/5432
f 3328/6460/5433 3387/6155/5107 3400/6184/5110
f 3387/6155/5107 3328/6460/5433 3224/6441/5434
f 3414/6461/4905 3402/6462/4905 3401/6463/4905
f 3401/6463/4905 3413/6464/4905 3414/6461/4905
f 3415/6465/5435 3403/6466/5436 3402/6462/4910
f 3402/6462/4910 3414/6461/4910 3415/6465/5435
f 3416/6467/5437 3404/6468/5437 3403/6469/5436
f 3403/6469/5436 3415/6470/5435 3416/6467/5437
f 3417/6471/4912 3405/6472/4913 3404/6468/4914
f 3404/6468/4914 3416/6467/5438 3417/6471/4912
f 3418/6473/4915 3406/6474/4915 3405/6475/4913
f 3405/6475/4913 3417/6476/4912 3418/6473/4915
f 3419/6477/4916 3407/6478/4917 3406/6474/4918
f 3406/6474/4918 3418/6473/4918 3419/6477/4916
f 3420/6479/4919 3408/6480/4920 3407/6478/4917
f 3407/6478/4917 3419/6477/4916 3420/6479/4919
f 3421/6481/4921 3409/6482/4921 3408/6483/4920
f 3408/6483/4920 3420/6484/4919 3421/6481/4921
f 3422/6485/4922 3410/6486/4923 3409/6482/4924
f 3409/6482/4924 3421/6481/4924 3422/6485/4922
f 3423/6487/4925 3411/6488/4925 3410/6486/4923
f 3410/6486/4923 3422/6485/4922 3423/6487/4925
f 3424/6489/4926 3412/6490/4927 3411/6488/4928
f 3411/6488/4928 3423/6487/4928 3424/6489/4926
f 3413/6464/5439 3401/6463/5439 3412/6491/4927
f 3412/6491/4927 3424/6492/4926 3413/6464/5439
f 3411/6493/484 3412/6494/484 3401/6495/484
f 3410/6496/484 3411/6493/484 3401/6495/484
f 3409/6497/484 3410/6496/484 3401/6495/484
f 3408/6498/484 3409/6497/484 3401/6495/484
f 3407/6499/484 3408/6498/484 3401/6495/484
f 3406/6500/484 3407/6499/484 3401/6495/484
f 3405/6501/484 3406/6500/484 3401/6495/484
f 3404/6502/484 3405/6501/484 3401/6495/484
f 3403/6503/484 3404/6502/484 3401/6495/484
f 3402/6504/272 3403/6503/484 3401/6495/484
f 3415/6505/153 3414/6506/153 3413/6507/153
f 3416/6508/153 3415/6505/153 3413/6507/153
f 3413/6507/153 3423/6509/153 3422/6510/153
f 3413/6507/153 3422/6510/153 3421/6511/153
f 3413/6507/153 3421/6511/153 3420/6512/153
f 3413/6507/153 3420/6512/153 3419/6513/153
f 3413/6507/153 3419/6513/153 3418/6514/153
f 3413/6507/153 3418/6514/153 3417/6515/153
f 3416/6508/153 3413/6507/153 3417/6515/153
f 3424/6516/153 3423/6509/153 3413/6507/153
f 3445/6517/5440 3435/6518/5441 3446/6519/5442
f 3446/6519/5442 3447/6520/5443 3445/6517/5440
f 3444/6521/5444 3470/6522/5445 3447/6520/5443
f 3447/6520/5443 3446/6519/5442 3444/6521/5444
f 3448/6523/5446 3449/6524/5447 3470/6522/5445
f 3470/6522/5445 3444/6521/5444 3448/6523/5446
f 3425/6525/5448 3436/6526/5449 3449/6527/5447
f 3449/6527/5447 3448/6528/5446 3425/6525/5448
f 3436/6526/5449 3425/6525/5448 3451/6529/5450
f 3450/6530/5451 3451/6529/5450 3425/6525/5448
f 3426/6531/5452 3471/6532/5453 3451/6529/5450
f 3451/6529/5450 3450/6530/5451 3426/6531/5452
f 3471/6532/5453 3426/6531/5452 3452/6533/5454
f 3452/6533/5454 3453/6534/5455 3471/6532/5453
f 3453/6534/5455 3452/6533/5454 3427/6535/5456
f 3427/6535/5456 3437/6536/5457 3453/6534/5455
f 3437/6536/5457 3427/6535/5456 3454/6537/5458
f 3454/6537/5458 3455/6538/5459 3437/6536/5457
f 3428/6539/5460 3438/6540/5461 3455/6541/5459
f 3455/6541/5459 3454/6542/5458 3428/6539/5460
f 3438/6540/5461 3428/6539/5460 3456/6543/5462
f 3456/6543/5462 3457/6544/5463 3438/6540/5461
f 3429/6545/4315 3439/6546/4316 3457/6544/5463
f 3457/6544/5463 3456/6543/5462 3429/6545/4315
f 3439/6546/4316 3429/6545/4315 3459/6547/5464
f 3458/6548/5465 3459/6547/5464 3429/6545/4315
f 3430/6549/5466 3472/6550/5467 3459/6547/5464
f 3459/6547/5464 3458/6548/5465 3430/6549/5466
f 3460/6551/5468 3461/6552/5469 3472/6550/5467
f 3472/6550/5467 3430/6549/5466 3460/6551/5468
f 3431/6553/5470 3440/6554/5471 3461/6555/5469
f 3461/6555/5469 3460/6556/5468 3431/6553/5470
f 3440/6554/5471 3431/6553/5470 3462/6557/5472
f 3462/6557/5472 3463/6558/5473 3440/6554/5471
f 3432/6559/5474 3441/6560/5475 3463/6558/5473
f 3463/6558/5473 3462/6557/5472 3432/6559/5474
f 3441/6560/5475 3432/6559/5474 3464/6561/5476
f 3464/6561/5476 3465/6562/5477 3441/6560/5475
f 3433/6563/5478 3442/6564/5479 3465/6562/5477
f 3465/6562/5477 3464/6561/5476 3433/6563/5478
f 3442/6564/5479 3433/6563/5478 3467/6565/5480
f 3466/6566/5481 3467/6565/5480 3433/6563/5478
f 3467/6567/5480 3466/6568/5481 3434/6569/5482
f 3434/6569/5482 3443/6570/5483 3467/6567/5480
f 3443/6570/5483 3434/6569/5482 3468/6571/5484
f 3468/6571/5484 3469/6572/5485 3443/6570/5483
f 3435/6518/5441 3445/6517/5440 3468/6571/5484
f 3469/6572/5485 3468/6571/5484 3445/6517/5440
f 3425/6573/5486 3444/6574/5487 3435/6575/5488
f 3434/6576/5489 3425/6573/5486 3435/6575/5488
f 3425/6573/5486 3434/6576/5489 3433/6577/5490
f 3432/6578/5491 3425/6573/5486 3433/6577/5490
f 3425/6573/5486 3432/6578/5491 3431/6579/5492
f 3430/6580/5493 3425/6573/5486 3431/6579/5492
f 3425/6573/5486 3430/6580/5493 3429/6581/5494
f 3428/6582/5495 3425/6573/5486 3429/6581/5494
f 3425/6573/5486 3428/6582/5495 3427/6583/5496
f 3426/6584/5497 3425/6573/5486 3427/6583/5496
f 3470/6585/5498 3436/6586/5499 3471/6587/5500
f 3437/6588/5501 3470/6585/5498 3471/6587/5500
f 3470/6585/5498 3437/6588/5501 3438/6589/5502
f 3439/6590/5503 3470/6585/5498 3438/6589/5502
f 3470/6585/5498 3439/6590/5503 3472/6591/5504
f 3440/6592/5505 3470/6585/5498 3472/6591/5504
f 3470/6585/5498 3440/6592/5505 3441/6593/5506
f 3442/6594/5507 3470/6585/5498 3441/6593/5506
f 3470/6585/5498 3442/6594/5507 3443/6595/5508
f 3445/6596/5509 3470/6585/5498 3443/6595/5508
f 3435/6575/5488 3444/6574/5487 3446/6597/5510
f 3434/6576/5489 3435/6575/5488 3468/6598/5511
f 3433/6577/5490 3434/6576/5489 3466/6599/5512
f 3432/6578/5491 3433/6577/5490 3464/6600/5513
f 3431/6579/5492 3432/6578/5491 3462/6601/5514
f 3430/6580/5493 3431/6579/5492 3460/6602/5515
f 3429/6581/5494 3430/6580/5493 3458/6603/5516
f 3428/6582/5495 3429/6581/5494 3456/6604/5517
f 3427/6583/5496 3428/6582/5495 3454/6605/5518
f 3426/6584/5497 3427/6583/5496 3452/6606/5519
f 3425/6573/5486 3426/6584/5497 3450/6607/5520
f 3444/6574/5487 3425/6573/5486 3448/6608/5521
f 3470/6585/5498 3445/6596/5509 3447/6609/5522
f 3436/6586/5499 3470/6585/5498 3449/6610/5523
f 3471/6587/5500 3436/6586/5499 3451/6611/5524
f 3437/6588/5501 3471/6587/5500 3453/6612/5525
f 3438/6589/5502 3437/6588/5501 3455/6613/5526
f 3439/6590/5503 3438/6589/5502 3457/6614/5527
f 3472/6591/5504 3439/6590/5503 3459/6615/5528
f 3440/6592/5505 3472/6591/5504 3461/6616/5529
f 3441/6593/5506 3440/6592/5505 3463/6617/5530
f 3442/6594/5507 3441/6593/5506 3465/6618/5531
f 3443/6595/5508 3442/6594/5507 3467/6619/5532
f 3445/6596/5509 3443/6595/5508 3469/6620/5533
f 3491/5474/4291 3516/5475/4292 3492/5476/4293
f 3492/5476/4293 3493/5477/4294 3491/5474/4291
f 3490/5478/5534 3483/5479/5535 3493/5477/4294
f 3493/5477/4294 3492/5476/4293 3490/5478/5534
f 3483/5479/5535 3490/5478/5534 3495/5480/5536
f 3494/5481/5537 3495/5480/5536 3490/5478/5534
f 3473/5482/4299 3517/5483/4300 3495/5484/5536
f 3495/5484/5536 3494/5485/5537 3473/5482/4299
f 3496/5486/4301 3497/5487/5538 3517/5483/4300
f 3517/5483/4300 3473/5482/4299 3496/5486/4301
f 3474/5488/4303 3484/5489/4304 3497/5487/5538
f 3497/5487/5538 3496/5486/4301 3474/5488/4303
f 3484/5489/4304 3474/5488/4303 3498/5490/4305
f 3498/5490/4305 3499/5491/4306 3484/5489/4304
f 3475/5492/5539 3485/5493/4308 3499/5491/4306
f 3499/5491/4306 3498/5490/4305 3475/5492/5539
f 3485/5493/4308 3475/5492/5539 3501/5494/5540
f 3500/5495/5541 3501/5494/5540 3475/5492/5539
f 3476/5496/4311 3518/5497/4312 3501/5498/5540
f 3501/5498/5540 3500/5499/5541 3476/5496/4311
f 3502/5500/4313 3503/5501/4314 3518/5497/4312
f 3518/5497/4312 3476/5496/4311 3502/5500/4313
f 3477/5502/4315 3486/5503/4316 3503/5501/4314
f 3503/5501/4314 3502/5500/4313 3477/5502/4315
f 3486/5503/4316 3477/5502/4315 3505/5504/5542
f 3504/5505/4318 3505/5504/5542 3477/5502/4315
f 3505/5504/5542 3504/5505/4318 3478/5506/4319
f 3478/5506/4319 3487/5507/5543 3505/5504/5542
f 3487/5507/5543 3478/5506/4319 3506/5508/4321
f 3506/5508/4321 3507/5509/4322 3487/5507/5543
f 3479/5510/5544 3488/5511/4324 3507/5512/4322
f 3507/5512/4322 3506/5513/4321 3479/5510/5544
f 3488/5511/4324 3479/5510/5544 3509/5514/4325
f 3508/5515/5545 3509/5514/4325 3479/5510/5544
f 3480/5516/4327 3519/5517/4328 3509/5514/4325
f 3509/5514/4325 3508/5515/5545 3480/5516/4327
f 3510/5518/4329 3511/5519/4330 3519/5517/4328
f 3519/5517/4328 3480/5516/4327 3510/5518/4329
f 3481/5520/4331 3489/5521/4332 3511/5519/4330
f 3511/5519/4330 3510/5518/4329 3481/5520/4331
f 3489/5521/4332 3481/5520/4331 3512/5522/5546
f 3512/5522/5546 3513/5523/4334 3489/5521/4332
f 3482/5524/4335 3520/5525/4336 3512/5526/5546
f 3513/5527/4334 3512/5526/5546 3520/5525/4336
f 3514/5528/4337 3515/5529/5547 3520/5525/4336
f 3520/5525/4336 3482/5524/4335 3514/5528/4337
f 3516/5475/4292 3491/5474/4291 3515/5529/5547
f 3515/5529/5547 3514/5528/4337 3516/5475/4292
f 3473/5530/4339 3490/5531/5548 3516/5532/4341
f 3482/5533/4342 3473/5530/4339 3516/5532/4341
f 3473/5530/4339 3482/5533/4342 3481/5534/5549
f 3480/5535/4344 3473/5530/4339 3481/5534/5549
f 3473/5530/4339 3480/5535/4344 3479/5536/4345
f 3478/5537/4346 3473/5530/4339 3479/5536/4345
f 3473/5530/4339 3478/5537/4346 3477/5538/4347
f 3476/5539/4348 3473/5530/4339 3477/5538/4347
f 3473/5530/4339 3476/5539/4348 3475/5540/4349
f 3474/5541/4350 3473/5530/4339 3475/5540/4349
f 3517/5542/4351 3491/5543/5550 3483/5544/5551
f 3485/5545/4354 3517/5542/4351 3484/5546/4355
f 3517/5542/4351 3485/5545/4354 3518/5547/4356
f 3486/5548/4357 3517/5542/4351 3518/5547/4356
f 3517/5542/4351 3486/5548/4357 3487/5549/4358
f 3488/5550/4359 3517/5542/4351 3487/5549/4358
f 3517/5542/4351 3488/5550/4359 3519/5551/4360
f 3489/5552/5552 3517/5542/4351 3519/5551/4360
f 3517/5542/4351 3489/5552/5552 3520/5553/4362
f 3491/5543/5550 3517/5542/4351 3520/5553/4362
f 3516/5532/4341 3490/5531/5548 3492/5554/5553
f 3482/5533/4342 3516/5532/4341 3514/5555/4364
f 3481/5534/5549 3482/5533/4342 3512/5556/4365
f 3480/5535/4344 3481/5534/5549 3510/5557/5554
f 3479/5536/4345 3480/5535/4344 3508/5558/5555
f 3478/5537/4346 3479/5536/4345 3506/5559/4368
f 3477/5538/4347 3478/5537/4346 3504/5560/4369
f 3476/5539/4348 3477/5538/4347 3502/5561/5556
f 3475/5540/4349 3476/5539/4348 3500/5562/4371
f 3474/5541/4350 3475/5540/4349 3498/5563/5557
f 3473/5530/4339 3474/5541/4350 3496/5564/5558
f 3490/5531/5548 3473/5530/4339 3494/5565/4374
f 3483/5544/5551 3491/5543/5550 3493/5566/5559
f 3517/5542/4351 3483/5544/5551 3495/5567/4376
f 3484/5546/4355 3517/5542/4351 3497/5568/5560
f 3485/5545/4354 3484/5546/4355 3499/5569/4378
f 3518/5547/4356 3485/5545/4354 3501/5570/5561
f 3486/5548/4357 3518/5547/4356 3503/5571/5562
f 3487/5549/4358 3486/5548/4357 3505/5572/5563
f 3488/5550/4359 3487/5549/4358 3507/5573/5564
f 3519/5551/4360 3488/5550/4359 3509/5574/4383
f 3489/5552/5552 3519/5551/4360 3511/5575/5565
f 3520/5553/4362 3489/5552/5552 3513/5576/5566
f 3491/5543/5550 3520/5553/4362 3515/5577/4386
f 3667/6621/4387 3751/6622/4388 3523/6623/5567
f 3593/6624/4390 3523/6623/5567 3751/6622/4388
f 3524/6625/4391 3585/6626/4392 3668/6627/4393
f 3668/6627/4393 3617/6628/4394 3524/6625/4391
f 3669/6629/4395 3522/6630/4396 3594/6631/4397
f 3594/6631/4397 3752/6632/4398 3669/6629/4395
f 3658/6633/5568 3753/6634/4400 3525/6635/4401
f 3670/6636/4402 3525/6635/4401 3753/6634/4400
f 3586/6637/4403 3526/6638/5569 3659/6639/4405
f 3526/6638/5569 3586/6637/4403 3671/6640/4406
f 3527/6641/4407 3587/6642/5570 3595/6643/5571
f 3595/6643/5571 3622/6644/4410 3527/6641/4407
f 3588/6645/5572 3754/6646/4412 3673/6647/4413
f 3754/6646/4412 3588/6645/5572 3672/6648/5573
f 3662/6649/4415 3589/6650/4416 3744/6651/5574
f 3744/6651/5574 3589/6650/4416 3596/6652/4418
f 3590/6653/5575 3528/6654/4420 3675/6655/4421
f 3528/6654/4420 3590/6653/5575 3674/6656/4422
f 3677/6657/5576 3591/6658/4424 3529/6659/5577
f 3529/6659/5577 3591/6658/4424 3676/6660/4426
f 3597/6661/4427 3530/6662/5578 3755/6663/4429
f 3597/6661/4427 3627/6664/4430 3530/6662/5578
f 3592/6665/4431 3531/6666/4432 3666/6667/4433
f 3531/6666/4432 3592/6665/4431 3598/6668/4434
f 3523/6623/4435 3593/6624/5579 3746/6669/4437
f 3746/6669/4437 3593/6624/5579 3599/6670/4438
f 3751/6671/4439 3667/6672/4440 3629/6673/4441
f 3629/6673/4441 3521/6674/4442 3751/6671/4439
f 3668/6675/4443 3689/6676/4444 3617/6677/4445
f 3689/6676/4444 3668/6675/4443 3681/6678/5580
f 3585/6626/4447 3524/6625/4448 3630/6679/4449
f 3630/6679/4449 3743/6680/4450 3585/6626/4447
f 3752/6632/4451 3594/6631/5581 3656/6681/4453
f 3656/6681/4453 3594/6631/5581 3735/6682/4454
f 3522/6683/4455 3669/6684/4456 3756/6685/4457
f 3756/6685/4457 3634/6686/4458 3522/6683/4455
f 3670/6687/4459 3657/6688/4460 3525/6689/4461
f 3657/6688/4460 3670/6687/4459 3679/6690/4462
f 3753/6634/4463 3658/6633/4464 3757/6691/4465
f 3757/6691/4465 3691/6692/4466 3753/6634/4463
f 3671/6640/4467 3747/6693/4468 3526/6638/4469
f 3747/6693/4468 3671/6640/4467 3600/6694/4470
f 3586/6695/4471 3659/6696/4472 3758/6697/4473
f 3758/6697/4473 3692/6698/4474 3586/6695/4471
f 3622/6644/5582 3595/6643/4476 3748/6699/4477
f 3748/6699/4477 3595/6643/4476 3678/6700/4478
f 3587/6701/4479 3527/6702/5583 3759/6703/5584
f 3759/6703/5584 3640/6704/4482 3587/6701/4479
f 3754/6705/4483 3672/6706/4484 3661/6707/4485
f 3661/6707/4485 3672/6706/4484 3601/6708/4486
f 3588/6645/4487 3673/6647/4488 3760/6709/5585
f 3760/6709/5585 3693/6710/5586 3588/6645/4487
f 3744/6651/4491 3596/6652/4492 3749/6711/4493
f 3749/6711/4493 3596/6652/4492 3602/6712/4494
f 3589/6713/4495 3662/6714/4496 3532/6715/4497
f 3532/6715/4497 3644/6716/4498 3589/6713/4495
f 3674/6656/4499 3663/6717/5587 3528/6654/4501
f 3663/6718/5587 3674/6719/4499 3685/6720/4502
f 3590/6721/4503 3675/6722/4504 3761/6723/4505
f 3761/6723/4505 3646/6724/5588 3590/6721/4503
f 3676/6725/4507 3664/6726/4508 3529/6727/4509
f 3664/6726/4508 3676/6725/4507 3603/6728/5589
f 3591/6658/4511 3677/6657/5590 3762/6729/4513
f 3762/6729/4513 3694/6730/4514 3591/6658/4511
f 3597/6661/5591 3750/6731/4516 3627/6664/4517
f 3750/6731/4516 3597/6661/5591 3604/6732/4518
f 3755/6733/5592 3530/6734/5593 3533/6735/4521
f 3533/6735/4521 3650/6736/5594 3755/6733/5592
f 3531/6666/4523 3598/6668/4524 3690/6737/4525
f 3690/6737/4525 3598/6668/4524 3745/6738/4526
f 3592/6739/4527 3666/6740/4528 3763/6741/4529
f 3763/6741/4529 3652/6742/4530 3592/6739/4527
f 3634/6743/4531 3756/6744/4532 3746/6669/4533
f 3746/6669/4533 3599/6670/5595 3634/6743/4531
f 3521/6674/5596 3629/6673/4536 3689/6745/4537
f 3689/6745/4537 3681/6746/4538 3521/6674/5596
f 3630/6679/4539 3745/6738/4540 3743/6680/4541
f 3745/6738/4540 3630/6679/4539 3690/6737/4542
f 3656/6681/5597 3735/6682/4544 3691/6692/4545
f 3691/6692/4545 3757/6691/4546 3656/6681/5597
f 3657/6747/4547 3679/6748/5598 3692/6698/4549
f 3692/6698/4549 3758/6697/4550 3657/6747/4547
f 3640/6749/5599 3759/6750/4552 3747/6693/4553
f 3747/6693/4553 3600/6694/4554 3640/6749/5599
f 3748/6699/4555 3678/6700/4556 3693/6710/5600
f 3693/6710/5600 3760/6709/4558 3748/6699/4555
f 3601/6751/5601 3532/6715/4560 3661/6752/4561
f 3532/6715/4560 3601/6751/5601 3644/6716/4562
f 3646/6753/4563 3761/6754/5602 3749/6711/4565
f 3749/6711/4565 3602/6712/4566 3646/6753/4563
f 3663/6755/4567 3685/6756/4568 3694/6730/5603
f 3694/6730/5603 3762/6729/4570 3663/6755/4567
f 3603/6757/4571 3533/6735/5604 3664/6758/4573
f 3533/6735/5604 3603/6757/4571 3650/6736/4574
f 3652/6759/4575 3763/6760/4576 3750/6731/4577
f 3750/6731/4577 3604/6732/4578 3652/6759/4575
f 3632/6761/5605 3605/6762/4580 3542/6763/4581
f 3534/6764/5606 3542/6763/4581 3605/6762/4580
f 3605/6762/4580 3631/6765/5607 3534/6764/5606
f 3543/6766/5608 3534/6764/5606 3631/6765/5607
f 3534/6764/5606 3543/6766/5608 3696/6767/2919
f 3631/6765/5607 3681/6768/5609 3543/6766/5608
f 3698/6769/5610 3543/6766/5608 3681/6768/5609
f 3681/6768/5609 3633/6770/5611 3544/6771/4588
f 3544/6771/4588 3698/6769/5610 3681/6768/5609
f 3698/6769/484 3544/6771/4588 3696/6767/2919
f 3633/6770/5611 3606/6772/5612 3544/6771/4588
f 3535/6773/4590 3544/6771/4588 3606/6772/5612
f 3606/6772/5612 3743/6774/5613 3535/6773/4590
f 3699/6775/4592 3535/6773/4590 3743/6774/5613
f 3535/6773/4590 3699/6775/4592 3544/6771/4588
f 3743/6774/5613 3682/6776/4593 3699/6775/4592
f 3700/6777/4594 3699/6775/4592 3682/6776/4593
f 3682/6776/4593 3653/6778/5614 3545/6779/4596
f 3545/6779/4596 3700/6777/4594 3682/6776/4593
f 3696/6767/2919 3700/6777/4594 3545/6779/4596
f 3653/6778/5614 3616/6780/4597 3545/6779/4596
f 3546/6781/4598 3545/6779/4596 3616/6780/4597
f 3616/6780/4597 3652/6782/4599 3546/6781/4598
f 3547/6783/4600 3546/6781/4598 3652/6782/4599
f 3546/6781/4598 3547/6783/4600 3696/6767/2919
f 3652/6782/4599 3683/6784/5615 3547/6783/4600
f 3701/6785/5616 3547/6783/4600 3683/6784/5615
f 3683/6784/5615 3651/6786/5617 3548/6787/4604
f 3548/6787/4604 3701/6785/5616 3683/6784/5615
f 3696/6767/2919 3701/6785/5616 3548/6787/4604
f 3651/6786/5617 3615/6788/5618 3548/6787/4604
f 3536/6789/5619 3548/6787/4604 3615/6788/5618
f 3615/6788/5618 3650/6790/5620 3536/6789/5619
f 3549/6791/5621 3536/6789/5619 3650/6790/5620
f 3536/6789/5619 3549/6791/5621 3696/6767/2919
f 3650/6790/5620 3684/6792/4609 3549/6791/5621
f 3702/6793/4610 3549/6791/5621 3684/6792/4609
f 3684/6792/4609 3649/6794/5622 3550/6795/4612
f 3550/6795/4612 3702/6793/4610 3684/6792/4609
f 3696/6767/2919 3702/6793/4610 3550/6795/4612
f 3649/6794/5622 3614/6796/5623 3550/6795/4612
f 3551/6797/5624 3550/6795/4612 3614/6796/5623
f 3614/6796/5623 3648/6798/5625 3551/6797/5624
f 3552/6799/5626 3551/6797/5624 3648/6798/5625
f 3551/6797/5624 3552/6799/5626 3696/6767/2919
f 3648/6798/5625 3685/6800/4617 3552/6799/5626
f 3703/6801/5627 3552/6799/5626 3685/6800/4617
f 3685/6800/4617 3647/6802/4619 3553/6803/4620
f 3553/6803/4620 3703/6801/5627 3685/6800/4617
f 3696/6767/2919 3703/6801/484 3553/6803/4620
f 3647/6802/4619 3613/6804/5628 3553/6803/4620
f 3554/6805/4622 3553/6803/4620 3613/6804/5628
f 3613/6804/5628 3646/6806/5629 3554/6805/4622
f 3704/6807/4624 3554/6805/4622 3646/6806/5629
f 3554/6805/4622 3704/6807/4624 3696/6767/2919
f 3646/6806/5629 3686/6808/4625 3704/6807/4624
f 3705/6809/4626 3704/6807/4624 3686/6808/4625
f 3686/6808/4625 3645/6810/5630 3555/6811/5631
f 3555/6811/5631 3705/6809/4626 3686/6808/4625
f 3696/6767/2919 3705/6809/4626 3555/6811/5631
f 3645/6810/5630 3612/6812/4629 3555/6811/5631
f 3556/6813/5632 3555/6811/5631 3612/6812/4629
f 3612/6812/4629 3644/6814/5633 3556/6813/5632
f 3557/6815/5634 3556/6813/5632 3644/6814/5633
f 3556/6813/5632 3557/6815/4633 3696/6767/2919
f 3644/6814/5633 3706/6816/4634 3557/6815/5634
f 3706/6816/4635 3643/6817/4636 3558/6818/4637
f 3706/6816/4635 3558/6818/4637 3696/6767/2919
f 3643/6817/4636 3611/6819/4638 3558/6818/4637
f 3559/6820/5635 3558/6818/4637 3611/6819/4638
f 3611/6819/4638 3642/6821/5636 3559/6820/5635
f 3560/6822/5637 3559/6820/5635 3642/6821/5636
f 3559/6820/5635 3560/6822/5637 3558/6818/4637
f 3642/6821/5636 3678/6823/4642 3560/6822/5637
f 3707/6824/4643 3560/6822/5637 3678/6823/4642
f 3678/6823/4642 3641/6825/5638 3561/6826/5639
f 3561/6826/5639 3707/6824/4643 3678/6823/4642
f 3707/6824/484 3561/6826/5639 3696/6767/2919
f 3641/6825/5638 3610/6827/5640 3561/6826/5639
f 3562/6828/4647 3561/6826/5639 3610/6827/5640
f 3610/6827/5640 3640/6829/4648 3562/6828/4647
f 3708/6830/5641 3562/6828/4647 3640/6829/4648
f 3562/6828/4647 3708/6830/5642 3696/6767/2919
f 3640/6829/4648 3709/6831/5643 3708/6830/5641
f 3709/6831/4652 3639/6832/4653 3563/6833/4654
f 3709/6831/4652 3563/6833/4654 3696/6767/2919
f 3639/6832/4653 3609/6834/5644 3563/6833/4654
f 3564/6835/4656 3563/6833/4654 3609/6834/5644
f 3609/6834/5644 3638/6836/5645 3564/6835/4656
f 3565/6837/5210 3564/6835/4656 3638/6836/5645
f 3564/6835/4656 3565/6837/5210 3696/6767/2919
f 3638/6836/5645 3679/6838/5646 3565/6837/5210
f 3710/6839/5647 3565/6837/5210 3679/6838/5646
f 3679/6838/5646 3637/6840/5648 3566/6841/4662
f 3566/6841/4662 3710/6839/5647 3679/6838/5646
f 3710/6839/484 3566/6841/4662 3696/6767/2919
f 3637/6840/5648 3608/6842/4663 3566/6841/4662
f 3567/6843/4664 3566/6841/4662 3608/6842/4663
f 3608/6842/4663 3636/6844/5649 3567/6843/4664
f 3568/6845/4666 3567/6843/4664 3636/6844/5649
f 3567/6843/4664 3568/6845/4666 3696/6767/2919
f 3636/6844/5649 3711/6846/5650 3568/6845/4666
f 3568/6845/4666 3711/6846/5650 3696/6767/2919
f 3711/6846/5650 3635/6847/5651 3569/6848/5652
f 3635/6847/5651 3607/6849/5653 3569/6848/5652
f 3570/6850/5654 3569/6848/5652 3607/6849/5653
f 3607/6849/5653 3634/6851/4672 3570/6850/5654
f 3712/6852/4673 3570/6850/5654 3634/6851/4672
f 3570/6850/5654 3712/6852/4673 3569/6848/5652
f 3634/6851/4672 3680/6853/5655 3712/6852/4673
f 3713/6854/4675 3712/6852/4673 3680/6853/5655
f 3680/6853/5655 3632/6761/5605 3542/6763/4581
f 3542/6763/4581 3713/6854/4675 3680/6853/5655
f 3713/6854/4675 3542/6763/4581 3696/6767/2919
f 3654/6855/5656 3617/6856/4677 3571/6857/5657
f 3572/6858/5658 3571/6857/5657 3617/6856/4677
f 3617/6856/4677 3714/6859/4680 3572/6858/5658
f 3572/6858/5658 3714/6859/4680 3697/6860/5659
f 3714/6859/4680 3715/6861/4681 3697/6860/5659
f 3715/6861/4681 3667/6862/4682 3736/6863/5660
f 3667/6862/4682 3618/6864/4684 3736/6863/5660
f 3573/6865/4685 3736/6863/5660 3618/6864/4684
f 3618/6864/4684 3655/6866/5661 3573/6865/4685
f 3574/6867/4687 3573/6865/4685 3655/6866/5661
f 3573/6865/4685 3574/6867/4687 3697/6860/5659
f 3655/6866/5661 3687/6868/5662 3574/6867/4687
f 3716/6869/5663 3574/6867/4687 3687/6868/5662
f 3687/6868/5662 3669/6870/4690 3575/6871/4691
f 3575/6871/4691 3716/6869/5663 3687/6868/5662
f 3697/6860/5659 3716/6869/5663 3575/6871/4691
f 3669/6870/4690 3619/6872/5664 3575/6871/4691
f 3576/6873/4693 3575/6871/4691 3619/6872/5664
f 3619/6872/5664 3656/6874/4694 3576/6873/4693
f 3717/6875/5665 3576/6873/4693 3656/6874/4694
f 3576/6873/4693 3717/6875/4696 3697/6860/5659
f 3656/6874/4694 3718/6876/5666 3717/6875/5665
f 3717/6875/4696 3718/6876/4698 3697/6860/5659
f 3718/6876/4698 3658/6877/4699 3737/6878/4700
f 3658/6877/4699 3620/6879/4701 3737/6878/4700
f 3537/6880/5667 3737/6878/4700 3620/6879/4701
f 3620/6879/4701 3657/6881/5668 3537/6880/5667
f 3719/6882/5669 3537/6880/5667 3657/6881/5668
f 3537/6880/5667 3719/6882/4705 3697/6860/5659
f 3657/6881/5668 3720/6883/4706 3719/6882/5669
f 3720/6883/5670 3659/6884/5671 3738/6885/5672
f 3659/6884/5671 3621/6886/4710 3738/6885/5672
f 3538/6887/4711 3738/6885/5672 3621/6886/4710
f 3621/6886/4710 3721/6888/4712 3538/6887/4711
f 3538/6887/4711 3721/6888/4712 3697/6860/5659
f 3722/6889/4713 3660/6890/5673 3577/6891/4715
f 3722/6889/4713 3577/6891/4715 3697/6860/5659
f 3660/6890/5673 3622/6892/5674 3577/6891/4715
f 3578/6893/5675 3577/6891/4715 3622/6892/5674
f 3622/6892/5674 3723/6894/4718 3578/6893/5675
f 3578/6893/4719 3723/6894/5676 3577/6891/4715
f 3724/6895/4721 3673/6896/5677 3739/6897/4723
f 3673/6896/5677 3623/6898/4724 3739/6897/4723
f 3579/6899/4725 3739/6897/4723 3623/6898/4724
f 3623/6898/4724 3661/6900/5678 3579/6899/4725
f 3725/6901/5679 3579/6899/4725 3661/6900/5678
f 3579/6899/4725 3725/6901/4728 3697/6860/5659
f 3661/6900/5678 3726/6902/5680 3725/6901/5679
f 3725/6901/4728 3726/6902/4730 3697/6860/5659
f 3726/6902/4730 3662/6903/5681 3740/6904/5682
f 3662/6903/5681 3624/6905/5683 3740/6904/5682
f 3695/6906/4734 3740/6904/5682 3624/6905/5683
f 3624/6905/5683 3727/6907/5684 3695/6906/4734
f 3695/6906/4734 3727/6907/5684 3697/6860/5659
f 3728/6908/4736 3727/6907/5684 3688/6909/5685
f 3688/6909/5685 3675/6910/5686 3580/6911/4739
f 3580/6911/4739 3728/6908/4736 3688/6909/5685
f 3697/6860/5659 3728/6908/4736 3580/6911/4739
f 3675/6910/5686 3625/6912/5687 3580/6911/4739
f 3539/6913/5688 3580/6911/4739 3625/6912/5687
f 3625/6912/5687 3663/6914/4742 3539/6913/5688
f 3729/6915/4743 3539/6913/5688 3663/6914/4742
f 3539/6913/5688 3729/6915/4744 3697/6860/5659
f 3663/6914/4742 3730/6916/5689 3729/6915/4743
f 3729/6915/4744 3730/6916/4746 3697/6860/5659
f 3730/6916/4746 3677/6917/5690 3741/6918/4748
f 3677/6917/5690 3626/6919/5691 3741/6918/4748
f 3540/6920/5692 3741/6918/4748 3626/6919/5691
f 3626/6919/5691 3664/6921/4751 3540/6920/5692
f 3731/6922/5693 3540/6920/5692 3664/6921/4751
f 3540/6920/5692 3731/6922/5694 3697/6860/5659
f 3664/6921/4751 3732/6923/5695 3731/6922/5693
f 3731/6922/5694 3732/6923/4755 3697/6860/5659
f 3732/6923/4755 3665/6924/4756 3742/6925/4757
f 3665/6924/4756 3627/6926/5696 3742/6925/4757
f 3581/6927/4759 3742/6925/4757 3627/6926/5696
f 3627/6926/5696 3733/6928/4760 3581/6927/4759
f 3581/6927/4759 3733/6928/4760 3697/6860/5659
f 3734/6929/5697 3666/6930/5698 3582/6931/4763
f 3697/6860/5659 3734/6929/5697 3582/6931/4763
f 3666/6930/5698 3628/6932/5699 3582/6931/4763
f 3583/6933/4765 3582/6931/4763 3628/6932/5699
f 3628/6932/5699 3690/6934/5700 3583/6933/4765
f 3584/6935/5701 3583/6933/4765 3690/6934/5700
f 3583/6933/4765 3584/6935/5702 3697/6860/5659
f 3690/6934/5700 3541/6936/5703 3584/6935/5701
f 3584/6935/5702 3541/6936/4770 3697/6860/5659
f 3541/6936/4770 3654/6855/5656 3571/6857/5657
f 3542/6763/4581 3534/6764/5606 3696/6767/2919
f 3543/6766/5608 3698/6769/484 3696/6767/2919
f 3699/6775/4592 3700/6777/4594 3544/6771/4588
f 3545/6779/4596 3546/6781/4598 3696/6767/2919
f 3547/6783/4600 3701/6785/5616 3696/6767/2919
f 3548/6787/4604 3536/6789/5619 3696/6767/2919
f 3550/6795/4612 3551/6797/5624 3696/6767/2919
f 3552/6799/5626 3703/6801/484 3696/6767/2919
f 3553/6803/4620 3554/6805/4622 3696/6767/2919
f 3704/6807/4624 3705/6809/4626 3696/6767/2919
f 3555/6811/5631 3556/6813/5632 3696/6767/2919
f 3557/6815/4633 3706/6816/4635 3696/6767/2919
f 3560/6822/5637 3707/6824/484 3558/6818/4637
f 3561/6826/5639 3562/6828/4647 3696/6767/2919
f 3708/6830/5642 3709/6831/4652 3696/6767/2919
f 3563/6833/4654 3564/6835/4656 3696/6767/2919
f 3565/6837/5210 3710/6839/484 3696/6767/2919
f 3566/6841/4662 3567/6843/4664 3696/6767/2919
f 3696/6767/2919 3711/6846/5650 3569/6848/5652
f 3712/6852/4673 3713/6854/4675 3569/6848/5652
f 3571/6857/5657 3572/6858/5658 3697/6860/5659
f 3736/6863/5660 3697/6860/5659 3715/6861/4681
f 3736/6863/5660 3573/6865/4685 3697/6860/5659
f 3574/6867/4687 3716/6869/5663 3697/6860/5659
f 3575/6871/4691 3576/6873/4693 3697/6860/5659
f 3737/6878/4700 3697/6860/5659 3718/6876/4698
f 3737/6878/4700 3537/6880/5667 3697/6860/5659
f 3719/6882/4705 3720/6883/5670 3697/6860/5659
f 3720/6883/5670 3738/6885/5672 3697/6860/5659
f 3738/6885/5672 3538/6887/4711 3697/6860/5659
f 3721/6888/4712 3722/6889/4713 3697/6860/5659
f 3723/6894/5676 3724/6895/4721 3577/6891/4715
f 3724/6895/4721 3739/6897/4723 3697/6860/5659
f 3739/6897/4723 3579/6899/4725 3697/6860/5659
f 3740/6904/5682 3697/6860/5659 3726/6902/4730
f 3740/6904/5682 3695/6906/4734 3697/6860/5659
f 3727/6907/5684 3728/6908/4736 3697/6860/5659
f 3580/6911/4739 3539/6913/5688 3697/6860/5659
f 3730/6916/4746 3741/6918/4748 3697/6860/5659
f 3741/6918/4748 3540/6920/5692 3697/6860/5659
f 3742/6925/4757 3697/6860/5659 3732/6923/4755
f 3742/6925/4757 3581/6927/4759 3697/6860/5659
f 3733/6928/4760 3734/6929/5697 3697/6860/5659
f 3582/6931/4763 3583/6933/4765 3697/6860/5659
f 3696/6767/2919 3544/6771/4588 3700/6777/4594
f 3696/6767/2919 3549/6791/5621 3702/6793/4610
f 3696/6767/2919 3558/6818/4637 3707/6824/484
f 3696/6767/2919 3569/6848/5652 3713/6854/4675
f 3571/6857/5657 3697/6860/5659 3541/6936/4770
f 3697/6860/5659 3577/6891/4715 3724/6895/4721
f 3605/6937/5704 3593/6624/4390 3751/6622/4388
f 3593/6624/4390 3605/6937/5704 3632/6938/5705
f 3523/6623/5567 3618/6939/5706 3667/6621/4387
f 3633/6940/4774 3668/6627/4393 3585/6626/4392
f 3585/6626/4392 3606/6941/5707 3633/6940/4774
f 3524/6625/4391 3617/6628/4394 3654/6942/5708
f 3607/6943/5709 3594/6631/4397 3522/6630/4396
f 3594/6631/4397 3607/6943/5709 3635/6944/4778
f 3752/6632/4398 3619/6945/5710 3669/6629/4395
f 3608/6946/4780 3670/6636/4402 3753/6634/4400
f 3670/6636/4402 3608/6946/4780 3637/6947/5711
f 3525/6635/4401 3620/6948/5712 3658/6633/5568
f 3639/6949/5713 3671/6640/4406 3586/6637/4403
f 3586/6637/4403 3609/6950/5714 3639/6949/5713
f 3526/6638/5569 3621/6951/5715 3659/6639/4405
f 3641/6952/5716 3595/6643/5571 3587/6642/5570
f 3587/6642/5570 3610/6953/5717 3641/6952/5716
f 3527/6641/4407 3622/6644/4410 3660/6954/4788
f 3643/6955/4789 3672/6648/5573 3588/6645/5572
f 3588/6645/5572 3611/6956/5718 3643/6955/4789
f 3754/6646/4412 3623/6957/4791 3673/6647/4413
f 3645/6958/5719 3596/6652/4418 3589/6650/4416
f 3589/6650/4416 3612/6959/5720 3645/6958/5719
f 3744/6651/5574 3624/6960/4794 3662/6649/4415
f 3647/6961/5721 3674/6656/4422 3590/6653/5575
f 3590/6653/5575 3613/6962/5722 3647/6961/5721
f 3528/6654/4420 3625/6963/5723 3675/6655/4421
f 3649/6964/5724 3676/6660/4426 3591/6658/4424
f 3591/6658/4424 3614/6965/4799 3649/6964/5724
f 3529/6659/5577 3626/6966/5725 3677/6657/5576
f 3615/6967/5726 3597/6661/4427 3755/6663/4429
f 3597/6661/4427 3615/6967/5726 3651/6968/5727
f 3530/6662/5578 3627/6664/4430 3665/6969/5728
f 3653/6970/5729 3598/6668/4434 3592/6665/4431
f 3592/6665/4431 3616/6971/5730 3653/6970/5729
f 3531/6666/4432 3628/6972/5731 3666/6667/4433
f 3680/6973/4807 3599/6670/4438 3593/6624/5579
f 3593/6624/5579 3632/6938/5732 3680/6973/4807
f 3618/6939/4809 3523/6623/4435 3746/6669/4437
f 3746/6669/4437 3655/6974/5733 3618/6939/4809
f 3629/6673/4441 3667/6672/4440 3715/6975/4811
f 3631/6976/4812 3751/6671/4439 3521/6674/4442
f 3751/6671/4439 3631/6976/4812 3605/6977/5734
f 3668/6675/4443 3633/6978/4814 3681/6678/5580
f 3689/6676/4444 3714/6979/5735 3617/6677/4445
f 3654/6942/5736 3630/6679/4449 3524/6625/4448
f 3630/6679/4449 3654/6942/5736 3541/6980/4817
f 3585/6626/4447 3743/6680/4450 3606/6941/5737
f 3711/6981/4819 3735/6682/4454 3594/6631/5581
f 3594/6631/5581 3635/6944/4820 3711/6981/4819
f 3619/6945/4821 3752/6632/4451 3656/6681/4453
f 3756/6685/4457 3669/6684/4456 3687/6982/4822
f 3522/6683/4455 3634/6686/4458 3607/6983/4823
f 3670/6687/4459 3637/6984/5738 3679/6690/4462
f 3620/6985/4825 3525/6689/4461 3657/6688/4460
f 3757/6691/4465 3658/6633/4464 3718/6986/4826
f 3636/6987/5739 3753/6634/4463 3691/6692/4466
f 3753/6634/4463 3636/6987/5739 3608/6946/5740
f 3709/6988/5741 3600/6694/4470 3671/6640/4467
f 3671/6640/4467 3639/6949/4830 3709/6988/5741
f 3621/6951/4831 3526/6638/4469 3747/6693/4468
f 3747/6693/4468 3721/6989/5742 3621/6951/4831
f 3758/6697/4473 3659/6696/4472 3720/6990/4833
f 3638/6991/5743 3586/6695/4471 3692/6698/4474
f 3586/6695/4471 3638/6991/5743 3609/6992/5744
f 3595/6643/4476 3641/6952/4836 3678/6700/4478
f 3748/6993/4477 3723/6994/5745 3622/6995/5582
f 3660/6996/4838 3759/6703/5584 3527/6702/5583
f 3759/6703/5584 3660/6996/4838 3722/6997/5746
f 3587/6701/4479 3640/6704/4482 3610/6998/4840
f 3706/6999/5747 3601/6708/4486 3672/6706/4484
f 3672/6706/4484 3643/7000/4842 3706/6999/5747
f 3623/7001/5748 3754/6705/4483 3661/6707/4485
f 3760/6709/5585 3673/6647/4488 3724/7002/5749
f 3642/7003/4845 3588/6645/4487 3693/6710/5586
f 3588/6645/4487 3642/7003/4845 3611/6956/5750
f 3686/7004/5751 3602/6712/4494 3596/6652/4492
f 3596/6652/4492 3645/6958/5752 3686/7004/5751
f 3624/6960/4849 3744/6651/4491 3749/6711/4493
f 3749/6711/4493 3727/7005/5753 3624/6960/4849
f 3532/6715/4497 3662/6714/4496 3726/7006/4851
f 3589/6713/4495 3644/6716/4498 3612/7007/5754
f 3674/6656/4499 3647/6961/5755 3685/7008/4502
f 3625/6963/5756 3528/6654/4501 3663/6717/5587
f 3761/6723/4505 3675/6722/4504 3688/7009/4855
f 3590/6721/4503 3646/6724/5588 3613/7010/5757
f 3684/7011/5758 3603/6728/5589 3676/6725/4507
f 3676/6725/4507 3649/7012/5759 3684/7011/5758
f 3626/7013/5760 3529/6727/4509 3664/6726/4508
f 3762/6729/4513 3677/6657/5590 3730/7014/5761
f 3648/7015/5762 3591/6658/4511 3694/6730/4514
f 3591/6658/4511 3648/7015/5762 3614/6965/5763
f 3683/7016/5764 3604/6732/4518 3597/6661/5591
f 3597/6661/5591 3651/6968/5765 3683/7016/5764
f 3750/6731/4516 3733/7017/4865 3627/6664/4517
f 3665/7018/5766 3533/6735/4521 3530/6734/5593
f 3533/6735/4521 3665/7018/5766 3732/7019/5767
f 3755/6733/5592 3650/6736/5594 3615/7020/5768
f 3682/7021/5769 3745/6738/4526 3598/6668/4524
f 3598/6668/4524 3653/6970/4870 3682/7021/5769
f 3628/6972/4871 3531/6666/4523 3690/6737/4525
f 3763/6741/4529 3666/6740/4528 3734/7022/5770
f 3592/6739/4527 3652/6742/4530 3616/7023/4873
f 3599/6670/5595 3680/6973/5771 3634/6743/4531
f 3687/7024/4875 3746/6669/4533 3756/6744/4532
f 3746/6669/4533 3687/7024/4875 3655/6974/5405
f 3715/6975/5772 3689/6745/4537 3629/6673/4536
f 3689/6745/4537 3715/6975/5772 3714/7025/4878
f 3521/6674/5596 3681/6746/4538 3631/6976/5773
f 3630/6679/4539 3541/6980/5774 3690/6737/4542
f 3745/6738/4540 3682/7021/5775 3743/6680/4541
f 3711/6981/5776 3691/6692/4545 3735/6682/4544
f 3691/6692/4545 3711/6981/5776 3636/6987/5777
f 3757/6691/4546 3718/6986/5778 3656/6681/5597
f 3692/6698/4549 3679/6748/5598 3638/6991/5779
f 3758/6697/4550 3720/6990/5780 3657/6747/4547
f 3600/6694/4554 3709/6988/5781 3640/6749/5599
f 3722/7026/4888 3747/6693/4553 3759/6750/4552
f 3747/6693/4553 3722/7026/4888 3721/6989/5782
f 3693/6710/5600 3678/6700/4556 3642/7003/4890
f 3723/7027/5783 3748/6699/4555 3760/6709/4558
f 3760/6709/4558 3724/7002/5784 3723/7027/5783
f 3601/6751/5601 3706/7028/4893 3644/6716/4562
f 3532/6715/4560 3726/7006/4894 3661/6752/4561
f 3602/6712/4566 3686/7004/4895 3646/6753/4563
f 3688/7029/5785 3749/6711/4565 3761/6754/5602
f 3749/6711/4565 3688/7029/5785 3727/7005/4897
f 3694/6730/5603 3685/6756/4568 3648/7015/4898
f 3762/6729/4570 3730/7014/4899 3663/6755/4567
f 3603/6757/4571 3684/7030/4900 3650/6736/4574
f 3533/6735/5604 3732/7019/5786 3664/6758/4573
f 3604/6732/4578 3683/7016/5787 3652/6759/4575
f 3734/7031/4903 3750/6731/4577 3763/6760/4576
f 3750/6731/4577 3734/7031/4903 3733/7017/4904
f 3777/5989/4905 3765/5990/4905 3764/5991/4906
f 3764/5991/4906 3776/5992/4907 3777/5989/4905
f 3778/5993/5435 3766/5994/5436 3765/5990/4910
f 3765/5990/4910 3777/5989/4910 3778/5993/5435
f 3779/5995/5437 3767/5996/4911 3766/5997/5436
f 3766/5997/5436 3778/5998/5435 3779/5995/5437
f 3780/5999/4912 3768/6000/4913 3767/5996/4914
f 3767/5996/4914 3779/5995/5438 3780/5999/4912
f 3781/6001/4915 3769/6002/4915 3768/6003/4913
f 3768/6003/4913 3780/6004/4912 3781/6001/4915
f 3782/6005/4916 3770/6006/4917 3769/6002/4918
f 3769/6002/4918 3781/6001/4918 3782/6005/4916
f 3783/6007/4919 3771/6008/4920 3770/6006/4917
f 3770/6006/4917 3782/6005/4916 3783/6007/4919
f 3784/6009/4921 3772/6010/4921 3771/6011/4920
f 3771/6011/4920 3783/6012/4919 3784/6009/4921
f 3785/6013/4922 3773/6014/5788 3772/6010/4924
f 3772/6010/4924 3784/6009/4924 3785/6013/4922
f 3786/6015/4925 3774/6016/4925 3773/6014/5788
f 3773/6014/5788 3785/6013/4922 3786/6015/4925
f 3787/6017/4926 3775/6018/4927 3774/6016/4928
f 3774/6016/4928 3786/6015/4929 3787/6017/4926
f 3776/5992/4907 3764/5991/4906 3775/6019/4927
f 3775/6019/4927 3787/6020/4926 3776/5992/4907
f 3774/6021/484 3775/6022/484 3764/6023/484
f 3773/6024/484 3774/6021/484 3764/6023/484
f 3772/6025/484 3773/6024/484 3764/6023/484
f 3771/6026/484 3772/6025/484 3764/6023/484
f 3770/6027/484 3771/6026/484 3764/6023/484
f 3769/6028/484 3770/6027/484 3764/6023/484
f 3768/6029/484 3769/6028/484 3764/6023/484
f 3767/6030/484 3768/6029/484 3764/6023/484
f 3766/6031/484 3767/6030/484 3764/6023/484
f 3765/6032/484 3766/6031/484 3764/6023/484
f 3778/6033/153 3777/6034/26 3776/6035/153
f 3779/6036/153 3778/6033/153 3776/6035/153
f 3776/6035/153 3786/6037/263 3785/6038/153
f 3776/6035/153 3785/6038/153 3784/6039/153
f 3776/6035/153 3784/6039/153 3783/6040/153
f 3776/6035/153 3783/6040/153 3782/6041/153
f 3776/6035/153 3782/6041/153 3781/6042/153
f 3776/6035/153 3781/6042/153 3780/6043/153
f 3779/6036/153 3776/6035/153 3780/6043/153
f 3787/6044/153 3786/6037/263 3776/6035/153
f 3860/7032/4930 3790/7033/5789 3934/7034/4932
f 3790/7033/5789 3860/7032/4930 3870/7035/5790
f 3791/7036/4934 3861/7037/4935 3935/7038/4936
f 3935/7038/4936 3891/7039/4937 3791/7036/4934
f 3862/7040/4938 3792/7041/4939 3937/7042/4940
f 3792/7041/4939 3862/7040/4938 3936/7043/4941
f 3927/7044/4942 4020/7045/4400 3793/7046/4943
f 3871/7047/4944 3793/7046/4943 4020/7045/4400
f 3928/7048/4945 3863/7049/4946 3794/7050/4947
f 3794/7050/4947 3863/7049/4946 3872/7051/5791
f 3795/7052/5792 3864/7053/4949 3938/7054/5793
f 3938/7054/5793 3896/7055/4951 3795/7052/5792
f 3865/7056/4952 3796/7057/4953 3940/7058/4413
f 3796/7057/4953 3865/7056/4952 3939/7059/4954
f 3866/7060/4955 3797/7061/4956 3942/7062/5794
f 3797/7061/4956 3866/7060/4955 3941/7063/4418
f 3867/7064/4419 3798/7065/4958 3943/7066/5795
f 3798/7065/4958 3867/7064/4419 3873/7067/4422
f 3944/7068/4961 3868/7069/4962 3799/7070/4963
f 3799/7070/4963 3868/7069/4962 3874/7071/5796
f 3875/7072/4964 3800/7073/5797 4022/7074/4966
f 3875/7072/4964 4021/7075/4967 3800/7073/5797
f 3946/7076/4968 3869/7077/5798 3801/7078/4970
f 3801/7078/4970 3869/7077/5798 3945/7079/4971
f 3790/7033/5799 3870/7035/4973 4013/7080/5800
f 4013/7080/5800 3870/7035/4973 3952/7081/4975
f 3860/7082/4976 3934/7083/4977 3903/7084/5801
f 3903/7084/5801 4011/7085/4979 3860/7082/4976
f 3935/7086/4980 3963/7087/5802 3891/7088/4982
f 3963/7087/5802 3935/7086/4980 4012/7089/5803
f 3861/7037/5804 3791/7036/5805 3904/7090/4986
f 3904/7090/4986 3789/7091/5806 3861/7037/5804
f 3936/7043/4988 4014/7092/5807 3792/7041/5808
f 4014/7092/5807 3936/7043/4988 3951/7093/5809
f 3862/7094/4992 3937/7095/4993 4023/7096/4994
f 4023/7096/4994 3962/7097/4995 3862/7094/4992
f 3871/7098/4996 4015/7099/5810 3793/7100/4998
f 4015/7099/5810 3871/7098/4996 3950/7101/4999
f 4020/7045/4463 3927/7044/5811 4024/7102/5001
f 4024/7102/5001 3965/7103/4466 4020/7045/4463
f 3872/7051/5002 4016/7104/5003 3794/7050/5812
f 4016/7104/5003 3872/7051/5002 3876/7105/5813
f 3863/7106/5006 3928/7107/5814 4025/7108/5008
f 4025/7108/5008 3966/7109/5009 3863/7106/5006
f 3938/7054/5010 3929/7110/5815 3896/7055/5012
f 3929/7110/5815 3938/7054/5010 3877/7111/5013
f 3864/7112/5816 3795/7113/5817 4026/7114/5818
f 4026/7114/5818 3912/7115/5017 3864/7112/5816
f 3939/7116/5819 4017/7117/5820 3796/7118/5821
f 4017/7117/5820 3939/7116/5819 3878/7119/5021
f 3865/7056/5022 3940/7058/5023 4027/7120/5024
f 4027/7120/5024 3914/7121/5025 3865/7056/5022
f 3797/7061/5026 3941/7063/5027 3931/7122/5028
f 3931/7122/5028 3941/7063/5027 3956/7123/5822
f 3866/7124/5030 3942/7125/5031 4028/7126/5032
f 4028/7126/5032 3916/7127/5033 3866/7124/5030
f 3873/7067/4499 3932/7128/4500 3798/7065/5823
f 3932/7129/4500 3873/7130/4499 3955/7131/5824
f 3867/7132/5036 3943/7133/5037 4029/7134/5038
f 4029/7134/5038 3967/7135/5825 3867/7132/5036
f 3874/7136/5040 4018/7137/5041 3799/7138/5042
f 4018/7137/5041 3874/7136/5040 3954/7139/5826
f 3868/7069/5827 3944/7068/5045 4030/7140/5046
f 4030/7140/5046 3968/7141/5047 3868/7069/5827
f 3875/7072/5048 4019/7142/5049 4021/7075/5050
f 4019/7142/5049 3875/7072/5048 4007/7143/5051
f 4022/7144/5052 3800/7145/4520 4031/7146/5828
f 4031/7146/5828 3969/7147/5054 4022/7144/5052
f 3801/7078/5055 3945/7079/5056 3964/7148/5057
f 3964/7148/5057 3945/7079/5056 3953/7149/5058
f 3869/7150/5059 3946/7151/5829 4032/7152/5061
f 4032/7152/5061 3970/7153/5062 3869/7150/5059
f 4013/7080/5063 3952/7081/5830 3962/7154/5065
f 3962/7154/5065 4023/7155/5066 4013/7080/5063
f 3903/7084/5067 4012/7156/5068 4011/7085/5831
f 4012/7156/5068 3903/7084/5067 3963/7157/5070
f 3964/7148/5071 3953/7149/5072 3789/7091/5073
f 3789/7091/5073 3904/7090/5074 3964/7148/5071
f 4014/7092/5075 3951/7093/5832 3965/7103/5833
f 3965/7103/5833 4024/7102/5078 4014/7092/5075
f 4015/7158/5079 3950/7159/5080 3966/7109/5834
f 3966/7109/5834 4025/7108/5082 4015/7158/5079
f 3876/7105/5835 4026/7160/5084 4016/7104/5085
f 4026/7160/5084 3876/7105/5835 3912/7161/5086
f 3877/7111/5087 4027/7120/5088 3929/7110/5089
f 4027/7120/5088 3877/7111/5087 3914/7121/5836
f 3878/7162/5091 4028/7126/5092 4017/7163/5093
f 4028/7126/5092 3878/7162/5091 3916/7127/5094
f 3931/7122/5095 3956/7123/5837 3967/7164/5097
f 3967/7164/5097 4029/7165/5098 3931/7122/5095
f 3932/7166/5099 3955/7167/5100 3968/7141/5101
f 3968/7141/5101 4030/7140/5102 3932/7166/5099
f 4018/7168/5103 3954/7169/5104 3969/7147/5838
f 3969/7147/5838 4031/7146/5839 4018/7168/5103
f 4019/7142/5107 4007/7143/5108 3970/7170/5109
f 3970/7170/5109 4032/7171/5110 4019/7142/5107
f 4006/7172/5111 3818/7173/5112 3819/7174/5840
f 3829/7175/5841 3987/7176/5115 4006/7172/5111
f 4006/7172/5111 3836/7177/5116 3837/7178/5117
f 3972/7179/263 3838/7180/5118 3839/7181/153
f 3841/7182/5119 3842/7183/5120 3972/7179/263
f 3972/7179/263 4008/7184/5121 3841/7182/5119
f 3842/7183/5120 3974/7185/5122 3972/7179/263
f 3974/7185/5122 3843/7186/5842 3972/7179/263
f 3972/7179/263 3843/7186/5842 3844/7187/5843
f 3850/7188/5125 3997/7189/5126 3972/7179/263
f 3997/7189/5126 3851/7190/5844 3972/7179/263
f 3972/7179/263 3852/7191/5845 3999/7192/5846
f 3972/7179/263 4010/7193/5130 3855/7194/5131
f 3972/7179/263 3973/7195/5132 4004/7196/5133
f 3905/7197/5847 3879/7198/5848 3812/7199/5849
f 3804/7200/5137 3812/7199/5849 3879/7198/5848
f 3879/7198/5848 4011/7201/5850 3804/7200/5137
f 3813/7202/5851 3804/7200/5137 4011/7201/5850
f 3804/7200/5137 3813/7202/5852 4006/7172/5111
f 4011/7201/5850 3975/7203/5853 3813/7202/5851
f 3975/7203/5142 3906/7204/5854 3814/7205/5144
f 3975/7203/5142 3814/7205/5144 4006/7172/5111
f 3906/7204/5854 3880/7206/5855 3814/7205/5144
f 3805/7207/5146 3814/7205/5144 3880/7206/5855
f 3880/7206/5855 3976/7208/5147 3805/7207/5146
f 3805/7207/5146 3976/7208/5147 4006/7172/5111
f 3977/7209/5148 3976/7208/5149 3953/7210/5856
f 3953/7210/5856 3923/7211/5857 3815/7212/5152
f 3815/7212/5152 3977/7209/5148 3953/7210/5856
f 3977/7209/5153 3815/7212/5152 4006/7172/5111
f 3923/7211/5857 3890/7213/5154 3815/7212/5152
f 3816/7214/5155 3815/7212/5152 3890/7213/5154
f 3890/7213/5154 3922/7215/5156 3816/7214/5155
f 3817/7216/5858 3816/7214/5155 3922/7215/5156
f 3816/7214/5155 3817/7216/5858 4006/7172/5111
f 3922/7215/5156 3978/7217/5859 3817/7216/5858
f 3817/7216/5858 3978/7217/5859 4006/7172/5111
f 3978/7217/5859 3921/7218/5860 3818/7173/5112
f 3921/7218/5860 3889/7219/5160 3818/7173/5112
f 3819/7174/5840 3818/7173/5112 3889/7219/5160
f 3889/7219/5160 3979/7220/5161 3819/7174/5840
f 3819/7174/5840 3979/7220/5161 4006/7172/5111
f 3980/7221/5162 3979/7220/5861 3954/7222/5862
f 3954/7222/5862 3920/7223/5863 3820/7224/5166
f 3820/7224/5166 3980/7221/5162 3954/7222/5862
f 4006/7172/5111 3980/7221/5167 3820/7224/5166
f 3920/7223/5863 3888/7225/5168 3820/7224/5166
f 3821/7226/5169 3820/7224/5166 3888/7225/5168
f 3888/7225/5168 3981/7227/5170 3821/7226/5169
f 3821/7226/5169 3981/7227/5170 4006/7172/5111
f 3982/7228/5864 3981/7227/5865 3955/7229/5866
f 3955/7229/5866 3919/7230/5174 3822/7231/5175
f 3822/7231/5175 3982/7228/5864 3955/7229/5866
f 4006/7172/5111 3982/7228/5176 3822/7231/5175
f 3919/7230/5174 3887/7232/5867 3822/7231/5175
f 3806/7233/5178 3822/7231/5175 3887/7232/5867
f 3887/7232/5867 3918/7234/5868 3806/7233/5178
f 3823/7235/5869 3806/7233/5178 3918/7234/5868
f 3806/7233/5178 3823/7235/5869 4006/7172/5111
f 3918/7234/5868 3956/7236/5870 3823/7235/5869
f 3983/7237/5182 3823/7235/5869 3956/7236/5870
f 3956/7236/5870 3917/7238/5871 3824/7239/5184
f 3824/7239/5184 3983/7237/5182 3956/7236/5870
f 4006/7172/5111 3983/7237/484 3824/7239/5184
f 3917/7238/5871 3886/7240/5872 3824/7239/5184
f 3971/7241/5186 3824/7239/5184 3886/7240/5872
f 3886/7240/5872 3916/7242/5873 3971/7241/5186
f 3984/7243/5188 3971/7241/5186 3916/7242/5873
f 3971/7241/5186 3984/7243/5188 4006/7172/5111
f 3916/7242/5873 3947/7244/5189 3984/7243/5188
f 3985/7245/5874 3984/7243/5188 3947/7244/5189
f 3947/7244/5189 3915/7246/5875 3825/7247/5876
f 3825/7247/5876 3985/7245/5874 3947/7244/5189
f 4006/7172/5111 3985/7245/5874 3825/7247/5876
f 3915/7246/5875 3885/7248/5877 3825/7247/5876
f 3826/7249/5194 3825/7247/5876 3885/7248/5877
f 3885/7248/5877 3914/7250/5195 3826/7249/5194
f 3827/7251/5196 3826/7249/5194 3914/7250/5195
f 3826/7249/5194 3827/7251/5196 4006/7172/5111
f 3914/7250/5195 3948/7252/5878 3827/7251/5196
f 3986/7253/5879 3827/7251/5196 3948/7252/5878
f 3948/7252/5878 3913/7254/5880 3828/7255/5881
f 3828/7255/5881 3986/7253/5879 3948/7252/5878
f 4006/7172/5111 3986/7253/5879 3828/7255/5881
f 3913/7254/5880 3884/7256/5882 3828/7255/5881
f 3807/7257/5202 3828/7255/5881 3884/7256/5882
f 3884/7256/5882 3912/7258/5203 3807/7257/5202
f 3829/7175/5841 3807/7257/5202 3912/7258/5203
f 3807/7257/5202 3829/7175/5841 4006/7172/5111
f 3912/7258/5203 3949/7259/5204 3829/7175/5841
f 3987/7176/5115 3829/7175/5841 3949/7259/5204
f 3949/7259/5204 3911/7260/5205 3830/7261/5206
f 3830/7261/5206 3987/7176/5115 3949/7259/5204
f 3911/7260/5205 3883/7262/4655 3830/7261/5206
f 3831/7263/5208 3830/7261/5206 3883/7262/4655
f 3883/7262/4655 3910/7264/5883 3831/7263/5208
f 3832/7265/5884 3831/7263/5208 3910/7264/5883
f 3831/7263/5208 3832/7265/5884 4006/7172/5111
f 3910/7264/5883 3950/7266/5211 3832/7265/5884
f 3988/7267/5212 3832/7265/5884 3950/7266/5211
f 3950/7266/5211 3909/7268/5885 3833/7269/5213
f 3833/7269/5213 3988/7267/5212 3950/7266/5211
f 3909/7268/5885 3882/7270/5214 3833/7269/5213
f 3834/7271/5886 3833/7269/5213 3882/7270/5214
f 3882/7270/5214 3908/7272/5887 3834/7271/5886
f 3835/7273/5217 3834/7271/5886 3908/7272/5887
f 3834/7271/5886 3835/7273/5217 3833/7269/5213
f 3908/7272/5887 3951/7274/5218 3835/7273/5217
f 3989/7275/5888 3835/7273/5217 3951/7274/5218
f 3951/7274/5218 3907/7276/5220 3836/7177/5116
f 3836/7177/5116 3989/7275/5888 3951/7274/5218
f 4006/7172/5111 3989/7275/484 3836/7177/5116
f 3907/7276/5220 3881/7277/5221 3836/7177/5116
f 3837/7178/5117 3836/7177/5116 3881/7277/5221
f 3881/7277/5221 3990/7278/5222 3837/7178/5117
f 3837/7178/5117 3990/7278/5222 4006/7172/5111
f 3991/7279/5223 3990/7278/5224 3952/7280/5889
f 3952/7280/5889 3905/7197/5847 3812/7199/5849
f 3812/7199/5849 3991/7279/5223 3952/7280/5889
f 3991/7279/5226 3812/7199/5849 4006/7172/5111
f 3924/7281/5890 3891/7282/5891 3838/7180/5118
f 3839/7181/5892 3838/7180/5118 3891/7282/5891
f 3891/7282/5891 3963/7283/5230 3839/7181/5892
f 3840/7284/5231 3839/7181/5892 3963/7283/5230
f 3839/7181/153 3840/7284/5232 3972/7179/263
f 3963/7283/5230 3992/7285/5233 3840/7284/5231
f 3992/7285/5234 3926/7286/5893 4008/7184/5121
f 3926/7286/5893 3892/7287/5894 4008/7184/5121
f 3841/7182/5119 4008/7184/5121 3892/7287/5894
f 3892/7287/5894 3925/7288/5895 3841/7182/5119
f 3842/7183/5120 3841/7182/5119 3925/7288/5895
f 3925/7288/5895 3959/7289/4688 3842/7183/5120
f 3974/7185/5122 3842/7183/5120 3959/7289/4688
f 3959/7289/4688 3937/7290/5896 3843/7186/5842
f 3843/7186/5842 3974/7185/5122 3959/7289/4688
f 3937/7290/5896 3893/7291/5897 3843/7186/5842
f 3844/7187/5843 3843/7186/5842 3893/7291/5897
f 3893/7291/5897 3993/7292/5898 3844/7187/5843
f 3844/7187/5843 3993/7292/5898 3972/7179/263
f 3994/7293/5241 3927/7294/5899 3845/7295/5900
f 3927/7294/5899 3894/7296/5901 3845/7295/5900
f 3846/7297/5245 3845/7295/5900 3894/7296/5901
f 3894/7296/5901 3847/7298/5246 3846/7297/5245
f 3846/7297/5245 3847/7298/5246 3972/7179/263
f 3995/7299/5247 3928/7300/5248 4009/7301/5902
f 3995/7299/5247 4009/7301/5902 3972/7179/263
f 3928/7300/5248 3895/7302/5903 4009/7301/5902
f 3848/7303/5251 4009/7301/5902 3895/7302/5903
f 3895/7302/5903 3802/7304/5904 3848/7303/5251
f 3848/7303/5251 3802/7304/5904 3972/7179/263
f 3996/7305/5905 3802/7304/5904 3958/7306/5906
f 3996/7305/5905 3972/7179/263 3802/7304/5904
f 3958/7306/5906 3930/7307/5907 3849/7308/5256
f 3849/7308/5256 3996/7305/5905 3958/7306/5906
f 3972/7179/263 3996/7305/5905 3849/7308/5256
f 3930/7307/5907 3896/7309/5257 3849/7308/5256
f 3808/7310/5908 3849/7308/5256 3896/7309/5257
f 3896/7309/5257 3929/7311/5909 3808/7310/5908
f 3850/7188/5125 3808/7310/5908 3929/7311/5909
f 3808/7310/153 3850/7188/5125 3972/7179/263
f 3929/7311/5909 3957/7312/5910 3850/7188/5125
f 3997/7189/5126 3850/7188/5125 3957/7312/5910
f 3957/7312/5910 3940/7313/5261 3851/7190/5844
f 3851/7190/5844 3997/7189/5126 3957/7312/5910
f 3940/7313/5261 3897/7314/5911 3851/7190/5844
f 3809/7315/5263 3851/7190/5844 3897/7314/5911
f 3897/7314/5911 3803/7316/5912 3809/7315/5263
f 3809/7315/5263 3803/7316/5912 3972/7179/263
f 3998/7317/5913 3972/7179/263 3803/7316/5912
f 3998/7317/5913 3942/7318/5914 3852/7191/5845
f 3998/7317/5913 3852/7191/5845 3972/7179/263
f 3942/7318/5914 3898/7319/5915 3852/7191/5845
f 3810/7320/5268 3852/7191/5845 3898/7319/5915
f 3898/7319/5915 3931/7321/5916 3810/7320/5268
f 3999/7192/5846 3810/7320/5268 3931/7321/5916
f 3810/7320/5268 3999/7192/5846 3852/7191/5845
f 3931/7321/5916 3961/7322/5270 3999/7192/5846
f 3788/7323/5271 3999/7192/5846 3961/7322/5270
f 3961/7322/5270 3943/7324/5917 3853/7325/5918
f 3853/7325/5918 3788/7323/5271 3961/7322/5270
f 3943/7324/5917 3899/7326/5919 3853/7325/5918
f 3854/7327/5274 3853/7325/5918 3899/7326/5919
f 3899/7326/5919 3932/7328/5920 3854/7327/5274
f 4000/7329/5921 3854/7327/5274 3932/7328/5920
f 3854/7327/5274 4000/7329/5277 3972/7179/263
f 3932/7328/5920 4001/7330/5922 4000/7329/5921
f 4001/7330/5923 3944/7331/5280 4010/7193/5130
f 4001/7330/5923 4010/7193/5130 3972/7179/263
f 3944/7331/5280 3900/7332/5924 4010/7193/5130
f 3855/7194/5131 4010/7193/5130 3900/7332/5924
f 3900/7332/5924 4002/7333/5925 3855/7194/5131
f 3855/7194/5131 4002/7333/5925 3972/7179/263
f 4003/7334/5283 3933/7335/5926 3973/7195/5132
f 3933/7335/5926 3901/7336/5927 3973/7195/5132
f 3811/7337/5928 3973/7195/5132 3901/7336/5927
f 3901/7336/5927 3856/7338/5929 3811/7337/5928
f 3811/7337/5928 3856/7338/5929 3973/7195/5132
f 3856/7338/5929 3960/7339/5930 4004/7196/5133
f 3960/7339/5930 3946/7340/5289 3857/7341/5931
f 3857/7341/5931 4004/7196/5133 3960/7339/5930
f 3946/7340/5289 3902/7342/5291 3857/7341/5931
f 3858/7343/5932 3857/7341/5931 3902/7342/5291
f 3902/7342/5291 3964/7344/5293 3858/7343/5932
f 3859/7345/5294 3858/7343/5932 3964/7344/5293
f 3858/7343/5932 3859/7345/5294 3972/7179/263
f 3964/7344/5293 4005/7346/5295 3859/7345/5294
f 3859/7345/5294 4005/7346/5295 3972/7179/263
f 4005/7346/5295 3924/7281/5890 3838/7180/5118
f 3812/7199/5849 3804/7200/5137 4006/7172/5111
f 3813/7202/5852 3975/7203/5142 4006/7172/5111
f 3814/7205/5144 3805/7207/5146 4006/7172/5111
f 3976/7208/5147 3977/7209/5153 4006/7172/5111
f 3815/7212/5152 3816/7214/5155 4006/7172/5111
f 4006/7172/5111 3978/7217/5859 3818/7173/5112
f 3979/7220/5161 3980/7221/5167 4006/7172/5111
f 3820/7224/5166 3821/7226/5169 4006/7172/5111
f 3981/7227/5170 3982/7228/5176 4006/7172/5111
f 3822/7231/5175 3806/7233/5178 4006/7172/5111
f 3824/7239/5184 3971/7241/5186 4006/7172/5111
f 3984/7243/5188 3985/7245/5874 4006/7172/5111
f 3825/7247/5876 3826/7249/5194 4006/7172/5111
f 3827/7251/5196 3986/7253/5879 4006/7172/5111
f 3828/7255/5881 3807/7257/5202 4006/7172/5111
f 3987/7176/5115 3830/7261/5206 4006/7172/5111
f 3830/7261/5206 3831/7263/5208 4006/7172/5111
f 3832/7265/5884 3988/7267/484 4006/7172/5111
f 4006/7172/5111 3988/7267/484 3833/7269/5213
f 3835/7273/5217 3989/7275/484 4006/7172/5111
f 3990/7278/5222 3991/7279/5226 4006/7172/5111
f 3840/7284/5232 3992/7285/5234 3972/7179/263
f 3972/7179/263 3992/7285/5234 4008/7184/5121
f 3993/7292/5898 3994/7293/5241 3972/7179/263
f 3972/7179/263 3994/7293/5241 3845/7295/5900
f 3845/7295/5900 3846/7297/5245 3972/7179/263
f 3847/7298/5246 3995/7299/5247 3972/7179/263
f 4009/7301/5902 3848/7303/5251 3972/7179/263
f 3849/7308/5256 3808/7310/153 3972/7179/263
f 3851/7190/5844 3809/7315/5263 3972/7179/263
f 4000/7329/5277 4001/7330/5923 3972/7179/263
f 4002/7333/5925 4003/7334/5283 3972/7179/263
f 4003/7334/5283 3973/7195/5132 3972/7179/263
f 4004/7196/5133 3973/7195/5132 3856/7338/5929
f 4004/7196/5133 3857/7341/5931 3972/7179/263
f 3857/7341/5931 3858/7343/5932 3972/7179/263
f 3972/7179/263 4005/7346/5295 3838/7180/5118
f 3983/7237/484 4006/7172/5111 3823/7235/5869
f 3788/7323/5271 3972/7179/263 3999/7192/5846
f 3972/7179/263 3853/7325/5918 3854/7327/5274
f 3833/7269/5213 3835/7273/5217 4006/7172/5111
f 3853/7325/5918 3972/7179/263 3788/7323/5271
f 3905/7347/5296 3870/7035/5790 3860/7032/4930
f 3860/7032/4930 3879/7348/5933 3905/7347/5296
f 3926/7349/5934 3934/7034/4932 3790/7033/5789
f 3790/7033/5789 3892/7350/5935 3926/7349/5934
f 3906/7351/5936 3935/7038/4936 3861/7037/4935
f 3861/7037/4935 3880/7352/5301 3906/7351/5936
f 3791/7036/4934 3891/7039/4937 3924/7353/5302
f 3907/7354/5937 3936/7043/4941 3862/7040/4938
f 3862/7040/4938 3881/7355/5938 3907/7354/5937
f 3792/7041/4939 3893/7356/5939 3937/7042/4940
f 3882/7357/5940 3871/7047/4944 4020/7045/4400
f 3871/7047/4944 3882/7357/5940 3909/7358/5307
f 3793/7046/4943 3894/7359/5941 3927/7044/4942
f 3911/7360/5309 3872/7051/5791 3863/7049/4946
f 3863/7049/4946 3883/7361/5942 3911/7360/5309
f 3794/7050/4947 3895/7362/5311 3928/7048/4945
f 3913/7363/5943 3938/7054/5793 3864/7053/4949
f 3864/7053/4949 3884/7364/5313 3913/7363/5943
f 3795/7052/5792 3896/7055/4951 3930/7365/5944
f 3915/7366/5945 3939/7059/4954 3865/7056/4952
f 3865/7056/4952 3885/7367/5316 3915/7366/5945
f 3796/7057/4953 3897/7368/5317 3940/7058/4413
f 3917/7369/5946 3941/7063/4418 3866/7060/4955
f 3866/7060/4955 3886/7370/5319 3917/7369/5946
f 3797/7061/4956 3898/7371/5947 3942/7062/5794
f 3919/7372/5948 3873/7067/4422 3867/7064/4419
f 3867/7064/4419 3887/7373/5322 3919/7372/5948
f 3798/7065/4958 3899/7374/5949 3943/7066/5795
f 3920/7375/5950 3874/7071/5796 3868/7069/4962
f 3868/7069/4962 3888/7376/5325 3920/7375/5950
f 3799/7070/4963 3900/7377/5326 3944/7068/4961
f 3889/7378/5327 3875/7072/4964 4022/7074/4966
f 3875/7072/4964 3889/7378/5327 3921/7379/5951
f 3901/7380/5329 3800/7073/5797 4021/7075/4967
f 3800/7073/5797 3901/7380/5329 3933/7381/5952
f 3923/7382/5953 3945/7079/4971 3869/7077/5798
f 3869/7077/5798 3890/7383/5954 3923/7382/5953
f 3801/7078/4970 3902/7384/5333 3946/7076/4968
f 3870/7035/4973 3905/7347/5955 3952/7081/4975
f 3892/7350/5335 3790/7033/5799 4013/7080/5800
f 4013/7080/5800 3925/7385/5336 3892/7350/5335
f 3926/7386/5956 3903/7084/5801 3934/7083/4977
f 3903/7084/5801 3926/7386/5956 3992/7387/5338
f 3860/7082/4976 4011/7085/4979 3879/7388/5339
f 3975/7389/5340 4012/7089/5803 3935/7086/4980
f 3935/7086/4980 3906/7390/5957 3975/7389/5340
f 3924/7353/5958 3904/7090/4986 3791/7036/5805
f 3904/7090/4986 3924/7353/5958 4005/7391/5343
f 3976/7392/5959 3861/7037/5804 3789/7091/5806
f 3861/7037/5804 3976/7392/5959 3880/7352/5960
f 3936/7043/4988 3907/7354/5346 3951/7093/5809
f 3893/7356/5961 3792/7041/5808 4014/7092/5807
f 4014/7092/5807 3993/7393/5348 3893/7356/5961
f 4023/7096/4994 3937/7095/4993 3959/7394/5349
f 3990/7395/5350 3862/7094/4992 3962/7097/4995
f 3862/7094/4992 3990/7395/5350 3881/7396/5351
f 3871/7098/4996 3909/7397/5962 3950/7101/4999
f 3894/7398/5963 3793/7100/4998 4015/7099/5810
f 4015/7099/5810 3847/7399/5354 3894/7398/5963
f 4024/7102/5001 3927/7044/5811 3994/7400/5355
f 3908/7401/5964 4020/7045/4463 3965/7103/4466
f 4020/7045/4463 3908/7401/5964 3882/7357/5965
f 3949/7402/5966 3876/7105/5813 3872/7051/5002
f 3872/7051/5002 3911/7360/5358 3949/7402/5966
f 3895/7362/5359 3794/7050/5812 4016/7104/5003
f 4016/7104/5003 3802/7403/5360 3895/7362/5359
f 4025/7108/5008 3928/7107/5814 3995/7404/5361
f 3910/7405/5362 3863/7106/5006 3966/7109/5009
f 3863/7106/5006 3910/7405/5362 3883/7406/5967
f 3948/7407/5364 3877/7111/5013 3938/7054/5010
f 3938/7054/5010 3913/7363/5365 3948/7407/5364
f 3930/7408/5968 4026/7114/5818 3795/7113/5817
f 4026/7114/5818 3930/7408/5968 3958/7409/5969
f 3864/7112/5816 3912/7115/5017 3884/7410/5970
f 3947/7411/5369 3878/7119/5021 3939/7116/5819
f 3939/7116/5819 3915/7412/5971 3947/7411/5369
f 3897/7413/5371 3796/7118/5821 4017/7117/5820
f 4017/7117/5820 3803/7414/5372 3897/7413/5371
f 4027/7120/5024 3940/7058/5023 3957/7415/5972
f 3865/7056/5022 3914/7121/5025 3885/7367/5973
f 3941/7063/5027 3917/7369/5974 3956/7123/5822
f 3898/7371/5975 3797/7061/5026 3931/7122/5028
f 4028/7126/5032 3942/7125/5031 3998/7416/5976
f 3866/7124/5030 3916/7127/5033 3886/7417/5977
f 3873/7067/4499 3919/7372/5978 3955/7418/5824
f 3899/7374/5979 3798/7065/5823 3932/7128/4500
f 4029/7134/5038 3943/7133/5037 3961/7419/5381
f 3918/7420/5980 3867/7132/5036 3967/7135/5825
f 3867/7132/5036 3918/7420/5980 3887/7421/5383
f 3874/7136/5040 3920/7422/5981 3954/7139/5826
f 3900/7423/5385 3799/7138/5042 4018/7137/5041
f 4018/7137/5041 4002/7424/5982 3900/7423/5385
f 4030/7140/5046 3944/7068/5045 4001/7425/5387
f 3981/7426/5388 3868/7069/5827 3968/7141/5047
f 3868/7069/5827 3981/7426/5388 3888/7376/5389
f 3978/7427/5390 4007/7143/5051 3875/7072/5048
f 3875/7072/5048 3921/7379/5391 3978/7427/5390
f 3901/7380/5983 4021/7075/5050 4019/7142/5049
f 4019/7142/5049 3856/7428/5984 3901/7380/5983
f 3933/7429/5394 4031/7146/5828 3800/7145/4520
f 4031/7146/5828 3933/7429/5394 4003/7430/5985
f 3979/7431/5986 4022/7144/5052 3969/7147/5054
f 4022/7144/5052 3979/7431/5986 3889/7432/5987
f 3945/7079/5056 3923/7382/5988 3953/7149/5058
f 3902/7384/5989 3801/7078/5055 3964/7148/5057
f 4032/7152/5061 3946/7151/5829 3960/7433/5990
f 3922/7434/5401 3869/7150/5059 3970/7153/5062
f 3869/7150/5059 3922/7434/5401 3890/7435/5991
f 3962/7154/5065 3952/7081/5830 3990/6451/5992
f 3959/7436/5993 4013/7080/5063 4023/7155/5066
f 4013/7080/5063 3959/7436/5993 3925/7385/5405
f 3903/7084/5067 3992/7387/5406 3963/7157/5070
f 4012/7156/5068 3975/7437/5994 4011/7085/5831
f 3904/7090/5074 4005/7391/5408 3964/7148/5071
f 3789/7091/5073 3953/7149/5072 3976/7392/5409
f 3965/7103/5833 3951/7093/5832 3908/7401/5410
f 3993/7393/5995 4014/7092/5075 4024/7102/5078
f 4024/7102/5078 3994/7400/5996 3993/7393/5995
f 3966/7109/5834 3950/7159/5080 3910/7405/5997
f 3995/7404/5414 4015/7158/5079 4025/7108/5082
f 4015/7158/5079 3995/7404/5414 3847/7438/5998
f 3876/7105/5835 3949/7402/5999 3912/7161/5086
f 3802/7403/5417 4016/7104/5085 4026/7160/5084
f 4026/7160/5084 3958/7439/5418 3802/7403/5417
f 3877/7111/5087 3948/7407/5419 3914/7121/5836
f 4027/7120/5088 3957/7415/5420 3929/7110/5089
f 3878/7162/5091 3947/7440/5421 3916/7127/5094
f 3803/7441/5422 4017/7163/5093 4028/7126/5092
f 4028/7126/5092 3998/7416/5423 3803/7441/5422
f 3967/7164/5097 3956/7123/5837 3918/7442/6000
f 4029/7165/5098 3961/7443/6001 3931/7122/5095
f 3968/7141/5101 3955/7167/5100 3981/7426/6002
f 4030/7140/5102 4001/7425/6003 3932/7166/5099
f 3969/7147/5838 3954/7169/5104 3979/7431/6004
f 4002/7444/5429 4018/7168/5103 4031/7146/5839
f 4031/7146/5839 4003/7430/6005 4002/7444/5429
f 3978/7427/5431 3970/7170/5109 4007/7143/5108
f 3970/7170/5109 3978/7427/5431 3922/7445/6006
f 3960/7446/5433 4019/7142/5107 4032/7171/5110
f 4019/7142/5107 3960/7446/5433 3856/7428/5434
f 4046/6461/4905 4034/6462/4905 4033/6463/4905
f 4033/6463/4905 4045/6464/4905 4046/6461/4905
f 4047/6465/5435 4035/6466/5436 4034/6462/4910
f 4034/6462/4910 4046/6461/4910 4047/6465/5435
f 4048/6467/5437 4036/6468/4911 4035/6469/5436
f 4035/6469/5436 4047/6470/5435 4048/6467/5437
f 4049/6471/4912 4037/6472/4913 4036/6468/4914
f 4036/6468/4914 4048/6467/5438 4049/6471/4912
f 4050/6473/4915 4038/6474/4915 4037/6475/4913
f 4037/6475/4913 4049/6476/4912 4050/6473/4915
f 4051/6477/4916 4039/6478/4917 4038/6474/4918
f 4038/6474/4918 4050/6473/4918 4051/6477/4916
f 4052/6479/4919 4040/6480/4920 4039/6478/4917
f 4039/6478/4917 4051/6477/4916 4052/6479/4919
f 4053/6481/4921 4041/6482/4921 4040/6483/4920
f 4040/6483/4920 4052/6484/4919 4053/6481/4921
f 4054/6485/4922 4042/6486/4923 4041/6482/4924
f 4041/6482/4924 4053/6481/4924 4054/6485/4922
f 4055/6487/4925 4043/6488/4925 4042/6486/4923
f 4042/6486/4923 4054/6485/4922 4055/6487/4925
f 4056/6489/4926 4044/6490/4927 4043/6488/4928
f 4043/6488/4928 4055/6487/4928 4056/6489/4926
f 4045/6464/5439 4033/6463/5439 4044/6491/4927
f 4044/6491/4927 4056/6492/4926 4045/6464/5439
f 4043/6493/484 4044/6494/484 4033/6495/484
f 4042/6496/484 4043/6493/484 4033/6495/484
f 4041/6497/484 4042/6496/484 4033/6495/484
f 4040/6498/484 4041/6497/484 4033/6495/484
f 4039/6499/484 4040/6498/484 4033/6495/484
f 4038/6500/484 4039/6499/484 4033/6495/484
f 4037/6501/484 4038/6500/484 4033/6495/484
f 4036/6502/484 4037/6501/484 4033/6495/484
f 4035/6503/484 4036/6502/484 4033/6495/484
f 4034/6504/272 4035/6503/484 4033/6495/484
f 4047/6505/153 4046/6506/153 4045/6507/153
f 4048/6508/153 4047/6505/153 4045/6507/153
f 4045/6507/153 4055/6509/153 4054/6510/153
f 4045/6507/153 4054/6510/153 4053/6511/153
f 4045/6507/153 4053/6511/153 4052/6512/153
f 4045/6507/153 4052/6512/153 4051/6513/153
f 4045/6507/153 4051/6513/153 4050/6514/153
f 4045/6507/153 4050/6514/153 4049/6515/153
f 4048/6508/153 4045/6507/153 4049/6515/153
f 4056/6516/153 4055/6509/153 4045/6507/153
f 4077/6517/5440 4067/6518/5441 4078/6519/5442
f 4078/6519/5442 4079/6520/5443 4077/6517/5440
f 4076/6521/5444 4102/6522/5445 4079/6520/5443
f 4079/6520/5443 4078/6519/5442 4076/6521/5444
f 4080/6523/5446 4081/6524/5447 4102/6522/5445
f 4102/6522/5445 4076/6521/5444 4080/6523/5446
f 4057/6525/5448 4068/6526/5449 4081/6527/5447
f 4081/6527/5447 4080/6528/5446 4057/6525/5448
f 4068/6526/5449 4057/6525/5448 4083/6529/6007
f 4082/6530/5451 4083/6529/6007 4057/6525/5448
f 4058/6531/5452 4103/6532/5453 4083/6529/6007
f 4083/6529/6007 4082/6530/5451 4058/6531/5452
f 4103/6532/5453 4058/6531/5452 4084/6533/5454
f 4084/6533/5454 4085/6534/6008 4103/6532/5453
f 4085/6534/6008 4084/6533/5454 4059/6535/5456
f 4059/6535/5456 4069/6536/5457 4085/6534/6008
f 4069/6536/5457 4059/6535/5456 4086/6537/5458
f 4086/6537/5458 4087/6538/5459 4069/6536/5457
f 4060/6539/5460 4070/6540/5461 4087/6541/5459
f 4087/6541/5459 4086/6542/5458 4060/6539/5460
f 4070/6540/5461 4060/6539/5460 4088/6543/5462
f 4088/6543/5462 4089/6544/5463 4070/6540/5461
f 4061/6545/4315 4071/6546/4316 4089/6544/5463
f 4089/6544/5463 4088/6543/5462 4061/6545/4315
f 4071/6546/4316 4061/6545/4315 4091/6547/6009
f 4090/6548/6010 4091/6547/6009 4061/6545/4315
f 4062/6549/5466 4104/6550/5467 4091/6547/6009
f 4091/6547/6009 4090/6548/6010 4062/6549/5466
f 4092/6551/5468 4093/6552/5469 4104/6550/5467
f 4104/6550/5467 4062/6549/5466 4092/6551/5468
f 4063/6553/5470 4072/6554/5471 4093/6555/5469
f 4093/6555/5469 4092/6556/5468 4063/6553/5470
f 4072/6554/5471 4063/6553/5470 4094/6557/5472
f 4094/6557/5472 4095/6558/5473 4072/6554/5471
f 4064/6559/5474 4073/6560/5475 4095/6558/5473
f 4095/6558/5473 4094/6557/5472 4064/6559/5474
f 4073/6560/5475 4064/6559/5474 4096/6561/5476
f 4096/6561/5476 4097/6562/6011 4073/6560/5475
f 4065/6563/5478 4074/6564/5479 4097/6562/6011
f 4097/6562/6011 4096/6561/5476 4065/6563/5478
f 4074/6564/5479 4065/6563/5478 4099/6565/6012
f 4098/6566/6013 4099/6565/6012 4065/6563/5478
f 4099/6567/6012 4098/6568/6013 4066/6569/5482
f 4066/6569/5482 4075/6570/5483 4099/6567/6012
f 4075/6570/5483 4066/6569/5482 4100/6571/5484
f 4100/6571/5484 4101/6572/5485 4075/6570/5483
f 4067/6518/5441 4077/6517/5440 4100/6571/5484
f 4101/6572/5485 4100/6571/5484 4077/6517/5440
f 4057/6573/5486 4076/6574/6014 4067/6575/5488
f 4066/6576/5489 4057/6573/5486 4067/6575/5488
f 4057/6573/5486 4066/6576/5489 4065/6577/5490
f 4064/6578/5491 4057/6573/5486 4065/6577/5490
f 4057/6573/5486 4064/6578/5491 4063/6579/5492
f 4062/6580/5493 4057/6573/5486 4063/6579/5492
f 4057/6573/5486 4062/6580/5493 4061/6581/6015
f 4060/6582/5495 4057/6573/5486 4061/6581/6015
f 4057/6573/5486 4060/6582/5495 4059/6583/6016
f 4058/6584/5497 4057/6573/5486 4059/6583/6016
f 4102/6585/5498 4068/6586/5499 4103/6587/6017
f 4069/6588/5501 4102/6585/5498 4103/6587/6017
f 4102/6585/5498 4069/6588/5501 4070/6589/5502
f 4071/6590/5503 4102/6585/5498 4070/6589/5502
f 4102/6585/5498 4071/6590/5503 4104/6591/5504
f 4072/6592/5505 4102/6585/5498 4104/6591/5504
f 4102/6585/5498 4072/6592/5505 4073/6593/5506
f 4074/6594/5507 4102/6585/5498 4073/6593/5506
f 4102/6585/5498 4074/6594/5507 4075/6595/5508
f 4077/6596/5509 4102/6585/5498 4075/6595/5508
f 4067/6575/5488 4076/6574/6014 4078/6597/6018
f 4066/6576/5489 4067/6575/5488 4100/6598/6019
f 4065/6577/5490 4066/6576/5489 4098/6599/5512
f 4064/6578/5491 4065/6577/5490 4096/6600/5513
f 4063/6579/5492 4064/6578/5491 4094/6601/5514
f 4062/6580/5493 4063/6579/5492 4092/6602/6020
f 4061/6581/6015 4062/6580/5493 4090/6603/5516
f 4060/6582/5495 4061/6581/6015 4088/6604/5517
f 4059/6583/6016 4060/6582/5495 4086/6605/6021
f 4058/6584/5497 4059/6583/6016 4084/6606/5519
f 4057/6573/5486 4058/6584/5497 4082/6607/5520
f 4076/6574/6014 4057/6573/5486 4080/6608/5521
f 4102/6585/5498 4077/6596/5509 4079/6609/5522
f 4068/6586/5499 4102/6585/5498 4081/6610/6022
f 4103/6587/6017 4068/6586/5499 4083/6611/5524
f 4069/6588/5501 4103/6587/6017 4085/6612/6023
f 4070/6589/5502 4069/6588/5501 4087/6613/6024
f 4071/6590/5503 4070/6589/5502 4089/6614/6025
f 4104/6591/5504 4071/6590/5503 4091/6615/6026
f 4072/6592/5505 4104/6591/5504 4093/6616/5529
f 4073/6593/5506 4072/6592/5505 4095/6617/6027
f 4074/6594/5507 4073/6593/5506 4097/6618/6028
f 4075/6595/5508 4074/6594/5507 4099/6619/6029
f 4077/6596/5509 4075/6595/5508 4101/6620/5533
