# Blender 4.0.0
# www.blender.org
o Refrigerator033_Drawer004
v 0.326506 0.159102 0.114297
v 0.326520 -0.122565 0.114311
v 0.309893 0.161012 -0.039161
v 0.316642 0.160876 -0.038189
v 0.317162 0.159103 -0.039161
v 0.321833 0.160602 -0.035758
v 0.309893 0.162375 -0.036244
v 0.315604 0.162238 -0.035758
v 0.320276 0.161829 -0.034300
v 0.309894 -0.167248 -0.040134
v 0.316642 -0.173122 -0.038190
v 0.309893 -0.173574 -0.039161
v 0.315604 -0.177641 -0.035758
v 0.309893 -0.178093 -0.036244
v 0.321833 -0.172219 -0.035758
v 0.320276 -0.176286 -0.034300
v 0.309893 -0.180805 -0.031383
v 0.316642 -0.179901 -0.030897
v 0.317161 -0.180804 -0.024580
v 0.321833 -0.177641 -0.029924
v 0.324429 0.160876 -0.030897
v 0.325467 0.161012 -0.024576
v 0.321833 0.162238 -0.029924
v 0.326507 -0.167306 -0.024551
v 0.324429 -0.173122 -0.030897
v 0.325467 -0.167248 -0.031383
v 0.309894 0.163465 -0.024575
v 0.316642 0.162920 -0.030897
v 0.309893 0.163192 -0.031383
v 0.041557 0.159103 -0.040134
v 0.041557 0.161011 -0.039161
v 0.041557 0.162375 -0.036244
v 0.322353 -0.167248 -0.036244
v 0.309808 -0.181717 0.052388
v 0.322100 -0.178314 0.050879
v 0.325467 -0.173576 -0.024574
v 0.322351 -0.178094 -0.024578
v 0.322353 0.159103 -0.036244
v 0.326394 -0.166468 0.051826
v 0.325467 -0.157544 0.068601
v 0.325277 -0.171948 0.054227
v 0.322353 -0.160934 0.071836
v 0.322100 -0.176249 0.056140
v 0.309894 -0.163646 0.074424
v 0.309894 -0.179628 0.057698
v 0.316946 -0.178786 0.057325
v 0.317162 -0.162969 0.073777
v 0.309894 -0.150239 0.093326
v 0.317162 -0.149469 0.092809
v 0.322353 -0.147157 0.091262
v 0.309924 -0.137609 0.114327
v 0.309922 -0.137784 0.113532
v 0.317221 -0.136840 0.113519
v 0.317224 -0.136663 0.114330
v 0.322394 -0.133834 0.114339
v 0.309893 -0.141487 0.103343
v 0.317162 -0.140631 0.103012
v 0.322353 -0.138062 0.102017
v 0.322353 0.162375 0.114299
v 0.326506 -0.127788 0.098036
v 0.325467 -0.133782 0.100358
v 0.326506 -0.137909 0.085064
v 0.325467 -0.143304 0.088679
v 0.320894 -0.020108 0.054195
v 0.041958 -0.136921 0.101575
v 0.309496 -0.133074 0.113506
v 0.309495 -0.146129 0.090573
v 0.314845 0.160403 -0.033399
v 0.309453 0.160522 -0.034172
v 0.309487 0.158997 -0.034948
v 0.317885 0.160191 -0.032061
v 0.314042 0.161208 -0.032083
v 0.309532 0.161315 -0.032467
v 0.316951 0.160956 -0.031185
v 0.314845 -0.171559 -0.033399
v 0.315296 -0.166864 -0.034172
v 0.314033 -0.174204 -0.032061
v 0.317908 -0.170860 -0.032083
v 0.318318 -0.166933 -0.032467
v 0.316951 -0.173392 -0.031186
v 0.314845 -0.175449 -0.029214
v 0.309453 -0.176167 -0.029635
v 0.317885 -0.174204 -0.028454
v 0.319314 0.160403 -0.029214
v 0.320139 0.158988 -0.029635
v 0.317885 0.161202 -0.028454
v 0.319314 -0.171559 -0.029214
v 0.320139 -0.171950 -0.024165
v 0.314845 0.161576 -0.029214
v 0.315295 0.161794 -0.024164
v 0.309487 -0.065392 -0.034948
v 0.315295 0.158988 -0.034172
v 0.318318 0.159009 -0.032467
v 0.315295 -0.176167 -0.024165
v 0.318316 -0.174583 -0.024242
v 0.320139 0.160522 -0.024163
v 0.318318 0.161315 -0.024237
v 0.319950 -0.172420 0.048162
v 0.320968 -0.166898 -0.024196
v 0.318071 -0.174792 0.049280
v 0.320139 -0.166864 -0.029635
v 0.315270 0.161795 0.114298
v 0.318313 0.161315 0.114292
v 0.320135 -0.156349 0.067461
v 0.320968 -0.152545 0.063855
v 0.319925 -0.170409 0.053497
v 0.318285 -0.158334 0.069355
v 0.318071 -0.172726 0.054541
v 0.309501 0.162012 0.114299
v 0.314868 -0.174176 0.055229
v 0.309279 -0.174819 0.055512
v 0.315244 -0.159494 0.070462
v 0.315232 -0.145522 0.090165
v 0.318242 -0.144194 0.089276
v 0.315219 -0.136248 0.101313
v 0.309493 -0.136921 0.101575
v 0.318218 -0.134783 0.100746
v 0.318338 -0.130438 0.114237
v 0.320982 -0.122282 0.114302
v 0.320152 -0.127687 0.114289
v 0.320129 -0.132307 0.099787
v 0.320132 -0.141959 0.087779
v 0.325398 0.159083 0.115337
v 0.309813 -0.136426 0.115337
v 0.316775 -0.135537 0.115337
v 0.315609 -0.132880 0.115337
v 0.309577 -0.133659 0.115337
v 0.321536 -0.132983 0.115337
v 0.319136 -0.130947 0.115337
v 0.316783 0.162913 0.115337
v 0.309815 0.163174 0.115337
v 0.315649 0.162074 0.115337
v 0.321545 0.162163 0.115337
v 0.319123 0.161527 0.115337
v 0.324400 -0.128716 0.115337
v 0.321188 -0.127888 0.115337
v 0.324402 0.160913 0.115337
v 0.321208 0.160614 0.115337
v 0.322076 0.159020 0.115337
v 0.041577 0.163392 0.115077
v 0.309874 0.163392 0.115077
v 0.326233 -0.122532 0.115080
v 0.317080 -0.136281 0.115084
v 0.309882 -0.137204 0.115084
v 0.322163 -0.133546 0.115086
v 0.317161 0.163192 0.114299
v 0.317067 0.163122 0.115077
v 0.322150 0.162321 0.115077
v 0.325505 -0.129134 0.114346
v 0.325211 -0.128986 0.115084
v 0.325201 0.160987 0.115077
v 0.315216 -0.132162 0.114196
v 0.309496 -0.132905 0.114324
v 0.315319 -0.132238 0.115083
v 0.318530 -0.130473 0.115084
v 0.315366 0.161864 0.115077
v 0.309520 0.162083 0.115077
v 0.318518 0.161368 0.115077
v 0.320397 -0.127678 0.115083
v 0.321256 -0.122243 0.115082
v 0.320144 0.160513 0.114294
v 0.320410 0.160540 0.115077
v 0.326228 0.159098 0.115077
v 0.326467 -0.167181 0.048852
v 0.041558 0.163465 0.114298
v 0.317053 -0.180317 0.054889
v 0.309853 -0.181191 0.055287
v 0.322226 -0.177687 0.053694
v 0.325252 -0.174103 0.048954
v 0.325366 -0.173299 0.051708
v 0.042015 -0.176889 0.050210
v 0.309399 -0.176371 0.053096
v 0.320954 0.089046 0.053407
v 0.314863 -0.176261 0.049914
v 0.309437 -0.176889 0.050210
v 0.314970 -0.175706 0.052794
v 0.318194 -0.174170 0.052096
v 0.320039 -0.171686 0.050961
v 0.320931 -0.166819 0.048686
v 0.041557 0.163465 -0.024577
v 0.309893 -0.181709 -0.024575
v 0.322235 -0.178195 0.025972
v 0.322353 0.162375 -0.024577
v 0.320969 0.158996 -0.024189
v 0.320946 0.133776 0.057225
v 0.320969 0.158999 0.114297
v 0.304518 0.020529 -0.036957
v 0.058456 0.020529 -0.036957
v 0.058456 -0.003625 -0.036957
v 0.304518 -0.003625 -0.036957
v 0.320968 -0.063622 -0.024198
v 0.320964 0.159009 0.063906
v 0.321245 0.159006 0.115077
v 0.309487 -0.176888 -0.024196
v 0.309487 0.162012 -0.024195
v 0.309497 -0.160030 0.070973
v 0.309453 -0.171951 -0.034172
v 0.309532 -0.174582 -0.032467
v 0.309453 0.161794 -0.029635
v 0.309579 0.162301 0.115337
v 0.309517 -0.132990 0.115083
v 0.305314 0.145310 -0.034951
v 0.305332 -0.156072 -0.034951
v 0.305848 0.054824 -0.034948
v 0.295952 0.037677 -0.034949
v 0.305848 0.075979 -0.034948
v 0.305848 -0.003625 -0.034948
v 0.305848 0.020529 -0.034949
v 0.305848 0.137726 -0.034948
v 0.305848 0.145011 -0.034948
v 0.305848 0.094891 -0.034948
v 0.307476 0.085435 -0.034948
v 0.305848 0.108210 -0.034948
v 0.305848 -0.062073 -0.034948
v 0.305848 -0.037919 -0.034948
v 0.305183 0.054824 -0.035526
v 0.305183 0.075979 -0.035526
v 0.305183 0.075979 -0.036378
v 0.305183 0.054824 -0.036378
v 0.304518 0.021107 -0.035526
v 0.058456 0.021107 -0.035526
v 0.058456 0.021107 -0.036378
v 0.304518 0.021107 -0.036378
v 0.305183 -0.003625 -0.035526
v 0.305183 0.020529 -0.035526
v 0.305183 0.020529 -0.036378
v 0.305183 -0.003625 -0.036378
v 0.057985 0.145154 -0.036425
v 0.304574 0.145162 -0.036780
v 0.305183 0.137726 -0.035526
v 0.305183 0.145011 -0.035526
v 0.305183 0.145011 -0.036378
v 0.305183 0.137726 -0.036378
v 0.057994 0.108470 -0.036439
v 0.304518 0.108529 -0.036378
v 0.305183 0.094891 -0.035526
v 0.305183 0.108210 -0.035526
v 0.305183 0.108210 -0.036378
v 0.305183 0.094891 -0.036378
v 0.305183 -0.062073 -0.035526
v 0.305183 -0.037919 -0.035526
v 0.305183 -0.037919 -0.036378
v 0.305183 -0.062073 -0.036378
v 0.058456 0.053667 -0.034948
v 0.058456 -0.004781 -0.034948
v 0.305329 0.021467 -0.034952
v 0.305287 0.108756 -0.034953
v 0.305287 0.076525 -0.034953
v 0.305274 -0.036926 -0.034953
v 0.058456 -0.063230 -0.034948
v 0.305331 0.053883 -0.034951
v 0.305331 -0.004564 -0.034952
v 0.305331 -0.063013 -0.034952
v 0.304518 0.054824 -0.036957
v 0.304518 0.054390 -0.036813
v 0.304934 0.054463 -0.036740
v 0.305017 0.054824 -0.036813
v 0.304518 0.075979 -0.036957
v 0.305017 0.075979 -0.036813
v 0.304886 0.076201 -0.036775
v 0.305017 0.020529 -0.036813
v 0.304934 0.020890 -0.036740
v 0.304518 0.020963 -0.036813
v 0.304518 -0.004059 -0.036813
v 0.304934 -0.003986 -0.036740
v 0.305017 -0.003625 -0.036813
v 0.304518 0.137726 -0.036957
v 0.304889 0.137603 -0.036772
v 0.305017 0.137726 -0.036813
v 0.304518 0.145011 -0.036957
v 0.305017 0.145011 -0.036813
v 0.304961 0.145133 -0.036704
v 0.304518 0.094891 -0.036957
v 0.304587 0.094615 -0.036771
v 0.305017 0.094891 -0.036813
v 0.304518 0.108210 -0.036957
v 0.305017 0.108210 -0.036813
v 0.304891 0.108424 -0.036779
v 0.304518 -0.037919 -0.036957
v 0.305017 -0.037919 -0.036813
v 0.304934 -0.037558 -0.036740
v 0.304518 -0.037486 -0.036813
v 0.304518 -0.062073 -0.036957
v 0.304518 -0.062506 -0.036813
v 0.304934 -0.062435 -0.036740
v 0.305017 -0.062073 -0.036813
v 0.305106 0.054313 -0.035093
v 0.304518 0.054101 -0.035093
v 0.305349 0.054824 -0.035093
v 0.305106 -0.004136 -0.035093
v 0.304518 -0.004348 -0.035093
v 0.305349 -0.003625 -0.035093
v 0.305361 0.137444 -0.034950
v 0.305035 0.137586 -0.035143
v 0.305349 0.137726 -0.035093
v 0.305342 0.094372 -0.034951
v 0.305106 0.094609 -0.035093
v 0.305349 0.094891 -0.035093
v 0.305106 -0.062585 -0.035093
v 0.304518 -0.062797 -0.035093
v 0.305349 -0.062073 -0.035093
v 0.304518 0.054246 -0.035526
v 0.304988 0.054415 -0.035526
v 0.304518 0.054246 -0.036378
v 0.305017 0.054390 -0.036378
v 0.305349 0.075979 -0.035093
v 0.305106 0.076261 -0.035093
v 0.304988 0.076204 -0.035526
v 0.304980 0.076239 -0.036439
v 0.304562 0.076341 -0.035124
v 0.304988 0.020938 -0.035526
v 0.305106 0.021041 -0.035093
v 0.304518 0.021252 -0.035093
v 0.305017 0.020963 -0.036378
v 0.304518 -0.004203 -0.035526
v 0.304988 -0.004034 -0.035526
v 0.304518 -0.004203 -0.036378
v 0.305017 -0.004059 -0.036378
v 0.305349 0.020529 -0.035093
v 0.304988 0.145134 -0.035526
v 0.305010 0.145190 -0.035102
v 0.304518 0.137522 -0.035112
v 0.304983 0.137579 -0.036402
v 0.305349 0.145011 -0.035093
v 0.304988 0.108435 -0.035526
v 0.305106 0.108492 -0.035093
v 0.304513 0.108583 -0.035119
v 0.305017 0.108449 -0.036378
v 0.304518 0.094517 -0.035116
v 0.304988 0.094665 -0.035526
v 0.304966 0.094672 -0.036700
v 0.305349 0.108210 -0.035093
v 0.304518 -0.062652 -0.035526
v 0.304988 -0.062482 -0.035526
v 0.304518 -0.062652 -0.036378
v 0.305017 -0.062506 -0.036378
v 0.305349 -0.037919 -0.035093
v 0.305106 -0.037408 -0.035093
v 0.304988 -0.037510 -0.035526
v 0.305017 -0.037486 -0.036378
v 0.304518 -0.037342 -0.035526
v 0.304518 -0.037196 -0.035093
v 0.304518 -0.037342 -0.036378
v 0.058456 0.137726 -0.036957
v 0.058456 0.094891 -0.036957
v 0.058456 0.076298 -0.036378
v 0.058072 0.076194 -0.036763
v 0.058079 0.020917 -0.036766
v 0.058456 0.021252 -0.035093
v 0.304518 -0.155133 -0.036957
v 0.304518 -0.083103 -0.036957
v 0.058456 -0.083103 -0.036957
v 0.058456 -0.155133 -0.036957
v 0.320966 -0.048553 0.066807
v 0.320856 -0.166098 0.051674
v 0.320969 -0.127492 0.097922
v 0.320969 -0.137637 0.084882
v 0.309487 -0.166895 -0.034948
v 0.325398 0.017508 0.115337
v 0.322076 -0.122323 0.115337
v 0.320940 -0.063010 0.050406
v 0.305848 -0.083103 -0.034948
v 0.294325 -0.155132 -0.034948
v 0.320977 -0.011060 0.114307
v 0.305331 -0.082161 -0.034951
v 0.058456 -0.156289 -0.034948
v 0.305183 -0.155133 -0.035526
v 0.305183 -0.083103 -0.035526
v 0.305183 -0.083103 -0.036378
v 0.305183 -0.155133 -0.036378
v 0.304518 -0.082524 -0.035526
v 0.058456 -0.082524 -0.035526
v 0.058456 -0.082524 -0.036378
v 0.304518 -0.082524 -0.036378
v 0.304518 -0.155565 -0.036813
v 0.304934 -0.155493 -0.036740
v 0.305017 -0.155133 -0.036813
v 0.305017 -0.083103 -0.036813
v 0.304934 -0.082742 -0.036740
v 0.304518 -0.082668 -0.036813
v 0.305106 -0.155644 -0.035093
v 0.304518 -0.155854 -0.035093
v 0.305349 -0.155133 -0.035093
v 0.305106 -0.082592 -0.035093
v 0.305349 -0.083103 -0.035093
v 0.304518 -0.082379 -0.035093
v 0.304988 -0.155541 -0.035526
v 0.304988 -0.082693 -0.035526
v 0.305017 -0.082668 -0.036378
v 0.305017 -0.155565 -0.036378
v 0.304518 -0.155710 -0.035526
v 0.304518 -0.155710 -0.036378
v 0.058456 -0.082379 -0.035093
v 0.058456 -0.155710 -0.035526
v 0.058456 -0.155854 -0.035093
v 0.326488 -0.167485 0.030092
v 0.326494 -0.134925 0.002513
v 0.326505 0.159104 -0.024577
v 0.325468 0.161011 0.114298
v 0.325371 -0.173815 0.023330
v 0.309893 0.163465 0.114299
v 0.317161 0.163192 -0.024576
v 0.317014 -0.180854 0.051990
v 0.041557 -0.167248 -0.040134
v 0.326505 -0.152754 0.064137
v 0.309893 0.159103 -0.040134
v 0.317162 -0.167248 -0.039161
v 0.325398 -0.122474 0.115337
v 0.322899 -0.133671 0.002519
v 0.322910 0.152955 0.004421
v 0.322910 0.152954 0.031367
v 0.322893 -0.133761 0.028203
v 0.326505 0.159105 0.055701
v 0.325467 0.159103 -0.031383
v 0.326503 0.153261 0.003627
v 0.325774 -0.133669 0.001891
v 0.325785 0.152955 0.003794
v 0.323631 0.152955 0.003794
v 0.323620 -0.133669 0.001891
v 0.325784 0.152954 0.031994
v 0.325766 -0.133762 0.028829
v 0.323612 -0.133762 0.028829
v 0.323630 0.152954 0.031994
v 0.325766 -0.134388 0.028197
v 0.325774 -0.134299 0.002515
v 0.323619 -0.134299 0.002515
v 0.323612 -0.134388 0.028197
v 0.326505 0.152952 0.032620
v 0.326502 0.153277 0.032128
v 0.326483 -0.134783 0.028961
v 0.326486 -0.133767 0.029456
v 0.326505 0.152955 0.003167
v 0.326488 -0.134428 0.001499
v 0.323079 -0.134141 0.002516
v 0.323170 -0.134062 0.002125
v 0.323079 -0.133669 0.002049
v 0.323090 0.152955 0.003950
v 0.323159 0.153088 0.004067
v 0.323117 0.153109 0.031403
v 0.323090 0.152954 0.031837
v 0.323072 -0.133762 0.028673
v 0.323162 -0.134154 0.028591
v 0.323072 -0.134231 0.028199
v 0.326284 0.153103 0.003897
v 0.326325 0.152955 0.003637
v 0.326303 0.153177 0.004426
v 0.325774 -0.134113 0.002073
v 0.326314 -0.134222 0.001962
v 0.326314 -0.133668 0.001735
v 0.323606 0.153115 0.003985
v 0.323620 -0.134140 0.002046
v 0.326329 0.153155 0.031850
v 0.325804 0.153112 0.031775
v 0.323222 0.153087 0.031783
v 0.326325 0.152953 0.032150
v 0.326306 -0.133764 0.028986
v 0.326306 -0.134317 0.028752
v 0.325766 -0.134205 0.028642
v 0.323612 -0.134231 0.028668
v 0.326307 -0.134544 0.028197
v 0.326314 -0.134455 0.002515
v 0.041557 -0.141487 0.103343
v 0.041557 -0.150239 0.093326
v 0.057700 0.021522 -0.034953
v 0.042170 -0.174819 0.055513
v 0.041997 0.160522 -0.034172
v 0.041997 -0.176167 -0.029635
v 0.041931 0.162084 0.115077
v 0.041635 0.163174 0.115337
v 0.041598 -0.181191 0.055287
v 0.041644 -0.181717 0.052397
v 0.041558 -0.181709 -0.024575
v 0.041955 -0.132905 0.114324
v 0.058456 0.054246 -0.036378
v 0.058456 0.054246 -0.035526
v 0.058456 -0.004203 -0.036378
v 0.058456 -0.004203 -0.035526
v 0.058041 0.137595 -0.036730
v 0.057645 -0.036982 -0.034952
v 0.058075 0.145134 -0.036757
v 0.058456 0.145011 -0.036957
v 0.058456 0.076352 -0.035116
v 0.058411 0.145210 -0.035117
v 0.058407 0.108572 -0.035122
v 0.058456 -0.062506 -0.036813
v 0.058456 -0.062652 -0.036378
v 0.058456 -0.155710 -0.036378
v 0.041557 -0.179628 0.057698
v 0.041557 -0.163646 0.074424
v 0.024930 -0.122566 0.114311
v 0.034809 0.160876 -0.038189
v 0.029098 0.159103 -0.036244
v 0.029617 0.160602 -0.035758
v 0.035846 0.162238 -0.035758
v 0.031175 0.161829 -0.034300
v 0.041557 -0.173574 -0.039161
v 0.034809 -0.173122 -0.038190
v 0.034289 -0.167248 -0.039161
v 0.041557 -0.178093 -0.036244
v 0.035846 -0.177641 -0.035758
v 0.029617 -0.172219 -0.035758
v 0.029098 -0.167248 -0.036244
v 0.031175 -0.176287 -0.034300
v 0.034809 -0.179902 -0.030897
v 0.041557 -0.180805 -0.031383
v 0.029099 -0.178094 -0.024578
v 0.029617 -0.177641 -0.029924
v 0.027022 0.160876 -0.030897
v 0.025983 0.159103 -0.031383
v 0.029098 0.162375 -0.024576
v 0.029617 0.162238 -0.029924
v 0.027022 -0.173122 -0.030897
v 0.025984 -0.173576 -0.024574
v 0.041557 0.163192 -0.031383
v 0.034809 0.162920 -0.030897
v 0.034289 0.163192 -0.024576
v 0.034437 -0.180854 0.051990
v 0.029351 -0.178314 0.050879
v 0.029098 0.162375 0.114299
v 0.026174 -0.171949 0.054227
v 0.025983 -0.157544 0.068602
v 0.024946 -0.152753 0.064137
v 0.029351 -0.176249 0.056141
v 0.029098 -0.160935 0.071836
v 0.034289 -0.162969 0.073777
v 0.034505 -0.178786 0.057325
v 0.034289 -0.149469 0.092809
v 0.029098 -0.147157 0.091262
v 0.041526 -0.137609 0.114327
v 0.034226 -0.136663 0.114330
v 0.034229 -0.136840 0.113519
v 0.041528 -0.137784 0.113532
v 0.029056 -0.133834 0.114339
v 0.034289 -0.140631 0.103012
v 0.029098 -0.138063 0.102017
v 0.025983 -0.133782 0.100358
v 0.025946 -0.129134 0.114346
v 0.025984 0.161012 0.114299
v 0.024945 -0.137909 0.085064
v 0.025983 -0.143304 0.088679
v 0.041963 0.162012 -0.024195
v 0.030482 -0.003046 0.067848
v 0.030521 0.090289 0.056189
v 0.036605 0.160403 -0.033399
v 0.036155 0.158988 -0.034172
v 0.033565 0.160190 -0.032061
v 0.033132 0.159009 -0.032467
v 0.037408 0.161208 -0.032082
v 0.034499 0.160956 -0.031185
v 0.036605 -0.171559 -0.033399
v 0.041997 -0.171951 -0.034172
v 0.037417 -0.174204 -0.032061
v 0.041919 -0.174582 -0.032467
v 0.033543 -0.170860 -0.032082
v 0.034500 -0.173392 -0.031185
v 0.036605 -0.175449 -0.029214
v 0.036156 -0.176167 -0.024165
v 0.033566 -0.174204 -0.028454
v 0.033134 -0.174583 -0.024241
v 0.032136 0.160403 -0.029214
v 0.031312 0.160522 -0.024164
v 0.033565 0.161202 -0.028454
v 0.033132 0.161315 -0.024237
v 0.032137 -0.171559 -0.029214
v 0.031312 -0.166865 -0.029635
v 0.030482 -0.166898 -0.024197
v 0.036605 0.161576 -0.029214
v 0.041997 0.161793 -0.029635
v 0.036155 -0.166864 -0.034172
v 0.033132 -0.166933 -0.032467
v 0.041964 -0.166895 -0.034948
v 0.031501 -0.172421 0.048162
v 0.031312 -0.171950 -0.024165
v 0.030520 -0.166819 0.048686
v 0.033380 -0.174792 0.049280
v 0.031312 0.158988 -0.029635
v 0.036155 0.161793 -0.024164
v 0.041918 0.161315 -0.032467
v 0.030481 0.158999 0.057326
v 0.031316 -0.156349 0.067461
v 0.031525 -0.170409 0.053497
v 0.030594 -0.166098 0.051674
v 0.033166 -0.158334 0.069355
v 0.033379 -0.172727 0.054541
v 0.036582 -0.174176 0.055229
v 0.036207 -0.159494 0.070462
v 0.041954 -0.160029 0.070974
v 0.036219 -0.145522 0.090165
v 0.041956 -0.146129 0.090573
v 0.033209 -0.144194 0.089276
v 0.036232 -0.136248 0.101314
v 0.036234 -0.132162 0.114197
v 0.041955 -0.133074 0.113506
v 0.033233 -0.134783 0.100746
v 0.036180 0.161794 0.114298
v 0.033138 0.161316 0.114293
v 0.031298 -0.127687 0.114290
v 0.033113 -0.130438 0.114237
v 0.031322 -0.132307 0.099787
v 0.031319 -0.141959 0.087779
v 0.030482 -0.137638 0.084882
v 0.030480 -0.127481 0.097919
v 0.057541 0.163174 0.115337
v 0.041638 -0.136427 0.115337
v 0.041873 -0.133660 0.115337
v 0.035840 -0.132880 0.115337
v 0.034675 -0.135537 0.115337
v 0.032314 -0.130947 0.115337
v 0.029914 -0.132983 0.115337
v 0.034667 0.162913 0.115337
v 0.035801 0.162074 0.115337
v 0.041871 0.162301 0.115337
v 0.029905 0.162163 0.115337
v 0.032326 0.161527 0.115337
v 0.027051 -0.128717 0.115337
v 0.030262 -0.127887 0.115337
v 0.029375 -0.122323 0.115337
v 0.030242 0.160614 0.115337
v 0.027047 0.160913 0.115337
v 0.025218 -0.122532 0.115080
v 0.041569 -0.137204 0.115084
v 0.034370 -0.136281 0.115085
v 0.029287 -0.133546 0.115086
v 0.034383 0.163122 0.115077
v 0.029299 0.162321 0.115077
v 0.026240 -0.128986 0.115085
v 0.025222 0.159098 0.115077
v 0.026250 0.160986 0.115077
v 0.036131 -0.132238 0.115083
v 0.041934 -0.132990 0.115083
v 0.032921 -0.130474 0.115084
v 0.036084 0.161864 0.115077
v 0.032932 0.161368 0.115077
v 0.031053 -0.127678 0.115083
v 0.031040 0.160540 0.115077
v 0.030205 0.159005 0.115077
v 0.024983 -0.167181 0.048851
v 0.034397 -0.180317 0.054889
v 0.029225 -0.177687 0.053694
v 0.026199 -0.174103 0.048955
v 0.026085 -0.173300 0.051708
v 0.036588 -0.176261 0.049915
v 0.036480 -0.175706 0.052795
v 0.042051 -0.176371 0.053097
v 0.033256 -0.174170 0.052096
v 0.031307 0.160513 0.114293
v 0.031412 -0.171686 0.050961
v 0.034290 -0.180805 -0.024580
v 0.026079 -0.173815 0.023228
v 0.030481 0.158996 -0.024188
v 0.030482 -0.063687 -0.024198
v 0.030484 0.130625 0.068672
v 0.030473 -0.014269 0.114309
v 0.030480 0.158998 0.114300
v 0.030496 0.090019 0.053421
v 0.030511 -0.063039 0.050407
v 0.026053 -0.122474 0.115337
v 0.030197 -0.122253 0.115081
v 0.058456 -0.037919 -0.036957
v 0.058456 -0.062073 -0.036957
v 0.026053 0.082452 0.115337
v 0.041963 -0.176889 -0.024196
v 0.041950 0.162012 0.114299
v 0.057613 0.145294 -0.034950
v 0.057126 0.075979 -0.034948
v 0.055498 0.085434 -0.034948
v 0.057126 0.020529 -0.034948
v 0.057126 0.145011 -0.034948
v 0.057126 0.108210 -0.034948
v 0.057126 0.137726 -0.034948
v 0.057126 -0.037919 -0.034948
v 0.057791 0.054824 -0.035526
v 0.057791 0.054824 -0.036378
v 0.057791 0.075979 -0.036378
v 0.057791 0.075979 -0.035526
v 0.057791 -0.003625 -0.035526
v 0.057791 -0.003625 -0.036378
v 0.057791 0.020529 -0.036378
v 0.057791 0.020529 -0.035526
v 0.057791 0.137726 -0.035526
v 0.057791 0.137726 -0.036378
v 0.057791 0.145011 -0.036378
v 0.057791 0.145011 -0.035526
v 0.057791 0.094891 -0.035526
v 0.057791 0.094891 -0.036378
v 0.057791 0.108210 -0.036378
v 0.057791 0.108210 -0.035526
v 0.057791 -0.062073 -0.035526
v 0.057791 -0.062073 -0.036378
v 0.057791 -0.037919 -0.036378
v 0.057791 -0.037919 -0.035526
v 0.058456 -0.037342 -0.035526
v 0.058456 -0.037342 -0.036378
v 0.058456 0.094252 -0.034948
v 0.057632 0.108727 -0.034951
v 0.057632 0.076496 -0.034951
v 0.057370 -0.062781 -0.034950
v 0.057379 0.054123 -0.034953
v 0.057659 0.137427 -0.034951
v 0.057372 0.094511 -0.034953
v 0.057379 -0.004326 -0.034953
v 0.058456 0.054824 -0.036957
v 0.057957 0.054824 -0.036813
v 0.058040 0.054463 -0.036740
v 0.058456 0.054390 -0.036813
v 0.058456 0.075979 -0.036957
v 0.057957 0.075979 -0.036813
v 0.057957 0.020529 -0.036813
v 0.057957 -0.003625 -0.036813
v 0.058078 -0.004013 -0.036766
v 0.057957 0.137726 -0.036813
v 0.057957 0.145011 -0.036813
v 0.057957 0.094891 -0.036813
v 0.058072 0.094676 -0.036763
v 0.058456 0.108210 -0.036957
v 0.058078 0.108433 -0.036760
v 0.057957 0.108210 -0.036813
v 0.058456 -0.037486 -0.036813
v 0.058040 -0.037558 -0.036740
v 0.057957 -0.037919 -0.036813
v 0.057957 -0.062073 -0.036813
v 0.058040 -0.062435 -0.036740
v 0.058456 0.054101 -0.035093
v 0.057868 0.054313 -0.035093
v 0.057625 0.054824 -0.035093
v 0.058456 -0.004348 -0.035093
v 0.057868 -0.004136 -0.035093
v 0.057625 -0.003625 -0.035093
v 0.057964 0.137548 -0.035102
v 0.057625 0.137726 -0.035093
v 0.058412 0.094529 -0.035124
v 0.057868 0.094609 -0.035093
v 0.057625 0.094891 -0.035093
v 0.058456 -0.062797 -0.035093
v 0.057868 -0.062585 -0.035093
v 0.057625 -0.062073 -0.035093
v 0.057986 0.054415 -0.035526
v 0.057957 0.054390 -0.036378
v 0.057985 0.076204 -0.035526
v 0.057868 0.076260 -0.035093
v 0.057625 0.075979 -0.035093
v 0.057957 0.076218 -0.036378
v 0.057868 0.021041 -0.035093
v 0.057986 0.020938 -0.035526
v 0.057957 0.020963 -0.036378
v 0.057986 -0.004034 -0.035526
v 0.057957 -0.004059 -0.036378
v 0.057625 0.020529 -0.035093
v 0.057938 0.145151 -0.035143
v 0.057985 0.137603 -0.035526
v 0.057625 0.145011 -0.035093
v 0.057868 0.108492 -0.035093
v 0.057985 0.108435 -0.035526
v 0.057986 0.094665 -0.035526
v 0.058004 0.094627 -0.036478
v 0.057625 0.108210 -0.035093
v 0.058456 -0.062652 -0.035526
v 0.057986 -0.062482 -0.035526
v 0.057957 -0.062506 -0.036378
v 0.057986 -0.037510 -0.035526
v 0.057868 -0.037408 -0.035093
v 0.057625 -0.037919 -0.035093
v 0.057957 -0.037486 -0.036378
v 0.058456 -0.037196 -0.035093
v 0.030482 -0.152545 0.063855
v 0.030556 -0.018897 0.054218
v 0.041963 0.158997 -0.034948
v 0.029374 0.159020 0.115337
v 0.030468 -0.122284 0.114306
v 0.057126 -0.083103 -0.034948
v 0.057698 -0.082105 -0.034952
v 0.057373 -0.155837 -0.034951
v 0.057791 -0.155133 -0.035526
v 0.057791 -0.155133 -0.036378
v 0.057791 -0.083103 -0.036378
v 0.057791 -0.083103 -0.035526
v 0.057957 -0.155133 -0.036813
v 0.058040 -0.155493 -0.036740
v 0.058456 -0.155565 -0.036813
v 0.058456 -0.082668 -0.036813
v 0.058040 -0.082742 -0.036740
v 0.057957 -0.083103 -0.036813
v 0.057868 -0.155644 -0.035093
v 0.057625 -0.155133 -0.035093
v 0.057625 -0.083103 -0.035093
v 0.057868 -0.082592 -0.035093
v 0.057986 -0.155541 -0.035526
v 0.057986 -0.082693 -0.035526
v 0.057957 -0.082668 -0.036378
v 0.057957 -0.155565 -0.036378
v 0.029215 -0.178195 0.025773
v 0.025983 0.161011 -0.024576
v 0.034289 0.163192 0.114299
v 0.024944 -0.167306 -0.024552
v 0.024963 -0.167486 0.030028
v 0.025057 -0.166468 0.051826
v 0.024944 0.159102 0.114297
v 0.024945 -0.127789 0.098036
v 0.034289 0.159103 -0.039161
v 0.025983 -0.167248 -0.031383
v 0.024946 0.159105 0.055706
v 0.028551 -0.133672 0.002519
v 0.028558 -0.133761 0.028203
v 0.028540 0.152954 0.031367
v 0.028540 0.152954 0.004421
v 0.024945 0.159103 -0.024576
v 0.026053 0.159082 0.115337
v 0.024948 0.153261 0.003627
v 0.025676 -0.133669 0.001892
v 0.027831 -0.133669 0.001892
v 0.027820 0.152954 0.003794
v 0.025665 0.152954 0.003794
v 0.025148 0.153177 0.004426
v 0.027845 0.153115 0.003985
v 0.028334 0.153109 0.031399
v 0.025646 0.153112 0.031775
v 0.025666 0.152954 0.031994
v 0.027821 0.152954 0.031994
v 0.027839 -0.133762 0.028829
v 0.025684 -0.133762 0.028829
v 0.025684 -0.134388 0.028197
v 0.027839 -0.134388 0.028197
v 0.027831 -0.134299 0.002515
v 0.025676 -0.134299 0.002515
v 0.024957 -0.134925 0.002513
v 0.024948 0.153277 0.032128
v 0.024946 0.152952 0.032620
v 0.024965 -0.133768 0.029456
v 0.024968 -0.134783 0.028962
v 0.024946 0.152955 0.003167
v 0.024962 -0.134428 0.001499
v 0.028371 -0.133669 0.002049
v 0.028281 -0.134063 0.002125
v 0.028371 -0.134141 0.002516
v 0.028292 0.153088 0.004067
v 0.028360 0.152954 0.003950
v 0.028360 0.152954 0.031837
v 0.028228 0.153087 0.031783
v 0.028378 -0.134231 0.028199
v 0.028289 -0.134154 0.028591
v 0.028378 -0.133762 0.028673
v 0.025126 0.152955 0.003637
v 0.025137 -0.133668 0.001735
v 0.025137 -0.134223 0.001962
v 0.025676 -0.134114 0.002073
v 0.025166 0.153103 0.003897
v 0.027831 -0.134140 0.002046
v 0.025122 0.153155 0.031850
v 0.025126 0.152953 0.032150
v 0.025684 -0.134205 0.028642
v 0.025145 -0.134317 0.028752
v 0.025145 -0.133764 0.028986
v 0.027839 -0.134231 0.028668
v 0.025144 -0.134544 0.028197
v 0.025137 -0.134455 0.002515
v 0.317864 0.181218 0.137780
v 0.308791 0.181835 0.137780
v 0.325460 0.179048 0.137780
v 0.331285 -0.146660 0.117266
v 0.329921 -0.154237 0.117240
v 0.325290 -0.160374 0.117254
v 0.331355 -0.141487 0.137794
v 0.331313 0.171112 0.137780
v 0.308864 -0.161738 0.137781
v 0.318039 -0.160543 0.137790
v 0.325594 -0.156466 0.137806
v 0.330017 0.175432 0.117287
v 0.331313 0.171114 0.117286
v 0.325460 0.179048 0.117287
v 0.310725 0.174791 0.117635
v 0.310725 0.174791 0.137432
v 0.303355 0.175286 0.137432
v 0.303355 0.175286 0.117635
v 0.315990 0.173308 0.117635
v 0.315990 0.173308 0.137431
v 0.319228 -0.141445 0.137466
v 0.320232 -0.134805 0.137448
v 0.320183 -0.139679 0.117619
v 0.319103 -0.145590 0.117597
v 0.316084 -0.146166 0.137461
v 0.315930 -0.149830 0.117598
v 0.320201 0.167377 0.117635
v 0.320201 0.167377 0.137432
v 0.310667 -0.152375 0.117607
v 0.303329 -0.153217 0.117610
v 0.303384 -0.149933 0.137456
v 0.310803 -0.148990 0.137457
v 0.319148 0.170837 0.137431
v 0.319148 0.170837 0.117635
v 0.317473 0.180693 0.138853
v 0.308710 0.181289 0.138853
v 0.303435 0.175813 0.138468
v 0.311109 0.175298 0.138468
v 0.308710 0.181289 0.116212
v 0.317473 0.180693 0.116212
v 0.311109 0.175298 0.116598
v 0.303435 0.175813 0.116598
v 0.324624 0.178650 0.138853
v 0.316809 0.173693 0.138468
v 0.324624 0.178650 0.116212
v 0.316809 0.173693 0.116598
v 0.328982 -0.149087 0.138853
v 0.330191 -0.141351 0.138853
v 0.321338 -0.134818 0.138468
v 0.320273 -0.141617 0.138468
v 0.330156 -0.146653 0.116212
v 0.328859 -0.154054 0.116212
v 0.320223 -0.146066 0.116598
v 0.321324 -0.139800 0.116598
v 0.324689 -0.155555 0.138853
v 0.316880 -0.146663 0.138468
v 0.324503 -0.159846 0.116212
v 0.316789 -0.150721 0.116598
v 0.308681 -0.164349 0.116212
v 0.036495 -0.164350 0.116212
v 0.041745 -0.154391 0.116598
v 0.303431 -0.154391 0.116598
v 0.330166 0.171073 0.116212
v 0.321324 0.167415 0.116598
v 0.330166 0.171073 0.138853
v 0.321324 0.167415 0.138468
v 0.317324 -0.163337 0.116212
v 0.311092 -0.153501 0.116598
v 0.308740 -0.160513 0.138853
v 0.317578 -0.159374 0.138853
v 0.311181 -0.149704 0.138468
v 0.303468 -0.150687 0.138468
v 0.328915 0.175245 0.116212
v 0.320228 0.171017 0.116598
v 0.328915 0.175245 0.138853
v 0.320228 0.171017 0.138468
v 0.308771 0.181699 0.138585
v 0.317767 0.181087 0.138585
v 0.308792 0.181835 0.117287
v 0.317767 0.181087 0.116481
v 0.308771 0.181699 0.116481
v 0.325251 0.178949 0.138585
v 0.325251 0.178949 0.116481
v 0.330131 -0.149577 0.137815
v 0.331056 -0.141415 0.138590
v 0.329823 -0.149370 0.138596
v 0.329672 -0.154286 0.116471
v 0.331011 -0.146696 0.116476
v 0.325340 -0.156138 0.138596
v 0.325100 -0.160358 0.116473
v 0.036437 -0.165043 0.116475
v 0.308739 -0.165043 0.116475
v 0.331027 0.171103 0.116481
v 0.331026 0.171102 0.138585
v 0.317700 -0.164073 0.117253
v 0.317598 -0.164005 0.116475
v 0.317894 -0.160142 0.138593
v 0.308810 -0.161316 0.138591
v 0.329741 0.175385 0.116481
v 0.329741 0.175385 0.138585
v 0.310821 0.174918 0.138210
v 0.303375 0.175417 0.138210
v 0.303375 0.175417 0.116858
v 0.310821 0.174918 0.116858
v 0.316195 0.173404 0.138210
v 0.316194 0.173404 0.116858
v 0.319470 -0.141415 0.138218
v 0.320500 -0.134783 0.138213
v 0.320478 -0.139734 0.116853
v 0.319405 -0.145774 0.116848
v 0.316265 -0.146194 0.138217
v 0.316175 -0.150138 0.116848
v 0.320482 0.167386 0.116858
v 0.320482 0.167386 0.138210
v 0.310803 -0.152754 0.116851
v 0.303368 -0.153615 0.116851
v 0.303405 -0.150016 0.138216
v 0.310889 -0.149064 0.138216
v 0.319418 0.170882 0.116858
v 0.319418 0.170882 0.138210
v 0.036436 -0.160513 0.138853
v 0.036366 -0.161316 0.138591
v 0.036465 0.181289 0.116212
v 0.036404 0.181698 0.116482
v 0.317864 0.181218 0.117287
v 0.036329 -0.161741 0.137778
v 0.308784 -0.165123 0.117247
v 0.330017 0.175432 0.137780
v 0.036417 -0.165127 0.117248
v 0.041708 -0.150687 0.138469
v 0.041741 0.175813 0.116598
v 0.036383 0.181835 0.117287
v 0.041808 -0.153615 0.116851
v 0.041847 -0.153217 0.117610
v 0.041800 0.175417 0.116858
v 0.036384 0.181835 0.137780
v 0.027312 0.181217 0.137780
v 0.019716 0.179048 0.137780
v 0.015255 -0.154237 0.117240
v 0.013891 -0.146660 0.117266
v 0.019886 -0.160374 0.117254
v 0.013862 0.171112 0.137780
v 0.013821 -0.141488 0.137793
v 0.027137 -0.160543 0.137790
v 0.019582 -0.156466 0.137806
v 0.013863 0.171114 0.117286
v 0.015158 0.175432 0.117287
v 0.019716 0.179048 0.117287
v 0.034451 0.174791 0.117635
v 0.041820 0.175286 0.117635
v 0.041820 0.175286 0.137432
v 0.034451 0.174791 0.137432
v 0.029186 0.173308 0.117635
v 0.029186 0.173308 0.137431
v 0.025947 -0.141446 0.137466
v 0.026073 -0.145590 0.117597
v 0.024992 -0.139679 0.117619
v 0.024944 -0.134806 0.137448
v 0.029091 -0.146166 0.137461
v 0.029246 -0.149830 0.117598
v 0.041791 -0.149933 0.137456
v 0.024974 0.167377 0.117635
v 0.024974 0.167377 0.137432
v 0.034509 -0.152375 0.117607
v 0.034373 -0.148990 0.137457
v 0.026028 0.170837 0.137431
v 0.026028 0.170837 0.117635
v 0.027702 0.180693 0.138853
v 0.034067 0.175298 0.138469
v 0.041741 0.175813 0.138469
v 0.036465 0.181289 0.138853
v 0.034067 0.175298 0.116598
v 0.027702 0.180693 0.116212
v 0.020551 0.178650 0.138853
v 0.028367 0.173692 0.138469
v 0.028367 0.173692 0.116598
v 0.020551 0.178650 0.116212
v 0.016194 -0.149087 0.138853
v 0.024903 -0.141617 0.138469
v 0.023838 -0.134818 0.138469
v 0.014985 -0.141351 0.138853
v 0.015020 -0.146653 0.116212
v 0.023852 -0.139800 0.116598
v 0.024953 -0.146066 0.116598
v 0.016317 -0.154054 0.116212
v 0.020486 -0.155555 0.138853
v 0.028296 -0.146664 0.138469
v 0.028387 -0.150722 0.116598
v 0.020673 -0.159846 0.116212
v 0.015009 0.171073 0.116212
v 0.023851 0.167415 0.116598
v 0.023851 0.167415 0.138469
v 0.015009 0.171073 0.138853
v 0.027852 -0.163337 0.116212
v 0.034084 -0.153501 0.116598
v 0.033995 -0.149704 0.138469
v 0.027598 -0.159374 0.138853
v 0.016260 0.175245 0.116212
v 0.024948 0.171017 0.116598
v 0.024948 0.171017 0.138469
v 0.016260 0.175245 0.138853
v 0.027409 0.181087 0.138585
v 0.036404 0.181698 0.138585
v 0.027409 0.181087 0.116482
v 0.027312 0.181218 0.117287
v 0.019924 0.178948 0.138585
v 0.019924 0.178948 0.116482
v 0.015353 -0.149370 0.138597
v 0.014120 -0.141415 0.138590
v 0.014165 -0.146696 0.116476
v 0.015504 -0.154286 0.116471
v 0.019836 -0.156139 0.138596
v 0.020076 -0.160358 0.116473
v 0.014149 0.171102 0.116481
v 0.014150 0.171102 0.138585
v 0.027578 -0.164005 0.116475
v 0.027282 -0.160142 0.138593
v 0.015435 0.175385 0.116482
v 0.015435 0.175385 0.138585
v 0.015158 0.175432 0.137780
v 0.041800 0.175417 0.138210
v 0.034354 0.174918 0.138210
v 0.034354 0.174918 0.116858
v 0.028981 0.173404 0.138210
v 0.028981 0.173404 0.116858
v 0.024675 -0.134783 0.138213
v 0.025706 -0.141415 0.138218
v 0.025771 -0.145774 0.116848
v 0.024698 -0.139734 0.116853
v 0.028911 -0.146194 0.138217
v 0.029001 -0.150138 0.116848
v 0.041771 -0.150017 0.138216
v 0.024694 0.167386 0.116858
v 0.024694 0.167386 0.138210
v 0.034373 -0.152754 0.116851
v 0.034287 -0.149064 0.138216
v 0.025757 0.170882 0.116858
v 0.025757 0.170882 0.138210
v 0.015045 -0.149577 0.137815
v 0.027476 -0.164073 0.117253
vn 0.1918 0.7302 -0.6557
vn 0.3597 0.0029 -0.9331
vn 0.0035 0.0015 -1.0000
vn 0.0017 0.4543 -0.8909
vn 0.5128 0.6613 -0.5475
vn 0.7418 0.0014 -0.6706
vn 0.0853 0.9594 -0.2690
vn 0.0030 0.9055 -0.4243
vn 0.0005 0.9629 -0.2700
vn 0.2451 0.9335 -0.2617
vn 0.2671 -0.3068 -0.9135
vn 0.0032 -0.2749 -0.9615
vn 0.0036 -0.0030 -1.0000
vn 0.2409 -0.0027 -0.9705
vn 0.2109 -0.7160 -0.6655
vn 0.0016 -0.6740 -0.7387
vn 0.6606 -0.2569 -0.7054
vn 0.6217 -0.0014 -0.7832
vn 0.5377 -0.6176 -0.5740
vn 0.2525 -0.9293 -0.2697
vn 0.3185 -0.9478 -0.0122
vn 0.0058 -0.9998 -0.0196
vn 0.0032 -0.9341 -0.3570
vn 0.6389 -0.7338 -0.2309
vn 0.7065 -0.7076 -0.0090
vn 0.6293 0.7483 -0.2098
vn 0.8784 0.4780 -0.0067
vn 0.9994 0.0195 -0.0277
vn 0.9627 0.0029 -0.2707
vn 0.2529 0.9632 -0.0915
vn 0.2177 0.9760 -0.0011
vn 0.4018 0.9157 -0.0030
vn 0.8979 -0.3225 -0.2997
vn 0.9158 -0.0030 -0.4016
vn 0.9996 -0.0052 -0.0281
vn 0.9302 -0.3662 -0.0253
vn 0.0814 0.9929 -0.0869
vn 0.0009 0.9972 -0.0743
vn 0.0010 1.0000 -0.0019
vn 0.0701 0.9975 -0.0018
vn -0.0069 0.0058 -1.0000
vn -0.0034 0.4543 -0.8909
vn -0.0015 0.9057 -0.4238
vn -0.0010 0.9629 -0.2699
vn 0.2406 -0.9706 0.0073
vn 0.6063 -0.7952 -0.0002
vn 0.6489 -0.7606 0.0201
vn 0.8784 0.4779 0.0018
vn 1.0000 0.0028 0.0071
vn 1.0000 0.0030 -0.0001
vn 0.9571 -0.2243 0.1835
vn 0.8953 -0.3270 0.3025
vn 1.0000 -0.0071 0.0041
vn 1.0000 -0.0024 -0.0004
vn 0.7236 -0.5335 0.4379
vn 0.6066 -0.5856 0.5376
vn 0.2366 -0.7153 0.6575
vn 0.3438 -0.7249 0.5970
vn 0.0044 -0.7861 0.6180
vn 0.0018 -0.7373 0.6756
vn 0.2278 -0.7734 0.5916
vn 0.0034 -0.7938 0.6082
vn 0.6013 -0.6361 0.4835
vn 0.3306 -0.8927 0.3063
vn 0.2716 -0.8983 0.3453
vn 0.0043 -0.9515 0.3075
vn 0.0033 -0.9415 0.3370
vn 0.7060 -0.6679 0.2355
vn 0.2887 -0.8225 0.4900
vn 0.0033 -0.8186 0.5744
vn 0.6684 -0.6477 0.3657
vn 0.9563 -0.2739 0.1026
vn 0.9384 -0.3070 0.1587
vn 1.0000 -0.0014 0.0005
vn 0.9998 -0.0036 0.0175
vn 0.9080 -0.3348 0.2519
vn 0.9881 -0.1237 0.0918
vn -1.0000 0.0002 -0.0006
vn -1.0000 0.0001 0.0026
vn -0.9999 -0.0136 0.0011
vn -0.0025 0.9538 -0.3005
vn -0.0026 0.8361 -0.5485
vn 0.0028 0.8986 -0.4388
vn 0.0050 0.9538 -0.3004
vn -0.0027 0.7980 -0.6026
vn 0.0013 0.7980 -0.6026
vn -0.0003 -0.0281 0.9996
vn -0.2292 -0.0023 0.9734
vn -0.1813 -0.6835 0.7070
vn -0.0014 -0.4539 0.8911
vn -0.6217 -0.0012 0.7832
vn -0.5263 -0.6381 0.5620
vn -0.0024 -0.9062 0.4229
vn -0.0802 -0.9598 0.2690
vn -0.0005 -0.9496 0.3136
vn -0.2467 -0.9331 0.2616
vn -0.0111 0.0546 0.9984
vn -0.0028 0.3755 0.9268
vn -0.2366 0.2746 0.9320
vn -0.3083 0.0020 0.9513
vn -0.0013 0.7851 0.6194
vn -0.1988 0.7178 0.6672
vn -0.6632 0.2423 0.7081
vn -0.7412 0.0011 0.6713
vn -0.5361 0.6203 0.5725
vn -0.0015 1.0000 0.0048
vn -0.2458 0.9693 0.0066
vn -0.2246 0.9445 0.2399
vn -0.0022 0.9762 0.2170
vn -0.6976 0.7164 0.0057
vn -0.6408 0.7362 0.2177
vn -0.9998 -0.0031 0.0172
vn -0.8781 -0.4784 0.0034
vn -0.6793 -0.7066 0.1981
vn -0.9277 -0.0025 0.3733
vn -0.4010 -0.9161 0.0047
vn -0.2541 -0.9672 0.0008
vn -0.2530 -0.9636 0.0860
vn -1.0000 0.0043 0.0054
vn -0.9690 0.0021 0.2471
vn -0.9195 0.2893 0.2661
vn -0.9631 0.2689 0.0081
vn -0.0008 -1.0000 0.0029
vn -0.0008 -0.9945 0.1050
vn -0.0715 -0.9946 0.0756
vn -0.0632 -0.9980 0.0013
vn -0.0401 -0.0000 0.9992
vn -0.0579 -0.0000 0.9983
vn -0.9153 0.4028 -0.0021
vn -0.9999 0.0158 -0.0016
vn -0.5617 0.8273 -0.0055
vn -0.0985 -0.9951 0.0007
vn -0.0008 -1.0000 0.0003
vn -0.2539 -0.9672 0.0011
vn -0.9999 0.0108 -0.0096
vn -0.9016 0.3179 -0.2932
vn -0.9633 0.2080 -0.1697
vn -1.0000 0.0051 -0.0000
vn -0.5812 0.6011 -0.5485
vn -0.7135 0.5427 -0.4431
vn -0.0034 0.7884 -0.6151
vn -0.3118 0.7354 -0.6016
vn -0.2059 0.7257 -0.6564
vn -0.0013 0.7310 -0.6824
vn -0.2057 0.7813 -0.5893
vn -0.5934 0.6430 -0.4841
vn -0.3027 0.9170 -0.2596
vn -0.2571 0.8523 -0.4555
vn -0.7087 0.6796 -0.1893
vn -0.6564 0.6669 -0.3527
vn -0.9998 0.0142 -0.0105
vn -0.9169 0.3194 -0.2391
vn -0.9464 0.2879 -0.1465
vn -1.0000 0.0044 -0.0017
vn -1.0000 -0.0023 0.0027
vn -0.8783 -0.4781 0.0026
vn -0.0774 -0.0002 0.9970
vn -0.0000 -0.0000 1.0000
vn 0.1020 0.0003 0.9948
vn -0.0197 0.0561 0.9982
vn -0.0003 0.1224 0.9925
vn 0.0001 -0.0705 0.9975
vn 0.0266 -0.0900 0.9956
vn -0.0311 0.0297 0.9991
vn 0.0634 -0.0594 0.9962
vn -0.0374 0.0127 0.9992
vn 0.0678 -0.0194 0.9975
vn 0.1485 -0.0002 0.9889
vn -0.0450 0.0003 0.9990
vn -0.0478 -0.0694 0.9964
vn 0.0681 0.0669 0.9954
vn 0.0005 0.9957 0.0930
vn 0.0010 1.0000 0.0003
vn -0.0019 1.0000 0.0010
vn -0.0010 0.9957 0.0930
vn 0.2532 -0.8459 0.4694
vn 0.0015 -0.8818 0.4717
vn 0.6573 -0.6170 0.4326
vn 0.0682 0.9929 0.0976
vn 0.1074 0.9942 0.0006
vn 0.2147 0.9690 0.1224
vn 0.2964 0.9551 0.0008
vn 0.8864 -0.2537 0.3871
vn 0.9394 -0.0016 0.3429
vn 0.9415 0.0068 0.3368
vn 0.8376 0.4557 0.3013
vn 0.3954 0.9036 0.1649
vn 0.4010 0.9161 0.0010
vn -0.0057 0.9938 0.1111
vn -0.3258 0.9375 0.1220
vn -0.0019 1.0000 -0.0004
vn -0.7110 0.6738 0.2013
vn -0.0008 -0.9957 0.0924
vn -0.0984 -0.9900 0.1008
vn -0.2925 -0.9459 0.1404
vn -0.9242 0.2415 0.2958
vn -0.9427 0.0020 0.3336
vn -0.9999 0.0074 0.0152
vn -0.9662 0.2503 -0.0617
vn -0.9425 -0.0035 0.3342
vn -0.8378 -0.4557 0.3006
vn -0.4004 -0.9164 0.0009
vn -0.3953 -0.9035 0.1656
vn 0.0020 -0.3085 0.9512
vn 0.0858 -0.2885 0.9536
vn -0.0740 0.3375 0.9384
vn -0.0010 0.3539 0.9353
vn 0.1758 -0.2303 0.9571
vn -0.1944 0.2577 0.9465
vn 0.0007 0.7655 0.6435
vn 0.0007 0.7655 0.6434
vn 0.0508 0.7493 0.6602
vn 0.0783 0.7326 0.6762
vn -0.0470 -0.7516 0.6579
vn -0.0736 -0.7352 0.6738
vn -0.0006 -0.7663 0.6425
vn -0.0006 -0.7656 0.6433
vn 0.1640 0.6245 0.7636
vn 0.1640 0.6247 0.7635
vn -0.1638 -0.6239 0.7641
vn -0.1637 -0.6236 0.7644
vn 0.2937 -0.0020 0.9559
vn 0.2581 -0.1167 0.9590
vn -0.2810 0.0944 0.9550
vn -0.2976 0.0005 0.9547
vn 0.2961 0.0011 0.9552
vn 0.2517 0.3903 0.8856
vn -0.2779 -0.2525 0.9268
vn -0.2981 -0.0009 0.9545
vn 0.0034 -0.9527 0.3038
vn 0.0016 -1.0000 0.0033
vn 0.2617 -0.8821 0.3917
vn 0.6148 -0.7338 0.2892
vn 1.0000 -0.0081 0.0045
vn 0.9245 -0.3548 0.1396
vn 0.9037 -0.4281 0.0054
vn -0.0020 0.9312 -0.3646
vn -0.0048 1.0000 -0.0067
vn 0.0025 1.0000 -0.0067
vn 0.0039 0.9308 -0.3656
vn -1.0000 -0.0000 -0.0006
vn -0.2325 0.9211 -0.3123
vn -0.2402 0.9707 -0.0094
vn -0.5878 0.7532 -0.2954
vn -0.9325 0.3365 -0.1311
vn 0.9380 -0.3466 0.0004
vn -0.9999 -0.0000 0.0105
vn -1.0000 0.0001 -0.0013
vn -1.0000 -0.0000 0.0068
vn -0.0006 0.0030 1.0000
vn -0.0006 -0.0059 1.0000
vn 0.0003 -0.0068 1.0000
vn 0.0011 0.0134 0.9999
vn -1.0000 -0.0000 0.0008
vn -0.0000 -0.0000 -1.0000
vn -0.0002 0.0001 -1.0000
vn -0.0003 -0.0000 -1.0000
vn -0.0002 -0.0001 -1.0000
vn -0.0038 0.0002 1.0000
vn -0.0514 -0.0015 0.9987
vn -0.0406 -0.0008 0.9992
vn -0.0589 0.0020 0.9983
vn -0.0004 -0.0000 1.0000
vn -0.0283 -0.0003 0.9996
vn -0.0344 0.0006 0.9994
vn -0.0223 0.0004 0.9998
vn -0.9969 0.0090 0.0776
vn -0.9820 0.0067 0.1887
vn -0.9970 -0.0000 0.0774
vn -0.9819 -0.0000 0.1895
vn -0.0007 -0.9977 0.0675
vn -0.0007 -0.9937 0.1117
vn 0.0003 -0.9937 0.1116
vn 0.0008 -0.9806 0.1960
vn -0.9970 0.0079 0.0776
vn -0.9820 0.0059 0.1888
vn -0.9969 -0.0048 0.0779
vn -0.9823 -0.0096 0.1870
vn -0.0001 -0.9948 0.1016
vn -0.0005 -0.9999 0.0172
vn 0.0001 -0.9996 0.0284
vn 0.0008 -0.9989 0.0460
vn -0.9819 -0.0000 0.1896
vn -0.9819 -0.0000 0.1894
vn -0.0002 -0.9959 0.0900
vn -0.0006 -0.9991 0.0434
vn 0.0004 -0.9982 0.0602
vn 0.0006 -0.9964 0.0843
vn -0.9969 0.0156 0.0774
vn -0.9970 0.0078 0.0776
vn -0.9820 0.0058 0.1888
vn -0.9970 -0.0048 0.0779
vn -0.0005 -0.0000 -1.0000
vn -0.0006 0.0001 -1.0000
vn -0.0000 0.0028 1.0000
vn -0.0000 -0.0116 0.9999
vn -0.0000 0.0045 1.0000
vn -0.0000 -0.0184 0.9998
vn -0.0000 0.0043 1.0000
vn -0.0000 -0.0044 1.0000
vn -0.0000 0.0036 1.0000
vn -0.2453 0.2764 0.9292
vn -0.2782 0.0043 0.9605
vn -0.0011 0.0131 0.9999
vn -0.0004 0.3157 0.9488
vn -0.0003 -0.0043 1.0000
vn -0.2782 -0.0017 0.9605
vn -0.0002 -0.6515 0.7587
vn -0.2453 -0.2768 0.9291
vn -0.0001 -0.3780 0.9258
vn -0.2782 -0.0019 0.9605
vn -0.2453 0.2763 0.9292
vn -0.2782 0.0038 0.9605
vn -0.0001 0.3774 0.9261
vn -0.0001 0.9422 0.3352
vn -0.2373 0.5221 0.8192
vn -0.0003 0.8334 0.5527
vn -0.1950 -0.7051 0.6818
vn -0.0006 -0.7618 0.6478
vn -0.1986 -0.7003 0.6857
vn -0.2387 0.4951 0.8354
vn -0.2782 0.0090 0.9605
vn -0.0012 0.0137 0.9999
vn -0.0001 0.6126 0.7904
vn -0.0003 -0.0067 1.0000
vn -0.2782 -0.0026 0.9605
vn -0.0002 -0.6511 0.7590
vn -0.2450 -0.2765 0.9292
vn -0.0002 -0.3161 0.9487
vn -0.0003 -0.0030 1.0000
vn -0.2781 -0.0019 0.9605
vn -0.2451 0.2766 0.9292
vn -0.0011 0.0115 0.9999
vn -0.0004 0.3163 0.9487
vn -0.0041 0.5391 0.8423
vn -0.2176 0.2008 0.9552
vn -0.0004 0.4014 0.9159
vn -0.2782 0.0064 0.9605
vn -0.2785 0.0047 0.9604
vn -0.2177 0.2009 0.9551
vn -0.0003 0.4022 0.9156
vn -0.2785 0.0042 0.9604
vn -0.1287 0.6824 0.7196
vn -0.0001 0.8447 0.5353
vn -0.2791 0.0146 0.9601
vn -0.1881 0.3617 0.9131
vn -0.0003 0.6292 0.7772
vn -0.2784 0.0075 0.9604
vn -0.2180 0.2010 0.9550
vn -0.0003 0.4030 0.9152
vn -0.2784 0.0042 0.9604
vn -0.3253 0.9334 0.1516
vn -0.0005 0.9862 0.1657
vn -0.0015 0.9487 0.3162
vn -0.3239 0.8975 0.2991
vn -0.2453 0.9293 0.2762
vn -0.0002 0.9489 0.3156
vn -0.0007 0.9977 0.0674
vn -0.2768 0.9557 0.1002
vn -0.9337 0.0186 0.3575
vn -0.8960 0.4130 0.1632
vn -0.8533 0.4064 0.3267
vn -0.7539 -0.6433 0.1336
vn -0.7484 -0.6460 0.1504
vn -0.7270 -0.6277 0.2783
vn -0.7270 -0.6278 0.2782
vn -0.7932 -0.5322 0.2961
vn -0.7968 -0.5219 0.3045
vn -0.7949 -0.5965 0.1108
vn -0.7962 -0.5844 0.1569
vn -0.8988 0.3101 0.3100
vn -0.9280 0.3548 0.1140
vn -0.9341 0.0024 0.3570
vn -0.2776 -0.9602 0.0310
vn -0.1531 -0.9739 0.1678
vn -0.0004 -0.9982 0.0602
vn -0.0007 -0.9487 0.3161
vn -0.3249 -0.9335 0.1520
vn -0.3226 -0.8976 0.3004
vn -0.2453 -0.9292 0.2764
vn -0.2769 -0.9557 0.1003
vn -0.0001 -0.9261 0.3774
vn -0.3252 0.9334 0.1516
vn -0.3239 0.8976 0.2989
vn -0.0001 0.9261 0.3773
vn -0.0007 0.9977 0.0675
vn -0.2769 0.9557 0.1002
vn -0.9338 0.0163 0.3575
vn -0.8961 0.4128 0.1632
vn -0.8533 0.4064 0.3266
vn -0.8958 -0.4134 0.1635
vn -0.9338 -0.0083 0.3576
vn -0.8531 -0.4063 0.3274
vn -0.8986 -0.3106 0.3100
vn -0.9341 -0.0042 0.3570
vn -0.9277 -0.3554 0.1140
vn -0.8988 0.3100 0.3099
vn -0.9280 0.3547 0.1140
vn -0.9341 0.0021 0.3569
vn -0.4233 0.8914 0.1621
vn -0.6338 0.7726 0.0376
vn -0.3264 0.9431 0.0630
vn -0.4791 -0.8712 0.1071
vn -0.5329 -0.8390 0.1100
vn -0.4853 -0.8599 0.1584
vn -0.4513 -0.8828 0.1306
vn -0.7479 -0.5992 0.2859
vn -0.5390 -0.8409 0.0483
vn -0.6191 0.7512 0.2291
vn -0.0004 0.9992 0.0391
vn -0.6068 0.7885 0.1003
vn -0.6292 0.7391 0.2405
vn -0.2139 -0.9741 0.0729
vn -0.1580 -0.9729 0.1691
vn -0.0003 -0.9675 0.2528
vn -0.1577 -0.9867 0.0386
vn -0.0006 0.9982 0.0593
vn -0.1582 0.9728 0.1693
vn -0.2192 0.9721 0.0837
vn -0.7269 0.6278 0.2784
vn -0.7482 0.6462 0.1504
vn -0.7456 0.6517 0.1388
vn -0.7269 0.6277 0.2784
vn -0.7575 -0.6390 0.1336
vn -0.7482 -0.6462 0.1504
vn -0.7269 -0.6278 0.2783
vn -0.7954 -0.5282 0.2973
vn -0.7990 -0.5180 0.3054
vn -0.8116 -0.5716 0.1211
vn -0.8149 -0.5649 0.1300
vn -0.9341 0.0033 0.3570
vn -0.8359 0.5005 0.2253
vn -0.3254 0.9332 0.1527
vn -0.0005 0.9860 0.1667
vn -0.0015 0.9481 0.3180
vn -0.3237 0.8971 0.3008
vn -0.2454 0.9293 0.2760
vn -0.0002 0.9483 0.3172
vn -0.0007 0.9977 0.0678
vn -0.2783 0.9553 0.0998
vn -0.8960 0.4127 0.1637
vn -0.8534 0.4056 0.3274
vn -0.8960 -0.4129 0.1634
vn -0.9339 -0.0083 0.3576
vn -0.8533 -0.4063 0.3268
vn -0.8988 -0.3102 0.3096
vn -0.9341 -0.0042 0.3569
vn -0.9278 -0.3552 0.1139
vn -0.8988 0.3103 0.3096
vn -0.9278 0.3553 0.1139
vn -0.9341 0.0022 0.3569
vn -0.0007 -0.9481 0.3179
vn -0.0004 -0.9977 0.0679
vn -0.3245 -0.9336 0.1522
vn -0.3238 -0.8975 0.2993
vn -0.2445 -0.9298 0.2751
vn -0.2768 -0.9557 0.0996
vn -0.0009 -0.9862 0.1654
vn -0.0004 -0.9489 0.3156
vn -0.2787 -0.0081 0.9603
vn -0.2781 -0.0029 0.9605
vn -0.0038 -0.5419 0.8404
vn -0.2176 -0.2011 0.9551
vn -0.0003 -0.4997 0.8662
vn -0.2789 -0.0154 0.9602
vn -0.2034 -0.3454 0.9162
vn -0.0003 -0.6910 0.7229
vn -0.2786 -0.0099 0.9603
vn -0.2205 -0.0025 0.9754
vn -0.2080 -0.3424 0.9162
vn -0.0003 -0.6800 0.7332
vn -0.2790 -0.0087 0.9602
vn -0.2345 -0.1951 0.9523
vn -0.0004 -0.4594 0.8882
vn -0.2782 -0.0307 0.9600
vn -0.0008 -0.8411 0.5409
vn -0.0007 -0.7820 0.6232
vn 0.0008 0.4404 0.8978
vn 0.0002 0.8514 0.5245
vn 0.0001 0.9959 0.0907
vn -0.2782 -0.0000 0.9605
vn -0.0003 0.0001 1.0000
vn -0.0012 -0.0000 1.0000
vn 0.0006 0.0140 0.9999
vn 0.0006 0.6690 0.7432
vn -0.9339 -0.0000 0.3576
vn -0.9341 -0.0000 0.3570
vn -0.0001 -0.9809 0.1943
vn -0.0006 -0.9964 0.0843
vn 0.0002 -0.9959 0.0901
vn 0.0003 -0.9654 0.2607
vn 0.0008 -0.8978 0.4404
vn -0.0002 0.9990 0.0443
vn -0.1498 0.9887 0.0089
vn -0.0002 0.9972 0.0742
vn 0.0004 -0.4586 0.8887
vn -0.0000 -0.0002 1.0000
vn 0.0006 0.0010 1.0000
vn -0.0012 0.0039 1.0000
vn -0.0003 -0.0010 1.0000
vn 0.0006 -0.0040 1.0000
vn -0.0985 -0.0006 0.9951
vn -0.0001 -0.0072 1.0000
vn 0.0001 -0.0072 1.0000
vn -0.0000 0.0144 0.9999
vn -0.0003 -0.0003 -1.0000
vn -0.0115 0.0001 -0.9999
vn -0.0013 -0.0128 -0.9999
vn -0.9970 0.0027 0.0775
vn -0.9819 0.0020 0.1893
vn -0.9970 -0.0016 0.0776
vn -0.9820 -0.0033 0.1886
vn -0.0006 -0.9938 0.1115
vn 0.0004 -0.9937 0.1117
vn 0.0011 -0.9938 0.1115
vn -0.2451 0.2770 0.9291
vn -0.2782 0.0013 0.9605
vn -0.0004 0.3168 0.9485
vn -0.2455 -0.2760 0.9293
vn -0.0002 -0.3150 0.9491
vn -0.2781 -0.0007 0.9605
vn -0.0020 0.5410 0.8410
vn -0.2173 0.2014 0.9551
vn -0.0003 0.4009 0.9161
vn -0.0131 0.0001 -0.9999
vn -0.3097 0.1474 0.9393
vn -0.2784 -0.0029 0.9605
vn -0.2176 -0.2004 0.9552
vn -0.0003 -0.4979 0.8672
vn -0.9338 0.0056 0.3576
vn -0.8957 0.4134 0.1636
vn -0.8531 0.4062 0.3274
vn -0.8963 -0.4123 0.1630
vn -0.9339 -0.0028 0.3576
vn -0.8536 -0.4065 0.3259
vn -0.8988 -0.3097 0.3103
vn -0.9341 -0.0014 0.3570
vn -0.9282 -0.3541 0.1143
vn -0.8986 0.3108 0.3097
vn -0.9276 0.3559 0.1139
vn -0.9341 0.0007 0.3569
vn -0.0007 -0.9487 0.3162
vn -0.3256 -0.9333 0.1512
vn -0.3252 -0.8976 0.2977
vn -0.2460 -0.9288 0.2773
vn -0.2768 -0.9556 0.1013
vn -0.3248 0.9335 0.1518
vn -0.0007 0.9938 0.1110
vn -0.0007 0.9492 0.3146
vn -0.3215 0.8980 0.3003
vn -0.0002 0.9483 0.3173
vn -0.0131 0.0021 -0.9999
vn -0.2781 -0.0000 0.9605
vn 0.0004 -0.4571 0.8894
vn 0.0003 0.9938 0.1110
vn 0.0015 0.9492 0.3146
vn 1.0000 0.0019 0.0002
vn 1.0000 -0.0088 0.0007
vn 0.9999 0.0105 0.0003
vn 1.0000 0.0006 -0.0032
vn 0.9999 0.0005 0.0138
vn 1.0000 -0.0001 0.0035
vn 0.9999 0.0019 -0.0129
vn 0.0325 -0.0060 0.9995
vn 0.0963 -0.0061 0.9953
vn 0.0323 -0.0066 0.9995
vn 0.0966 -0.0065 0.9953
vn 0.0157 -0.9999 0.0003
vn 0.0320 -0.9995 0.0005
vn 0.0185 -0.9998 -0.0068
vn 0.0876 -0.9962 -0.0007
vn 0.0323 0.0111 -0.9994
vn 0.0963 0.0110 -0.9953
vn 0.0322 0.0116 -0.9994
vn 0.0964 0.0115 -0.9953
vn 0.0324 0.9995 -0.0033
vn 0.0958 0.9954 -0.0023
vn 0.0321 0.9994 0.0101
vn 0.0963 0.9953 0.0090
vn 1.0000 -0.0000 -0.0076
vn 1.0000 -0.0003 -0.0000
vn 0.9999 0.0001 -0.0132
vn 1.0000 -0.0000 0.0004
vn 1.0000 -0.0000 0.0074
vn 1.0000 -0.0001 0.0001
vn 0.8990 0.3081 0.3113
vn 0.9339 -0.0020 0.3576
vn 0.9340 0.3573 0.0037
vn 0.5382 -0.8428 0.0023
vn 0.7330 -0.6198 0.2803
vn 0.2279 -0.9737 0.0023
vn 0.6314 -0.7387 -0.2357
vn 0.6395 -0.7287 -0.2449
vn 0.6021 -0.7984 -0.0063
vn 0.8991 0.3113 -0.3078
vn 0.9341 0.3570 -0.0027
vn 0.9339 0.0041 -0.3576
vn 0.9338 -0.0033 0.3577
vn 0.8926 -0.0032 0.4508
vn 0.4179 -0.9083 0.0168
vn 0.7143 -0.6753 0.1840
vn 0.4860 -0.8740 0.0008
vn 0.2787 -0.0050 0.9604
vn 0.0516 0.3518 0.9346
vn 0.2576 0.3668 0.8939
vn 0.1235 -0.8114 0.5713
vn 0.0436 -0.6711 0.7401
vn 0.1483 -0.8496 0.5061
vn 0.1899 -0.7115 0.6766
vn 0.1987 -0.6999 0.6861
vn 0.0742 -0.7556 0.6508
vn 0.0903 -0.7543 0.6503
vn 0.2458 0.2711 0.9306
vn 0.0965 0.3106 0.9456
vn 0.2789 -0.0062 0.9603
vn 0.1506 -0.8169 -0.5568
vn 0.0841 -0.8098 -0.5807
vn 0.1447 -0.8220 -0.5508
vn 0.1272 0.3857 -0.9138
vn 0.2784 0.0112 -0.9604
vn 0.2589 0.3759 -0.8897
vn 0.2436 0.2832 -0.9276
vn 0.2786 0.0109 -0.9603
vn 0.0138 0.3533 -0.9354
vn 0.0328 -0.8123 -0.5823
vn 0.2324 -0.5517 -0.8010
vn 0.1168 -0.8631 -0.4914
vn 0.2782 0.9605 -0.0114
vn 0.0521 0.9340 -0.3534
vn 0.2593 0.8938 -0.3658
vn 0.1261 0.9148 0.3837
vn 0.2784 0.9604 0.0110
vn 0.2569 0.8907 0.3750
vn 0.2459 0.9283 0.2788
vn 0.2801 0.9599 0.0073
vn 0.0139 0.9368 0.3496
vn 0.2432 0.9306 -0.2735
vn 0.0950 0.9447 -0.3138
vn 0.2794 0.9602 0.0015
vn 0.9341 0.0048 -0.3570
vn 0.9318 0.2254 -0.2845
vn 0.8949 0.4463 -0.0020
vn 0.8250 -0.4718 -0.3112
vn 0.9340 0.0033 -0.3573
vn 0.8265 -0.4723 -0.3064
vn 0.9336 0.3582 0.0107
vn 0.9319 0.2855 0.2239
vn 0.8927 -0.0027 0.4507
vn 0.9339 -0.0024 0.3574
vn 0.9339 0.0039 -0.3576
vn 0.4838 -0.8752 -0.0003
vn 0.5783 -0.8158 -0.0012
vn 0.2787 -0.0064 0.9604
vn 0.2782 -0.0064 0.9605
vn 0.0806 -0.9967 -0.0009
vn 0.0001 -0.9904 0.1379
vn 0.2780 0.0106 -0.9605
vn 0.2787 0.0106 -0.9603
vn -0.0017 -0.7938 0.6082
vn -0.0036 -0.8814 0.4724
vn -0.0000 0.0086 1.0000
vn 0.0036 0.7584 -0.6517
vn 0.0022 0.7498 -0.6616
vn 0.0288 -0.0241 0.9993
vn 0.0027 -0.4539 0.8910
vn 0.0027 0.9439 0.3303
vn 0.0014 0.6743 0.7384
vn 0.0016 -1.0000 0.0010
vn 0.0015 -0.9957 0.0929
vn -0.0004 0.7656 0.6433
vn 0.0009 0.7655 0.6434
vn 0.0005 0.7656 0.6434
vn -0.0014 0.7654 0.6435
vn -0.0030 -0.9999 0.0125
vn -0.0035 -0.9053 0.4248
vn 0.0026 0.9999 0.0169
vn 0.0018 0.9946 -0.1041
vn 0.0004 0.9977 0.0675
vn 0.0008 0.9862 0.1654
vn 0.0008 0.9806 0.1959
vn 0.0001 0.9994 0.0357
vn 0.0003 0.9979 0.0650
vn 0.0005 0.9960 0.0893
vn 0.0008 -0.4411 0.8974
vn 0.0002 -0.8095 0.5871
vn 0.0003 -0.9660 0.2586
vn 0.0008 0.9861 0.1663
vn 0.0004 0.9483 0.3172
vn -0.0000 0.0253 0.9997
vn 0.0008 0.3152 0.9490
vn -0.0033 -1.0000 -0.0059
vn -0.0044 -0.7563 0.6543
vn -0.0035 -0.7374 0.6754
vn -0.1918 0.7302 -0.6557
vn -0.3597 0.0029 -0.9331
vn -0.5128 0.6613 -0.5475
vn -0.7418 0.0014 -0.6706
vn -0.0853 0.9594 -0.2690
vn -0.2451 0.9335 -0.2617
vn -0.2671 -0.3068 -0.9135
vn -0.2409 -0.0027 -0.9705
vn -0.0018 -0.0030 -1.0000
vn -0.0034 -0.4045 -0.9145
vn -0.2109 -0.7160 -0.6655
vn -0.0016 -0.7853 -0.6191
vn -0.6606 -0.2569 -0.7054
vn -0.6217 -0.0014 -0.7832
vn -0.5376 -0.6176 -0.5740
vn -0.2525 -0.9293 -0.2697
vn -0.0030 -0.9708 -0.2398
vn -0.3184 -0.9479 -0.0122
vn -0.6389 -0.7338 -0.2309
vn -0.7066 -0.7076 -0.0091
vn -0.6293 0.7483 -0.2098
vn -0.9626 0.0029 -0.2708
vn -0.9994 0.0195 -0.0277
vn -0.8783 0.4780 -0.0067
vn -0.2529 0.9632 -0.0915
vn -0.4018 0.9157 -0.0030
vn -0.2177 0.9760 -0.0011
vn -0.8979 -0.3225 -0.2997
vn -0.9302 -0.3663 -0.0253
vn -0.9996 -0.0051 -0.0281
vn -0.9158 -0.0030 -0.4016
vn -0.0814 0.9929 -0.0869
vn -0.0700 0.9975 -0.0017
vn -0.0005 1.0000 -0.0019
vn -0.0010 0.9934 -0.1145
vn -0.6488 -0.7607 0.0200
vn -0.6064 -0.7951 -0.0002
vn -0.2408 -0.9706 0.0073
vn -0.9571 -0.2244 0.1834
vn -1.0000 -0.0024 -0.0004
vn -1.0000 -0.0071 0.0041
vn -0.8953 -0.3269 0.3025
vn -0.7236 -0.5337 0.4377
vn -0.6066 -0.5857 0.5376
vn -0.2366 -0.7153 0.6575
vn -0.3438 -0.7249 0.5970
vn -0.2278 -0.7734 0.5916
vn -0.6013 -0.6361 0.4835
vn -0.3306 -0.8927 0.3063
vn -0.0059 -0.9454 0.3259
vn -0.0042 -0.9205 0.3907
vn -0.2716 -0.8984 0.3451
vn -0.7060 -0.6679 0.2356
vn -0.2887 -0.8225 0.4900
vn -0.6684 -0.6477 0.3657
vn -0.9563 -0.2739 0.1026
vn -0.9998 -0.0036 0.0175
vn -1.0000 -0.0014 0.0005
vn -0.9384 -0.3070 0.1587
vn -0.9881 -0.1237 0.0918
vn -0.9080 -0.3348 0.2519
vn -1.0000 0.0030 -0.0001
vn -1.0000 0.0028 0.0071
vn -0.8783 0.4780 0.0018
vn 1.0000 0.0002 0.0021
vn 1.0000 -0.0000 0.0022
vn 1.0000 0.0001 0.0025
vn 1.0000 0.0022 -0.0015
vn 0.1813 -0.6836 0.7070
vn 0.2708 -0.0033 0.9626
vn 0.5263 -0.6381 0.5620
vn 0.6217 -0.0012 0.7833
vn 0.0012 -0.9064 0.4224
vn 0.0005 -0.9728 0.2315
vn 0.0802 -0.9598 0.2690
vn 0.2467 -0.9331 0.2616
vn 0.0189 0.0157 0.9997
vn 0.2709 0.0016 0.9626
vn 0.2366 0.2746 0.9320
vn 0.0024 0.2493 0.9684
vn 0.1988 0.7178 0.6672
vn 0.7412 0.0011 0.6713
vn 0.6632 0.2424 0.7081
vn 0.5361 0.6204 0.5725
vn 0.2246 0.9445 0.2399
vn 0.2458 0.9693 0.0066
vn 0.6408 0.7362 0.2177
vn 0.6976 0.7165 0.0057
vn 0.9998 -0.0029 0.0174
vn 0.9277 -0.0025 0.3733
vn 0.6793 -0.7067 0.1981
vn 0.8781 -0.4785 0.0035
vn 0.4010 -0.9161 0.0047
vn 0.2530 -0.9636 0.0860
vn 0.2541 -0.9672 0.0008
vn 1.0000 0.0043 0.0054
vn 0.9631 0.2689 0.0081
vn 0.9195 0.2893 0.2661
vn 0.9690 0.0021 0.2471
vn 0.0004 -1.0000 0.0008
vn 0.0632 -0.9980 0.0013
vn 0.0715 -0.9946 0.0756
vn 0.0007 -0.9978 0.0670
vn 0.9999 0.0158 -0.0016
vn 0.9153 0.4028 -0.0021
vn 0.5616 0.8274 -0.0055
vn 0.0985 -0.9951 0.0007
vn 0.2540 -0.9672 0.0011
vn 0.9999 0.0107 -0.0095
vn 1.0000 0.0040 0.0005
vn 0.9633 0.2081 -0.1697
vn 0.9017 0.3178 -0.2931
vn 0.7136 0.5427 -0.4431
vn 0.5811 0.6011 -0.5486
vn 0.2059 0.7257 -0.6564
vn 0.3118 0.7354 -0.6016
vn 0.2057 0.7813 -0.5893
vn 0.5934 0.6430 -0.4841
vn 0.2571 0.8523 -0.4555
vn 0.3027 0.9170 -0.2596
vn 0.6564 0.6669 -0.3527
vn 0.7087 0.6796 -0.1893
vn 0.9999 0.0111 -0.0045
vn 0.9464 0.2878 -0.1465
vn 0.9169 0.3194 -0.2391
vn 0.8780 -0.4787 0.0025
vn 1.0000 -0.0024 0.0065
vn 0.9997 -0.0263 -0.0001
vn 0.0197 0.0561 0.9982
vn -0.0265 -0.0898 0.9956
vn -0.0002 -0.0699 0.9976
vn 0.0002 0.0420 0.9991
vn 0.0311 0.0297 0.9991
vn -0.0633 -0.0593 0.9962
vn -0.0689 -0.0001 0.9976
vn -0.0676 -0.0193 0.9975
vn 0.0374 0.0127 0.9992
vn 0.0626 0.0004 0.9980
vn 0.0478 -0.0694 0.9964
vn -0.0681 0.0669 0.9954
vn -0.1451 0.0005 0.9894
vn 0.0621 -0.0002 0.9981
vn -0.2533 -0.8460 0.4692
vn -0.0030 -0.8817 0.4717
vn -0.6574 -0.6170 0.4325
vn -0.1074 0.9942 0.0006
vn -0.0682 0.9929 0.0976
vn -0.2964 0.9551 0.0008
vn -0.2148 0.9690 0.1222
vn -0.8865 -0.2538 0.3869
vn -0.9394 -0.0016 0.3429
vn -0.9419 0.0069 0.3358
vn -0.8376 0.4557 0.3011
vn -0.4010 0.9161 0.0009
vn -0.3955 0.9036 0.1645
vn 0.0029 0.9938 0.1109
vn 0.3258 0.9375 0.1223
vn 0.7109 0.6737 0.2019
vn 0.0984 -0.9900 0.1008
vn 0.2926 -0.9459 0.1405
vn 0.9241 0.2417 0.2960
vn 0.9662 0.2502 -0.0617
vn 0.9999 0.0076 0.0150
vn 0.9429 0.0014 0.3330
vn 0.9428 -0.0056 0.3333
vn 0.8379 -0.4558 0.3004
vn 0.4012 -0.9160 0.0009
vn 0.3953 -0.9035 0.1657
vn 0.0012 -0.7669 0.6418
vn 0.0003 -0.7663 0.6425
vn -0.0010 -0.3087 0.9512
vn -0.0856 -0.2877 0.9539
vn 0.0739 0.3373 0.9385
vn 0.0005 0.3538 0.9353
vn -0.1757 -0.2300 0.9572
vn 0.1945 0.2578 0.9464
vn -0.0508 0.7493 0.6602
vn -0.0783 0.7325 0.6763
vn 0.0736 -0.7352 0.6738
vn 0.0471 -0.7521 0.6574
vn -0.1639 0.6245 0.7637
vn -0.1639 0.6244 0.7637
vn 0.1636 -0.6233 0.7646
vn 0.1638 -0.6238 0.7643
vn -0.2938 -0.0020 0.9559
vn -0.2576 -0.1164 0.9592
vn 0.2813 0.0946 0.9549
vn 0.2977 0.0005 0.9547
vn -0.2962 0.0010 0.9551
vn -0.2518 0.3904 0.8855
vn 0.2778 -0.2524 0.9269
vn 0.2979 -0.0009 0.9546
vn -0.2617 -0.8821 0.3917
vn -0.6147 -0.7338 0.2892
vn -0.9036 -0.4283 0.0053
vn -0.9245 -0.3548 0.1395
vn -1.0000 -0.0081 0.0044
vn 1.0000 0.0001 -0.0006
vn 0.2401 0.9707 -0.0093
vn 0.2325 0.9211 -0.3123
vn 0.5877 0.7532 -0.2953
vn 0.9325 0.3365 -0.1311
vn -0.9381 -0.3464 0.0004
vn -0.0000 -0.0060 1.0000
vn -0.0000 -0.0045 1.0000
vn 1.0000 -0.0000 0.0096
vn 1.0000 -0.0000 0.0068
vn 1.0000 0.0001 -0.0013
vn 0.0006 -0.0115 0.9999
vn 0.0006 0.0029 1.0000
vn 0.0018 -0.0000 1.0000
vn 0.0042 -0.0000 1.0000
vn 0.0585 0.0055 0.9983
vn 0.0511 -0.0003 0.9987
vn -0.0001 -0.0000 1.0000
vn 0.0055 -0.0000 1.0000
vn 0.0643 0.0053 0.9979
vn 0.0168 -0.0004 0.9999
vn 0.0012 0.0001 1.0000
vn 0.0491 0.0076 0.9988
vn 0.0404 -0.0005 0.9992
vn 0.9970 -0.0000 0.0774
vn 0.9820 0.0067 0.1887
vn 0.9969 0.0089 0.0776
vn 0.9819 -0.0000 0.1894
vn 0.0006 -0.9991 0.0431
vn 0.9969 -0.0048 0.0779
vn 0.9820 0.0059 0.1889
vn 0.9969 0.0082 0.0779
vn 0.9823 -0.0100 0.1873
vn 0.9819 -0.0000 0.1896
vn 0.9820 0.0059 0.1888
vn 0.9970 0.0079 0.0776
vn 0.9823 -0.0096 0.1870
vn 0.0005 -0.9860 0.1666
vn 0.0007 -0.9977 0.0674
vn -0.0000 -0.0031 1.0000
vn -0.0000 -0.0047 1.0000
vn -0.0000 -0.0001 1.0000
vn 0.0052 0.0005 1.0000
vn 0.2452 0.2763 0.9292
vn 0.0002 0.3157 0.9488
vn 0.0006 0.0034 1.0000
vn 0.2781 0.0043 0.9605
vn 0.0005 -0.6689 0.7434
vn 0.2781 -0.0019 0.9606
vn 0.0006 -0.0174 0.9998
vn 0.2781 -0.0016 0.9605
vn 0.2781 0.0032 0.9605
vn 0.2186 0.6177 0.7554
vn 0.2276 -0.5743 0.7863
vn 0.2781 0.0059 0.9605
vn 0.0004 -0.6616 0.7499
vn 0.2781 -0.0031 0.9606
vn 0.0006 -0.0273 0.9996
vn 0.2450 -0.2765 0.9293
vn 0.2781 -0.0019 0.9605
vn 0.0004 -0.3162 0.9487
vn 0.2450 0.2766 0.9292
vn 0.0002 0.3162 0.9487
vn 0.2781 0.0038 0.9605
vn 0.0008 0.3157 0.9489
vn 0.1696 0.2619 0.9501
vn 0.3530 0.0039 0.9356
vn 0.0008 0.3163 0.9486
vn 0.3534 0.0034 0.9355
vn 0.2783 0.0159 0.9604
vn 0.0008 0.8441 0.5362
vn 0.0007 0.7816 0.6237
vn 0.0002 0.6292 0.7773
vn 0.0007 0.5373 0.8434
vn 0.1586 0.4503 0.8787
vn 0.3506 0.0061 0.9365
vn 0.0008 0.3168 0.9485
vn 0.1699 0.2616 0.9501
vn 0.3532 0.0034 0.9355
vn 0.0007 0.9487 0.3162
vn 0.3253 0.9334 0.1516
vn 0.3239 0.8976 0.2992
vn 0.2452 0.9293 0.2762
vn 0.2768 0.9557 0.1001
vn 0.0004 0.9489 0.3156
vn 0.8960 0.4130 0.1632
vn 0.9337 0.0186 0.3576
vn 0.8532 0.4064 0.3268
vn 0.7270 -0.6277 0.2783
vn 0.7484 -0.6460 0.1504
vn 0.7576 -0.6388 0.1336
vn 0.8013 -0.5199 0.2959
vn 0.8156 -0.5651 0.1244
vn 0.8135 -0.5693 0.1188
vn 0.8065 -0.5046 0.3082
vn 0.8988 0.3101 0.3100
vn 0.9341 0.0024 0.3569
vn 0.9280 0.3547 0.1140
vn 0.1582 -0.9728 0.1690
vn 0.2148 -0.9739 0.0731
vn 0.1574 -0.9868 0.0385
vn 0.3248 -0.9335 0.1520
vn 0.0015 -0.9487 0.3162
vn 0.3225 -0.8976 0.3004
vn 0.2775 -0.9581 0.0709
vn 0.0007 0.9487 0.3161
vn 0.3252 0.9334 0.1516
vn 0.3239 0.8976 0.2989
vn 0.0008 0.8979 0.4403
vn 0.2776 0.9581 0.0709
vn 0.9337 0.0163 0.3576
vn 0.8533 0.4064 0.3267
vn 0.9338 -0.0083 0.3576
vn 0.8957 -0.4134 0.1635
vn 0.8531 -0.4062 0.3275
vn 0.8854 -0.3291 0.3283
vn 0.9245 -0.3540 0.1414
vn 0.9342 -0.0053 0.3568
vn 0.8856 0.3284 0.3283
vn 0.9341 0.0027 0.3569
vn 0.9247 0.3535 0.1413
vn 0.5119 0.8546 0.0875
vn 0.5300 0.8409 0.1095
vn 0.4828 0.8614 0.1579
vn 0.4636 0.8752 0.1380
vn 0.4234 -0.8913 0.1622
vn 0.6339 -0.7725 0.0377
vn 0.3251 -0.9435 0.0648
vn 0.6323 -0.7383 0.2349
vn 0.6122 -0.7848 0.0965
vn 0.6409 -0.7275 0.2449
vn 0.6599 0.7241 0.2002
vn 0.7195 0.6378 0.2749
vn 0.5242 0.8501 0.0504
vn 0.1536 -0.9737 0.1680
vn 0.2806 -0.9593 0.0307
vn 0.2766 0.9604 0.0324
vn 0.1531 0.9738 0.1681
vn 0.7523 0.6451 0.1340
vn 0.7481 0.6463 0.1504
vn 0.7269 0.6278 0.2784
vn 0.7269 0.6278 0.2785
vn 0.7268 -0.6279 0.2783
vn 0.7481 -0.6463 0.1504
vn 0.7536 -0.6436 0.1336
vn 0.7268 -0.6279 0.2784
vn 0.7981 -0.5262 0.2935
vn 0.7961 -0.5863 0.1499
vn 0.7962 -0.5953 0.1085
vn 0.8035 -0.5099 0.3071
vn 0.8021 0.5175 0.2980
vn 0.8063 0.5050 0.3081
vn 0.7923 0.6012 0.1037
vn 0.7965 0.5812 0.1670
vn 0.0007 0.9481 0.3179
vn 0.0004 0.9977 0.0679
vn 0.3254 0.9332 0.1526
vn 0.3237 0.8971 0.3008
vn 0.2454 0.9293 0.2761
vn 0.2782 0.9553 0.0998
vn 0.8960 0.4129 0.1636
vn 0.9338 0.0163 0.3576
vn 0.8533 0.4057 0.3275
vn 0.8959 -0.4131 0.1634
vn 0.8533 -0.4063 0.3269
vn 0.8988 -0.3103 0.3097
vn 0.9278 -0.3553 0.1139
vn 0.9341 -0.0042 0.3570
vn 0.8988 0.3103 0.3097
vn 0.9341 0.0021 0.3570
vn 0.9278 0.3553 0.1139
vn 0.3245 -0.9336 0.1522
vn 0.0014 -0.9481 0.3179
vn 0.3238 -0.8975 0.2993
vn 0.2445 -0.9298 0.2751
vn 0.0002 -0.9489 0.3156
vn 0.2768 -0.9558 0.0996
vn 0.2790 -0.0086 0.9602
vn 0.2340 -0.1950 0.9525
vn 0.2787 -0.0146 0.9603
vn 0.1929 -0.3572 0.9139
vn 0.0002 -0.7150 0.6992
vn 0.2785 -0.0094 0.9604
vn 0.1881 -0.3617 0.9131
vn 0.0002 -0.7146 0.6995
vn 0.2789 -0.0081 0.9603
vn 0.2181 -0.2011 0.9550
vn 0.0003 -0.5008 0.8655
vn 0.2800 -0.0283 0.9596
vn 0.1301 -0.6809 0.7207
vn 0.0001 -0.8418 0.5398
vn 0.0006 -0.0000 1.0000
vn 0.2781 -0.0000 0.9606
vn 0.9339 -0.0000 0.3576
vn 0.9341 -0.0000 0.3570
vn 0.9982 -0.0386 0.0465
vn 0.9338 -0.0000 0.3577
vn 0.9341 -0.0000 0.3569
vn 0.0001 -0.9810 0.1939
vn 0.0168 -0.0000 0.9999
vn 0.9970 -0.0016 0.0776
vn 0.9819 0.0020 0.1894
vn 0.9970 0.0027 0.0775
vn 0.9820 -0.0033 0.1886
vn 0.2450 0.2770 0.9291
vn 0.0002 0.3168 0.9485
vn 0.2781 0.0013 0.9606
vn 0.2454 -0.2760 0.9293
vn 0.2781 -0.0006 0.9606
vn 0.0004 -0.3151 0.9491
vn 0.1695 0.2628 0.9498
vn 0.3555 0.0012 0.9347
vn 0.2785 -0.0030 0.9604
vn 0.2338 -0.1945 0.9526
vn 0.8957 0.4136 0.1636
vn 0.9338 0.0056 0.3576
vn 0.8530 0.4063 0.3275
vn 0.9339 -0.0028 0.3576
vn 0.8963 -0.4124 0.1630
vn 0.8535 -0.4064 0.3261
vn 0.8988 -0.3097 0.3103
vn 0.9282 -0.3541 0.1142
vn 0.9341 -0.0015 0.3569
vn 0.8986 0.3109 0.3097
vn 0.9341 0.0007 0.3570
vn 0.9275 0.3559 0.1139
vn 0.3256 -0.9333 0.1512
vn 0.0015 -0.9487 0.3163
vn 0.3252 -0.8976 0.2977
vn 0.2459 -0.9288 0.2772
vn 0.0002 -0.9489 0.3157
vn 0.2767 -0.9556 0.1012
vn 0.3247 0.9336 0.1518
vn 0.3214 0.8981 0.3003
vn 0.2453 0.9293 0.2760
vn -1.0000 -0.0088 0.0007
vn -1.0000 0.0020 0.0002
vn -0.9999 0.0105 0.0003
vn -1.0000 -0.0012 0.0035
vn -0.9999 0.0005 0.0138
vn -1.0000 0.0006 -0.0033
vn -0.9999 0.0001 -0.0129
vn -0.0323 -0.0066 0.9995
vn -0.0964 -0.0061 0.9953
vn -0.0325 -0.0060 0.9995
vn -0.0966 -0.0066 0.9953
vn -0.0184 -0.9998 -0.0068
vn -0.0320 -0.9995 0.0005
vn -0.0156 -0.9999 0.0003
vn -0.0876 -0.9962 -0.0007
vn -0.0323 0.0116 -0.9994
vn -0.0963 0.0110 -0.9953
vn -0.0323 0.0107 -0.9994
vn -0.0964 0.0115 -0.9953
vn -0.0321 0.9994 0.0100
vn -0.0958 0.9954 -0.0024
vn -0.0324 0.9995 -0.0033
vn -0.0963 0.9953 0.0090
vn -1.0000 -0.0003 -0.0000
vn -1.0000 -0.0000 -0.0076
vn -0.9999 0.0001 -0.0132
vn -1.0000 -0.0000 0.0004
vn -1.0000 -0.0000 0.0074
vn -1.0000 -0.0000 0.0001
vn -0.8990 0.3081 0.3113
vn -0.9340 0.3573 0.0037
vn -0.9339 -0.0020 0.3577
vn -0.2279 -0.9737 0.0023
vn -0.7329 -0.6198 0.2803
vn -0.5395 -0.8420 0.0024
vn -0.6309 -0.7392 -0.2358
vn -0.6050 -0.7962 -0.0064
vn -0.6386 -0.7296 -0.2446
vn -0.8991 0.3113 -0.3079
vn -0.9339 0.0040 -0.3576
vn -0.9341 0.3571 -0.0028
vn -0.4180 -0.9083 0.0169
vn -0.8926 -0.0032 0.4509
vn -0.9338 -0.0033 0.3577
vn -0.7144 -0.6751 0.1840
vn -0.4862 -0.8739 0.0008
vn -0.0517 0.3518 0.9346
vn -0.2787 -0.0050 0.9604
vn -0.2575 0.3668 0.8940
vn -0.1483 -0.8495 0.5062
vn -0.0436 -0.6711 0.7401
vn -0.1234 -0.8113 0.5714
vn -0.1899 -0.7116 0.6764
vn -0.0903 -0.7543 0.6503
vn -0.0743 -0.7556 0.6508
vn -0.1987 -0.7000 0.6859
vn -0.2459 0.2711 0.9306
vn -0.2790 -0.0062 0.9603
vn -0.0965 0.3106 0.9456
vn -0.0839 -0.8097 -0.5808
vn -0.1505 -0.8170 -0.5567
vn -0.1445 -0.8221 -0.5507
vn -0.2783 0.0113 -0.9604
vn -0.1272 0.3857 -0.9138
vn -0.2589 0.3759 -0.8897
vn -0.2437 0.2832 -0.9276
vn -0.0138 0.3533 -0.9354
vn -0.2787 0.0109 -0.9603
vn -0.1168 -0.8630 -0.4915
vn -0.2326 -0.5511 -0.8014
vn -0.0329 -0.8115 -0.5835
vn -0.0521 0.9340 -0.3534
vn -0.2781 0.9605 -0.0115
vn -0.2593 0.8939 -0.3657
vn -0.2784 0.9604 0.0110
vn -0.1261 0.9148 0.3836
vn -0.2569 0.8907 0.3750
vn -0.2457 0.9285 0.2786
vn -0.0139 0.9368 0.3496
vn -0.2796 0.9601 0.0073
vn -0.2432 0.9306 -0.2735
vn -0.2792 0.9602 0.0015
vn -0.0950 0.9447 -0.3139
vn -0.9341 0.0047 -0.3571
vn -0.9318 0.2254 -0.2845
vn -0.8949 0.4463 -0.0020
vn -0.9340 0.0034 -0.3573
vn -0.8250 -0.4718 -0.3112
vn -0.8265 -0.4722 -0.3064
vn -0.9335 0.3584 0.0107
vn -0.9318 0.2855 0.2240
vn -0.8926 -0.0027 0.4508
vn -0.9340 -0.0024 0.3572
vn -0.9339 0.0039 -0.3576
vn -0.4837 -0.8752 -0.0003
vn -0.5783 -0.8158 -0.0012
vn -0.2787 -0.0064 0.9604
vn -0.2782 -0.0064 0.9605
vn -0.0805 -0.9968 -0.0009
vn -0.0001 -0.9904 0.1379
vn -0.2780 0.0106 -0.9605
vn -0.2787 0.0106 -0.9603
vn -0.0000 0.0002 1.0000
vn 0.0002 0.9855 0.1695
vn -0.1226 -0.9924 0.0067
vn -0.0010 -1.0000 0.0033
vn -0.0034 -0.9999 -0.0118
vn -0.1880 -0.9821 -0.0095
vn -0.3691 -0.9294 0.0081
vn -0.4852 -0.8744 -0.0090
vn -0.9547 0.2941 -0.0462
vn -0.9999 0.0017 0.0142
vn -0.9999 0.0065 -0.0130
vn -0.8936 0.4386 -0.0954
vn -0.7039 0.7007 -0.1166
vn -0.5712 0.8063 -0.1535
vn -0.9999 -0.0017 -0.0129
vn -0.9999 -0.0069 0.0136
vn -0.2104 0.9613 -0.1778
vn -0.0031 0.9844 -0.1759
vn -0.0032 0.9881 -0.1536
vn -0.3238 0.9343 -0.1493
vn -0.9566 -0.2912 -0.0133
vn -0.9566 -0.2912 0.0132
vn -0.6163 -0.7875 -0.0098
vn -0.6163 -0.7875 0.0099
vn -0.0002 -0.0700 0.9975
vn -0.0003 -0.1422 0.9898
vn -0.0136 -0.0918 0.9957
vn -0.0113 -0.0579 0.9983
vn -0.0003 -0.0700 -0.9975
vn -0.0114 -0.0580 -0.9983
vn -0.0137 -0.0921 -0.9957
vn -0.0002 -0.0909 -0.9959
vn -0.0296 -0.0597 0.9978
vn -0.0006 0.0061 1.0000
vn 0.0029 -0.0012 -1.0000
vn -0.0265 -0.0561 -0.9981
vn 0.0123 0.0002 0.9999
vn -0.0553 0.0002 0.9985
vn -0.0470 0.0148 0.9988
vn -0.0065 0.0066 1.0000
vn -0.0270 0.0001 -0.9996
vn 0.0004 0.0020 -1.0000
vn -0.0495 0.0190 -0.9986
vn -0.0851 0.0003 -0.9964
vn -0.0303 0.0323 0.9990
vn 0.0021 0.0015 1.0000
vn -0.0011 -0.0027 -1.0000
vn -0.0253 0.0313 -0.9992
vn 0.0001 0.0115 -0.9999
vn 0.0003 0.0598 -0.9982
vn -0.0001 0.0592 -0.9982
vn -0.0001 0.0122 -0.9999
vn -0.0555 -0.0002 -0.9985
vn 0.0131 -0.0002 -0.9999
vn -0.0267 -0.0001 0.9996
vn -0.0850 -0.0003 0.9964
vn -0.0129 0.0504 -0.9986
vn -0.0049 0.0066 -1.0000
vn -0.0002 0.0122 0.9999
vn -0.0016 -0.0004 1.0000
vn -0.0142 0.0507 0.9986
vn -0.0001 0.0504 0.9987
vn -0.0512 -0.0343 -0.9981
vn -0.0055 -0.0118 -0.9999
vn 0.0013 -0.0029 1.0000
vn -0.0467 -0.0280 0.9985
vn 0.0041 0.9999 0.0120
vn 0.0022 0.9859 0.1673
vn 0.1287 0.9763 0.1742
vn 0.2001 0.9797 0.0069
vn 0.1311 0.9913 -0.0067
vn 0.1969 0.9637 -0.1804
vn 0.0022 0.9859 -0.1673
vn 0.0011 1.0000 -0.0033
vn 0.3651 0.9078 0.2064
vn 0.4903 0.8715 0.0088
vn 0.3736 0.9275 -0.0079
vn 0.4780 0.8480 -0.2289
vn 1.0000 -0.0020 0.0061
vn 0.9390 -0.0017 0.3440
vn 0.8764 -0.2653 0.4018
vn 0.9491 -0.3052 0.0775
vn 0.8904 -0.4495 0.0719
vn 0.8556 -0.4566 -0.2437
vn 0.9450 -0.0076 -0.3270
vn 0.9996 -0.0075 -0.0260
vn 0.6509 -0.6079 0.4547
vn 0.7037 -0.6957 0.1443
vn 0.5747 -0.8082 0.1285
vn 0.5568 -0.8158 -0.1564
vn -0.0037 -0.9895 0.1444
vn -0.0037 -0.9942 -0.1070
vn 0.0019 -0.9945 -0.1051
vn 0.0020 -0.9875 0.1577
vn 0.9435 0.0019 -0.3312
vn 1.0000 0.0041 -0.0086
vn 0.9996 0.0041 0.0263
vn 0.9414 0.0076 0.3373
vn 0.2201 -0.9686 -0.1159
vn 0.2266 -0.9624 0.1501
vn 0.0076 -0.9844 0.1758
vn 0.3398 -0.9253 0.1682
vn 0.2634 -0.8432 0.4686
vn 0.0019 -0.8865 0.4627
vn 0.9055 0.2718 -0.3259
vn 0.9577 0.2873 -0.0130
vn 0.9578 0.2873 0.0130
vn 0.9054 0.2716 0.3263
vn 0.6215 0.7833 -0.0097
vn 0.6018 0.7583 -0.2505
vn 0.6018 0.7584 0.2504
vn 0.6215 0.7833 0.0098
vn -0.1867 -0.9657 0.1807
vn -0.0018 -0.9860 0.1667
vn -0.0035 -0.9859 -0.1672
vn -0.1527 -0.9721 -0.1779
vn -0.4715 -0.8516 0.2291
vn -0.3618 -0.9088 -0.2077
vn -0.9178 0.2659 0.2947
vn -0.9437 0.0031 0.3307
vn -0.9369 0.0032 -0.3496
vn -0.8019 0.4096 -0.4350
vn -0.7105 0.6738 0.2030
vn -0.5002 0.7283 -0.4684
vn -0.9407 -0.0063 -0.3391
vn -0.9422 -0.0017 0.3350
vn -0.2314 0.8520 -0.4696
vn -0.0028 0.8858 -0.4641
vn -0.0068 0.9939 0.1097
vn -0.3409 0.9308 0.1316
vn -0.9032 -0.2747 -0.3298
vn -0.9035 -0.2748 0.3289
vn -0.5965 -0.7622 -0.2513
vn -0.5965 -0.7623 0.2511
vn 0.0687 0.5263 0.8475
vn 0.1027 0.5066 0.8560
vn 0.0012 0.5480 0.8365
vn -0.0010 -0.5473 0.8369
vn -0.0650 -0.5275 0.8471
vn 0.0861 0.5177 -0.8512
vn 0.0012 0.5492 -0.8357
vn 0.0863 0.5176 -0.8513
vn -0.0652 -0.5288 -0.8462
vn -0.0005 -0.5488 -0.8360
vn 0.2090 0.3733 0.9039
vn -0.1705 -0.4319 0.8857
vn 0.1746 0.4312 -0.8852
vn -0.1893 -0.4032 -0.8953
vn 0.2527 -0.1191 0.9602
vn 0.2915 -0.0021 0.9566
vn -0.2924 0.0005 0.9563
vn -0.2744 0.1025 0.9562
vn 0.2964 -0.0012 -0.9551
vn 0.2706 -0.1168 -0.9556
vn -0.2662 0.0863 -0.9600
vn -0.2885 0.0010 -0.9575
vn 0.1749 -0.2287 0.9576
vn -0.1923 0.2568 0.9471
vn 0.2159 -0.2291 -0.9491
vn -0.1806 0.2223 -0.9581
vn 0.0001 0.0114 0.9999
vn -0.0025 -0.3101 0.9507
vn 0.0013 -0.3102 0.9507
vn -0.0006 0.5493 -0.8356
vn -0.0023 0.5491 -0.8357
vn 0.2983 0.0023 -0.9545
vn -0.2915 -0.0005 -0.9566
vn 0.2948 0.0012 0.9555
vn -0.2934 -0.0010 0.9560
vn 0.1118 -0.3222 -0.9401
vn 0.0013 -0.3533 -0.9355
vn -0.0010 0.3094 -0.9509
vn -0.0635 0.2972 -0.9527
vn 0.0895 -0.2865 0.9539
vn -0.0782 0.3347 0.9391
vn -0.0006 0.3525 0.9358
vn 0.2644 0.2366 -0.9350
vn -0.2778 -0.1555 -0.9480
vn 0.2718 0.2000 0.9414
vn -0.2692 -0.1927 0.9436
vn 0.0003 0.0793 0.9968
vn 0.0003 -0.1426 -0.9898
vn 0.0001 -0.0701 -0.9975
vn -0.0037 -0.8862 0.4633
vn -0.0039 -0.9844 0.1757
vn -0.0042 0.9859 -0.1674
vn -0.0021 0.9999 -0.0122
vn 0.0055 0.8859 -0.4638
vn 0.0016 0.9844 -0.1759
vn 0.0010 -0.5487 -0.8360
vn 0.0018 -1.0000 -0.0032
vn 0.0018 -0.9999 0.0122
vn 0.1226 -0.9924 0.0067
vn 0.1880 -0.9821 -0.0095
vn 0.3691 -0.9293 0.0081
vn 0.4852 -0.8744 -0.0090
vn 0.9547 0.2941 -0.0462
vn 0.8936 0.4386 -0.0954
vn 0.9999 0.0065 -0.0130
vn 0.9999 0.0017 0.0142
vn 0.7039 0.7007 -0.1166
vn 0.5712 0.8063 -0.1535
vn 0.0063 0.9881 -0.1538
vn 0.9999 -0.0017 -0.0129
vn 0.9999 -0.0069 0.0136
vn 0.2105 0.9613 -0.1778
vn 0.3238 0.9343 -0.1493
vn 0.9566 -0.2911 -0.0133
vn 0.9566 -0.2912 0.0132
vn 0.6162 -0.7875 0.0099
vn 0.6162 -0.7875 -0.0098
vn 0.0136 -0.0918 0.9957
vn 0.0002 -0.0906 0.9959
vn 0.0003 -0.0699 0.9976
vn 0.0114 -0.0579 0.9983
vn 0.0137 -0.0921 -0.9957
vn 0.0114 -0.0580 -0.9983
vn 0.0296 -0.0597 0.9978
vn 0.0006 0.0061 1.0000
vn 0.0265 -0.0561 -0.9981
vn -0.0029 -0.0012 -1.0000
vn 0.0470 0.0148 0.9988
vn 0.0553 0.0002 0.9985
vn -0.0123 0.0002 0.9999
vn 0.0065 0.0066 1.0000
vn 0.0271 0.0001 -0.9996
vn 0.0851 0.0003 -0.9964
vn 0.0495 0.0190 -0.9986
vn -0.0004 0.0020 -1.0000
vn 0.0304 0.0323 0.9990
vn -0.0021 0.0015 1.0000
vn 0.0253 0.0313 -0.9992
vn 0.0011 -0.0027 -1.0000
vn 0.0555 -0.0002 -0.9985
vn -0.0130 -0.0002 -0.9999
vn 0.0850 -0.0003 0.9964
vn 0.0267 -0.0001 0.9996
vn 0.0129 0.0504 -0.9986
vn 0.0049 0.0067 -1.0000
vn 0.0142 0.0506 0.9986
vn 0.0016 -0.0004 1.0000
vn 0.0511 -0.0343 -0.9981
vn 0.0055 -0.0118 -0.9999
vn 0.0467 -0.0280 0.9985
vn -0.0013 -0.0029 1.0000
vn -0.1287 0.9763 0.1743
vn -0.0011 0.9859 0.1673
vn -0.0022 1.0000 0.0034
vn -0.2001 0.9797 0.0069
vn -0.1969 0.9637 -0.1804
vn -0.1311 0.9913 -0.0067
vn -0.3651 0.9078 0.2064
vn -0.4903 0.8715 0.0088
vn -0.4780 0.8480 -0.2288
vn -0.3736 0.9275 -0.0080
vn -0.8764 -0.2652 0.4019
vn -0.9389 -0.0017 0.3441
vn -1.0000 -0.0020 0.0062
vn -0.9491 -0.3053 0.0774
vn -0.9450 -0.0076 -0.3269
vn -0.8556 -0.4566 -0.2437
vn -0.8904 -0.4495 0.0719
vn -0.9996 -0.0075 -0.0260
vn -0.6509 -0.6079 0.4547
vn -0.7037 -0.6957 0.1443
vn -0.5569 -0.8158 -0.1564
vn -0.5747 -0.8082 0.1286
vn -0.9436 0.0019 -0.3312
vn -1.0000 0.0041 -0.0087
vn -0.9418 0.0077 0.3361
vn -0.9996 0.0041 0.0263
vn -0.2199 -0.9686 -0.1158
vn -0.2264 -0.9624 0.1501
vn -0.2632 -0.8433 0.4685
vn -0.3397 -0.9253 0.1683
vn -0.9055 0.2718 -0.3258
vn -0.9578 0.2873 -0.0130
vn -0.9053 0.2716 0.3265
vn -0.9578 0.2873 0.0130
vn -0.6018 0.7583 -0.2505
vn -0.6216 0.7833 -0.0097
vn -0.6018 0.7584 0.2501
vn -0.6215 0.7833 0.0098
vn 0.0035 -0.9860 0.1668
vn 0.1867 -0.9657 0.1807
vn 0.1527 -0.9721 -0.1779
vn 0.0018 -0.9860 -0.1668
vn 0.4715 -0.8516 0.2291
vn 0.3618 -0.9088 -0.2078
vn 0.9438 0.0031 0.3306
vn 0.9178 0.2659 0.2947
vn 0.8019 0.4096 -0.4349
vn 0.9369 0.0032 -0.3495
vn 0.7105 0.6738 0.2029
vn 0.5002 0.7283 -0.4684
vn 0.0035 0.9941 0.1088
vn 0.9407 -0.0063 -0.3391
vn 0.9422 -0.0017 0.3349
vn 0.2314 0.8520 -0.4696
vn 0.3409 0.9308 0.1316
vn 0.9032 -0.2747 -0.3298
vn 0.9033 -0.2749 0.3294
vn 0.5965 -0.7623 -0.2513
vn 0.5965 -0.7623 0.2511
vn -0.0023 0.5479 0.8365
vn -0.1027 0.5067 0.8560
vn -0.0687 0.5264 0.8475
vn -0.0006 0.5481 0.8364
vn 0.0651 -0.5275 0.8470
vn 0.0005 -0.5474 0.8369
vn -0.0861 0.5177 -0.8512
vn -0.0863 0.5175 -0.8513
vn 0.0652 -0.5289 -0.8462
vn -0.2090 0.3733 0.9039
vn 0.1705 -0.4320 0.8856
vn -0.1746 0.4312 -0.8852
vn 0.1893 -0.4032 -0.8953
vn -0.2915 -0.0021 0.9566
vn -0.2528 -0.1192 0.9602
vn 0.2744 0.1025 0.9562
vn 0.2924 0.0005 0.9563
vn -0.2706 -0.1169 -0.9556
vn -0.2963 -0.0012 -0.9551
vn 0.2885 0.0010 -0.9575
vn 0.2662 0.0863 -0.9600
vn -0.1750 -0.2288 0.9576
vn 0.1923 0.2568 0.9472
vn -0.2161 -0.2292 -0.9491
vn 0.1806 0.2223 -0.9581
vn 0.0005 0.3095 -0.9509
vn -0.2982 0.0023 -0.9545
vn 0.2914 -0.0005 -0.9566
vn -0.2948 0.0012 0.9555
vn 0.2934 -0.0010 0.9560
vn -0.0025 -0.3532 -0.9355
vn -0.1117 -0.3220 -0.9401
vn 0.0635 0.2973 -0.9527
vn -0.0895 -0.2865 0.9539
vn 0.0012 0.3525 0.9358
vn 0.0782 0.3347 0.9391
vn -0.2644 0.2366 -0.9350
vn 0.2778 -0.1554 -0.9480
vn -0.2718 0.2000 0.9413
vn 0.2692 -0.1927 0.9436
vt 0.742303 0.645128
vt 0.742339 0.645254
vt 0.741827 0.645255
vt 0.741827 0.645120
vt 0.742668 0.645144
vt 0.742705 0.645251
vt 0.765187 0.597232
vt 0.765355 0.597164
vt 0.765424 0.597638
vt 0.765222 0.597633
vt 0.765083 0.596905
vt 0.765183 0.596800
vt 0.742304 0.668648
vt 0.741829 0.668681
vt 0.741829 0.668237
vt 0.742341 0.668236
vt 0.742231 0.668964
vt 0.741829 0.668996
vt 0.742670 0.668582
vt 0.742706 0.668232
vt 0.742560 0.668866
vt 0.690953 0.651407
vt 0.691340 0.651206
vt 0.691555 0.651477
vt 0.691125 0.651680
vt 0.690814 0.651094
vt 0.691132 0.650905
vt 0.690630 0.651501
vt 0.690762 0.651718
vt 0.690558 0.651233
vt 0.744551 0.597576
vt 0.745000 0.597551
vt 0.745018 0.597703
vt 0.744535 0.597722
vt 0.764775 0.596793
vt 0.764399 0.596756
vt 0.764396 0.596543
vt 0.764841 0.596616
vt 0.744174 0.597555
vt 0.744150 0.597669
vt 0.690568 0.650816
vt 0.690355 0.650499
vt 0.690737 0.650220
vt 0.690930 0.650576
vt 0.744174 0.618873
vt 0.744150 0.618573
vt 0.744535 0.618626
vt 0.744551 0.618970
vt 0.690322 0.651028
vt 0.764846 0.597156
vt 0.764881 0.597630
vt 0.764402 0.597629
vt 0.764401 0.597118
vt 0.722117 0.645256
vt 0.722117 0.645121
vt 0.765454 0.617320
vt 0.765251 0.617315
vt 0.695915 0.648408
vt 0.694155 0.649062
vt 0.695648 0.648160
vt 0.754482 0.596554
vt 0.754500 0.596706
vt 0.750499 0.597126
vt 0.696064 0.646335
vt 0.695595 0.647611
vt 0.695276 0.647382
vt 0.695642 0.646220
vt 0.696429 0.646488
vt 0.695907 0.647861
vt 0.693548 0.651737
vt 0.694663 0.651721
vt 0.694615 0.652232
vt 0.693489 0.652234
vt 0.696735 0.646683
vt 0.696180 0.648108
vt 0.697511 0.645289
vt 0.697753 0.645535
vt 0.696982 0.646919
vt 0.697221 0.645066
vt 0.698409 0.643877
vt 0.698452 0.643838
vt 0.698669 0.644113
vt 0.698626 0.644152
vt 0.698242 0.643532
vt 0.695614 0.651719
vt 0.696237 0.651718
vt 0.696176 0.652230
vt 0.695560 0.652231
vt 0.697620 0.644203
vt 0.697884 0.644460
vt 0.698035 0.643193
vt 0.697326 0.643947
vt 0.697000 0.643690
vt 0.697832 0.642824
vt 0.696882 0.644865
vt 0.696496 0.644688
vt 0.713737 0.614140
vt 0.712724 0.605276
vt 0.714337 0.615586
vt 0.755945 0.621748
vt 0.756778 0.621763
vt 0.756807 0.641389
vt 0.755974 0.641375
vt 0.757534 0.621797
vt 0.757563 0.641424
vt 0.700745 0.645227
vt 0.700336 0.645228
vt 0.700368 0.645128
vt 0.700748 0.645120
vt 0.700123 0.645226
vt 0.700154 0.645143
vt 0.707414 0.616247
vt 0.707497 0.616021
vt 0.707589 0.616099
vt 0.707538 0.616288
vt 0.707606 0.615884
vt 0.707666 0.615965
vt 0.700745 0.668179
vt 0.700748 0.668535
vt 0.700368 0.668508
vt 0.700336 0.668177
vt 0.700742 0.668721
vt 0.700425 0.668694
vt 0.700152 0.668459
vt 0.700123 0.668182
vt 0.700219 0.668637
vt 0.765554 0.621913
vt 0.765553 0.621502
vt 0.765910 0.621531
vt 0.765938 0.621913
vt 0.765561 0.621283
vt 0.765858 0.621312
vt 0.766112 0.621583
vt 0.766141 0.621901
vt 0.766052 0.621375
vt 0.708168 0.615682
vt 0.708173 0.615804
vt 0.707815 0.615836
vt 0.707782 0.615721
vt 0.708162 0.615923
vt 0.707864 0.615939
vt 0.707574 0.615799
vt 0.706471 0.596899
vt 0.706086 0.596941
vt 0.706087 0.596703
vt 0.706443 0.596642
vt 0.705878 0.597014
vt 0.705882 0.596803
vt 0.765560 0.621145
vt 0.765917 0.621202
vt 0.766120 0.621298
vt 0.708120 0.616320
vt 0.707738 0.616315
vt 0.707796 0.616084
vt 0.708153 0.616073
vt 0.700745 0.661031
vt 0.711504 0.596542
vt 0.711575 0.596825
vt 0.760384 0.621301
vt 0.760467 0.621160
vt 0.717848 0.615921
vt 0.717818 0.616167
vt 0.717862 0.615771
vt 0.711787 0.596866
vt 0.711887 0.596653
vt 0.712940 0.597440
vt 0.712712 0.597629
vt 0.760096 0.621155
vt 0.760018 0.621294
vt 0.759003 0.621225
vt 0.759140 0.621087
vt 0.758887 0.621849
vt 0.758923 0.621443
vt 0.759967 0.621524
vt 0.759946 0.621920
vt 0.757564 0.621391
vt 0.757628 0.621175
vt 0.755898 0.621342
vt 0.756797 0.621358
vt 0.755898 0.621117
vt 0.756839 0.621141
vt 0.714261 0.598466
vt 0.714437 0.598247
vt 0.715328 0.598790
vt 0.715227 0.599036
vt 0.757738 0.621033
vt 0.756912 0.620998
vt 0.717865 0.615530
vt 0.717868 0.615650
vt 0.763569 0.645412
vt 0.753603 0.645178
vt 0.763574 0.645178
vt 0.743011 0.645868
vt 0.742956 0.646293
vt 0.742761 0.646276
vt 0.742824 0.645786
vt 0.743147 0.645619
vt 0.743004 0.645450
vt 0.763784 0.645865
vt 0.763843 0.645785
vt 0.763862 0.646276
vt 0.763800 0.646293
vt 0.763746 0.645620
vt 0.763791 0.645450
vt 0.743363 0.645475
vt 0.743304 0.645249
vt 0.743744 0.645178
vt 0.743754 0.645412
vt 0.763682 0.645473
vt 0.763703 0.645249
vt 0.754570 0.597630
vt 0.754625 0.597629
vt 0.754655 0.617311
vt 0.754600 0.617310
vt 0.698491 0.643796
vt 0.698704 0.644066
vt 0.698285 0.643497
vt 0.754569 0.597125
vt 0.754624 0.597118
vt 0.754567 0.596771
vt 0.754622 0.596756
vt 0.698083 0.643168
vt 0.697884 0.642803
vt 0.754549 0.596693
vt 0.754531 0.596542
vt 0.754564 0.596561
vt 0.754619 0.596542
vt 0.755834 0.621746
vt 0.755835 0.621336
vt 0.755888 0.621748
vt 0.755838 0.621103
vt 0.717873 0.616170
vt 0.717904 0.615921
vt 0.717919 0.615764
vt 0.716425 0.599029
vt 0.716458 0.599308
vt 0.716401 0.599317
vt 0.716368 0.599040
vt 0.755844 0.620961
vt 0.755900 0.620979
vt 0.717921 0.615518
vt 0.717925 0.615640
vt 0.742706 0.646271
vt 0.742771 0.645764
vt 0.743056 0.645888
vt 0.743003 0.646297
vt 0.742964 0.645406
vt 0.743180 0.645662
vt 0.754552 0.597635
vt 0.754551 0.597146
vt 0.763770 0.645885
vt 0.763785 0.646297
vt 0.754549 0.596814
vt 0.763735 0.645663
vt 0.743740 0.645120
vt 0.743285 0.645192
vt 0.743377 0.645531
vt 0.743760 0.645470
vt 0.763575 0.645120
vt 0.763708 0.645192
vt 0.763676 0.645530
vt 0.763568 0.645471
vt 0.763802 0.645407
vt 0.696309 0.648526
vt 0.696151 0.648661
vt 0.696073 0.648273
vt 0.695796 0.648021
vt 0.695116 0.647525
vt 0.695478 0.647770
vt 0.695338 0.647916
vt 0.696410 0.648356
vt 0.760113 0.621917
vt 0.760316 0.621917
vt 0.760345 0.641535
vt 0.760143 0.641530
vt 0.713237 0.611566
vt 0.760135 0.621523
vt 0.760337 0.621532
vt 0.760187 0.621290
vt 0.711704 0.596578
vt 0.760272 0.621151
vt 0.693798 0.648836
vt 0.698117 0.644717
vt 0.716981 0.605728
vt 0.712236 0.602806
vt 0.707009 0.602852
vt 0.717955 0.626789
vt 0.719656 0.626789
vt 0.719656 0.644119
vt 0.717955 0.644119
vt 0.713459 0.603620
vt 0.701698 0.653771
vt 0.701813 0.651074
vt 0.701813 0.652564
vt 0.701698 0.650408
vt 0.701813 0.656680
vt 0.701813 0.654979
vt 0.701813 0.646725
vt 0.701813 0.646212
vt 0.701813 0.648804
vt 0.701813 0.649742
vt 0.701813 0.659096
vt 0.701813 0.660797
vt 0.700051 0.628316
vt 0.700110 0.628309
vt 0.700354 0.629509
vt 0.700294 0.629516
vt 0.715062 0.629079
vt 0.715121 0.629072
vt 0.714841 0.639116
vt 0.714781 0.639124
vt 0.714782 0.627649
vt 0.714841 0.627641
vt 0.715115 0.629012
vt 0.715056 0.629019
vt 0.700764 0.628748
vt 0.700881 0.628715
vt 0.700800 0.638786
vt 0.700708 0.638813
vt 0.700700 0.628299
vt 0.700759 0.628290
vt 0.700850 0.628702
vt 0.700791 0.628711
vt 0.700580 0.629097
vt 0.700668 0.629089
vt 0.700503 0.639137
vt 0.700410 0.639160
vt 0.700417 0.628298
vt 0.700476 0.628290
vt 0.700636 0.629044
vt 0.700577 0.629052
vt 0.699649 0.628316
vt 0.699708 0.628309
vt 0.699983 0.629679
vt 0.699923 0.629687
vt 0.701850 0.652630
vt 0.701850 0.654913
vt 0.701847 0.646745
vt 0.701853 0.648765
vt 0.701849 0.649778
vt 0.701853 0.651035
vt 0.701850 0.656747
vt 0.701854 0.659026
vt 0.701850 0.660863
vt 0.712779 0.627618
vt 0.712804 0.627612
vt 0.712804 0.627647
vt 0.712774 0.627647
vt 0.714294 0.627647
vt 0.714294 0.627612
vt 0.714310 0.627621
vt 0.719682 0.626759
vt 0.719687 0.626789
vt 0.719656 0.626754
vt 0.717930 0.626759
vt 0.717955 0.626754
vt 0.717925 0.626789
vt 0.717392 0.627621
vt 0.717401 0.627612
vt 0.717401 0.627647
vt 0.717923 0.627616
vt 0.717925 0.627643
vt 0.717914 0.627647
vt 0.717914 0.627612
vt 0.720052 0.626757
vt 0.720067 0.626754
vt 0.720067 0.626789
vt 0.720048 0.626784
vt 0.721005 0.626789
vt 0.721005 0.626754
vt 0.721020 0.626763
vt 0.712769 0.627618
vt 0.712743 0.627647
vt 0.712743 0.627612
vt 0.711017 0.627618
vt 0.711042 0.627612
vt 0.711042 0.627647
vt 0.711012 0.627647
vt 0.701865 0.652600
vt 0.701907 0.652615
vt 0.701848 0.652564
vt 0.701865 0.656716
vt 0.701907 0.656731
vt 0.701848 0.656680
vt 0.719880 0.626754
vt 0.719894 0.626776
vt 0.719892 0.626813
vt 0.701848 0.646725
vt 0.701870 0.646735
vt 0.701865 0.649762
vt 0.701907 0.649768
vt 0.701848 0.649742
vt 0.701865 0.660833
vt 0.701907 0.660848
vt 0.701848 0.660797
vt 0.714636 0.627620
vt 0.714635 0.627653
vt 0.714604 0.627654
vt 0.714605 0.627612
vt 0.714721 0.627623
vt 0.714726 0.627653
vt 0.714695 0.627653
vt 0.714695 0.627618
vt 0.700140 0.628298
vt 0.700105 0.628294
vt 0.700134 0.628279
vt 0.700356 0.629529
vt 0.700384 0.629498
vt 0.700387 0.629524
vt 0.700269 0.629544
vt 0.700264 0.629527
vt 0.700293 0.629540
vt 0.700021 0.628309
vt 0.700045 0.628299
vt 0.700020 0.628327
vt 0.700385 0.629551
vt 0.715153 0.629076
vt 0.715120 0.629043
vt 0.715151 0.629040
vt 0.715035 0.629053
vt 0.715061 0.629051
vt 0.715030 0.629075
vt 0.717279 0.627620
vt 0.717279 0.627653
vt 0.717248 0.627654
vt 0.717248 0.627612
vt 0.717365 0.627623
vt 0.717370 0.627653
vt 0.717339 0.627653
vt 0.717339 0.627618
vt 0.714872 0.627631
vt 0.714836 0.627626
vt 0.714866 0.627612
vt 0.715146 0.629001
vt 0.715026 0.629030
vt 0.714753 0.627641
vt 0.714777 0.627631
vt 0.714752 0.627659
vt 0.719891 0.626754
vt 0.719921 0.626765
vt 0.700851 0.628717
vt 0.700880 0.628691
vt 0.700769 0.628730
vt 0.700760 0.628722
vt 0.720009 0.626786
vt 0.719983 0.626780
vt 0.719981 0.626765
vt 0.720012 0.626777
vt 0.700639 0.629065
vt 0.700670 0.629059
vt 0.700552 0.629080
vt 0.700580 0.629072
vt 0.719738 0.626813
vt 0.719737 0.626772
vt 0.719767 0.626780
vt 0.719737 0.626754
vt 0.719768 0.626765
vt 0.700666 0.629033
vt 0.700547 0.629063
vt 0.700387 0.628309
vt 0.700392 0.628298
vt 0.714341 0.627620
vt 0.714341 0.627653
vt 0.714310 0.627654
vt 0.714310 0.627612
vt 0.714427 0.627623
vt 0.714432 0.627653
vt 0.714401 0.627653
vt 0.714401 0.627618
vt 0.699739 0.628298
vt 0.699703 0.628294
vt 0.699733 0.628279
vt 0.699987 0.629711
vt 0.700013 0.629669
vt 0.700019 0.629708
vt 0.699902 0.629721
vt 0.699893 0.629697
vt 0.699928 0.629718
vt 0.699620 0.628309
vt 0.699644 0.628298
vt 0.699619 0.628327
vt 0.700020 0.629744
vt 0.699988 0.629739
vt 0.699929 0.629747
vt 0.699897 0.629742
vt 0.701848 0.654979
vt 0.701865 0.654943
vt 0.701907 0.654928
vt 0.701848 0.648804
vt 0.701865 0.648784
vt 0.701907 0.648778
vt 0.701848 0.651074
vt 0.701865 0.651054
vt 0.701904 0.651048
vt 0.701848 0.659096
vt 0.701865 0.659060
vt 0.701907 0.659045
vt 0.701848 0.646212
vt 0.701851 0.646191
vt 0.701872 0.646199
vt 0.717928 0.644145
vt 0.720022 0.626812
vt 0.720048 0.644117
vt 0.720031 0.644147
vt 0.720066 0.644119
vt 0.720051 0.644146
vt 0.700049 0.639607
vt 0.700020 0.639620
vt 0.714752 0.639131
vt 0.700789 0.628279
vt 0.700670 0.628310
vt 0.719850 0.626781
vt 0.719855 0.626808
vt 0.700507 0.628279
vt 0.719828 0.626765
vt 0.719290 0.654909
vt 0.719237 0.654928
vt 0.705908 0.644977
vt 0.705908 0.627647
vt 0.710981 0.627647
vt 0.710981 0.644977
vt 0.701813 0.667351
vt 0.701813 0.662278
vt 0.701850 0.662212
vt 0.719290 0.662208
vt 0.719237 0.660878
vt 0.701850 0.667417
vt 0.701897 0.628313
vt 0.701956 0.628308
vt 0.702617 0.632423
vt 0.702558 0.632429
vt 0.702561 0.632489
vt 0.702621 0.632484
vt 0.701957 0.642510
vt 0.701898 0.642515
vt 0.705883 0.627618
vt 0.705908 0.627612
vt 0.705878 0.627647
vt 0.711006 0.627618
vt 0.710981 0.627612
vt 0.701865 0.667387
vt 0.701907 0.667402
vt 0.701848 0.667351
vt 0.701848 0.662278
vt 0.701865 0.662242
vt 0.701907 0.662227
vt 0.701987 0.628299
vt 0.701952 0.628293
vt 0.701981 0.628279
vt 0.702620 0.632455
vt 0.702648 0.632414
vt 0.702652 0.632453
vt 0.702535 0.632461
vt 0.702527 0.632438
vt 0.702561 0.632460
vt 0.701868 0.628305
vt 0.701892 0.628295
vt 0.701866 0.628322
vt 0.702652 0.632489
vt 0.702530 0.632483
vt 0.714488 0.627620
vt 0.714488 0.627653
vt 0.714457 0.627654
vt 0.714458 0.627612
vt 0.714574 0.627623
vt 0.714579 0.627653
vt 0.714548 0.627653
vt 0.714548 0.627618
vt 0.719237 0.662227
vt 0.714514 0.644959
vt 0.714483 0.644959
vt 0.748673 0.616142
vt 0.748750 0.618229
vt 0.745020 0.618611
vt 0.746867 0.616342
vt 0.694004 0.648227
vt 0.690322 0.628299
vt 0.690376 0.628279
vt 0.754501 0.614748
vt 0.753390 0.615199
vt 0.768007 0.639350
vt 0.766256 0.639549
vt 0.766170 0.621176
vt 0.768007 0.620961
vt 0.750031 0.618074
vt 0.751075 0.617042
vt 0.750233 0.618005
vt 0.699581 0.648477
vt 0.699429 0.648477
vt 0.699429 0.628291
vt 0.699581 0.628291
vt 0.767128 0.645633
vt 0.767120 0.645520
vt 0.769004 0.645161
vt 0.701009 0.628279
vt 0.701115 0.628327
vt 0.701009 0.630241
vt 0.698973 0.628293
vt 0.699125 0.628293
vt 0.699125 0.648487
vt 0.698973 0.648487
vt 0.701381 0.628318
vt 0.701533 0.628318
vt 0.701534 0.630126
vt 0.701382 0.630127
vt 0.752504 0.615940
vt 0.748923 0.597686
vt 0.748890 0.597669
vt 0.748707 0.616074
vt 0.746912 0.597898
vt 0.746798 0.616317
vt 0.746944 0.597875
vt 0.766234 0.639585
vt 0.766227 0.639558
vt 0.766259 0.639585
vt 0.715367 0.628102
vt 0.715332 0.628101
vt 0.715338 0.628089
vt 0.717242 0.627712
vt 0.717248 0.627724
vt 0.717218 0.627737
vt 0.717217 0.627719
vt 0.768039 0.639380
vt 0.768011 0.639385
vt 0.768043 0.639351
vt 0.767067 0.645543
vt 0.767032 0.645543
vt 0.767061 0.645519
vt 0.767084 0.645533
vt 0.699391 0.648477
vt 0.699429 0.648509
vt 0.699391 0.648516
vt 0.767085 0.645562
vt 0.699614 0.628281
vt 0.699619 0.628291
vt 0.699582 0.628279
vt 0.699612 0.648505
vt 0.699581 0.648510
vt 0.699619 0.648477
vt 0.699163 0.628293
vt 0.699126 0.628282
vt 0.699163 0.628279
vt 0.699125 0.648519
vt 0.699163 0.648487
vt 0.699163 0.648527
vt 0.698941 0.648515
vt 0.698935 0.648488
vt 0.698973 0.648521
vt 0.698935 0.628293
vt 0.698944 0.628284
vt 0.701570 0.628318
vt 0.701533 0.628287
vt 0.701571 0.628279
vt 0.701534 0.630158
vt 0.701571 0.630126
vt 0.701572 0.630166
vt 0.701351 0.630155
vt 0.701345 0.630127
vt 0.701383 0.630160
vt 0.701351 0.628291
vt 0.701382 0.628286
vt 0.701344 0.628319
vt 0.748672 0.616072
vt 0.748656 0.616109
vt 0.748618 0.616128
vt 0.769017 0.645120
vt 0.769053 0.645131
vt 0.769023 0.645145
vt 0.769001 0.645137
vt 0.746864 0.616307
vt 0.746827 0.616296
vt 0.746811 0.616262
vt 0.717248 0.644646
vt 0.717213 0.644645
vt 0.768043 0.620963
vt 0.699391 0.628290
vt 0.699394 0.628280
vt 0.717205 0.627612
vt 0.715326 0.628072
vt 0.715276 0.627624
vt 0.715312 0.627612
vt 0.715312 0.627727
vt 0.748888 0.597685
vt 0.769053 0.662075
vt 0.769040 0.662116
vt 0.695560 0.671941
vt 0.696176 0.671941
vt 0.719237 0.652645
vt 0.699994 0.648931
vt 0.700031 0.668586
vt 0.698971 0.668572
vt 0.698935 0.648949
vt 0.720398 0.645227
vt 0.720396 0.645120
vt 0.765967 0.641533
vt 0.766170 0.641533
vt 0.716281 0.627460
vt 0.716336 0.627464
vt 0.754581 0.617307
vt 0.696518 0.607864
vt 0.698022 0.596542
vt 0.698228 0.596567
vt 0.696723 0.607893
vt 0.759975 0.641516
vt 0.765583 0.641538
vt 0.755917 0.641374
vt 0.714661 0.644959
vt 0.714721 0.644959
vt 0.717305 0.644959
vt 0.717365 0.644959
vt 0.719917 0.644153
vt 0.719764 0.644122
vt 0.719860 0.644150
vt 0.719684 0.644145
vt 0.717915 0.644977
vt 0.700685 0.638812
vt 0.700670 0.638792
vt 0.714426 0.644959
vt 0.714457 0.644958
vt 0.714574 0.644959
vt 0.719237 0.667432
vt 0.719237 0.667402
vt 0.691128 0.607970
vt 0.692634 0.596641
vt 0.694615 0.671943
vt 0.693489 0.671944
vt 0.721642 0.645129
vt 0.721605 0.645255
vt 0.721276 0.645146
vt 0.721240 0.645252
vt 0.765217 0.617717
vt 0.765386 0.617795
vt 0.765114 0.618047
vt 0.765215 0.618161
vt 0.721643 0.668649
vt 0.721607 0.668237
vt 0.722119 0.668238
vt 0.722119 0.668682
vt 0.721716 0.668965
vt 0.722119 0.668997
vt 0.721278 0.668583
vt 0.721241 0.668234
vt 0.721387 0.668868
vt 0.690659 0.608355
vt 0.690656 0.608031
vt 0.691093 0.608316
vt 0.690711 0.608694
vt 0.691080 0.608682
vt 0.690336 0.608450
vt 0.690330 0.608193
vt 0.690420 0.608715
vt 0.764873 0.618343
vt 0.764904 0.618423
vt 0.764425 0.618496
vt 0.764428 0.618416
vt 0.764807 0.618155
vt 0.764431 0.618191
vt 0.721020 0.645246
vt 0.690653 0.609061
vt 0.691088 0.609069
vt 0.691118 0.609472
vt 0.690645 0.609442
vt 0.690332 0.609015
vt 0.690322 0.609323
vt 0.764876 0.617788
vt 0.764432 0.617823
vt 0.764432 0.617311
vt 0.764910 0.617312
vt 0.696364 0.608560
vt 0.694606 0.608605
vt 0.696455 0.608206
vt 0.692162 0.596702
vt 0.741829 0.669181
vt 0.722119 0.669183
vt 0.697698 0.609870
vt 0.697406 0.610194
vt 0.696470 0.609415
vt 0.696615 0.609051
vt 0.697923 0.609544
vt 0.696743 0.608672
vt 0.693548 0.672441
vt 0.694663 0.672455
vt 0.696840 0.608316
vt 0.698076 0.609214
vt 0.698157 0.608880
vt 0.699552 0.609628
vt 0.699481 0.609967
vt 0.699357 0.610312
vt 0.700999 0.610670
vt 0.701034 0.610320
vt 0.701091 0.610329
vt 0.701057 0.610679
vt 0.701045 0.611051
vt 0.695614 0.672453
vt 0.696237 0.672453
vt 0.700243 0.610463
vt 0.700159 0.610822
vt 0.701054 0.611448
vt 0.701081 0.611868
vt 0.699914 0.611587
vt 0.700049 0.611197
vt 0.698951 0.611021
vt 0.699181 0.610664
vt 0.758773 0.618496
vt 0.754648 0.618496
vt 0.754651 0.618416
vt 0.750250 0.625760
vt 0.751115 0.623090
vt 0.751015 0.631658
vt 0.750080 0.632769
vt 0.752134 0.640163
vt 0.720776 0.645128
vt 0.720807 0.645228
vt 0.720990 0.645143
vt 0.721020 0.645226
vt 0.765454 0.597290
vt 0.765574 0.597239
vt 0.765640 0.597423
vt 0.765554 0.597507
vt 0.765728 0.597548
vt 0.765674 0.597634
vt 0.720398 0.668179
vt 0.720807 0.668177
vt 0.720776 0.668508
vt 0.720396 0.668535
vt 0.720718 0.668694
vt 0.720401 0.668721
vt 0.721020 0.668182
vt 0.720991 0.668459
vt 0.720924 0.668637
vt 0.765940 0.641910
vt 0.765583 0.641944
vt 0.765889 0.642119
vt 0.765592 0.642151
vt 0.766143 0.641848
vt 0.766083 0.642050
vt 0.766250 0.597791
vt 0.765862 0.597782
vt 0.765886 0.597665
vt 0.766246 0.597669
vt 0.765927 0.597559
vt 0.766225 0.597551
vt 0.765649 0.597721
vt 0.744673 0.642782
vt 0.744688 0.643129
vt 0.744357 0.643162
vt 0.744316 0.642841
vt 0.744185 0.643177
vt 0.744153 0.642916
vt 0.744713 0.643350
vt 0.744432 0.643367
vt 0.744262 0.643360
vt 0.766152 0.597160
vt 0.766205 0.597403
vt 0.765848 0.597420
vt 0.765771 0.597196
vt 0.749652 0.642280
vt 0.749632 0.642670
vt 0.749739 0.642868
vt 0.744423 0.621969
vt 0.744781 0.621907
vt 0.765667 0.616699
vt 0.765454 0.616643
vt 0.775832 0.596549
vt 0.775882 0.596791
vt 0.775907 0.596939
vt 0.706584 0.627612
vt 0.706202 0.627604
vt 0.706001 0.627583
vt 0.749858 0.642216
vt 0.750693 0.641261
vt 0.750952 0.641504
vt 0.749997 0.642506
vt 0.751113 0.641671
vt 0.750099 0.642700
vt 0.698979 0.648555
vt 0.700031 0.648527
vt 0.751240 0.641824
vt 0.750201 0.642879
vt 0.758916 0.641476
vt 0.758954 0.641878
vt 0.757594 0.641825
vt 0.752479 0.640630
vt 0.752591 0.640795
vt 0.756827 0.641789
vt 0.755928 0.641774
vt 0.754237 0.639776
vt 0.753356 0.640125
vt 0.753266 0.639950
vt 0.754187 0.639576
vt 0.753028 0.639423
vt 0.753168 0.639743
vt 0.752345 0.640443
vt 0.775923 0.597058
vt 0.775929 0.597179
vt 0.771947 0.597430
vt 0.763862 0.664855
vt 0.763800 0.665959
vt 0.743011 0.666383
vt 0.742824 0.666465
vt 0.742761 0.665975
vt 0.742956 0.665958
vt 0.743147 0.666632
vt 0.743004 0.666801
vt 0.763862 0.665975
vt 0.763843 0.666466
vt 0.763784 0.666386
vt 0.763791 0.666801
vt 0.763746 0.666631
vt 0.743744 0.667073
vt 0.743304 0.667002
vt 0.743363 0.666776
vt 0.743754 0.666839
vt 0.763682 0.666778
vt 0.763703 0.667003
vt 0.763574 0.667073
vt 0.763569 0.666839
vt 0.701112 0.610694
vt 0.701146 0.610350
vt 0.701100 0.611057
vt 0.754655 0.617823
vt 0.754600 0.617817
vt 0.754654 0.618191
vt 0.754599 0.618177
vt 0.701108 0.611444
vt 0.701137 0.611857
vt 0.754593 0.618476
vt 0.754597 0.618397
vt 0.755863 0.641376
vt 0.755866 0.641781
vt 0.755929 0.641987
vt 0.755869 0.642000
vt 0.775886 0.596542
vt 0.775937 0.596787
vt 0.775964 0.596941
vt 0.754210 0.639335
vt 0.754160 0.639348
vt 0.754149 0.638978
vt 0.754197 0.638963
vt 0.754242 0.639567
vt 0.775986 0.597186
vt 0.775980 0.597064
vt 0.763785 0.665954
vt 0.742706 0.665980
vt 0.742771 0.666487
vt 0.743056 0.666363
vt 0.743003 0.665954
vt 0.742964 0.666845
vt 0.743180 0.666589
vt 0.754581 0.617798
vt 0.763770 0.666366
vt 0.754580 0.618135
vt 0.763735 0.666588
vt 0.743740 0.667131
vt 0.743285 0.667059
vt 0.743377 0.666720
vt 0.743759 0.666781
vt 0.763575 0.667131
vt 0.763708 0.667059
vt 0.763676 0.666721
vt 0.763568 0.666780
vt 0.763802 0.666844
vt 0.693379 0.671941
vt 0.693379 0.652237
vt 0.696661 0.608235
vt 0.696563 0.608598
vt 0.696235 0.608933
vt 0.696431 0.608980
vt 0.696258 0.609381
vt 0.696900 0.607981
vt 0.750060 0.625796
vt 0.760367 0.641914
vt 0.760166 0.641919
vt 0.760415 0.642134
vt 0.760218 0.642140
vt 0.749822 0.642602
vt 0.749930 0.642806
vt 0.759997 0.641907
vt 0.750032 0.642991
vt 0.694434 0.608988
vt 0.700301 0.610119
vt 0.719296 0.646192
vt 0.719237 0.656762
vt 0.719294 0.659030
vt 0.750349 0.621350
vt 0.754242 0.620961
vt 0.754185 0.632059
vt 0.744707 0.636171
vt 0.749804 0.635621
vt 0.758177 0.667073
vt 0.775818 0.613514
vt 0.775826 0.607238
vt 0.712743 0.644977
vt 0.711042 0.644977
vt 0.719313 0.667401
vt 0.719330 0.654979
vt 0.719313 0.652613
vt 0.719330 0.651074
vt 0.719445 0.650408
vt 0.719330 0.659096
vt 0.719313 0.656730
vt 0.719330 0.646212
vt 0.719330 0.646725
vt 0.719313 0.649769
vt 0.719330 0.648804
vt 0.705754 0.628518
vt 0.705724 0.629873
vt 0.705666 0.629877
vt 0.705696 0.628523
vt 0.700137 0.639599
vt 0.701866 0.628279
vt 0.701836 0.629826
vt 0.701777 0.629831
vt 0.701808 0.628284
vt 0.701750 0.628279
vt 0.701747 0.628746
vt 0.701689 0.628752
vt 0.701692 0.628285
vt 0.702895 0.628518
vt 0.702865 0.629370
vt 0.702807 0.629375
vt 0.702837 0.628522
vt 0.701687 0.628279
vt 0.701657 0.629826
vt 0.701599 0.629831
vt 0.701629 0.628284
vt 0.699710 0.639784
vt 0.699651 0.639791
vt 0.719295 0.648767
vt 0.719293 0.646746
vt 0.719295 0.651037
vt 0.719237 0.649787
vt 0.719313 0.660847
vt 0.712779 0.645006
vt 0.712774 0.644977
vt 0.712804 0.644977
vt 0.712804 0.645012
vt 0.714309 0.645004
vt 0.714294 0.645012
vt 0.714294 0.644977
vt 0.719656 0.644154
vt 0.717955 0.644154
vt 0.717402 0.644977
vt 0.717402 0.645012
vt 0.717392 0.645006
vt 0.717923 0.645004
vt 0.717915 0.645012
vt 0.720066 0.644154
vt 0.721020 0.644145
vt 0.721004 0.644154
vt 0.721004 0.644119
vt 0.712769 0.645006
vt 0.712743 0.645012
vt 0.712774 0.644977
vt 0.711017 0.645006
vt 0.711012 0.644977
vt 0.711042 0.645012
vt 0.719237 0.652615
vt 0.719278 0.652600
vt 0.719295 0.652564
vt 0.719237 0.656731
vt 0.719278 0.656716
vt 0.719295 0.656680
vt 0.719295 0.646725
vt 0.719271 0.646738
vt 0.719240 0.649767
vt 0.719278 0.649762
vt 0.719295 0.649742
vt 0.719237 0.660848
vt 0.719278 0.660833
vt 0.719295 0.660797
vt 0.714630 0.644959
vt 0.714661 0.644991
vt 0.714631 0.645000
vt 0.714747 0.644987
vt 0.714721 0.644993
vt 0.714752 0.644958
vt 0.705727 0.629904
vt 0.705751 0.629865
vt 0.705754 0.629905
vt 0.705639 0.628572
vt 0.705607 0.628568
vt 0.705605 0.628547
vt 0.705637 0.628546
vt 0.705518 0.628551
vt 0.705546 0.628552
vt 0.705548 0.628572
vt 0.705516 0.628568
vt 0.705645 0.629910
vt 0.705639 0.629885
vt 0.705668 0.629910
vt 0.705630 0.628518
vt 0.705542 0.628528
vt 0.705844 0.628557
vt 0.705840 0.628528
vt 0.705870 0.628518
vt 0.705875 0.628553
vt 0.705780 0.628533
vt 0.705785 0.628561
vt 0.705756 0.628561
vt 0.717274 0.644959
vt 0.717305 0.644991
vt 0.717274 0.645000
vt 0.717392 0.644985
vt 0.717365 0.644993
vt 0.701838 0.629858
vt 0.701863 0.629819
vt 0.701866 0.629859
vt 0.705878 0.628593
vt 0.705846 0.628588
vt 0.705786 0.628593
vt 0.705754 0.628588
vt 0.701755 0.629866
vt 0.701750 0.629838
vt 0.701780 0.629864
vt 0.715296 0.627759
vt 0.715282 0.627758
vt 0.715273 0.627727
vt 0.715296 0.627729
vt 0.705516 0.628560
vt 0.705484 0.628556
vt 0.705509 0.628540
vt 0.705396 0.628544
vt 0.705419 0.628545
vt 0.705425 0.628560
vt 0.705393 0.628556
vt 0.715284 0.627783
vt 0.715273 0.627787
vt 0.715273 0.627759
vt 0.703009 0.628518
vt 0.703016 0.628544
vt 0.702985 0.628545
vt 0.719793 0.644151
vt 0.719762 0.644160
vt 0.702868 0.629391
vt 0.702892 0.629364
vt 0.702895 0.629389
vt 0.703019 0.628570
vt 0.702987 0.628565
vt 0.702898 0.628547
vt 0.702921 0.628547
vt 0.702927 0.628570
vt 0.702895 0.628565
vt 0.702784 0.629398
vt 0.702780 0.629381
vt 0.702803 0.629398
vt 0.714336 0.644959
vt 0.714366 0.644959
vt 0.714367 0.644991
vt 0.714336 0.645000
vt 0.714452 0.644987
vt 0.714427 0.644993
vt 0.701660 0.629858
vt 0.701684 0.629819
vt 0.701687 0.629859
vt 0.702780 0.628593
vt 0.702748 0.628588
vt 0.702746 0.628557
vt 0.702778 0.628553
vt 0.702661 0.628563
vt 0.702687 0.628561
vt 0.702688 0.628592
vt 0.702657 0.628588
vt 0.701578 0.629864
vt 0.701572 0.629838
vt 0.701601 0.629864
vt 0.702742 0.628528
vt 0.702772 0.628518
vt 0.702652 0.628543
vt 0.702683 0.628533
vt 0.719295 0.654979
vt 0.719278 0.654943
vt 0.719295 0.648804
vt 0.719278 0.648784
vt 0.719240 0.648778
vt 0.719295 0.651074
vt 0.719278 0.651054
vt 0.719237 0.651048
vt 0.719295 0.659096
vt 0.719278 0.659060
vt 0.719237 0.659045
vt 0.719295 0.646212
vt 0.719273 0.646202
vt 0.719240 0.646198
vt 0.705607 0.629796
vt 0.705639 0.629800
vt 0.705548 0.629800
vt 0.705516 0.629796
vt 0.705846 0.629991
vt 0.705878 0.629995
vt 0.705786 0.629995
vt 0.705754 0.629991
vt 0.705507 0.628518
vt 0.719725 0.626782
vt 0.719728 0.626754
vt 0.719728 0.626864
vt 0.705484 0.628979
vt 0.705516 0.628983
vt 0.705425 0.628983
vt 0.705393 0.628979
vt 0.701750 0.628759
vt 0.715312 0.627812
vt 0.715296 0.627787
vt 0.700387 0.639158
vt 0.702987 0.629339
vt 0.703019 0.629343
vt 0.702927 0.629343
vt 0.702895 0.629339
vt 0.702744 0.629991
vt 0.702775 0.629995
vt 0.702684 0.629995
vt 0.702652 0.629990
vt 0.699619 0.639787
vt 0.719725 0.626754
vt 0.719725 0.636868
vt 0.719712 0.636832
vt 0.775762 0.613509
vt 0.719330 0.662278
vt 0.715269 0.627612
vt 0.715238 0.632225
vt 0.715180 0.632231
vt 0.715211 0.627617
vt 0.705883 0.645006
vt 0.705878 0.644977
vt 0.705908 0.645012
vt 0.711006 0.645006
vt 0.710981 0.645012
vt 0.719278 0.667387
vt 0.719295 0.667351
vt 0.719295 0.662278
vt 0.719278 0.662242
vt 0.715241 0.632257
vt 0.715265 0.632218
vt 0.715269 0.632257
vt 0.701009 0.628354
vt 0.700977 0.628350
vt 0.700975 0.628318
vt 0.701007 0.628315
vt 0.700890 0.628325
vt 0.700916 0.628322
vt 0.700918 0.628354
vt 0.700886 0.628350
vt 0.715159 0.632264
vt 0.715153 0.632239
vt 0.715183 0.632264
vt 0.700971 0.628290
vt 0.701001 0.628279
vt 0.700881 0.628305
vt 0.700912 0.628294
vt 0.714514 0.644991
vt 0.714483 0.645000
vt 0.714600 0.644987
vt 0.714574 0.644993
vt 0.714604 0.644958
vt 0.700973 0.632532
vt 0.701004 0.632536
vt 0.700913 0.632536
vt 0.700881 0.632531
vt 0.701866 0.642509
vt 0.694938 0.609389
vt 0.695040 0.611274
vt 0.693187 0.611302
vt 0.702596 0.628096
vt 0.702652 0.628084
vt 0.694889 0.627741
vt 0.693213 0.611228
vt 0.695011 0.611189
vt 0.696776 0.627706
vt 0.698494 0.628174
vt 0.692873 0.628279
vt 0.692402 0.628246
vt 0.692078 0.628127
vt 0.699353 0.628291
vt 0.699353 0.648477
vt 0.699201 0.648477
vt 0.699201 0.628291
vt 0.696790 0.627831
vt 0.694872 0.627891
vt 0.694856 0.627779
vt 0.696778 0.627723
vt 0.698745 0.648487
vt 0.698743 0.628293
vt 0.698894 0.628293
vt 0.698897 0.648487
vt 0.701154 0.630126
vt 0.701154 0.628318
vt 0.701305 0.628318
vt 0.701305 0.630126
vt 0.696812 0.627869
vt 0.696844 0.627849
vt 0.695080 0.611332
vt 0.694782 0.627888
vt 0.693119 0.611331
vt 0.694816 0.627905
vt 0.693182 0.611217
vt 0.693210 0.611209
vt 0.693180 0.611236
vt 0.694864 0.627759
vt 0.694855 0.627749
vt 0.696804 0.627726
vt 0.696808 0.627712
vt 0.695035 0.611177
vt 0.695043 0.611196
vt 0.695008 0.611169
vt 0.694816 0.627881
vt 0.694835 0.627887
vt 0.699353 0.648509
vt 0.699391 0.648516
vt 0.694830 0.627858
vt 0.699168 0.628281
vt 0.699199 0.628279
vt 0.699163 0.628291
vt 0.699169 0.648505
vt 0.699163 0.648477
vt 0.699201 0.648510
vt 0.698741 0.628282
vt 0.698705 0.628293
vt 0.698704 0.628279
vt 0.698707 0.648487
vt 0.698745 0.648519
vt 0.698707 0.648527
vt 0.698929 0.648515
vt 0.698897 0.648521
vt 0.698935 0.648488
vt 0.698923 0.628284
vt 0.698932 0.628293
vt 0.701155 0.628287
vt 0.701115 0.628318
vt 0.701116 0.628279
vt 0.701115 0.630126
vt 0.701154 0.630158
vt 0.701116 0.630166
vt 0.701338 0.630154
vt 0.701306 0.630159
vt 0.701344 0.630126
vt 0.701338 0.628291
vt 0.701344 0.628318
vt 0.701306 0.628285
vt 0.695048 0.611326
vt 0.695028 0.611294
vt 0.694988 0.611282
vt 0.696812 0.627843
vt 0.696792 0.627855
vt 0.693191 0.611321
vt 0.693153 0.611336
vt 0.693140 0.611368
vt 0.699388 0.628280
vt 0.715312 0.629473
vt 0.715313 0.627612
vt 0.715326 0.627666
vt 0.702541 0.598989
vt 0.702597 0.598998
vt 0.705878 0.627536
vt 0.701807 0.598790
vt 0.714872 0.639121
vt 0.719880 0.644145
vt 0.699742 0.639788
vt 0.719906 0.644175
vt 0.719712 0.644117
vt 0.719687 0.626754
vt 0.719699 0.626811
vt 0.701989 0.642516
vt 0.702652 0.599022
vt 0.720937 0.615355
vt 0.720898 0.615681
vt 0.719512 0.615700
vt 0.719550 0.615373
vt 0.720959 0.615056
vt 0.719572 0.615075
vt 0.719389 0.596780
vt 0.719427 0.597123
vt 0.718014 0.596862
vt 0.717976 0.596565
vt 0.690381 0.651974
vt 0.690390 0.651736
vt 0.691780 0.651760
vt 0.691772 0.651999
vt 0.719566 0.614562
vt 0.720952 0.614544
vt 0.691767 0.652379
vt 0.691766 0.652898
vt 0.690375 0.652882
vt 0.690376 0.652356
vt 0.719578 0.614804
vt 0.720964 0.614786
vt 0.722594 0.620990
vt 0.722965 0.621376
vt 0.722425 0.621412
vt 0.721977 0.621032
vt 0.742577 0.596572
vt 0.743195 0.596614
vt 0.742746 0.596993
vt 0.742206 0.596957
vt 0.722024 0.621525
vt 0.721473 0.621176
vt 0.743698 0.596757
vt 0.743148 0.597106
vt 0.721081 0.643714
vt 0.721705 0.643253
vt 0.721780 0.643732
vt 0.721166 0.644258
vt 0.744089 0.619665
vt 0.743998 0.620186
vt 0.743390 0.619623
vt 0.743467 0.619182
vt 0.722019 0.644088
vt 0.721469 0.644714
vt 0.743691 0.620594
vt 0.743148 0.619951
vt 0.722596 0.620913
vt 0.722965 0.620211
vt 0.742207 0.620210
vt 0.742577 0.620911
vt 0.743466 0.597548
vt 0.744089 0.597291
vt 0.721083 0.621710
vt 0.721706 0.621967
vt 0.742747 0.620147
vt 0.743186 0.620840
vt 0.722592 0.645063
vt 0.721969 0.644983
vt 0.722420 0.644302
vt 0.722963 0.644371
vt 0.743389 0.597295
vt 0.744000 0.596997
vt 0.721171 0.621416
vt 0.721783 0.621714
vt 0.754306 0.622123
vt 0.754249 0.622125
vt 0.754246 0.621495
vt 0.754303 0.621487
vt 0.755746 0.621487
vt 0.755803 0.621495
vt 0.755805 0.622125
vt 0.755748 0.622123
vt 0.754242 0.620976
vt 0.754298 0.620961
vt 0.755741 0.620961
vt 0.755798 0.620976
vt 0.698465 0.669864
vt 0.698523 0.669868
vt 0.698529 0.670379
vt 0.698472 0.670382
vt 0.697033 0.670752
vt 0.696981 0.670768
vt 0.696975 0.670275
vt 0.763862 0.666294
vt 0.763920 0.666294
vt 0.763893 0.666740
vt 0.698564 0.670949
vt 0.698507 0.670962
vt 0.697071 0.671292
vt 0.697018 0.671302
vt 0.702774 0.608026
vt 0.702720 0.608031
vt 0.704310 0.596550
vt 0.704364 0.596542
vt 0.763958 0.645938
vt 0.764018 0.645940
vt 0.698646 0.651718
vt 0.698704 0.651727
vt 0.697211 0.672222
vt 0.697157 0.672222
vt 0.697081 0.671811
vt 0.697134 0.671808
vt 0.698647 0.671931
vt 0.698569 0.671498
vt 0.698626 0.671477
vt 0.698704 0.671905
vt 0.763938 0.645627
vt 0.763997 0.645627
vt 0.765397 0.645486
vt 0.765448 0.645476
vt 0.765468 0.645787
vt 0.765418 0.645800
vt 0.763862 0.645271
vt 0.763920 0.645265
vt 0.765320 0.645125
vt 0.765372 0.645120
vt 0.720992 0.615358
vt 0.720953 0.615688
vt 0.719458 0.615707
vt 0.719497 0.615377
vt 0.721015 0.615053
vt 0.719520 0.615072
vt 0.719443 0.596772
vt 0.719482 0.597112
vt 0.717962 0.596847
vt 0.717925 0.596542
vt 0.690328 0.651962
vt 0.690337 0.651718
vt 0.691833 0.651739
vt 0.691824 0.651983
vt 0.719513 0.614552
vt 0.721008 0.614533
vt 0.691820 0.652371
vt 0.691819 0.652897
vt 0.690322 0.652881
vt 0.690323 0.652351
vt 0.719525 0.614797
vt 0.721020 0.614777
vt 0.721956 0.621004
vt 0.722590 0.620961
vt 0.722970 0.621404
vt 0.722445 0.621439
vt 0.742582 0.596542
vt 0.743215 0.596586
vt 0.742726 0.597019
vt 0.742202 0.596984
vt 0.721429 0.621155
vt 0.722067 0.621545
vt 0.743742 0.596736
vt 0.743105 0.597126
vt 0.721107 0.644278
vt 0.721020 0.643718
vt 0.721764 0.643251
vt 0.721836 0.643718
vt 0.744150 0.619668
vt 0.744055 0.620202
vt 0.743332 0.619603
vt 0.743408 0.619177
vt 0.721423 0.644755
vt 0.722062 0.644055
vt 0.743733 0.620630
vt 0.743105 0.619910
vt 0.742582 0.645063
vt 0.742587 0.645120
vt 0.722587 0.645120
vt 0.722592 0.596573
vt 0.722588 0.596544
vt 0.744149 0.597289
vt 0.743407 0.597550
vt 0.721022 0.621708
vt 0.721765 0.621969
vt 0.743205 0.620887
vt 0.742581 0.620960
vt 0.742203 0.620155
vt 0.742726 0.620094
vt 0.721947 0.645037
vt 0.722440 0.644257
vt 0.722968 0.644324
vt 0.744059 0.596987
vt 0.743332 0.597304
vt 0.721113 0.621406
vt 0.721840 0.621723
vt 0.765326 0.665824
vt 0.697027 0.670258
vt 0.742210 0.644371
vt 0.722963 0.596958
vt 0.705878 0.596741
vt 0.704287 0.608228
vt 0.704228 0.608205
vt 0.705819 0.596715
vt 0.755834 0.642091
vt 0.755778 0.642092
vt 0.691847 0.672102
vt 0.691795 0.672098
vt 0.722968 0.596986
vt 0.766978 0.663761
vt 0.765592 0.663745
vt 0.765553 0.663420
vt 0.766939 0.663437
vt 0.765530 0.663123
vt 0.766917 0.663139
vt 0.693279 0.671527
vt 0.691922 0.671930
vt 0.691907 0.671521
vt 0.693263 0.671073
vt 0.693330 0.671919
vt 0.691974 0.672292
vt 0.690404 0.672090
vt 0.692026 0.651853
vt 0.693379 0.651718
vt 0.691797 0.672611
vt 0.690406 0.672608
vt 0.691803 0.672972
vt 0.690412 0.672969
vt 0.765536 0.662610
vt 0.766922 0.662627
vt 0.766911 0.662870
vt 0.765525 0.662853
vt 0.742748 0.621412
vt 0.742208 0.621376
vt 0.742580 0.620990
vt 0.743197 0.621032
vt 0.722423 0.596994
vt 0.721975 0.596615
vt 0.743150 0.621525
vt 0.743700 0.621176
vt 0.722022 0.597108
vt 0.721471 0.596759
vt 0.743394 0.643732
vt 0.743469 0.643253
vt 0.744092 0.643714
vt 0.744007 0.644258
vt 0.721083 0.619667
vt 0.721705 0.619184
vt 0.721783 0.619625
vt 0.721174 0.620188
vt 0.743155 0.644088
vt 0.743705 0.644714
vt 0.722024 0.619953
vt 0.721481 0.620596
vt 0.721704 0.597550
vt 0.721081 0.597292
vt 0.743468 0.621967
vt 0.744091 0.621710
vt 0.722426 0.620148
vt 0.721987 0.620842
vt 0.742754 0.644302
vt 0.743204 0.644983
vt 0.721781 0.597296
vt 0.721169 0.596999
vt 0.743391 0.621714
vt 0.744003 0.621416
vt 0.754278 0.642726
vt 0.754278 0.642091
vt 0.754335 0.642092
vt 0.754335 0.642732
vt 0.755834 0.642726
vt 0.755778 0.642732
vt 0.754275 0.643260
vt 0.754331 0.643275
vt 0.755831 0.643260
vt 0.755774 0.643275
vt 0.704231 0.609766
vt 0.704264 0.610275
vt 0.704206 0.610283
vt 0.704173 0.609767
vt 0.702689 0.609989
vt 0.702657 0.609497
vt 0.702710 0.609510
vt 0.702743 0.610002
vt 0.704221 0.609195
vt 0.704163 0.609187
vt 0.702652 0.608962
vt 0.702706 0.608969
vt 0.704301 0.628310
vt 0.704356 0.628321
vt 0.705849 0.628289
vt 0.705791 0.628302
vt 0.702676 0.608449
vt 0.702729 0.608448
vt 0.704243 0.608663
vt 0.704184 0.608646
vt 0.704330 0.628505
vt 0.704385 0.628518
vt 0.705878 0.628484
vt 0.705820 0.628499
vt 0.755824 0.643589
vt 0.755768 0.643609
vt 0.754268 0.643589
vt 0.754325 0.643609
vt 0.765537 0.663751
vt 0.765497 0.663423
vt 0.766992 0.663441
vt 0.767032 0.663769
vt 0.765474 0.663119
vt 0.766969 0.663137
vt 0.693311 0.671059
vt 0.693326 0.671513
vt 0.691865 0.671939
vt 0.691850 0.671521
vt 0.693379 0.671910
vt 0.691919 0.672310
vt 0.690350 0.672092
vt 0.717925 0.626754
vt 0.717979 0.626745
vt 0.691968 0.651849
vt 0.765480 0.662599
vt 0.766977 0.645120
vt 0.767032 0.645130
vt 0.691850 0.672622
vt 0.690353 0.672614
vt 0.692064 0.672605
vt 0.692010 0.672631
vt 0.690359 0.672982
vt 0.766975 0.662617
vt 0.766964 0.662862
vt 0.765468 0.662844
vt 0.742584 0.620961
vt 0.743217 0.621004
vt 0.742728 0.621439
vt 0.742204 0.621404
vt 0.721954 0.596587
vt 0.722443 0.597021
vt 0.743745 0.621155
vt 0.743107 0.621545
vt 0.721427 0.596738
vt 0.722065 0.597127
vt 0.744153 0.643718
vt 0.744066 0.644278
vt 0.743337 0.643718
vt 0.743410 0.643251
vt 0.721117 0.620204
vt 0.721023 0.619669
vt 0.721765 0.619179
vt 0.721840 0.619604
vt 0.743751 0.644755
vt 0.743112 0.644055
vt 0.721439 0.620631
vt 0.722068 0.619911
vt 0.722970 0.620156
vt 0.721020 0.597290
vt 0.721763 0.597551
vt 0.744151 0.621708
vt 0.743409 0.621969
vt 0.722591 0.620961
vt 0.721968 0.620888
vt 0.722446 0.620095
vt 0.743226 0.645037
vt 0.742206 0.644324
vt 0.742733 0.644257
vt 0.721111 0.596988
vt 0.721838 0.597305
vt 0.744061 0.621406
vt 0.743334 0.621723
vt 0.719365 0.626726
vt 0.719420 0.626734
s 1
f 4/1/1 5/2/2 406/3/3
f 406/3/3 3/4/4 4/1/1
f 6/5/5 38/6/6 5/2/2
f 5/2/2 4/1/1 6/5/5
f 8/7/7 4/8/1 3/9/8
f 3/9/8 7/10/9 8/7/7
f 9/11/10 6/12/5 4/8/1
f 4/8/1 8/7/7 9/11/10
f 11/13/11 12/14/12 10/15/13
f 10/15/13 407/16/14 11/13/11
f 13/17/15 14/18/16 12/14/12
f 12/14/12 11/13/11 13/17/15
f 15/19/17 11/13/11 407/16/14
f 407/16/14 33/20/18 15/19/17
f 16/21/19 13/17/15 11/13/11
f 11/13/11 15/19/17 16/21/19
f 18/22/20 19/23/21 181/24/22
f 181/24/22 17/25/23 18/22/20
f 20/26/24 37/27/25 19/23/21
f 19/23/21 18/22/20 20/26/24
f 13/28/15 18/22/20 17/25/23
f 17/25/23 14/29/16 13/28/15
f 16/30/19 20/26/24 18/22/20
f 18/22/20 13/28/15 16/30/19
f 21/31/26 22/32/27 398/33/28
f 398/33/28 414/34/29 21/31/26
f 23/35/30 183/36/31 22/37/32
f 22/37/32 21/38/26 23/35/30
f 6/39/5 21/31/26 414/34/29
f 414/34/29 38/40/6 6/39/5
f 9/11/10 23/35/30 21/38/26
f 21/38/26 6/12/5 9/11/10
f 25/41/33 26/42/34 24/43/35
f 24/43/35 36/44/36 25/41/33
f 15/45/17 33/46/18 26/47/34
f 26/47/34 25/48/33 15/45/17
f 20/26/24 25/41/33 36/44/36
f 36/44/36 37/27/25 20/26/24
f 16/30/19 15/49/17 25/41/33
f 25/41/33 20/26/24 16/30/19
f 28/50/37 29/51/38 27/52/39
f 27/52/39 402/53/40 28/50/37
f 8/7/7 7/10/9 29/51/38
f 29/51/38 28/50/37 8/7/7
f 23/35/30 28/50/37 402/53/40
f 402/53/40 183/36/31 23/35/30
f 9/11/10 8/7/7 28/50/37
f 28/50/37 23/35/30 9/11/10
f 3/4/4 406/3/3 30/54/41
f 30/54/41 31/55/42 3/4/4
f 7/10/9 3/9/8 31/56/43
f 31/56/43 32/57/44 7/10/9
f 403/58/45 182/59/46 35/60/47
f 399/61/48 1/62/49 413/63/50
f 40/64/51 41/65/52 39/66/53
f 39/66/53 405/67/54 40/64/51
f 42/68/55 43/69/56 41/65/52
f 41/65/52 40/64/51 42/68/55
f 46/70/57 47/71/58 44/72/59
f 44/72/59 45/73/60 46/70/57
f 43/69/56 42/68/55 47/74/58
f 47/74/58 46/75/57 43/69/56
f 49/76/61 48/77/62 44/78/59
f 44/78/59 47/74/58 49/76/61
f 50/79/63 49/76/61 47/74/58
f 47/74/58 42/68/55 50/79/63
f 53/80/64 54/81/65 51/82/66
f 51/82/66 52/83/67 53/80/64
f 54/81/65 53/80/64 55/84/68
f 49/85/61 57/86/69 56/87/70
f 56/87/70 48/88/62 49/85/61
f 50/79/63 58/89/71 57/90/69
f 57/90/69 49/76/61 50/79/63
f 149/91/72 61/92/73 60/93/74
f 60/93/74 2/94/75 149/91/72
f 55/84/68 58/89/71 61/92/73
f 61/92/73 149/91/72 55/84/68
f 61/92/73 63/95/76 62/96/77
f 62/96/77 60/93/74 61/92/73
f 58/89/71 50/79/63 63/95/76
f 63/95/76 61/92/73 58/89/71
f 40/64/51 405/67/54 62/96/77
f 62/96/77 63/95/76 40/64/51
f 42/68/55 40/64/51 63/95/76
f 63/95/76 50/79/63 42/68/55
f 185/97/78 64/98/79 192/99/80
f 66/100/81 116/101/82 65/102/83
f 65/102/83 593/103/84 66/100/81
f 116/101/82 67/104/85 589/105/86
f 589/105/86 65/102/83 116/101/82
f 70/106/87 92/107/88 68/108/89
f 68/108/89 69/109/90 70/106/87
f 92/107/88 93/110/91 71/111/92
f 71/111/92 68/108/89 92/107/88
f 69/112/93 68/113/89 72/114/94
f 72/114/94 73/115/95 69/112/93
f 68/113/89 71/116/92 74/117/96
f 74/117/96 72/114/94 68/113/89
f 358/118/97 197/119/98 75/120/99
f 75/120/99 76/121/100 358/118/97
f 197/119/98 198/122/101 77/123/102
f 77/123/102 75/120/99 197/119/98
f 76/121/100 75/120/99 78/124/103
f 78/124/103 79/125/104 76/121/100
f 75/120/99 77/123/102 80/126/105
f 80/126/105 78/124/103 75/120/99
f 194/127/106 94/128/107 81/129/108
f 81/129/108 82/130/109 194/127/106
f 94/128/107 95/131/110 83/132/111
f 83/132/111 81/129/108 94/128/107
f 82/130/109 81/129/108 77/133/102
f 77/133/102 198/134/101 82/130/109
f 81/129/108 83/132/111 80/135/105
f 80/135/105 77/133/102 81/129/108
f 184/136/112 96/137/113 84/138/114
f 84/138/114 85/139/115 184/136/112
f 96/137/116 97/140/117 86/141/118
f 86/141/118 84/138/114 96/137/116
f 85/139/115 84/138/114 71/116/92
f 71/116/92 93/142/91 85/139/115
f 84/138/114 86/141/118 74/117/96
f 74/117/96 71/116/92 84/138/114
f 99/143/119 101/144/120 87/145/121
f 87/145/121 88/146/122 99/143/119
f 101/144/120 79/147/104 78/148/103
f 78/148/103 87/145/121 101/144/120
f 88/149/122 87/150/121 83/132/111
f 83/132/111 95/131/110 88/149/122
f 87/150/121 78/151/103 80/135/105
f 80/135/105 83/132/111 87/150/121
f 195/152/123 199/153/124 89/154/125
f 89/154/125 90/155/126 195/152/123
f 199/153/124 73/115/95 72/114/94
f 72/114/94 89/154/125 199/153/124
f 90/155/126 89/154/125 86/141/118
f 86/141/118 97/140/117 90/155/126
f 89/154/125 72/114/94 74/117/96
f 74/117/96 86/141/118 89/154/125
f 92/107/88 70/106/127 91/156/128
f 91/156/128 76/121/100 92/107/88
f 93/110/91 92/107/88 76/121/100
f 76/121/100 79/125/104 93/110/91
f 88/146/122 98/157/129 179/158/130
f 179/158/130 99/143/119 88/146/122
f 95/131/110 100/159/131 98/160/129
f 98/160/129 88/149/122 95/131/110
f 184/136/112 85/139/115 101/144/120
f 79/147/104 101/144/120 85/139/115
f 85/139/115 93/142/91 79/147/104
f 90/155/126 102/161/132 109/162/133
f 109/162/133 195/152/123 90/155/126
f 97/140/117 103/163/134 102/161/132
f 102/161/132 90/155/126 97/140/117
f 355/164/135 106/165/136 104/166/137
f 104/166/137 105/167/138 355/164/135
f 106/168/136 108/169/139 107/170/140
f 107/170/140 104/171/137 106/168/136
f 196/172/141 112/173/142 110/174/143
f 110/174/143 111/175/144 196/172/141
f 112/173/142 107/170/140 108/169/139
f 108/169/139 110/174/143 112/173/142
f 113/176/145 112/173/142 196/172/141
f 196/172/141 67/104/85 113/176/145
f 114/177/146 107/170/140 112/173/142
f 112/173/142 113/176/145 114/177/146
f 66/100/81 152/178/147 115/179/148
f 115/179/148 116/101/82 66/100/81
f 152/178/147 118/180/149 117/181/150
f 117/181/150 115/179/148 152/178/147
f 116/101/82 115/179/148 113/176/145
f 113/176/145 67/104/85 116/101/82
f 115/179/148 117/181/150 114/177/146
f 114/177/146 113/176/145 115/179/148
f 357/182/151 122/183/152 121/184/153
f 121/184/153 356/185/154 357/182/151
f 122/186/152 114/177/146 117/181/150
f 117/181/150 121/187/153 122/186/152
f 192/99/80 186/188/155 161/189/156
f 104/166/137 122/183/152 357/182/151
f 357/182/151 105/167/138 104/166/137
f 107/170/140 114/177/146 122/186/152
f 122/186/152 104/171/137 107/170/140
f 139/190/157 359/191/158 123/192/159
f 126/193/160 127/194/161 124/195/162
f 124/195/162 125/196/163 126/193/160
f 129/197/164 126/193/160 125/196/163
f 125/196/163 128/198/165 129/197/164
f 132/199/158 130/200/158 131/201/158
f 131/201/158 200/202/158 132/199/158
f 134/203/158 133/204/158 130/200/158
f 130/200/158 132/199/158 134/203/158
f 136/205/166 135/206/167 408/207/168
f 408/207/168 360/208/169 136/205/166
f 129/197/164 128/198/165 135/206/167
f 135/206/167 136/205/166 129/197/164
f 138/209/170 139/190/157 123/192/159
f 123/192/159 137/210/171 138/209/170
f 134/203/158 138/209/170 137/210/171
f 137/210/171 133/204/158 134/203/158
f 141/211/172 401/212/173 165/213/174
f 165/213/174 140/214/175 141/211/172
f 143/215/176 144/216/177 51/82/66
f 51/82/66 54/81/65 143/215/176
f 143/215/176 54/81/65 55/84/68
f 55/84/68 145/217/178 143/215/176
f 147/218/179 146/219/180 401/212/173
f 401/212/173 141/211/172 147/218/179
f 148/220/181 59/221/182 146/219/180
f 146/219/180 147/218/179 148/220/181
f 150/222/183 149/91/72 2/94/75
f 2/94/75 142/223/184 150/222/183
f 145/217/178 55/84/68 149/91/72
f 149/91/72 150/222/183 145/217/178
f 163/224/185 1/62/49 399/61/48
f 399/61/48 151/225/186 163/224/185
f 151/226/187 399/227/188 59/221/182
f 59/221/182 148/220/181 151/226/187
f 201/228/189 154/229/190 152/178/147
f 152/178/147 153/230/191 201/228/189
f 154/229/190 155/231/192 118/180/149
f 118/180/149 152/178/147 154/229/190
f 157/232/193 109/162/133 102/161/132
f 102/161/132 156/233/194 157/232/193
f 156/233/194 102/161/132 103/163/134
f 103/163/134 158/234/195 156/233/194
f 159/235/196 160/236/197 119/237/198
f 119/237/198 120/238/199 159/235/196
f 155/231/192 159/239/196 120/240/199
f 120/240/199 118/180/149 155/231/192
f 193/241/200 162/242/201 161/189/156
f 161/189/156 186/188/155 193/241/200
f 158/234/195 103/163/134 161/189/202
f 161/189/202 162/242/203 158/234/195
f 144/243/204 143/244/205 125/196/163
f 125/196/163 124/195/162 144/243/204
f 154/245/206 201/246/207 127/194/161
f 127/194/161 126/193/160 154/245/206
f 145/247/208 128/198/165 125/196/163
f 125/196/163 143/244/205 145/247/208
f 155/248/209 154/245/206 126/193/160
f 126/193/160 129/197/164 155/248/209
f 141/211/210 131/249/211 130/250/212
f 130/250/212 147/218/213 141/211/210
f 156/251/214 132/199/215 200/202/216
f 200/202/216 157/252/217 156/251/214
f 147/218/213 130/250/212 133/253/218
f 133/253/218 148/220/219 147/218/213
f 158/254/220 134/203/221 132/199/215
f 132/199/215 156/251/214 158/254/220
f 142/255/222 408/207/168 135/206/167
f 135/206/167 150/256/223 142/255/222
f 159/257/224 136/205/166 360/208/169
f 360/208/169 160/258/225 159/257/224
f 150/256/223 135/206/167 128/198/165
f 128/198/165 145/247/208 150/256/223
f 159/257/224 155/248/209 129/197/164
f 129/197/164 136/205/166 159/257/224
f 163/259/226 151/260/227 137/210/171
f 137/210/171 123/192/159 163/259/226
f 162/261/228 193/262/229 139/190/157
f 139/190/157 138/209/170 162/261/228
f 151/260/227 148/263/219 133/204/218
f 133/204/218 137/210/171 151/260/227
f 158/254/220 162/261/228 138/209/170
f 138/209/170 134/203/221 158/254/220
f 167/264/230 34/265/231 403/58/45
f 403/58/45 166/266/232 167/264/230
f 168/267/233 166/266/232 403/58/45
f 403/58/45 35/60/47 168/267/233
f 164/268/234 170/269/235 169/270/236
f 170/269/235 168/267/233 35/60/47
f 35/60/47 169/270/236 170/269/235
f 170/269/235 164/268/234 39/66/53
f 39/66/53 41/65/52 170/269/235
f 170/269/235 41/65/52 43/69/56
f 43/69/56 168/267/233 170/269/235
f 166/266/232 46/75/57 45/271/60
f 45/271/60 167/264/230 166/266/232
f 168/267/233 43/69/56 46/75/57
f 46/75/57 166/266/232 168/267/233
f 172/272/237 175/273/238 171/274/239
f 171/274/239 644/275/240 172/272/237
f 64/98/79 185/97/78 173/276/241
f 176/277/242 174/278/243 175/273/238
f 175/273/238 172/272/237 176/277/242
f 177/279/244 100/159/131 174/278/243
f 174/278/243 176/277/242 177/279/244
f 98/157/129 178/280/245 179/158/130
f 178/281/245 98/160/129 100/159/131
f 100/159/131 177/279/244 178/281/245
f 178/280/245 106/165/136 355/164/135
f 355/164/135 179/158/130 178/280/245
f 178/281/245 177/279/244 108/169/139
f 108/169/139 106/168/136 178/281/245
f 172/272/237 111/175/144 110/174/143
f 110/174/143 176/277/242 172/272/237
f 177/279/244 176/277/242 110/174/143
f 110/174/143 108/169/139 177/279/244
f 24/43/35 400/282/246 36/44/36
f 37/27/25 36/44/36 400/282/246
f 400/282/246 182/59/46 37/27/25
f 94/128/107 194/127/106 175/273/238
f 175/273/238 174/278/243 94/128/107
f 100/159/131 95/131/110 94/128/107
f 94/128/107 174/278/243 100/159/131
f 96/137/113 184/136/112 192/99/80
f 192/99/80 161/189/156 96/137/113
f 97/140/117 96/137/116 161/189/202
f 161/189/202 103/163/134 97/140/117
f 152/178/147 66/100/81 153/230/191
f 120/238/199 119/237/198 356/185/154
f 356/185/154 121/184/153 120/238/199
f 118/180/149 120/240/199 121/187/153
f 121/187/153 117/181/150 118/180/149
f 57/90/69 53/80/64 52/83/67
f 52/83/67 56/283/70 57/90/69
f 58/89/71 55/84/68 53/80/64
f 53/80/64 57/90/69 58/89/71
f 119/237/198 364/284/247 356/185/154
f 364/284/247 119/237/198 160/236/197
f 173/276/241 361/285/248 64/98/79
f 184/136/112 173/276/241 185/97/78
f 191/286/249 361/285/248 173/276/241
f 190/287/250 187/288/251 188/289/252
f 188/289/252 189/290/253 190/287/250
f 354/291/254 192/99/80 64/98/79
f 192/99/80 354/291/254 186/188/155
f 191/286/249 184/136/112 101/144/120
f 186/188/155 364/284/247 193/241/200
f 184/136/112 191/286/249 173/276/241
f 186/188/155 354/291/254 364/284/247
f 160/236/197 193/241/200 364/284/247
f 193/262/229 160/258/225 139/190/157
f 185/97/78 192/99/80 184/136/112
f 205/292/158 91/156/128 70/106/127
f 206/293/255 204/294/256 205/292/257
f 205/292/257 212/295/255 206/293/255
f 207/296/255 205/292/257 208/297/258
f 209/298/259 70/106/87 210/299/260
f 213/300/261 211/301/262 212/295/263
f 212/295/263 209/298/259 213/300/261
f 215/302/264 214/303/265 91/156/128
f 91/156/128 207/296/266 215/302/264
f 219/304/267 216/305/268 217/306/269
f 217/306/269 218/307/270 219/304/267
f 223/308/271 220/309/272 221/310/273
f 221/310/273 222/311/274 223/308/271
f 227/312/275 224/313/276 225/314/277
f 225/314/277 226/315/278 227/312/275
f 229/316/279 321/317/280 483/318/281
f 483/318/281 228/319/282 229/316/279
f 233/320/269 230/321/283 231/322/269
f 231/322/269 232/323/284 233/320/269
f 235/324/285 327/325/286 484/326/287
f 484/326/287 234/327/288 235/324/285
f 239/328/289 236/329/283 237/330/269
f 237/330/269 238/331/270 239/328/289
f 243/332/290 240/333/291 241/334/292
f 241/334/292 242/335/278 243/332/290
f 251/336/293 246/337/294 205/292/257
f 293/338/295 247/339/296 209/298/259
f 296/340/297 248/341/298 212/295/263
f 252/342/299 249/343/300 207/296/266
f 212/295/255 205/292/257 70/106/255
f 205/292/257 207/296/255 91/156/255
f 209/298/259 212/295/263 70/106/87
f 205/292/257 204/294/256 251/336/293
f 212/295/263 211/301/262 296/340/297
f 91/156/128 214/303/265 253/344/301
f 256/345/302 257/346/303 254/347/304
f 254/347/304 255/348/305 256/345/302
f 258/349/306 259/350/307 260/351/308
f 262/352/309 263/353/310 187/288/251
f 187/288/251 261/354/311 262/352/309
f 265/355/312 266/356/313 190/287/250
f 190/287/250 264/357/314 265/355/312
f 268/358/315 269/359/316 267/360/317
f 272/361/318 229/362/279 270/363/319
f 270/363/319 271/364/320 272/361/318
f 331/365/321 275/366/322 273/367/323
f 273/367/323 274/368/324 331/365/321
f 276/369/325 277/370/326 278/371/327
f 281/372/328 282/348/329 279/373/330
f 279/373/330 280/374/331 281/372/328
f 285/375/332 286/376/313 283/377/333
f 283/377/333 284/378/334 285/375/332
f 251/336/335 287/379/336 288/380/337
f 251/336/335 204/294/338 289/381/339
f 289/381/339 287/379/336 251/336/335
f 252/342/299 290/382/340 291/383/341
f 252/342/299 207/296/266 292/384/342
f 292/384/342 290/382/340 252/342/299
f 293/385/295 294/386/343 322/387/344
f 293/338/295 209/298/259 295/388/345
f 295/388/345 294/389/343 293/338/295
f 296/340/297 297/390/346 329/391/347
f 296/340/297 211/301/262 298/392/348
f 298/392/348 297/390/346 296/340/297
f 253/344/301 299/393/349 300/394/350
f 253/344/301 214/303/265 301/395/351
f 301/395/351 299/393/349 253/344/301
f 303/396/352 302/397/353 288/398/354
f 288/398/354 287/399/355 303/396/352
f 256/400/356 255/401/357 304/402/358
f 304/402/358 305/403/359 256/400/356
f 289/404/360 216/305/268 303/405/361
f 303/405/361 287/406/362 289/404/360
f 308/407/363 217/306/364 306/408/365
f 306/408/365 307/409/366 308/407/363
f 260/410/367 259/411/368 218/307/369
f 218/307/369 309/412/370 260/410/367
f 256/413/371 305/414/372 219/304/267
f 219/304/267 257/415/373 256/413/371
f 308/407/374 307/409/375 310/416/376
f 313/417/377 220/309/272 311/418/378
f 311/418/378 312/419/379 313/417/377
f 262/420/380 314/421/381 223/308/271
f 223/308/271 263/422/382 262/420/380
f 316/423/383 315/424/353 291/425/354
f 291/425/354 290/426/384 316/423/383
f 265/427/356 264/428/385 317/429/386
f 317/429/386 318/430/387 265/427/356
f 292/431/388 224/313/276 316/432/389
f 316/432/389 290/433/390 292/431/388
f 311/418/391 225/314/277 319/434/392
f 319/434/392 312/419/393 311/418/391
f 262/420/394 261/435/395 226/315/278
f 226/315/278 314/421/396 262/420/394
f 265/436/397 318/437/398 227/312/275
f 227/312/275 266/438/399 265/436/397
f 295/439/400 230/440/401 294/386/402
f 320/441/403 231/322/404 324/442/405
f 324/442/405 321/317/280 320/441/403
f 272/443/406 271/444/407 232/323/408
f 268/445/409 323/446/410 233/447/411
f 233/447/411 269/448/412 268/445/409
f 325/449/413 326/450/414 327/325/286
f 278/451/415 328/452/416 235/324/285
f 329/453/417 297/454/418 330/455/419
f 298/456/420 236/457/421 330/455/422
f 330/455/422 297/454/423 298/456/420
f 325/449/424 237/330/425 332/458/426
f 332/458/426 326/450/426 325/449/424
f 278/451/427 277/459/428 238/331/429
f 238/331/429 328/452/430 278/451/427
f 239/328/289 275/460/431 331/461/432
f 334/462/433 333/463/434 300/464/435
f 300/464/435 299/465/436 334/462/433
f 285/466/437 284/467/438 335/468/439
f 335/468/439 336/469/440 285/466/437
f 301/470/388 240/333/291 334/471/441
f 334/471/441 299/472/442 301/470/388
f 339/473/443 241/334/292 337/474/444
f 337/474/444 338/475/445 339/473/443
f 281/476/446 280/477/447 242/335/278
f 242/335/278 340/478/448 281/476/446
f 285/479/449 336/480/450 243/332/290
f 243/332/290 286/481/451 285/479/449
f 342/482/452 341/483/453 339/473/454
f 339/473/454 338/475/455 342/482/452
f 281/476/456 340/478/457 343/484/458
f 343/484/458 282/485/459 281/476/456
f 319/486/460 208/297/461 246/337/462
f 246/337/462 312/487/463 319/486/460
f 313/488/464 312/487/463 246/337/462
f 332/489/465 213/300/261 247/339/296
f 247/339/296 326/490/466 332/489/465
f 327/491/467 326/490/466 247/339/296
f 306/492/468 206/293/469 248/341/298
f 248/341/298 307/493/470 306/492/468
f 310/494/471 307/493/470 248/341/298
f 337/495/472 215/302/264 249/343/300
f 249/343/300 338/496/473 337/495/472
f 342/497/474 338/496/473 249/343/300
f 324/498/475 210/299/260 202/499/476
f 202/499/476 321/500/477 324/498/475
f 259/350/307 258/349/306 254/347/304
f 254/347/304 257/346/303 259/350/307
f 264/357/314 190/287/250 189/290/253
f 189/290/253 710/501/478 264/357/314
f 261/354/311 187/288/251 190/287/250
f 190/287/250 266/356/313 261/354/311
f 268/445/315 267/502/317 344/503/479
f 344/503/479 478/504/480 268/445/315
f 271/364/481 270/363/482 267/360/483
f 267/360/483 269/359/481 271/364/481
f 274/368/324 273/367/323 345/505/484
f 345/505/484 714/506/485 274/368/324
f 277/370/326 276/369/325 273/367/323
f 273/367/323 275/366/322 277/370/326
f 280/374/331 279/373/330 283/377/333
f 283/377/333 286/376/313 280/374/331
f 289/381/339 204/294/338 206/293/469
f 206/293/469 306/492/468 289/381/339
f 292/384/342 207/296/266 208/297/461
f 208/297/461 319/486/460 292/384/342
f 295/388/345 209/298/259 210/299/260
f 210/299/260 324/498/475 295/388/345
f 298/392/348 211/301/262 213/300/261
f 213/300/261 332/489/465 298/392/348
f 301/395/351 214/303/265 215/302/264
f 215/302/264 337/495/472 301/395/351
f 303/396/352 305/403/359 304/402/358
f 304/402/358 302/397/353 303/396/352
f 306/408/486 217/306/269 216/305/268
f 216/305/268 289/404/360 306/408/486
f 308/407/363 309/412/370 218/307/369
f 218/307/369 217/306/364 308/407/363
f 257/415/373 219/304/267 218/307/270
f 218/307/270 259/411/487 257/415/373
f 303/405/361 216/305/268 219/304/267
f 219/304/267 305/414/372 303/405/361
f 260/410/488 309/412/489 346/507/490
f 346/507/490 347/508/491 260/410/488
f 308/407/374 310/416/376 309/412/489
f 263/422/382 223/308/271 222/311/274
f 222/311/274 348/509/492 263/422/382
f 311/418/378 220/309/272 223/308/271
f 223/308/271 314/421/381 311/418/378
f 316/423/383 318/430/387 317/429/386
f 317/429/386 315/424/353 316/423/383
f 319/434/392 225/314/277 224/313/276
f 224/313/276 292/431/388 319/434/392
f 311/418/391 314/421/396 226/315/278
f 226/315/278 225/314/277 311/418/391
f 266/438/399 227/312/275 226/315/278
f 226/315/278 261/435/395 266/438/399
f 316/432/389 224/313/276 227/312/275
f 227/312/275 318/437/398 316/432/389
f 320/441/403 321/317/280 229/316/279
f 229/316/279 272/443/406 320/441/403
f 323/446/410 322/387/493 294/386/402
f 324/442/486 231/322/269 230/321/283
f 230/321/283 295/510/486 324/442/486
f 320/441/403 272/443/406 232/323/408
f 232/323/408 231/322/404 320/441/403
f 269/511/487 233/320/269 232/323/284
f 232/323/284 271/444/487 269/511/487
f 294/386/402 230/440/401 233/447/411
f 233/447/411 323/446/410 294/386/402
f 325/449/413 327/325/286 235/324/285
f 235/324/285 328/452/416 325/449/413
f 330/455/419 331/512/494 274/513/495
f 274/513/495 329/453/417 330/455/419
f 332/458/486 237/330/269 236/329/283
f 236/329/283 298/514/486 332/458/486
f 325/449/424 328/452/430 238/331/429
f 238/331/429 237/330/425 325/449/424
f 275/460/431 239/328/289 238/331/270
f 238/331/270 277/459/487 275/460/431
f 330/455/422 236/457/421 239/515/289
f 239/515/289 331/512/432 330/455/422
f 334/462/433 336/469/440 335/468/439
f 335/468/439 333/463/434 334/462/433
f 337/474/444 241/334/292 240/333/291
f 240/333/291 301/470/388 337/474/444
f 339/473/443 340/478/448 242/335/278
f 242/335/278 241/334/292 339/473/443
f 286/481/451 243/332/290 242/335/278
f 242/335/278 280/477/447 286/481/451
f 334/471/441 240/333/291 243/332/290
f 243/332/290 336/480/450 334/471/441
f 339/473/454 341/483/453 343/484/458
f 343/484/458 340/478/457 339/473/454
f 313/488/464 246/337/462 464/516/300
f 464/516/300 349/517/496 313/488/464
f 247/339/296 213/300/261 209/298/259
f 202/499/497 210/299/260 70/106/87
f 248/341/298 206/293/469 212/295/263
f 246/337/294 208/297/258 205/292/257
f 249/343/300 215/302/264 207/296/266
f 353/518/498 350/519/499 351/520/500
f 351/520/500 352/521/501 353/518/498
f 64/98/79 355/164/135 105/167/138
f 105/167/138 354/291/254 64/98/79
f 354/291/254 356/185/154 364/284/247
f 354/291/254 357/182/151 356/185/154
f 354/291/254 105/167/138 357/182/151
f 76/121/100 91/156/128 358/118/97
f 101/144/120 99/143/119 191/286/249
f 360/208/169 408/207/168 359/191/158
f 359/191/158 139/190/157 360/208/169
f 160/258/225 360/208/169 139/190/157
f 361/285/248 179/158/130 355/164/135
f 355/164/135 64/98/79 361/285/248
f 99/143/119 179/158/130 361/285/248
f 361/285/248 191/286/249 99/143/119
f 363/522/158 358/118/97 91/156/128
f 91/156/128 362/523/502 363/522/158
f 91/156/128 365/524/503 362/523/502
f 771/525/504 365/524/503 253/344/301
f 253/344/301 250/526/505 771/525/504
f 91/156/128 253/344/301 365/524/503
f 358/118/506 363/522/507 203/527/508
f 370/528/509 367/529/510 368/530/511
f 368/530/511 369/531/512 370/528/509
f 374/532/513 371/533/272 372/534/514
f 372/534/514 373/535/515 374/532/513
f 376/536/516 377/537/517 350/519/499
f 350/519/499 375/538/518 376/536/516
f 379/539/519 380/378/520 351/520/500
f 351/520/500 378/540/521 379/539/519
f 203/527/522 381/541/523 382/542/524
f 203/527/508 363/522/507 383/543/525
f 383/543/526 381/541/523 203/527/522
f 385/544/527 362/523/502 365/524/503
f 365/524/503 384/545/528 385/544/527
f 386/546/529 384/545/528 365/524/503
f 383/547/530 367/529/510 387/548/531
f 387/548/531 381/549/532 383/547/530
f 388/550/533 368/530/511 385/551/534
f 385/551/534 384/552/535 388/550/533
f 379/553/536 378/554/537 369/531/512
f 369/531/512 389/555/538 379/553/536
f 376/556/539 390/557/540 370/528/509
f 370/528/509 377/558/541 376/556/539
f 386/559/542 371/533/272 388/550/543
f 388/550/543 384/552/544 386/559/542
f 379/553/545 389/555/546 374/532/513
f 374/532/513 380/560/459 379/553/545
f 387/561/547 391/562/548 382/563/549
f 382/563/549 381/564/550 387/561/547
f 376/565/437 375/566/551 392/567/439
f 392/567/439 390/568/440 376/565/437
f 378/540/521 351/520/500 350/519/499
f 350/519/499 377/537/517 378/540/521
f 383/543/525 363/522/507 362/523/552
f 362/523/502 385/544/527 383/543/553
f 386/546/529 365/524/503 771/525/504
f 771/525/504 393/569/554 386/546/529
f 385/551/534 368/530/511 367/529/510
f 367/529/510 383/547/530 385/551/534
f 388/550/533 389/555/538 369/531/512
f 369/531/512 368/530/511 388/550/533
f 377/558/541 370/528/509 369/531/512
f 369/531/512 378/554/537 377/558/541
f 387/548/531 367/529/510 370/528/509
f 370/528/509 390/557/540 387/548/531
f 388/550/543 371/533/272 374/532/513
f 374/532/513 389/555/546 388/550/543
f 382/563/549 391/562/548 394/570/555
f 394/570/555 395/571/556 382/563/549
f 387/561/547 390/568/440 392/567/439
f 392/567/439 391/562/548 387/561/547
f 430/572/557 396/573/558 24/574/35
f 24/574/35 397/575/559 430/572/557
f 399/61/48 413/63/50 398/33/28
f 398/33/28 22/32/27 399/61/48
f 59/221/182 399/227/188 22/37/32
f 22/37/32 183/36/31 59/221/182
f 400/282/246 24/43/35 396/576/558
f 402/53/40 27/52/39 401/212/173
f 401/212/173 146/219/180 402/53/40
f 183/36/31 402/53/40 146/219/180
f 146/219/180 59/221/182 183/36/31
f 407/16/14 10/15/13 406/3/3
f 406/3/3 5/2/2 407/16/14
f 33/20/18 407/16/14 5/2/2
f 5/2/2 38/6/6 33/20/18
f 142/223/184 2/94/75 1/577/49
f 1/577/49 163/578/185 142/223/184
f 2/579/75 60/580/74 1/62/49
f 412/581/560 409/582/561 410/583/562
f 410/583/562 411/584/563 412/581/560
f 164/585/234 396/573/558 413/63/50
f 405/586/54 39/587/53 413/63/50
f 413/63/50 1/62/49 60/580/74
f 60/580/74 405/586/54 413/63/50
f 414/34/29 398/33/28 24/574/35
f 24/574/35 26/47/34 414/34/29
f 38/40/6 414/34/29 26/47/34
f 26/47/34 33/46/18 38/40/6
f 163/259/226 123/192/159 408/207/168
f 408/207/168 142/255/222 163/259/226
f 39/587/53 164/585/234 413/63/50
f 419/588/564 416/589/565 417/590/566
f 417/590/566 418/591/567 419/588/564
f 450/592/568 446/593/569 453/594/570
f 453/595/570 439/596/571 450/597/568
f 423/598/572 420/599/573 421/600/574
f 421/600/574 422/601/575 423/598/572
f 427/602/576 424/603/577 425/604/578
f 425/604/578 426/605/579 427/602/576
f 405/586/54 60/580/74 62/606/77
f 413/63/50 428/607/580 429/608/581
f 400/282/246 396/576/558 164/268/234
f 164/268/234 169/270/236 400/282/246
f 182/59/46 400/282/246 169/270/236
f 169/270/236 35/60/47 182/59/46
f 430/572/557 431/609/582 396/573/558
f 413/63/50 396/573/558 431/609/582
f 431/609/582 428/607/580 413/63/50
f 403/58/45 34/265/231 181/24/22
f 181/24/22 19/23/21 403/58/45
f 182/59/46 403/58/45 19/23/21
f 19/23/21 37/27/25 182/59/46
f 24/574/35 398/33/28 432/610/583
f 432/610/583 433/611/584 24/574/35
f 429/608/581 415/612/585 398/33/28
f 398/33/28 413/63/50 429/608/581
f 435/613/586 436/614/587 409/582/561
f 409/582/561 434/615/588 435/613/586
f 410/616/589 437/617/590 438/618/591
f 454/619/592 440/620/593 411/621/594
f 411/621/594 439/622/571 454/619/592
f 442/623/595 443/624/596 412/581/560
f 412/581/560 441/625/597 442/623/595
f 445/626/598 432/627/599 415/628/600
f 415/628/600 444/629/601 445/626/598
f 446/593/602 444/629/601 415/628/600
f 449/630/603 416/589/565 447/631/604
f 447/631/604 448/632/605 449/630/603
f 444/629/606 417/633/607 445/626/608
f 438/634/609 437/635/610 418/591/611
f 418/591/611 450/636/612 438/634/609
f 435/637/613 451/638/614 419/588/564
f 419/588/564 436/639/615 435/637/613
f 455/640/616 420/599/617 453/641/570
f 453/641/570 452/642/618 455/640/616
f 458/643/619 421/600/574 456/644/620
f 456/644/620 457/645/621 458/643/619
f 442/646/622 441/647/623 422/601/575
f 422/601/575 459/648/624 442/646/622
f 423/598/625 440/649/626 454/650/627
f 460/651/628 424/603/577 458/652/629
f 458/652/629 457/653/630 460/651/628
f 447/654/631 425/604/578 461/655/632
f 461/655/632 448/656/633 447/654/631
f 435/657/634 434/658/635 426/605/579
f 426/605/579 451/659/636 435/657/634
f 442/660/637 459/661/638 427/602/576
f 427/602/576 443/662/639 442/660/637
f 456/663/640 431/609/582 430/572/557
f 430/572/557 457/664/641 456/663/640
f 460/665/642 457/664/641 430/572/557
f 429/666/643 428/667/580 455/668/644
f 455/668/644 452/669/645 429/666/643
f 461/670/646 397/575/559 433/611/584
f 433/611/584 448/671/647 461/670/646
f 449/672/648 448/671/647 433/611/584
f 437/617/649 410/616/562 409/673/561
f 409/673/561 436/674/587 437/617/649
f 439/622/571 411/621/594 410/616/589
f 410/616/589 438/618/591 439/622/571
f 441/625/597 412/581/560 411/584/563
f 411/584/563 440/675/650 441/625/597
f 434/615/588 409/582/561 412/581/560
f 412/581/560 443/624/596 434/615/588
f 446/593/602 415/628/600 429/666/651
f 429/666/651 452/669/652 446/593/602
f 445/676/653 417/590/566 416/589/565
f 416/589/565 449/630/603 445/676/653
f 450/636/612 418/591/611 417/590/607
f 417/590/607 444/677/606 450/636/612
f 436/639/615 419/588/564 418/591/567
f 418/591/567 437/635/654 436/639/615
f 447/631/604 416/589/565 419/588/564
f 419/588/564 451/638/614 447/631/604
f 452/669/655 453/594/570 446/593/569
f 454/619/627 439/622/571 453/678/570
f 438/618/591 450/679/568 439/622/571
f 444/680/656 446/681/569 450/682/568
f 456/644/620 421/600/574 420/599/573
f 420/599/573 455/640/657 456/644/620
f 459/648/624 422/601/575 421/600/574
f 421/600/574 458/643/619 459/648/624
f 440/649/658 423/598/572 422/601/575
f 422/601/575 441/647/623 440/649/658
f 453/641/570 420/599/617 423/598/625
f 423/598/625 454/650/627 453/641/570
f 461/655/632 425/604/578 424/603/577
f 424/603/577 460/651/628 461/655/632
f 451/659/636 426/605/579 425/604/578
f 425/604/578 447/654/631 451/659/636
f 443/662/639 427/602/576 426/605/579
f 426/605/579 434/658/635 443/662/639
f 458/652/629 424/603/577 427/602/576
f 427/602/576 459/661/638 458/652/629
f 460/665/642 430/572/557 397/575/559
f 397/575/559 461/670/646 460/665/642
f 455/683/644 428/607/580 431/609/582
f 431/609/582 456/663/640 455/683/644
f 449/684/648 433/685/584 432/627/599
f 432/627/599 445/626/598 449/684/648
f 415/612/585 432/610/583 398/33/28
f 397/575/559 24/574/35 433/611/584
f 463/686/659 48/88/62 56/87/70
f 56/87/70 462/687/660 463/686/659
f 464/516/300 246/337/158 251/336/158
f 251/336/158 244/688/661 464/516/300
f 587/689/662 196/690/141 111/691/144
f 111/691/144 465/692/663 587/689/662
f 767/693/664 70/106/87 69/109/90
f 69/109/90 466/694/665 767/693/664
f 467/695/666 82/130/109 198/134/101
f 198/134/101 553/696/667 467/695/666
f 663/697/668 109/162/133 157/232/193
f 157/232/193 468/698/669 663/697/668
f 469/699/670 131/249/671 141/211/672
f 141/211/672 140/214/673 469/699/670
f 471/700/674 34/701/231 167/702/230
f 167/702/230 470/703/675 471/700/674
f 465/704/663 111/175/144 172/272/237
f 172/272/237 644/275/240 465/704/663
f 171/274/239 175/273/238 194/127/106
f 194/127/106 662/705/676 171/274/239
f 473/706/677 153/230/191 66/100/81
f 66/100/81 593/103/84 473/706/677
f 475/707/678 302/397/353 304/402/358
f 304/402/358 474/708/679 475/707/678
f 477/709/678 315/424/353 317/429/386
f 317/429/386 476/710/680 477/709/678
f 729/711/681 322/387/493 323/446/410
f 323/446/410 478/504/480 729/711/681
f 731/712/682 329/453/417 274/513/495
f 274/513/495 755/713/683 731/712/682
f 188/289/252 187/288/251 263/353/310
f 263/353/310 348/714/684 188/289/252
f 481/715/685 270/363/319 229/362/279
f 229/316/279 480/716/686 481/717/685
f 486/718/687 335/468/439 284/467/438
f 284/467/438 485/719/688 486/718/687
f 394/570/555 391/562/548 392/567/439
f 392/567/439 487/720/687 394/570/555
f 366/721/689 203/527/522 382/542/524
f 382/542/524 395/722/690 366/721/689
f 472/723/691 181/724/22 34/701/231
f 34/701/231 471/700/674 472/723/691
f 489/725/692 488/726/693 45/73/60
f 45/73/60 44/72/59 489/725/692
f 463/686/659 489/725/692 44/72/59
f 44/72/59 48/88/62 463/686/659
f 491/727/694 31/55/42 30/54/41
f 30/54/41 799/728/695 491/727/694
f 493/729/696 491/727/694 799/728/695
f 799/728/695 492/730/697 493/729/696
f 494/731/698 32/57/44 31/56/43
f 31/56/43 491/732/694 494/731/698
f 495/733/699 494/731/698 491/732/694
f 491/732/694 493/734/696 495/733/699
f 497/735/700 498/736/701 404/737/702
f 404/737/702 496/738/703 497/735/700
f 500/739/704 497/735/700 496/738/703
f 496/738/703 499/740/705 500/739/704
f 501/741/706 502/742/707 498/736/701
f 498/736/701 497/735/700 501/741/706
f 503/743/708 501/741/706 497/735/700
f 497/735/700 500/739/704 503/743/708
f 504/744/709 505/745/710 472/723/691
f 472/723/691 648/746/711 504/744/709
f 507/747/712 504/744/709 648/746/711
f 648/746/711 506/748/713 507/747/712
f 500/749/704 499/750/705 505/745/710
f 505/745/710 504/744/709 500/749/704
f 503/751/708 500/749/704 504/744/709
f 504/744/709 507/747/712 503/751/708
f 508/752/714 509/753/715 806/754/716
f 806/754/716 792/755/717 508/752/714
f 511/756/718 508/752/714 792/755/719
f 792/755/719 510/757/720 511/756/718
f 493/729/696 492/730/697 509/758/715
f 509/753/715 508/752/714 493/734/696
f 495/733/699 493/734/696 508/752/714
f 508/752/714 511/756/718 495/733/699
f 512/759/721 513/760/722 794/761/723
f 794/761/723 800/762/724 512/759/721
f 501/763/706 512/759/721 800/762/724
f 800/762/724 502/764/707 501/763/706
f 507/747/712 506/748/713 513/760/722
f 513/760/722 512/759/721 507/747/712
f 503/751/708 507/747/712 512/759/721
f 512/759/721 501/763/706 503/751/708
f 515/765/725 516/766/726 180/767/727
f 180/767/727 514/768/728 515/765/725
f 494/731/698 515/765/725 514/768/728
f 514/768/728 32/57/44 494/731/698
f 511/756/718 510/757/720 516/766/726
f 516/766/726 515/765/725 511/756/718
f 495/733/699 511/756/718 515/765/725
f 515/765/725 494/731/698 495/733/699
f 518/769/729 791/770/730 517/771/731
f 181/724/22 472/723/691 505/745/710
f 505/745/710 17/772/23 181/724/22
f 17/773/23 505/774/710 499/740/705
f 499/740/705 14/18/16 17/773/23
f 521/775/732 522/776/733 796/777/734
f 796/777/734 520/778/735 521/775/732
f 524/779/736 521/775/732 520/778/735
f 520/778/735 523/780/737 524/779/736
f 526/781/738 488/726/693 489/725/692
f 489/725/692 525/782/739 526/781/738
f 523/780/737 526/783/738 525/784/739
f 525/784/739 524/779/736 523/780/737
f 489/785/692 463/786/659 527/787/740
f 527/787/740 525/784/739 489/785/692
f 525/784/739 527/787/740 528/788/741
f 528/788/741 524/779/736 525/784/739
f 531/789/742 532/790/743 529/791/744
f 529/791/744 530/792/745 531/789/742
f 533/793/746 531/789/742 530/792/745
f 527/794/740 463/686/659 462/687/660
f 462/687/660 534/795/747 527/794/740
f 528/788/741 527/787/740 534/796/747
f 534/796/747 535/797/748 528/788/741
f 537/798/749 490/799/750 798/800/751
f 798/800/751 536/801/752 537/798/749
f 533/793/746 537/798/749 536/801/752
f 536/801/752 535/797/748 533/793/746
f 536/801/752 798/800/751 539/802/753
f 539/802/753 540/803/754 536/801/752
f 535/797/748 536/801/752 540/803/754
f 540/803/754 528/788/741 535/797/748
f 801/804/755 797/805/756 538/806/757
f 539/802/753 522/776/733 521/775/732
f 521/775/732 540/803/754 539/802/753
f 540/803/754 521/775/732 524/779/736
f 524/779/736 528/788/741 540/803/754
f 543/807/758 652/808/583 542/809/759
f 542/809/759 766/810/760 543/807/758
f 601/811/761 542/809/759 652/808/583
f 767/693/664 466/694/665 544/812/762
f 544/812/762 545/813/763 767/693/664
f 545/813/763 544/812/762 546/814/764
f 546/814/764 547/815/765 545/813/763
f 466/816/766 578/817/767 548/818/768
f 548/818/768 544/819/762 466/816/766
f 544/819/762 548/818/768 549/820/769
f 549/820/769 546/821/764 544/819/762
f 571/822/770 569/823/771 550/824/772
f 550/824/772 551/825/773 571/822/770
f 551/825/773 550/824/772 552/826/774
f 552/826/774 553/827/667 551/825/773
f 569/823/771 570/828/775 554/829/776
f 554/829/776 550/824/772 569/823/771
f 550/824/772 554/829/776 555/830/777
f 555/830/777 552/826/774 550/824/772
f 662/705/676 467/695/666 556/831/778
f 556/831/778 557/832/779 662/705/676
f 557/832/779 556/831/778 558/833/780
f 558/833/780 559/834/781 557/832/779
f 467/695/666 553/696/667 552/835/774
f 552/835/774 556/831/778 467/695/666
f 556/831/778 552/835/774 555/836/777
f 555/836/777 558/833/780 556/831/778
f 650/837/782 576/838/783 560/839/784
f 560/839/784 561/840/785 650/837/782
f 561/840/786 560/839/784 562/841/787
f 562/841/787 563/842/788 561/840/786
f 576/838/783 547/843/765 546/821/764
f 546/821/764 560/839/784 576/838/783
f 560/839/784 546/821/764 549/820/769
f 549/820/769 562/841/787 560/839/784
f 566/844/789 573/845/790 564/846/791
f 564/846/791 565/847/792 566/844/789
f 565/847/792 564/846/791 554/848/776
f 554/848/776 570/849/775 565/847/792
f 573/845/790 559/850/781 558/851/780
f 558/851/780 564/846/791 573/845/790
f 564/846/791 558/851/780 555/852/777
f 555/852/777 554/848/776 564/846/791
f 541/853/793 577/854/794 567/855/795
f 567/855/795 568/856/796 541/853/793
f 568/856/796 567/855/795 548/818/768
f 548/818/768 578/817/767 568/856/796
f 577/854/794 563/842/788 562/841/787
f 562/841/787 567/855/795 577/854/794
f 567/855/795 562/841/787 549/820/769
f 549/820/769 548/818/768 567/855/795
f 545/813/763 569/823/771 767/693/664
f 569/823/771 545/813/763 547/815/765
f 547/815/765 570/828/775 569/823/771
f 358/118/97 571/822/770 551/825/773
f 551/825/773 197/119/98 358/118/97
f 197/119/98 551/825/773 553/827/667
f 553/827/667 198/122/101 197/119/98
f 574/857/797 572/858/798 573/845/790
f 573/845/790 566/844/789 574/857/797
f 572/858/798 575/859/799 559/850/781
f 559/850/781 573/845/790 572/858/798
f 565/847/792 576/860/783 650/861/782
f 576/838/783 565/862/792 570/863/775
f 570/863/775 547/843/765 576/838/783
f 663/864/668 595/865/800 577/854/794
f 577/854/794 541/853/793 663/864/668
f 595/865/800 596/866/801 563/842/788
f 563/842/788 577/854/794 595/865/800
f 195/152/123 541/867/793 568/868/796
f 568/868/796 199/153/124 195/152/123
f 199/153/124 568/868/796 578/869/767
f 578/869/767 73/115/95 199/153/124
f 582/870/802 765/871/803 580/872/804
f 580/872/804 581/873/805 582/870/802
f 581/873/805 580/872/804 583/874/806
f 583/874/806 584/875/807 581/873/805
f 587/689/662 465/692/663 585/876/808
f 585/876/808 586/877/809 587/689/662
f 586/878/809 585/879/808 584/875/807
f 584/875/807 583/874/806 586/878/809
f 587/880/662 586/881/809 588/882/810
f 588/882/810 589/105/86 587/880/662
f 586/878/809 583/874/806 590/883/811
f 590/883/811 588/884/810 586/878/809
f 593/103/84 65/102/83 591/885/812
f 591/885/812 592/886/813 593/103/84
f 592/887/813 591/888/812 594/889/814
f 594/889/814 598/890/815 592/887/813
f 65/102/83 589/105/86 588/882/810
f 588/882/810 591/885/812 65/102/83
f 591/888/812 588/884/810 590/883/811
f 590/883/811 594/889/814 591/888/812
f 601/811/761 602/891/816 599/892/817
f 599/892/817 600/893/818 601/811/761
f 600/893/818 599/892/817 594/889/814
f 594/889/814 590/883/811 600/893/818
f 646/894/819 654/895/820 579/896/821
f 601/811/761 600/893/818 580/872/804
f 580/872/804 765/871/803 601/811/761
f 600/893/818 590/883/811 583/874/806
f 583/874/806 580/872/804 600/893/818
f 131/201/158 603/897/158 612/898/158
f 612/898/158 200/202/158 131/201/158
f 606/899/822 607/900/823 604/901/824
f 604/901/824 605/902/825 606/899/822
f 608/903/826 609/904/827 607/900/823
f 607/900/823 606/899/822 608/903/826
f 469/905/158 610/906/158 611/907/158
f 611/907/158 612/898/158 469/905/158
f 610/906/158 613/908/158 614/909/158
f 614/909/158 611/907/158 610/906/158
f 657/910/828 615/911/829 616/912/830
f 616/912/830 617/913/831 657/910/828
f 615/911/829 609/904/827 608/903/826
f 608/903/826 616/912/830 615/911/829
f 618/914/832 619/915/833 807/916/834
f 807/916/834 768/917/835 618/914/832
f 614/909/158 613/908/158 619/915/833
f 619/915/833 618/914/832 614/909/158
f 622/918/836 530/792/745 529/791/744
f 529/791/744 621/919/837 622/918/836
f 533/793/746 530/792/745 622/918/836
f 622/918/836 623/920/838 533/793/746
f 165/213/174 793/921/839 624/922/840
f 624/922/840 140/214/175 165/213/174
f 793/921/839 519/923/841 625/924/842
f 625/924/842 624/922/840 793/921/839
f 490/799/750 537/798/749 626/925/843
f 626/925/843 620/926/844 490/799/750
f 537/798/749 533/793/746 623/920/838
f 623/920/838 626/925/843 537/798/749
f 538/806/757 797/805/756 627/927/845
f 627/927/845 628/928/846 538/806/757
f 519/923/841 538/806/847 628/928/848
f 628/928/848 625/924/842 519/923/841
f 153/230/191 473/706/677 630/929/849
f 630/929/849 201/228/189 153/230/191
f 630/929/849 473/706/677 592/886/813
f 592/886/813 629/930/850 630/929/849
f 629/930/850 592/886/813 598/931/815
f 598/931/815 631/932/851 629/930/850
f 595/865/800 663/864/668 468/933/669
f 468/933/669 632/934/852 595/865/800
f 596/866/801 595/865/800 632/934/852
f 632/934/852 633/935/853 596/866/801
f 634/936/854 597/937/855 769/938/856
f 769/938/856 658/939/857 634/936/854
f 631/940/851 598/890/815 597/937/855
f 597/937/855 634/936/854 631/940/851
f 636/941/858 654/895/820 646/894/819
f 646/894/819 635/942/859 636/941/858
f 646/894/860 596/866/801 633/935/853
f 633/935/853 635/942/861 646/894/860
f 200/202/216 612/898/862 468/943/863
f 468/943/863 157/252/217 200/202/216
f 621/944/864 604/901/824 607/900/823
f 607/900/823 622/945/865 621/944/864
f 629/946/866 606/899/822 605/902/825
f 605/902/825 630/947/867 629/946/866
f 607/900/823 609/904/827 623/948/868
f 623/948/868 622/945/865 607/900/823
f 631/949/869 608/903/826 606/899/822
f 606/899/822 629/946/866 631/949/869
f 610/950/870 469/699/670 140/214/673
f 140/214/673 624/922/871 610/950/870
f 612/898/862 611/907/872 632/951/873
f 632/951/873 468/943/863 612/898/862
f 613/952/874 610/950/870 624/922/871
f 624/922/871 625/924/875 613/952/874
f 611/907/872 614/909/876 633/953/877
f 633/953/877 632/951/873 611/907/872
f 615/911/829 657/910/828 620/954/878
f 620/954/878 626/955/879 615/911/829
f 617/913/831 616/912/830 634/956/880
f 634/956/880 658/957/881 617/913/831
f 609/904/827 615/911/829 626/955/879
f 626/955/879 623/948/868 609/904/827
f 634/956/880 616/912/830 608/903/826
f 608/903/826 631/949/869 634/956/880
f 627/958/882 807/916/834 619/915/833
f 619/915/833 628/959/883 627/958/882
f 635/960/884 618/914/832 768/917/835
f 768/917/835 636/961/885 635/960/884
f 628/959/883 619/915/833 613/908/874
f 613/908/874 625/962/875 628/959/883
f 633/953/877 614/909/876 618/914/832
f 618/914/832 635/960/884 633/953/877
f 45/73/60 488/726/693 470/963/675
f 470/963/675 167/964/230 45/73/60
f 517/771/731 471/700/674 470/703/675
f 470/703/675 638/965/886 517/771/731
f 639/966/887 518/769/729 517/771/731
f 517/771/731 638/965/886 639/966/887
f 640/967/888 641/968/889 637/969/890
f 641/968/889 640/967/888 518/769/729
f 518/769/729 639/966/887 641/968/889
f 641/968/889 520/778/735 796/777/734
f 796/777/734 637/969/890 641/968/889
f 523/780/737 520/778/735 641/968/889
f 641/968/889 639/966/887 523/780/737
f 488/970/693 526/783/738 638/965/886
f 638/965/886 470/703/675 488/970/693
f 526/783/738 523/780/737 639/966/887
f 639/966/887 638/965/886 526/783/738
f 655/971/891 543/807/758 766/810/760
f 171/274/239 642/972/892 643/973/893
f 643/973/893 644/275/240 171/274/239
f 642/972/892 575/974/799 645/975/894
f 645/975/894 643/973/893 642/972/892
f 574/857/797 647/976/895 572/858/798
f 575/859/799 572/858/798 647/976/895
f 647/976/895 645/977/894 575/859/799
f 582/870/802 581/873/805 647/976/895
f 647/976/895 574/857/797 582/870/802
f 647/976/895 581/873/805 584/875/807
f 584/875/807 645/977/894 647/976/895
f 585/978/808 465/704/663 644/275/240
f 644/275/240 643/973/893 585/978/808
f 645/977/894 584/875/807 585/879/808
f 585/879/808 643/979/893 645/977/894
f 513/760/722 649/980/896 794/761/723
f 649/980/896 513/760/722 506/748/713
f 506/748/713 791/770/730 649/980/896
f 109/162/133 663/697/668 541/867/793
f 541/867/793 195/152/123 109/162/133
f 171/274/239 662/705/676 557/832/779
f 557/832/779 642/972/892 171/274/239
f 575/974/799 642/972/892 557/832/779
f 557/832/779 559/834/781 575/974/799
f 579/896/821 650/837/782 561/840/785
f 561/840/785 646/894/819 579/896/821
f 646/894/860 561/840/786 563/842/788
f 563/842/788 596/866/801 646/894/860
f 473/706/677 593/103/84 592/886/813
f 602/891/816 769/938/856 597/937/855
f 597/937/855 599/892/817 602/891/816
f 599/892/817 597/937/855 598/890/815
f 598/890/815 594/889/814 599/892/817
f 534/796/747 462/981/660 532/790/743
f 532/790/743 531/789/742 534/796/747
f 535/797/748 534/796/747 531/789/742
f 531/789/742 533/793/746 535/797/748
f 70/106/87 767/693/664 664/982/897
f 664/982/897 202/499/497 70/106/87
f 245/983/299 479/984/898 249/343/300
f 249/343/300 252/342/299 245/983/299
f 652/808/583 543/807/758 579/985/821
f 601/811/761 654/986/820 653/987/899
f 652/808/583 654/986/820 601/811/761
f 650/861/782 651/988/900 565/847/792
f 543/807/758 655/971/891 579/985/821
f 766/810/760 656/989/901 655/971/891
f 579/985/821 655/971/891 650/861/782
f 651/988/900 650/861/782 655/971/891
f 655/971/891 656/989/901 651/988/900
f 768/917/835 661/990/158 657/910/828
f 654/895/820 636/941/858 658/991/857
f 658/991/857 653/992/899 654/895/820
f 768/917/835 658/957/881 636/961/885
f 279/373/330 659/993/902 660/994/903
f 660/994/903 283/377/333 279/373/330
f 601/811/761 653/987/899 602/891/816
f 768/917/835 807/916/834 661/990/158
f 366/721/689 772/995/904 571/822/770
f 667/996/905 698/997/906 665/998/907
f 665/998/907 666/999/908 667/996/905
f 671/1000/909 701/1001/910 667/996/905
f 668/1002/911 767/693/664 670/1003/912
f 666/999/908 700/1004/913 669/1005/914
f 669/1005/914 670/1003/912 666/999/908
f 675/1006/915 672/1007/916 673/1008/917
f 673/1008/917 674/1009/918 675/1006/915
f 310/416/376 482/1010/919 346/507/490
f 346/507/490 309/412/489 310/416/376
f 679/1011/920 676/1012/921 677/1013/922
f 677/1013/922 678/1014/923 679/1011/920
f 683/1015/915 680/1016/924 681/1017/915
f 681/1017/915 682/1018/918 683/1015/915
f 687/1019/915 684/1020/924 685/1021/915
f 685/1021/915 686/1022/918 687/1019/915
f 691/1023/920 688/1024/925 689/1025/926
f 689/1025/926 690/1026/927 691/1023/920
f 341/483/453 692/1027/928 693/1028/929
f 693/1028/929 343/484/458 341/483/453
f 654/986/820 652/808/583 579/985/821
f 667/996/905 464/516/300 244/688/661
f 603/897/158 469/905/158 612/898/158
f 670/1003/912 695/1029/930 699/1030/158
f 666/999/908 696/1031/931 694/1032/932
f 671/1000/909 479/984/898 245/983/299
f 767/693/664 667/996/905 666/999/908
f 767/693/664 671/1000/909 667/996/905
f 767/693/664 666/999/908 670/1003/912
f 767/693/664 697/1033/933 671/1000/909
f 704/1034/934 705/1035/935 702/1036/936
f 702/1036/936 703/1037/937 704/1034/934
f 347/1038/938 707/1039/939 706/1040/940
f 348/714/684 708/1041/941 188/289/252
f 189/290/253 709/1042/942 710/501/478
f 344/1043/479 711/1044/943 478/1045/480
f 480/1046/686 712/1047/944 481/715/685
f 345/505/484 713/1048/945 714/506/485
f 716/1049/946 717/1050/947 715/1051/948
f 719/1052/949 720/1053/950 659/993/902
f 659/993/902 718/1054/951 719/1052/949
f 722/1055/952 485/1056/953 660/994/903
f 660/994/903 721/1057/954 722/1055/952
f 698/997/906 244/688/661 723/1058/955
f 723/1058/955 724/1059/956 698/997/906
f 698/997/906 724/1059/956 725/1060/957
f 701/1001/910 245/983/299 726/1061/958
f 726/1061/958 727/1062/956 701/1001/910
f 701/1001/910 727/1062/956 728/1063/959
f 730/1064/960 670/1003/912 699/1030/961
f 699/1030/961 729/1065/962 730/1064/960
f 700/1004/913 694/1032/963 731/1066/964
f 731/1066/964 732/1067/965 700/1004/913
f 700/1004/913 732/1067/965 733/1068/966
f 697/1033/933 250/526/505 734/1069/967
f 734/1069/967 735/1070/968 697/1033/933
f 697/1033/933 735/1070/968 736/1071/969
f 723/1072/970 475/707/678 737/1073/971
f 737/1073/971 724/1074/972 723/1072/970
f 704/1075/973 738/1076/974 474/708/679
f 474/708/679 705/1077/975 704/1075/973
f 737/1078/976 672/1007/916 725/1079/977
f 725/1079/977 724/1080/978 737/1078/976
f 741/1081/979 675/1082/980 739/1083/981
f 739/1083/981 740/1084/979 741/1081/979
f 347/1085/982 742/1086/983 674/1087/984
f 674/1087/984 707/1088/985 347/1085/982
f 704/1089/986 703/1090/987 673/1008/917
f 673/1008/917 738/1091/988 704/1089/986
f 482/1092/919 740/1084/989 739/1083/990
f 346/1093/490 742/1086/991 347/1085/491
f 744/1094/992 221/1095/273 349/1096/993
f 349/1096/993 743/1097/994 744/1094/992
f 222/1098/274 745/1099/995 348/1100/492
f 726/1101/996 477/709/678 746/1102/997
f 746/1102/997 727/1103/998 726/1101/996
f 710/1104/999 747/1105/1000 476/710/680
f 746/1106/976 676/1012/921 728/1107/1001
f 728/1107/1001 727/1108/1002 746/1106/976
f 748/1109/1003 679/1110/920 744/1094/1004
f 744/1094/1004 743/1097/1005 748/1109/1003
f 348/1100/1006 745/1099/1007 678/1111/923
f 678/1111/923 708/1112/1008 348/1100/1006
f 710/1113/1009 709/1114/1010 677/1013/922
f 677/1013/922 747/1115/1011 710/1113/1009
f 750/1116/1012 680/1117/1013 730/1118/1014
f 730/1118/1014 729/1119/1015 750/1116/1012
f 751/1120/1016 683/1121/1017 749/1122/1018
f 480/1123/1019 228/1124/282 682/1125/1020
f 682/1125/1020 712/1126/1021 480/1123/1019
f 478/1127/1022 711/1128/1023 681/1129/1024
f 484/1130/287 752/1131/1025 753/1132/1026
f 754/1133/1027 732/1134/1028 731/712/682
f 754/1135/1029 684/1020/1030 733/1136/1031
f 733/1136/1031 732/1137/1032 754/1135/1029
f 756/1138/1033 687/1139/1034 753/1132/1035
f 753/1132/1035 752/1131/1036 756/1138/1033
f 716/1140/1037 234/1141/1038 686/1142/1039
f 686/1142/1039 717/1143/1040 716/1140/1037
f 714/1144/1041 713/1145/1042 685/1021/1043
f 685/1021/1043 755/1146/1044 714/1144/1041
f 734/1147/1045 757/1148/1046 758/1149/1047
f 758/1149/1047 735/1150/1048 734/1147/1045
f 722/1151/1049 759/1152/1050 486/718/687
f 486/718/687 485/719/688 722/1151/1049
f 758/1153/1051 688/1024/925 736/1154/1052
f 736/1154/1052 735/1155/1053 758/1153/1051
f 762/1156/1003 691/1157/920 760/1158/1054
f 760/1158/1054 761/1159/1055 762/1156/1003
f 719/1160/1056 763/1161/1057 690/1162/927
f 690/1162/927 720/1163/1058 719/1160/1056
f 722/1164/1059 721/1165/1060 689/1025/926
f 689/1025/926 759/1166/1061 722/1164/1059
f 760/1158/1062 692/1167/928 764/1168/1063
f 764/1168/1063 761/1159/1064 760/1158/1062
f 719/1160/1065 718/1169/1066 693/1170/929
f 693/1170/929 763/1161/1067 719/1160/1065
f 464/516/300 667/996/905 748/1171/1068
f 748/1171/1068 743/1172/1069 464/516/300
f 464/516/300 743/1172/1069 349/517/496
f 695/1029/930 669/1005/914 756/1173/1070
f 756/1173/1070 752/1174/1071 695/1029/930
f 695/1029/930 752/1174/1071 484/1175/1072
f 696/1031/931 665/998/907 741/1176/1073
f 741/1176/1073 740/1177/1074 696/1031/931
f 696/1031/931 740/1177/1074 482/1178/1075
f 479/984/898 671/1000/909 762/1179/1076
f 762/1179/1076 761/1180/1077 479/984/898
f 479/984/898 761/1180/1077 764/1181/1078
f 664/982/897 668/1002/911 751/1182/1079
f 751/1182/1079 749/1183/1080 664/982/897
f 664/982/897 749/1183/1080 483/1184/1081
f 254/347/304 702/1036/936 705/1035/935
f 705/1035/935 255/348/305 254/347/304
f 702/1036/936 706/1040/940 707/1039/939
f 707/1039/939 703/1037/937 702/1036/936
f 189/290/253 188/289/252 708/1041/941
f 708/1041/941 709/1042/942 189/290/253
f 344/1043/1082 481/715/1082 712/1047/1083
f 712/1047/1083 711/1044/1083 344/1043/1082
f 345/505/484 715/1051/948 717/1050/947
f 717/1050/947 713/1048/945 345/505/484
f 283/377/333 660/994/903 485/1056/953
f 485/1056/953 284/378/334 283/377/333
f 660/994/903 659/993/902 720/1053/950
f 720/1053/950 721/1057/954 660/994/903
f 665/998/907 698/997/906 725/1060/957
f 725/1060/957 741/1176/1073 665/998/907
f 667/996/905 701/1001/910 728/1063/959
f 728/1063/959 748/1171/1068 667/996/905
f 668/1002/911 670/1003/912 730/1064/960
f 730/1064/960 751/1182/1079 668/1002/911
f 669/1005/914 700/1004/913 733/1068/966
f 733/1068/966 756/1173/1070 669/1005/914
f 671/1000/909 697/1033/933 736/1071/969
f 736/1071/969 762/1179/1076 671/1000/909
f 302/397/353 475/707/678 723/1072/970
f 723/1072/970 288/398/354 302/397/353
f 737/1073/971 475/707/678 474/708/679
f 474/708/679 738/1076/974 737/1073/971
f 672/1185/916 675/1082/915 741/1081/1084
f 741/1081/1084 725/1186/977 672/1185/916
f 739/1083/981 675/1082/980 674/1087/984
f 674/1087/984 742/1086/983 739/1083/981
f 674/1087/918 673/1187/917 703/1188/987
f 703/1188/987 707/1088/1085 674/1087/918
f 673/1008/917 672/1007/916 737/1078/976
f 737/1078/976 738/1091/988 673/1008/917
f 346/1093/490 482/1092/919 739/1083/990
f 739/1083/990 742/1086/991 346/1093/490
f 222/1098/274 221/1095/273 744/1094/992
f 744/1094/992 745/1099/995 222/1098/274
f 315/424/353 477/709/678 726/1101/996
f 726/1101/996 291/425/354 315/424/353
f 746/1102/997 477/709/678 476/710/680
f 476/710/680 747/1105/1000 746/1102/997
f 676/1189/921 679/1110/920 748/1109/1003
f 748/1109/1003 728/1190/1001 676/1189/921
f 744/1094/1004 679/1110/920 678/1111/923
f 678/1111/923 745/1099/1007 744/1094/1004
f 678/1111/923 677/1191/922 709/1192/1010
f 709/1192/1010 708/1112/1008 678/1111/923
f 677/1013/922 676/1012/921 746/1106/976
f 746/1106/976 747/1115/1011 677/1013/922
f 229/316/279 228/319/282 480/716/686
f 228/1124/282 483/1193/281 749/1122/1018
f 750/1194/1086 729/1195/1086 478/1196/1086
f 680/1197/924 683/1121/915 751/1120/1087
f 751/1120/1087 730/1198/1087 680/1197/924
f 749/1122/1018 683/1121/1017 682/1125/1020
f 682/1125/1020 228/1124/282 749/1122/1018
f 682/1125/918 681/1199/915 711/1200/1088
f 711/1200/1088 712/1126/1088 682/1125/918
f 681/1017/1024 680/1016/1013 750/1201/1012
f 750/682/1012 478/1202/1022 681/1203/1024
f 235/324/285 234/327/288 716/1204/1089
f 716/1204/1089 278/451/415 235/324/285
f 234/1141/288 484/1130/287 753/1132/1026
f 754/1133/1027 731/712/682 755/713/683
f 684/1205/924 687/1139/915 756/1138/1084
f 756/1138/1084 733/1206/1084 684/1205/924
f 753/1132/1035 687/1139/1034 686/1142/1039
f 686/1142/1039 234/1141/1038 753/1132/1035
f 686/1142/918 685/1207/915 713/1208/1085
f 713/1208/1085 717/1143/1088 686/1142/918
f 685/1021/1043 684/1020/1030 754/1135/1029
f 754/1135/1029 755/1146/1044 685/1021/1043
f 333/463/434 757/1148/1046 734/1147/1045
f 734/1147/1045 300/464/435 333/463/434
f 758/1149/1047 757/1148/1046 486/718/687
f 486/718/687 759/1152/1050 758/1149/1047
f 688/1209/925 691/1157/920 762/1156/1003
f 762/1156/1003 736/1210/1052 688/1209/925
f 760/1158/1054 691/1157/920 690/1162/927
f 690/1162/927 763/1161/1057 760/1158/1054
f 690/1162/927 689/1211/926 721/1212/1060
f 721/1212/1060 720/1163/1058 690/1162/927
f 689/1025/926 688/1024/925 758/1153/1051
f 758/1153/1051 759/1166/1061 689/1025/926
f 343/484/458 693/1028/929 718/1213/1066
f 718/1213/1066 282/485/459 343/484/458
f 693/1170/929 692/1167/928 760/1158/1062
f 760/1158/1062 763/1161/1067 693/1170/929
f 247/339/296 695/1029/930 484/1175/1072
f 484/1175/1072 327/491/467 247/339/296
f 248/341/298 696/1031/931 482/1178/1075
f 482/1178/1075 310/494/471 248/341/298
f 249/343/300 479/984/898 764/1181/1078
f 764/1181/1078 342/497/474 249/343/300
f 202/1214/476 664/1215/897 483/1216/1081
f 483/1184/1081 321/500/477 202/499/476
f 670/1003/912 669/1005/914 695/1029/930
f 767/693/664 668/1002/911 664/982/897
f 700/1004/913 666/999/908 694/1032/932
f 666/999/908 665/998/907 696/1031/931
f 701/1001/910 671/1000/909 245/983/299
f 698/997/906 667/996/905 244/688/661
f 766/810/760 542/809/759 765/871/803
f 765/871/803 582/870/802 766/810/760
f 602/891/816 653/987/899 769/938/856
f 601/811/761 765/871/803 542/809/759
f 571/822/770 767/693/664 569/823/771
f 651/988/900 566/844/789 565/847/792
f 617/913/831 768/917/835 657/910/828
f 769/1217/856 653/992/899 658/991/857
f 768/917/835 617/913/831 658/957/881
f 656/989/901 766/810/760 582/870/802
f 582/870/802 574/857/797 656/989/901
f 656/989/901 574/857/797 566/844/789
f 566/844/789 651/988/900 656/989/901
f 767/693/664 571/822/770 772/995/904
f 772/995/904 770/1218/1090 767/693/664
f 770/1218/1090 771/525/504 767/693/664
f 771/525/504 250/526/505 697/1033/933
f 771/525/504 697/1033/933 767/693/664
f 776/1219/1091 773/1220/1092 774/1221/1093
f 774/1221/1093 775/1222/1094 776/1219/1091
f 778/1223/1095 779/1224/1096 353/518/498
f 353/518/498 777/1225/1097 778/1223/1095
f 781/1226/1098 782/1227/1099 352/521/501
f 352/521/501 780/1056/1100 781/1226/1098
f 772/995/904 366/721/689 395/722/690
f 395/722/690 783/1228/1101 772/995/904
f 772/995/904 783/1228/1101 784/1229/1102
f 771/525/504 770/1218/1090 785/1230/1103
f 785/1230/1103 786/1231/1104 771/525/504
f 771/525/504 786/1231/1104 393/569/554
f 787/1232/1105 773/1220/1092 784/1233/1106
f 784/1233/1106 783/1234/1107 787/1232/1105
f 785/1235/1108 776/1236/1091 788/1237/1109
f 788/1237/1109 786/1238/1110 785/1235/1108
f 781/1239/1111 789/1240/1112 775/1241/1094
f 775/1241/1094 782/1242/1113 781/1239/1111
f 778/1243/1114 777/1244/1115 774/1221/1093
f 774/1221/1093 790/1245/1116 778/1243/1114
f 788/1237/1117 372/1246/514 393/1247/1118
f 393/1247/1118 786/1238/1119 788/1237/1117
f 781/1239/1120 780/1248/1121 373/1249/515
f 373/1249/515 789/1240/1122 781/1239/1120
f 395/571/556 394/570/555 787/1250/1123
f 787/1250/1123 783/1251/1124 395/571/556
f 778/1252/1125 790/1253/1050 487/720/687
f 487/720/687 779/1254/688 778/1252/1125
f 353/518/498 352/521/501 782/1227/1099
f 782/1227/1099 777/1225/1097 353/518/498
f 350/519/499 353/518/498 779/1224/1096
f 779/1224/1096 375/538/518 350/519/499
f 770/1218/1090 772/995/904 784/1229/1102
f 784/1229/1102 785/1230/1103 770/1218/1090
f 773/1255/1092 776/1236/1091 785/1235/1108
f 785/1235/1108 784/1256/1106 773/1255/1092
f 788/1237/1109 776/1236/1091 775/1241/1094
f 775/1241/1094 789/1240/1112 788/1237/1109
f 775/1241/1094 774/1257/1093 777/1258/1115
f 777/1258/1115 782/1242/1113 775/1241/1094
f 774/1221/1093 773/1220/1092 787/1232/1105
f 787/1232/1105 790/1245/1116 774/1221/1093
f 374/532/513 373/535/515 780/1259/1121
f 780/1259/1121 380/560/459 374/532/513
f 373/1249/515 372/1246/514 788/1237/1117
f 788/1237/1117 789/1240/1122 373/1249/515
f 787/1250/1123 394/570/555 487/720/687
f 487/720/687 790/1253/1050 787/1250/1123
f 794/761/723 795/1260/1126 829/1261/1127
f 829/1261/1127 825/1262/1128 794/761/723
f 180/767/727 165/213/174 401/212/173
f 401/212/173 27/52/39 180/767/727
f 806/754/716 801/804/755 538/806/757
f 538/806/757 792/755/717 806/754/716
f 792/755/719 538/806/847 519/923/841
f 519/923/841 510/757/720 792/755/719
f 795/1260/1126 794/761/723 649/980/896
f 165/213/174 180/767/727 516/766/726
f 516/766/726 793/921/839 165/213/174
f 793/921/839 516/766/726 510/757/720
f 510/757/720 519/923/841 793/921/839
f 30/54/41 404/737/702 498/736/701
f 498/736/701 799/728/695 30/54/41
f 799/728/695 498/736/701 502/742/707
f 502/742/707 492/730/697 799/728/695
f 797/1263/756 490/799/750 620/926/844
f 620/926/844 627/1264/845 797/1263/756
f 797/1263/756 798/800/751 490/799/750
f 805/1265/1129 802/1266/1130 803/1267/1131
f 803/1267/1131 804/1268/1132 805/1265/1129
f 404/737/702 30/54/41 406/3/3
f 406/3/3 10/15/13 404/737/702
f 801/1269/755 795/1260/1126 637/969/890
f 801/1269/755 796/777/734 522/776/733
f 798/800/751 797/1263/756 801/1269/755
f 801/1269/755 522/776/733 798/800/751
f 794/761/723 806/1270/716 509/1271/715
f 509/1271/715 800/762/724 794/761/723
f 800/762/724 509/1271/715 492/1272/697
f 492/1272/697 502/764/707 800/762/724
f 657/910/828 807/916/834 627/958/882
f 627/958/882 620/954/878 657/910/828
f 801/1269/755 637/969/890 796/777/734
f 812/1273/1133 809/1274/1134 810/1275/1135
f 810/1275/1135 811/1276/1136 812/1273/1133
f 816/1277/1137 813/1278/1138 814/1279/1139
f 814/1279/1139 815/1280/1140 816/1277/1137
f 820/1281/1141 817/1282/1142 818/1283/1143
f 818/1283/1143 819/1284/1144 820/1281/1141
f 824/1285/1145 821/1286/1146 822/1287/1147
f 822/1287/1147 823/1288/1148 824/1285/1145
f 539/802/753 798/800/751 522/776/733
f 826/1289/1149 827/1290/1150 801/1269/755
f 637/969/890 795/1260/1126 649/980/896
f 649/980/896 640/967/888 637/969/890
f 640/967/888 649/980/896 791/770/730
f 791/770/730 518/769/729 640/967/888
f 795/1260/1126 828/1291/1151 829/1261/1127
f 828/1291/1151 795/1260/1126 801/1269/755
f 801/1269/755 827/1290/1150 828/1291/1151
f 472/723/691 471/700/674 517/771/731
f 517/771/731 648/746/711 472/723/691
f 648/746/711 517/771/731 791/770/730
f 791/770/730 506/748/713 648/746/711
f 830/1292/1152 806/1270/716 794/761/723
f 794/761/723 831/1293/1153 830/1292/1152
f 806/1270/716 808/1294/1154 826/1289/1149
f 826/1289/1149 801/1269/755 806/1270/716
f 833/1295/1155 834/1296/1156 802/1266/1130
f 802/1266/1130 832/1297/1157 833/1295/1155
f 835/1298/1158 836/1299/1159 805/1265/1160
f 838/1300/1161 815/1280/1140 804/1268/1162
f 804/1268/1162 837/1301/1163 838/1300/1161
f 840/1302/1164 841/1303/1165 803/1267/1131
f 803/1267/1131 839/1304/1166 840/1302/1164
f 808/1294/1167 830/1292/1168 842/1305/1169
f 842/1305/1169 846/1306/1170 808/1294/1167
f 808/1294/1167 846/1306/1170 813/1278/1171
f 845/1307/1172 809/1274/1134 843/630/1173
f 843/630/1173 844/1308/1174 845/1307/1172
f 842/1305/1175 812/1309/1176 846/1306/1177
f 835/1310/1178 814/1311/1179 811/1276/1180
f 811/1276/1180 836/1312/1181 835/1310/1178
f 833/1313/1182 832/1314/1183 810/1275/1135
f 810/1275/1135 847/1315/1184 833/1313/1182
f 816/1316/1137 817/1282/1185 849/1317/1186
f 849/1317/1186 848/1318/1187 816/1316/1137
f 852/1319/1188 820/1281/1141 850/1320/1189
f 850/1320/1189 851/1321/1190 852/1319/1188
f 840/1322/1191 853/1323/1192 819/1284/1144
f 819/1284/1144 841/1324/1193 840/1322/1191
f 838/1325/1194 837/1326/1195 818/1283/1196
f 850/1327/1197 821/1286/1146 854/1328/1198
f 854/1328/1198 851/1329/1199 850/1327/1197
f 855/1330/1200 824/1285/1145 845/1331/1201
f 845/1331/1201 844/1332/1202 855/1330/1200
f 833/1333/1203 847/1334/1204 823/1288/1148
f 823/1288/1148 834/1335/1205 833/1333/1203
f 840/1336/1206 839/1337/1207 822/1287/1147
f 822/1287/1147 853/1338/1208 840/1336/1206
f 829/1261/1127 828/1291/1151 852/1339/1209
f 852/1339/1209 851/1340/1210 829/1261/1127
f 829/1261/1127 851/1340/1210 854/1341/1211
f 849/1342/1212 827/1290/1150 826/1289/1213
f 826/1289/1213 848/1343/1214 849/1342/1212
f 831/1293/1153 825/1262/1128 855/1344/1215
f 855/1344/1215 844/1345/1216 831/1293/1153
f 831/1293/1153 844/1345/1216 843/1346/1217
f 802/1266/1130 805/1265/1129 836/1299/1218
f 836/1299/1218 832/1297/1157 802/1266/1130
f 805/1265/1160 804/1268/1162 815/1280/1140
f 815/1280/1140 835/1298/1158 805/1265/1160
f 804/1268/1132 803/1267/1131 841/1303/1165
f 841/1303/1165 837/1301/1219 804/1268/1132
f 803/1267/1131 802/1266/1130 834/1296/1156
f 834/1296/1156 839/1304/1166 803/1267/1131
f 826/1289/1220 808/1294/1167 813/1278/1171
f 813/1278/1171 848/1343/1221 826/1289/1220
f 809/1274/1134 812/1273/1133 842/676/1222
f 842/676/1222 843/630/1173 809/1274/1134
f 812/1273/1176 811/1276/1180 814/1311/1179
f 814/1311/1179 846/1347/1177 812/1273/1176
f 811/1276/1136 810/1275/1135 832/1314/1183
f 832/1314/1183 836/1312/1223 811/1276/1136
f 810/1275/1135 809/1274/1134 845/1307/1172
f 845/1307/1172 847/1315/1184 810/1275/1135
f 813/1278/1138 816/1277/1137 848/1343/1224
f 816/1277/1137 815/1280/1140 838/1300/1194
f 815/1280/1140 814/1279/1139 835/1298/1158
f 814/1279/1139 813/1278/1138 846/1306/1225
f 817/1282/1142 820/1281/1141 852/1319/1188
f 852/1319/1188 849/1317/1226 817/1282/1142
f 820/1281/1141 819/1284/1144 853/1323/1192
f 853/1323/1192 850/1320/1189 820/1281/1141
f 819/1284/1144 818/1283/1143 837/1326/1227
f 837/1326/1227 841/1324/1193 819/1284/1144
f 818/1283/1196 817/1282/1185 816/1316/1137
f 816/1316/1137 838/1325/1194 818/1283/1196
f 821/1286/1146 824/1285/1145 855/1330/1200
f 855/1330/1200 854/1328/1198 821/1286/1146
f 824/1285/1145 823/1288/1148 847/1334/1204
f 847/1334/1204 845/1331/1201 824/1285/1145
f 823/1288/1148 822/1287/1147 839/1337/1207
f 839/1337/1207 834/1335/1205 823/1288/1148
f 822/1287/1147 821/1286/1146 850/1327/1197
f 850/1327/1197 853/1338/1208 822/1287/1147
f 825/1348/1128 829/1349/1127 854/1350/1211
f 854/1341/1211 855/1344/1215 825/1262/1128
f 828/1291/1151 827/1290/1150 849/1342/1212
f 849/1342/1212 852/1339/1209 828/1291/1151
f 830/1292/1168 831/1293/1153 843/1346/1217
f 843/1346/1217 842/1305/1169 830/1292/1168
f 806/1270/716 830/1292/1152 808/1294/1154
f 831/1293/1153 794/761/723 825/1262/1128
f 532/790/743 52/1351/67 51/1352/66
f 51/1352/66 529/791/744 532/790/743
f 404/737/702 10/15/13 12/14/12
f 12/14/12 496/738/703 404/737/702
f 496/738/703 12/14/12 14/18/16
f 14/18/16 499/740/705 496/738/703
f 180/767/727 27/52/39 29/51/38
f 29/51/38 514/768/728 180/767/727
f 514/768/728 29/51/38 7/10/9
f 7/10/9 32/57/44 514/768/728
f 589/105/86 67/104/85 196/172/141
f 196/172/141 587/880/662 589/105/86
f 466/1353/766 69/112/93 73/115/95
f 73/115/95 578/869/767 466/1353/766
f 662/705/676 194/127/106 82/130/109
f 82/130/109 467/695/666 662/705/676
f 462/981/660 56/1354/70 52/1351/67
f 52/1351/67 532/790/743 462/981/660
f 695/1029/930 247/339/296 293/338/295
f 293/338/295 699/1030/158 695/1029/930
f 696/1031/931 248/341/298 296/340/297
f 296/340/297 694/1032/932 696/1031/931
f 571/822/770 358/118/97 203/527/1228
f 203/527/1228 366/721/689 571/822/770
f 702/1036/936 254/347/304 258/349/306
f 258/349/306 706/1040/940 702/1036/936
f 344/1043/1082 267/360/483 270/363/482
f 270/363/482 481/715/1082 344/1043/1082
f 345/505/484 273/367/323 276/369/325
f 276/369/325 715/1051/948 345/505/484
f 757/1148/1046 333/463/434 335/468/439
f 335/468/439 486/718/687 757/1148/1046
f 706/1040/940 258/349/306 260/351/308
f 260/351/308 347/1038/938 706/1040/940
f 715/1051/948 276/369/325 278/371/327
f 278/371/327 716/1049/946 715/1051/948
f 659/993/902 279/373/330 282/348/329
f 282/348/329 718/1054/951 659/993/902
f 474/708/679 304/402/358 255/401/357
f 255/401/357 705/1077/975 474/708/679
f 221/310/273 220/309/272 313/417/377
f 313/417/377 349/1355/993 221/310/273
f 476/710/680 317/429/386 264/428/385
f 264/428/385 710/1104/999 476/710/680
f 478/504/480 323/446/410 268/445/315
f 274/513/495 714/1356/1229 755/713/683
f 692/1027/928 341/483/453 342/482/452
f 342/482/452 764/1357/1063 692/1027/928
f 244/688/661 251/336/335 288/380/337
f 288/380/337 723/1058/955 244/688/661
f 699/1358/961 293/385/295 322/387/344
f 322/387/344 729/711/962 699/1358/961
f 694/1359/963 296/1360/297 329/1361/347
f 329/391/347 731/1066/964 694/1032/963
f 245/983/299 252/342/299 291/383/341
f 291/383/341 726/1061/958 245/983/299
f 250/526/505 253/344/301 300/394/350
f 300/394/350 734/1069/967 250/526/505
f 352/521/501 351/520/500 380/378/520
f 380/378/520 780/1056/1100 352/521/501
f 372/534/514 371/533/272 386/559/542
f 386/559/542 393/1362/1118 372/534/514
f 487/720/687 392/567/439 375/566/551
f 375/566/551 779/1254/688 487/720/687
f 124/195/162 127/194/161 605/902/825
f 605/902/825 604/901/824 124/195/162
f 144/1363/177 621/919/837 529/791/744
f 529/791/744 51/1352/66 144/1363/177
f 124/195/162 604/901/824 621/944/864
f 621/944/864 144/243/204 124/195/162
f 127/194/161 201/246/207 630/947/867
f 127/194/161 630/947/867 605/902/825
f 871/1364/1230 872/1365/1231 873/1366/1232
f 873/1366/1232 870/1367/1233 871/1364/1230
f 875/1368/1234 871/1364/1230 870/1367/1233
f 870/1367/1233 874/1369/1235 875/1368/1234
f 876/1370/1236 877/1371/1237 878/1372/1238
f 878/1372/1238 879/1373/1239 876/1370/1236
f 880/1374/1240 876/1375/1236 879/1376/1239
f 879/1376/1239 881/1377/1241 880/1374/1240
f 882/1378/1242 878/1372/1238 877/1371/1237
f 877/1371/1237 883/1379/1243 882/1378/1242
f 884/1380/1244 885/1381/1245 886/1382/1246
f 886/1382/1246 887/1383/1247 884/1380/1244
f 881/1377/1241 884/1380/1244 887/1383/1247
f 887/1383/1247 880/1374/1240 881/1377/1241
f 889/1384/1248 882/1378/1242 883/1379/1243
f 883/1379/1243 888/1385/1249 889/1384/1248
f 874/1369/1235 889/1384/1250 888/1385/1251
f 888/1385/1251 875/1368/1234 874/1369/1235
f 891/1386/1252 892/1387/1253 893/1388/1254
f 893/1388/1254 890/1389/1255 891/1386/1252
f 894/1390/1256 895/1391/1257 896/1392/1258
f 896/1392/1258 897/1393/1259 894/1390/1256
f 890/1389/1255 893/1388/1254 899/1394/1260
f 899/1394/1260 898/1395/1261 890/1389/1255
f 895/1391/1257 900/1396/1262 901/1397/1263
f 901/1397/1263 896/1392/1258 895/1391/1257
f 903/1398/1264 904/1399/1265 905/1400/1266
f 905/1400/1266 902/1401/1267 903/1398/1264
f 906/1402/1268 907/1403/1269 908/1404/1270
f 908/1404/1270 909/1405/1271 906/1402/1268
f 902/1401/1267 905/1400/1266 911/1406/1272
f 911/1406/1272 910/1407/1273 902/1401/1267
f 907/1403/1269 912/1408/1274 913/1409/1275
f 913/1409/1275 908/1404/1270 907/1403/1269
f 915/1410/1276 916/1411/1277 917/1412/1278
f 917/1412/1278 914/1413/1279 915/1410/1276
f 906/1402/1268 909/1405/1271 919/1414/1280
f 919/1414/1280 918/1415/1281 906/1402/1268
f 920/1416/1282 921/1417/1283 904/1399/1265
f 904/1399/1265 903/1398/1264 920/1416/1282
f 914/1413/1279 917/1412/1278 923/1418/1284
f 923/1418/1284 922/1419/1285 914/1413/1279
f 924/1420/1286 925/1421/1287 926/1422/1288
f 926/1422/1288 927/1423/1289 924/1420/1286
f 922/1419/1285 923/1418/1284 913/1409/1275
f 913/1409/1275 912/1408/1274 922/1419/1285
f 925/1421/1287 910/1407/1273 911/1406/1272
f 911/1406/1272 926/1422/1288 925/1421/1287
f 918/1415/1281 919/1414/1280 929/1424/1290
f 929/1424/1290 928/1425/1291 918/1415/1281
f 920/1416/1282 930/1426/1292 931/1427/1293
f 931/1427/1293 921/1417/1283 920/1416/1282
f 928/1425/1291 929/1424/1290 901/1397/1263
f 901/1397/1263 900/1396/1262 928/1425/1291
f 930/1426/1292 898/1395/1261 899/1394/1260
f 899/1394/1260 931/1427/1293 930/1426/1292
f 857/1428/1294 932/1429/1295 933/1430/1296
f 933/1430/1296 856/1431/1297 857/1428/1294
f 980/1432/1298 935/1433/1299 936/1434/1300
f 936/1434/1300 934/1435/1301 980/1432/1298
f 856/1431/1297 933/1430/1296 937/1436/1302
f 937/1436/1302 858/1437/1303 856/1431/1297
f 869/1438/1304 938/1439/1305 935/1433/1299
f 935/1433/1299 980/1432/1298 869/1438/1304
f 862/1440/1306 940/1441/1307 941/1442/1308
f 941/1442/1308 939/1443/1309 862/1440/1306
f 860/1444/1310 942/1445/1311 943/1446/1312
f 943/1447/1312 859/1448/1313 860/1449/1310
f 939/1443/1309 941/1442/1308 944/1450/1314
f 944/1450/1314 866/1451/1315 939/1443/1309
f 861/1452/1316 945/1453/1317 942/1445/1311
f 942/1445/1311 860/1444/1310 861/1452/1316
f 984/1454/1318 946/1455/1319 947/1456/1320
f 947/1456/1320 982/1457/1321 984/1454/1318
f 859/1448/1313 943/1447/1312 948/1458/1322
f 948/1458/1322 868/1459/1323 859/1448/1313
f 863/1460/1324 949/1461/1325 940/1441/1307
f 940/1441/1307 862/1440/1306 863/1460/1324
f 982/1462/1321 947/1463/1320 951/1464/1326
f 951/1464/1326 950/1465/1327 982/1462/1321
f 864/1466/1328 865/1467/1329 952/1468/1330
f 952/1468/1330 953/1469/1331 864/1466/1328
f 950/1465/1327 951/1464/1326 945/1453/1317
f 945/1453/1317 861/1452/1316 950/1465/1327
f 866/1451/1315 944/1450/1314 952/1468/1330
f 952/1468/1330 865/1467/1329 866/1451/1315
f 868/1459/1323 948/1458/1322 954/1470/1332
f 954/1470/1332 867/1471/1333 868/1459/1323
f 983/1472/1334 955/1473/1335 949/1474/1325
f 949/1474/1325 863/1475/1324 983/1472/1334
f 867/1471/1336 954/1470/1337 938/1476/1305
f 938/1476/1305 869/1477/1304 867/1471/1336
f 858/1478/1303 937/1479/1302 955/1473/1338
f 955/1473/1338 983/1472/1339 858/1478/1303
f 871/1364/1230 956/1480/1340 957/1481/1341
f 957/1481/1341 872/1365/1231 871/1364/1230
f 870/1367/1233 873/1366/1232 958/1482/1342
f 958/1482/1342 959/1483/1343 870/1367/1233
f 875/1368/1234 960/1484/1344 956/1480/1340
f 956/1480/1340 871/1364/1230 875/1368/1234
f 870/1367/1233 959/1483/1343 961/1485/1345
f 961/1485/1345 874/1369/1235 870/1367/1233
f 877/1371/1237 876/1370/1236 962/1486/1346
f 962/1486/1346 963/1487/1347 877/1371/1237
f 879/1373/1239 878/1372/1238 964/1488/1348
f 964/1488/1348 965/1489/1349 879/1373/1239
f 876/1375/1236 880/1374/1240 966/1490/1350
f 966/1490/1350 962/1491/1346 876/1375/1236
f 881/1377/1241 879/1376/1239 965/1492/1349
f 965/1492/1349 967/1493/1351 881/1377/1241
f 882/1378/1242 968/1494/1352 964/1488/1348
f 964/1488/1348 878/1372/1238 882/1378/1242
f 877/1371/1237 963/1487/1347 969/1495/1353
f 969/1495/1353 883/1379/1243 877/1371/1237
f 884/1380/1244 970/1496/1354 971/1497/1355
f 971/1497/1355 885/1381/1245 884/1380/1244
f 887/1383/1247 886/1382/1246 972/1498/1356
f 972/1498/1356 973/1499/1357 887/1383/1247
f 884/1380/1244 881/1377/1241 967/1493/1351
f 967/1493/1351 970/1496/1354 884/1380/1244
f 880/1374/1240 887/1383/1247 973/1499/1357
f 973/1499/1357 966/1490/1350 880/1374/1240
f 889/1384/1248 974/1500/1358 968/1494/1352
f 968/1494/1352 882/1378/1242 889/1384/1248
f 883/1379/1243 969/1495/1353 975/1501/1359
f 975/1501/1359 888/1385/1249 883/1379/1243
f 874/1369/1235 961/1485/1345 974/1500/1360
f 974/1500/1360 889/1384/1250 874/1369/1235
f 888/1385/1251 975/1501/1361 960/1484/1344
f 960/1484/1344 875/1368/1234 888/1385/1251
f 890/1389/1362 933/1502/1363 932/1503/1364
f 932/1503/1364 891/1386/1364 890/1389/1362
f 892/1387/1253 957/1504/1365 956/1505/1366
f 956/1505/1366 893/1388/1254 892/1387/1253
f 895/1391/1367 894/1390/1368 936/1506/1368
f 936/1506/1368 935/1507/1369 895/1391/1367
f 897/1393/1259 896/1392/1258 959/1508/1370
f 959/1508/1370 958/1509/1371 897/1393/1259
f 898/1395/1261 937/1510/1372 933/1502/1363
f 933/1502/1363 890/1389/1362 898/1395/1261
f 893/1388/1254 956/1505/1366 960/1511/1373
f 960/1511/1373 899/1394/1260 893/1388/1254
f 895/1391/1367 935/1507/1369 938/1512/1374
f 938/1512/1374 900/1396/1262 895/1391/1367
f 896/1392/1258 901/1397/1263 961/1513/1375
f 961/1513/1375 959/1508/1370 896/1392/1258
f 902/1401/1267 941/1514/1376 940/1515/1377
f 940/1515/1377 903/1398/1264 902/1401/1267
f 904/1399/1265 963/1516/1378 962/1517/1379
f 962/1517/1379 905/1400/1266 904/1399/1265
f 907/1403/1269 906/1402/1268 943/1518/1380
f 943/1518/1380 942/1519/1381 907/1403/1269
f 909/1405/1271 908/1404/1270 965/1520/1382
f 965/1520/1382 964/1521/1383 909/1405/1271
f 910/1407/1273 944/1522/1384 941/1514/1376
f 941/1514/1376 902/1401/1267 910/1407/1273
f 911/1406/1272 905/1400/1266 962/1517/1379
f 962/1517/1379 966/1523/1385 911/1406/1272
f 907/1403/1269 942/1519/1381 945/1524/1386
f 945/1524/1386 912/1408/1274 907/1403/1269
f 908/1404/1270 913/1409/1275 967/1525/1387
f 967/1525/1387 965/1520/1382 908/1404/1270
f 976/1526/1388 977/1527/1389 953/1528/1390
f 953/1528/1390 924/1420/1286 976/1526/1388
f 978/1529/1391 979/1530/1392 936/1506/1368
f 936/1506/1368 894/1390/1368 978/1529/1391
f 918/1415/1281 948/1531/1393 943/1518/1380
f 943/1518/1380 906/1402/1268 918/1415/1281
f 909/1405/1271 964/1521/1383 968/1532/1394
f 968/1532/1394 919/1414/1280 909/1405/1271
f 903/1398/1264 940/1515/1377 949/1533/1395
f 949/1533/1395 920/1416/1282 903/1398/1264
f 921/1417/1283 969/1534/1396 963/1516/1378
f 963/1516/1378 904/1399/1265 921/1417/1283
f 922/1419/1285 951/1535/1397 947/1536/1398
f 947/1536/1398 914/1413/1279 922/1419/1285
f 917/1412/1278 971/1537/1399 970/1538/1400
f 970/1538/1400 923/1418/1284 917/1412/1278
f 925/1421/1287 924/1420/1286 953/1528/1390
f 953/1528/1390 952/1539/1401 925/1421/1287
f 927/1423/1289 926/1422/1288 973/1540/1402
f 973/1540/1402 972/1541/1403 927/1423/1289
f 912/1408/1274 945/1524/1386 951/1535/1397
f 951/1535/1397 922/1419/1285 912/1408/1274
f 923/1418/1284 970/1538/1400 967/1525/1387
f 967/1525/1387 913/1409/1275 923/1418/1284
f 925/1421/1287 952/1539/1401 944/1522/1384
f 944/1522/1384 910/1407/1273 925/1421/1287
f 926/1422/1288 911/1406/1272 966/1523/1385
f 966/1523/1385 973/1540/1402 926/1422/1288
f 928/1425/1291 954/1542/1404 948/1531/1393
f 948/1531/1393 918/1415/1281 928/1425/1291
f 919/1414/1280 968/1532/1394 974/1543/1405
f 974/1543/1405 929/1424/1290 919/1414/1280
f 930/1426/1292 920/1416/1282 949/1533/1395
f 949/1533/1395 955/1544/1406 930/1426/1292
f 921/1417/1283 931/1427/1293 975/1545/1407
f 975/1545/1407 969/1534/1396 921/1417/1283
f 900/1396/1262 938/1512/1374 954/1542/1404
f 954/1542/1404 928/1425/1291 900/1396/1262
f 929/1424/1290 974/1543/1405 961/1513/1375
f 961/1513/1375 901/1397/1263 929/1424/1290
f 930/1426/1292 955/1544/1406 937/1510/1372
f 937/1510/1372 898/1395/1261 930/1426/1292
f 899/1394/1260 960/1511/1373 975/1545/1407
f 975/1545/1407 931/1427/1293 899/1394/1260
f 980/1432/1298 934/1435/1301 857/1428/1294
f 857/1428/1294 856/1431/1297 980/1432/1298
f 869/1438/1304 980/1432/1298 856/1431/1297
f 856/1431/1297 858/1437/1303 869/1438/1304
f 862/1546/1306 859/1448/1313 868/1459/1323
f 868/1459/1323 863/1475/1324 862/1546/1306
f 864/1466/1328 982/1462/1321 950/1465/1327
f 950/1465/1327 865/1467/1329 864/1466/1328
f 865/1467/1329 950/1465/1327 861/1452/1316
f 861/1452/1316 866/1451/1315 865/1467/1329
f 859/1547/1313 862/1440/1306 939/1443/1309
f 939/1443/1309 860/1444/1310 859/1547/1313
f 860/1444/1310 939/1443/1309 866/1451/1315
f 866/1451/1315 861/1452/1316 860/1444/1310
f 983/1472/1334 863/1475/1324 868/1459/1323
f 868/1459/1323 867/1471/1333 983/1472/1334
f 858/1478/1303 983/1472/1339 867/1471/1336
f 867/1471/1336 869/1477/1304 858/1478/1303
f 927/1423/1289 985/1548/1408 976/1526/1388
f 976/1526/1388 924/1420/1286 927/1423/1289
f 897/1393/1259 986/1549/1409 978/1529/1410
f 978/1529/1410 894/1390/1256 897/1393/1259
f 953/1550/1331 977/1551/1411 981/1552/1412
f 981/1552/1412 864/1553/1328 953/1550/1331
f 936/1434/1300 979/1554/1413 987/1555/1414
f 987/1555/1414 934/1435/1301 936/1434/1300
f 971/1497/1355 988/1556/1415 989/1557/1416
f 989/1557/1416 885/1381/1245 971/1497/1355
f 958/1509/1371 990/1558/1417 986/1549/1409
f 986/1549/1409 897/1393/1259 958/1509/1371
f 1005/1559/1418 1006/1560/1419 1007/1561/1420
f 1007/1561/1420 1004/1562/1421 1005/1559/1418
f 1004/1562/1421 1007/1561/1420 1009/1563/1422
f 1009/1563/1422 1008/1564/1423 1004/1562/1421
f 1010/1565/1424 1011/1566/1425 1012/1567/1426
f 1012/1567/1426 1013/1568/1427 1010/1565/1424
f 1014/1569/1428 1015/1570/1429 1011/1566/1425
f 1011/1566/1425 1010/1565/1424 1014/1569/1428
f 886/1382/1246 885/1381/1245 989/1557/1416
f 989/1557/1416 1016/1571/1430 886/1382/1246
f 1017/1572/1431 1018/1573/1432 1013/1568/1427
f 1013/1568/1427 1012/1567/1426 1017/1572/1431
f 1019/1574/1433 1020/1575/1434 1016/1571/1430
f 1016/1571/1430 989/1557/1416 1019/1574/1433
f 1015/1576/1429 1014/1577/1428 1020/1575/1434
f 1020/1575/1434 1019/1574/1433 1015/1576/1429
f 1018/1578/1432 1017/1579/1431 1022/1580/1435
f 1022/1580/1435 1021/1581/1436 1018/1578/1432
f 1021/1581/1437 1022/1580/1438 1008/1564/1423
f 1008/1564/1423 1009/1563/1422 1021/1581/1437
f 1024/1582/1439 1025/1583/1440 1026/1584/1441
f 1026/1584/1441 1023/1585/1442 1024/1582/1439
f 978/1529/1410 986/1549/1409 1027/1586/1443
f 1027/1586/1443 1028/1587/1444 978/1529/1410
f 1030/1588/1445 1024/1582/1439 1023/1585/1442
f 1023/1585/1442 1029/1589/1446 1030/1588/1445
f 1028/1587/1444 1027/1586/1443 1031/1590/1447
f 1031/1590/1447 1032/1591/1448 1028/1587/1444
f 1034/1592/1449 1035/1593/1450 1036/1594/1451
f 1036/1594/1451 1033/1595/1452 1034/1592/1449
f 1037/1596/1453 1038/1597/1454 1039/1598/1455
f 1039/1598/1455 1040/1599/1456 1037/1596/1453
f 1042/1600/1457 1034/1592/1449 1033/1595/1452
f 1033/1595/1452 1041/1601/1458 1042/1600/1457
f 1040/1599/1456 1039/1598/1455 1043/1602/1459
f 1043/1602/1459 1044/1603/1460 1040/1599/1456
f 1025/1583/1440 892/1387/1253 891/1386/1252
f 891/1386/1252 1026/1584/1441 1025/1583/1440
f 1046/1604/1461 1038/1597/1454 1037/1596/1453
f 1037/1596/1453 1045/1605/1462 1046/1604/1461
f 1035/1593/1450 1047/1606/1463 1048/1607/1464
f 1048/1607/1464 1036/1594/1451 1035/1593/1450
f 1050/1608/1465 916/1411/1277 915/1410/1276
f 915/1410/1276 1049/1609/1466 1050/1608/1465
f 976/1526/1388 985/1548/1408 1051/1610/1467
f 1051/1610/1467 1052/1611/1468 976/1526/1388
f 1043/1602/1459 1050/1608/1465 1049/1609/1466
f 1049/1609/1466 1044/1603/1460 1043/1602/1459
f 1052/1611/1468 1051/1610/1467 1042/1600/1457
f 1042/1600/1457 1041/1601/1458 1052/1611/1468
f 1054/1612/1469 1046/1604/1461 1045/1605/1462
f 1045/1605/1462 1053/1613/1470 1054/1612/1469
f 1048/1607/1464 1047/1606/1463 1055/1614/1471
f 1055/1614/1471 1056/1615/1472 1048/1607/1464
f 1031/1590/1447 1054/1612/1469 1053/1613/1470
f 1053/1613/1470 1032/1591/1448 1031/1590/1447
f 1056/1615/1472 1055/1614/1471 1030/1588/1445
f 1030/1588/1445 1029/1589/1446 1056/1615/1472
f 1057/1616/1473 1058/1617/1474 991/1618/1475
f 991/1618/1475 992/1619/1476 1057/1616/1473
f 979/1554/1413 1059/1620/1477 1060/1621/1478
f 1060/1621/1478 987/1555/1414 979/1554/1413
f 1061/1622/1479 1057/1616/1473 992/1619/1476
f 992/1619/1476 993/1623/1480 1061/1622/1479
f 1059/1620/1477 1062/1624/1481 1003/1625/1482
f 1003/1625/1482 1060/1621/1478 1059/1620/1477
f 1063/1626/1483 1064/1627/1484 998/1628/1485
f 998/1628/1485 1094/1629/1486 1063/1626/1483
f 1065/1630/1487 1066/1631/1488 994/1632/1489
f 994/1632/1489 995/1633/1490 1065/1630/1487
f 1067/1634/1491 1063/1626/1483 1094/1629/1486
f 1094/1629/1486 1000/1635/1492 1067/1634/1491
f 1066/1631/1488 1068/1636/1493 996/1637/1494
f 996/1637/1494 994/1632/1489 1066/1631/1488
f 1058/1617/1474 932/1429/1295 857/1428/1294
f 857/1428/1294 991/1618/1475 1058/1617/1474
f 1069/1638/1495 1065/1630/1487 995/1633/1490
f 995/1633/1490 1001/1639/1496 1069/1638/1495
f 1064/1627/1484 1070/1640/1497 997/1641/1498
f 997/1641/1498 998/1628/1485 1064/1627/1484
f 1071/1642/1499 946/1455/1319 984/1454/1318
f 984/1454/1318 1095/1643/1500 1071/1642/1499
f 981/1552/1412 977/1551/1411 1072/1644/1501
f 1072/1644/1501 999/1645/1502 981/1552/1412
f 1068/1636/1493 1071/1642/1499 1095/1643/1500
f 1095/1643/1500 996/1637/1494 1068/1636/1493
f 1072/1644/1501 1067/1634/1491 1000/1635/1492
f 1000/1635/1492 999/1645/1502 1072/1644/1501
f 1073/1646/1503 1069/1638/1495 1001/1639/1496
f 1001/1639/1496 1002/1647/1504 1073/1646/1503
f 1070/1640/1497 1074/1648/1505 1075/1649/1506
f 1075/1649/1506 997/1641/1498 1070/1640/1497
f 1062/1624/1481 1073/1650/1507 1002/1651/1508
f 1002/1651/1508 1003/1625/1482 1062/1624/1481
f 1074/1652/1509 1061/1622/1479 993/1623/1480
f 993/1623/1480 1075/1653/1510 1074/1652/1509
f 1076/1654/1511 1077/1655/1512 1007/1561/1420
f 1007/1561/1420 1006/1560/1419 1076/1654/1511
f 1004/1562/1421 1078/1656/1513 990/1657/1514
f 990/1657/1514 1005/1559/1418 1004/1562/1421
f 1077/1655/1512 1079/1658/1515 1009/1563/1422
f 1009/1563/1422 1007/1561/1420 1077/1655/1512
f 1080/1659/1516 1078/1656/1513 1004/1562/1421
f 1004/1562/1421 1008/1564/1423 1080/1659/1516
f 1013/1568/1427 1081/1660/1517 1082/1661/1518
f 1082/1661/1518 1010/1565/1424 1013/1568/1427
f 1011/1566/1425 1083/1662/1519 1084/1663/1520
f 1084/1663/1520 1012/1567/1426 1011/1566/1425
f 1010/1565/1424 1082/1661/1518 1085/1664/1521
f 1085/1664/1521 1014/1569/1428 1010/1565/1424
f 1015/1570/1429 1086/1665/1522 1083/1662/1519
f 1083/1662/1519 1011/1566/1425 1015/1570/1429
f 1087/1666/1523 972/1498/1356 886/1382/1246
f 886/1382/1246 1016/1571/1430 1087/1666/1523
f 990/1667/1514 958/1482/1342 873/1366/1232
f 873/1366/1232 1005/1668/1418 990/1667/1514
f 1084/1663/1520 1088/1669/1524 1017/1572/1431
f 1017/1572/1431 1012/1567/1426 1084/1663/1520
f 1089/1670/1525 1081/1671/1517 1013/1672/1427
f 1013/1672/1427 1018/1578/1432 1089/1670/1525
f 988/1556/1415 1090/1673/1526 1019/1574/1433
f 1019/1574/1433 989/1557/1416 988/1556/1415
f 1020/1575/1434 1091/1674/1527 1087/1666/1523
f 1087/1666/1523 1016/1571/1430 1020/1575/1434
f 1019/1675/1433 1090/1676/1526 1086/1665/1522
f 1086/1665/1522 1015/1570/1429 1019/1675/1433
f 1014/1577/1428 1085/1677/1521 1091/1674/1527
f 1091/1674/1527 1020/1575/1434 1014/1577/1428
f 1088/1678/1524 1092/1679/1528 1022/1580/1435
f 1022/1580/1435 1017/1579/1431 1088/1678/1524
f 1093/1680/1529 1089/1670/1525 1018/1578/1432
f 1018/1578/1432 1021/1581/1436 1093/1680/1529
f 1092/1679/1530 1080/1659/1516 1008/1564/1423
f 1008/1564/1423 1022/1580/1438 1092/1679/1530
f 1079/1658/1515 1093/1680/1531 1021/1581/1437
f 1021/1581/1437 1009/1563/1422 1079/1658/1515
f 1058/1681/1532 1057/1682/1533 1023/1585/1534
f 1023/1585/1534 1026/1584/1535 1058/1681/1532
f 1077/1683/1536 1076/1684/1537 1025/1583/1440
f 1025/1583/1440 1024/1582/1439 1077/1683/1536
f 1028/1587/1538 1059/1685/1539 979/1530/1392
f 979/1530/1392 978/1529/1391 1028/1587/1538
f 986/1549/1409 990/1558/1417 1078/1686/1540
f 1078/1686/1540 1027/1586/1443 986/1549/1409
f 1057/1682/1533 1061/1687/1541 1029/1589/1446
f 1029/1589/1446 1023/1585/1534 1057/1682/1533
f 1079/1688/1542 1077/1683/1536 1024/1582/1439
f 1024/1582/1439 1030/1588/1445 1079/1688/1542
f 1062/1689/1543 1059/1685/1539 1028/1587/1538
f 1028/1587/1538 1032/1591/1448 1062/1689/1543
f 1027/1586/1443 1078/1686/1540 1080/1690/1544
f 1080/1690/1544 1031/1590/1447 1027/1586/1443
f 1064/1691/1545 1063/1692/1546 1033/1595/1452
f 1033/1595/1452 1036/1594/1451 1064/1691/1545
f 1082/1693/1547 1081/1694/1548 1035/1593/1450
f 1035/1593/1450 1034/1592/1449 1082/1693/1547
f 1040/1599/1456 1066/1695/1549 1065/1696/1550
f 1065/1696/1550 1037/1596/1453 1040/1599/1456
f 1038/1597/1454 1084/1697/1551 1083/1698/1552
f 1083/1698/1552 1039/1598/1455 1038/1597/1454
f 1063/1692/1546 1067/1699/1553 1041/1601/1458
f 1041/1601/1458 1033/1595/1452 1063/1692/1546
f 1042/1600/1457 1085/1700/1554 1082/1693/1547
f 1082/1693/1547 1034/1592/1449 1042/1600/1457
f 1068/1701/1555 1066/1695/1549 1040/1599/1456
f 1040/1599/1456 1044/1603/1460 1068/1701/1555
f 1039/1598/1455 1083/1698/1552 1086/1702/1556
f 1086/1702/1556 1043/1602/1459 1039/1598/1455
f 988/1703/1557 971/1537/1399 917/1412/1278
f 917/1412/1278 916/1411/1277 988/1703/1557
f 1076/1684/1537 957/1504/1365 892/1387/1253
f 892/1387/1253 1025/1583/1440 1076/1684/1537
f 1065/1696/1550 1069/1704/1558 1045/1605/1462
f 1045/1605/1462 1037/1596/1453 1065/1696/1550
f 1088/1705/1559 1084/1697/1551 1038/1597/1454
f 1038/1597/1454 1046/1604/1461 1088/1705/1559
f 1070/1706/1560 1064/1691/1545 1036/1594/1451
f 1036/1594/1451 1048/1607/1464 1070/1706/1560
f 1081/1694/1548 1089/1707/1561 1047/1606/1463
f 1047/1606/1463 1035/1593/1450 1081/1694/1548
f 946/1708/1562 1071/1709/1563 1049/1609/1466
f 1049/1609/1466 915/1410/1276 946/1708/1562
f 1090/1710/1564 988/1703/1557 916/1411/1277
f 916/1411/1277 1050/1608/1465 1090/1710/1564
f 1052/1611/1468 1072/1711/1565 977/1527/1389
f 977/1527/1389 976/1526/1388 1052/1611/1468
f 985/1548/1408 1087/1712/1566 1091/1713/1567
f 1091/1713/1567 1051/1610/1467 985/1548/1408
f 1071/1709/1563 1068/1701/1555 1044/1603/1460
f 1044/1603/1460 1049/1609/1466 1071/1709/1563
f 1086/1702/1556 1090/1710/1564 1050/1608/1465
f 1050/1608/1465 1043/1602/1459 1086/1702/1556
f 1067/1699/1553 1072/1711/1565 1052/1611/1468
f 1052/1611/1468 1041/1601/1458 1067/1699/1553
f 1051/1610/1467 1091/1713/1567 1085/1700/1554
f 1085/1700/1554 1042/1600/1457 1051/1610/1467
f 1069/1704/1558 1073/1714/1568 1053/1613/1470
f 1053/1613/1470 1045/1605/1462 1069/1704/1558
f 1092/1715/1569 1088/1705/1559 1046/1604/1461
f 1046/1604/1461 1054/1612/1469 1092/1715/1569
f 1056/1615/1472 1074/1716/1570 1070/1706/1560
f 1070/1706/1560 1048/1607/1464 1056/1615/1472
f 1047/1606/1463 1089/1707/1561 1093/1717/1571
f 1093/1717/1571 1055/1614/1471 1047/1606/1463
f 1073/1714/1568 1062/1689/1543 1032/1591/1448
f 1032/1591/1448 1053/1613/1470 1073/1714/1568
f 1080/1690/1544 1092/1715/1569 1054/1612/1469
f 1054/1612/1469 1031/1590/1447 1080/1690/1544
f 1061/1687/1541 1074/1716/1570 1056/1615/1472
f 1056/1615/1472 1029/1589/1446 1061/1687/1541
f 1093/1717/1571 1079/1688/1542 1030/1588/1445
f 1030/1588/1445 1055/1614/1471 1093/1717/1571
f 991/1618/1475 987/1555/1414 1060/1621/1478
f 1060/1621/1478 992/1619/1476 991/1618/1475
f 992/1619/1476 1060/1621/1478 1003/1625/1482
f 1003/1625/1482 993/1623/1480 992/1619/1476
f 998/1628/1485 997/1641/1498 1001/1639/1496
f 1001/1639/1496 995/1633/1490 998/1628/1485
f 981/1552/1412 999/1645/1502 1095/1643/1500
f 1095/1643/1500 984/1454/1318 981/1552/1412
f 999/1645/1502 1000/1635/1492 996/1637/1494
f 996/1637/1494 1095/1643/1500 999/1645/1502
f 995/1633/1490 994/1632/1489 1094/1629/1486
f 1094/1629/1486 998/1628/1485 995/1633/1490
f 994/1632/1489 996/1637/1494 1000/1635/1492
f 1000/1635/1492 1094/1629/1486 994/1632/1489
f 982/1457/1321 864/1553/1328 981/1552/1412
f 981/1552/1412 984/1454/1318 982/1457/1321
f 1001/1639/1496 997/1641/1498 1075/1649/1506
f 1075/1649/1506 1002/1647/1504 1001/1639/1496
f 1002/1651/1508 1075/1653/1510 993/1623/1480
f 993/1623/1480 1003/1625/1482 1002/1651/1508
f 872/1365/1231 1006/1718/1419 1005/1668/1418
f 1005/1668/1418 873/1366/1232 872/1365/1231
f 957/1481/1341 1076/1719/1511 1006/1718/1419
f 1006/1718/1419 872/1365/1231 957/1481/1341
f 947/1536/1398 946/1708/1562 915/1410/1276
f 915/1410/1276 914/1413/1279 947/1536/1398
f 972/1541/1403 1087/1712/1566 985/1548/1408
f 985/1548/1408 927/1423/1289 972/1541/1403
f 932/1503/1364 1058/1681/1532 1026/1584/1535
f 1026/1584/1535 891/1386/1364 932/1503/1364
f 934/1435/1301 987/1555/1414 991/1618/1475
f 991/1618/1475 857/1428/1294 934/1435/1301
