# Blender 4.0.0
# www.blender.org
o Refrigerator033_Drawer002
v 0.325942 0.279549 -0.623040
v 0.317148 0.280236 -0.623043
v 0.333303 0.277134 -0.623041
v 0.338952 -0.241488 -0.647298
v 0.337629 -0.249882 -0.646739
v 0.337623 -0.250039 -0.647322
v 0.333137 -0.256739 -0.646729
v 0.333127 -0.256871 -0.647311
v 0.339014 -0.240350 -0.623067
v 0.338975 0.268297 -0.623040
v 0.317185 -0.262779 -0.623199
v 0.326099 -0.261436 -0.623162
v 0.333417 -0.256894 -0.623086
v 0.337719 0.273109 -0.647273
v 0.338972 0.268308 -0.647277
v 0.333303 0.277134 -0.647273
v 0.319023 0.272395 -0.646861
v 0.319023 0.272395 -0.623452
v 0.311881 0.272946 -0.623452
v 0.311881 0.272946 -0.646861
v 0.324125 0.270745 -0.646861
v 0.324125 0.270745 -0.623452
v 0.327263 -0.240128 -0.623413
v 0.328237 -0.232736 -0.623434
v 0.328190 -0.233815 -0.646879
v 0.327143 -0.240395 -0.646905
v 0.324217 -0.245383 -0.623417
v 0.324068 -0.245116 -0.646904
v 0.328206 0.264141 -0.646861
v 0.328206 0.264141 -0.623452
v 0.318967 -0.247948 -0.646894
v 0.311855 -0.248887 -0.646891
v 0.311839 -0.249651 -0.622539
v 0.319099 -0.248528 -0.623422
v 0.327186 0.267993 -0.623452
v 0.327186 0.267993 -0.646861
v 0.325563 0.278966 -0.621772
v 0.317070 0.279629 -0.621772
v 0.311958 0.273533 -0.622226
v 0.319395 0.272960 -0.622226
v 0.317070 0.279629 -0.648542
v 0.325563 0.278966 -0.648542
v 0.319395 0.272960 -0.648086
v 0.311958 0.273533 -0.648087
v 0.332493 0.276691 -0.621772
v 0.324918 0.271173 -0.622226
v 0.332493 0.276691 -0.648542
v 0.324918 0.271172 -0.648086
v 0.336715 -0.248634 -0.621772
v 0.337887 -0.240024 -0.621772
v 0.329308 -0.232751 -0.622226
v 0.328276 -0.240319 -0.622226
v 0.337852 -0.241579 -0.648542
v 0.336596 -0.249817 -0.648542
v 0.328228 -0.240925 -0.648087
v 0.329294 -0.233950 -0.648087
v 0.332555 -0.255837 -0.621772
v 0.324989 -0.245937 -0.622226
v 0.332375 -0.256265 -0.648542
v 0.324900 -0.246108 -0.648087
v 0.317043 -0.261279 -0.648542
v -0.315505 -0.261279 -0.648542
v -0.310417 -0.250193 -0.648087
v 0.311954 -0.250193 -0.648087
v 0.337864 0.268257 -0.648542
v 0.329294 0.264183 -0.648086
v 0.337864 0.268257 -0.621772
v 0.329294 0.264184 -0.622226
v 0.325418 -0.260152 -0.648542
v 0.319379 -0.249202 -0.648087
v 0.317099 -0.261356 -0.621772
v 0.325665 -0.260087 -0.621772
v 0.319465 -0.249323 -0.622226
v 0.311991 -0.250416 -0.622226
v 0.336651 0.272901 -0.648542
v 0.328233 0.268194 -0.648087
v 0.336651 0.272902 -0.621772
v 0.328233 0.268194 -0.622226
v 0.317130 0.280085 -0.622088
v 0.325847 0.279404 -0.622088
v 0.317144 0.280237 -0.647268
v 0.325847 0.279404 -0.648225
v 0.317130 0.280085 -0.648225
v 0.333100 0.277023 -0.622088
v 0.333100 0.277023 -0.648225
v 0.337830 -0.249165 -0.622985
v 0.338725 -0.240095 -0.622084
v 0.337530 -0.248950 -0.622074
v 0.337385 -0.250076 -0.648237
v 0.338682 -0.241627 -0.648230
v 0.333186 -0.256486 -0.622077
v 0.332953 -0.256835 -0.648234
v -0.315580 -0.262146 -0.647304
v -0.315561 -0.262052 -0.648232
v 0.317098 -0.262052 -0.648232
v 0.338697 0.268289 -0.648225
v 0.338696 0.268289 -0.622088
v 0.325766 -0.260981 -0.647305
v 0.325683 -0.260896 -0.648233
v 0.325970 -0.260942 -0.622080
v 0.317168 -0.262249 -0.622081
v 0.337451 0.273057 -0.648225
v 0.337451 0.273057 -0.622088
v 0.319116 0.272537 -0.622532
v 0.311901 0.273092 -0.622532
v 0.311901 0.273092 -0.647780
v 0.319116 0.272537 -0.647780
v 0.324323 0.270852 -0.622532
v 0.324323 0.270851 -0.647781
v 0.327497 -0.240095 -0.622523
v 0.328496 -0.232711 -0.622527
v 0.328475 -0.233876 -0.647785
v 0.327436 -0.240601 -0.647791
v 0.324393 -0.245414 -0.622524
v 0.324305 -0.245459 -0.647791
v 0.328479 0.264152 -0.647780
v 0.328479 0.264152 -0.622532
v 0.319098 -0.248371 -0.647788
v 0.311893 -0.249330 -0.647787
v 0.319182 -0.248609 -0.622526
v 0.327447 0.268043 -0.647780
v 0.327447 0.268043 -0.622532
v -0.315562 -0.261356 -0.621772
v -0.315630 -0.262248 -0.622081
v -0.315534 0.279629 -0.648542
v -0.315592 0.280085 -0.648225
v 0.325942 0.279549 -0.647273
v 0.337826 -0.249293 -0.623461
v -0.315712 -0.262769 -0.623199
v 0.317225 -0.262109 -0.647181
v 0.325776 -0.260863 -0.646723
v 0.337719 0.273109 -0.623041
v -0.315582 -0.262033 -0.646722
v -0.310453 -0.250416 -0.622226
v -0.310421 0.273533 -0.648087
v -0.315611 0.280237 -0.647276
v -0.310356 -0.249330 -0.647787
v -0.310318 -0.248887 -0.646890
v -0.310363 0.273092 -0.647779
v -0.315617 0.280236 -0.623040
v -0.324404 0.279549 -0.623041
v -0.331765 0.277134 -0.623041
v -0.336085 -0.250039 -0.647322
v -0.336091 -0.249882 -0.646738
v -0.337409 -0.241524 -0.647306
v -0.331589 -0.256871 -0.647310
v -0.331599 -0.256739 -0.646729
v -0.337437 0.268300 -0.623041
v -0.337434 0.268305 -0.647282
v -0.337476 -0.240205 -0.623023
v -0.324538 -0.261457 -0.623205
v -0.331897 -0.256835 -0.622990
v -0.331890 -0.256943 -0.623465
v -0.336182 0.273109 -0.647272
v -0.331765 0.277134 -0.647273
v -0.317486 0.272395 -0.646861
v -0.310344 0.272946 -0.646861
v -0.310344 0.272946 -0.623452
v -0.317486 0.272395 -0.623452
v -0.322588 0.270745 -0.646861
v -0.322588 0.270746 -0.623452
v -0.325726 -0.240128 -0.623412
v -0.325605 -0.240395 -0.646905
v -0.326652 -0.233815 -0.646879
v -0.326699 -0.232736 -0.623434
v -0.322679 -0.245383 -0.623417
v -0.322530 -0.245116 -0.646904
v -0.310403 -0.249641 -0.622544
v -0.326669 0.264141 -0.646861
v -0.326669 0.264141 -0.623452
v -0.317429 -0.247948 -0.646894
v -0.317561 -0.248528 -0.623423
v -0.325648 0.267993 -0.623452
v -0.325648 0.267993 -0.646861
v -0.324026 0.278966 -0.621772
v -0.317857 0.272960 -0.622226
v -0.310421 0.273533 -0.622226
v -0.315534 0.279629 -0.621772
v -0.317857 0.272960 -0.648086
v -0.324026 0.278966 -0.648542
v -0.330955 0.276691 -0.621772
v -0.323381 0.271172 -0.622226
v -0.323381 0.271173 -0.648086
v -0.330955 0.276691 -0.648542
v -0.335178 -0.248634 -0.621772
v -0.326738 -0.240319 -0.622226
v -0.327771 -0.232751 -0.622226
v -0.336350 -0.240024 -0.621772
v -0.336316 -0.241578 -0.648542
v -0.327757 -0.233950 -0.648087
v -0.326690 -0.240924 -0.648087
v -0.335059 -0.249817 -0.648542
v -0.331019 -0.255837 -0.621772
v -0.323451 -0.245937 -0.622226
v -0.323362 -0.246108 -0.648087
v -0.330838 -0.256265 -0.648542
v -0.336326 0.268257 -0.648542
v -0.327757 0.264183 -0.648086
v -0.327757 0.264184 -0.622226
v -0.336326 0.268257 -0.621772
v -0.323880 -0.260152 -0.648542
v -0.317841 -0.249202 -0.648087
v -0.317928 -0.249322 -0.622226
v -0.324127 -0.260087 -0.621772
v -0.335114 0.272901 -0.648542
v -0.326695 0.268194 -0.648087
v -0.326695 0.268194 -0.622226
v -0.335114 0.272901 -0.621772
v -0.324310 0.279404 -0.622088
v -0.315592 0.280085 -0.622088
v -0.324310 0.279404 -0.648225
v -0.324404 0.279550 -0.647274
v -0.331563 0.277023 -0.622088
v -0.331563 0.277023 -0.648225
v -0.335992 -0.248950 -0.622074
v -0.337188 -0.240094 -0.622084
v -0.337145 -0.241626 -0.648230
v -0.335847 -0.250076 -0.648237
v -0.331649 -0.256486 -0.622077
v -0.331416 -0.256835 -0.648234
v -0.337160 0.268289 -0.648225
v -0.337159 0.268289 -0.622088
v -0.324229 -0.260981 -0.647305
v -0.324146 -0.260895 -0.648233
v -0.324433 -0.260942 -0.622080
v -0.335914 0.273057 -0.648224
v -0.335914 0.273057 -0.622088
v -0.336182 0.273109 -0.623041
v -0.310363 0.273092 -0.622532
v -0.317579 0.272537 -0.622532
v -0.317579 0.272537 -0.647780
v -0.322786 0.270852 -0.622532
v -0.322786 0.270852 -0.647780
v -0.326959 -0.232711 -0.622527
v -0.325959 -0.240094 -0.622523
v -0.325898 -0.240601 -0.647791
v -0.326937 -0.233876 -0.647785
v -0.322855 -0.245414 -0.622524
v -0.322767 -0.245459 -0.647791
v -0.326941 0.264152 -0.647780
v -0.326941 0.264152 -0.622532
v -0.317561 -0.248371 -0.647788
v -0.317645 -0.248609 -0.622526
v -0.325910 0.268043 -0.647780
v -0.325910 0.268043 -0.622532
v -0.336287 -0.249213 -0.623026
v -0.324239 -0.260863 -0.646723
v 0.312132 0.264141 -0.829336
v 0.312132 0.267993 -0.828186
v 0.318672 0.267718 -0.827036
v 0.319172 0.264082 -0.828188
v 0.323704 0.267168 -0.824163
v 0.312132 0.270745 -0.824737
v 0.317667 0.270469 -0.824163
v 0.322194 0.269644 -0.822438
v 0.312140 -0.250793 -0.829335
v 0.319177 -0.250733 -0.828186
v 0.318672 -0.257273 -0.827036
v 0.312132 -0.257776 -0.828186
v 0.317667 -0.262303 -0.824163
v 0.312132 -0.262807 -0.824737
v 0.324207 -0.250733 -0.824737
v 0.323704 -0.256267 -0.824163
v 0.322194 -0.260794 -0.822438
v 0.312132 -0.265825 -0.818989
v 0.318672 -0.264819 -0.818413
v 0.319147 -0.265837 -0.810813
v 0.323704 -0.262303 -0.817264
v 0.327226 0.264141 -0.818989
v 0.326218 0.267718 -0.818414
v 0.327226 0.267993 -0.810939
v 0.323704 0.270469 -0.817264
v 0.328232 -0.250784 -0.810970
v 0.326218 -0.257273 -0.818414
v 0.327228 -0.250620 -0.818984
v 0.312135 0.272946 -0.810995
v 0.318672 0.271845 -0.818413
v 0.312132 0.272395 -0.818989
v -0.310602 0.264174 -0.829335
v -0.310595 0.267993 -0.828186
v -0.310595 0.270746 -0.824737
v 0.312012 -0.266840 -0.721056
v 0.324068 -0.262963 -0.723062
v 0.327218 -0.257794 -0.810716
v 0.324215 0.264335 -0.824727
v 0.328125 -0.249383 -0.721160
v 0.327041 -0.255967 -0.718910
v 0.323961 -0.260754 -0.716649
v 0.319177 0.272395 -0.810729
v 0.312132 -0.264516 -0.714807
v 0.318968 -0.263577 -0.715249
v 0.312162 -0.263909 -0.647847
v 0.312160 -0.264102 -0.648787
v 0.319234 -0.263053 -0.648801
v 0.319237 -0.262854 -0.647844
v 0.324263 -0.259927 -0.648849
v 0.324265 -0.259716 -0.647837
v 0.312132 0.272946 -0.647880
v 0.324207 0.270744 -0.647879
v 0.328234 0.264136 -0.647884
v 0.322790 -0.125020 -0.719216
v 0.311748 -0.258859 -0.648817
v 0.316932 0.266765 -0.821373
v 0.311707 0.267004 -0.822286
v 0.311784 0.263931 -0.823203
v 0.319877 0.266336 -0.819790
v 0.320298 0.263950 -0.820269
v 0.316154 0.268389 -0.819815
v 0.312178 0.268602 -0.820276
v 0.318973 0.267882 -0.818755
v 0.316932 -0.255531 -0.821373
v 0.317368 -0.250306 -0.822286
v 0.311707 -0.255968 -0.822286
v 0.316144 -0.258477 -0.819790
v 0.311783 -0.258897 -0.820269
v 0.319900 -0.254754 -0.819815
v 0.320298 -0.250709 -0.820270
v 0.318973 -0.257572 -0.818755
v 0.316931 -0.259862 -0.816425
v 0.311707 -0.260662 -0.816923
v 0.311785 -0.261465 -0.810497
v 0.319877 -0.258477 -0.815524
v 0.321263 0.266765 -0.816425
v 0.322062 0.263908 -0.816923
v 0.322866 0.263932 -0.810533
v 0.319877 0.268376 -0.815524
v 0.320298 0.268607 -0.810540
v 0.321263 -0.255531 -0.816425
v 0.322062 -0.255968 -0.810453
v 0.316931 0.269134 -0.816425
v 0.317377 0.269570 -0.810292
v 0.317339 -0.260670 -0.810385
v 0.320303 -0.258884 -0.810869
v 0.322065 0.266999 -0.810382
v 0.320295 0.268606 -0.647882
v 0.322865 -0.250378 -0.810536
v 0.321899 -0.256413 -0.725882
v 0.320058 -0.259131 -0.724762
v 0.317343 0.269575 -0.647880
v 0.311754 0.270011 -0.810540
v 0.321855 -0.254254 -0.719775
v 0.320058 -0.256832 -0.718541
v 0.316954 -0.258445 -0.717726
v 0.311573 -0.259162 -0.717394
v 0.317307 -0.258033 -0.648831
v 0.320324 -0.256127 -0.648857
v 0.311750 0.270012 -0.647877
v 0.322078 -0.252870 -0.647850
v 0.322878 -0.247022 -0.647830
v 0.322077 -0.253085 -0.648905
v 0.320330 -0.255923 -0.647850
v 0.327158 0.264102 -0.646654
v 0.312054 -0.262591 -0.646654
v 0.318802 -0.261601 -0.646654
v 0.317672 -0.258643 -0.646654
v 0.311827 -0.259512 -0.646654
v 0.323416 -0.258759 -0.646654
v 0.321090 -0.256492 -0.646654
v 0.318810 0.271832 -0.646654
v 0.312055 0.272359 -0.646654
v 0.317710 0.270138 -0.646654
v 0.323425 0.270317 -0.646654
v 0.321077 0.269033 -0.646654
v 0.326191 -0.254008 -0.646654
v 0.323078 -0.253085 -0.646654
v 0.326193 0.267793 -0.646654
v 0.323098 0.267192 -0.646654
v 0.323939 0.263975 -0.646654
v -0.310576 0.272799 -0.646959
v 0.312114 0.272799 -0.646959
v 0.327966 -0.247058 -0.646956
v 0.319098 -0.262430 -0.646952
v 0.312121 -0.263457 -0.646952
v 0.324024 -0.259385 -0.646950
v 0.319175 0.272396 -0.647882
v 0.319085 0.272254 -0.646959
v 0.324010 0.270638 -0.646959
v 0.327266 -0.254627 -0.648010
v 0.326976 -0.254308 -0.646952
v 0.326967 0.267943 -0.646959
v 0.317308 -0.257842 -0.647852
v 0.311746 -0.258671 -0.647851
v 0.317391 -0.257928 -0.646953
v 0.320502 -0.255965 -0.646952
v 0.317437 0.269715 -0.646959
v 0.311771 0.270158 -0.646959
v 0.320491 0.268713 -0.646959
v 0.322311 -0.252852 -0.646952
v 0.323139 -0.246837 -0.646957
v 0.322066 0.266991 -0.647881
v 0.322324 0.267042 -0.646959
v 0.327962 0.264132 -0.646960
v 0.319071 -0.265283 -0.718129
v 0.312093 -0.266257 -0.717658
v 0.324083 -0.262354 -0.719541
v 0.327016 -0.258366 -0.725146
v 0.327127 -0.257471 -0.721889
v 0.311624 -0.260889 -0.720247
v 0.316949 -0.260765 -0.724010
v 0.311726 -0.261466 -0.723662
v 0.317052 -0.260149 -0.720605
v 0.320177 -0.258438 -0.721432
v 0.321964 -0.255674 -0.722774
v 0.322829 -0.250247 -0.724981
v -0.310575 0.272946 -0.811019
v 0.327226 0.267993 -0.647880
v 0.324160 -0.262851 -0.811401
v 0.324203 0.270746 -0.811274
v 0.322865 -0.082343 -0.810499
v 0.322860 0.263956 -0.715357
v 0.322828 0.023002 -0.716727
v 0.317368 0.263866 -0.822286
v 0.311740 -0.152426 -0.823203
v 0.311740 0.217892 -0.823203
v 0.311740 -0.033564 -0.823203
v 0.322062 -0.250203 -0.816926
v 0.323134 0.263940 -0.646959
v 0.322840 -0.107403 -0.722391
v 0.322852 -0.012234 -0.721370
v 0.295756 -0.068920 -0.825579
v -0.294219 -0.068920 -0.825579
v -0.294219 -0.095808 -0.825579
v 0.295756 -0.095808 -0.825579
v 0.322874 -0.116349 -0.647872
v 0.322867 0.263928 -0.647878
v 0.323939 -0.246892 -0.646654
v 0.322870 0.042631 -0.647874
v -0.310094 0.267002 -0.822287
v 0.311827 0.270598 -0.646654
v 0.311768 -0.258765 -0.646952
v 0.297045 0.235692 -0.823203
v 0.296543 0.236269 -0.823211
v 0.295757 -0.238532 -0.823203
v 0.296827 -0.031473 -0.823204
v 0.297045 -0.003852 -0.823203
v 0.296810 -0.096598 -0.823205
v 0.297045 -0.068920 -0.823203
v 0.296891 0.200114 -0.823205
v 0.297045 0.034326 -0.823203
v 0.296827 0.061947 -0.823204
v 0.296827 -0.161608 -0.823205
v 0.297045 -0.133987 -0.823203
v 0.296401 -0.030741 -0.823888
v 0.296401 -0.003852 -0.823888
v 0.296401 -0.003852 -0.824895
v 0.296401 -0.030741 -0.824895
v 0.295756 -0.068276 -0.823888
v -0.294219 -0.068276 -0.823888
v -0.294219 -0.068276 -0.824895
v 0.295756 -0.068276 -0.824895
v 0.296401 -0.095808 -0.823888
v 0.296401 -0.068920 -0.823888
v 0.296401 -0.068920 -0.824895
v 0.296401 -0.095808 -0.824895
v -0.294653 0.235993 -0.824972
v 0.295864 0.235985 -0.825367
v 0.296401 0.200775 -0.823888
v 0.296401 0.235692 -0.823888
v 0.296401 0.235692 -0.824895
v 0.296401 0.200775 -0.824895
v 0.295756 0.061860 -0.823888
v -0.294219 0.061859 -0.823888
v -0.294219 0.061859 -0.824895
v 0.295756 0.061860 -0.824895
v 0.296401 0.034326 -0.823888
v 0.296401 0.061215 -0.823888
v 0.296401 0.061215 -0.824895
v 0.296401 0.034326 -0.824895
v 0.296401 -0.160876 -0.823888
v 0.296401 -0.133987 -0.823888
v 0.296401 -0.133987 -0.824895
v 0.296401 -0.160876 -0.824895
v 0.295756 -0.032029 -0.823203
v -0.294220 -0.032031 -0.823204
v 0.295756 -0.097097 -0.823204
v 0.296493 -0.067804 -0.823205
v 0.295756 0.062503 -0.823203
v 0.296547 -0.002800 -0.823205
v 0.296546 -0.132934 -0.823205
v 0.295757 -0.162164 -0.823203
v 0.295756 -0.030741 -0.825579
v 0.295756 -0.031224 -0.825408
v 0.296240 -0.030741 -0.825408
v 0.295756 -0.003852 -0.825579
v 0.296190 -0.003497 -0.825354
v 0.295756 -0.003369 -0.825408
v 0.296240 -0.068920 -0.825408
v 0.296113 -0.068488 -0.825355
v 0.296112 -0.096242 -0.825354
v 0.296240 -0.095808 -0.825408
v 0.295756 0.200775 -0.825579
v 0.296112 0.200342 -0.825354
v 0.296240 0.200775 -0.825408
v 0.295756 0.235692 -0.825579
v 0.296240 0.235692 -0.825408
v 0.296200 0.235931 -0.825271
v 0.295756 0.034326 -0.825579
v 0.296112 0.033893 -0.825354
v 0.296240 0.034326 -0.825408
v 0.295756 0.061215 -0.825579
v 0.296240 0.061215 -0.825408
v 0.296194 0.061645 -0.825273
v 0.295756 0.061697 -0.825408
v 0.295757 -0.133987 -0.825579
v 0.296240 -0.133987 -0.825408
v 0.296113 -0.133555 -0.825355
v 0.295757 -0.160876 -0.825579
v 0.295757 -0.161360 -0.825408
v 0.296240 -0.160876 -0.825408
v 0.296326 -0.031310 -0.823375
v 0.295756 -0.031546 -0.823375
v 0.296562 -0.030741 -0.823375
v 0.296326 -0.096377 -0.823375
v 0.295756 -0.096613 -0.823375
v 0.296562 -0.095808 -0.823375
v 0.295757 0.199488 -0.823203
v 0.296326 0.200206 -0.823375
v 0.295756 0.199970 -0.823375
v 0.296562 0.200775 -0.823375
v 0.296546 0.033274 -0.823205
v 0.296326 0.033757 -0.823375
v 0.295756 0.033522 -0.823375
v 0.296562 0.034326 -0.823375
v 0.296326 -0.161446 -0.823375
v 0.295757 -0.161681 -0.823375
v 0.296562 -0.160876 -0.823375
v 0.295756 -0.031385 -0.823888
v 0.296213 -0.031196 -0.823888
v 0.295756 -0.031385 -0.824895
v 0.296187 -0.031178 -0.825272
v 0.296562 -0.003852 -0.823375
v 0.296326 -0.003283 -0.823375
v 0.296213 -0.003397 -0.823888
v 0.296240 -0.003369 -0.824895
v 0.295756 -0.003208 -0.823888
v 0.295756 -0.003047 -0.823375
v 0.295756 -0.003208 -0.824895
v 0.296213 -0.068464 -0.823888
v 0.296326 -0.068351 -0.823375
v 0.295756 -0.068115 -0.823375
v 0.296240 -0.068437 -0.824895
v 0.295756 -0.096453 -0.823888
v 0.296213 -0.096264 -0.823888
v 0.295756 -0.096453 -0.824895
v 0.296240 -0.096292 -0.824895
v 0.296562 -0.068920 -0.823375
v 0.296295 0.235969 -0.823425
v 0.295803 0.236092 -0.823408
v 0.295756 0.200131 -0.823888
v 0.296213 0.200320 -0.823888
v 0.295756 0.200131 -0.824895
v 0.296240 0.200293 -0.824895
v 0.296562 0.235692 -0.823375
v 0.296213 0.061670 -0.823888
v 0.296326 0.061784 -0.823375
v 0.295756 0.062021 -0.823375
v 0.295756 0.033683 -0.823888
v 0.296213 0.033871 -0.823888
v 0.295756 0.033683 -0.824895
v 0.296240 0.033843 -0.824895
v 0.296562 0.061215 -0.823375
v 0.295757 -0.161521 -0.823888
v 0.296213 -0.161332 -0.823888
v 0.295757 -0.161521 -0.824895
v 0.296187 -0.161314 -0.825272
v 0.296562 -0.133987 -0.823375
v 0.296326 -0.133418 -0.823375
v 0.296213 -0.133532 -0.823888
v 0.296240 -0.133504 -0.824895
v 0.295756 -0.133343 -0.823888
v 0.295756 -0.133183 -0.823375
v 0.295756 -0.133343 -0.824895
v -0.294219 -0.096292 -0.825408
v -0.294219 0.200776 -0.825579
v -0.294219 0.200293 -0.825408
v -0.294219 0.034326 -0.825579
v -0.294219 0.033844 -0.825408
v -0.294219 -0.003208 -0.824895
v -0.294219 -0.003369 -0.825408
v -0.294219 -0.068437 -0.825408
v -0.294219 -0.068115 -0.823375
v 0.295756 -0.237245 -0.825579
v 0.295757 -0.184286 -0.825579
v -0.294219 -0.184286 -0.825579
v -0.294219 -0.237245 -0.825579
v 0.322758 -0.249421 -0.722022
v 0.311757 -0.250356 -0.823202
v 0.327158 -0.143970 -0.646654
v 0.296828 -0.183553 -0.823204
v 0.295757 -0.182999 -0.823203
v -0.295007 -0.238296 -0.823205
v 0.296891 -0.237906 -0.823205
v 0.296401 -0.237245 -0.823888
v 0.296401 -0.184286 -0.823888
v 0.296401 -0.184286 -0.824895
v 0.296401 -0.237245 -0.824895
v 0.295757 -0.183642 -0.823888
v -0.294219 -0.183643 -0.823888
v -0.294219 -0.183643 -0.824895
v 0.295757 -0.183642 -0.824895
v 0.295756 -0.237727 -0.825408
v 0.296187 -0.237682 -0.825273
v 0.296240 -0.237245 -0.825408
v 0.296190 -0.183931 -0.825354
v 0.295757 -0.183803 -0.825408
v 0.296326 -0.237814 -0.823375
v 0.295756 -0.238050 -0.823375
v 0.296562 -0.237245 -0.823375
v 0.296326 -0.183718 -0.823375
v 0.296562 -0.184286 -0.823375
v 0.295757 -0.183482 -0.823375
v 0.296213 -0.237700 -0.823888
v 0.296213 -0.183831 -0.823888
v 0.296240 -0.183803 -0.824895
v 0.295756 -0.237889 -0.823888
v 0.295756 -0.237889 -0.824895
v -0.294949 -0.183222 -0.823207
v -0.294219 -0.183482 -0.823375
v -0.294219 -0.237889 -0.823888
v -0.294219 -0.238050 -0.823375
v 0.328220 -0.214749 -0.778909
v 0.312132 -0.266828 -0.811032
v 0.319021 -0.265880 -0.721525
v 0.328232 0.264150 -0.810953
v 0.327135 -0.258047 -0.750336
v 0.328246 -0.247337 -0.647886
v 0.327158 -0.247059 -0.646654
v 0.328198 -0.250849 -0.725842
v 0.324737 -0.213355 -0.778903
v 0.324748 0.251728 -0.776654
v 0.324748 0.251725 -0.744791
v 0.324730 -0.213454 -0.748533
v 0.328231 0.251729 -0.778135
v 0.328232 0.264142 -0.715942
v 0.328230 0.252351 -0.777568
v 0.328231 0.252488 -0.744784
v 0.327523 -0.213352 -0.779643
v 0.327533 0.251728 -0.777394
v 0.325445 0.251728 -0.777394
v 0.325436 -0.213352 -0.779644
v 0.328018 0.252158 -0.744735
v 0.325363 0.252035 -0.744269
v 0.324970 0.252058 -0.776721
v 0.327532 0.251725 -0.744050
v 0.327516 -0.213456 -0.747791
v 0.325428 -0.213456 -0.747791
v 0.325444 0.251725 -0.744050
v 0.327516 -0.214151 -0.748539
v 0.327522 -0.214052 -0.778907
v 0.325435 -0.214052 -0.778907
v 0.325428 -0.214151 -0.748539
v 0.328211 -0.214598 -0.747629
v 0.328230 0.252184 -0.743567
v 0.328212 -0.213464 -0.747052
v 0.328219 -0.214142 -0.780139
v 0.324912 -0.213878 -0.778906
v 0.325048 -0.213819 -0.779402
v 0.324912 -0.213353 -0.779458
v 0.324921 0.251728 -0.777209
v 0.324986 0.251993 -0.744371
v 0.324921 0.251725 -0.744236
v 0.324905 -0.213455 -0.747976
v 0.324905 -0.213977 -0.748538
v 0.328002 0.252028 -0.777269
v 0.328056 0.251729 -0.777579
v 0.328028 0.252175 -0.776650
v 0.327523 -0.213846 -0.779430
v 0.328046 -0.213968 -0.779560
v 0.328046 -0.213351 -0.779829
v 0.325063 0.251987 -0.777160
v 0.328002 0.252024 -0.744168
v 0.328056 0.251724 -0.743865
v 0.328039 -0.213458 -0.747606
v 0.328039 -0.214073 -0.747883
v 0.327516 -0.213949 -0.748014
v 0.325040 -0.213923 -0.748042
v 0.328040 -0.214325 -0.748540
v 0.328046 -0.214226 -0.778907
v -0.294219 -0.067631 -0.823204
v -0.310036 -0.259162 -0.717394
v -0.310090 -0.260663 -0.816919
v -0.310213 0.270160 -0.646958
v -0.310519 0.272359 -0.646654
v -0.310556 -0.266256 -0.717658
v -0.310474 -0.266840 -0.721062
v -0.310210 -0.258671 -0.647851
v -0.294219 -0.031385 -0.824895
v -0.294219 -0.031385 -0.823888
v -0.294219 -0.096453 -0.824895
v -0.294219 -0.096453 -0.823888
v -0.294219 0.200131 -0.824895
v -0.294219 0.200132 -0.823888
v -0.294219 0.033683 -0.824895
v -0.294219 0.033683 -0.823888
v -0.294219 -0.132699 -0.823203
v -0.294583 0.235931 -0.825349
v -0.294219 0.235692 -0.825579
v -0.294219 -0.003047 -0.823375
v -0.294219 -0.003208 -0.823888
v -0.294219 0.236132 -0.823375
v -0.294219 0.062020 -0.823375
v -0.294219 -0.161359 -0.825408
v -0.294219 -0.161521 -0.824895
v -0.294219 -0.237889 -0.824895
v -0.310591 -0.266828 -0.811024
v -0.326692 0.252184 -0.743567
v -0.310595 -0.264515 -0.714807
v -0.310595 0.272946 -0.647880
v -0.326708 -0.247337 -0.647885
v -0.317639 0.264141 -0.828186
v -0.317135 0.267718 -0.827036
v -0.322661 0.264356 -0.824747
v -0.322166 0.267168 -0.824163
v -0.316130 0.270469 -0.824163
v -0.320657 0.269644 -0.822438
v -0.310595 -0.250733 -0.829336
v -0.310595 -0.257776 -0.828186
v -0.317135 -0.257273 -0.827036
v -0.317634 -0.250626 -0.828188
v -0.310595 -0.262807 -0.824737
v -0.316129 -0.262303 -0.824163
v -0.322166 -0.256267 -0.824163
v -0.322670 -0.250733 -0.824737
v -0.320657 -0.260794 -0.822438
v -0.317135 -0.264819 -0.818413
v -0.310595 -0.265825 -0.818988
v -0.322602 -0.262870 -0.811370
v -0.322166 -0.262303 -0.817264
v -0.324681 0.267718 -0.818413
v -0.325689 0.264080 -0.818983
v -0.322671 0.270743 -0.811461
v -0.322166 0.270469 -0.817264
v -0.325688 -0.250733 -0.818988
v -0.324681 -0.257273 -0.818413
v -0.325689 -0.257768 -0.810826
v -0.310595 0.272395 -0.818988
v -0.317135 0.271845 -0.818413
v -0.317646 0.272393 -0.810808
v -0.317484 -0.265879 -0.721554
v -0.322529 -0.262964 -0.722969
v -0.325687 0.267994 -0.810697
v -0.325503 -0.255967 -0.718910
v -0.322424 -0.260753 -0.716649
v -0.317430 -0.263576 -0.715249
v -0.310625 -0.263909 -0.647847
v -0.317700 -0.262854 -0.647844
v -0.317697 -0.263053 -0.648801
v -0.310623 -0.264102 -0.648788
v -0.322727 -0.259716 -0.647837
v -0.322725 -0.259927 -0.648849
v -0.317639 0.272395 -0.647880
v -0.325729 -0.254628 -0.648013
v -0.325688 0.267993 -0.647880
v -0.322670 0.270745 -0.647880
v -0.321308 0.031463 -0.718746
v -0.315394 0.266765 -0.821373
v -0.315827 0.263823 -0.822289
v -0.318340 0.266336 -0.819790
v -0.318759 0.264096 -0.820270
v -0.314616 0.268389 -0.819816
v -0.310245 0.268607 -0.820269
v -0.317435 0.267882 -0.818755
v -0.315394 -0.255532 -0.821373
v -0.310019 -0.255973 -0.822284
v -0.314607 -0.258477 -0.819790
v -0.310515 -0.258890 -0.820276
v -0.318362 -0.254753 -0.819816
v -0.318760 -0.250382 -0.820269
v -0.317435 -0.257572 -0.818755
v -0.315394 -0.259862 -0.816424
v -0.315828 -0.260658 -0.810315
v -0.318340 -0.258477 -0.815524
v -0.318714 -0.258949 -0.810784
v -0.319725 0.266765 -0.816424
v -0.320520 0.267010 -0.810270
v -0.318340 0.268377 -0.815524
v -0.318760 0.268607 -0.810540
v -0.319725 -0.255532 -0.816424
v -0.320524 -0.250306 -0.816923
v -0.321326 -0.250396 -0.810503
v -0.315394 0.269134 -0.816424
v -0.310169 0.269572 -0.816923
v -0.310244 0.270012 -0.810494
v -0.315831 -0.250217 -0.822285
v -0.310205 -0.261464 -0.810553
v -0.320341 -0.256491 -0.726082
v -0.320520 -0.255999 -0.810301
v -0.318520 -0.259131 -0.724762
v -0.315823 0.269573 -0.810361
v -0.320317 -0.254253 -0.719775
v -0.321215 -0.248946 -0.721307
v -0.318521 -0.256832 -0.718541
v -0.315416 -0.258445 -0.717726
v -0.315769 -0.258033 -0.648831
v -0.310210 -0.258859 -0.648817
v -0.318786 -0.256127 -0.648857
v -0.315807 0.269574 -0.647880
v -0.318758 0.268606 -0.647881
v -0.320541 -0.252870 -0.647850
v -0.320540 -0.253085 -0.648905
v -0.318792 -0.255924 -0.647850
v -0.296251 0.272359 -0.646654
v -0.310517 -0.262591 -0.646654
v -0.310289 -0.259512 -0.646654
v -0.316136 -0.258643 -0.646654
v -0.317264 -0.261601 -0.646654
v -0.319552 -0.256491 -0.646654
v -0.321878 -0.258759 -0.646654
v -0.317272 0.271832 -0.646654
v -0.316173 0.270138 -0.646654
v -0.310290 0.270598 -0.646654
v -0.321887 0.270317 -0.646654
v -0.319541 0.269033 -0.646654
v -0.324653 -0.254008 -0.646654
v -0.321541 -0.253085 -0.646654
v -0.322401 -0.246894 -0.646654
v -0.321560 0.267192 -0.646654
v -0.324656 0.267793 -0.646654
v -0.326429 -0.247060 -0.646956
v -0.310584 -0.263457 -0.646952
v -0.317560 -0.262430 -0.646951
v -0.322486 -0.259385 -0.646950
v -0.317547 0.272255 -0.646959
v -0.322474 0.270638 -0.646960
v -0.325439 -0.254308 -0.646951
v -0.325430 0.267943 -0.646960
v -0.315771 -0.257842 -0.647852
v -0.315854 -0.257928 -0.646953
v -0.310232 -0.258765 -0.646952
v -0.318965 -0.255965 -0.646952
v -0.315899 0.269715 -0.646959
v -0.318953 0.268713 -0.646959
v -0.320775 -0.252852 -0.646952
v -0.320787 0.267042 -0.646959
v -0.321595 0.263934 -0.646964
v -0.317534 -0.265282 -0.718128
v -0.322546 -0.262354 -0.719541
v -0.325478 -0.258365 -0.725146
v -0.325590 -0.257471 -0.721890
v -0.321308 -0.081914 -0.722454
v -0.315411 -0.260765 -0.724010
v -0.315516 -0.260149 -0.720605
v -0.310086 -0.260889 -0.720247
v -0.310155 -0.261466 -0.723662
v -0.318639 -0.258438 -0.721432
v -0.320529 0.266991 -0.647880
v -0.320427 -0.255674 -0.722774
v -0.325601 -0.258039 -0.751248
v -0.326692 -0.250775 -0.810988
v -0.321328 0.263937 -0.810497
v -0.310207 0.066239 -0.823203
v -0.320525 0.263864 -0.816922
v -0.322401 0.263973 -0.646654
v -0.321596 -0.074691 -0.646960
v -0.321301 -0.152203 -0.723167
v -0.321324 0.263948 -0.715429
v -0.321335 -0.088924 -0.647872
v -0.325620 -0.130959 -0.646654
v -0.294219 -0.133987 -0.825579
v -0.294219 -0.160876 -0.825579
v -0.321330 0.263927 -0.647875
v -0.310211 0.270012 -0.647889
v -0.310239 0.263944 -0.823199
v 0.311611 0.269572 -0.816918
v -0.294971 0.236350 -0.823207
v -0.310187 0.002378 -0.823206
v -0.310243 -0.250332 -0.823205
v -0.295507 -0.095808 -0.823204
v -0.295507 0.235691 -0.823204
v -0.295508 0.200776 -0.823204
v -0.295507 0.061215 -0.823204
v -0.295289 -0.133256 -0.823205
v -0.295508 -0.160876 -0.823203
v -0.294864 -0.030741 -0.823888
v -0.294864 -0.030741 -0.824895
v -0.294864 -0.003852 -0.824895
v -0.294864 -0.003852 -0.823888
v -0.294864 -0.095808 -0.823888
v -0.294864 -0.095808 -0.824895
v -0.294864 -0.068920 -0.824895
v -0.294864 -0.068920 -0.823888
v -0.294864 0.200776 -0.823888
v -0.294864 0.200775 -0.824895
v -0.294864 0.235692 -0.824895
v -0.294864 0.235692 -0.823888
v -0.294864 0.034326 -0.823888
v -0.294864 0.034326 -0.824895
v -0.294864 0.061215 -0.824895
v -0.294864 0.061215 -0.823888
v -0.294864 -0.160876 -0.823888
v -0.294864 -0.160876 -0.824895
v -0.294864 -0.133987 -0.824895
v -0.294864 -0.133987 -0.823888
v -0.294219 -0.133343 -0.823888
v -0.294219 -0.133343 -0.824895
v -0.294219 0.033039 -0.823203
v -0.295273 -0.068133 -0.823205
v -0.294953 0.062285 -0.823205
v -0.295290 -0.003122 -0.823205
v -0.294220 -0.002566 -0.823204
v -0.310197 -0.166084 -0.823205
v -0.295338 -0.031474 -0.823205
v -0.294953 0.199707 -0.823205
v -0.295346 0.033670 -0.823208
v -0.295008 -0.096863 -0.823205
v -0.295005 -0.161923 -0.823207
v -0.294219 -0.030741 -0.825579
v -0.294703 -0.030741 -0.825408
v -0.294650 -0.031173 -0.825277
v -0.294219 -0.031224 -0.825408
v -0.294219 -0.003852 -0.825579
v -0.294652 -0.003422 -0.825277
v -0.294703 -0.003852 -0.825408
v -0.294703 -0.068920 -0.825408
v -0.294703 -0.095808 -0.825408
v -0.294650 -0.096241 -0.825277
v -0.294703 0.200776 -0.825408
v -0.294650 0.200344 -0.825276
v -0.294703 0.235692 -0.825408
v -0.294703 0.034326 -0.825408
v -0.294650 0.033894 -0.825277
v -0.294219 0.061216 -0.825579
v -0.294219 0.061697 -0.825408
v -0.294703 0.061216 -0.825408
v -0.294219 -0.133504 -0.825408
v -0.294652 -0.133557 -0.825277
v -0.294703 -0.133987 -0.825408
v -0.294703 -0.160876 -0.825408
v -0.294650 -0.161309 -0.825277
v -0.294219 -0.031546 -0.823375
v -0.294789 -0.031310 -0.823375
v -0.295025 -0.030741 -0.823375
v -0.294219 -0.096613 -0.823375
v -0.294789 -0.096377 -0.823375
v -0.295025 -0.095808 -0.823375
v -0.294219 0.199970 -0.823375
v -0.294789 0.200206 -0.823375
v -0.295025 0.200776 -0.823375
v -0.294219 0.033522 -0.823375
v -0.294789 0.033757 -0.823375
v -0.295025 0.034326 -0.823375
v -0.294219 -0.161681 -0.823375
v -0.294789 -0.161446 -0.823375
v -0.295025 -0.160876 -0.823375
v -0.294675 -0.031196 -0.823888
v -0.294675 -0.003397 -0.823888
v -0.294789 -0.003283 -0.823375
v -0.295025 -0.003852 -0.823375
v -0.294789 -0.068351 -0.823375
v -0.294675 -0.068465 -0.823888
v -0.294652 -0.068489 -0.825277
v -0.294675 -0.096264 -0.823888
v -0.295025 -0.068920 -0.823375
v -0.294789 0.236003 -0.823375
v -0.294627 0.235979 -0.823899
v -0.294675 0.200320 -0.823888
v -0.295025 0.235692 -0.823375
v -0.294789 0.061784 -0.823375
v -0.294675 0.061671 -0.823888
v -0.294652 0.061645 -0.825277
v -0.294675 0.033871 -0.823888
v -0.295025 0.061215 -0.823375
v -0.294219 -0.161521 -0.823888
v -0.294675 -0.161332 -0.823888
v -0.294675 -0.133532 -0.823888
v -0.294789 -0.133418 -0.823375
v -0.295025 -0.133987 -0.823375
v -0.294219 -0.133183 -0.823375
v -0.321256 -0.125408 -0.719235
v -0.321342 -0.247003 -0.647857
v -0.325620 -0.247060 -0.646654
v -0.322395 0.025814 -0.646654
v -0.321600 -0.246800 -0.646957
v -0.321289 -0.250261 -0.724935
v -0.295508 -0.237246 -0.823204
v -0.295508 -0.184287 -0.823203
v -0.294864 -0.237245 -0.823888
v -0.294864 -0.237245 -0.824895
v -0.294864 -0.184287 -0.824895
v -0.294864 -0.184287 -0.823888
v -0.294703 -0.237245 -0.825408
v -0.294219 -0.237727 -0.825408
v -0.294219 -0.183804 -0.825408
v -0.294652 -0.183857 -0.825277
v -0.294703 -0.184287 -0.825408
v -0.294789 -0.237814 -0.823375
v -0.295025 -0.237245 -0.823375
v -0.295025 -0.184287 -0.823375
v -0.294789 -0.183718 -0.823375
v -0.294675 -0.237700 -0.823888
v -0.294675 -0.183831 -0.823888
v -0.294650 -0.237677 -0.825277
v -0.326674 -0.214597 -0.747629
v -0.317618 -0.265831 -0.810730
v -0.326658 -0.250863 -0.725212
v -0.326681 -0.214142 -0.780138
v -0.326675 -0.213462 -0.747051
v -0.326588 -0.249308 -0.721123
v -0.326695 0.264137 -0.647883
v -0.326425 0.264132 -0.646959
v -0.323199 -0.213355 -0.778903
v -0.323192 -0.213454 -0.748533
v -0.323210 0.251725 -0.744791
v -0.323210 0.251728 -0.776653
v -0.326694 0.264149 -0.810952
v -0.326694 0.264142 -0.715970
v -0.325620 0.264099 -0.646654
v -0.326693 0.252488 -0.744785
v -0.326692 0.252351 -0.777568
v -0.325985 -0.213352 -0.779644
v -0.323898 -0.213352 -0.779644
v -0.323908 0.251728 -0.777394
v -0.325996 0.251728 -0.777394
v -0.326491 0.252176 -0.776650
v -0.325995 0.251725 -0.744050
v -0.323907 0.251725 -0.744050
v -0.323890 -0.213456 -0.747791
v -0.325978 -0.213456 -0.747791
v -0.325978 -0.214151 -0.748538
v -0.323890 -0.214151 -0.748539
v -0.323898 -0.214052 -0.778907
v -0.325985 -0.214052 -0.778907
v -0.326683 -0.214749 -0.778909
v -0.326693 0.251730 -0.778136
v -0.323374 -0.213353 -0.779458
v -0.323374 -0.213878 -0.778906
v -0.323430 0.252054 -0.776745
v -0.323523 0.251984 -0.777163
v -0.323384 0.251728 -0.777209
v -0.323384 0.251725 -0.744236
v -0.323447 0.251991 -0.744369
v -0.323367 -0.213977 -0.748537
v -0.323505 -0.213920 -0.748034
v -0.323367 -0.213455 -0.747976
v -0.326519 0.251729 -0.777579
v -0.326508 -0.213351 -0.779828
v -0.326508 -0.213968 -0.779561
v -0.325985 -0.213846 -0.779430
v -0.326466 0.252029 -0.777270
v -0.323513 -0.213827 -0.779398
v -0.325995 0.251995 -0.744264
v -0.326519 0.252062 -0.744132
v -0.326479 0.252156 -0.744733
v -0.323830 0.252036 -0.744266
v -0.326519 0.251724 -0.743865
v -0.325978 -0.213949 -0.748014
v -0.326500 -0.214073 -0.747883
v -0.326500 -0.213458 -0.747606
v -0.326501 -0.214325 -0.748540
v -0.326508 -0.214226 -0.778907
v -0.395509 -0.324582 -0.542749
v 0.397048 -0.324582 -0.542750
v 0.397047 -0.263740 -0.542750
v -0.395509 -0.263740 -0.542750
v 0.400418 -0.324582 -0.546329
v 0.400418 -0.324582 -0.886070
v 0.400418 -0.263740 -0.886070
v 0.400418 -0.263740 -0.546329
v 0.397047 -0.324582 -0.889650
v -0.395509 -0.324582 -0.889650
v -0.395509 -0.263740 -0.889651
v 0.397047 -0.263740 -0.889651
v -0.398880 -0.324582 -0.886070
v -0.398879 -0.324582 -0.546329
v -0.398879 -0.263740 -0.546329
v -0.398879 -0.263740 -0.886070
v 0.397047 -0.327953 -0.886070
v 0.397048 -0.327952 -0.546329
v -0.395509 -0.327952 -0.546329
v -0.395509 -0.327953 -0.886070
v 0.368157 -0.271327 -0.855384
v -0.366619 -0.271327 -0.855384
v -0.366619 -0.271327 -0.577015
v 0.368157 -0.271327 -0.577016
v -0.392174 -0.260380 -0.545817
v 0.393709 -0.260384 -0.545828
v 0.393715 -0.260381 -0.886583
v -0.392175 -0.260385 -0.886573
v -0.366619 -0.263740 -0.573436
v 0.368157 -0.263740 -0.573436
v 0.368157 -0.267956 -0.573436
v -0.366619 -0.267956 -0.573436
v 0.371528 -0.263740 -0.577016
v 0.371528 -0.263740 -0.855384
v 0.371528 -0.267957 -0.855384
v 0.371528 -0.267956 -0.577016
v 0.368157 -0.263740 -0.858965
v -0.366619 -0.263740 -0.858964
v -0.366619 -0.267957 -0.858964
v 0.368157 -0.267957 -0.858965
v -0.369989 -0.263740 -0.855384
v -0.369989 -0.263740 -0.577015
v -0.369989 -0.267956 -0.577015
v -0.369989 -0.267957 -0.855384
v -0.396861 -0.324582 -0.542933
v -0.396931 -0.326004 -0.543097
v -0.395509 -0.325934 -0.542933
v 0.398400 -0.327780 -0.546329
v 0.398470 -0.327624 -0.544818
v 0.397048 -0.327780 -0.544893
v 0.397047 -0.327780 -0.887506
v 0.398470 -0.327625 -0.887580
v 0.398400 -0.327780 -0.886070
v -0.398707 -0.324582 -0.887506
v -0.398552 -0.326004 -0.887581
v -0.398707 -0.325934 -0.886070
v -0.396650 -0.262239 -0.543010
v -0.396861 -0.263740 -0.542933
v 0.400179 -0.262247 -0.545126
v 0.400246 -0.263740 -0.544894
v 0.398174 -0.262242 -0.889397
v 0.398400 -0.263740 -0.889468
v -0.398634 -0.262240 -0.887284
v -0.398707 -0.263740 -0.887507
v -0.367813 -0.260536 -0.571270
v -0.370178 -0.260370 -0.570317
v 0.373567 -0.260536 -0.575747
v 0.374464 -0.260370 -0.573235
v 0.370216 -0.260539 -0.860964
v 0.371498 -0.260371 -0.862244
v -0.371871 -0.260538 -0.857573
v -0.373076 -0.260371 -0.858936
v -0.366619 -0.269309 -0.573619
v -0.368041 -0.269379 -0.573784
v -0.367971 -0.267956 -0.573619
v 0.371355 -0.269309 -0.577016
v 0.371199 -0.269379 -0.575505
v 0.371355 -0.267956 -0.575580
v 0.368157 -0.269309 -0.858782
v 0.369580 -0.269379 -0.858616
v 0.369509 -0.267957 -0.858782
v -0.369817 -0.269309 -0.855384
v -0.369661 -0.269379 -0.856895
v -0.369817 -0.267957 -0.856821
v 0.397048 -0.325934 -0.542933
v 0.398400 -0.324582 -0.542933
v 0.398400 -0.263740 -0.542933
v -0.394644 -0.260542 -0.544879
v 0.400246 -0.325934 -0.546329
v 0.400246 -0.325934 -0.886070
v 0.400246 -0.324582 -0.887506
v 0.400245 -0.263740 -0.887507
v 0.398402 -0.260529 -0.547501
v 0.398376 -0.260519 -0.884467
v 0.397047 -0.325934 -0.889467
v -0.395509 -0.325934 -0.889467
v -0.396861 -0.324582 -0.889467
v -0.396861 -0.263740 -0.889467
v 0.396182 -0.260542 -0.887520
v -0.398707 -0.325934 -0.546329
v -0.396863 -0.260529 -0.884899
v -0.396837 -0.260519 -0.547933
v -0.366724 -0.262362 -0.573244
v 0.368262 -0.262362 -0.573244
v 0.371708 -0.262362 -0.576904
v 0.371708 -0.262363 -0.855497
v 0.368262 -0.262363 -0.859155
v -0.366724 -0.262363 -0.859156
v -0.370169 -0.262363 -0.855497
v -0.370169 -0.262362 -0.576904
v -0.373214 -0.260369 -0.574095
v 0.370793 -0.260369 -0.569947
v 0.374813 -0.260370 -0.858183
v -0.369370 -0.260370 -0.862389
v -0.366619 -0.271155 -0.575580
v 0.368157 -0.271155 -0.575580
v 0.369509 -0.271155 -0.577016
v 0.369509 -0.271155 -0.855384
v 0.368157 -0.271155 -0.856821
v -0.366619 -0.271155 -0.856821
v -0.367971 -0.271155 -0.855384
v -0.367971 -0.271155 -0.577015
v -0.369817 -0.263740 -0.575579
v -0.369817 -0.267956 -0.575580
v 0.369509 -0.263740 -0.573619
v 0.369509 -0.267956 -0.573619
v 0.371355 -0.263740 -0.856821
v 0.371355 -0.267957 -0.856821
v -0.367971 -0.263740 -0.858781
v -0.367971 -0.267957 -0.858781
v -0.398707 -0.324582 -0.544893
v -0.398552 -0.326004 -0.544818
v -0.397958 -0.325795 -0.543664
v -0.398037 -0.327110 -0.546329
v -0.396861 -0.327780 -0.546329
v -0.396931 -0.327624 -0.544818
v -0.397948 -0.327021 -0.544915
v 0.399575 -0.327110 -0.546329
v 0.400090 -0.326004 -0.544818
v 0.399487 -0.327021 -0.544916
v 0.398470 -0.326004 -0.543097
v 0.399531 -0.325762 -0.543697
v 0.397047 -0.327110 -0.888755
v 0.398470 -0.326004 -0.889302
v 0.398378 -0.327021 -0.888661
v 0.400090 -0.326004 -0.887580
v 0.399542 -0.325758 -0.888691
v -0.398037 -0.324582 -0.888755
v -0.396931 -0.326004 -0.889302
v -0.397948 -0.325913 -0.888661
v -0.395509 -0.327780 -0.887506
v -0.396931 -0.327625 -0.887581
v -0.396688 -0.327040 -0.888729
v -0.396020 -0.261207 -0.543613
v -0.395478 -0.260370 -0.547711
v -0.396165 -0.260526 -0.545633
v -0.397441 -0.261212 -0.544278
v -0.398011 -0.262289 -0.543684
v 0.399620 -0.261235 -0.545768
v 0.397009 -0.260370 -0.547707
v 0.396188 -0.260543 -0.544884
v 0.397703 -0.260526 -0.545633
v 0.398979 -0.261212 -0.544277
v 0.399539 -0.262290 -0.543672
v 0.397550 -0.261211 -0.888796
v 0.397016 -0.260370 -0.884690
v 0.397703 -0.260526 -0.886768
v 0.398979 -0.261212 -0.888123
v 0.399532 -0.262290 -0.888735
v -0.398081 -0.261236 -0.886633
v -0.395471 -0.260370 -0.884693
v -0.394650 -0.260543 -0.887516
v -0.396165 -0.260526 -0.886768
v -0.397441 -0.261212 -0.888122
v -0.398000 -0.262291 -0.888727
v -0.367112 -0.261212 -0.572540
v -0.368083 -0.262362 -0.573477
v -0.368529 -0.261212 -0.572876
v -0.369147 -0.263740 -0.574331
v -0.369949 -0.262362 -0.575459
v -0.369253 -0.262362 -0.574217
v -0.369742 -0.261212 -0.573698
v -0.370515 -0.261212 -0.574986
v -0.370167 -0.260539 -0.572231
v 0.372370 -0.261212 -0.576492
v 0.371488 -0.262362 -0.575459
v 0.372054 -0.261212 -0.574987
v 0.370685 -0.263740 -0.574331
v 0.369622 -0.262362 -0.573478
v 0.370791 -0.262362 -0.574217
v 0.371280 -0.261212 -0.573698
v 0.370067 -0.261212 -0.572878
v 0.372656 -0.260539 -0.573240
v 0.368650 -0.261212 -0.859859
v 0.369622 -0.262363 -0.858922
v 0.370067 -0.261212 -0.859523
v 0.370685 -0.263740 -0.858070
v 0.371488 -0.262363 -0.856940
v 0.370791 -0.262363 -0.858183
v 0.371280 -0.261212 -0.858703
v 0.372054 -0.261212 -0.857413
v 0.372193 -0.260536 -0.859671
v -0.370832 -0.261212 -0.855909
v -0.369949 -0.262363 -0.856940
v -0.370515 -0.261212 -0.857413
v -0.369147 -0.263740 -0.858070
v -0.368083 -0.262363 -0.858922
v -0.369253 -0.262363 -0.858182
v -0.369742 -0.261212 -0.858702
v -0.368529 -0.261212 -0.859523
v -0.370179 -0.260542 -0.860144
v -0.368041 -0.270999 -0.575504
v -0.367832 -0.270406 -0.574351
v -0.369147 -0.270484 -0.577015
v -0.369817 -0.269309 -0.577015
v -0.369661 -0.269379 -0.575504
v -0.369058 -0.270396 -0.575602
v 0.369580 -0.270999 -0.575505
v 0.370628 -0.270424 -0.575696
v 0.368157 -0.269309 -0.573619
v 0.369580 -0.269379 -0.573784
v 0.369337 -0.270440 -0.574383
v 0.369580 -0.270999 -0.856895
v 0.369370 -0.270406 -0.858049
v 0.370685 -0.270485 -0.855384
v 0.371355 -0.269309 -0.855385
v 0.371199 -0.269379 -0.856895
v 0.370597 -0.270396 -0.856799
v -0.368041 -0.271000 -0.856895
v -0.369089 -0.270424 -0.856704
v -0.366619 -0.269309 -0.858781
v -0.368041 -0.269379 -0.858617
v -0.367799 -0.270440 -0.858017
v -0.395509 -0.327780 -0.544893
v 0.400246 -0.324582 -0.544893
v 0.398178 -0.262247 -0.543001
v 0.397576 -0.261209 -0.543604
v -0.398707 -0.263740 -0.544893
v 0.398400 -0.324582 -0.889467
v 0.400176 -0.262240 -0.887279
v 0.399623 -0.261223 -0.886622
v -0.396653 -0.262246 -0.889394
v -0.396047 -0.261206 -0.888786
v -0.396861 -0.327780 -0.886070
v -0.398644 -0.262247 -0.545127
v -0.398085 -0.261223 -0.545778
v 0.370259 -0.260536 -0.571442
v 0.368650 -0.261212 -0.572541
v 0.373404 -0.260536 -0.857621
v 0.372370 -0.261212 -0.855909
v -0.367813 -0.260536 -0.861129
v -0.367112 -0.261212 -0.859859
v -0.371928 -0.260536 -0.574914
v -0.370832 -0.261212 -0.576492
v -0.367971 -0.263740 -0.573619
v 0.371355 -0.263740 -0.575580
v 0.369509 -0.263740 -0.858782
v -0.369817 -0.263740 -0.856821
v -0.397597 -0.326670 -0.544111
v -0.396652 -0.327079 -0.543714
v 0.399135 -0.326670 -0.544111
v 0.398189 -0.327035 -0.543663
v 0.399136 -0.326670 -0.888288
v 0.399546 -0.327041 -0.887290
v -0.397597 -0.326670 -0.888288
v -0.397968 -0.327081 -0.887290
v -0.368707 -0.270045 -0.574798
v -0.369116 -0.269100 -0.574400
v 0.370245 -0.270045 -0.574798
v 0.370648 -0.269096 -0.574388
v 0.370245 -0.270045 -0.857603
v 0.370655 -0.269099 -0.858000
v -0.368707 -0.270045 -0.857603
v -0.369083 -0.269120 -0.858026
v -0.396834 -0.260935 -0.542580
v -0.324090 -0.322731 -0.536181
v -0.287971 -0.321763 -0.536177
v -0.300351 -0.319080 -0.536090
v -0.372516 -0.323883 -0.536016
v -0.377019 -0.324454 -0.536254
v -0.372750 -0.324355 -0.536270
v -0.373658 -0.324527 -0.536541
v -0.380369 -0.324582 -0.536503
v -0.299999 -0.260757 -0.501249
v -0.396994 -0.263071 -0.542749
v -0.395904 -0.324529 -0.542097
v 0.397814 -0.324582 -0.541656
v -0.353982 -0.324296 -0.536325
v -0.364792 -0.324007 -0.536147
v -0.346788 -0.324486 -0.536573
v -0.316460 -0.323705 -0.536326
v -0.325746 -0.324390 -0.536567
v -0.343316 -0.324003 -0.536265
v 0.287756 -0.321729 -0.536177
v 0.301995 -0.315030 -0.536036
v -0.359371 -0.323122 -0.536053
v -0.321947 -0.310637 -0.535984
v -0.323762 -0.310699 -0.535839
v -0.313190 -0.307975 -0.535895
v -0.344676 -0.317622 -0.535983
v -0.345509 -0.317597 -0.535855
v -0.351133 -0.319889 -0.536029
v -0.310815 -0.308704 -0.536028
v -0.298913 -0.261145 -0.501090
v -0.296999 -0.262214 -0.501012
v -0.352250 -0.260890 -0.501251
v -0.281667 -0.301619 -0.501012
v 0.297798 -0.299517 -0.500986
v -0.275465 -0.303071 -0.501251
v -0.253979 -0.302786 -0.501251
v -0.267426 -0.302464 -0.501092
v -0.398474 -0.263100 -0.542046
v -0.361713 -0.321494 -0.535820
v -0.368459 -0.322810 -0.535714
v -0.376438 -0.324219 -0.535738
v -0.368987 -0.322809 -0.534704
v -0.346632 -0.317779 -0.535682
v -0.354425 -0.319826 -0.535764
v -0.346830 -0.317756 -0.534742
v -0.354956 -0.319860 -0.534703
v -0.338456 -0.315260 -0.535682
v -0.322665 -0.310218 -0.535684
v -0.338524 -0.315192 -0.534706
v -0.313056 -0.307653 -0.535682
v -0.313048 -0.307509 -0.534736
v -0.321622 -0.309804 -0.534706
v -0.304506 -0.306016 -0.535682
v -0.295956 -0.304897 -0.535681
v -0.293504 -0.304876 -0.535853
v -0.304514 -0.305862 -0.534706
v -0.287406 -0.304179 -0.535682
v -0.275516 -0.303883 -0.535854
v -0.278851 -0.303573 -0.534736
v -0.287413 -0.304008 -0.534705
v -0.273962 -0.303561 -0.535682
v -0.253176 -0.303322 -0.535682
v -0.253999 -0.303602 -0.535855
v -0.270311 -0.303313 -0.534705
v -0.398148 -0.260940 -0.502625
v -0.397107 -0.260438 -0.541973
v -0.398149 -0.324054 -0.502634
v -0.398474 -0.321950 -0.542058
v -0.398510 -0.318694 -0.504170
v -0.362436 -0.321525 -0.534777
v -0.346844 -0.317745 -0.502591
v -0.376762 -0.324177 -0.534733
v -0.330074 -0.312439 -0.534742
v -0.313052 -0.307495 -0.502589
v -0.295950 -0.304730 -0.534735
v -0.278854 -0.303558 -0.502590
v -0.239998 -0.303132 -0.533251
v -0.257180 -0.303177 -0.534915
v -0.379097 -0.324508 -0.535866
v -0.380475 -0.324582 -0.504170
v -0.398239 -0.261574 -0.542364
v -0.398029 -0.261119 -0.542385
v -0.398146 -0.263538 -0.542578
v -0.398360 -0.263608 -0.542392
v -0.398365 -0.261488 -0.541957
v -0.398151 -0.260936 -0.541974
v -0.395905 -0.260380 -0.541656
v -0.377594 -0.324582 -0.536955
v -0.289497 -0.324300 -0.536573
v -0.280505 -0.323438 -0.536324
v 0.282226 -0.323437 -0.536324
v -0.315094 -0.260419 -0.502339
v -0.395946 -0.260436 -0.502361
v -0.311563 -0.260539 -0.501510
v -0.397792 -0.260610 -0.502650
v -0.397106 -0.260444 -0.502613
v -0.397738 -0.260799 -0.501558
v -0.397802 -0.261133 -0.501347
v -0.398050 -0.261091 -0.501579
v -0.396871 -0.260940 -0.501254
v -0.396824 -0.260607 -0.501521
v -0.398361 -0.323531 -0.502646
v -0.398239 -0.323453 -0.501558
v -0.398050 -0.323909 -0.501579
v -0.398148 -0.321498 -0.501254
v -0.398361 -0.321438 -0.501519
v -0.354961 -0.319848 -0.502639
v -0.362504 -0.321525 -0.502591
v -0.346837 -0.317286 -0.501251
v -0.354969 -0.319375 -0.501251
v -0.354969 -0.319666 -0.501517
v -0.346837 -0.317567 -0.501517
v -0.364311 -0.321420 -0.501252
v -0.365391 -0.321934 -0.501515
v -0.379233 -0.324045 -0.501252
v -0.376813 -0.324130 -0.502343
v -0.368973 -0.322791 -0.502639
v -0.376895 -0.324195 -0.504190
v -0.321611 -0.309787 -0.502638
v -0.330088 -0.312429 -0.502589
v -0.321606 -0.309391 -0.501251
v -0.313056 -0.307351 -0.501517
v -0.333989 -0.313270 -0.501252
v -0.322570 -0.309901 -0.501518
v -0.338538 -0.315013 -0.501517
v -0.338507 -0.315173 -0.502639
v -0.287408 -0.303993 -0.502638
v -0.295953 -0.304715 -0.502590
v -0.287406 -0.303644 -0.501251
v -0.287406 -0.303858 -0.501517
v -0.273953 -0.303236 -0.501517
v -0.295956 -0.304362 -0.501251
v -0.295956 -0.304579 -0.501517
v -0.304506 -0.305705 -0.501517
v -0.304506 -0.305482 -0.501251
v -0.304509 -0.305846 -0.502638
v -0.239997 -0.303097 -0.502340
v -0.258452 -0.303167 -0.502590
v -0.253169 -0.302995 -0.501517
v -0.270307 -0.303298 -0.502637
v -0.379028 -0.324481 -0.502592
v -0.376940 -0.323993 -0.501517
v -0.379913 -0.324367 -0.501517
v -0.280966 -0.305160 -0.536019
v -0.292113 -0.305205 -0.535960
v -0.304391 -0.306371 -0.535914
v -0.267462 -0.304095 -0.535959
v -0.298552 -0.315013 -0.536038
v -0.353734 -0.319971 -0.535979
v -0.362978 -0.322157 -0.536018
v -0.395906 -0.324582 -0.541656
v -0.380475 -0.324529 -0.502340
v -0.396884 -0.324050 -0.501255
v -0.395905 -0.324582 -0.504170
v -0.397794 -0.324370 -0.541952
v -0.397107 -0.324527 -0.541974
v -0.397733 -0.324139 -0.542419
v -0.398029 -0.323882 -0.542385
v -0.396793 -0.324371 -0.542393
v -0.396832 -0.324057 -0.542580
v -0.395913 -0.260380 -0.504235
v -0.396839 -0.261502 -0.501094
v -0.397905 -0.261590 -0.501231
v -0.398146 -0.263536 -0.501256
v -0.397791 -0.263609 -0.501097
v -0.396797 -0.323534 -0.542693
v -0.397920 -0.323432 -0.542591
v -0.398148 -0.321490 -0.542578
v -0.397792 -0.321436 -0.542690
v -0.396793 -0.260603 -0.542393
v -0.395906 -0.260436 -0.542096
v -0.397732 -0.260847 -0.542418
v -0.397794 -0.260604 -0.541952
v -0.398151 -0.324056 -0.541974
v -0.397107 -0.324529 -0.504168
v -0.396842 -0.324363 -0.501519
v -0.396885 -0.324519 -0.502341
v -0.397738 -0.324186 -0.501558
v -0.397802 -0.323869 -0.501348
v -0.397792 -0.324364 -0.502649
v -0.379171 -0.323505 -0.501092
v -0.379210 -0.321999 -0.501012
v -0.314866 -0.305820 -0.501012
v -0.304506 -0.305111 -0.501092
v -0.313072 -0.307028 -0.501176
v -0.291975 -0.303587 -0.501092
v 0.397810 -0.266395 -0.542768
v -0.395902 -0.318699 -0.542768
v -0.360137 -0.320120 -0.501092
v -0.355698 -0.317219 -0.500987
v -0.344789 -0.316261 -0.501094
v -0.322534 -0.309243 -0.501092
v -0.298939 -0.300072 -0.500986
v -0.395823 -0.265263 -0.500986
v -0.398510 -0.318695 -0.541656
v -0.398510 -0.266398 -0.504169
v -0.398361 -0.321438 -0.542392
v -0.398239 -0.323452 -0.542364
v -0.398365 -0.323533 -0.541956
v -0.398473 -0.321879 -0.502422
v -0.397041 -0.321811 -0.501013
v -0.398510 -0.266398 -0.541656
v -0.397792 -0.321443 -0.501096
v -0.397905 -0.323437 -0.501231
v -0.396821 -0.323532 -0.501095
v -0.397021 -0.321973 -0.542750
v -0.397004 -0.263140 -0.501012
v -0.395905 -0.318695 -0.500986
v -0.398473 -0.263165 -0.502448
v -0.398360 -0.263608 -0.501519
v -0.398239 -0.261574 -0.501558
v -0.398362 -0.261490 -0.502662
v -0.395906 -0.266399 -0.542768
v -0.397791 -0.263615 -0.542690
v -0.397920 -0.261595 -0.542591
v -0.396798 -0.261488 -0.542693
v 0.397814 -0.324529 -0.542097
v 0.397815 -0.260436 -0.542096
v 0.378928 -0.324454 -0.536254
v 0.374424 -0.323883 -0.536016
v 0.375567 -0.324527 -0.536541
v 0.381006 -0.324508 -0.535866
v 0.298192 -0.262207 -0.501012
v 0.398904 -0.263080 -0.542749
v 0.397808 -0.318697 -0.542768
v 0.355899 -0.324296 -0.536326
v 0.348696 -0.324486 -0.536573
v 0.374661 -0.324355 -0.536270
v 0.366721 -0.324007 -0.536147
v 0.327643 -0.324390 -0.536568
v 0.345236 -0.324003 -0.536265
v 0.326032 -0.322732 -0.536181
v 0.315098 -0.307975 -0.535895
v 0.323866 -0.310642 -0.535984
v 0.346585 -0.317622 -0.535983
v 0.325671 -0.310700 -0.535839
v 0.312760 -0.308697 -0.536027
v 0.347417 -0.317596 -0.535855
v 0.354149 -0.260890 -0.501251
v 0.298686 -0.261136 -0.501090
v 0.306147 -0.260767 -0.501248
v 0.256148 -0.302789 -0.501251
v 0.277367 -0.303071 -0.501251
v 0.282336 -0.301514 -0.501012
v 0.269220 -0.302461 -0.501092
v 0.400382 -0.263103 -0.502463
v 0.370367 -0.322810 -0.535714
v 0.370895 -0.322809 -0.534704
v 0.363620 -0.321494 -0.535820
v 0.364346 -0.321526 -0.534777
v 0.356864 -0.319860 -0.534703
v 0.356334 -0.319826 -0.535764
v 0.348540 -0.317779 -0.535682
v 0.340365 -0.315260 -0.535682
v 0.340433 -0.315192 -0.534704
v 0.324572 -0.310218 -0.535684
v 0.331981 -0.312439 -0.534742
v 0.323531 -0.309804 -0.534706
v 0.314965 -0.307653 -0.535682
v 0.306415 -0.306016 -0.535682
v 0.306302 -0.306371 -0.535914
v 0.306422 -0.305862 -0.534706
v 0.297865 -0.304897 -0.535682
v 0.297859 -0.304730 -0.534735
v 0.289321 -0.304008 -0.534705
v 0.289315 -0.304179 -0.535682
v 0.295410 -0.304876 -0.535853
v 0.275865 -0.303561 -0.535682
v 0.277422 -0.303883 -0.535855
v 0.272219 -0.303313 -0.534705
v 0.255447 -0.303324 -0.535682
v 0.259177 -0.303177 -0.534892
v 0.256169 -0.303604 -0.535855
v 0.378348 -0.324219 -0.535738
v 0.378671 -0.324178 -0.534734
v 0.382277 -0.324582 -0.536503
v 0.399015 -0.260438 -0.541974
v 0.397814 -0.260380 -0.541656
v 0.399014 -0.260444 -0.502613
v 0.400383 -0.321950 -0.542061
v 0.400382 -0.321861 -0.502419
v 0.348738 -0.317755 -0.534741
v 0.378806 -0.324195 -0.504191
v 0.364413 -0.321525 -0.502591
v 0.314957 -0.307509 -0.534736
v 0.331997 -0.312430 -0.502590
v 0.280759 -0.303573 -0.534735
v 0.297862 -0.304715 -0.502589
v 0.260361 -0.303167 -0.502590
v 0.241908 -0.303132 -0.533251
v 0.382383 -0.324582 -0.504170
v 0.380937 -0.324481 -0.502591
v 0.400148 -0.261574 -0.542364
v 0.399938 -0.261119 -0.542385
v 0.399829 -0.261595 -0.542591
v 0.400059 -0.260936 -0.541975
v 0.400273 -0.261488 -0.541957
v 0.400268 -0.263607 -0.542392
v 0.400382 -0.263131 -0.542040
v 0.400054 -0.263529 -0.542578
v 0.399015 -0.324527 -0.541974
v 0.334657 -0.324582 -0.536956
v 0.290044 -0.324297 -0.536573
v 0.318358 -0.323705 -0.536326
v 0.323536 -0.260420 -0.502336
v 0.397819 -0.260380 -0.504222
v 0.397845 -0.260436 -0.502352
v 0.311708 -0.260537 -0.501511
v 0.399700 -0.260610 -0.502650
v 0.400057 -0.260940 -0.502621
v 0.398778 -0.260940 -0.501254
v 0.398732 -0.260607 -0.501521
v 0.399958 -0.261091 -0.501579
v 0.399647 -0.260799 -0.501558
v 0.399710 -0.261133 -0.501347
v 0.400268 -0.323530 -0.502634
v 0.400056 -0.324052 -0.502614
v 0.400269 -0.321438 -0.501519
v 0.399711 -0.323869 -0.501348
v 0.399958 -0.323910 -0.501579
v 0.400148 -0.323453 -0.501558
v 0.399814 -0.323437 -0.501231
v 0.356868 -0.319848 -0.502638
v 0.348752 -0.317745 -0.502591
v 0.370882 -0.322792 -0.502639
v 0.366222 -0.321421 -0.501252
v 0.378848 -0.323993 -0.501517
v 0.367303 -0.321934 -0.501515
v 0.356877 -0.319666 -0.501517
v 0.348746 -0.317286 -0.501251
v 0.348746 -0.317567 -0.501517
v 0.356876 -0.319375 -0.501251
v 0.323519 -0.309787 -0.502638
v 0.314961 -0.307495 -0.502589
v 0.340416 -0.315173 -0.502639
v 0.335899 -0.313270 -0.501252
v 0.340447 -0.315013 -0.501517
v 0.324478 -0.309901 -0.501518
v 0.314982 -0.307027 -0.501175
v 0.314965 -0.307351 -0.501517
v 0.323514 -0.309391 -0.501251
v 0.289316 -0.303993 -0.502638
v 0.280762 -0.303558 -0.502590
v 0.306417 -0.305846 -0.502637
v 0.306415 -0.305482 -0.501251
v 0.306415 -0.305705 -0.501517
v 0.297865 -0.304362 -0.501251
v 0.297865 -0.304579 -0.501517
v 0.289315 -0.303858 -0.501517
v 0.289315 -0.303644 -0.501251
v 0.241709 -0.303124 -0.502603
v 0.272215 -0.303298 -0.502638
v 0.275862 -0.303236 -0.501517
v 0.255450 -0.302998 -0.501517
v -0.239999 -0.303132 -0.504168
v 0.378723 -0.324130 -0.502343
v 0.382383 -0.324529 -0.502340
v 0.381822 -0.324367 -0.501517
v 0.294053 -0.305208 -0.535960
v 0.286243 -0.305435 -0.536019
v 0.269327 -0.304093 -0.535959
v 0.361281 -0.323121 -0.536053
v 0.305967 -0.319360 -0.536091
v 0.353042 -0.319889 -0.536029
v 0.364892 -0.322158 -0.536018
v 0.355639 -0.319970 -0.535979
v 0.398911 -0.263139 -0.501012
v 0.398931 -0.321983 -0.542749
v 0.398741 -0.324057 -0.542580
v 0.381142 -0.324046 -0.501252
v 0.398794 -0.324519 -0.502340
v -0.332530 -0.324582 -0.536958
v 0.400418 -0.318710 -0.541655
v 0.399702 -0.324370 -0.541952
v 0.400059 -0.324057 -0.541975
v 0.398701 -0.324371 -0.542393
v 0.399641 -0.324139 -0.542420
v 0.399937 -0.323882 -0.542386
v 0.379501 -0.324582 -0.536955
v 0.398750 -0.261502 -0.501094
v 0.400054 -0.263528 -0.501256
v 0.399700 -0.263610 -0.501097
v 0.399813 -0.261590 -0.501231
v 0.398704 -0.323534 -0.542693
v 0.399700 -0.321436 -0.542690
v 0.399829 -0.323432 -0.542591
v 0.398703 -0.260603 -0.542393
v 0.398744 -0.260935 -0.542580
v 0.399702 -0.260604 -0.541952
v 0.399641 -0.260847 -0.542419
v 0.397814 -0.324582 -0.504170
v 0.399015 -0.324529 -0.504169
v 0.398752 -0.324363 -0.501519
v 0.398792 -0.324050 -0.501255
v 0.399700 -0.324364 -0.502650
v 0.399647 -0.324186 -0.501558
v 0.381109 -0.321998 -0.501012
v 0.381189 -0.323521 -0.501092
v 0.316768 -0.305818 -0.501012
v 0.293882 -0.303587 -0.501092
v 0.306415 -0.305111 -0.501092
v 0.355863 -0.317399 -0.501012
v 0.346691 -0.316259 -0.501094
v 0.361994 -0.320109 -0.501092
v 0.371289 -0.318197 -0.500986
v 0.324442 -0.309243 -0.501092
v 0.400418 -0.266402 -0.541655
v 0.400269 -0.321441 -0.542392
v 0.400274 -0.323533 -0.541956
v 0.400148 -0.323453 -0.542364
v 0.400056 -0.321496 -0.501254
v 0.400418 -0.318696 -0.504169
v 0.397814 -0.318693 -0.500986
v 0.398949 -0.321810 -0.501013
v 0.399700 -0.321441 -0.501096
v 0.398754 -0.323531 -0.501096
v 0.400056 -0.321500 -0.542579
v 0.397780 -0.265972 -0.500986
v 0.400418 -0.266396 -0.504169
v 0.400268 -0.263610 -0.501519
v 0.400271 -0.261490 -0.502666
v 0.400148 -0.261574 -0.501558
v 0.399699 -0.263616 -0.542690
v 0.398704 -0.261488 -0.542693
v 0.154481 -0.367119 -0.584079
v 0.130515 -0.362582 -0.585051
v 0.131152 -0.362562 -0.585380
v 0.130516 -0.312904 -0.584451
v 0.130516 -0.312904 -0.580988
v 0.130511 -0.313349 -0.580161
v 0.130518 -0.319673 -0.578163
v 0.130303 -0.371144 -0.579187
v 0.130516 -0.369953 -0.585235
v 0.154250 -0.368626 -0.578172
v 0.130303 -0.380289 -0.581387
v 0.130303 -0.382750 -0.585399
v 0.130298 -0.386370 -0.584251
v 0.154250 -0.369953 -0.585235
v 0.154250 -0.374268 -0.585886
v 0.153560 -0.373564 -0.586090
v 0.154250 -0.377771 -0.587004
v 0.153560 -0.377118 -0.587140
v 0.154481 -0.373905 -0.584719
v 0.154481 -0.378694 -0.586209
v 0.154481 -0.382763 -0.585392
v 0.130516 -0.368626 -0.578172
v 0.130516 -0.374724 -0.578772
v 0.131155 -0.375651 -0.578646
v 0.130516 -0.378227 -0.579699
v 0.130514 -0.381496 -0.580974
v 0.131155 -0.381189 -0.580514
v 0.130303 -0.313345 -0.580889
v 0.154480 -0.313343 -0.580890
v 0.154481 -0.319662 -0.579149
v 0.154480 -0.313344 -0.584405
v 0.130517 -0.319236 -0.585051
v 0.130511 -0.313348 -0.585132
v 0.154250 -0.312904 -0.580988
v 0.154250 -0.312904 -0.584451
v 0.131155 -0.366890 -0.585441
v 0.153560 -0.369288 -0.585551
v 0.131155 -0.369288 -0.585551
v 0.131153 -0.379396 -0.588207
v 0.131155 -0.372831 -0.578179
v 0.153560 -0.375651 -0.578646
v 0.153560 -0.369977 -0.577932
v 0.131155 -0.369977 -0.577932
v 0.131155 -0.378347 -0.579394
v 0.153560 -0.381189 -0.580514
v 0.131155 -0.384446 -0.582095
v 0.131155 -0.388269 -0.584096
v 0.131155 -0.366960 -0.577839
v 0.130303 -0.319663 -0.579149
v 0.154481 -0.319681 -0.584066
v 0.154251 -0.362579 -0.585051
v 0.130681 -0.313019 -0.580437
v 0.131155 -0.312755 -0.584459
v 0.154481 -0.371144 -0.579187
v 0.130516 -0.374268 -0.585886
v 0.130516 -0.377770 -0.587004
v 0.130303 -0.375478 -0.585006
v 0.130518 -0.379692 -0.587919
v 0.130303 -0.380586 -0.587040
v 0.154250 -0.372774 -0.578507
v 0.154250 -0.375562 -0.578967
v 0.154250 -0.378227 -0.579699
v 0.154252 -0.381496 -0.580974
v 0.154481 -0.380288 -0.581387
v 0.154481 -0.380586 -0.587040
v 0.154259 -0.387825 -0.584139
v 0.154483 -0.386441 -0.584245
v 0.154248 -0.319674 -0.578163
v 0.154256 -0.313348 -0.585132
v 0.154071 -0.313019 -0.584964
v 0.131155 -0.312756 -0.581029
v 0.131155 -0.312904 -0.580293
v 0.153560 -0.312904 -0.580293
v 0.130303 -0.319680 -0.584066
v 0.130303 -0.367120 -0.584078
v 0.153555 -0.379477 -0.588760
v 0.131155 -0.388950 -0.584347
v 0.153560 -0.388950 -0.584347
v 0.154733 -0.379025 -0.589969
v 0.154374 -0.379766 -0.588448
v 0.154733 -0.379866 -0.588511
v 0.155499 -0.379879 -0.588520
v 0.154598 -0.380939 -0.587184
v 0.154566 -0.382182 -0.586115
v 0.155499 -0.382246 -0.586153
v 0.154586 -0.383655 -0.585284
v 0.154559 -0.385213 -0.584699
v 0.155499 -0.385280 -0.584738
v 0.154573 -0.386878 -0.584414
v 0.154408 -0.388636 -0.584380
v 0.155499 -0.388614 -0.584447
v 0.154351 -0.390235 -0.584714
v 0.155478 -0.395999 -0.608719
v 0.155478 -0.392761 -0.609586
v 0.155477 -0.389422 -0.609294
v 0.155490 -0.386384 -0.607877
v 0.155490 -0.378451 -0.596547
v 0.155477 -0.378159 -0.593207
v 0.155509 -0.379048 -0.589979
v 0.155498 -0.380961 -0.587235
v 0.155498 -0.383702 -0.585316
v 0.155498 -0.386935 -0.584450
v 0.155509 -0.390266 -0.584749
v 0.155478 -0.393310 -0.586143
v 0.155476 -0.396232 -0.589301
v 0.155478 -0.401244 -0.597474
v 0.155477 -0.401536 -0.600813
v 0.155477 -0.400668 -0.604051
v 0.155478 -0.398745 -0.606797
v 0.156731 -0.399832 -0.602632
v 0.156679 -0.394113 -0.608154
v 0.155482 -0.397457 -0.607879
v 0.156679 -0.391182 -0.608410
v 0.156679 -0.388340 -0.607649
v 0.156680 -0.385788 -0.605749
v 0.156679 -0.379335 -0.594787
v 0.155487 -0.379163 -0.598324
v 0.156679 -0.379592 -0.591856
v 0.156679 -0.380835 -0.589190
v 0.156679 -0.382916 -0.587110
v 0.156679 -0.385582 -0.585866
v 0.156679 -0.388513 -0.585610
v 0.156679 -0.391354 -0.586372
v 0.156688 -0.393939 -0.588317
v 0.156611 -0.395369 -0.589997
v 0.156679 -0.400359 -0.599234
v 0.155487 -0.400532 -0.595696
v 0.156679 -0.400103 -0.602164
v 0.156679 -0.398859 -0.604831
v 0.155477 -0.380416 -0.600368
v 0.155401 -0.399278 -0.593650
v 0.156731 -0.399779 -0.597240
v 0.156731 -0.396271 -0.607095
v 0.156731 -0.385114 -0.586137
v 0.156731 -0.380651 -0.589698
v 0.131159 -0.379476 -0.588762
v 0.130362 -0.379766 -0.588448
v 0.130182 -0.382143 -0.586101
v 0.130182 -0.380857 -0.587178
v 0.130182 -0.383599 -0.585263
v 0.130362 -0.388562 -0.584349
v 0.130117 -0.386923 -0.584429
v 0.130508 -0.387825 -0.584139
v 0.154247 -0.379691 -0.587918
v 0.156669 -0.395505 -0.607659
v 0.156679 -0.396779 -0.606911
v 0.156713 -0.392655 -0.608370
v 0.156726 -0.389743 -0.608100
v 0.156729 -0.387043 -0.606813
v 0.156678 -0.381375 -0.599670
v 0.156668 -0.384337 -0.603938
v 0.155623 -0.383556 -0.604648
v 0.156612 -0.379520 -0.596260
v 0.156730 -0.379882 -0.596760
v 0.156680 -0.380247 -0.597835
v 0.156721 -0.379384 -0.593318
v 0.156669 -0.380087 -0.590464
v 0.156669 -0.381777 -0.588051
v 0.156669 -0.384190 -0.586362
v 0.156669 -0.387035 -0.585599
v 0.156730 -0.389951 -0.585925
v 0.156613 -0.392670 -0.587047
v 0.155622 -0.399176 -0.593712
v 0.156670 -0.400114 -0.597784
v 0.156680 -0.399447 -0.596185
v 0.156669 -0.400370 -0.600711
v 0.156669 -0.399608 -0.603557
v 0.156669 -0.397918 -0.605969
v 0.156680 -0.398316 -0.594348
v 0.156730 -0.393022 -0.587560
v 0.153560 -0.366982 -0.577839
v 0.153560 -0.371502 -0.585755
v 0.153560 -0.375502 -0.586595
v 0.153562 -0.379396 -0.588207
v 0.153560 -0.378214 -0.587596
v 0.153560 -0.312756 -0.581029
v 0.153560 -0.362561 -0.585380
v 0.146564 -0.327587 -0.577844
v 0.153560 -0.312904 -0.585146
v 0.153560 -0.312755 -0.584459
v 0.153560 -0.388269 -0.584096
v 0.155482 -0.394419 -0.609295
v 0.155482 -0.391079 -0.609587
v 0.155487 -0.384957 -0.606600
v 0.129821 -0.379025 -0.589969
v 0.129821 -0.380948 -0.587223
v 0.129821 -0.383695 -0.585300
v 0.130516 -0.390254 -0.584719
v 0.155482 -0.391854 -0.585301
v 0.155487 -0.394737 -0.587420
v 0.155398 -0.383464 -0.604722
v 0.153583 -0.313350 -0.579917
v 0.153575 -0.313350 -0.585375
v 0.131155 -0.373564 -0.586090
v 0.131155 -0.377118 -0.587140
v 0.138286 -0.327587 -0.577844
v 0.131155 -0.319695 -0.577837
v 0.131155 -0.312904 -0.585146
v 0.131133 -0.313350 -0.579917
v 0.130303 -0.313342 -0.584405
v 0.130681 -0.313019 -0.584964
v 0.154071 -0.313019 -0.580437
v 0.154256 -0.313349 -0.580161
v 0.154249 -0.319218 -0.585051
v 0.131155 -0.332784 -0.577836
v 0.131141 -0.313350 -0.585375
v 0.153559 -0.319699 -0.577836
v -0.095384 -0.397457 -0.607879
v 0.155482 -0.387841 -0.608720
v 0.129821 -0.379866 -0.588511
v 0.129821 -0.382237 -0.586140
v 0.130129 -0.385266 -0.584720
v 0.129821 -0.388616 -0.584431
v 0.155482 -0.401537 -0.599131
v 0.144648 -0.337275 -0.577843
v 0.142425 -0.337740 -0.577845
v 0.146562 -0.336031 -0.577847
v 0.138289 -0.336031 -0.577847
v 0.137027 -0.334085 -0.577851
v 0.136525 -0.331810 -0.577844
v 0.153560 -0.332745 -0.577836
v 0.140201 -0.326342 -0.577840
v 0.142425 -0.325881 -0.577844
v 0.140202 -0.337275 -0.577843
v 0.142425 -0.337192 -0.578399
v 0.146180 -0.335645 -0.578399
v 0.147824 -0.334085 -0.577851
v 0.148325 -0.331810 -0.577844
v 0.147778 -0.331810 -0.578398
v 0.147824 -0.329535 -0.577851
v 0.146180 -0.327975 -0.578398
v 0.144644 -0.326356 -0.577851
v 0.142425 -0.326429 -0.578398
v 0.138671 -0.327975 -0.578398
v 0.137027 -0.329535 -0.577851
v 0.137073 -0.331810 -0.578398
v 0.140405 -0.336779 -0.578404
v 0.144445 -0.336779 -0.578404
v 0.147340 -0.333884 -0.578404
v 0.147340 -0.329737 -0.578404
v 0.144445 -0.326842 -0.578404
v 0.140405 -0.326842 -0.578404
v 0.137511 -0.329737 -0.578404
v 0.137511 -0.333884 -0.578404
v 0.138671 -0.335645 -0.578398
v 0.142425 -0.337169 -0.585014
v 0.146164 -0.335629 -0.585014
v 0.147756 -0.331810 -0.585014
v 0.146164 -0.327991 -0.585014
v 0.142425 -0.326451 -0.585014
v 0.138686 -0.327991 -0.585014
v 0.137095 -0.331810 -0.585014
v 0.140414 -0.336758 -0.585010
v 0.138686 -0.335629 -0.585014
v 0.144437 -0.336758 -0.585010
v 0.147319 -0.333875 -0.585010
v 0.147319 -0.329745 -0.585010
v 0.144437 -0.326862 -0.585010
v 0.140414 -0.326862 -0.585010
v 0.137532 -0.329745 -0.585010
v 0.137532 -0.333875 -0.585010
v 0.140461 -0.336644 -0.585169
v 0.138775 -0.335540 -0.585169
v 0.142425 -0.337043 -0.585169
v 0.142425 -0.336912 -0.584927
v 0.140510 -0.336524 -0.584920
v 0.144390 -0.336644 -0.585169
v 0.146076 -0.335540 -0.585169
v 0.145983 -0.335447 -0.584927
v 0.144341 -0.336525 -0.584923
v 0.147205 -0.333827 -0.585169
v 0.147630 -0.331810 -0.585169
v 0.147502 -0.331810 -0.584933
v 0.147085 -0.333777 -0.584920
v 0.147205 -0.329793 -0.585169
v 0.146076 -0.328080 -0.585169
v 0.145986 -0.328171 -0.584934
v 0.147086 -0.329842 -0.584923
v 0.144390 -0.326976 -0.585169
v 0.142425 -0.326577 -0.585169
v 0.142425 -0.326708 -0.584926
v 0.144341 -0.327095 -0.584923
v 0.140461 -0.326976 -0.585169
v 0.138775 -0.328080 -0.585169
v 0.138865 -0.328171 -0.584933
v 0.140510 -0.327095 -0.584923
v 0.137646 -0.329793 -0.585169
v 0.137221 -0.331810 -0.585169
v 0.137349 -0.331810 -0.584933
v 0.137766 -0.329843 -0.584920
v 0.137646 -0.333827 -0.585169
v 0.137766 -0.333777 -0.584920
v 0.147486 -0.331810 -0.578396
v 0.145975 -0.328182 -0.578396
v 0.138876 -0.328182 -0.578396
v 0.137365 -0.331810 -0.578397
v 0.138867 -0.335447 -0.584927
v 0.142425 -0.336894 -0.578379
v 0.145970 -0.335434 -0.578379
v 0.142425 -0.326727 -0.578379
v 0.140516 -0.336510 -0.578413
v 0.138880 -0.335434 -0.578379
v 0.144335 -0.336512 -0.578418
v 0.147071 -0.333772 -0.578413
v 0.147072 -0.329848 -0.578418
v 0.144335 -0.327109 -0.578418
v 0.140515 -0.327109 -0.578418
v 0.137780 -0.329849 -0.578413
v 0.137780 -0.333772 -0.578413
v 0.140588 -0.336335 -0.577934
v 0.139011 -0.335302 -0.577934
v 0.142425 -0.336708 -0.577934
v 0.142425 -0.336332 -0.577776
v 0.139276 -0.335034 -0.577776
v 0.144263 -0.336335 -0.577934
v 0.145839 -0.335302 -0.577934
v 0.145476 -0.334935 -0.577732
v 0.144120 -0.335987 -0.577776
v 0.146896 -0.333699 -0.577934
v 0.147294 -0.331810 -0.577934
v 0.146917 -0.331810 -0.577775
v 0.146549 -0.333554 -0.577776
v 0.146896 -0.329922 -0.577934
v 0.145839 -0.328319 -0.577934
v 0.145574 -0.328587 -0.577775
v 0.144263 -0.327286 -0.577934
v 0.142425 -0.326912 -0.577934
v 0.142425 -0.327289 -0.577775
v 0.140588 -0.327286 -0.577934
v 0.139011 -0.328319 -0.577934
v 0.139276 -0.328587 -0.577775
v 0.137955 -0.329922 -0.577934
v 0.137557 -0.331810 -0.577934
v 0.137934 -0.331810 -0.577775
v 0.137955 -0.333699 -0.577934
v 0.140803 -0.335851 -0.577732
v 0.146418 -0.330149 -0.577732
v 0.144079 -0.327782 -0.577732
v 0.140803 -0.327770 -0.577732
v 0.138451 -0.330106 -0.577732
v 0.138477 -0.333477 -0.577723
v 0.153560 -0.366891 -0.585441
v 0.153560 -0.372831 -0.578179
v 0.153560 -0.378347 -0.579394
v 0.153560 -0.384446 -0.582095
v 0.131155 -0.371502 -0.585755
v 0.131155 -0.375502 -0.586595
v 0.131155 -0.378215 -0.587596
v -0.070418 -0.362581 -0.585051
v -0.071057 -0.312755 -0.584459
v -0.070205 -0.367120 -0.584078
v -0.070205 -0.380290 -0.581387
v -0.070206 -0.375478 -0.585006
v -0.094153 -0.369953 -0.585235
v -0.094153 -0.374268 -0.585886
v -0.094152 -0.377771 -0.587004
v -0.094150 -0.379691 -0.587918
v -0.094383 -0.371146 -0.579187
v -0.094383 -0.373907 -0.584719
v -0.094383 -0.380287 -0.581386
v -0.094386 -0.386441 -0.584245
v -0.070419 -0.374724 -0.578772
v -0.070418 -0.378227 -0.579699
v -0.070417 -0.381496 -0.580974
v -0.070411 -0.387825 -0.584139
v -0.094383 -0.313342 -0.584405
v -0.071036 -0.313350 -0.579917
v -0.071057 -0.366891 -0.585441
v -0.071057 -0.369288 -0.585551
v -0.071058 -0.366967 -0.577839
v -0.071057 -0.369977 -0.577932
v -0.071057 -0.371502 -0.585755
v -0.071057 -0.375502 -0.586595
v -0.071057 -0.378215 -0.587596
v -0.071057 -0.375651 -0.578646
v -0.071057 -0.372831 -0.578179
v -0.071057 -0.381189 -0.580514
v -0.071057 -0.378347 -0.579394
v -0.071057 -0.388270 -0.584096
v -0.071057 -0.384446 -0.582095
v -0.093462 -0.388269 -0.584096
v -0.071036 -0.313350 -0.585375
v -0.094383 -0.319682 -0.584066
v -0.070420 -0.319236 -0.585051
v -0.070418 -0.368626 -0.578172
v -0.094153 -0.362579 -0.585051
v -0.094151 -0.319674 -0.578163
v -0.094153 -0.368626 -0.578172
v -0.070418 -0.312904 -0.580988
v -0.070584 -0.313019 -0.580437
v -0.071057 -0.312903 -0.585146
v -0.070418 -0.369953 -0.585235
v -0.070419 -0.374268 -0.585886
v -0.070419 -0.377770 -0.587004
v -0.094153 -0.375561 -0.578967
v -0.094153 -0.372774 -0.578507
v -0.094383 -0.378694 -0.586209
v -0.094153 -0.378227 -0.579699
v -0.094155 -0.381496 -0.580974
v -0.070206 -0.313344 -0.584405
v -0.070206 -0.313342 -0.580889
v -0.094158 -0.313349 -0.580161
v -0.094383 -0.313345 -0.580889
v -0.094152 -0.319218 -0.585051
v -0.094153 -0.312903 -0.584451
v -0.093974 -0.313019 -0.584964
v -0.071057 -0.312756 -0.581029
v -0.071057 -0.312904 -0.580293
v -0.070205 -0.319681 -0.584066
v -0.070205 -0.371145 -0.579187
v -0.070420 -0.319673 -0.578163
v -0.094383 -0.319662 -0.579149
v -0.094383 -0.367121 -0.584078
v -0.095384 -0.379163 -0.598324
v -0.071062 -0.379476 -0.588762
v -0.095384 -0.400532 -0.595696
v -0.094636 -0.379025 -0.589969
v -0.094636 -0.379866 -0.588511
v -0.094276 -0.379766 -0.588448
v -0.094500 -0.380939 -0.587184
v -0.094469 -0.382182 -0.586115
v -0.094488 -0.383655 -0.585284
v -0.094462 -0.385213 -0.584699
v -0.094476 -0.386878 -0.584414
v -0.094311 -0.388636 -0.584380
v -0.094254 -0.390235 -0.584713
v -0.095380 -0.395999 -0.608719
v -0.095380 -0.392761 -0.609587
v -0.095380 -0.389422 -0.609294
v -0.095393 -0.386384 -0.607877
v -0.095300 -0.383465 -0.604724
v -0.095393 -0.378451 -0.596547
v -0.095380 -0.378159 -0.593207
v -0.095412 -0.379048 -0.589979
v -0.095401 -0.380961 -0.587235
v -0.095401 -0.383702 -0.585315
v -0.095401 -0.386935 -0.584450
v -0.095412 -0.390266 -0.584749
v -0.095380 -0.393310 -0.586143
v -0.095378 -0.396234 -0.589302
v -0.095304 -0.399280 -0.593654
v -0.095380 -0.401244 -0.597474
v -0.095380 -0.401536 -0.600813
v -0.095380 -0.400668 -0.604051
v -0.095380 -0.398745 -0.606797
v -0.096634 -0.400102 -0.601623
v -0.095384 -0.394419 -0.609296
v -0.096582 -0.396779 -0.606911
v -0.095384 -0.391079 -0.609588
v -0.095384 -0.387841 -0.608720
v -0.095390 -0.384957 -0.606600
v -0.095385 -0.378158 -0.594889
v -0.096582 -0.380245 -0.597838
v -0.095385 -0.378450 -0.591550
v -0.095402 -0.379878 -0.588520
v -0.095402 -0.382246 -0.586153
v -0.095402 -0.385280 -0.584738
v -0.095402 -0.388614 -0.584447
v -0.095384 -0.391854 -0.585300
v -0.095384 -0.394737 -0.587420
v -0.096515 -0.392670 -0.587047
v -0.095384 -0.401537 -0.599131
v -0.096582 -0.399450 -0.596182
v -0.096515 -0.400174 -0.597766
v -0.095385 -0.401244 -0.602470
v -0.095385 -0.399827 -0.605508
v -0.095380 -0.380416 -0.600368
v -0.095525 -0.399176 -0.593711
v -0.096634 -0.389021 -0.585796
v -0.096634 -0.380651 -0.589697
v -0.096632 -0.384219 -0.586425
v -0.096633 -0.399848 -0.597398
v -0.096634 -0.391715 -0.608316
v -0.096632 -0.379677 -0.596292
v -0.096624 -0.379384 -0.593318
v -0.070265 -0.379766 -0.588448
v -0.069724 -0.379866 -0.588511
v -0.070085 -0.380857 -0.587177
v -0.070085 -0.382143 -0.586101
v -0.069724 -0.382237 -0.586140
v -0.070085 -0.383599 -0.585263
v -0.070033 -0.385265 -0.584720
v -0.070265 -0.388562 -0.584349
v -0.069724 -0.388616 -0.584431
v -0.094161 -0.387824 -0.584139
v -0.070201 -0.386370 -0.584250
v -0.070205 -0.382750 -0.585399
v -0.070205 -0.380586 -0.587040
v -0.070421 -0.379692 -0.587919
v -0.071056 -0.379396 -0.588207
v -0.093464 -0.379396 -0.588207
v -0.094383 -0.380586 -0.587040
v -0.094383 -0.382763 -0.585392
v -0.096572 -0.395505 -0.607659
v -0.096582 -0.394113 -0.608154
v -0.096572 -0.392659 -0.608421
v -0.096582 -0.391182 -0.608410
v -0.096572 -0.389725 -0.608164
v -0.096582 -0.388341 -0.607648
v -0.096575 -0.387061 -0.606914
v -0.096583 -0.385788 -0.605749
v -0.096570 -0.384337 -0.603938
v -0.096581 -0.381375 -0.599670
v -0.095525 -0.383556 -0.604648
v -0.096582 -0.379335 -0.594787
v -0.096582 -0.379592 -0.591856
v -0.096572 -0.380087 -0.590464
v -0.096582 -0.380835 -0.589190
v -0.096572 -0.381777 -0.588051
v -0.096582 -0.382916 -0.587110
v -0.096582 -0.385582 -0.585866
v -0.096572 -0.387035 -0.585599
v -0.096582 -0.388513 -0.585610
v -0.096572 -0.389969 -0.585856
v -0.096582 -0.391354 -0.586372
v -0.096582 -0.393911 -0.588271
v -0.096570 -0.395358 -0.590083
v -0.096581 -0.398320 -0.594350
v -0.096582 -0.400359 -0.599234
v -0.096572 -0.400370 -0.600711
v -0.096582 -0.400103 -0.602164
v -0.096572 -0.399607 -0.603556
v -0.096582 -0.398859 -0.604830
v -0.096572 -0.397918 -0.605969
v -0.096634 -0.397126 -0.606496
v -0.096634 -0.386549 -0.606348
v -0.096633 -0.393023 -0.587560
v -0.093463 -0.366962 -0.577839
v -0.093462 -0.369977 -0.577932
v -0.093462 -0.371502 -0.585755
v -0.093462 -0.369288 -0.585551
v -0.093462 -0.373563 -0.586090
v -0.093462 -0.375502 -0.586595
v -0.093462 -0.377118 -0.587140
v -0.093462 -0.378215 -0.587596
v -0.093478 -0.313350 -0.585375
v -0.093462 -0.366891 -0.585441
v -0.093462 -0.372831 -0.578179
v -0.093462 -0.378347 -0.579394
v -0.093462 -0.384446 -0.582095
v -0.093460 -0.362691 -0.585382
v -0.088228 -0.331810 -0.577844
v -0.087905 -0.329463 -0.577835
v -0.093462 -0.319699 -0.577836
v -0.093462 -0.312755 -0.584459
v -0.093462 -0.312903 -0.585146
v -0.093462 -0.312756 -0.581029
v -0.093462 -0.312904 -0.580293
v -0.093458 -0.379477 -0.588760
v -0.093462 -0.388950 -0.584347
v -0.076428 -0.331810 -0.577844
v -0.071057 -0.332718 -0.577835
v -0.071058 -0.319695 -0.577837
v -0.070414 -0.313348 -0.585132
v -0.070584 -0.313019 -0.584964
v -0.093486 -0.313350 -0.579917
v -0.070418 -0.312903 -0.584451
v -0.070414 -0.313349 -0.580161
v -0.070205 -0.319662 -0.579149
v -0.093974 -0.313019 -0.580437
v -0.094153 -0.312904 -0.580988
v -0.094158 -0.313348 -0.585132
v -0.071057 -0.362374 -0.585378
v 0.155482 -0.378158 -0.594890
v 0.155482 -0.378450 -0.591550
v -0.069723 -0.379025 -0.589969
v -0.069724 -0.380948 -0.587223
v -0.069724 -0.383695 -0.585300
v -0.070020 -0.386922 -0.584428
v -0.070420 -0.390252 -0.584718
v 0.155482 -0.401245 -0.602470
v 0.155481 -0.399828 -0.605509
v -0.084551 -0.337275 -0.577843
v -0.082328 -0.337748 -0.577839
v -0.082328 -0.325881 -0.577844
v -0.078192 -0.336031 -0.577847
v -0.076930 -0.334085 -0.577851
v -0.080104 -0.326342 -0.577840
v -0.080105 -0.337275 -0.577843
v -0.078573 -0.335645 -0.578398
v -0.086464 -0.336031 -0.577847
v -0.087727 -0.334085 -0.577851
v -0.087673 -0.329558 -0.577894
v -0.086467 -0.327587 -0.577844
v -0.084547 -0.326356 -0.577851
v -0.078189 -0.327587 -0.577844
v -0.076930 -0.329535 -0.577851
v -0.080308 -0.336779 -0.578404
v -0.078589 -0.335629 -0.585014
v -0.082328 -0.337192 -0.578399
v -0.084348 -0.336779 -0.578404
v -0.086083 -0.335645 -0.578399
v -0.087242 -0.333884 -0.578404
v -0.087681 -0.331810 -0.578398
v -0.087242 -0.329737 -0.578404
v -0.086083 -0.327975 -0.578398
v -0.084348 -0.326842 -0.578404
v -0.082328 -0.326429 -0.578398
v -0.080308 -0.326842 -0.578404
v -0.078573 -0.327975 -0.578398
v -0.077414 -0.329737 -0.578404
v -0.076975 -0.331810 -0.578398
v -0.077414 -0.333884 -0.578404
v -0.080317 -0.336758 -0.585010
v -0.082328 -0.337169 -0.585014
v -0.084340 -0.336758 -0.585010
v -0.086067 -0.335629 -0.585014
v -0.087222 -0.333875 -0.585010
v -0.087658 -0.331810 -0.585014
v -0.087222 -0.329745 -0.585010
v -0.086067 -0.327991 -0.585014
v -0.084340 -0.326862 -0.585010
v -0.082328 -0.326451 -0.585013
v -0.080317 -0.326862 -0.585010
v -0.078589 -0.327991 -0.585014
v -0.077435 -0.329745 -0.585010
v -0.076998 -0.331810 -0.585014
v -0.077435 -0.333875 -0.585010
v -0.080364 -0.336644 -0.585169
v -0.078678 -0.335540 -0.585169
v -0.078770 -0.335447 -0.584927
v -0.082328 -0.337043 -0.585169
v -0.084293 -0.336644 -0.585169
v -0.085979 -0.335540 -0.585169
v -0.087107 -0.333827 -0.585169
v -0.087532 -0.331810 -0.585169
v -0.087107 -0.329793 -0.585169
v -0.085979 -0.328080 -0.585169
v -0.084293 -0.326976 -0.585169
v -0.082328 -0.326577 -0.585169
v -0.080364 -0.326976 -0.585169
v -0.078678 -0.328080 -0.585169
v -0.077549 -0.329793 -0.585169
v -0.077124 -0.331810 -0.585169
v -0.077549 -0.333827 -0.585169
v -0.080413 -0.336524 -0.584920
v -0.084243 -0.336524 -0.584920
v -0.086988 -0.333777 -0.584920
v -0.087405 -0.331810 -0.584933
v -0.086989 -0.329842 -0.584923
v -0.085889 -0.328171 -0.584933
v -0.084244 -0.327095 -0.584923
v -0.082328 -0.326704 -0.584933
v -0.080412 -0.327095 -0.584923
v -0.077252 -0.331810 -0.584934
v -0.077668 -0.333777 -0.584920
v -0.078783 -0.335434 -0.578379
v -0.082328 -0.336912 -0.584927
v -0.085886 -0.335447 -0.584927
v -0.078770 -0.328173 -0.584926
v -0.077670 -0.329843 -0.584916
v -0.080419 -0.336510 -0.578413
v -0.082328 -0.336894 -0.578379
v -0.084238 -0.336510 -0.578413
v -0.085873 -0.335434 -0.578379
v -0.086974 -0.333772 -0.578412
v -0.087389 -0.331810 -0.578396
v -0.086975 -0.329848 -0.578417
v -0.085878 -0.328182 -0.578396
v -0.084238 -0.327109 -0.578418
v -0.082328 -0.326720 -0.578396
v -0.080418 -0.327109 -0.578417
v -0.078783 -0.328187 -0.578378
v -0.077688 -0.329851 -0.578392
v -0.077267 -0.331810 -0.578397
v -0.077682 -0.333772 -0.578413
v -0.080491 -0.336334 -0.577934
v -0.078914 -0.335302 -0.577934
v -0.079179 -0.335034 -0.577775
v -0.080706 -0.335851 -0.577732
v -0.082328 -0.336332 -0.577776
v -0.082328 -0.336708 -0.577934
v -0.084165 -0.336334 -0.577934
v -0.084022 -0.335987 -0.577776
v -0.085379 -0.334935 -0.577732
v -0.085742 -0.335302 -0.577934
v -0.086799 -0.333699 -0.577934
v -0.086452 -0.333554 -0.577775
v -0.086819 -0.331810 -0.577775
v -0.087196 -0.331810 -0.577934
v -0.086799 -0.329922 -0.577934
v -0.086280 -0.330137 -0.577723
v -0.085477 -0.328587 -0.577775
v -0.085742 -0.328319 -0.577934
v -0.084165 -0.327286 -0.577934
v -0.083982 -0.327782 -0.577732
v -0.082328 -0.327289 -0.577775
v -0.082328 -0.326912 -0.577934
v -0.080491 -0.327286 -0.577934
v -0.080706 -0.327769 -0.577732
v -0.079179 -0.328587 -0.577775
v -0.078914 -0.328319 -0.577934
v -0.077858 -0.329922 -0.577934
v -0.078354 -0.330106 -0.577732
v -0.077837 -0.331810 -0.577775
v -0.077460 -0.331810 -0.577934
v -0.077858 -0.333699 -0.577934
v -0.078357 -0.333487 -0.577730
v -0.093462 -0.375651 -0.578646
v -0.093462 -0.381188 -0.580514
v -0.071057 -0.373564 -0.586090
v -0.071057 -0.377118 -0.587140
v -0.071057 -0.388950 -0.584347
vn -0.0080 0.0001 1.0000
vn -0.8775 0.0035 0.4796
vn -0.4534 0.4929 0.7426
vn 0.0573 0.0157 0.9982
vn 0.0080 0.0070 0.9999
vn 0.0370 0.0343 0.9987
vn 0.5883 0.5818 0.5617
vn 0.3345 0.3322 0.8819
vn 0.7252 0.0892 0.6827
vn -0.0006 0.9441 -0.3296
vn -0.3019 0.7189 -0.6261
vn -0.0002 0.7190 -0.6950
vn -1.0000 0.0012 0.0003
vn -0.7719 0.4459 -0.4531
vn -0.6370 0.7709 -0.0032
vn 0.1943 0.9660 0.1704
vn 0.0005 0.6731 0.7395
vn 0.4540 0.7845 0.4225
vn -0.4284 -0.7263 0.5375
vn -0.9162 -0.4006 0.0013
vn -0.7069 -0.3519 0.6136
vn -0.0002 -0.9944 0.1052
vn -0.4852 -0.4472 0.7515
vn -0.0002 -0.7922 0.6103
vn -0.0519 0.1128 0.9923
vn 0.0741 -0.0333 0.9967
vn 0.0495 -0.0775 0.9958
vn -0.7041 0.7100 0.0117
vn -0.0602 0.7405 0.6693
vn -0.7645 0.4545 0.4570
vn -0.0002 0.9945 0.1052
vn -0.4538 0.4849 0.7476
vn -0.7326 0.6747 0.0899
vn 0.7583 -0.3397 -0.5564
vn 0.6907 -0.7219 -0.0411
vn 0.5155 -0.6081 -0.6037
vn 0.7437 0.0017 -0.6686
vn 0.9472 0.3206 -0.0082
vn 0.6379 0.2549 -0.7267
vn -0.0003 -0.0063 1.0000
vn -0.6053 0.0024 0.7960
vn -0.8291 -0.0023 0.5590
vn 0.0002 0.9944 0.1052
vn 0.4528 0.4930 0.7429
vn 0.0001 0.7923 0.6102
vn -0.0007 -0.6705 0.7419
vn -0.0214 -0.0808 0.9965
vn -0.2423 -0.6778 0.6942
vn 0.9979 0.0030 0.0643
vn 0.4861 0.4469 0.7510
vn 0.7055 0.7055 0.0668
vn 0.4424 0.8089 -0.3872
vn 0.8448 0.4827 -0.2310
vn 0.6788 0.4291 -0.5959
vn -0.1470 -0.9810 0.1266
vn -0.4449 -0.8078 0.3866
vn -0.4748 -0.8702 0.1313
vn -0.0736 -0.0331 0.9967
vn 0.0517 0.1125 0.9923
vn -0.0495 -0.0775 0.9958
vn 0.6018 -0.5851 -0.5436
vn 0.8991 -0.3205 -0.2982
vn 0.7071 -0.7072 -0.0010
vn -0.9531 0.3027 0.0014
vn -0.4512 0.7853 0.4238
vn -0.7553 0.6554 0.0012
vn -0.0603 0.7477 -0.6613
vn -0.9877 -0.0037 0.1563
vn -0.4880 -0.5328 0.6914
vn -0.7063 -0.7063 0.0476
vn -0.1208 0.0003 0.9927
vn -0.6432 0.4375 0.6284
vn -0.7519 0.0016 0.6593
vn 0.7320 0.6752 0.0910
vn 0.8785 0.0069 0.4776
vn 0.9464 -0.3230 0.0002
vn 1.0000 -0.0050 0.0015
vn 0.9469 -0.3213 0.0068
vn -0.1270 -0.0001 0.9919
vn 0.0454 0.0135 0.9989
vn 0.0848 0.0003 0.9964
vn 0.1631 -0.9866 0.0018
vn 0.4766 -0.8692 0.1313
vn 0.1477 -0.9809 0.1269
vn 0.0158 0.0535 -0.9984
vn 0.3980 0.4784 -0.7828
vn 0.1666 0.5766 -0.7999
vn -0.9426 -0.3339 -0.0006
vn -0.9997 -0.0057 -0.0224
vn -0.9348 -0.3367 -0.1128
vn 1.0000 -0.0001 -0.0064
vn 0.6580 0.0065 -0.7530
vn 0.1857 -0.8255 -0.5329
vn -0.0000 0.0047 1.0000
vn -0.0002 0.7278 0.6858
vn -0.0000 -0.0046 1.0000
vn 0.4844 -0.4531 0.7483
vn 0.0003 -0.7875 0.6163
vn -0.0371 -0.0726 -0.9967
vn -0.6789 -0.3777 -0.6296
vn -0.4251 -0.7288 -0.5368
vn 0.0171 -0.0000 0.9999
vn -0.0000 0.0130 0.9999
vn 0.0001 0.0691 0.9976
vn -0.6805 0.4297 -0.5936
vn -0.9597 0.0017 -0.2809
vn -0.8459 0.4818 -0.2288
vn -0.9980 0.0032 0.0638
vn -0.9980 -0.0027 0.0637
vn -0.9879 0.0068 0.1551
vn 0.3085 0.9512 0.0056
vn 0.6973 0.7166 0.0162
vn 0.2576 0.9658 0.0296
vn -0.0001 -0.0209 0.9998
vn -0.0001 -0.1155 0.9933
vn -0.0166 -0.0974 0.9951
vn 0.0166 -0.0974 0.9951
vn 0.0060 -0.0112 0.9999
vn 0.0369 -0.0725 0.9967
vn -0.0166 -0.0976 -0.9951
vn -0.0001 -0.1158 -0.9933
vn -0.0000 -0.0211 -0.9998
vn -0.0370 -0.0725 0.9967
vn -0.0090 -0.0046 0.9999
vn -0.0060 -0.0113 0.9999
vn -0.0061 -0.0115 -0.9999
vn -0.0092 -0.0047 -0.9999
vn 0.0153 0.0001 0.9999
vn -0.0803 0.0001 0.9968
vn -0.0573 0.0156 0.9982
vn 0.0002 0.9461 0.3237
vn 0.2701 0.7700 0.5781
vn 0.0002 0.7196 0.6943
vn -0.8586 -0.5126 0.0034
vn -0.8741 -0.4387 0.2086
vn -0.0603 0.0202 -0.9980
vn -0.1035 0.0003 -0.9946
vn -0.0148 0.0002 -0.9999
vn -0.0370 0.0343 0.9987
vn 0.0086 -0.0084 0.9999
vn -0.0080 0.0071 0.9999
vn 0.0005 0.0021 -1.0000
vn -0.0013 -0.0029 -1.0000
vn -0.0309 0.0332 -0.9990
vn -0.0802 -0.0006 -0.9968
vn 0.0162 -0.0001 -0.9999
vn -0.0144 -0.0000 0.9999
vn -0.1033 -0.0002 0.9947
vn -0.5915 0.5749 0.5653
vn -0.3173 0.8990 0.3018
vn -0.6951 0.6948 0.1847
vn 0.8985 0.3144 0.3064
vn 0.0060 0.0070 -1.0000
vn 0.0309 0.0332 -0.9990
vn 0.0064 0.0067 1.0000
vn 0.0173 0.0538 0.9984
vn 0.0100 -0.0041 0.9999
vn 0.0557 -0.0328 0.9979
vn -0.7370 0.6714 0.0775
vn -0.0003 0.9924 0.1234
vn -0.0002 0.9944 0.1052
vn -0.6884 0.7253 -0.0062
vn -0.3079 0.9510 -0.0285
vn -0.7249 0.6888 0.0086
vn 0.3856 0.7694 0.5093
vn 0.1897 0.9818 0.0048
vn 0.1506 0.8833 0.4440
vn 0.6712 -0.6961 0.2550
vn 0.3117 -0.9502 0.0042
vn 0.6593 -0.7519 0.0038
vn 0.2612 0.7304 0.6311
vn 0.7249 0.6888 0.0088
vn 0.5764 0.5168 0.6329
vn -0.9419 -0.3358 0.0107
vn -0.5722 -0.4777 0.6666
vn -0.6906 -0.2063 0.6932
vn -0.6908 -0.7219 -0.0408
vn -0.7585 -0.3398 -0.5560
vn -0.5157 -0.6082 -0.6034
vn -0.7370 0.6714 0.0778
vn -0.0003 0.9923 0.1235
vn -0.0012 0.9131 0.4077
vn -0.0010 0.9987 -0.0504
vn 0.9488 0.2950 -0.1125
vn 0.6927 0.7211 -0.0161
vn 0.6436 0.7180 -0.2651
vn -0.7909 0.6119 -0.0097
vn -0.7509 0.0020 -0.6604
vn -0.9999 0.0030 -0.0120
vn 0.0758 -0.0003 0.9971
vn 0.7930 -0.0018 0.6092
vn 0.0753 -0.0005 0.9972
vn 0.6420 0.4580 0.6148
vn 0.4243 0.9055 0.0074
vn -0.0007 -0.9025 -0.4306
vn -0.1759 -0.9844 -0.0050
vn -0.0008 -1.0000 -0.0060
vn 0.5326 -0.8463 -0.0081
vn 0.1730 -0.8660 -0.4691
vn 0.1758 -0.9844 -0.0050
vn 0.7085 -0.7057 0.0075
vn 0.3528 -0.8876 0.2960
vn 0.3161 -0.9487 0.0089
vn 0.6804 0.1865 0.7087
vn 0.9999 0.0025 0.0119
vn 0.7479 0.0009 0.6638
vn 0.6960 0.1722 0.6971
vn 0.7021 0.0016 0.7120
vn -0.8476 -0.5305 -0.0146
vn 0.9456 -0.3246 -0.0199
vn 0.9999 -0.0050 -0.0126
vn 0.0605 0.7403 0.6696
vn 0.0706 -0.0050 0.9975
vn 0.2235 0.7064 0.6716
vn -0.4251 -0.7288 0.5367
vn -0.8491 -0.5282 0.0075
vn -0.6791 -0.3777 0.6294
vn 0.8476 -0.5305 -0.0147
vn 0.4251 -0.7286 -0.5371
vn -0.1732 -0.8659 -0.4692
vn 0.0006 0.9017 0.4323
vn 0.2571 0.9402 0.2235
vn 0.5998 0.6040 0.5248
vn 0.6926 0.6944 0.1953
vn 0.4253 -0.7291 0.5362
vn 0.1732 -0.8661 0.4689
vn 0.0370 -0.0726 -0.9967
vn 0.6791 -0.3776 -0.6295
vn 0.0559 -0.0329 -0.9979
vn -0.7461 -0.0012 0.6659
vn 0.0803 0.0001 0.9968
vn -0.0240 0.0595 0.9979
vn 0.0001 -0.0752 0.9972
vn 0.0214 -0.0808 0.9965
vn -0.0086 -0.0084 0.9999
vn 0.7237 -0.2068 0.6584
vn 0.0865 -0.0840 0.9927
vn 0.5832 -0.4824 0.6536
vn 0.6740 0.6740 0.3026
vn 0.0003 0.9923 0.1236
vn 0.0001 0.7276 0.6860
vn -0.0130 0.9999 -0.0001
vn -0.0000 0.9999 0.0128
vn 0.0037 1.0000 0.0001
vn -0.0978 -0.9952 -0.0034
vn -0.0341 -0.8561 -0.5157
vn -0.6674 -0.6564 -0.3518
vn 0.9162 -0.4008 0.0014
vn 0.4280 -0.7260 0.5382
vn 0.7065 -0.3520 0.6139
vn 0.8491 -0.5282 0.0075
vn 0.6792 -0.3778 0.6292
vn -0.2613 0.7305 0.6310
vn -0.0001 0.0780 0.9970
vn 0.0131 0.9999 0.0001
vn -0.0000 0.9999 -0.0127
vn -0.0037 1.0000 -0.0001
vn 0.6863 -0.2035 0.6982
vn 0.5773 -0.4879 0.6547
vn -0.6742 -0.6737 0.3025
vn -0.0003 -0.9943 0.1062
vn -0.0001 -0.7278 0.6857
vn -0.7018 -0.7123 -0.0111
vn -0.3271 -0.9449 -0.0132
vn -0.6236 -0.6961 0.3558
vn -0.0009 0.0059 1.0000
vn -0.3856 0.7693 0.5093
vn -0.6419 0.4579 0.6150
vn 0.1505 0.8834 -0.4438
vn 0.3856 0.7693 -0.5094
vn -0.7894 0.0062 0.6139
vn -0.0210 -0.0001 0.9998
vn -0.7252 -0.0132 0.6885
vn -0.8915 0.3267 0.3139
vn -0.7162 0.6979 0.0006
vn -0.6522 0.7051 0.2783
vn 0.8916 0.4528 -0.0104
vn 0.9999 0.0030 0.0099
vn 0.9999 0.0015 -0.0121
vn -0.0020 -0.9996 -0.0268
vn -0.3262 -0.9453 0.0013
vn -0.0017 -0.9999 -0.0150
vn 0.7041 0.7100 0.0117
vn 0.7655 0.4534 0.4565
vn 0.9401 0.2590 0.2216
vn 0.7308 0.2321 0.6420
vn 0.9999 -0.0013 0.0119
vn 0.7470 -0.0012 0.6648
vn 0.7003 -0.7138 -0.0093
vn 0.9351 -0.3360 -0.1126
vn 0.9416 -0.3368 -0.0010
vn 0.0016 0.9981 0.0617
vn 0.2793 0.7410 0.6107
vn -0.0179 0.0432 0.9989
vn -0.0000 0.0135 0.9999
vn 0.0001 -0.1155 0.9933
vn 0.0001 -0.0209 0.9998
vn 0.0001 -0.0210 -0.9998
vn 0.0001 -0.1157 -0.9933
vn 0.0166 -0.0976 -0.9951
vn 0.0092 -0.0047 -0.9999
vn 0.0060 -0.0115 -0.9999
vn -0.0153 0.0001 0.9999
vn 0.0148 0.0001 -0.9999
vn 0.1034 0.0003 -0.9946
vn 0.0603 0.0202 -0.9980
vn 0.0013 -0.0029 -1.0000
vn -0.0006 0.0021 -1.0000
vn 0.0802 -0.0001 -0.9968
vn -0.0162 -0.0001 -0.9999
vn 0.1033 -0.0002 0.9947
vn 0.0142 -0.0008 0.9999
vn -0.0158 0.0535 -0.9984
vn -0.0001 0.0122 -0.9999
vn -0.0001 0.0630 -0.9980
vn 0.3173 0.8995 0.3004
vn 0.0004 0.7281 0.6855
vn -0.0060 0.0071 -1.0000
vn -0.0559 -0.0329 -0.9979
vn -0.8286 -0.0030 0.5598
vn -0.0557 -0.0328 0.9979
vn -0.7371 -0.6714 0.0775
vn -0.9944 -0.0117 0.1047
vn -0.9944 -0.0034 0.1052
vn -0.0009 1.0000 0.0009
vn -0.1434 0.8903 0.4321
vn -0.0005 0.9014 0.4329
vn 0.4791 -0.8777 0.0008
vn 0.1586 -0.8604 0.4844
vn -0.1897 0.9818 0.0048
vn -0.1507 0.8832 0.4442
vn 0.8864 -0.3527 0.2997
vn -1.0000 0.0055 0.0046
vn -0.9401 0.2565 0.2245
vn -0.9566 0.2912 0.0116
vn 0.0001 0.0630 -0.9980
vn 0.0009 0.6764 -0.7366
vn 0.6375 0.7705 -0.0032
vn 0.0608 0.7479 -0.6610
vn 0.7728 0.4452 -0.4523
vn -0.9999 -0.0013 0.0119
vn -0.7472 -0.0012 0.6646
vn 0.1322 -0.7882 0.6011
vn 0.0707 -0.0061 0.9975
vn 0.1405 -0.9017 0.4090
vn -0.9442 0.3295 0.0004
vn -0.8992 0.3173 0.3014
vn -1.0000 -0.0033 0.0085
vn -0.7509 -0.0019 0.6604
vn 0.6432 0.4376 0.6283
vn 0.4207 0.9072 0.0011
vn 0.3856 0.7708 0.5071
vn 0.4816 0.8764 -0.0059
vn 0.6419 0.4579 -0.6150
vn 0.1405 -0.9901 0.0063
vn 0.0007 -0.9025 0.4306
vn 0.9478 -0.3189 0.0070
vn -0.5325 -0.8464 -0.0081
vn -0.7438 0.0017 -0.6684
vn -0.9472 0.3207 -0.0082
vn -0.9999 0.0024 -0.0104
vn -0.7501 -0.0023 -0.6613
vn -0.6380 0.2549 -0.7266
vn -0.6819 0.7313 -0.0121
vn -0.3210 -0.9468 0.0232
vn -0.6702 -0.6963 0.2570
vn -0.2729 -0.9030 0.3318
vn 0.3210 -0.9468 0.0232
vn 0.2728 -0.9027 0.3328
vn -0.2542 -0.6989 0.6685
vn -0.9994 -0.0068 -0.0338
vn -0.9454 -0.3254 -0.0201
vn -0.9464 -0.3231 0.0001
vn -0.2295 -0.7828 -0.5785
vn -0.0009 -0.8360 -0.5488
vn 0.9999 -0.0025 -0.0105
vn 0.0706 -0.0052 0.9975
vn 0.6628 -0.0037 0.7488
vn 0.0001 -0.1377 0.9905
vn -0.0000 -0.0000 1.0000
vn -0.0002 0.5382 0.8428
vn -0.0006 0.9016 -0.4326
vn -0.1507 0.8830 -0.4446
vn -0.0018 -0.5314 0.8471
vn -0.1593 -0.8912 0.4247
vn -0.0003 -0.9020 0.4318
vn 0.0006 -0.9029 0.4299
vn -0.5782 0.5209 0.6280
vn -0.9658 0.2590 0.0072
vn -0.6973 0.7166 0.0162
vn 0.9463 -0.3021 0.1147
vn 1.0000 -0.0026 -0.0003
vn 0.9484 -0.3170 0.0067
vn -0.9459 0.3034 -0.1151
vn -0.6183 0.7859 -0.0048
vn -0.6436 0.7180 -0.2651
vn -0.6804 0.1864 0.7087
vn 0.0010 -0.8362 -0.5485
vn 0.2281 -0.7943 -0.5631
vn -0.3266 -0.9449 -0.0219
vn -0.7023 -0.7118 -0.0098
vn 0.0001 0.0437 0.9990
vn 0.0009 0.8190 0.5737
vn -0.3980 0.4784 -0.7828
vn 0.2423 -0.6779 0.6941
vn -0.0173 0.0538 0.9984
vn -0.2469 -0.7292 -0.6382
vn -0.0012 -0.3570 -0.9341
vn -0.0006 -0.7525 -0.6586
vn -0.2579 0.9398 0.2244
vn -0.5997 0.6041 0.5248
vn -0.2328 0.7318 0.6405
vn -0.0221 -0.1058 0.9941
vn -0.1587 -0.8604 0.4843
vn 0.0014 -1.0000 0.0018
vn 0.0004 -1.0000 0.0026
vn -0.0007 -1.0000 0.0009
vn 0.0016 -0.9995 0.0313
vn 0.0009 -0.9373 0.3485
vn -0.4815 0.8764 0.0058
vn -0.8916 0.4527 0.0104
vn 1.0000 0.0025 0.0004
vn -0.8270 0.5623 0.0013
vn 0.3309 -0.9434 -0.0200
vn 0.3546 -0.9346 -0.0284
vn -0.9999 0.0025 0.0118
vn -1.0000 -0.0051 0.0015
vn -0.9468 -0.3219 0.0066
vn -0.9444 -0.3065 0.1190
vn -0.7284 -0.2462 -0.6394
vn -0.3563 -0.0019 -0.9344
vn -0.3191 -0.3167 -0.8932
vn 0.7418 -0.0012 -0.6707
vn -0.6013 -0.6013 -0.5262
vn 0.9242 -0.2884 -0.2506
vn -0.6907 -0.6926 -0.2077
vn -0.3110 -0.9504 -0.0076
vn -0.6843 -0.7291 -0.0045
vn 0.7304 -0.2461 -0.6372
vn 0.9598 -0.0017 -0.2807
vn -0.9235 -0.2896 -0.2515
vn -1.0000 -0.0026 0.0030
vn -0.7240 -0.2070 0.6580
vn -0.7496 -0.0011 0.6619
vn 0.6920 -0.6913 -0.2082
vn 0.3115 -0.9502 -0.0077
vn 0.2894 -0.9235 -0.2516
vn -0.5750 -0.5915 0.5653
vn -0.3173 -0.8992 0.3012
vn -0.0003 -0.7281 0.6854
vn -0.3024 0.7176 0.6274
vn -0.6655 0.4068 0.6258
vn -0.4177 0.8183 0.3948
vn 0.6012 -0.6012 -0.5264
vn 0.2470 -0.7292 -0.6382
vn -0.0001 -0.3548 0.9349
vn -0.2768 -0.0024 0.9609
vn -0.3216 -0.3434 0.8824
vn -0.3253 0.0029 0.9456
vn -0.7322 0.2381 0.6381
vn -0.7524 0.0007 0.6587
vn -0.4424 0.8089 -0.3871
vn -0.1671 0.9752 -0.1449
vn -0.1648 0.8897 -0.4258
vn -0.7278 0.0010 0.6858
vn -0.9925 -0.0056 0.1224
vn -0.7276 -0.0252 0.6855
vn 0.9877 -0.0037 0.1563
vn 0.8270 0.0032 0.5621
vn 0.0016 -0.0030 -1.0000
vn 0.3565 0.0019 -0.9343
vn 0.4258 -0.0026 -0.9048
vn -0.7526 0.0009 -0.6585
vn -0.3561 0.0038 -0.9344
vn -0.7419 -0.0012 -0.6705
vn -0.3161 -0.9487 0.0088
vn -0.0016 -0.9434 0.3317
vn -0.3528 -0.8876 0.2961
vn -0.7085 -0.7057 0.0074
vn -0.6508 -0.6922 0.3120
vn 0.0027 0.0001 1.0000
vn 0.8307 -0.0038 0.5567
vn 0.0014 -0.0001 1.0000
vn 0.5783 0.5210 0.6278
vn 0.9877 -0.0072 0.1563
vn 0.8248 0.0062 0.5654
vn 0.9979 0.0059 0.0650
vn -0.9670 0.0013 0.2549
vn 0.0009 -0.5318 0.8468
vn 0.1548 -0.8905 0.4278
vn 0.2634 -0.4730 0.8408
vn 0.8915 0.3269 0.3137
vn 0.7251 0.6886 0.0006
vn 0.9487 0.3162 0.0006
vn 0.0044 0.0295 0.9996
vn 0.2816 0.2862 0.9159
vn 0.0010 0.3245 0.9459
vn 0.3769 0.0019 0.9263
vn -1.0000 -0.0000 0.0008
vn -1.0000 0.0001 0.0030
vn -1.0000 -0.0000 0.0053
vn 0.0008 0.9669 0.2552
vn 0.2359 0.7305 0.6409
vn 0.8586 -0.5126 0.0034
vn 0.4790 -0.8778 0.0024
vn 1.0000 0.0023 0.0096
vn 0.9496 0.0019 0.3134
vn 0.8029 0.0010 0.5961
vn 0.9550 0.2966 0.0055
vn 0.0008 0.0059 -1.0000
vn -0.6927 0.1724 0.7004
vn -0.0378 0.0315 0.9988
vn -0.0454 0.0135 0.9989
vn 0.4450 -0.8078 0.3866
vn 0.9997 0.0083 -0.0241
vn 0.9599 0.0034 -0.2803
vn -0.4200 0.0015 0.9075
vn -0.6740 -0.0065 0.7387
vn 1.0000 0.0060 0.0034
vn 0.9459 0.3091 0.0986
vn 0.9562 0.2928 -0.0027
vn 0.6884 0.7253 -0.0062
vn -0.2227 0.7141 -0.6636
vn -1.0000 0.0001 -0.0055
vn -0.8124 0.5831 -0.0009
vn 1.0000 0.0005 0.0056
vn 0.5826 0.8127 0.0057
vn 0.0221 -0.1058 0.9941
vn 0.0212 0.1501 0.9885
vn -0.3111 -0.9504 0.0042
vn -0.0825 -0.0205 0.9964
vn 0.0378 0.0315 0.9988
vn 0.1673 0.9753 -0.1444
vn 0.4731 0.8694 -0.1424
vn 0.2563 -0.6975 0.6692
vn 0.0019 -1.0000 -0.0071
vn 0.3304 -0.9438 -0.0125
vn 0.6746 -0.7326 0.0909
vn 0.9945 -0.0062 0.1046
vn 0.6737 -0.6745 0.3020
vn -0.1795 0.9838 0.0007
vn -0.3857 0.7705 0.5075
vn -0.9481 -0.3180 0.0069
vn -0.5835 -0.4825 0.6533
vn -0.0012 1.0000 -0.0064
vn -0.3431 0.9393 -0.0062
vn -0.2815 0.9595 0.0062
vn 0.0708 0.0096 -0.9974
vn 0.7510 -0.0023 -0.6603
vn 0.0003 -0.9923 0.1239
vn 0.7055 -0.7056 0.0667
vn 0.6741 -0.6740 0.3021
vn -0.2662 0.9180 -0.2941
vn 0.0020 -0.9996 -0.0288
vn -0.1666 0.5766 -0.7999
vn -0.0009 0.6764 -0.7365
vn -0.0864 -0.0840 0.9927
vn -0.1732 -0.8659 0.4692
vn -0.0007 -0.9025 0.4306
vn 0.0006 0.9016 -0.4326
vn 0.0681 0.0511 0.9964
vn 0.0001 0.0655 0.9979
vn 0.0007 -0.9840 0.1779
vn 0.0004 -0.9265 0.3763
vn -1.0000 -0.0027 -0.0004
vn -1.0000 0.0044 0.0003
vn 0.0009 0.0059 1.0000
vn -0.0682 0.0512 0.9964
vn 0.2347 -0.0003 0.9721
vn -0.0426 0.0002 0.9991
vn -0.4759 0.8677 -0.1435
vn -0.8349 0.5504 -0.0042
vn -0.4799 0.8773 -0.0015
vn -0.0000 0.0046 1.0000
vn 0.0203 0.0001 0.9998
vn -0.1318 -0.9913 0.0024
vn -0.1421 -0.8992 0.4137
vn -0.1321 -0.7803 0.6113
vn -0.0013 0.9147 -0.4042
vn -0.2877 0.9573 -0.0275
vn -1.0000 0.0002 -0.0001
vn -1.0000 0.0001 -0.0008
vn 0.0024 1.0000 -0.0064
vn 0.2658 0.9182 -0.2936
vn 0.0009 0.9385 -0.3454
vn 0.2779 0.9606 -0.0043
vn 0.9554 0.2954 -0.0015
vn 0.9999 0.0153 -0.0020
vn 0.6816 0.7317 -0.0035
vn 0.1781 -0.9840 0.0039
vn 1.0000 -0.0090 -0.0001
vn 0.0972 -0.9953 -0.0032
vn -0.6056 0.0032 0.7957
vn 1.0000 0.0060 0.0005
vn -0.0002 0.0342 -0.9994
vn -0.3366 0.0235 -0.9414
vn -0.0001 0.0329 -0.9995
vn 0.2877 0.9573 -0.0275
vn -0.3253 -0.0012 0.9456
vn -0.0302 -0.0000 0.9995
vn -0.0206 0.0001 0.9998
vn -0.0274 -0.0000 0.9996
vn -0.0015 -0.0001 1.0000
vn 0.0010 0.9987 -0.0504
vn 0.2851 0.9585 -0.0069
vn 0.3079 0.9510 -0.0283
vn -0.3077 0.9515 0.0056
vn 0.0087 -0.0000 1.0000
vn 0.6052 -0.0021 0.7961
vn 0.0112 -0.0001 0.9999
vn -0.0354 -0.0000 0.9994
vn 0.0001 0.1382 0.9904
vn -0.0001 -0.1389 0.9903
vn -0.6950 -0.6950 0.1846
vn -0.9441 -0.3296 0.0004
vn -0.7071 -0.7071 0.0001
vn 0.6993 -0.7148 0.0035
vn 0.9417 -0.3365 -0.0012
vn 0.2731 -0.0005 0.9620
vn 0.0341 -0.0000 0.9994
vn 0.0334 0.0014 0.9994
vn -1.0000 -0.0008 -0.0052
vn -1.0000 -0.0003 0.0057
vn 1.0000 -0.0000 0.0053
vn -0.2568 0.9660 0.0295
vn 0.1087 0.9940 -0.0073
vn 0.2229 0.7142 -0.6635
vn -0.0706 -0.0061 0.9975
vn -0.3252 -0.9457 0.0003
vn 0.0016 -0.9434 0.3317
vn -0.0013 0.9495 0.3137
vn -0.0005 0.7527 0.6584
vn -1.0000 0.0001 -0.0009
vn -1.0000 -0.0000 0.0097
vn 0.0705 0.0087 -0.9975
vn -0.2867 0.5242 -0.8019
vn -0.0018 0.0026 -1.0000
vn -0.0003 0.0041 -1.0000
vn -0.3403 -0.0017 -0.9403
vn -0.3464 0.0022 -0.9381
vn 0.9487 0.3162 -0.0005
vn 0.9364 0.0331 -0.3495
vn 0.9995 0.0321 -0.0005
vn 1.0000 0.0022 0.0003
vn 0.0016 -1.0000 0.0091
vn 1.0000 -0.0000 0.0001
vn 1.0000 -0.0040 0.0061
vn 0.9999 -0.0116 -0.0013
vn -0.0535 -0.9984 -0.0183
vn -0.9999 -0.0001 -0.0142
vn 0.9999 -0.0001 -0.0147
vn 1.0000 0.0013 0.0003
vn -0.4243 0.9055 -0.0074
vn -0.6420 0.4580 -0.6150
vn -1.0000 -0.0090 -0.0000
vn -0.1795 -0.9838 0.0038
vn -0.3469 0.9379 0.0013
vn -0.0004 -0.0032 1.0000
vn -0.7278 0.0005 0.6858
vn -0.7278 -0.0130 0.6857
vn -0.4150 -0.9098 0.0075
vn -0.1406 -0.9901 0.0063
vn 0.9979 0.0041 0.0639
vn 0.9877 -0.0072 0.1564
vn -0.9944 0.0035 0.1052
vn -0.9980 -0.0074 0.0636
vn -0.9879 0.0088 0.1547
vn -0.9998 -0.0076 0.0188
vn -0.9618 -0.0015 0.2737
vn 0.6844 -0.7291 -0.0044
vn 0.0003 -0.9976 0.0689
vn 0.0001 -0.8814 0.4723
vn 0.4155 -0.5981 0.6853
vn 0.7515 -0.0013 0.6598
vn 0.6819 0.7313 -0.0121
vn -1.0000 0.0024 0.0004
vn 0.9999 -0.0029 0.0100
vn 0.9980 0.0032 0.0638
vn 0.9944 -0.0034 0.1054
vn 0.9878 -0.0098 0.1554
vn 0.0003 -0.9944 0.1061
vn 0.6035 -0.0050 0.7974
vn 0.0005 0.7527 0.6584
vn 0.7543 0.0020 0.6565
vn 0.7911 0.6117 0.0098
vn 0.8539 0.5205 0.0012
vn 0.4798 0.8774 -0.0014
vn 0.1897 0.9818 -0.0048
vn -0.0036 -0.0001 1.0000
vn -0.0064 0.0003 1.0000
vn -0.0052 -0.0000 1.0000
vn -0.0013 -0.0302 0.9995
vn -0.0000 -0.0037 1.0000
vn -0.0001 -0.9869 0.1611
vn -0.0232 -0.0001 0.9997
vn -0.0000 -0.0047 1.0000
vn 0.0002 -0.0029 1.0000
vn 0.2769 0.0015 0.9609
vn 0.0001 0.0041 1.0000
vn 0.8516 0.5241 -0.0073
vn 0.0213 -0.0000 0.9998
vn -0.0006 -0.7278 0.6858
vn -0.0003 -0.0073 1.0000
vn -0.8286 -0.0031 0.5598
vn 0.6731 0.6750 0.3021
vn 0.0002 0.0072 1.0000
vn 0.6056 0.0031 0.7957
vn 0.6731 0.6751 0.3021
vn 0.0003 0.0063 1.0000
vn 0.7278 0.0047 0.6858
vn 0.6727 0.6755 0.3018
vn 0.0001 0.0073 1.0000
vn 0.7278 0.0024 0.6857
vn 0.6728 0.6753 0.3022
vn 0.0002 0.0063 1.0000
vn 0.0003 0.9924 0.1232
vn -0.0000 0.7283 0.6852
vn -0.0000 -0.0190 0.9998
vn 0.4849 -0.4537 0.7477
vn 0.0003 -0.7888 0.6147
vn -0.4968 -0.4426 0.7465
vn -0.0002 -0.7744 0.6327
vn -0.0001 0.7929 0.6093
vn 0.0196 0.0005 0.9998
vn -0.7849 -0.0062 0.6196
vn -0.4542 -0.4846 0.7475
vn -0.7252 0.0129 0.6884
vn -0.4852 0.4471 0.7514
vn -0.0001 -0.7875 0.6164
vn -0.7122 -0.6931 0.1113
vn 0.4838 0.4535 0.7485
vn 0.0002 0.7879 0.6158
vn 0.6746 -0.7325 0.0909
vn 0.0003 0.9944 0.1052
vn 0.0001 0.7278 0.6858
vn 0.6740 -0.6741 0.3022
vn 0.9980 -0.0039 0.0635
vn 0.7278 -0.0012 0.6858
vn -0.0002 0.9945 0.1049
vn -0.4540 0.4852 0.7474
vn -0.0006 0.7278 0.6857
vn -0.7125 0.6928 0.1109
vn 0.6603 -0.0038 0.7510
vn -0.7366 0.6718 0.0778
vn -0.4467 0.4860 0.7512
vn 0.0240 0.0595 0.9979
vn 0.0002 -0.9945 0.1052
vn 0.4465 -0.4861 0.7512
vn -0.7370 -0.6714 0.0775
vn -0.8256 -0.0086 0.5642
vn -0.4857 -0.4471 0.7511
vn -0.5564 -0.7359 0.3859
vn 0.6748 -0.6735 0.3018
vn 0.0003 -0.0072 1.0000
vn -0.0000 -0.7283 0.6852
vn -0.7366 -0.6719 0.0778
vn -0.7253 -0.0130 0.6883
vn -0.8770 0.0053 0.4804
vn -0.0006 -0.7283 0.6852
vn -0.9979 -0.0072 0.0640
vn -0.7121 -0.6933 0.1108
vn -0.0002 -0.9945 0.1052
vn -0.0002 -0.7929 0.6094
vn -0.0003 -0.9944 0.1052
vn -0.0001 -0.7278 0.6858
vn -0.0006 0.7283 0.6853
vn -0.2235 0.7065 0.6715
vn -0.0371 0.9993 0.0103
vn -0.5823 0.8129 0.0057
vn -0.0018 0.0001 1.0000
vn -0.0049 0.0002 1.0000
vn -0.6842 0.0085 0.7293
vn 0.4858 0.4465 0.7514
vn -0.0000 0.0136 0.9999
vn 0.0048 -0.0002 1.0000
vn 0.6844 -0.0085 0.7291
vn 0.4533 -0.4847 0.7480
vn -0.0000 -0.0067 1.0000
vn -0.4471 -0.8734 0.1933
vn -0.9517 0.0267 -0.3060
vn -0.9995 0.0309 -0.0005
vn -0.9581 0.0345 -0.2845
vn 0.7278 -0.0023 0.6858
vn 0.0002 0.0328 0.9995
vn 0.2703 0.0328 0.9622
vn 0.3824 0.0292 0.9235
vn -0.6926 -0.7127 0.1109
vn 0.0324 -0.0120 0.9994
vn -0.0003 0.9944 0.1055
vn -0.9878 -0.0051 0.1555
vn -0.0011 1.0000 0.0060
vn -0.0006 0.9017 0.4323
vn -0.0003 -0.9923 0.1239
vn 0.9979 -0.0075 0.0636
vn 0.9878 -0.0051 0.1556
vn -0.0003 0.9944 0.1052
vn -0.9945 0.0124 0.1041
vn -0.6740 0.6740 0.3024
vn -0.7330 -0.6742 0.0900
vn -0.7326 0.6747 0.0900
vn -0.0003 0.9944 0.1059
vn -0.0003 -0.9923 0.1237
vn -0.9945 0.0064 0.1046
vn -0.6738 0.6742 0.3025
vn -0.9924 -0.0029 0.1229
vn -0.9945 0.0060 0.1050
vn -0.9880 0.0092 0.1543
vn -0.6057 0.0032 0.7957
vn 0.0003 0.9944 0.1058
vn 0.6739 0.6742 0.3022
vn 0.9879 0.0048 0.1553
vn 0.0011 1.0000 0.0060
vn 0.0840 0.0002 0.9965
vn 0.7520 0.0016 0.6591
vn 0.1321 -0.9912 0.0023
vn 0.0537 -0.9984 -0.0203
vn 0.3408 0.9401 -0.0015
vn 0.6508 0.7065 -0.2781
vn 0.7251 0.6887 -0.0006
vn 0.0003 -0.9923 0.1237
vn 0.7321 -0.6751 0.0910
vn -0.0212 0.1500 0.9885
vn -0.0009 0.0059 -1.0000
vn 0.0038 -0.0001 1.0000
vn -0.0037 0.0001 1.0000
vn -0.0001 0.7939 0.6080
vn -0.7850 0.0062 0.6194
vn -0.0006 0.7276 0.6860
vn -0.7130 0.6923 0.1108
vn -0.7660 0.0693 -0.6391
vn 0.9945 0.0096 0.1043
vn 0.7326 0.6746 0.0909
vn 0.0003 -0.9944 0.1052
vn -0.6601 -0.7512 0.0038
vn -0.9980 0.0021 0.0637
vn 0.0045 -0.0003 1.0000
vn 0.7055 0.7056 0.0668
vn 0.7278 -0.0046 0.6857
vn 0.9979 -0.0059 0.0650
vn 0.9945 0.0063 0.1046
vn 0.9945 -0.0123 0.1040
vn -0.0014 -1.0000 0.0026
vn 0.2897 -0.3696 -0.8828
vn 0.7773 -0.0064 -0.6291
vn -1.0000 0.0005 0.0056
vn -0.7277 -0.0036 0.6859
vn -0.6887 -0.4000 0.6047
vn -0.8029 -0.0010 0.5960
vn 0.6782 0.0108 -0.7348
vn 0.3530 -0.0020 -0.9356
vn 0.3449 0.0023 -0.9386
vn -0.0005 -0.9897 0.1429
vn -0.4542 -0.8908 -0.0155
vn -0.7285 0.0061 -0.6850
vn 1.0000 -0.0003 0.0057
vn 0.7277 -0.0040 0.6858
vn -1.0000 -0.0045 0.0001
vn -0.6627 -0.0046 0.7489
vn 1.0000 -0.0046 0.0002
vn -0.0707 -0.0058 0.9975
vn -0.7275 -0.0040 0.6861
vn -0.6925 -0.7127 0.1116
vn 0.9659 0.2590 0.0072
vn 0.0009 -0.7083 0.7059
vn -0.0064 0.0068 1.0000
vn -0.0001 0.0122 0.9999
vn 0.0003 0.9944 0.1055
vn 0.0001 0.7278 0.6857
vn 0.0003 -0.0063 1.0000
vn 0.0001 -0.7278 0.6858
vn -0.0708 0.0096 -0.9974
vn -0.6587 0.0073 -0.7524
vn -0.0707 0.0098 -0.9974
vn -0.7281 0.0065 -0.6854
vn -0.0695 0.0085 -0.9975
vn 0.0001 -0.0032 1.0000
vn 0.0001 -0.7281 0.6855
vn -0.6625 -0.0038 0.7491
vn 0.0003 0.9202 0.3915
vn -0.6581 0.0065 -0.7529
vn -1.0000 -0.0001 -0.0063
vn 0.9243 0.0014 -0.3817
vn 0.0374 0.9993 -0.0004
vn 0.0371 0.9993 0.0104
vn 1.0000 0.0002 0.0003
vn 1.0000 0.0001 -0.0016
vn 1.0000 0.0001 -0.0008
vn -0.1099 0.9939 0.0087
vn -0.9999 -0.0000 0.0101
vn -0.9997 0.0034 -0.0250
vn 0.0012 1.0000 0.0045
vn 0.2871 0.5211 -0.8038
vn 0.1648 0.8897 -0.4259
vn 0.0011 0.5728 -0.8197
vn 0.0004 0.9020 -0.4317
vn 0.3189 -0.3192 -0.8924
vn -0.2779 0.7402 0.6122
vn -0.0001 0.0655 0.9979
vn 0.6957 -0.0012 -0.7183
vn -0.0001 -0.0752 0.9972
vn 0.8246 0.0062 0.5656
vn 0.4855 0.4469 0.7514
vn 0.7525 0.0009 -0.6586
vn 0.5915 0.5750 -0.5653
vn 0.3173 0.8990 -0.3018
vn 0.6950 0.6949 -0.1846
vn -0.0011 -0.9595 -0.2817
vn -0.2898 -0.9238 -0.2503
vn 0.0009 1.0000 -0.0032
vn 0.1801 0.9836 -0.0024
vn 0.0006 0.9874 -0.1584
vn 0.7277 0.0335 0.6851
vn -0.6917 0.6949 0.1966
vn -0.9706 -0.0029 -0.2406
vn -1.0000 0.0039 -0.0005
vn -0.9299 0.0017 -0.3679
vn 0.0013 -0.3570 -0.9341
vn -0.3469 0.3403 -0.8740
vn -0.6950 0.0396 -0.7179
vn -0.3153 0.0440 -0.9480
vn 0.4151 -0.9098 0.0074
vn -1.0000 0.0011 0.0030
vn -0.2640 -0.4742 0.8399
vn -0.2831 0.2875 0.9150
vn -0.0013 0.9999 0.0161
vn -0.3857 0.7693 -0.5092
vn -0.9538 0.3003 -0.0032
vn -0.9458 0.3093 0.0985
vn 0.2777 0.9606 0.0062
vn -0.0006 0.9874 -0.1584
vn -0.0004 0.9020 -0.4317
vn 0.6800 0.7332 0.0035
vn -0.1628 -0.9867 0.0018
vn -0.4807 -0.8769 0.0024
vn 0.7278 0.0018 0.6858
vn 0.7278 -0.0037 0.6857
vn -0.9559 0.2935 -0.0014
vn -1.0000 0.0063 -0.0016
vn 0.0007 -0.9025 -0.4306
vn -0.6955 0.0398 0.7174
vn -0.3383 0.0239 0.9407
vn -0.7660 0.0694 0.6391
vn 0.0025 -0.0154 0.9999
vn 0.0011 -0.9595 -0.2817
vn 0.0006 -0.7525 -0.6586
vn 0.6868 -0.4056 0.6031
vn -0.1240 -0.0001 0.9923
vn -0.9878 -0.0079 0.1554
vn 0.0011 1.0000 -0.0060
vn -0.4801 -0.8772 0.0008
vn 1.0000 -0.0026 0.0030
vn 0.7497 -0.0011 0.6618
vn -0.0003 0.9924 0.1232
vn 0.1795 0.9838 0.0007
vn 0.1434 0.8905 0.4318
vn -0.9999 0.0118 0.0048
vn -0.5764 0.5167 0.6331
vn 0.7518 0.0020 -0.6593
vn -0.4801 0.8772 0.0009
vn 0.0007 -0.6705 0.7419
vn -0.6031 0.7576 -0.2496
vn -0.6654 0.4067 -0.6260
vn -0.4180 0.7984 -0.4334
vn 0.0826 -0.0205 0.9964
vn -0.7509 0.0007 0.6604
vn -0.7490 0.0021 0.6626
vn 0.0016 -1.0000 0.0061
vn 0.0005 0.9014 0.4329
vn 0.3407 0.9402 0.0016
vn 0.4614 0.7953 0.3933
vn 0.1646 0.9670 0.1942
vn -0.9597 -0.0017 -0.2811
vn -0.8031 -0.0012 -0.5958
vn 0.7137 -0.7002 0.0171
vn -0.0001 -0.7281 0.6855
vn -0.7771 -0.0014 -0.6293
vn -0.6654 0.0116 -0.7464
vn 0.7525 -0.0008 0.6586
vn -0.6927 0.7211 -0.0161
vn -0.9541 0.2993 -0.0061
vn -0.1087 0.9940 -0.0074
vn -0.0018 -0.0054 -1.0000
vn 0.7776 -0.0065 0.6288
vn 0.9241 0.0013 0.3821
vn 0.6781 0.0109 0.7349
vn 0.0003 0.0032 1.0000
vn 0.7278 0.0024 0.6858
vn 0.3470 0.3402 0.8740
vn -1.0000 -0.0053 -0.0007
vn 0.6651 0.4070 0.6262
vn 1.0000 0.0001 0.0052
vn 0.6655 -0.0000 0.7464
vn -0.8915 0.3269 -0.3137
vn 0.0004 -0.9990 0.0453
vn -0.0014 0.3957 0.9184
vn -0.0706 0.0087 -0.9975
vn -0.6830 0.7304 0.0034
vn 0.0018 0.0055 -1.0000
vn 0.8752 -0.4371 0.2073
vn -0.9999 -0.0026 -0.0105
vn -0.0000 -0.0087 1.0000
vn 0.8124 0.5831 -0.0008
vn -0.0001 -0.9845 0.1754
vn 0.9524 0.0229 0.3040
vn 0.9880 0.0093 0.1543
vn 0.8287 -0.0031 0.5597
vn 0.9980 -0.0075 0.0635
vn -0.9979 0.0041 0.0639
vn 0.9671 -0.0013 0.2544
vn 0.1099 0.9939 0.0088
vn -0.9999 -0.0030 0.0099
vn -0.0016 -1.0000 0.0061
vn 0.1620 -0.9868 0.0015
vn 1.0000 -0.0025 0.0033
vn -0.7071 0.7072 -0.0012
vn -0.3296 0.9441 -0.0005
vn -0.3174 0.8994 -0.3006
vn 0.9443 0.3292 0.0005
vn -0.7565 -0.2334 -0.6109
vn -1.0000 0.0065 0.0003
vn -0.1897 0.9818 -0.0048
vn -0.0020 -1.0000 -0.0071
vn -0.0009 -0.7083 0.7059
vn -0.0217 -0.0001 0.9998
vn -0.0373 0.9993 -0.0004
vn -0.0011 0.5728 -0.8197
vn -0.0002 0.0063 1.0000
vn -0.0001 0.7278 0.6858
vn 0.6751 -0.6731 0.3021
vn 0.0002 -0.0063 1.0000
vn 0.0001 -0.7278 0.6857
vn 0.0002 0.0056 1.0000
vn -0.7124 0.6931 0.1104
vn -0.0002 0.7923 0.6102
vn 0.0001 -0.7922 0.6103
vn 0.0002 -0.7743 0.6328
vn -0.0002 0.7916 0.6110
vn -0.0002 0.7879 0.6158
vn 0.4886 -0.5330 0.6908
vn 0.0002 -0.7929 0.6094
vn -0.0000 -0.0045 1.0000
vn 0.6746 0.7326 0.0908
vn 0.7055 0.7055 0.0667
vn 0.0002 0.9945 0.1052
vn 0.4421 0.4973 0.7465
vn 0.0003 0.7276 0.6860
vn 0.0002 0.7918 0.6108
vn 0.9877 0.0072 0.1563
vn 0.0003 0.9945 0.1052
vn 0.0002 0.7929 0.6094
vn -0.7480 0.0009 0.6637
vn 0.0003 0.7940 0.6079
vn -0.0002 -0.9945 0.1049
vn -0.0002 -0.7887 0.6147
vn 0.8287 -0.0030 0.5597
vn 0.0002 -0.9944 0.1052
vn 0.6879 -0.0059 0.7258
vn 0.0003 0.9924 0.1234
vn -0.0000 0.7278 0.6858
vn 0.8180 0.0070 0.5751
vn -0.6565 -0.0050 0.7543
vn 0.0070 0.0002 1.0000
vn 0.8296 0.0051 0.5583
vn -0.0002 0.0341 0.9994
vn -0.0001 0.0328 0.9995
vn -0.9474 -0.0018 0.3199
vn -1.0000 0.0039 0.0005
vn -1.0000 -0.0028 0.0002
vn 0.0033 -0.0000 1.0000
vn 0.0003 0.0041 -1.0000
vn 0.9945 0.0124 0.1040
vn 0.7055 -0.7055 0.0667
vn 0.0003 -0.9945 0.1052
vn 0.0009 1.0000 0.0009
vn -0.0011 1.0000 -0.0060
vn -0.9944 -0.0068 0.1052
vn 0.9995 0.0321 0.0006
vn 0.9995 0.0309 0.0003
vn -0.0006 -0.9029 0.4299
vn -0.1293 -0.9916 0.0010
vn 0.7659 0.0693 -0.6392
vn 0.9700 0.0256 -0.2417
vn -0.7132 -0.7007 0.0173
vn -0.0003 -0.0072 1.0000
vn -0.7463 -0.0028 0.6656
vn -0.1800 0.9837 -0.0024
vn 0.9679 -0.0023 0.2513
vn 1.0000 0.0038 0.0005
vn 1.0000 0.0001 0.0051
vn 0.0709 0.0098 -0.9974
vn 0.9995 0.0309 -0.0003
vn 0.3467 0.3406 -0.8739
vn 0.6955 0.0399 -0.7174
vn 0.6651 0.4069 -0.6261
vn -0.0006 0.3214 0.9469
vn -0.7732 0.0106 0.6341
vn 0.0005 -0.8093 0.5874
vn 1.0000 0.0002 -0.0055
vn 0.7284 0.0065 -0.6851
vn 0.7279 -0.0036 0.6857
vn -0.0002 0.0032 1.0000
vn -0.0707 -0.0052 0.9975
vn -0.0007 0.3218 -0.9468
vn -0.4538 0.7849 -0.4218
vn -0.0005 0.6725 -0.7401
vn -0.0001 0.0063 1.0000
vn 0.6586 0.0073 -0.7524
vn 0.3774 0.9261 -0.0004
vn 0.7551 0.6556 -0.0012
vn 0.1992 0.9664 -0.1627
vn 1.0000 -0.0008 -0.0053
vn 0.4560 -0.8898 -0.0156
vn -0.0016 -0.9995 0.0313
vn -0.0008 -0.9373 0.3484
vn -0.0707 -0.0049 0.9975
vn -0.0000 -0.0048 1.0000
vn -0.2851 0.9585 -0.0069
vn -0.9995 0.0321 0.0006
vn -0.9700 0.0257 0.2416
vn -0.9995 0.0309 0.0003
vn 1.0000 0.0039 -0.0005
vn 0.9684 -0.0023 -0.2493
vn -0.0000 1.0000 0.0039
vn -0.0000 1.0000 -0.0058
vn 0.0001 0.9999 -0.0118
vn 0.0120 0.9999 -0.0001
vn -0.0065 1.0000 -0.0000
vn -0.0000 1.0000 -0.0039
vn -0.0000 1.0000 0.0058
vn -0.0000 0.9999 0.0119
vn -0.0119 0.9999 0.0001
vn 0.0065 1.0000 -0.0001
vn 0.9442 0.3295 -0.0004
vn 0.8992 0.3173 -0.3012
vn -0.0001 0.9464 0.3230
vn -0.3298 0.9440 0.0004
vn -0.8990 -0.3173 0.3018
vn 0.0006 0.3214 0.9470
vn -0.9505 0.0021 0.3108
vn 0.1698 0.9667 -0.1913
vn 0.0003 0.9441 -0.3296
vn 0.0001 -0.3420 -0.9397
vn 0.9457 -0.3251 0.0003
vn 0.8995 -0.3183 0.2995
vn 0.0002 0.3532 0.9356
vn 0.3296 0.9441 0.0005
vn 0.0001 0.9464 0.3230
vn -0.0003 0.9546 0.2978
vn 0.2475 0.9689 0.0004
vn 0.0003 0.9545 -0.2983
vn -0.0003 0.9201 -0.3917
vn -0.2476 0.9689 -0.0004
vn -0.3774 0.9260 0.0004
vn 0.0015 -0.9999 -0.0104
vn 0.0004 0.7281 -0.6855
vn 0.0002 0.9464 -0.3231
vn -0.3720 -0.2838 -0.8838
vn 0.3433 0.3216 -0.8824
vn 0.3849 0.0294 -0.9225
vn -0.1993 0.9664 0.1621
vn -0.9531 0.3027 -0.0014
vn 0.0007 0.3217 -0.9468
vn 0.4496 0.7856 -0.4251
vn 0.9531 0.3028 0.0014
vn -0.9364 0.0331 0.3494
vn 0.0002 0.7190 -0.6950
vn 0.0002 0.3339 -0.9426
vn -0.7162 0.6979 -0.0005
vn -0.9487 0.3162 -0.0006
vn -0.3468 0.3402 0.8741
vn -0.0005 0.9461 0.3238
vn -0.1734 0.9717 0.1603
vn 0.7071 0.7071 0.0012
vn 0.6950 -0.6949 0.1848
vn 0.3295 -0.9441 0.0003
vn 0.7071 -0.7072 0.0001
vn 0.2702 0.0329 -0.9622
vn 0.0002 0.0328 -0.9995
vn -0.5853 -0.6017 -0.5435
vn -0.0004 -0.7281 -0.6855
vn -0.0004 0.7281 0.6855
vn -0.0001 -0.9501 -0.3120
vn -0.3184 -0.8979 -0.3038
vn -0.7071 -0.7071 -0.0010
vn 0.0709 0.0089 -0.9974
vn 0.7287 0.0061 -0.6848
vn -0.0003 0.7196 0.6943
vn -0.0003 0.3339 -0.9426
vn 0.4606 0.7967 -0.3912
vn 0.0002 0.3336 0.9427
vn 0.0001 0.0342 0.9994
vn -0.5889 0.5804 -0.5624
vn -0.0004 0.7281 -0.6855
vn -0.3434 0.3217 0.8824
vn 0.3298 0.9440 -0.0004
vn 0.7071 0.7071 -0.0001
vn -0.8990 0.3157 -0.3035
vn -0.0002 0.9464 -0.3230
vn -0.7071 0.7072 0.0001
vn -0.0000 0.0122 0.9999
vn 0.0001 -0.9470 0.3211
vn 0.3148 -0.8978 0.3081
vn 0.3259 -0.8977 -0.2966
vn -0.9442 -0.3294 -0.0004
vn -0.8977 -0.3259 -0.2966
vn -0.0002 0.3531 -0.9356
vn -0.3378 0.3311 -0.8811
vn 0.4202 -0.0025 0.9074
vn 0.0002 -0.3548 0.9349
vn 0.3334 -0.3316 0.8825
vn 0.9457 -0.3249 -0.0004
vn -0.0000 0.0122 -0.9999
vn 0.0002 0.3531 -0.9356
vn 0.5779 -0.5867 0.5673
vn 0.0004 -0.7281 0.6855
vn -0.0001 -0.9470 0.3211
vn 0.0004 0.7411 -0.6714
vn 0.6630 -0.0046 0.7486
vn 0.9531 0.3028 -0.0014
vn 0.6927 0.7212 0.0009
vn -0.0004 0.7410 0.6715
vn -0.1945 0.9661 -0.1699
vn -0.6929 0.7210 -0.0009
vn -0.0002 0.3532 0.9356
vn -0.9995 0.0322 -0.0003
vn 0.6533 0.7037 0.2792
vn -0.3468 0.9379 -0.0006
vn 0.9583 0.0418 0.2826
vn -0.3153 0.0438 0.9480
vn -0.0002 0.3336 0.9427
vn 0.2693 0.7706 -0.5776
vn 0.0001 0.0342 -0.9994
vn 0.8915 0.3269 -0.3136
vn -0.2042 0.9660 -0.1587
vn -0.9487 0.3162 0.0006
vn -0.3250 -0.9457 -0.0004
vn -0.0016 -0.9999 -0.0104
vn -0.0009 1.0000 -0.0032
vn -0.9443 0.3292 -0.0005
vn 0.3293 -0.9442 -0.0004
vn 0.0001 -0.9500 -0.3121
vn 0.6508 -0.6923 0.3119
vn 0.2335 -0.7566 -0.6108
vn 0.0001 -0.7281 -0.6855
vn -0.0002 -0.3420 -0.9397
vn -0.0002 0.0041 1.0000
vn -0.0001 -0.0029 1.0000
vn 0.9999 0.0024 -0.0104
vn -0.0002 0.0056 1.0000
vn 0.0009 -1.0000 -0.0060
vn -0.0001 0.0072 1.0000
vn 0.9564 0.2918 -0.0056
vn 0.9999 -0.0029 -0.0120
vn -0.0009 -1.0000 0.0060
vn 0.0706 -0.0059 0.9975
vn 0.0009 -1.0000 0.0060
vn 1.0000 -0.0028 0.0002
vn 1.0000 -0.0028 -0.0003
vn -0.9487 -0.3161 0.0066
vn -0.0016 -1.0000 0.0090
vn 0.0012 0.9996 -0.0283
vn 0.0012 1.0000 -0.0071
vn -0.0002 1.0000 -0.0006
vn 0.0002 1.0000 0.0006
vn 0.0002 1.0000 -0.0006
vn -0.9998 0.0030 0.0214
vn -0.0012 0.9996 -0.0283
vn -0.0012 1.0000 -0.0071
vn -0.0016 0.9999 0.0126
vn 0.0016 0.9999 0.0126
vn -0.0001 -0.0029 -1.0000
vn 0.0001 -0.9945 0.1052
vn -0.9944 0.0068 0.1052
vn -0.0002 0.0072 1.0000
vn 0.0002 -0.9945 0.1048
vn 0.0002 0.9945 0.1048
vn 1.0000 0.0011 0.0030
vn -0.0002 -1.0000 -0.0005
vn -0.0002 -1.0000 0.0005
vn -0.0015 0.9981 0.0617
vn -1.0000 -0.0028 -0.0003
vn 0.0002 -1.0000 0.0005
vn 0.0002 -1.0000 -0.0005
vn -0.0002 1.0000 0.0006
vn 0.0001 -0.0029 -1.0000
vn 0.0030 -0.0698 0.9976
vn 0.0001 -0.0544 0.9985
vn 0.0002 -0.0247 0.9997
vn 0.0481 -0.8972 0.4390
vn 0.0073 -0.6153 0.7883
vn 0.0424 -0.3372 0.9405
vn 0.1081 -0.9941 0.0034
vn 0.0022 -1.0000 0.0008
vn 0.0028 -0.9466 0.3225
vn -0.0008 -0.9999 -0.0155
vn 0.0001 -0.9999 0.0103
vn -0.0001 0.0789 -0.9969
vn -0.0002 0.2754 -0.9613
vn 0.0001 0.0787 -0.9969
vn -0.0006 0.0152 -0.9999
vn -0.0000 -0.0003 -1.0000
vn -0.0001 0.0003 -1.0000
vn -0.0000 0.0003 -1.0000
vn -0.0002 -0.7157 -0.6984
vn 0.0002 -0.3893 -0.9211
vn 0.0003 -0.7160 -0.6981
vn -0.0000 -0.9615 -0.2750
vn -0.0000 -0.9615 -0.2747
vn -0.0002 -0.2897 -0.9571
vn -0.0000 -0.9988 0.0484
vn 0.0005 -1.0000 -0.0051
vn 0.0051 -0.6226 0.7825
vn 0.0051 -0.2463 0.9692
vn 0.0068 -0.2592 0.9658
vn 0.0037 -0.7954 0.6060
vn 0.0032 -0.6026 0.7980
vn 0.0023 -0.1890 0.9820
vn -0.0001 -0.0554 0.9985
vn -0.0001 -0.0047 1.0000
vn 0.0001 -0.0024 1.0000
vn 0.0001 -0.0079 1.0000
vn 0.0031 -0.0413 0.9991
vn 0.0066 -0.0354 0.9994
vn 0.0306 -0.1089 0.9936
vn 0.0663 -0.2908 0.9545
vn 0.1443 -0.4730 0.8692
vn 0.0801 -0.2656 0.9607
vn 0.1795 -0.6077 0.7736
vn 0.0022 -0.0073 1.0000
vn -0.0015 0.1132 0.9936
vn -0.0001 0.1642 0.9864
vn -0.0010 0.4799 0.8773
vn -0.0000 0.0356 0.9994
vn -0.0142 0.0223 0.9997
vn -0.0069 0.4295 0.9030
vn -0.0001 0.0007 1.0000
vn -0.0001 0.5733 0.8193
vn 0.0003 -0.1489 0.9889
vn -0.0003 -0.0472 0.9989
vn 0.0003 -0.0301 0.9995
vn 0.0003 -0.5625 0.8268
vn -0.0003 -0.2357 0.9718
vn -0.0000 -0.0008 1.0000
vn 0.0001 0.0007 1.0000
vn 0.0193 -0.5914 0.8062
vn 0.1786 -0.8448 0.5044
vn 0.1789 -0.9599 0.2159
vn 0.1408 -0.9473 0.2878
vn 0.2057 -0.9786 0.0036
vn 0.1820 -0.9833 0.0034
vn 0.1694 -0.9855 0.0032
vn 0.2693 -0.9452 0.1846
vn 0.2301 -0.9451 0.2320
vn 0.2733 -0.9619 0.0029
vn 0.2348 -0.9720 0.0031
vn 0.2953 -0.9338 0.2023
vn 0.2735 -0.9294 0.2477
vn 0.3037 -0.9528 0.0036
vn 0.3024 -0.9532 0.0030
vn 0.2118 -0.9154 0.3422
vn 0.2246 -0.9744 0.0048
vn 0.2781 -0.9605 0.0036
vn 0.1462 -0.9069 0.3951
vn 0.0183 -0.1261 0.9918
vn 0.1004 -0.9345 0.3415
vn 0.0353 -0.3910 0.9197
vn 0.1077 -0.9942 0.0054
vn 0.1604 -0.9870 0.0051
vn 0.0213 -0.9163 0.4000
vn 0.0579 -0.9204 0.3866
vn 0.0122 -0.3357 0.9419
vn 0.0406 -0.9992 0.0053
vn 0.0671 -0.9977 0.0057
vn 0.0002 -0.9127 0.4087
vn 0.0002 -0.2933 0.9560
vn 0.0036 -0.9994 0.0331
vn 0.0183 -0.9998 0.0059
vn -0.0000 -1.0000 0.0008
vn 0.0001 -1.0000 0.0007
vn 0.0001 -1.0000 0.0028
vn -0.4298 0.9029 -0.0030
vn -0.8767 0.4810 -0.0057
vn -0.7956 0.6058 0.0053
vn -0.4292 0.9032 0.0049
vn -0.1195 0.9928 0.0040
vn -0.1175 0.9930 -0.0087
vn -0.0002 1.0000 -0.0014
vn -0.0000 1.0000 0.0006
vn -0.9890 -0.1477 0.0034
vn -0.9888 -0.1494 -0.0016
vn -0.8257 -0.5641 0.0038
vn -0.9993 -0.0187 0.0317
vn -0.9988 -0.0181 -0.0446
vn -1.0000 -0.0012 0.0008
vn -1.0000 -0.0003 -0.0005
vn 0.2347 -0.9721 0.0032
vn 0.2057 -0.9786 0.0100
vn 0.2733 -0.9619 0.0103
vn 0.1821 -0.9833 0.0038
vn 0.1608 -0.9870 0.0015
vn 0.2782 -0.9605 0.0028
vn 0.3042 -0.9526 0.0085
vn 0.2246 -0.9744 0.0088
vn 0.3024 -0.9532 0.0029
vn 0.0675 -0.9977 0.0025
vn 0.1076 -0.9942 0.0084
vn 0.0407 -0.9991 0.0072
vn 0.1605 -0.9870 0.0026
vn 0.0056 -1.0000 0.0070
vn 0.0187 -0.9998 0.0025
vn 0.1079 -0.9941 0.0112
vn 0.0093 -1.0000 0.0015
vn -0.0017 -1.0000 0.0016
vn -0.2055 0.0956 -0.9740
vn -0.8120 0.1168 -0.5719
vn -0.6265 0.4129 -0.6611
vn -0.4664 0.0025 -0.8846
vn -0.8493 0.0010 -0.5278
vn -0.9890 0.1477 -0.0034
vn -0.9994 0.0271 -0.0218
vn 0.0002 -0.4841 0.8750
vn -0.0000 -0.1536 0.9881
vn -0.0001 -0.1526 0.9883
vn -0.0001 -0.4948 0.8690
vn 0.0001 0.9530 0.3030
vn -0.0000 0.9985 0.0553
vn -0.0002 0.9518 0.3066
vn 0.0001 1.0000 0.0019
vn -0.0006 0.9951 0.0985
vn -0.0035 0.8846 0.4663
vn -0.3700 0.8629 0.3443
vn -0.7562 0.4917 0.4317
vn -0.3855 0.4034 0.8298
vn -0.2765 -0.1093 0.9548
vn -0.9402 -0.1443 0.3084
vn -0.3823 -0.4220 0.8220
vn -0.7464 -0.5105 0.4268
vn -0.5973 -0.0017 0.8020
vn -0.9631 -0.0021 0.2692
vn 0.1346 -0.4760 0.8691
vn 0.1138 -0.4811 0.8693
vn 0.2184 -0.9185 0.3296
vn 0.2588 -0.9141 0.3121
vn 0.0987 -0.4988 0.8611
vn 0.1757 -0.9144 0.3647
vn 0.0357 -0.4357 0.8994
vn 0.1486 -0.9129 0.3802
vn 0.1681 -0.9792 0.1138
vn 0.0774 -0.3365 0.9385
vn 0.1589 -0.5425 0.8249
vn 0.2722 -0.9188 0.2857
vn 0.2152 -0.9263 0.3093
vn 0.1596 -0.5068 0.8472
vn 0.2886 -0.9129 0.2887
vn 0.0382 -0.6058 0.7947
vn 0.0614 -0.9656 0.2526
vn 0.0218 -0.9719 0.2344
vn 0.0666 -0.6070 0.7919
vn 0.1039 -0.9616 0.2539
vn 0.1545 -0.9512 0.2671
vn 0.0938 -0.5795 0.8096
vn 0.0001 -0.9987 0.0518
vn 0.0003 -0.9665 0.2567
vn 0.0224 -0.9244 0.3809
vn 0.0017 -0.9966 0.0824
vn 0.0096 -0.1447 0.9894
vn 0.0002 -0.1080 0.9942
vn 0.0001 -0.0148 0.9999
vn -0.0001 -0.0962 0.9954
vn 0.0799 -0.3322 0.9398
vn -0.0055 -0.9136 0.4066
vn -0.0160 -0.9966 0.0805
vn -0.0151 -0.4525 0.8916
vn -0.2748 -0.6236 -0.7318
vn -0.1113 -0.9937 -0.0087
vn -0.4152 -0.9097 -0.0029
vn -0.8256 -0.5642 -0.0087
vn -0.6201 -0.4315 -0.6552
vn -0.0002 0.6960 -0.7180
vn -0.0000 0.9733 -0.2296
vn -0.0000 0.9357 -0.3528
vn 0.0001 1.0000 -0.0014
vn -0.5985 0.0033 0.8011
vn -0.2107 0.0010 0.9776
vn -0.2777 0.1074 0.9546
vn -0.2076 -0.0986 -0.9732
vn -0.4651 -0.0012 -0.8853
vn -0.1506 -0.0013 -0.9886
vn -0.0001 -0.0620 -0.9981
vn -0.0023 -0.0148 -0.9999
vn -0.2807 0.6031 -0.7466
vn -0.1136 -0.9935 0.0005
vn -0.4061 -0.9138 0.0063
vn -0.3572 -0.8741 0.3292
vn 0.0099 -0.0414 0.9991
vn 0.0254 -0.1850 0.9824
vn 0.0132 -0.1911 0.9815
vn 0.0001 -0.1077 -0.9942
vn 0.0012 -0.0152 -0.9999
vn 0.0241 -0.1163 0.9929
vn 0.0108 -0.1165 0.9931
vn 0.0021 -0.0239 0.9997
vn 0.0004 -0.0018 1.0000
vn 0.0286 -0.0980 0.9948
vn 0.0548 -0.1776 0.9826
vn -1.0000 0.0007 0.0010
vn -1.0000 0.0006 -0.0019
vn -0.8084 -0.1200 -0.5762
vn -0.8465 -0.0020 -0.5325
vn -0.9640 0.0011 0.2659
vn -0.9995 0.0172 0.0263
vn -0.0428 -0.0069 0.9991
vn -0.0005 -0.0006 1.0000
vn -0.0044 -0.1119 0.9937
vn -0.2140 -0.0018 0.9768
vn -0.1486 0.0007 -0.9889
vn -0.0000 0.0171 0.9999
vn 0.0001 0.1634 0.9866
vn -0.9893 0.1458 0.0018
vn -0.9421 0.1399 0.3048
vn 0.9996 0.0216 0.0172
vn 1.0000 0.0007 -0.0009
vn 0.9989 0.0243 -0.0389
vn 0.9936 0.1132 -0.0020
vn -0.0030 -0.0710 0.9975
vn -0.0001 -0.0187 0.9998
vn -0.0481 -0.8974 0.4387
vn -0.0424 -0.3375 0.9404
vn -0.0073 -0.6155 0.7881
vn -0.0021 -1.0000 0.0008
vn -0.0027 -0.9465 0.3228
vn -0.1081 -0.9941 0.0034
vn -0.0001 -0.9999 0.0103
vn 0.0002 0.3713 -0.9285
vn 0.0012 0.0149 -0.9999
vn -0.0000 -0.9984 0.0561
vn -0.0051 -0.6226 0.7825
vn -0.0068 -0.2592 0.9658
vn -0.0051 -0.2463 0.9692
vn -0.0037 -0.7950 0.6066
vn -0.0032 -0.6016 0.7988
vn -0.0023 -0.1883 0.9821
vn -0.0002 -0.0027 1.0000
vn -0.0067 -0.0361 0.9993
vn -0.0031 -0.0418 0.9991
vn -0.0308 -0.1096 0.9935
vn -0.1442 -0.4726 0.8694
vn -0.0666 -0.2922 0.9540
vn -0.0801 -0.2656 0.9608
vn -0.0022 -0.0074 1.0000
vn -0.1795 -0.6076 0.7737
vn 0.0015 0.1136 0.9935
vn 0.0010 0.4794 0.8776
vn 0.0125 0.0196 0.9997
vn 0.0068 0.4297 0.9030
vn 0.0001 0.5730 0.8196
vn -0.0003 -0.6762 0.7367
vn -0.0194 -0.5917 0.8059
vn 0.9810 0.1941 0.0027
vn 0.8765 0.4813 -0.0057
vn -0.1408 -0.9473 0.2879
vn -0.1788 -0.9599 0.2159
vn -0.1786 -0.8450 0.5041
vn -0.1694 -0.9855 0.0032
vn -0.1820 -0.9833 0.0034
vn -0.2057 -0.9786 0.0036
vn -0.2301 -0.9451 0.2320
vn -0.2693 -0.9452 0.1845
vn -0.2348 -0.9720 0.0031
vn -0.2733 -0.9619 0.0029
vn -0.2953 -0.9338 0.2020
vn -0.3024 -0.9532 0.0030
vn -0.3037 -0.9528 0.0036
vn -0.2735 -0.9295 0.2476
vn -0.2118 -0.9155 0.3421
vn -0.2781 -0.9605 0.0036
vn -0.2246 -0.9744 0.0048
vn -0.1462 -0.9069 0.3951
vn -0.0197 -0.1345 0.9907
vn -0.1604 -0.9870 0.0051
vn -0.1077 -0.9942 0.0054
vn -0.1004 -0.9345 0.3414
vn -0.0353 -0.3908 0.9198
vn -0.0580 -0.9205 0.3864
vn -0.0123 -0.3352 0.9421
vn -0.0213 -0.9175 0.3971
vn -0.0671 -0.9977 0.0056
vn -0.0406 -0.9992 0.0053
vn -0.0184 -0.9998 0.0059
vn -0.0027 -0.9989 0.0459
vn -0.0004 -0.9134 0.4070
vn -0.0002 -0.3972 0.9177
vn 0.4298 0.9029 -0.0030
vn 0.7955 0.6060 0.0053
vn 0.1195 0.9928 0.0040
vn 0.4291 0.9032 0.0050
vn 0.1175 0.9930 -0.0087
vn 0.9995 -0.0174 0.0261
vn 0.9888 -0.1493 -0.0015
vn 0.9977 -0.0210 -0.0639
vn 0.8260 -0.5636 0.0039
vn 0.8256 -0.5642 -0.0087
vn 1.0000 -0.0003 0.0004
vn 1.0000 -0.0012 -0.0008
vn 0.9891 -0.1472 0.0034
vn -0.1821 -0.9833 0.0038
vn -0.2057 -0.9786 0.0100
vn -0.1608 -0.9870 0.0015
vn -0.2347 -0.9721 0.0032
vn -0.2733 -0.9619 0.0103
vn -0.3024 -0.9532 0.0029
vn -0.3043 -0.9526 0.0085
vn -0.2782 -0.9605 0.0028
vn -0.2245 -0.9744 0.0088
vn -0.1604 -0.9870 0.0026
vn -0.1076 -0.9942 0.0084
vn -0.0675 -0.9977 0.0025
vn -0.0407 -0.9991 0.0072
vn -0.0187 -0.9998 0.0025
vn -0.0059 -1.0000 0.0067
vn -0.0002 -1.0000 0.0077
vn -0.0094 -1.0000 0.0015
vn -0.1078 -0.9941 0.0112
vn 0.0018 -1.0000 0.0016
vn 0.2049 0.0955 -0.9741
vn 0.6263 0.4125 -0.6615
vn 0.8152 0.1160 -0.5674
vn 0.8500 0.0011 -0.5268
vn 0.4664 0.0024 -0.8846
vn -0.0000 0.9983 0.0584
vn 0.0007 0.9949 0.1011
vn 0.0034 0.8837 0.4681
vn 0.7562 0.4915 0.4319
vn 0.3695 0.8630 0.3444
vn 0.3853 0.4035 0.8299
vn 0.3822 -0.4221 0.8221
vn 0.7463 -0.5104 0.4271
vn 0.9401 -0.1435 0.3091
vn 0.2784 -0.1092 0.9543
vn 0.9629 -0.0021 0.2699
vn 0.5974 -0.0017 0.8019
vn -0.1680 -0.9792 0.1138
vn -0.0358 -0.4363 0.8991
vn -0.0986 -0.4986 0.8612
vn -0.1756 -0.9144 0.3647
vn -0.1486 -0.9129 0.3802
vn -0.2184 -0.9185 0.3297
vn -0.1347 -0.4764 0.8688
vn -0.2589 -0.9141 0.3122
vn -0.1140 -0.4819 0.8688
vn -0.1596 -0.5068 0.8472
vn -0.2886 -0.9129 0.2886
vn -0.2722 -0.9188 0.2857
vn -0.0774 -0.3366 0.9385
vn -0.2152 -0.9263 0.3094
vn -0.1589 -0.5424 0.8249
vn -0.0939 -0.5797 0.8094
vn -0.1545 -0.9511 0.2674
vn -0.0666 -0.6071 0.7918
vn -0.1039 -0.9616 0.2541
vn -0.0614 -0.9656 0.2527
vn -0.0219 -0.9720 0.2341
vn -0.0381 -0.6057 0.7948
vn -0.0005 -0.9713 0.2378
vn -0.0017 -0.9966 0.0824
vn -0.0225 -0.9244 0.3809
vn -0.0095 -0.1410 0.9900
vn -0.0002 -0.0162 0.9999
vn -0.0800 -0.3325 0.9397
vn 0.0160 -0.9966 0.0805
vn 0.0055 -0.9136 0.4066
vn 0.0151 -0.4508 0.8925
vn 0.1113 -0.9937 -0.0087
vn 0.4161 -0.9093 -0.0030
vn 0.2746 -0.6236 -0.7319
vn 0.6200 -0.4310 -0.6556
vn 0.0003 0.6962 -0.7178
vn 0.2777 0.1075 0.9547
vn 0.2107 0.0010 0.9776
vn 0.5986 0.0033 0.8011
vn 0.2075 -0.0988 -0.9732
vn 0.1506 -0.0013 -0.9886
vn 0.4651 -0.0013 -0.8852
vn 0.2806 0.6031 -0.7467
vn 0.1136 -0.9935 0.0005
vn 0.4079 -0.9130 0.0063
vn 0.3562 -0.8744 0.3295
vn -0.0065 -0.0277 0.9996
vn -0.0131 -0.1894 0.9818
vn -0.0258 -0.1880 0.9818
vn -0.0027 -0.0311 0.9995
vn -0.0002 -0.0008 1.0000
vn -0.0065 -0.0256 0.9997
vn -0.0259 -0.1257 0.9917
vn -0.0334 -0.1136 0.9930
vn -0.0107 -0.1165 0.9931
vn -0.0548 -0.1776 0.9826
vn 0.8081 -0.1204 -0.5767
vn 0.8447 -0.0020 -0.5353
vn 1.0000 0.0006 0.0018
vn 0.9642 0.0011 0.2651
vn 0.0329 -0.0072 0.9994
vn 0.0009 -0.0005 1.0000
vn 0.0044 -0.1118 0.9937
vn 0.2139 -0.0018 0.9769
vn 0.1487 0.0007 -0.9889
vn 0.9414 0.1408 0.3064
vn -0.6857 0.7270 -0.0344
vn -0.4519 0.8915 0.0310
vn -0.0063 0.9993 -0.0358
vn -0.0061 0.9982 0.0603
vn -0.0204 0.3628 0.9317
vn -0.7385 0.2342 0.6323
vn -0.8832 0.0218 0.4684
vn -0.0109 0.1655 0.9862
vn -0.0140 0.0254 -0.9996
vn -0.8581 0.0387 -0.5120
vn -0.7382 0.0017 -0.6746
vn -0.0143 0.0012 -0.9999
vn -0.0157 0.0679 -0.9976
vn 0.0113 -0.0020 0.9999
vn 0.0070 -0.0579 0.9983
vn 0.7385 -0.0048 0.6742
vn -0.9994 0.0004 -0.0358
vn -0.9996 0.0072 -0.0291
vn -0.9985 -0.0013 0.0541
vn -0.9983 -0.0200 0.0551
vn -0.9986 0.0229 0.0485
vn -0.9983 -0.0074 0.0572
vn 0.0266 0.1257 -0.9917
vn 0.0079 0.0679 -0.9977
vn 0.8373 0.0398 -0.5453
vn 0.7677 0.1387 -0.6256
vn 0.0076 0.2056 -0.9786
vn 0.0275 0.2839 -0.9585
vn 0.8567 0.1764 -0.4846
vn 0.0078 0.3461 -0.9382
vn 0.0285 0.4241 -0.9052
vn 0.8820 0.2728 -0.3843
vn 0.0128 0.5939 -0.8044
vn 0.9982 -0.0016 0.0597
vn 0.9993 0.0072 -0.0356
vn 0.9992 0.0003 -0.0388
vn 0.9996 0.0099 -0.0262
vn 0.9987 -0.0174 0.0474
vn 0.9982 -0.0138 0.0578
vn 0.9947 0.0446 0.0929
vn -0.0163 -0.1244 0.9921
vn -0.0138 -0.0579 0.9982
vn -0.7656 -0.0065 0.6433
vn -0.8808 -0.0868 0.4655
vn -0.0140 -0.2151 0.9765
vn -0.0160 -0.3194 0.9475
vn -0.8356 -0.1696 0.5225
vn -0.7412 -0.2783 0.6109
vn -0.0128 -0.4050 0.9142
vn -0.0118 -0.4513 0.8923
vn -0.8043 -0.2534 0.5375
vn -0.0096 -0.4341 0.9008
vn -0.9998 0.0006 0.0209
vn -0.9945 0.0703 0.0773
vn -0.9990 0.0139 -0.0417
vn 0.9987 0.0265 -0.0440
vn 0.9946 0.0567 0.0871
vn 0.9997 0.0007 0.0226
vn 0.9992 -0.0002 -0.0392
vn -0.9086 -0.0011 -0.4177
vn -0.7561 0.0291 -0.6538
vn -0.0139 0.0046 -0.9999
vn 0.0123 0.9993 -0.0357
vn 0.0040 0.9998 0.0202
vn 0.5375 0.8429 0.0258
vn 0.5401 0.8402 -0.0486
vn 0.0072 0.0012 -1.0000
vn 0.0270 0.0254 -0.9993
vn 0.0073 -0.2151 0.9766
vn 0.0313 -0.1238 0.9918
vn 0.0065 -0.4050 0.9143
vn 0.0283 -0.3195 0.9472
vn 0.0061 -0.4539 0.8910
vn 0.0229 -0.4512 0.8921
vn 0.0270 0.0046 -0.9996
vn 0.7111 0.0018 -0.7031
vn 0.0618 -0.0000 0.9981
vn 0.8674 0.0231 0.4972
vn -0.4944 0.7668 0.4093
vn -0.0074 0.8818 0.4716
vn -0.8581 0.0387 -0.5121
vn -0.7657 -0.0065 0.6432
vn -0.8040 0.1287 -0.5805
vn -0.8001 0.2094 -0.5622
vn -0.9276 0.2069 -0.3111
vn -0.9981 0.0566 -0.0227
vn 0.7678 0.1387 -0.6255
vn 0.7385 -0.0049 0.6742
vn 0.7917 -0.0696 0.6070
vn 0.8830 -0.1023 0.4581
vn 0.8567 0.1764 -0.4847
vn 0.8088 -0.1882 0.5572
vn 0.7145 -0.2900 0.6367
vn 0.9960 0.0897 0.0057
vn 0.7765 -0.2689 0.5699
vn -0.9993 -0.0002 -0.0363
vn -0.7385 0.2343 0.6323
vn 0.7120 0.2440 0.6585
vn 0.8957 -0.0012 -0.4446
vn 0.7306 0.0306 -0.6821
vn 0.4931 0.7227 -0.4843
vn 0.0043 0.8388 -0.5444
vn 0.0037 0.8817 0.4717
vn -0.0032 0.9547 0.2975
vn 0.0041 0.9754 0.2206
vn 0.0058 0.9578 0.2875
vn 0.0057 -0.4451 0.8954
vn 0.0045 -0.3052 0.9523
vn -0.0002 -0.2922 0.9564
vn 0.0026 -0.2982 0.9545
vn -0.0051 -0.2980 0.9545
vn 0.4779 0.8126 0.3335
vn 0.1176 0.8157 0.5664
vn 0.0709 0.8950 0.4404
vn 0.5048 0.7072 0.4950
vn 0.2400 0.6992 0.6734
vn 0.4731 0.5066 0.7208
vn 0.4949 0.4982 0.7120
vn 0.5028 0.6112 0.6112
vn 0.1956 0.4142 0.8889
vn 0.3034 0.2517 0.9190
vn 0.4895 0.2259 0.8422
vn 0.4998 0.3660 0.7850
vn 0.1496 0.0807 0.9855
vn 0.1934 -0.1511 0.9694
vn 0.4676 -0.0820 0.8801
vn 0.4951 0.0757 0.8655
vn 0.5177 0.7751 0.3623
vn 0.4633 -0.2283 0.8563
vn 0.7183 -0.2940 -0.6305
vn 0.0047 -0.4225 -0.9063
vn 0.0044 -0.2588 -0.9659
vn 0.7955 -0.1583 -0.5849
vn 0.7270 -0.3938 -0.5625
vn 0.0044 -0.5735 -0.8192
vn 0.8652 -0.0443 -0.4995
vn 0.0049 -0.0871 -0.9962
vn 0.0060 0.0581 -0.9983
vn 0.7389 0.0590 -0.6712
vn 0.9928 0.0306 -0.1160
vn 0.0033 0.2309 -0.9730
vn 0.0034 0.4227 -0.9063
vn 0.7313 0.3095 -0.6078
vn 0.0059 0.6187 -0.7856
vn 0.0046 0.7518 -0.6594
vn 0.7353 0.4859 -0.4724
vn 0.9999 0.0070 -0.0084
vn 0.7642 0.5219 -0.3789
vn 0.6769 0.5950 -0.4333
vn 0.0068 0.9962 -0.0869
vn 0.7559 0.6501 -0.0769
vn 0.0043 0.9597 -0.2808
vn 0.7260 0.6589 -0.1968
vn 0.7273 0.6180 -0.2984
vn 0.0045 0.8767 -0.4811
vn 0.8899 0.4544 0.0400
vn 0.0024 0.9962 0.0872
vn 0.7954 0.5850 0.1585
vn 0.7198 0.6293 0.2928
vn 0.7281 0.5615 0.3932
vn 0.7421 0.4720 0.4760
vn 0.8986 0.2537 0.3581
vn 0.7197 0.2934 0.6293
vn 0.7282 0.1774 0.6621
vn 0.7421 0.0556 0.6680
vn 0.8467 -0.0417 0.5305
vn 0.9999 -0.0035 0.0129
vn 0.7779 -0.2682 0.5683
vn 0.7140 -0.4166 0.5627
vn 0.0044 -0.5922 0.8058
vn 0.0044 -0.7340 0.6791
vn 0.8242 -0.4234 0.3760
vn 0.7176 -0.5627 0.4103
vn 0.0047 -0.8081 0.5890
vn 0.7172 -0.6685 0.1969
vn 0.0046 -0.9598 0.2808
vn 0.0044 -0.9962 0.0871
vn 0.8864 -0.4614 0.0373
vn 0.7427 -0.5942 0.3088
vn 0.0044 -0.8894 0.4571
vn 0.7404 -0.6699 -0.0559
vn 0.0047 -0.9962 -0.0872
vn 0.0044 -0.9659 -0.2589
vn 0.7268 -0.6634 -0.1778
vn 0.7183 -0.6306 -0.2941
vn 0.0046 -0.9063 -0.4227
vn 0.0044 -0.8191 -0.5736
vn 0.8972 -0.3604 -0.2553
vn 0.7405 -0.4772 -0.4733
vn 0.0046 -0.7070 -0.7072
vn 0.8535 0.4343 -0.2880
vn 0.0078 0.8299 -0.5579
vn 0.8551 -0.4327 0.2857
vn 0.6872 -0.6000 0.4095
vn 1.0000 -0.0021 -0.0008
vn 0.9997 -0.0130 -0.0194
vn 0.9999 -0.0129 0.0057
vn 0.9987 -0.0374 0.0350
vn 1.0000 0.0076 0.0053
vn 0.9993 0.0122 0.0351
vn 1.0000 0.0046 -0.0022
vn -0.0005 0.9080 0.4189
vn -0.0003 0.8196 0.5729
vn -0.3885 0.8232 0.4139
vn -0.0010 0.7071 0.7071
vn -0.0002 0.5735 0.8192
vn -0.5511 0.4808 0.6819
vn -0.6287 0.5700 0.5290
vn -0.0009 0.2606 0.9655
vn -0.5278 0.3508 0.7736
vn -0.0006 0.4244 0.9055
vn -0.0014 0.0858 0.9963
vn -0.0002 -0.0869 0.9962
vn -0.2580 -0.1658 0.9518
vn -0.5512 0.4808 0.6819
vn -0.5278 0.3508 0.7735
vn -0.0176 0.7893 -0.6137
vn 0.0003 0.8127 -0.5826
vn 0.0003 -0.8256 0.5643
vn 0.0117 0.3266 0.9451
vn 0.0138 0.1064 0.9942
vn 0.7120 0.2439 0.6585
vn -0.0159 -0.0143 0.9998
vn -0.1906 -0.0795 0.9785
vn -0.0969 -0.0001 0.9953
vn -0.0095 -0.0033 0.9999
vn -0.0137 0.1253 -0.9920
vn -0.0149 0.2056 -0.9785
vn -0.0142 0.2836 -0.9588
vn -0.0153 0.3460 -0.9381
vn -0.0147 0.4219 -0.9065
vn -0.0615 -0.0000 0.9981
vn 0.0150 -0.0146 0.9998
vn 0.0947 -0.0001 0.9955
vn 0.1867 -0.0779 0.9793
vn 0.0098 -0.0247 0.9996
vn -0.0085 0.8389 -0.5442
vn -0.6857 0.7270 -0.0343
vn -0.5207 0.7102 -0.4737
vn -0.5207 0.7103 -0.4737
vn 0.4362 0.7955 0.4206
vn 0.4931 0.7227 -0.4844
vn -0.0023 -0.4226 -0.9063
vn -0.0087 -0.2588 -0.9659
vn -0.0087 -0.5735 -0.8192
vn -0.0023 -0.0871 -0.9962
vn -0.0058 0.1163 -0.9932
vn -0.0050 0.7141 -0.7001
vn -0.0039 0.8299 -0.5579
vn -0.0049 0.9021 -0.4316
vn -0.0059 -0.3974 0.9176
vn -0.0022 -0.5922 0.8058
vn -0.0089 -0.7340 0.6791
vn -0.0023 -0.7071 -0.7071
vn -0.0003 0.8028 -0.5962
vn -0.0024 -0.8059 0.5920
vn -0.0000 0.0188 0.9998
vn 0.0055 0.0114 0.9999
vn 0.0021 -0.0866 0.9962
vn -0.0384 -0.0930 0.9949
vn -0.0021 0.0044 1.0000
vn -0.1676 0.0693 0.9834
vn -0.1248 0.1266 0.9841
vn -0.0000 0.9890 0.1477
vn 0.3805 0.9238 0.0422
vn 0.6996 0.6994 0.1463
vn 0.1202 0.1219 0.9852
vn -0.6996 0.6994 0.1463
vn -0.3805 0.9238 0.0422
vn -0.9892 -0.0000 0.1463
vn -0.9223 0.3842 0.0414
vn -0.6997 -0.6994 0.1460
vn -0.9223 -0.3843 0.0413
vn 0.0001 -0.9891 0.1472
vn -0.3805 -0.9239 0.0413
vn 0.6995 -0.6993 0.1470
vn 0.3805 -0.9238 0.0424
vn 0.9892 -0.0000 0.1462
vn 0.9223 -0.3843 0.0413
vn 0.1638 0.0677 0.9842
vn 0.9223 0.3843 0.0414
vn -0.0000 0.9998 0.0215
vn 0.3807 0.9244 0.0216
vn 0.7071 0.7068 0.0215
vn -0.7071 0.7068 0.0216
vn -0.3807 0.9244 0.0216
vn -0.9998 -0.0000 0.0215
vn -0.9229 0.3846 0.0216
vn -0.7071 -0.7068 0.0215
vn -0.9229 -0.3845 0.0216
vn -0.0000 -0.9998 0.0214
vn -0.3808 -0.9244 0.0215
vn 0.7071 -0.7068 0.0215
vn 0.3808 -0.9244 0.0215
vn 0.9998 -0.0000 0.0215
vn 0.9229 -0.3845 0.0216
vn 0.9229 0.3845 0.0216
vn -0.1187 -0.2884 0.9501
vn 0.0116 0.0112 0.9999
vn -0.0000 0.0143 0.9999
vn -0.1188 -0.2884 0.9501
vn -0.0000 0.0144 0.9999
vn -0.0003 -0.9998 0.0220
vn -0.3803 -0.9246 0.0214
vn -0.7072 -0.7066 0.0220
vn 0.0116 0.0111 0.9999
vn 0.1172 -0.2846 0.9514
vn -0.0118 0.0112 0.9999
vn 0.1173 -0.2847 0.9514
vn -0.0118 0.0113 0.9999
vn 0.7075 -0.7064 0.0220
vn 0.3803 -0.9246 0.0212
vn 0.2831 -0.1193 0.9516
vn -0.0187 -0.0000 0.9998
vn -0.0187 -0.0001 0.9998
vn 0.9992 -0.0003 0.0394
vn 0.9447 -0.3277 0.0152
vn 0.2752 0.1145 0.9545
vn -0.0123 -0.0119 0.9999
vn -0.0122 -0.0118 0.9999
vn 0.7068 0.7063 0.0392
vn 0.9229 0.3850 0.0120
vn 0.1141 0.2800 0.9532
vn -0.0000 -0.0147 0.9999
vn -0.0000 -0.0148 0.9999
vn -0.0000 0.9998 0.0220
vn 0.4372 0.8992 0.0151
vn -0.1140 0.2800 0.9532
vn 0.0122 -0.0118 0.9999
vn -0.1141 0.2801 0.9532
vn -0.7071 0.7060 0.0393
vn -0.4372 0.8993 0.0150
vn -0.2791 0.1161 0.9532
vn 0.0189 -0.0001 0.9998
vn -0.2791 0.1162 0.9532
vn -0.9992 -0.0000 0.0394
vn -0.9229 0.3849 0.0121
vn -0.2831 -0.1193 0.9516
vn -0.2831 -0.1192 0.9516
vn -0.9447 -0.3277 0.0152
vn 0.3804 -0.9247 0.0165
vn 0.9996 -0.0003 0.0291
vn 0.7071 0.7065 0.0292
vn 0.9225 0.3848 0.0295
vn 0.3222 0.9464 0.0210
vn -0.7073 0.7063 0.0291
vn -0.3222 0.9464 0.0210
vn -0.9996 -0.0000 0.0291
vn -0.3808 -0.9245 0.0164
vn -0.0002 -0.9986 0.0520
vn -0.7051 -0.7072 0.0520
vn 0.7066 -0.7057 0.0520
vn 0.8974 -0.4407 0.0208
vn -0.0000 0.9986 0.0522
vn -0.9227 0.3844 0.0294
vn -0.8974 -0.4407 0.0208
vn -0.2737 -0.6643 0.6956
vn -0.5174 -0.5169 0.6820
vn -0.0000 -0.7317 0.6816
vn -0.0000 -0.7318 0.6816
vn 0.0041 -0.1814 0.9834
vn -0.0159 -0.0486 0.9987
vn -0.1969 -0.1962 0.9606
vn -0.5175 -0.5169 0.6819
vn 0.2831 -0.6792 0.6772
vn 0.4796 -0.4791 0.7352
vn 0.0211 -0.0210 0.9996
vn 0.0838 -0.2136 0.9733
vn 0.6791 -0.2850 0.6764
vn 0.7371 -0.0000 0.6758
vn 0.6791 -0.2850 0.6765
vn 0.1785 -0.0042 0.9839
vn 0.2123 -0.0842 0.9736
vn 0.6670 0.2778 0.6914
vn 0.5217 0.5211 0.6755
vn 0.5217 0.5212 0.6754
vn 0.1985 0.1972 0.9600
vn 0.0148 0.0050 0.9999
vn 0.2756 0.6661 0.6931
vn -0.0000 0.7316 0.6818
vn 0.2755 0.6661 0.6931
vn -0.0000 0.7316 0.6817
vn 0.0005 0.2820 0.9594
vn 0.0077 0.0184 0.9998
vn -0.2755 0.6661 0.6931
vn -0.5217 0.5211 0.6755
vn -0.2756 0.6661 0.6931
vn -0.1981 0.1986 0.9598
vn -0.0121 0.0292 0.9995
vn -0.6661 0.2774 0.6923
vn -0.7372 -0.0000 0.6757
vn -0.2759 -0.0002 0.9612
vn -0.0702 0.0298 0.9971
vn -0.6580 -0.2730 0.7018
vn -0.0084 -0.0035 1.0000
vn 0.8088 -0.1881 0.5572
vn 0.4931 0.7226 -0.4844
vn 0.0063 0.9993 -0.0358
vn 0.5673 0.8232 0.0252
vn 0.5700 0.8202 -0.0475
vn 0.0061 0.9982 0.0603
vn 0.0204 0.3628 0.9317
vn 0.0109 0.1656 0.9861
vn 0.8833 0.0218 0.4683
vn 0.7384 0.2342 0.6324
vn 0.0141 0.0253 -0.9996
vn 0.0134 0.0007 -0.9999
vn 0.8275 0.0024 -0.5614
vn 0.8581 0.0387 -0.5121
vn 0.0157 0.0679 -0.9976
vn -0.8080 -0.0061 0.5892
vn -0.0070 -0.0579 0.9983
vn -0.0254 -0.0016 0.9997
vn 0.9985 -0.0013 0.0541
vn 0.9996 0.0072 -0.0291
vn 0.9994 0.0004 -0.0358
vn 0.9983 -0.0200 0.0551
vn 0.9983 -0.0075 0.0571
vn 0.9986 0.0228 0.0484
vn -0.8373 0.0398 -0.5453
vn -0.0079 0.0679 -0.9977
vn -0.0265 0.1257 -0.9917
vn -0.0076 0.2056 -0.9786
vn -0.7677 0.1387 -0.6256
vn -0.0275 0.2839 -0.9585
vn -0.0078 0.3461 -0.9382
vn -0.8567 0.1764 -0.4847
vn -0.0285 0.4241 -0.9052
vn -0.0128 0.5939 -0.8044
vn -0.8820 0.2728 -0.3843
vn -0.9979 0.0005 -0.0652
vn -0.9993 0.0072 -0.0356
vn -0.9992 -0.0010 0.0394
vn -0.9987 -0.0174 0.0474
vn -0.9996 0.0099 -0.0262
vn -0.9947 0.0446 0.0929
vn -0.9982 -0.0138 0.0578
vn 0.0162 -0.1244 0.9921
vn 0.8808 -0.0868 0.4655
vn 0.7655 -0.0065 0.6434
vn 0.0138 -0.0579 0.9982
vn 0.0140 -0.2151 0.9765
vn 0.0160 -0.3194 0.9475
vn 0.8356 -0.1696 0.5225
vn 0.0129 -0.4049 0.9143
vn 0.7411 -0.2783 0.6110
vn 0.0118 -0.4513 0.8923
vn 0.0096 -0.4341 0.9008
vn 0.8043 -0.2534 0.5375
vn 0.9989 0.0246 -0.0408
vn 0.9954 0.0525 0.0806
vn 0.9998 0.0006 0.0209
vn 0.9993 -0.0002 -0.0363
vn -0.9936 0.0759 0.0834
vn -0.9989 0.0151 -0.0451
vn -0.9993 0.0011 0.0369
vn 0.0152 0.0091 -0.9998
vn 0.7591 0.0291 -0.6504
vn 0.8424 -0.0009 -0.5389
vn -0.4244 0.9049 0.0315
vn -0.0040 0.9998 0.0202
vn -0.0123 0.9993 -0.0357
vn -0.6570 0.7530 -0.0356
vn -0.0273 0.0281 -0.9992
vn -0.0131 0.0022 -0.9999
vn -0.0313 -0.1238 0.9918
vn -0.0073 -0.2151 0.9766
vn -0.0283 -0.3195 0.9472
vn -0.0065 -0.4050 0.9143
vn -0.0229 -0.4512 0.8921
vn -0.0061 -0.4539 0.8910
vn -0.7108 0.0018 -0.7034
vn -0.0139 0.0024 -0.9999
vn -0.8229 0.0202 0.5678
vn 0.0074 0.8818 0.4716
vn 0.4940 0.7670 0.4095
vn 0.8040 0.1287 -0.5806
vn 0.8001 0.2094 -0.5622
vn 0.9981 0.0566 -0.0227
vn 0.9276 0.2069 -0.3111
vn -0.7678 0.1387 -0.6255
vn -0.8830 -0.1024 0.4581
vn -0.7917 -0.0696 0.6070
vn -0.7145 -0.2900 0.6366
vn -0.8088 -0.1882 0.5572
vn -0.9960 0.0897 0.0057
vn -0.7765 -0.2689 0.5698
vn 0.7591 0.0292 -0.6504
vn 0.7384 0.2343 0.6324
vn -0.8230 0.0202 0.5677
vn -0.7119 0.2440 0.6586
vn -0.7307 0.0305 -0.6820
vn -0.8957 -0.0012 -0.4446
vn -0.9998 -0.0001 -0.0218
vn -0.0043 0.8386 -0.5447
vn -0.4928 0.7228 -0.4844
vn -0.0037 0.8818 0.4717
vn -0.0054 0.9710 0.2392
vn -0.0041 0.9754 0.2205
vn 0.0033 0.9547 0.2975
vn 0.0002 -0.2376 0.9714
vn 0.0051 -0.2981 0.9545
vn -0.0027 -0.2981 0.9545
vn -0.0045 -0.3051 0.9523
vn -0.5049 0.7072 0.4950
vn -0.1176 0.8157 0.5664
vn -0.0709 0.8950 0.4404
vn -0.4779 0.8126 0.3335
vn -0.2400 0.6992 0.6734
vn -0.5029 0.6112 0.6112
vn -0.4976 0.4962 0.7115
vn -0.4731 0.5066 0.7208
vn -0.1956 0.4143 0.8889
vn -0.5106 0.3634 0.7793
vn -0.4922 0.2267 0.8404
vn -0.3034 0.2516 0.9190
vn -0.1495 0.0806 0.9855
vn -0.4951 0.0757 0.8655
vn -0.4649 -0.0809 0.8817
vn -0.1933 -0.1511 0.9694
vn -0.5177 0.7751 0.3623
vn -0.4514 -0.2298 0.8622
vn -0.7404 -0.2840 -0.6092
vn -0.8972 -0.1166 -0.4260
vn -0.7269 -0.3939 -0.5626
vn -0.7183 -0.0606 -0.6931
vn -0.7269 0.0599 -0.6841
vn -0.7404 0.1740 -0.6492
vn -0.8532 0.2318 -0.4673
vn -0.0067 0.4225 -0.9063
vn -0.0031 0.2866 -0.9580
vn -0.0061 0.5639 -0.8259
vn -0.7299 0.4079 -0.5485
vn -0.7254 0.4937 -0.4796
vn -0.7487 0.5365 -0.3894
vn -0.6769 0.5954 -0.4328
vn -0.0091 0.9597 -0.2807
vn -0.7312 0.6771 -0.0831
vn -0.0034 0.9962 -0.0871
vn -0.7330 0.6129 -0.2950
vn -0.9999 0.0105 -0.0035
vn -0.8685 0.4937 0.0444
vn -0.7954 0.5846 0.1599
vn -0.0049 0.9962 0.0872
vn -0.7198 0.6293 0.2929
vn -0.7281 0.5615 0.3932
vn -0.7421 0.4740 0.4740
vn -0.8466 0.3091 0.4332
vn -0.9997 0.0105 0.0223
vn -0.8467 0.1332 0.5152
vn -0.7421 0.0584 0.6678
vn -0.7281 -0.0598 0.6828
vn -0.7199 -0.1803 0.6703
vn -0.8338 -0.2340 0.5001
vn -0.7132 -0.4165 0.5638
vn -0.7370 -0.4993 0.4555
vn -0.7508 -0.5335 0.3895
vn -0.7140 -0.6715 0.1983
vn -0.8286 -0.5577 0.0491
vn -0.0086 -0.9962 0.0871
vn -0.0022 -0.9598 0.2808
vn -0.0088 -0.8894 0.4571
vn -0.7441 -0.5930 0.3078
vn -0.7183 -0.6931 -0.0607
vn -0.7269 -0.6634 -0.1778
vn -0.0087 -0.9659 -0.2589
vn -0.0023 -0.9962 -0.0872
vn -0.7405 -0.6091 -0.2841
vn -0.8972 -0.3632 -0.2514
vn -0.0087 -0.8191 -0.5736
vn -0.0024 -0.9063 -0.4226
vn -0.7183 -0.4919 -0.4920
vn -0.9999 -0.0118 0.0111
vn -1.0000 -0.0019 0.0010
vn -0.8504 0.4389 -0.2902
vn -0.8581 -0.4291 0.2820
vn -0.6878 -0.5996 0.4092
vn -0.9999 -0.0082 -0.0108
vn -1.0000 0.0003 -0.0072
vn -0.9996 0.0222 0.0147
vn -0.9988 -0.0053 0.0485
vn -1.0000 0.0040 -0.0036
vn -0.9992 -0.0394 -0.0112
vn 0.3885 0.8232 0.4139
vn 0.0006 0.8191 0.5736
vn 0.0003 0.9094 0.4159
vn 0.0005 0.7071 0.7071
vn 0.6288 0.5700 0.5290
vn 0.5512 0.4808 0.6819
vn 0.0005 0.5735 0.8192
vn 0.0003 0.4245 0.9054
vn 0.5280 0.3509 0.7734
vn 0.0018 0.2607 0.9654
vn 0.2580 -0.1658 0.9518
vn 0.0004 -0.0868 0.9962
vn 0.0007 0.0859 0.9963
vn 0.5281 0.3508 0.7733
vn 0.6287 0.5700 0.5290
vn 0.3886 0.8232 0.4139
vn 0.0176 0.7893 -0.6137
vn -0.0004 -0.8354 0.5496
vn -0.0117 0.3265 0.9451
vn -0.0261 0.0716 0.9971
vn -0.8958 -0.0012 -0.4446
vn -0.7307 0.0306 -0.6820
vn 0.0020 -0.0004 1.0000
vn 0.0392 -0.0341 0.9986
vn 0.0960 -0.0032 0.9954
vn 0.0102 -0.0035 0.9999
vn 0.0137 0.1253 -0.9920
vn 0.0149 0.2056 -0.9785
vn 0.0142 0.2836 -0.9588
vn 0.0153 0.3454 -0.9383
vn 0.0147 0.4242 -0.9054
vn -0.0150 -0.0146 0.9998
vn 0.0615 -0.0000 0.9981
vn -0.1858 -0.0775 0.9795
vn -0.0947 -0.0000 0.9955
vn -0.0098 -0.0247 0.9996
vn 0.0085 0.8386 -0.5447
vn 0.5701 0.8202 -0.0474
vn 0.5673 0.8231 0.0252
vn -0.4244 0.9049 0.0314
vn -0.6570 0.7530 -0.0355
vn 0.0086 0.8386 -0.5447
vn 0.5215 0.7104 -0.4726
vn 0.0074 0.8818 0.4715
vn -0.0037 0.8817 0.4717
vn 0.5214 0.7104 -0.4726
vn -0.4367 0.7953 0.4205
vn -0.4928 0.7228 -0.4845
vn -0.0000 0.0032 1.0000
vn -0.0051 0.0115 0.9999
vn 0.0384 -0.0930 0.9949
vn -0.0021 -0.0866 0.9962
vn 0.0112 0.0314 0.9994
vn 0.0127 0.0149 0.9998
vn 0.0528 0.0214 0.9984
vn -0.1219 0.1237 0.9848
vn -0.0000 0.9889 0.1487
vn 0.9898 0.0004 0.1427
vn 0.6114 -0.2549 0.7492
vn 0.9224 -0.3844 0.0373
vn 0.6998 -0.7000 0.1425
vn 0.3805 -0.9239 0.0413
vn -0.0001 -0.9891 0.1472
vn -0.3804 -0.9238 0.0424
vn -0.6995 -0.6994 0.1469
vn -0.1644 0.0680 0.9840
vn -0.9223 0.3843 0.0414
vn -0.7071 0.7067 0.0216
vn -0.0000 0.9998 0.0216
vn 0.3808 0.9244 0.0216
vn 0.7071 -0.7068 0.0214
vn 0.3807 -0.9244 0.0215
vn -0.0000 -0.9998 0.0215
vn -0.9229 -0.3845 0.0215
vn -0.9998 -0.0000 0.0216
vn -0.9229 0.3845 0.0216
vn 0.1188 -0.2885 0.9501
vn 0.1188 -0.2886 0.9500
vn -0.0119 0.0114 0.9999
vn 0.7072 -0.7066 0.0220
vn 0.3804 -0.9246 0.0213
vn -0.0000 -0.9998 0.0220
vn 0.0001 0.0143 0.9999
vn -0.1188 -0.2885 0.9501
vn 0.0118 0.0113 0.9999
vn -0.2829 -0.1192 0.9517
vn -0.2830 -0.1192 0.9517
vn -0.9992 -0.0003 0.0393
vn 0.0184 -0.0001 0.9998
vn -0.2751 0.1145 0.9546
vn -0.9228 0.3850 0.0120
vn -0.7069 0.7063 0.0392
vn 0.0123 -0.0119 0.9999
vn 0.0124 -0.0120 0.9999
vn -0.1133 0.2749 0.9548
vn -0.1133 0.2748 0.9548
vn -0.3804 0.9248 0.0121
vn -0.0000 0.9992 0.0393
vn -0.0000 -0.0154 0.9999
vn -0.0000 -0.0152 0.9999
vn 0.1163 0.2790 0.9532
vn 0.1163 0.2791 0.9532
vn 0.3229 0.9463 0.0151
vn 0.6605 0.7502 0.0283
vn -0.0117 -0.0115 0.9999
vn -0.0117 -0.0114 0.9999
vn 0.2880 0.1212 0.9499
vn 0.2881 0.1212 0.9499
vn 0.9227 0.3853 0.0126
vn 0.9992 0.0004 0.0395
vn -0.0188 -0.0000 0.9998
vn -0.0188 -0.0001 0.9998
vn 0.2831 -0.1192 0.9517
vn 0.2830 -0.1192 0.9517
vn -0.9996 -0.0002 0.0291
vn -0.9225 0.3848 0.0295
vn -0.7071 0.7065 0.0291
vn -0.3803 0.9244 0.0296
vn -0.0000 0.9996 0.0292
vn 0.4378 0.8988 0.0209
vn 0.9996 0.0006 0.0290
vn 0.3803 -0.9247 0.0165
vn 0.7064 -0.7059 0.0519
vn -0.0000 -0.9987 0.0519
vn -0.3804 -0.9247 0.0165
vn -0.7051 -0.7072 0.0519
vn 0.7505 0.6598 0.0368
vn 0.9223 0.3855 0.0291
vn 0.2736 -0.6642 0.6957
vn 0.5174 -0.5169 0.6820
vn 0.2736 -0.6642 0.6956
vn 0.1970 -0.1967 0.9605
vn 0.0059 -0.0184 0.9998
vn -0.0041 -0.1814 0.9834
vn -0.0000 -0.7318 0.6815
vn -0.2827 -0.6783 0.6783
vn -0.2828 -0.6783 0.6782
vn -0.0838 -0.2136 0.9733
vn -0.0364 -0.0367 0.9987
vn -0.4795 -0.4790 0.7352
vn -0.4795 -0.4791 0.7352
vn -0.6790 -0.2850 0.6766
vn -0.6790 -0.2849 0.6766
vn -0.2123 -0.0842 0.9736
vn -0.1793 -0.0046 0.9838
vn -0.7370 -0.0000 0.6759
vn -0.6611 0.2753 0.6979
vn -0.0089 0.0031 1.0000
vn -0.1995 0.1983 0.9596
vn -0.5216 0.5211 0.6756
vn -0.2752 0.6679 0.6915
vn -0.2752 0.6680 0.6915
vn -0.0291 0.0719 0.9970
vn -0.0005 0.2820 0.9594
vn -0.0000 0.7378 0.6751
vn -0.0000 0.7377 0.6751
vn 0.2736 0.6669 0.6931
vn 0.0122 0.0296 0.9995
vn 0.1981 0.1986 0.9598
vn 0.5173 0.5167 0.6822
vn 0.6612 0.2742 0.6983
vn 0.0188 0.0082 0.9998
vn 0.2763 0.0001 0.9611
vn 0.7372 -0.0000 0.6757
vn 0.6624 -0.2748 0.6969
vn 0.0162 -0.0067 0.9998
vn -0.8830 -0.1024 0.4582
vn -0.8088 -0.1881 0.5572
vn 0.8040 0.1287 -0.5805
vn 0.8000 0.2094 -0.5622
vt 0.756455 0.647765
vt 0.756413 0.647744
vt 0.756449 0.647729
vt 0.688430 0.565910
vt 0.688961 0.565370
vt 0.688789 0.566120
vt 0.721881 0.561446
vt 0.721777 0.561572
vt 0.721716 0.561376
vt 0.720082 0.698580
vt 0.719809 0.698542
vt 0.719872 0.698275
vt 0.724646 0.605920
vt 0.724668 0.605937
vt 0.724662 0.605979
vt 0.724934 0.703743
vt 0.725313 0.703717
vt 0.725186 0.703981
vt 0.677681 0.650194
vt 0.677727 0.650347
vt 0.677667 0.650351
vt 0.725901 0.605931
vt 0.725863 0.605955
vt 0.725868 0.605920
vt 0.689990 0.608716
vt 0.690189 0.608737
vt 0.690072 0.608866
vt 0.724668 0.607919
vt 0.724707 0.607952
vt 0.724673 0.607961
vt 0.759731 0.565304
vt 0.759699 0.565268
vt 0.759732 0.565273
vt 0.762504 0.594037
vt 0.762504 0.593529
vt 0.762562 0.593529
vt 0.762969 0.638730
vt 0.762917 0.638323
vt 0.762972 0.638322
vt 0.753880 0.602969
vt 0.756111 0.603000
vt 0.753880 0.603000
vt 0.725766 0.605930
vt 0.725731 0.605951
vt 0.725733 0.605920
vt 0.724094 0.609440
vt 0.723976 0.609013
vt 0.724028 0.608994
vt 0.726176 0.604818
vt 0.726143 0.604783
vt 0.726176 0.604787
vt 0.746354 0.678679
vt 0.746110 0.678441
vt 0.746469 0.678497
vt 0.688451 0.650874
vt 0.688582 0.651031
vt 0.688370 0.651028
vt 0.690189 0.649927
vt 0.689990 0.649947
vt 0.690072 0.649797
vt 0.471801 0.634847
vt 0.471272 0.635301
vt 0.471058 0.634563
vt 0.593848 0.618291
vt 0.593160 0.617490
vt 0.594295 0.617512
vt 0.724702 0.605945
vt 0.726307 0.604821
vt 0.726275 0.604788
vt 0.726309 0.604791
vt 0.690387 0.608477
vt 0.690141 0.608490
vt 0.690385 0.608426
vt 0.725765 0.605955
vt 0.725731 0.605990
vt 0.753274 0.677584
vt 0.751660 0.677808
vt 0.751683 0.677400
vt 0.723047 0.608479
vt 0.723432 0.608739
vt 0.723036 0.608684
vt 0.665521 0.651335
vt 0.665857 0.651204
vt 0.665908 0.651372
vt 0.723640 0.607192
vt 0.723401 0.607506
vt 0.723587 0.607174
vt 0.764329 0.590586
vt 0.764373 0.590131
vt 0.764366 0.590597
vt 0.724476 0.605920
vt 0.724505 0.605940
vt 0.724493 0.605958
vt 0.743301 0.647692
vt 0.743255 0.647728
vt 0.743270 0.647692
vt 0.737275 0.609949
vt 0.737307 0.609959
vt 0.737292 0.609996
vt 0.690400 0.566122
vt 0.690600 0.565961
vt 0.690420 0.566161
vt 0.751867 0.608976
vt 0.751616 0.647692
vt 0.751601 0.609946
vt 0.737459 0.604423
vt 0.737123 0.604698
vt 0.737093 0.604560
vt 0.725241 0.607651
vt 0.725304 0.605973
vt 0.725304 0.607656
vt 0.762942 0.637648
vt 0.761427 0.637918
vt 0.761444 0.637584
vt 0.655209 0.607044
vt 0.655598 0.606717
vt 0.655635 0.607192
vt 0.655635 0.566476
vt 0.655251 0.566082
vt 0.655749 0.566123
vt 0.690286 0.566475
vt 0.690249 0.566951
vt 0.689861 0.566624
vt 0.655749 0.607545
vt 0.655397 0.608029
vt 0.655251 0.607586
vt 0.689903 0.566081
vt 0.690048 0.565638
vt 0.688411 0.608375
vt 0.687946 0.607827
vt 0.688430 0.607761
vt 0.665645 0.559732
vt 0.665945 0.559595
vt 0.665881 0.559861
vt 0.688027 0.651160
vt 0.688417 0.651168
vt 0.723112 0.565911
vt 0.722666 0.565843
vt 0.723154 0.565296
vt 0.688789 0.607551
vt 0.689421 0.608035
vt 0.688961 0.608300
vt 0.723680 0.565376
vt 0.724092 0.565646
vt 0.723443 0.566123
vt 0.690847 0.565843
vt 0.690587 0.565295
vt 0.655935 0.608372
vt 0.656195 0.607825
vt 0.550692 0.601951
vt 0.550187 0.601451
vt 0.550943 0.601362
vt 0.457626 0.732633
vt 0.458133 0.732097
vt 0.458456 0.732791
vt 0.724340 0.607577
vt 0.723443 0.607544
vt 0.689693 0.566077
vt 0.689005 0.566473
vt 0.655397 0.565639
vt 0.655939 0.565911
vt 0.689278 0.608460
vt 0.689342 0.608492
vt 0.689278 0.608491
vt 0.737844 0.565432
vt 0.737777 0.565649
vt 0.737780 0.565427
vt 0.724461 0.565256
vt 0.724526 0.565636
vt 0.724465 0.565644
vt 0.751364 0.677051
vt 0.751520 0.676681
vt 0.751592 0.677045
vt 0.724113 0.649309
vt 0.724160 0.649513
vt 0.724102 0.649515
vt 0.762827 0.590425
vt 0.762732 0.590964
vt 0.762764 0.590420
vt 0.764331 0.591114
vt 0.764422 0.590614
vt 0.764388 0.591124
vt 0.689409 0.608460
vt 0.689473 0.608492
vt 0.689409 0.608491
vt 0.737718 0.566002
vt 0.737775 0.566002
vt 0.728936 0.649697
vt 0.728672 0.649567
vt 0.728856 0.649486
vt 0.762982 0.637954
vt 0.762999 0.637630
vt 0.726070 0.605744
vt 0.726123 0.605905
vt 0.726062 0.605920
vt 0.705612 0.608684
vt 0.690397 0.608735
vt 0.690395 0.608683
vt 0.761371 0.637183
vt 0.761419 0.637541
vt 0.761357 0.637540
vt 0.764776 0.608557
vt 0.764660 0.608882
vt 0.764718 0.608558
vt 0.761240 0.646841
vt 0.761282 0.647146
vt 0.761225 0.647138
vt 0.746870 0.676714
vt 0.746832 0.676354
vt 0.746894 0.676351
vt 0.761360 0.638314
vt 0.761416 0.638749
vt 0.761357 0.638757
vt 0.723417 0.608789
vt 0.723030 0.608736
vt 0.764594 0.609434
vt 0.764675 0.609182
vt 0.764650 0.609447
vt 0.757092 0.677991
vt 0.757045 0.678365
vt 0.760727 0.565250
vt 0.760593 0.565282
vt 0.760569 0.565252
vt 0.763075 0.609051
vt 0.763111 0.609313
vt 0.763050 0.609316
vt 0.761264 0.646581
vt 0.761297 0.646844
vt 0.690313 0.566493
vt 0.655180 0.607048
vt 0.655223 0.607605
vt 0.734928 0.649457
vt 0.735070 0.649652
vt 0.734861 0.649624
vt 0.655769 0.566161
vt 0.655662 0.566494
vt 0.655375 0.608068
vt 0.690400 0.607546
vt 0.690600 0.607707
vt 0.690590 0.607757
vt 0.688416 0.565242
vt 0.688981 0.565319
vt 0.687946 0.565844
vt 0.688415 0.565960
vt 0.687944 0.565896
vt 0.723787 0.649581
vt 0.724039 0.649222
vt 0.723976 0.649654
vt 0.689421 0.565636
vt 0.689463 0.565596
vt 0.723510 0.650176
vt 0.723794 0.649948
vt 0.723834 0.649987
vt 0.689499 0.644119
vt 0.689474 0.644098
vt 0.689507 0.644095
vt 0.719745 0.699371
vt 0.724898 0.702991
vt 0.724545 0.703612
vt 0.672507 0.650996
vt 0.672474 0.651022
vt 0.672469 0.650996
vt 0.655264 0.649957
vt 0.655191 0.650099
vt 0.655205 0.649942
vt 0.759784 0.646425
vt 0.759700 0.646676
vt 0.759725 0.646410
vt 0.723741 0.649563
vt 0.723842 0.649208
vt 0.666059 0.558742
vt 0.660862 0.555149
vt 0.661216 0.554529
vt 0.688981 0.608353
vt 0.689463 0.608075
vt 0.726532 0.606169
vt 0.726511 0.606139
vt 0.726544 0.606149
vt 0.762822 0.590983
vt 0.762747 0.591505
vt 0.762792 0.590975
vt 0.655639 0.565373
vt 0.655375 0.565600
vt 0.655629 0.565322
vt 0.689874 0.566063
vt 0.690027 0.565600
vt 0.747376 0.647744
vt 0.745658 0.647774
vt 0.745658 0.647744
vt 0.725338 0.605969
vt 0.725338 0.607653
vt 0.457278 0.739582
vt 0.456471 0.738709
vt 0.457594 0.738711
vt 0.762979 0.637217
vt 0.761437 0.636872
vt 0.762983 0.636910
vt 0.764165 0.592026
vt 0.764272 0.591618
vt 0.764202 0.592034
vt 0.725046 0.607936
vt 0.725070 0.607902
vt 0.725075 0.607944
vt 0.734914 0.649833
vt 0.735135 0.649840
vt 0.759819 0.646201
vt 0.759760 0.646184
vt 0.762466 0.593532
vt 0.762445 0.594043
vt 0.762407 0.594047
vt 0.748801 0.603940
vt 0.748860 0.604350
vt 0.748802 0.604356
vt 0.757251 0.648715
vt 0.756495 0.647693
vt 0.655598 0.566951
vt 0.655209 0.566624
vt 0.689861 0.607044
vt 0.690249 0.606718
vt 0.690286 0.607193
vt 0.690048 0.608030
vt 0.689903 0.607587
vt 0.688411 0.565296
vt 0.723154 0.608372
vt 0.722666 0.607825
vt 0.723111 0.607757
vt 0.724092 0.608022
vt 0.723680 0.608292
vt 0.690847 0.607825
vt 0.690587 0.608373
vt 0.656195 0.565843
vt 0.655935 0.565296
vt 0.723640 0.566476
vt 0.724412 0.566626
vt 0.723704 0.566951
vt 0.005655 0.606781
vt 0.006131 0.606272
vt 0.006323 0.607088
vt 0.724340 0.566090
vt 0.690590 0.565911
vt 0.759583 0.646181
vt 0.759610 0.646153
vt 0.759610 0.646184
vt 0.655939 0.607757
vt 0.726444 0.604791
vt 0.726506 0.604826
vt 0.726442 0.604821
vt 0.726209 0.603507
vt 0.726150 0.603941
vt 0.726150 0.603508
vt 0.655250 0.650108
vt 0.655182 0.650277
vt 0.724533 0.604885
vt 0.724468 0.605369
vt 0.724472 0.604882
vt 0.760904 0.593389
vt 0.760898 0.593937
vt 0.760838 0.593929
vt 0.688227 0.676143
vt 0.688615 0.676354
vt 0.688231 0.676379
vt 0.723704 0.606717
vt 0.723648 0.606713
vt 0.725068 0.605962
vt 0.725044 0.605929
vt 0.725073 0.605920
vt 0.763103 0.609541
vt 0.763043 0.609547
vt 0.760569 0.595012
vt 0.760727 0.594996
vt 0.760757 0.595015
vt 0.457253 0.745534
vt 0.456170 0.744715
vt 0.457290 0.744762
vt 0.677722 0.650528
vt 0.677661 0.650534
vt 0.735172 0.678162
vt 0.735222 0.678405
vt 0.735162 0.678404
vt 0.762965 0.637579
vt 0.763039 0.637224
vt 0.763025 0.637580
vt 0.759745 0.646982
vt 0.759681 0.647314
vt 0.759685 0.646979
vt 0.746745 0.676717
vt 0.746770 0.677086
vt 0.746700 0.677081
vt 0.764619 0.609174
vt 0.764717 0.608884
vt 0.764766 0.633694
vt 0.764722 0.633948
vt 0.764711 0.633674
vt 0.723156 0.608425
vt 0.723696 0.608342
vt 0.750416 0.565270
vt 0.750352 0.565567
vt 0.750360 0.565283
vt 0.670683 0.676089
vt 0.670997 0.675840
vt 0.670867 0.676182
vt 0.751102 0.676746
vt 0.751300 0.676689
vt 0.762675 0.591479
vt 0.676823 0.675585
vt 0.676806 0.675963
vt 0.673030 0.675669
vt 0.764330 0.591622
vt 0.764260 0.592035
vt 0.761299 0.646357
vt 0.761322 0.646578
vt 0.760727 0.565282
vt 0.760760 0.565242
vt 0.760760 0.565282
vt 0.689972 0.609457
vt 0.689859 0.610354
vt 0.689859 0.609442
vt 0.689831 0.607048
vt 0.689874 0.607605
vt 0.688865 0.650788
vt 0.688672 0.650894
vt 0.688733 0.650721
vt 0.690028 0.609099
vt 0.690000 0.609462
vt 0.690420 0.607508
vt 0.690313 0.607175
vt 0.690199 0.608786
vt 0.690092 0.608903
vt 0.655949 0.565961
vt 0.748794 0.565541
vt 0.748860 0.565257
vt 0.748851 0.565551
vt 0.751469 0.677426
vt 0.751351 0.677843
vt 0.751268 0.677473
vt 0.742566 0.565364
vt 0.742687 0.565553
vt 0.742476 0.565529
vt 0.688415 0.607712
vt 0.724128 0.565609
vt 0.723696 0.565326
vt 0.724461 0.566622
vt 0.724387 0.566073
vt 0.764235 0.591609
vt 0.764294 0.591104
vt 0.723741 0.609103
vt 0.723842 0.609458
vt 0.723794 0.609462
vt 0.723401 0.566162
vt 0.724028 0.649673
vt 0.688755 0.607513
vt 0.689005 0.607198
vt 0.689212 0.649344
vt 0.688928 0.648990
vt 0.689245 0.648990
vt 0.656197 0.607773
vt 0.655949 0.607707
vt 0.748541 0.565808
vt 0.748693 0.565638
vt 0.748758 0.565828
vt 0.690092 0.649760
vt 0.690001 0.649582
vt 0.690028 0.649565
vt 0.655769 0.607507
vt 0.655240 0.650541
vt 0.665526 0.651596
vt 0.655380 0.677244
vt 0.751081 0.676406
vt 0.751277 0.676341
vt 0.724529 0.605380
vt 0.724522 0.605731
vt 0.741646 0.651341
vt 0.743584 0.651359
vt 0.743584 0.651394
vt 0.666360 0.649761
vt 0.666308 0.649912
vt 0.666299 0.649770
vt 0.762500 0.593023
vt 0.762538 0.593021
vt 0.763174 0.633822
vt 0.763224 0.633503
vt 0.763233 0.633818
vt 0.671387 0.675144
vt 0.671375 0.675555
vt 0.671170 0.675490
vt 0.688826 0.649729
vt 0.688472 0.649440
vt 0.688895 0.649408
vt 0.690848 0.607773
vt 0.689113 0.649633
vt 0.757574 0.678023
vt 0.677186 0.676361
vt 0.676736 0.676687
vt 0.676816 0.676340
vt 0.757928 0.677999
vt 0.757550 0.678382
vt 0.677501 0.676378
vt 0.677279 0.676020
vt 0.677622 0.676106
vt 0.666487 0.674570
vt 0.666419 0.674954
vt 0.666426 0.674563
vt 0.757546 0.677671
vt 0.757168 0.677268
vt 0.757640 0.677345
vt 0.593013 0.562935
vt 0.592527 0.563509
vt 0.592313 0.562670
vt 0.720267 0.700442
vt 0.720455 0.700578
vt 0.720250 0.700670
vt 0.723090 0.565961
vt 0.757859 0.677711
vt 0.757981 0.677457
vt 0.007679 0.663271
vt 0.006691 0.664272
vt 0.006630 0.663216
vt 0.757248 0.649073
vt 0.757533 0.649234
vt 0.757275 0.649260
vt 0.737353 0.604279
vt 0.737100 0.604018
vt 0.737465 0.603990
vt 0.726128 0.607287
vt 0.726091 0.605994
vt 0.726121 0.605971
vt 0.726176 0.607777
vt 0.726142 0.604822
vt 0.688484 0.609200
vt 0.655594 0.608751
vt 0.688479 0.608751
vt 0.655571 0.649761
vt 0.655590 0.649440
vt 0.690848 0.565895
vt 0.666475 0.675707
vt 0.666357 0.676038
vt 0.666414 0.675692
vt 0.666518 0.675347
vt 0.666454 0.675332
vt 0.743266 0.609925
vt 0.741501 0.609945
vt 0.741454 0.609928
vt 0.688755 0.566158
vt 0.725502 0.607489
vt 0.725469 0.605990
vt 0.725502 0.605986
vt 0.688639 0.676133
vt 0.688841 0.676277
vt 0.723090 0.607706
vt 0.722661 0.607773
vt 0.724196 0.608980
vt 0.724108 0.608691
vt 0.724211 0.608641
vt 0.457706 0.737812
vt 0.456963 0.738704
vt 0.456644 0.737831
vt 0.757249 0.608973
vt 0.757583 0.608643
vt 0.757610 0.608987
vt 0.757243 0.608616
vt 0.757534 0.608453
vt 0.737719 0.565646
vt 0.682178 0.662489
vt 0.677866 0.668866
vt 0.677806 0.661200
vt 0.748571 0.603666
vt 0.748758 0.603895
vt 0.748541 0.603970
vt 0.690199 0.649877
vt 0.665537 0.651012
vt 0.665540 0.651165
vt 0.734531 0.650160
vt 0.734943 0.650151
vt 0.735162 0.650097
vt 0.734521 0.649822
vt 0.690290 0.565373
vt 0.690280 0.565322
vt 0.723417 0.649878
vt 0.723649 0.649800
vt 0.723432 0.649927
vt 0.666066 0.651241
vt 0.666130 0.651392
vt 0.745641 0.678168
vt 0.746137 0.649448
vt 0.746150 0.678211
vt 0.007115 0.708901
vt 0.005874 0.663332
vt 0.724152 0.650091
vt 0.724155 0.649738
vt 0.724222 0.649728
vt 0.724225 0.649503
vt 0.724852 0.605945
vt 0.724880 0.605978
vt 0.724859 0.605977
vt 0.765005 0.637618
vt 0.764972 0.637653
vt 0.764973 0.637618
vt 0.690001 0.609081
vt 0.689893 0.649653
vt 0.671084 0.676231
vt 0.723491 0.608541
vt 0.723649 0.608867
vt 0.737349 0.565482
vt 0.737096 0.565646
vt 0.737020 0.565371
vt 0.760942 0.592870
vt 0.761026 0.592414
vt 0.761015 0.592859
vt 0.759341 0.646224
vt 0.759409 0.646201
vt 0.759429 0.646233
vt 0.726209 0.603944
vt 0.726147 0.604272
vt 0.666489 0.674963
vt 0.666396 0.675321
vt 0.742613 0.566104
vt 0.742636 0.565775
vt 0.748153 0.565797
vt 0.760326 0.594982
vt 0.760360 0.595021
vt 0.760326 0.595014
vt 0.762428 0.594489
vt 0.689600 0.644194
vt 0.689538 0.644159
vt 0.689626 0.644168
vt 0.742420 0.565753
vt 0.762538 0.592600
vt 0.723587 0.566494
vt 0.723648 0.566955
vt 0.724461 0.607046
vt 0.724387 0.607594
vt 0.723046 0.608427
vt 0.723510 0.608490
vt 0.723794 0.608718
vt 0.655662 0.607175
vt 0.655626 0.606714
vt 0.689831 0.566620
vt 0.689969 0.649985
vt 0.690151 0.650124
vt 0.690141 0.650174
vt 0.688959 0.566491
vt 0.689075 0.566950
vt 0.689025 0.566954
vt 0.723834 0.608679
vt 0.665937 0.651620
vt 0.666157 0.651593
vt 0.671127 0.675051
vt 0.670684 0.650260
vt 0.655639 0.608295
vt 0.655629 0.608346
vt 0.690151 0.608539
vt 0.689969 0.608678
vt 0.723047 0.650187
vt 0.723036 0.649982
vt 0.737024 0.604350
vt 0.736601 0.604611
vt 0.736654 0.604372
vt 0.747444 0.609946
vt 0.747376 0.609914
vt 0.674511 0.651294
vt 0.674569 0.651172
vt 0.674538 0.651296
vt 0.742396 0.566096
vt 0.742239 0.565722
vt 0.682392 0.669638
vt 0.682485 0.664212
vt 0.742613 0.603636
vt 0.742420 0.603930
vt 0.742396 0.603617
vt 0.729031 0.649260
vt 0.728814 0.649292
vt 0.729147 0.649654
vt 0.729071 0.650030
vt 0.729069 0.649448
vt 0.724485 0.608023
vt 0.724461 0.605996
vt 0.724486 0.605994
vt 0.761328 0.646184
vt 0.728840 0.650095
vt 0.723220 0.699779
vt 0.722427 0.700036
vt 0.722427 0.699780
vt 0.742239 0.603886
vt 0.724396 0.649071
vt 0.750994 0.648714
vt 0.761386 0.637580
vt 0.761369 0.637920
vt 0.739061 0.647774
vt 0.743399 0.648713
vt 0.737297 0.647760
vt 0.737775 0.603538
vt 0.737839 0.603861
vt 0.737777 0.603856
vt 0.750401 0.566391
vt 0.750347 0.565935
vt 0.750403 0.565936
vt 0.724170 0.649313
vt 0.756413 0.609914
vt 0.753029 0.609945
vt 0.753030 0.609914
vt 0.727333 0.648712
vt 0.689859 0.649221
vt 0.689972 0.649206
vt 0.592852 0.547877
vt 0.593925 0.547095
vt 0.593897 0.547936
vt 0.760972 0.593386
vt 0.760929 0.593934
vt 0.724399 0.608614
vt 0.741103 0.608976
vt 0.737023 0.608974
vt 0.672484 0.651153
vt 0.674503 0.651319
vt 0.745629 0.649396
vt 0.743663 0.651395
vt 0.748846 0.565926
vt 0.750360 0.604342
vt 0.750414 0.603945
vt 0.750416 0.604359
vt 0.724914 0.605964
vt 0.724895 0.605932
vt 0.760393 0.594996
vt 0.760551 0.595012
vt 0.760363 0.595015
vt 0.593278 0.563542
vt 0.592486 0.564629
vt 0.746771 0.676362
vt 0.746840 0.676001
vt 0.748571 0.566140
vt 0.748788 0.566100
vt 0.682586 0.668806
vt 0.688161 0.668040
vt 0.666356 0.675673
vt 0.666299 0.676013
vt 0.760326 0.565262
vt 0.760356 0.565243
vt 0.760360 0.565261
vt 0.655360 0.649408
vt 0.655589 0.648991
vt 0.007372 0.624749
vt 0.006845 0.669631
vt 0.006368 0.624761
vt 0.595157 0.553980
vt 0.594167 0.552959
vt 0.595228 0.552957
vt 0.740197 0.649260
vt 0.741341 0.677393
vt 0.739578 0.678018
vt 0.746901 0.675998
vt 0.728676 0.665762
vt 0.734530 0.678899
vt 0.728464 0.678747
vt 0.689769 0.608429
vt 0.689793 0.608521
vt 0.689769 0.608538
vt 0.672763 0.673453
vt 0.672800 0.673511
vt 0.741551 0.651381
vt 0.741588 0.651319
vt 0.726077 0.605393
vt 0.726131 0.605729
vt 0.672512 0.650972
vt 0.674530 0.651161
vt 0.666255 0.699171
vt 0.666049 0.698770
vt 0.666291 0.698915
vt 0.750447 0.602969
vt 0.753831 0.603000
vt 0.750424 0.602997
vt 0.743625 0.651409
vt 0.763135 0.609052
vt 0.763177 0.608761
vt 0.725764 0.605986
vt 0.725828 0.607490
vt 0.725764 0.607488
vt 0.726446 0.607488
vt 0.726506 0.606197
vt 0.726510 0.607493
vt 0.688031 0.651342
vt 0.688443 0.651342
vt 0.757180 0.677627
vt 0.759072 0.646218
vt 0.759037 0.646239
vt 0.759038 0.646209
vt 0.688416 0.608429
vt 0.762926 0.637964
vt 0.724646 0.607918
vt 0.760825 0.594402
vt 0.760760 0.594395
vt 0.725109 0.605986
vt 0.725173 0.607939
vt 0.725109 0.607937
vt 0.759403 0.646259
vt 0.759074 0.646194
vt 0.759041 0.646184
vt 0.757771 0.608693
vt 0.757798 0.608955
vt 0.726409 0.606121
vt 0.726409 0.604825
vt 0.761375 0.636878
vt 0.761433 0.637180
vt 0.735232 0.678158
vt 0.745648 0.678661
vt 0.724094 0.648739
vt 0.724094 0.608970
vt 0.726074 0.565649
vt 0.726131 0.565270
vt 0.726135 0.565658
vt 0.752982 0.647761
vt 0.751580 0.647761
vt 0.726195 0.647773
vt 0.724391 0.648715
vt 0.726159 0.647741
vt 0.739129 0.647742
vt 0.759045 0.671569
vt 0.741501 0.647774
vt 0.741434 0.647742
vt 0.592324 0.658849
vt 0.593745 0.703454
vt 0.592747 0.703478
vt 0.745637 0.678413
vt 0.751534 0.609914
vt 0.757923 0.602992
vt 0.757951 0.602969
vt 0.757951 0.603000
vt 0.759695 0.565245
vt 0.759667 0.565273
vt 0.759667 0.565242
vt 0.759574 0.608429
vt 0.759547 0.608457
vt 0.759547 0.608426
vt 0.761354 0.608429
vt 0.761326 0.608457
vt 0.761326 0.608426
vt 0.757915 0.565246
vt 0.757888 0.565273
vt 0.757888 0.565242
vt 0.689630 0.644119
vt 0.689605 0.644098
vt 0.689638 0.644095
vt 0.752962 0.609950
vt 0.752993 0.609960
vt 0.752978 0.609997
vt 0.745587 0.647739
vt 0.745622 0.647729
vt 0.745607 0.647692
vt 0.756464 0.647693
vt 0.739144 0.609996
vt 0.739098 0.609960
vt 0.739104 0.609924
vt 0.737343 0.647743
vt 0.737307 0.647728
vt 0.739061 0.647743
vt 0.739098 0.647728
vt 0.726448 0.606134
vt 0.726411 0.606158
vt 0.726415 0.606123
vt 0.726538 0.604796
vt 0.726508 0.604796
vt 0.725111 0.605930
vt 0.725076 0.605951
vt 0.725078 0.605920
vt 0.759477 0.646224
vt 0.759442 0.646256
vt 0.759444 0.646221
vt 0.759820 0.600933
vt 0.759796 0.600911
vt 0.759829 0.600908
vt 0.689376 0.608455
vt 0.759565 0.646233
vt 0.759545 0.646201
vt 0.759578 0.646212
vt 0.689671 0.608491
vt 0.689639 0.608455
vt 0.689672 0.608460
vt 0.689372 0.608466
vt 0.689342 0.608459
vt 0.759346 0.646194
vt 0.759308 0.646221
vt 0.759313 0.646184
vt 0.689508 0.608429
vt 0.689541 0.608460
vt 0.689507 0.608455
vt 0.689246 0.608429
vt 0.689245 0.608455
vt 0.723615 0.608904
vt 0.723787 0.609085
vt 0.689536 0.644188
vt 0.689505 0.644156
vt 0.726028 0.605959
vt 0.725993 0.605993
vt 0.725995 0.605955
vt 0.753865 0.602997
vt 0.756142 0.565245
vt 0.756170 0.565273
vt 0.756139 0.565273
vt 0.725897 0.605959
vt 0.725861 0.605993
vt 0.689377 0.608429
vt 0.725991 0.605964
vt 0.725959 0.605994
vt 0.725960 0.605964
vt 0.726032 0.605931
vt 0.725999 0.605920
vt 0.726096 0.605936
vt 0.726128 0.605947
vt 0.759306 0.646256
vt 0.689634 0.608466
vt 0.689606 0.608439
vt 0.689638 0.608449
vt 0.689540 0.608491
vt 0.724857 0.607949
vt 0.724829 0.607917
vt 0.724864 0.607917
vt 0.747427 0.647759
vt 0.747412 0.647729
vt 0.743266 0.647760
vt 0.743219 0.647743
vt 0.747376 0.609945
vt 0.747413 0.609960
vt 0.756413 0.609945
vt 0.756480 0.609946
vt 0.756449 0.609960
vt 0.749769 0.609928
vt 0.749816 0.609945
vt 0.749779 0.609960
vt 0.737261 0.647692
vt 0.726154 0.609947
vt 0.726196 0.609944
vt 0.726176 0.609959
vt 0.726170 0.647694
vt 0.726178 0.647726
vt 0.594187 0.556764
vt 0.595254 0.559855
vt 0.594206 0.559871
vt 0.757829 0.608426
vt 0.721518 0.561840
vt 0.720725 0.561586
vt 0.721514 0.561585
vt 0.726092 0.605964
vt 0.728495 0.609948
vt 0.689736 0.608492
vt 0.725895 0.605989
vt 0.724534 0.604340
vt 0.724473 0.604341
vt 0.726512 0.604769
vt 0.725372 0.605986
vt 0.725436 0.607490
vt 0.725372 0.607489
vt 0.759796 0.565305
vt 0.759797 0.565253
vt 0.759820 0.565275
vt 0.726444 0.606162
vt 0.759862 0.565273
vt 0.759926 0.565305
vt 0.759862 0.565304
vt 0.725964 0.605937
vt 0.759927 0.565253
vt 0.759951 0.565275
vt 0.726371 0.604826
vt 0.689343 0.608439
vt 0.725959 0.607291
vt 0.725993 0.605990
vt 0.725993 0.607287
vt 0.726242 0.604764
vt 0.726265 0.604790
vt 0.726240 0.604820
vt 0.724528 0.566152
vt 0.724467 0.566156
vt 0.741501 0.647743
vt 0.741464 0.647728
vt 0.690387 0.650186
vt 0.690385 0.650237
vt 0.724621 0.608014
vt 0.724605 0.605952
vt 0.719479 0.558957
vt 0.719462 0.559221
vt 0.719179 0.559162
vt 0.763176 0.608426
vt 0.763118 0.608753
vt 0.689464 0.644194
vt 0.689402 0.644159
vt 0.689490 0.644168
vt 0.689893 0.609011
vt 0.689831 0.609439
vt 0.689866 0.608993
vt 0.690280 0.608346
vt 0.690290 0.608295
vt 0.737344 0.609913
vt 0.728469 0.647764
vt 0.728426 0.647743
vt 0.728463 0.647728
vt 0.751570 0.647729
vt 0.751585 0.647692
vt 0.689640 0.608429
vt 0.689374 0.644119
vt 0.689369 0.644156
vt 0.724128 0.608059
vt 0.689503 0.608466
vt 0.689474 0.608439
vt 0.689507 0.608449
vt 0.759481 0.646194
vt 0.759449 0.646184
vt 0.726448 0.604763
vt 0.726411 0.604788
vt 0.726415 0.604752
vt 0.689474 0.608459
vt 0.593368 0.560744
vt 0.757829 0.646153
vt 0.759547 0.646184
vt 0.757806 0.646181
vt 0.726409 0.607376
vt 0.726402 0.604803
vt 0.725173 0.605988
vt 0.725109 0.605955
vt 0.725198 0.605958
vt 0.726273 0.607775
vt 0.726240 0.607779
vt 0.725175 0.605932
vt 0.759539 0.646259
vt 0.671214 0.675888
vt 0.726311 0.607375
vt 0.726375 0.607380
vt 0.745608 0.609929
vt 0.725634 0.605955
vt 0.725700 0.605932
vt 0.725722 0.605958
vt 0.759442 0.646212
vt 0.725633 0.607489
vt 0.725697 0.605988
vt 0.725697 0.607490
vt 0.665671 0.678301
vt 0.591615 0.547670
vt 0.591168 0.547167
vt 0.591926 0.546987
vt 0.726409 0.606195
vt 0.726413 0.607492
vt 0.724886 0.607918
vt 0.724875 0.607953
vt 0.688641 0.651148
vt 0.688669 0.651283
vt 0.592512 0.618293
vt 0.592203 0.664228
vt 0.591726 0.619358
vt 0.666078 0.678315
vt 0.672459 0.651128
vt 0.672451 0.651143
vt 0.724620 0.608043
vt 0.724646 0.608010
vt 0.724639 0.608046
vt 0.674590 0.651149
vt 0.674589 0.651186
vt 0.724493 0.608063
vt 0.724468 0.608082
vt 0.674573 0.651207
vt 0.760526 0.594996
vt 0.760560 0.594996
vt 0.726372 0.604796
vt 0.761417 0.638306
vt 0.689831 0.607052
vt 0.689693 0.607594
vt 0.689774 0.607047
vt 0.689760 0.644119
vt 0.689736 0.644098
vt 0.689769 0.644095
vt 0.759581 0.608429
vt 0.759608 0.608457
vt 0.759578 0.608457
vt 0.759993 0.594984
vt 0.759959 0.595023
vt 0.759959 0.594984
vt 0.760151 0.595014
vt 0.760126 0.594984
vt 0.760159 0.594984
vt 0.760155 0.565247
vt 0.760126 0.565264
vt 0.760131 0.565244
vt 0.750419 0.565245
vt 0.750447 0.565273
vt 0.750416 0.565273
vt 0.674838 0.673625
vt 0.674860 0.673658
vt 0.674822 0.673654
vt 0.725075 0.703457
vt 0.672453 0.651011
vt 0.672435 0.650980
vt 0.471598 0.681147
vt 0.472099 0.635499
vt 0.472521 0.682237
vt 0.762596 0.593027
vt 0.762604 0.592604
vt 0.725040 0.605962
vt 0.724916 0.607903
vt 0.759992 0.595015
vt 0.728707 0.656996
vt 0.728958 0.655507
vt 0.728912 0.659433
vt 0.724703 0.607919
vt 0.724898 0.607936
vt 0.725861 0.605983
vt 0.725861 0.607486
vt 0.674626 0.651182
vt 0.676702 0.650753
vt 0.748163 0.603687
vt 0.726506 0.606123
vt 0.655390 0.608462
vt 0.655360 0.608783
vt 0.737461 0.565739
vt 0.737713 0.566127
vt 0.737498 0.566068
vt 0.746636 0.678688
vt 0.746449 0.678868
vt 0.688895 0.608783
vt 0.688959 0.607180
vt 0.689075 0.606721
vt 0.688826 0.608461
vt 0.688473 0.608429
vt 0.724039 0.609444
vt 0.751534 0.609945
vt 0.751570 0.609960
vt 0.746029 0.678671
vt 0.746507 0.678324
vt 0.720168 0.561336
vt 0.720031 0.561459
vt 0.720015 0.561269
vt 0.677574 0.676648
vt 0.677202 0.677022
vt 0.677218 0.676698
vt 0.736624 0.566014
vt 0.736606 0.565600
vt 0.737134 0.566030
vt 0.736638 0.565332
vt 0.720711 0.561364
vt 0.748485 0.565601
vt 0.501051 0.729530
vt 0.499737 0.684720
vt 0.500786 0.684704
vt 0.689212 0.608847
vt 0.688928 0.609201
vt 0.723479 0.700054
vt 0.723223 0.700265
vt 0.723221 0.700035
vt 0.759759 0.646686
vt 0.666369 0.649906
vt 0.724211 0.649043
vt 0.724195 0.648710
vt 0.724239 0.649231
vt 0.688765 0.651013
vt 0.757582 0.649045
vt 0.757714 0.649174
vt 0.748159 0.566149
vt 0.690027 0.608068
vt 0.737852 0.565262
vt 0.737785 0.565257
vt 0.748149 0.604009
vt 0.737138 0.603612
vt 0.737502 0.603650
vt 0.734537 0.649416
vt 0.734557 0.649602
vt 0.748548 0.565456
vt 0.688119 0.650586
vt 0.688058 0.650841
vt 0.688051 0.651010
vt 0.725206 0.605984
vt 0.725206 0.607935
vt 0.682872 0.675970
vt 0.682805 0.675707
vt 0.690277 0.606714
vt 0.720711 0.700558
vt 0.721514 0.700337
vt 0.721712 0.700552
vt 0.724461 0.605715
vt 0.724391 0.608971
vt 0.757684 0.677021
vt 0.758020 0.677200
vt 0.666243 0.651293
vt 0.666146 0.651136
vt 0.690395 0.649980
vt 0.725329 0.605955
vt 0.725240 0.605967
vt 0.725212 0.605947
vt 0.726075 0.566165
vt 0.726136 0.566170
vt 0.677705 0.650019
vt 0.677741 0.650196
vt 0.746697 0.677469
vt 0.746636 0.677464
vt 0.689605 0.608492
vt 0.726142 0.565256
vt 0.726204 0.565511
vt 0.726145 0.565519
vt 0.677864 0.675421
vt 0.677913 0.675167
vt 0.677923 0.675416
vt 0.737723 0.565417
vt 0.763043 0.636919
vt 0.726206 0.604282
vt 0.726142 0.604507
vt 0.724094 0.649227
vt 0.593706 0.554880
vt 0.593206 0.555779
vt 0.592795 0.554917
vt 0.689747 0.607614
vt 0.737644 0.604110
vt 0.723046 0.650239
vt 0.723491 0.650126
vt 0.723032 0.649931
vt 0.655933 0.565243
vt 0.690584 0.565242
vt 0.655223 0.566063
vt 0.689866 0.649670
vt 0.751497 0.676332
vt 0.689831 0.649225
vt 0.666315 0.558968
vt 0.666099 0.559367
vt 0.665831 0.559286
vt 0.677322 0.675666
vt 0.677661 0.675821
vt 0.751167 0.677102
vt 0.726376 0.604768
vt 0.726409 0.604779
vt 0.688525 0.650634
vt 0.501938 0.729497
vt 0.501643 0.683602
vt 0.724239 0.608453
vt 0.724382 0.608426
vt 0.742294 0.565501
vt 0.742377 0.565339
vt 0.724824 0.605977
vt 0.688480 0.648990
vt 0.562726 0.570208
vt 0.563980 0.615843
vt 0.563097 0.616949
vt 0.753831 0.565273
vt 0.750447 0.565242
vt 0.753831 0.565242
vt 0.720470 0.561564
vt 0.720273 0.561748
vt 0.720267 0.561481
vt 0.689747 0.566057
vt 0.681999 0.650864
vt 0.458521 0.736755
vt 0.458614 0.737774
vt 0.724094 0.650109
vt 0.724153 0.658923
vt 0.724094 0.659725
vt 0.690397 0.649929
vt 0.594086 0.555745
vt 0.593301 0.556797
vt 0.759139 0.646225
vt 0.655626 0.566955
vt 0.757610 0.648712
vt 0.757771 0.648994
vt 0.682674 0.675922
vt 0.759993 0.565264
vt 0.759959 0.565242
vt 0.759993 0.565247
vt 0.748166 0.565413
vt 0.748187 0.565581
vt 0.655591 0.609201
vt 0.655344 0.609201
vt 0.762318 0.565432
vt 0.762355 0.565431
vt 0.665579 0.650835
vt 0.665928 0.651075
vt 0.764587 0.609662
vt 0.764643 0.609678
vt 0.762666 0.565242
vt 0.762615 0.565429
vt 0.762604 0.565251
vt 0.752947 0.647693
vt 0.763034 0.637582
vt 0.725338 0.605939
vt 0.457582 0.733688
vt 0.725567 0.605988
vt 0.725600 0.607486
vt 0.725567 0.607490
vt 0.725895 0.607285
vt 0.734943 0.678880
vt 0.725042 0.607902
vt 0.762834 0.589941
vt 0.762772 0.589943
vt 0.670995 0.676566
vt 0.655242 0.650280
vt 0.655180 0.650542
vt 0.724154 0.678639
vt 0.719947 0.700421
vt 0.719696 0.700208
vt 0.719981 0.700222
vt 0.724097 0.649745
vt 0.736611 0.604752
vt 0.456514 0.732701
vt 0.501870 0.730475
vt 0.682617 0.675649
vt 0.655291 0.649778
vt 0.655233 0.649761
vt 0.726081 0.604898
vt 0.726137 0.605384
vt 0.728630 0.649379
vt 0.722216 0.700260
vt 0.762675 0.591936
vt 0.762604 0.591908
vt 0.749815 0.647775
vt 0.725731 0.607486
vt 0.724698 0.605979
vt 0.751533 0.647744
vt 0.749815 0.647744
vt 0.005482 0.623712
vt 0.737718 0.603710
vt 0.757916 0.602996
vt 0.757888 0.602969
vt 0.757919 0.602969
vt 0.757801 0.608429
vt 0.757829 0.608457
vt 0.757798 0.608457
vt 0.756136 0.565245
vt 0.756108 0.565273
vt 0.756108 0.565242
vt 0.757922 0.565245
vt 0.757949 0.565273
vt 0.757919 0.565273
vt 0.723615 0.649762
vt 0.689605 0.608459
vt 0.739113 0.647692
vt 0.749733 0.609996
vt 0.749764 0.609996
vt 0.745607 0.609996
vt 0.745622 0.609960
vt 0.747427 0.647692
vt 0.728509 0.647691
vt 0.728478 0.647691
vt 0.741419 0.609996
vt 0.741465 0.609960
vt 0.741449 0.609996
vt 0.749748 0.647743
vt 0.749779 0.647729
vt 0.725339 0.605951
vt 0.725372 0.605955
vt 0.725470 0.605951
vt 0.725503 0.605955
vt 0.725985 0.607305
vt 0.724886 0.605964
vt 0.725635 0.605930
vt 0.725601 0.605951
vt 0.725603 0.605920
vt 0.759293 0.646233
vt 0.759273 0.646201
vt 0.759306 0.646212
vt 0.725504 0.605930
vt 0.725472 0.605920
vt 0.725633 0.605986
vt 0.726120 0.607305
vt 0.726094 0.607291
vt 0.726178 0.604762
vt 0.726145 0.604752
vt 0.759210 0.646194
vt 0.759172 0.646221
vt 0.759177 0.646184
vt 0.689606 0.644137
vt 0.689638 0.644147
vt 0.753858 0.565246
vt 0.759830 0.565242
vt 0.759829 0.565268
vt 0.687944 0.607775
vt 0.689376 0.608449
vt 0.725341 0.605920
vt 0.726312 0.604763
vt 0.726280 0.604752
vt 0.689470 0.644137
vt 0.689502 0.644147
vt 0.689400 0.644188
vt 0.689542 0.644130
vt 0.689510 0.644119
vt 0.689368 0.644119
vt 0.689343 0.644098
vt 0.689376 0.644095
vt 0.743219 0.609945
vt 0.743255 0.609960
vt 0.745658 0.609945
vt 0.726195 0.647743
vt 0.728427 0.609913
vt 0.728463 0.609959
vt 0.728427 0.609944
vt 0.747428 0.609996
vt 0.739062 0.609944
vt 0.726168 0.609995
vt 0.720729 0.700083
vt 0.721518 0.700082
vt 0.759669 0.603000
vt 0.593951 0.664221
vt 0.594751 0.619391
vt 0.595017 0.664217
vt 0.726196 0.609913
vt 0.590739 0.619364
vt 0.725830 0.605932
vt 0.725853 0.605958
vt 0.725828 0.605988
vt 0.725438 0.605932
vt 0.725461 0.605958
vt 0.759205 0.646224
vt 0.725592 0.605958
vt 0.726540 0.606193
vt 0.726544 0.607489
vt 0.759267 0.646259
vt 0.726205 0.565925
vt 0.726146 0.565928
vt 0.725338 0.605990
vt 0.726082 0.604353
vt 0.726141 0.604896
vt 0.726442 0.606191
vt 0.456550 0.736810
vt 0.456524 0.733705
vt 0.677751 0.649761
vt 0.677764 0.650026
vt 0.725600 0.607493
vt 0.725600 0.605990
vt 0.724888 0.607904
vt 0.725436 0.605988
vt 0.725469 0.607486
vt 0.761278 0.647482
vt 0.725207 0.607655
vt 0.725206 0.605971
vt 0.725569 0.605932
vt 0.593257 0.548990
vt 0.594142 0.549854
vt 0.672456 0.651110
vt 0.670812 0.675753
vt 0.748789 0.565923
vt 0.759951 0.600933
vt 0.759926 0.600911
vt 0.759959 0.600908
vt 0.655933 0.608426
vt 0.756142 0.602992
vt 0.756170 0.602969
vt 0.756170 0.603000
vt 0.752993 0.647729
vt 0.753029 0.647744
vt 0.743270 0.609996
vt 0.725075 0.605990
vt 0.726400 0.607394
vt 0.759700 0.565242
vt 0.759204 0.646252
vt 0.689737 0.608439
vt 0.689760 0.608462
vt 0.726027 0.605989
vt 0.676677 0.650609
vt 0.690000 0.649203
vt 0.736615 0.604033
vt 0.563607 0.571039
vt 0.565037 0.615826
vt 0.739898 0.649337
vt 0.753877 0.565273
vt 0.743546 0.677422
vt 0.743510 0.677456
vt 0.760193 0.594982
vt 0.760168 0.595012
vt 0.655180 0.566620
vt 0.595203 0.549852
vt 0.725861 0.607289
vt 0.665986 0.650908
vt 0.723479 0.561561
vt 0.723223 0.561373
vt 0.723482 0.561351
vt 0.007281 0.709994
vt 0.006706 0.710654
vt 0.006277 0.709914
vt 0.759164 0.646227
vt 0.759137 0.646201
vt 0.759170 0.646212
vt 0.763003 0.637580
vt 0.763034 0.637617
vt 0.762999 0.637611
vt 0.655390 0.649729
vt 0.656197 0.565896
vt 0.760560 0.565281
vt 0.723157 0.565243
vt 0.689831 0.566620
vt 0.753859 0.602997
vt 0.753831 0.602969
vt 0.753861 0.602969
vt 0.760393 0.565282
vt 0.760360 0.565242
vt 0.760393 0.565250
vt 0.006506 0.623658
vt 0.005856 0.622922
vt 0.006914 0.622897
vt 0.759575 0.646180
vt 0.759547 0.646153
vt 0.759578 0.646153
vt 0.741586 0.651388
vt 0.741604 0.651354
vt 0.661204 0.703869
vt 0.660795 0.704102
vt 0.660771 0.703742
vt 0.743642 0.651444
vt 0.724646 0.605984
vt 0.724623 0.605957
vt 0.737718 0.603541
vt 0.737719 0.603863
vt 0.670600 0.676416
vt 0.670780 0.676517
vt 0.760527 0.565282
vt 0.760551 0.565251
vt 0.760188 0.565242
vt 0.735175 0.677918
vt 0.743301 0.609996
vt 0.745576 0.609996
vt 0.737839 0.565654
vt 0.726277 0.607379
vt 0.726273 0.604825
vt 0.456137 0.740606
vt 0.457222 0.743709
vt 0.456155 0.743713
vt 0.723794 0.649204
vt 0.470536 0.681149
vt 0.471224 0.636342
vt 0.724954 0.555149
vt 0.720364 0.698680
vt 0.720344 0.559287
vt 0.661163 0.703614
vt 0.666150 0.699437
vt 0.660807 0.702993
vt 0.665409 0.559439
vt 0.665386 0.698813
vt 0.724598 0.554528
vt 0.719634 0.558716
vt 0.595192 0.548848
vt 0.594076 0.548800
vt 0.549135 0.601408
vt 0.550123 0.600340
vt 0.592862 0.546108
vt 0.592805 0.547151
vt 0.593592 0.704545
vt 0.593686 0.619395
vt 0.719983 0.559289
vt 0.720164 0.559732
vt 0.590129 0.547122
vt 0.591114 0.546116
vt 0.675033 0.703986
vt 0.674779 0.703716
vt 0.675045 0.703703
vt 0.721767 0.561840
vt 0.006171 0.605160
vt 0.007178 0.606211
vt 0.725130 0.554684
vt 0.724583 0.703874
vt 0.660630 0.703456
vt 0.660684 0.554683
vt 0.661177 0.554267
vt 0.724555 0.554271
vt 0.757189 0.676922
vt 0.726540 0.604823
vt 0.726540 0.606119
vt 0.726031 0.607285
vt 0.720250 0.561500
vt 0.720016 0.561726
vt 0.004856 0.551538
vt 0.005707 0.552570
vt 0.004927 0.552521
vt 0.722160 0.561575
vt 0.722215 0.561381
vt 0.722427 0.561586
vt 0.724988 0.554398
vt 0.500611 0.683598
vt 0.501166 0.682791
vt 0.724958 0.554035
vt 0.591545 0.618256
vt 0.592068 0.617512
vt 0.564162 0.616944
vt 0.563556 0.617764
vt 0.724659 0.607998
vt 0.594191 0.705199
vt 0.593155 0.705264
vt 0.723692 0.699860
vt 0.723693 0.700130
vt 0.458155 0.740618
vt 0.457203 0.740602
vt 0.723692 0.561732
vt 0.723478 0.561814
vt 0.594798 0.554859
vt 0.595139 0.555728
vt 0.720470 0.700358
vt 0.665627 0.698571
vt 0.665869 0.698943
vt 0.005363 0.606127
vt 0.005043 0.568983
vt 0.005855 0.570055
vt 0.004987 0.570028
vt 0.723221 0.561585
vt 0.722427 0.561837
vt 0.592755 0.618309
vt 0.593015 0.665096
vt 0.005173 0.553082
vt 0.005866 0.553342
vt 0.550047 0.602293
vt 0.725374 0.703846
vt 0.725594 0.703624
vt 0.725582 0.703892
vt 0.725462 0.704017
vt 0.725644 0.704087
vt 0.760164 0.565245
vt 0.760193 0.565262
vt 0.760159 0.565262
vt 0.665894 0.698542
vt 0.665831 0.698275
vt 0.723478 0.699796
vt 0.666574 0.698975
vt 0.719704 0.559367
vt 0.689113 0.608558
vt 0.720475 0.561820
vt 0.720729 0.561840
vt 0.757714 0.608512
vt 0.006135 0.662653
vt 0.006829 0.662378
vt 0.675229 0.703723
vt 0.720118 0.700350
vt 0.720194 0.700178
vt 0.721777 0.700350
vt 0.719746 0.561472
vt 0.719749 0.561252
vt 0.594164 0.560925
vt 0.593694 0.561455
vt 0.719966 0.699954
vt 0.550997 0.600320
vt 0.689774 0.566624
vt 0.006843 0.568989
vt 0.005793 0.568935
vt 0.591926 0.546983
vt 0.725578 0.554243
vt 0.725458 0.554117
vt 0.725641 0.554040
vt 0.500000 0.730536
vt 0.501105 0.730571
vt 0.722173 0.699783
vt 0.722160 0.700052
vt 0.722039 0.700190
vt 0.593321 0.658825
vt 0.592314 0.657842
vt 0.593363 0.657768
vt 0.470157 0.635356
vt 0.750408 0.565561
vt 0.724412 0.607042
vt 0.722173 0.561840
vt 0.593850 0.657196
vt 0.593149 0.656970
vt 0.591479 0.563582
vt 0.592241 0.547611
vt 0.660387 0.703712
vt 0.660513 0.703981
vt 0.724505 0.608084
vt 0.725240 0.554156
vt 0.471440 0.682256
vt 0.724905 0.704101
vt 0.725365 0.554423
vt 0.764429 0.590152
vt 0.660825 0.554398
vt 0.660442 0.554418
vt 0.660567 0.554156
vt 0.660847 0.554035
vt 0.672796 0.673463
vt 0.672814 0.673494
vt 0.719654 0.698770
vt 0.721767 0.700082
vt 0.595236 0.556748
vt 0.458068 0.738680
vt 0.459011 0.738638
vt 0.719412 0.698915
vt 0.719272 0.699202
vt 0.719129 0.698975
vt 0.472082 0.683059
vt 0.470968 0.683033
vt 0.457608 0.736793
vt 0.458227 0.739599
vt 0.458581 0.738730
vt 0.720725 0.700337
vt 0.720475 0.700103
vt 0.723693 0.561470
vt 0.723696 0.561252
vt 0.723220 0.561836
vt 0.720455 0.561344
vt 0.720250 0.561252
vt 0.594089 0.553980
vt 0.594867 0.554858
vt 0.593754 0.554855
vt 0.593164 0.553959
vt 0.592794 0.554830
vt 0.666342 0.559221
vt 0.666624 0.559162
vt 0.719743 0.699030
vt 0.456205 0.739584
vt 0.593238 0.552939
vt 0.720273 0.700176
vt 0.723482 0.700283
vt 0.723696 0.700368
vt 0.719859 0.559595
vt 0.719922 0.559861
vt 0.725864 0.703879
vt 0.594134 0.548025
vt 0.593539 0.548274
vt 0.676697 0.677029
vt 0.501582 0.731022
vt 0.500867 0.731345
vt 0.457860 0.745283
vt 0.458129 0.744568
vt 0.736630 0.603595
vt 0.721881 0.700475
vt 0.595269 0.560857
vt 0.725860 0.554256
vt 0.725590 0.554510
vt 0.746804 0.676717
vt 0.005296 0.568371
vt 0.005992 0.568053
vt 0.725384 0.554260
vt 0.725365 0.554510
vt 0.675160 0.703573
vt 0.674993 0.703493
vt 0.005755 0.551518
vt 0.006761 0.552506
vt 0.590103 0.548000
vt 0.591078 0.547927
vt 0.722039 0.561463
vt 0.737344 0.609944
vt 0.757888 0.603000
vt 0.008112 0.708906
vt 0.007689 0.664277
vt 0.594596 0.704452
vt 0.725997 0.607289
vt 0.746495 0.649545
vt 0.721963 0.561617
vt 0.759862 0.600910
vt 0.759208 0.671582
vt 0.759272 0.671589
vt 0.759170 0.671580
vt 0.759698 0.565308
vt 0.762912 0.638723
vt 0.756111 0.602969
vt 0.248763 0.685926
vt 0.500101 0.682842
vt 0.591048 0.617510
vt 0.251161 0.739727
vt 0.737492 0.604512
vt 0.724095 0.678646
vt 0.457472 0.731840
vt 0.761300 0.674185
vt 0.761221 0.647470
vt 0.761356 0.646176
vt 0.761328 0.646153
vt 0.724522 0.565242
vt 0.728745 0.649769
vt 0.761357 0.608472
vt 0.761421 0.608450
vt 0.690277 0.566954
vt 0.594338 0.561714
vt 0.735146 0.649515
vt 0.659564 0.650218
vt 0.677203 0.650840
vt 0.764214 0.565545
vt 0.677856 0.675165
vt 0.689634 0.644190
vt 0.689607 0.669525
vt 0.762368 0.594501
vt 0.762967 0.608426
vt 0.759579 0.646153
vt 0.759820 0.674029
vt 0.759760 0.674031
vt 0.760593 0.594996
vt 0.456208 0.745606
vt 0.759741 0.647314
vt 0.764776 0.633975
vt 0.761357 0.646351
vt 0.724108 0.648993
vt 0.748803 0.565242
vt 0.742763 0.565385
vt 0.219579 0.638656
vt 0.470163 0.636345
vt 0.763165 0.633507
vt 0.757798 0.646153
vt 0.688473 0.649761
vt 0.757915 0.678284
vt 0.722661 0.565895
vt 0.249932 0.731852
vt 0.249666 0.687026
vt 0.670980 0.675405
vt 0.726142 0.607781
vt 0.666416 0.676052
vt 0.251233 0.738704
vt 0.725469 0.607493
vt 0.688865 0.676101
vt 0.666299 0.651538
vt 0.757254 0.608428
vt 0.748788 0.603657
vt 0.689377 0.644100
vt 0.689376 0.608494
vt 0.742216 0.603576
vt 0.737837 0.603543
vt 0.724233 0.649303
vt 0.719695 0.699953
vt 0.667388 0.561725
vt 0.719745 0.561725
vt 0.724870 0.605942
vt 0.762678 0.565422
vt 0.765008 0.637648
vt 0.760951 0.592431
vt 0.760360 0.594982
vt 0.760560 0.594996
vt 0.742216 0.566062
vt 0.737837 0.566007
vt 0.760360 0.565282
vt 0.760360 0.594996
vt 0.742636 0.603938
vt 0.689541 0.644097
vt 0.750345 0.566384
vt 0.715629 0.608478
vt 0.735162 0.678843
vt 0.716460 0.650187
vt 0.750358 0.603932
vt 0.712033 0.608736
vt 0.593353 0.564587
vt 0.746779 0.676015
vt 0.757798 0.648716
vt 0.655344 0.648990
vt 0.007849 0.669619
vt 0.751134 0.649609
vt 0.746636 0.649280
vt 0.746697 0.649263
vt 0.667388 0.561472
vt 0.667144 0.561263
vt 0.765103 0.663631
vt 0.765067 0.663635
vt 0.655321 0.677246
vt 0.219573 0.637668
vt 0.759731 0.600910
vt 0.757046 0.650186
vt 0.759340 0.646252
vt 0.759306 0.671585
vt 0.759301 0.646255
vt 0.721958 0.700310
vt 0.674782 0.673681
vt 0.763034 0.663603
vt 0.726442 0.606118
vt 0.759829 0.565302
vt 0.666299 0.678316
vt 0.726070 0.565255
vt 0.759959 0.565302
vt 0.759698 0.565273
vt 0.759697 0.602992
vt 0.759669 0.602969
vt 0.759578 0.608457
vt 0.761357 0.608457
vt 0.753862 0.565250
vt 0.753877 0.565242
vt 0.757919 0.565273
vt 0.739113 0.609996
vt 0.756465 0.609997
vt 0.759475 0.646252
vt 0.759573 0.646255
vt 0.689638 0.608494
vt 0.725600 0.605984
vt 0.689541 0.608439
vt 0.689279 0.608439
vt 0.689502 0.644192
vt 0.753861 0.602976
vt 0.689245 0.608494
vt 0.756170 0.565242
vt 0.689410 0.608439
vt 0.725731 0.605984
vt 0.689507 0.608494
vt 0.728478 0.609995
vt 0.737292 0.647692
vt 0.689508 0.644100
vt 0.689245 0.644100
vt 0.726201 0.565242
vt 0.759732 0.565252
vt 0.725731 0.607493
vt 0.759863 0.565252
vt 0.689671 0.644097
vt 0.251182 0.733701
vt 0.763235 0.608437
vt 0.690584 0.608426
vt 0.756139 0.602992
vt 0.751585 0.609997
vt 0.689672 0.608439
vt 0.689406 0.644130
vt 0.677544 0.650983
vt 0.726273 0.604816
vt 0.735235 0.677911
vt 0.750416 0.602969
vt 0.672828 0.673606
vt 0.674753 0.673759
vt 0.593016 0.665100
vt 0.759608 0.608426
vt 0.760159 0.565264
vt 0.689769 0.608489
vt 0.593794 0.814654
vt 0.591489 0.564647
vt 0.594792 0.814636
vt 0.759544 0.671589
vt 0.759698 0.600913
vt 0.764202 0.565366
vt 0.689408 0.669518
vt 0.689471 0.669525
vt 0.655572 0.608429
vt 0.655180 0.608847
vt 0.689026 0.606711
vt 0.251144 0.741475
vt 0.251241 0.742495
vt 0.677565 0.676906
vt 0.500002 0.729546
vt 0.006853 0.570054
vt 0.689245 0.609201
vt 0.682484 0.675834
vt 0.724391 0.649258
vt 0.748766 0.565523
vt 0.009158 0.820062
vt 0.251207 0.735599
vt 0.748788 0.566388
vt 0.737728 0.565242
vt 0.726201 0.604522
vt 0.760560 0.565281
vt 0.760760 0.565263
vt 0.764272 0.565562
vt 0.741359 0.677374
vt 0.677809 0.649772
vt 0.747458 0.647692
vt 0.759959 0.565263
vt 0.677990 0.675432
vt 0.724527 0.608070
vt 0.672794 0.673595
vt 0.725215 0.605920
vt 0.689410 0.644097
vt 0.751355 0.649607
vt 0.741449 0.647692
vt 0.667338 0.699953
vt 0.667338 0.700208
vt 0.726142 0.604356
vt 0.689374 0.669522
vt 0.689366 0.644192
vt 0.757540 0.650285
vt 0.005945 0.669650
vt 0.757949 0.565242
vt 0.674540 0.651314
vt 0.753861 0.565273
vt 0.219574 0.636831
vt 0.725374 0.605930
vt 0.760159 0.594982
vt 0.749764 0.647692
vt 0.590127 0.546122
vt 0.591216 0.664234
vt 0.725858 0.554510
vt 0.725861 0.703624
vt 0.759480 0.671582
vt 0.759446 0.671586
vt 0.741418 0.677412
vt 0.725338 0.607493
vt 0.762999 0.666557
vt 0.759408 0.671589
vt 0.759437 0.646255
vt 0.759442 0.671585
vt 0.725469 0.605983
vt 0.008161 0.820062
vt 0.762941 0.666547
vt 0.689498 0.644190
vt 0.752978 0.647693
vt 0.759829 0.565308
vt 0.759170 0.646256
vt 0.725075 0.607941
vt 0.761447 0.666511
vt 0.761388 0.666519
vt 0.689279 0.644097
vt 0.564664 0.571022
vt 0.735162 0.649355
vt 0.735223 0.649332
vt 0.759829 0.600913
vt 0.759174 0.671586
vt 0.757877 0.650464
vt 0.249929 0.732842
vt 0.666196 0.651016
vt 0.007754 0.710700
vt 0.724639 0.605950
vt 0.689638 0.644100
vt 0.251273 0.746605
vt 0.251259 0.745602
vt 0.549124 0.600352
vt 0.595014 0.665207
vt 0.591218 0.665235
vt 0.674781 0.703986
vt 0.007167 0.605155
vt 0.250343 0.747462
vt 0.564648 0.617709
vt 0.721970 0.561621
vt 0.759578 0.671585
vt 0.219077 0.684579
vt 0.746758 0.649260
vt 0.750938 0.649670
vt 0.667341 0.700431
vt 0.675247 0.703989
vt 0.721963 0.700014
vt 0.594148 0.657892
vt 0.724497 0.608121
vt 0.595177 0.547954
vt 0.007851 0.670619
vt 0.250803 0.740606
vt 0.249902 0.733683
vt 0.219953 0.683461
vt 0.689510 0.669522
vt 0.759310 0.671586
vt 0.044387 0.608274
vt 0.071037 0.608739
vt 0.061923 0.610798
vt 0.005332 0.607365
vt 0.008481 0.607407
vt 0.008657 0.607771
vt 0.021180 0.635377
vt 0.019649 0.635674
vt 0.018706 0.635210
vt 0.024329 0.635341
vt 0.023656 0.635139
vt 0.007211 0.631524
vt 0.020750 0.634858
vt 0.006002 0.554036
vt 0.005966 0.553630
vt 0.591537 0.548635
vt 0.005873 0.555204
vt 0.007113 0.596221
vt 0.006700 0.557650
vt 0.590922 0.552259
vt 0.006484 0.600416
vt 0.592049 0.594781
vt 0.592013 0.595015
vt 0.592702 0.625787
vt 0.007209 0.631203
vt 0.006551 0.630998
vt 0.593354 0.625571
vt 0.006461 0.600181
vt 0.053992 0.634549
vt 0.592705 0.626109
vt 0.022326 0.607319
vt 0.030196 0.607466
vt 0.014353 0.607618
vt 0.038172 0.635175
vt 0.043478 0.634935
vt 0.027632 0.607111
vt 0.043154 0.607038
vt 0.050008 0.607496
vt 0.058999 0.634800
vt 0.495726 0.604847
vt 0.506276 0.609675
vt 0.054276 0.618485
vt 0.063278 0.613773
vt 0.018359 0.608237
vt 0.015705 0.608972
vt 0.046051 0.617146
vt 0.052529 0.619046
vt 0.044711 0.617124
vt 0.029237 0.612177
vt 0.028622 0.612211
vt 0.024458 0.610555
vt 0.006005 0.567377
vt 0.078242 0.566973
vt 0.038900 0.567511
vt 0.079647 0.566182
vt 0.005871 0.566184
vt 0.005985 0.567777
vt 0.006728 0.564620
vt 0.077445 0.567253
vt 0.102931 0.725923
vt 0.508474 0.722886
vt 0.092432 0.726646
vt 0.112848 0.725582
vt 0.498792 0.722274
vt 0.519893 0.724248
vt 0.593877 0.748173
vt 0.008475 0.754092
vt 0.096997 0.725520
vt 0.079702 0.727900
vt 0.032475 0.635744
vt 0.027499 0.635800
vt 0.024503 0.635551
vt 0.594319 0.674408
vt 0.600295 0.674353
vt 0.597409 0.674660
vt 0.031949 0.636515
vt 0.027116 0.636547
vt 0.021380 0.636508
vt 0.021611 0.635765
vt 0.044430 0.635807
vt 0.043604 0.635933
vt 0.037853 0.635821
vt 0.043463 0.636627
vt 0.037468 0.636603
vt 0.049636 0.636006
vt 0.060478 0.636024
vt 0.061288 0.636155
vt 0.055828 0.636785
vt 0.049593 0.636729
vt 0.052630 0.619298
vt 0.045524 0.617482
vt 0.068391 0.636926
vt 0.062065 0.636889
vt 0.068379 0.636223
vt 0.058948 0.620440
vt 0.059031 0.620161
vt 0.065263 0.621204
vt 0.067072 0.621189
vt 0.081005 0.636953
vt 0.074688 0.636975
vt 0.074687 0.636249
vt 0.080995 0.636248
vt 0.081496 0.622033
vt 0.071574 0.621672
vt 0.080348 0.621795
vt 0.093620 0.636895
vt 0.087304 0.636953
vt 0.087302 0.636226
vt 0.097220 0.636166
vt 0.096831 0.622068
vt 0.096222 0.621854
vt 0.109604 0.636635
vt 0.099920 0.636872
vt 0.112553 0.636037
vt 0.477772 0.634457
vt 0.122487 0.659146
vt 0.122290 0.637745
vt 0.005811 0.630422
vt 0.005544 0.630446
vt 0.005279 0.601429
vt 0.005545 0.601439
vt 0.006053 0.601404
vt 0.006320 0.630430
vt 0.007204 0.630187
vt 0.006945 0.602592
vt 0.594712 0.676029
vt 0.595072 0.704962
vt 0.594334 0.676013
vt 0.595922 0.675858
vt 0.596235 0.705032
vt 0.598284 0.677125
vt 0.598629 0.704716
vt 0.037682 0.660199
vt 0.032117 0.660200
vt 0.043672 0.660287
vt 0.027344 0.660144
vt 0.021489 0.658984
vt 0.062291 0.660488
vt 0.056036 0.660446
vt 0.068606 0.660583
vt 0.049823 0.660327
vt 0.087525 0.660552
vt 0.081221 0.660608
vt 0.093836 0.660551
vt 0.074909 0.660573
vt 0.108886 0.660432
vt 0.100140 0.660471
vt 0.019926 0.660161
vt 0.018847 0.659004
vt 0.007465 0.659109
vt 0.005172 0.554124
vt 0.004926 0.554114
vt 0.005078 0.553777
vt 0.005020 0.555558
vt 0.004854 0.555614
vt 0.540773 0.667320
vt 0.540719 0.667614
vt 0.539583 0.667402
vt 0.539216 0.667654
vt 0.541189 0.667318
vt 0.541062 0.667616
vt 0.069894 0.606858
vt 0.076533 0.607448
vt 0.085739 0.634553
vt 0.491635 0.603620
vt 0.497397 0.602917
vt 0.513242 0.630599
vt 0.528852 0.595960
vt 0.066542 0.600666
vt 0.069139 0.600034
vt 0.077665 0.599769
vt 0.592386 0.597393
vt 0.006906 0.601211
vt 0.039124 0.600115
vt 0.006022 0.568001
vt 0.006252 0.600600
vt 0.068916 0.567471
vt 0.005346 0.567863
vt 0.005114 0.567649
vt 0.005297 0.567635
vt 0.005575 0.600637
vt 0.540932 0.637550
vt 0.540823 0.638356
vt 0.540706 0.637582
vt 0.006537 0.711416
vt 0.006291 0.711381
vt 0.006610 0.711089
vt 0.006427 0.711043
vt 0.596204 0.674980
vt 0.596243 0.675185
vt 0.594764 0.675221
vt 0.594784 0.674964
vt 0.594434 0.675231
vt 0.044250 0.715579
vt 0.038238 0.714102
vt 0.038236 0.713867
vt 0.044249 0.715352
vt 0.031332 0.712664
vt 0.030532 0.712275
vt 0.037684 0.661034
vt 0.029995 0.660990
vt 0.043684 0.661086
vt 0.020306 0.710841
vt 0.021998 0.710842
vt 0.021562 0.660346
vt 0.021474 0.660962
vt 0.068601 0.661647
vt 0.062304 0.661529
vt 0.061591 0.661313
vt 0.068611 0.661379
vt 0.053166 0.661414
vt 0.050388 0.717168
vt 0.053755 0.718437
vt 0.049808 0.661160
vt 0.062202 0.720809
vt 0.096345 0.661538
vt 0.087536 0.661590
vt 0.087534 0.661383
vt 0.097458 0.661323
vt 0.081229 0.661611
vt 0.081227 0.661405
vt 0.074919 0.661405
vt 0.074921 0.661612
vt 0.122501 0.660494
vt 0.112790 0.661194
vt 0.112195 0.661406
vt 0.019784 0.661170
vt 0.019281 0.660963
vt 0.018860 0.660354
vt 0.068096 0.620930
vt 0.086287 0.621576
vt 0.076319 0.620882
vt 0.482254 0.617926
vt 0.022538 0.610516
vt 0.022029 0.610644
vt 0.016642 0.609466
vt 0.006792 0.661078
vt 0.006755 0.660465
vt 0.007286 0.710957
vt 0.007315 0.710706
vt 0.019803 0.710589
vt 0.005791 0.600250
vt 0.006322 0.631301
vt 0.005816 0.631330
vt 0.005858 0.630998
vt 0.005553 0.631333
vt 0.005640 0.631038
vt 0.006553 0.630740
vt 0.007206 0.630513
vt 0.592641 0.625325
vt 0.592637 0.624999
vt 0.005026 0.565882
vt 0.005287 0.565838
vt 0.005217 0.567309
vt 0.005570 0.600064
vt 0.005656 0.599728
vt 0.005473 0.598297
vt 0.005740 0.598253
vt 0.006489 0.599793
vt 0.006314 0.598643
vt 0.005857 0.630770
vt 0.005635 0.630752
vt 0.005296 0.553574
vt 0.005984 0.553388
vt 0.005821 0.660281
vt 0.006579 0.659122
vt 0.006084 0.660252
vt 0.006655 0.710840
vt 0.006131 0.661064
vt 0.005901 0.661065
vt 0.067913 0.723790
vt 0.069228 0.722879
vt 0.075558 0.723949
vt 0.075560 0.724233
vt 0.081872 0.724712
vt 0.084815 0.725266
vt 0.088184 0.725181
vt 0.592023 0.594393
vt 0.592181 0.593247
vt 0.591330 0.590831
vt 0.034420 0.713603
vt 0.020356 0.711249
vt 0.020338 0.712360
vt 0.037715 0.715708
vt 0.045768 0.716329
vt 0.062233 0.721325
vt 0.062917 0.721198
vt 0.594695 0.704968
vt 0.536803 0.639547
vt 0.498619 0.667494
vt 0.498274 0.639903
vt 0.537148 0.667139
vt 0.005411 0.599748
vt 0.595140 0.705256
vt 0.594831 0.705264
vt 0.596620 0.705269
vt 0.005306 0.598263
vt 0.538839 0.637570
vt 0.495913 0.638637
vt 0.496234 0.637963
vt 0.539170 0.638257
vt 0.538898 0.637366
vt 0.496195 0.637758
vt 0.007186 0.712619
vt 0.008045 0.714899
vt 0.007336 0.711349
vt 0.006635 0.712888
vt 0.006372 0.712838
vt 0.005287 0.555611
vt 0.496226 0.667810
vt 0.496611 0.668047
vt 0.007035 0.755310
vt 0.006774 0.755354
vt 0.007619 0.755656
vt 0.518694 0.562138
vt 0.519066 0.562914
vt 0.540410 0.638397
vt 0.004971 0.567298
vt 0.540340 0.637323
vt 0.540681 0.637400
vt 0.540343 0.637580
vt 0.595071 0.563507
vt 0.597769 0.592393
vt 0.595362 0.592698
vt 0.594146 0.592648
vt 0.523954 0.603850
vt 0.509176 0.606468
vt 0.562961 0.602222
vt 0.559643 0.602690
vt 0.559814 0.602323
vt 0.581279 0.630007
vt 0.578810 0.630219
vt 0.576329 0.630028
vt 0.575663 0.630242
vt 0.580345 0.630488
vt 0.579228 0.629693
vt 0.591557 0.548229
vt 0.591700 0.549807
vt 0.546149 0.629999
vt 0.545975 0.602489
vt 0.553960 0.602641
vt 0.538111 0.602782
vt 0.561822 0.630332
vt 0.556507 0.630190
vt 0.540978 0.630342
vt 0.518287 0.603178
vt 0.540660 0.602379
vt 0.525131 0.602594
vt 0.514261 0.614248
vt 0.552623 0.604020
vt 0.549953 0.603335
vt 0.522439 0.612749
vt 0.523770 0.612706
vt 0.515990 0.614772
vt 0.539150 0.607475
vt 0.543898 0.605765
vt 0.539764 0.607498
vt 0.592876 0.561965
vt 0.559981 0.562705
vt 0.592130 0.558701
vt 0.592984 0.560769
vt 0.592901 0.562364
vt 0.524573 0.563122
vt 0.489147 0.722110
vt 0.504797 0.721759
vt 0.593880 0.563667
vt 0.593730 0.592667
vt 0.600301 0.674913
vt 0.594324 0.674968
vt 0.597409 0.674660
vt 0.575490 0.630455
vt 0.572500 0.630760
vt 0.567524 0.630795
vt 0.578631 0.631354
vt 0.572897 0.631499
vt 0.578386 0.630615
vt 0.568066 0.631556
vt 0.562150 0.630971
vt 0.556403 0.631190
vt 0.555574 0.631079
vt 0.562549 0.631747
vt 0.556556 0.631883
vt 0.550375 0.631375
vt 0.550431 0.632097
vt 0.544198 0.632269
vt 0.538729 0.631740
vt 0.539538 0.631593
vt 0.522963 0.613079
vt 0.515894 0.615026
vt 0.537967 0.632488
vt 0.531644 0.632641
vt 0.531644 0.631938
vt 0.509598 0.616284
vt 0.509513 0.616007
vt 0.525350 0.632806
vt 0.525338 0.632080
vt 0.519034 0.632902
vt 0.519032 0.632196
vt 0.501489 0.617183
vt 0.503299 0.617164
vt 0.496997 0.617748
vt 0.488227 0.618033
vt 0.487080 0.618293
vt 0.512737 0.633019
vt 0.512725 0.632291
vt 0.506421 0.633077
vt 0.502805 0.632414
vt 0.500122 0.633171
vt 0.490500 0.633129
vt 0.487743 0.632566
vt 0.472551 0.618382
vt 0.472020 0.618606
vt 0.594290 0.625230
vt 0.594029 0.625209
vt 0.594020 0.596208
vt 0.593256 0.596200
vt 0.593761 0.596227
vt 0.593525 0.625226
vt 0.540080 0.715364
vt 0.541575 0.744517
vt 0.540415 0.744603
vt 0.541680 0.715499
vt 0.541951 0.744530
vt 0.499507 0.744644
vt 0.537762 0.716674
vt 0.538027 0.744323
vt 0.541305 0.715514
vt 0.573104 0.655096
vt 0.568334 0.655240
vt 0.578938 0.653828
vt 0.562769 0.655343
vt 0.556784 0.655541
vt 0.550637 0.655695
vt 0.544428 0.655929
vt 0.538176 0.656087
vt 0.531866 0.656299
vt 0.525564 0.656406
vt 0.519255 0.656558
vt 0.512950 0.656617
vt 0.506642 0.656733
vt 0.500336 0.656770
vt 0.491592 0.656892
vt 0.477834 0.657012
vt 0.581577 0.653799
vt 0.580521 0.654976
vt 0.592959 0.653694
vt 0.592362 0.548708
vt 0.592428 0.548360
vt 0.592585 0.548694
vt 0.594207 0.592949
vt 0.593863 0.592969
vt 0.595710 0.592955
vt 0.592542 0.550133
vt 0.592691 0.550192
vt 0.537583 0.596489
vt 0.524747 0.595807
vt 0.560150 0.595497
vt 0.592392 0.596016
vt 0.592870 0.562588
vt 0.528676 0.563232
vt 0.593039 0.595400
vt 0.593771 0.562220
vt 0.593543 0.562438
vt 0.593587 0.562209
vt 0.593712 0.595425
vt 0.593465 0.563640
vt 0.593337 0.562862
vt 0.593566 0.562872
vt 0.594902 0.705663
vt 0.595084 0.705614
vt 0.595227 0.705949
vt 0.594980 0.705989
vt 0.541236 0.714723
vt 0.541564 0.714737
vt 0.539757 0.714705
vt 0.595173 0.707409
vt 0.539788 0.714512
vt 0.578889 0.655192
vt 0.581203 0.705668
vt 0.570215 0.707694
vt 0.571009 0.707290
vt 0.579511 0.705701
vt 0.570472 0.655991
vt 0.578987 0.655806
vt 0.563334 0.709024
vt 0.557352 0.710846
vt 0.557350 0.710620
vt 0.563336 0.709259
vt 0.562783 0.656178
vt 0.556787 0.656341
vt 0.547903 0.713879
vt 0.551246 0.712549
vt 0.539503 0.716408
vt 0.550667 0.656528
vt 0.538892 0.656898
vt 0.531891 0.657363
vt 0.531876 0.657095
vt 0.538183 0.657127
vt 0.547315 0.656844
vt 0.525572 0.657444
vt 0.525570 0.657237
vt 0.519266 0.657560
vt 0.519264 0.657353
vt 0.512957 0.657449
vt 0.504146 0.657766
vt 0.503034 0.657572
vt 0.512959 0.657655
vt 0.488494 0.657925
vt 0.487977 0.657724
vt 0.581589 0.655149
vt 0.581181 0.655766
vt 0.580681 0.655982
vt 0.500486 0.616940
vt 0.494723 0.616822
vt 0.545813 0.605691
vt 0.551690 0.604532
vt 0.546326 0.605809
vt 0.593695 0.655037
vt 0.594191 0.705294
vt 0.581703 0.705406
vt 0.594223 0.705544
vt 0.593669 0.655650
vt 0.593589 0.625869
vt 0.594359 0.625886
vt 0.594096 0.625889
vt 0.594048 0.625557
vt 0.594267 0.625593
vt 0.592705 0.594837
vt 0.591515 0.547987
vt 0.593295 0.625541
vt 0.593660 0.561882
vt 0.593562 0.560412
vt 0.593825 0.560457
vt 0.592846 0.594312
vt 0.592919 0.594647
vt 0.592740 0.592839
vt 0.592997 0.592886
vt 0.592209 0.548161
vt 0.593985 0.625558
vt 0.593650 0.592999
vt 0.593846 0.653689
vt 0.594624 0.654851
vt 0.594361 0.654810
vt 0.594852 0.705415
vt 0.594329 0.655624
vt 0.594559 0.655620
vt 0.533843 0.719494
vt 0.513607 0.721257
vt 0.516976 0.721280
vt 0.519909 0.720672
vt 0.532517 0.718607
vt 0.526211 0.720077
vt 0.526208 0.719793
vt 0.581193 0.707189
vt 0.573975 0.710045
vt 0.562602 0.710733
vt 0.567105 0.708698
vt 0.555843 0.711626
vt 0.581241 0.706065
vt 0.538795 0.716809
vt 0.539480 0.716924
vt 0.593070 0.594329
vt 0.593145 0.592844
vt 0.541513 0.744820
vt 0.540037 0.744851
vt 0.541821 0.744836
vt 0.499248 0.716995
vt 0.496809 0.715757
vt 0.497171 0.715059
vt 0.497100 0.714868
vt 0.594354 0.707205
vt 0.593538 0.709501
vt 0.594198 0.705938
vt 0.594910 0.707464
vt 0.592287 0.550198
vt 0.497448 0.745206
vt 0.497100 0.744949
vt 0.595310 0.749884
vt 0.594732 0.750242
vt 0.595572 0.749930
vt 0.597509 0.564744
vt 0.594319 0.674408
vt 0.594373 0.674177
vt 0.594670 0.674405
vt 0.593907 0.561867
vt 0.595362 0.562617
vt 0.595433 0.562809
vt 0.593929 0.562852
vt 0.814373 0.923697
vt 0.813721 0.923697
vt 0.814354 0.923548
vt 0.813708 0.923548
vt 0.811863 0.917861
vt 0.811717 0.917899
vt 0.811719 0.916482
vt 0.811868 0.916427
vt 0.826208 0.890683
vt 0.826357 0.890103
vt 0.826357 0.891398
vt 0.826208 0.891451
vt 0.826208 0.890270
vt 0.817115 0.908159
vt 0.817115 0.907649
vt 0.817277 0.907923
vt 0.817657 0.902616
vt 0.817775 0.904580
vt 0.816468 0.903501
vt 0.816874 0.905665
vt 0.817782 0.906285
vt 0.817472 0.907119
vt 0.820961 0.889903
vt 0.820961 0.890270
vt 0.820799 0.890103
vt 0.823152 0.918216
vt 0.822838 0.918055
vt 0.823562 0.918055
vt 0.823502 0.918216
vt 0.823867 0.918216
vt 0.824260 0.918055
vt 0.824195 0.918216
vt 0.824433 0.918216
vt 0.824700 0.918055
vt 0.824713 0.918216
vt 0.816046 0.903501
vt 0.814788 0.904209
vt 0.814858 0.902615
vt 0.814496 0.905345
vt 0.815640 0.905664
vt 0.815044 0.907134
vt 0.814734 0.906287
vt 0.799798 0.895864
vt 0.800269 0.895865
vt 0.800427 0.896014
vt 0.799409 0.896014
vt 0.799293 0.895864
vt 0.798756 0.895864
vt 0.798719 0.896014
vt 0.798001 0.896015
vt 0.798130 0.895864
vt 0.797358 0.895864
vt 0.796485 0.896016
vt 0.796426 0.895864
vt 0.817060 0.891464
vt 0.817540 0.890006
vt 0.818361 0.890046
vt 0.814153 0.890046
vt 0.814974 0.890006
vt 0.815454 0.891464
vt 0.814307 0.891524
vt 0.826357 0.899174
vt 0.826358 0.900243
vt 0.826211 0.900279
vt 0.814353 0.918301
vt 0.813707 0.918301
vt 0.813720 0.918139
vt 0.814372 0.918139
vt 0.820961 0.891451
vt 0.820961 0.890683
vt 0.799293 0.890618
vt 0.799798 0.890618
vt 0.800269 0.890618
vt 0.798130 0.890618
vt 0.798756 0.890618
vt 0.796426 0.890618
vt 0.797358 0.890618
vt 0.820957 0.900279
vt 0.820799 0.891398
vt 0.817115 0.914145
vt 0.817276 0.916482
vt 0.811868 0.918138
vt 0.811718 0.918106
vt 0.811757 0.918000
vt 0.811868 0.917997
vt 0.817934 0.901564
vt 0.817890 0.903290
vt 0.814625 0.903289
vt 0.814582 0.901563
vt 0.816326 0.904332
vt 0.816257 0.902900
vt 0.817992 0.904306
vt 0.816761 0.905941
vt 0.816501 0.905162
vt 0.818212 0.905137
vt 0.817426 0.907456
vt 0.818403 0.905597
vt 0.818191 0.905798
vt 0.814523 0.904305
vt 0.816257 0.902899
vt 0.816228 0.903873
vt 0.816153 0.904530
vt 0.814303 0.905136
vt 0.816013 0.905161
vt 0.815754 0.905940
vt 0.814324 0.905797
vt 0.814112 0.905596
vt 0.815089 0.907455
vt 0.818528 0.890054
vt 0.818440 0.891429
vt 0.818208 0.891524
vt 0.816827 0.891454
vt 0.817367 0.889998
vt 0.815148 0.889998
vt 0.815688 0.891454
vt 0.814075 0.891425
vt 0.813988 0.890053
vt 0.814485 0.918181
vt 0.814503 0.918301
vt 0.817115 0.917997
vt 0.817115 0.918138
vt 0.809433 0.942962
vt 0.809433 0.948207
vt 0.808819 0.948658
vt 0.795674 0.890168
vt 0.796022 0.890432
vt 0.796018 0.896014
vt 0.796280 0.890618
vt 0.796280 0.895864
vt 0.809532 0.948398
vt 0.809540 0.948482
vt 0.809166 0.948482
vt 0.809541 0.948662
vt 0.809934 0.948451
vt 0.810318 0.948443
vt 0.810324 0.948662
vt 0.809930 0.948662
vt 0.810705 0.948448
vt 0.811069 0.948442
vt 0.811074 0.948662
vt 0.810709 0.948662
vt 0.811404 0.948445
vt 0.811717 0.948406
vt 0.811703 0.948662
vt 0.811409 0.948662
vt 0.796312 0.890163
vt 0.796321 0.890419
vt 0.809168 0.948664
vt 0.796011 0.890161
vt 0.807426 0.949210
vt 0.807497 0.948931
vt 0.807867 0.948932
vt 0.807750 0.949212
vt 0.807085 0.949212
vt 0.807109 0.948932
vt 0.818374 0.923762
vt 0.818228 0.923983
vt 0.817913 0.923746
vt 0.818093 0.923561
vt 0.818677 0.923927
vt 0.818578 0.924163
vt 0.817868 0.923301
vt 0.817645 0.923457
vt 0.817431 0.923127
vt 0.817670 0.923019
vt 0.804335 0.890193
vt 0.803896 0.890194
vt 0.803851 0.889914
vt 0.804226 0.889903
vt 0.817278 0.922765
vt 0.817545 0.922681
vt 0.803308 0.889917
vt 0.803333 0.890162
vt 0.817575 0.919187
vt 0.817804 0.919354
vt 0.817396 0.919537
vt 0.817631 0.919653
vt 0.817544 0.920050
vt 0.817278 0.919968
vt 0.818020 0.919088
vt 0.817813 0.918874
vt 0.818101 0.918606
vt 0.818265 0.918845
vt 0.818555 0.918655
vt 0.818434 0.918399
vt 0.818796 0.918244
vt 0.818874 0.918524
vt 0.819211 0.918445
vt 0.819179 0.918158
vt 0.819572 0.918138
vt 0.819556 0.918430
vt 0.819900 0.918471
vt 0.819962 0.918188
vt 0.820338 0.918303
vt 0.820230 0.918575
vt 0.820539 0.918731
vt 0.820688 0.918483
vt 0.821002 0.918719
vt 0.820814 0.918941
vt 0.821038 0.919204
vt 0.821268 0.919009
vt 0.821487 0.919335
vt 0.821237 0.919484
vt 0.821387 0.919794
vt 0.821640 0.919697
vt 0.821726 0.920136
vt 0.821445 0.920211
vt 0.821475 0.920724
vt 0.794861 0.890166
vt 0.794299 0.890169
vt 0.794302 0.889903
vt 0.821262 0.922844
vt 0.821522 0.922925
vt 0.821343 0.923275
vt 0.821103 0.923149
vt 0.821363 0.922453
vt 0.821640 0.922494
vt 0.820896 0.923425
vt 0.821105 0.923588
vt 0.820817 0.923856
vt 0.820641 0.923658
vt 0.806072 0.949210
vt 0.805956 0.948931
vt 0.806327 0.948932
vt 0.806398 0.949212
vt 0.820352 0.923847
vt 0.820486 0.924068
vt 0.806739 0.949210
vt 0.806715 0.948931
vt 0.802092 0.889915
vt 0.802090 0.890196
vt 0.801531 0.890194
vt 0.801589 0.889915
vt 0.821411 0.921951
vt 0.821666 0.921936
vt 0.820524 0.923708
vt 0.819229 0.924036
vt 0.821276 0.922696
vt 0.821380 0.919941
vt 0.818768 0.918593
vt 0.820104 0.918561
vt 0.817627 0.919799
vt 0.809166 0.942648
vt 0.809540 0.942648
vt 0.809532 0.942775
vt 0.809930 0.942648
vt 0.810324 0.942648
vt 0.810314 0.942733
vt 0.809921 0.942733
vt 0.811075 0.942721
vt 0.810699 0.942733
vt 0.810710 0.942648
vt 0.811410 0.942718
vt 0.811706 0.942648
vt 0.811709 0.942775
vt 0.796337 0.896050
vt 0.796314 0.896177
vt 0.815040 0.907648
vt 0.815009 0.907239
vt 0.814923 0.906853
vt 0.796485 0.890454
vt 0.817597 0.906867
vt 0.817510 0.907251
vt 0.817468 0.907632
vt 0.817955 0.906152
vt 0.817742 0.906483
vt 0.816727 0.918404
vt 0.816767 0.918138
vt 0.816768 0.918950
vt 0.818528 0.905621
vt 0.818221 0.905864
vt 0.824713 0.923463
vt 0.824829 0.923462
vt 0.824810 0.923649
vt 0.824700 0.923612
vt 0.824828 0.918217
vt 0.814557 0.906160
vt 0.814293 0.905882
vt 0.813988 0.905620
vt 0.814768 0.906495
vt 0.803334 0.890215
vt 0.793059 0.890186
vt 0.793063 0.890135
vt 0.792503 0.890166
vt 0.819350 0.924072
vt 0.819007 0.924031
vt 0.817461 0.922305
vt 0.817446 0.921763
vt 0.817495 0.920551
vt 0.820032 0.923979
vt 0.819696 0.924058
vt 0.817120 0.917861
vt 0.817115 0.916426
vt 0.817278 0.917899
vt 0.820798 0.900243
vt 0.820799 0.899178
vt 0.815477 0.915048
vt 0.815772 0.914709
vt 0.815889 0.914310
vt 0.811868 0.908162
vt 0.811868 0.907649
vt 0.823152 0.923463
vt 0.823502 0.923463
vt 0.826208 0.889903
vt 0.823867 0.923463
vt 0.824195 0.923463
vt 0.824434 0.923463
vt 0.811868 0.914138
vt 0.813538 0.915048
vt 0.813126 0.914310
vt 0.813243 0.914709
vt 0.813986 0.915265
vt 0.814503 0.923548
vt 0.817566 0.889903
vt 0.818374 0.889942
vt 0.814141 0.889942
vt 0.814949 0.889903
vt 0.814609 0.923551
vt 0.814563 0.923698
vt 0.814485 0.923659
vt 0.814608 0.918297
vt 0.818490 0.889974
vt 0.817433 0.889923
vt 0.815082 0.889922
vt 0.814026 0.889973
vt 0.817235 0.918000
vt 0.807497 0.890185
vt 0.807867 0.890184
vt 0.807109 0.890184
vt 0.808208 0.890185
vt 0.808510 0.890184
vt 0.808510 0.948932
vt 0.808208 0.948931
vt 0.805311 0.890195
vt 0.805313 0.948943
vt 0.805025 0.890196
vt 0.803899 0.948945
vt 0.802093 0.948942
vt 0.801533 0.948943
vt 0.801097 0.890193
vt 0.795674 0.948916
vt 0.795304 0.948915
vt 0.794861 0.948916
vt 0.795305 0.890168
vt 0.806715 0.890185
vt 0.803337 0.948924
vt 0.794298 0.948914
vt 0.814507 0.913273
vt 0.813987 0.913354
vt 0.811718 0.907923
vt 0.814507 0.915347
vt 0.815027 0.915265
vt 0.815028 0.913354
vt 0.815772 0.913913
vt 0.815476 0.913572
vt 0.814507 0.913455
vt 0.814034 0.913528
vt 0.813628 0.913725
vt 0.813539 0.913572
vt 0.815387 0.913725
vt 0.814980 0.913528
vt 0.817231 0.920805
vt 0.817239 0.921341
vt 0.817102 0.921337
vt 0.817095 0.920849
vt 0.815658 0.914034
vt 0.826188 0.920596
vt 0.826480 0.920891
vt 0.826322 0.920981
vt 0.826058 0.920709
vt 0.817230 0.921870
vt 0.817093 0.921820
vt 0.826663 0.921340
vt 0.826735 0.921860
vt 0.826553 0.921860
vt 0.826490 0.921387
vt 0.826666 0.922381
vt 0.826480 0.922829
vt 0.826322 0.922739
vt 0.826490 0.922333
vt 0.813790 0.925139
vt 0.813780 0.924610
vt 0.813919 0.924607
vt 0.813927 0.925089
vt 0.826188 0.923124
vt 0.826058 0.923011
vt 0.813243 0.913913
vt 0.813357 0.914034
vt 0.813790 0.924074
vt 0.813927 0.924118
vt 0.826518 0.899873
vt 0.826574 0.899400
vt 0.827816 0.899400
vt 0.827758 0.899871
vt 0.827602 0.900276
vt 0.826359 0.900279
vt 0.826517 0.898927
vt 0.826358 0.898521
vt 0.827602 0.898524
vt 0.827758 0.898929
vt 0.815555 0.921337
vt 0.815550 0.920851
vt 0.815533 0.920434
vt 0.817079 0.920430
vt 0.817077 0.922225
vt 0.815530 0.922222
vt 0.815549 0.921818
vt 0.825356 0.921860
vt 0.825295 0.921389
vt 0.825126 0.920985
vt 0.825126 0.922736
vt 0.825295 0.922331
vt 0.815465 0.924609
vt 0.815471 0.925090
vt 0.815491 0.925493
vt 0.813945 0.925494
vt 0.813945 0.923698
vt 0.815491 0.923705
vt 0.815471 0.924123
vt 0.816611 0.918824
vt 0.816418 0.918429
vt 0.816458 0.918408
vt 0.816656 0.918813
vt 0.816727 0.919284
vt 0.816681 0.919284
vt 0.824889 0.924724
vt 0.824829 0.924264
vt 0.824892 0.924264
vt 0.824951 0.924713
vt 0.825111 0.925098
vt 0.825053 0.925119
vt 0.816611 0.919744
vt 0.816656 0.919755
vt 0.816458 0.920159
vt 0.816418 0.920139
vt 0.824889 0.923804
vt 0.825053 0.923409
vt 0.825111 0.923431
vt 0.824951 0.923816
vt 0.816119 0.920403
vt 0.816152 0.920430
vt 0.815511 0.920862
vt 0.815517 0.921336
vt 0.828071 0.890297
vt 0.828078 0.890766
vt 0.828021 0.890767
vt 0.828011 0.890309
vt 0.827994 0.889925
vt 0.828053 0.889903
vt 0.815510 0.921806
vt 0.824829 0.920741
vt 0.824865 0.920714
vt 0.825085 0.921005
vt 0.828071 0.891241
vt 0.828053 0.891649
vt 0.827996 0.891629
vt 0.828012 0.891230
vt 0.825249 0.921400
vt 0.825309 0.921860
vt 0.821796 0.919453
vt 0.821726 0.918993
vt 0.821787 0.918993
vt 0.821855 0.919441
vt 0.822042 0.919827
vt 0.821989 0.919848
vt 0.825249 0.922320
vt 0.825085 0.922715
vt 0.821796 0.918533
vt 0.821989 0.918138
vt 0.822042 0.918159
vt 0.821855 0.918544
vt 0.824829 0.922979
vt 0.824865 0.923006
vt 0.815510 0.925078
vt 0.815503 0.924609
vt 0.815526 0.925360
vt 0.815521 0.924885
vt 0.815578 0.924886
vt 0.815586 0.925349
vt 0.815599 0.925747
vt 0.815542 0.925767
vt 0.815510 0.924134
vt 0.816119 0.918165
vt 0.816152 0.918138
vt 0.815528 0.924415
vt 0.815545 0.924021
vt 0.815603 0.924043
vt 0.815588 0.924428
vt 0.826127 0.923817
vt 0.826494 0.890764
vt 0.826469 0.891623
vt 0.826492 0.891226
vt 0.826477 0.903393
vt 0.825307 0.902946
vt 0.826530 0.902945
vt 0.825453 0.902562
vt 0.826682 0.902559
vt 0.826530 0.903842
vt 0.826682 0.904227
vt 0.825453 0.904224
vt 0.825307 0.903840
vt 0.817105 0.924886
vt 0.817127 0.925744
vt 0.826128 0.924712
vt 0.826077 0.924264
vt 0.826294 0.925095
vt 0.826294 0.923434
vt 0.826491 0.890308
vt 0.826464 0.889926
vt 0.825247 0.903393
vt 0.817107 0.925347
vt 0.817109 0.924429
vt 0.817133 0.924046
vt 0.826240 0.924695
vt 0.826394 0.925064
vt 0.826185 0.924264
vt 0.826269 0.924264
vt 0.826349 0.924644
vt 0.826463 0.925002
vt 0.826240 0.923834
vt 0.826394 0.923465
vt 0.826486 0.923550
vt 0.826321 0.923868
vt 0.826376 0.890326
vt 0.826358 0.889957
vt 0.826382 0.890765
vt 0.826634 0.923217
vt 0.826916 0.923124
vt 0.826944 0.923213
vt 0.826684 0.923299
vt 0.826376 0.891210
vt 0.826358 0.891592
vt 0.826507 0.906307
vt 0.826141 0.906232
vt 0.826172 0.906142
vt 0.826513 0.906174
vt 0.826817 0.906135
vt 0.826840 0.906224
vt 0.825801 0.906001
vt 0.826073 0.906307
vt 0.825717 0.906069
vt 0.825442 0.905711
vt 0.825530 0.905660
vt 0.825608 0.905615
vt 0.825882 0.905905
vt 0.825373 0.905255
vt 0.825272 0.905293
vt 0.825247 0.904865
vt 0.825346 0.904844
vt 0.825438 0.904863
vt 0.825498 0.905241
vt 0.817222 0.925331
vt 0.817237 0.925713
vt 0.817216 0.924887
vt 0.825466 0.904490
vt 0.825706 0.904245
vt 0.825771 0.904310
vt 0.825579 0.904560
vt 0.817223 0.924447
vt 0.817239 0.924078
vt 0.826634 0.925311
vt 0.826705 0.925189
vt 0.826944 0.925316
vt 0.826916 0.925404
vt 0.826724 0.904538
vt 0.827130 0.905567
vt 0.826094 0.904271
vt 0.826417 0.904302
vt 0.826980 0.904829
vt 0.827125 0.905203
vt 0.827039 0.905908
vt 0.799249 0.890456
vt 0.799748 0.890456
vt 0.800427 0.890456
vt 0.798001 0.890455
vt 0.798719 0.890456
vt 0.817277 0.918106
vt 0.824810 0.918026
vt 0.814562 0.918138
vt 0.823562 0.923613
vt 0.822839 0.923613
vt 0.824260 0.923613
vt 0.815255 0.918289
vt 0.814622 0.918139
vt 0.815274 0.918139
vt 0.814609 0.918289
vt 0.822693 0.917861
vt 0.822688 0.916427
vt 0.822837 0.916482
vt 0.822838 0.917899
vt 0.822989 0.908430
vt 0.822989 0.909230
vt 0.822839 0.909144
vt 0.822840 0.907849
vt 0.822989 0.908016
vt 0.817279 0.907923
vt 0.817441 0.907649
vt 0.817441 0.908162
vt 0.820587 0.903501
vt 0.819280 0.904580
vt 0.819399 0.902615
vt 0.820181 0.905664
vt 0.819583 0.907118
vt 0.819273 0.906284
vt 0.828398 0.907849
vt 0.828236 0.908016
vt 0.828236 0.907649
vt 0.812031 0.923571
vt 0.812381 0.923570
vt 0.812441 0.923732
vt 0.811718 0.923732
vt 0.812746 0.923570
vt 0.813074 0.923570
vt 0.813139 0.923732
vt 0.813312 0.923570
vt 0.813592 0.923571
vt 0.813579 0.923731
vt 0.813117 0.902616
vt 0.813187 0.904210
vt 0.811928 0.903502
vt 0.812335 0.905664
vt 0.813479 0.905346
vt 0.813241 0.906288
vt 0.812930 0.907135
vt 0.799798 0.943219
vt 0.799409 0.943069
vt 0.800427 0.943069
vt 0.800269 0.943219
vt 0.799293 0.943219
vt 0.798756 0.943219
vt 0.798719 0.943069
vt 0.798129 0.943219
vt 0.798000 0.943069
vt 0.797358 0.943219
vt 0.796426 0.943219
vt 0.796485 0.943067
vt 0.818694 0.890046
vt 0.819515 0.890006
vt 0.819995 0.891464
vt 0.818847 0.891524
vt 0.813000 0.890007
vt 0.813821 0.890046
vt 0.812520 0.891464
vt 0.822984 0.918025
vt 0.822838 0.917989
vt 0.822840 0.916921
vt 0.814622 0.923697
vt 0.814609 0.923535
vt 0.815255 0.923535
vt 0.815274 0.923697
vt 0.828236 0.908430
vt 0.828235 0.909174
vt 0.800269 0.948466
vt 0.799798 0.948466
vt 0.799293 0.948466
vt 0.798756 0.948466
vt 0.798129 0.948466
vt 0.797358 0.948466
vt 0.796426 0.948466
vt 0.828398 0.909144
vt 0.828240 0.918026
vt 0.817280 0.916482
vt 0.822688 0.918138
vt 0.822688 0.917997
vt 0.822798 0.918000
vt 0.822837 0.918106
vt 0.819165 0.903289
vt 0.819122 0.901563
vt 0.813394 0.901564
vt 0.813350 0.903290
vt 0.820798 0.902899
vt 0.820729 0.904332
vt 0.819064 0.904305
vt 0.820554 0.905161
vt 0.820294 0.905940
vt 0.818844 0.905136
vt 0.819630 0.907455
vt 0.818865 0.905797
vt 0.818653 0.905596
vt 0.813452 0.904306
vt 0.811822 0.904530
vt 0.811747 0.903873
vt 0.811717 0.902900
vt 0.813672 0.905138
vt 0.812221 0.905941
vt 0.811961 0.905162
vt 0.813651 0.905798
vt 0.813863 0.905597
vt 0.812886 0.907456
vt 0.818616 0.891429
vt 0.818528 0.890053
vt 0.819688 0.889998
vt 0.820228 0.891454
vt 0.812287 0.891454
vt 0.812827 0.889998
vt 0.813988 0.890054
vt 0.813900 0.891425
vt 0.813668 0.891524
vt 0.815405 0.923535
vt 0.815387 0.923655
vt 0.817441 0.918138
vt 0.817441 0.917997
vt 0.808819 0.889909
vt 0.809433 0.890361
vt 0.809433 0.895605
vt 0.796018 0.943070
vt 0.796279 0.943219
vt 0.796279 0.948466
vt 0.796021 0.948651
vt 0.809541 0.889905
vt 0.809540 0.890085
vt 0.809166 0.890085
vt 0.809533 0.890169
vt 0.809934 0.890116
vt 0.809930 0.889906
vt 0.810324 0.889905
vt 0.810318 0.890124
vt 0.810705 0.890119
vt 0.810709 0.889906
vt 0.811075 0.889905
vt 0.811069 0.890125
vt 0.811405 0.890122
vt 0.811409 0.889906
vt 0.811703 0.889905
vt 0.811717 0.890161
vt 0.796320 0.948664
vt 0.796311 0.948920
vt 0.809169 0.889903
vt 0.796010 0.948922
vt 0.807426 0.889905
vt 0.807750 0.889903
vt 0.807085 0.889903
vt 0.824156 0.905914
vt 0.824431 0.905704
vt 0.824611 0.905890
vt 0.824297 0.906127
vt 0.823946 0.906307
vt 0.823847 0.906070
vt 0.824668 0.905452
vt 0.824854 0.905161
vt 0.825093 0.905271
vt 0.824879 0.905602
vt 0.825247 0.904909
vt 0.824989 0.904843
vt 0.804338 0.948945
vt 0.804251 0.949222
vt 0.803854 0.949224
vt 0.803311 0.949221
vt 0.803336 0.948976
vt 0.825129 0.901679
vt 0.824720 0.901495
vt 0.824949 0.901329
vt 0.825247 0.902111
vt 0.824981 0.902191
vt 0.824869 0.901824
vt 0.824504 0.901229
vt 0.824258 0.900985
vt 0.824423 0.900748
vt 0.824712 0.901016
vt 0.823969 0.900796
vt 0.823649 0.900664
vt 0.823729 0.900386
vt 0.824090 0.900541
vt 0.823313 0.900585
vt 0.822967 0.900570
vt 0.822952 0.900279
vt 0.823345 0.900299
vt 0.822627 0.900628
vt 0.822294 0.900715
vt 0.822186 0.900444
vt 0.822562 0.900329
vt 0.821985 0.900870
vt 0.821710 0.901081
vt 0.821522 0.900860
vt 0.821836 0.900624
vt 0.821473 0.901332
vt 0.821287 0.901624
vt 0.821037 0.901476
vt 0.821256 0.901150
vt 0.821136 0.901934
vt 0.821077 0.902338
vt 0.820798 0.902278
vt 0.820884 0.901839
vt 0.794288 0.949193
vt 0.794831 0.949196
vt 0.821248 0.904990
vt 0.821421 0.905290
vt 0.821181 0.905418
vt 0.821002 0.905068
vt 0.820884 0.904637
vt 0.821160 0.904593
vt 0.821627 0.905566
vt 0.821883 0.905800
vt 0.821708 0.905999
vt 0.821419 0.905731
vt 0.806072 0.889905
vt 0.806398 0.889903
vt 0.806327 0.890184
vt 0.805956 0.890185
vt 0.822172 0.905989
vt 0.822038 0.906212
vt 0.806739 0.889905
vt 0.821143 0.902081
vt 0.821257 0.904877
vt 0.802095 0.949224
vt 0.801593 0.949224
vt 0.821112 0.904093
vt 0.820858 0.904078
vt 0.821063 0.902880
vt 0.823050 0.906187
vt 0.824318 0.905762
vt 0.823756 0.900733
vt 0.821642 0.901188
vt 0.825005 0.904667
vt 0.821806 0.905700
vt 0.809533 0.895792
vt 0.809540 0.895919
vt 0.809166 0.895919
vt 0.809930 0.895919
vt 0.809921 0.895834
vt 0.810314 0.895834
vt 0.810324 0.895919
vt 0.810710 0.895919
vt 0.810699 0.895834
vt 0.811075 0.895846
vt 0.811709 0.895792
vt 0.811706 0.895919
vt 0.811410 0.895849
vt 0.796314 0.942906
vt 0.796337 0.943033
vt 0.813052 0.906854
vt 0.812966 0.907240
vt 0.812935 0.907649
vt 0.796485 0.948629
vt 0.819587 0.907631
vt 0.819546 0.907250
vt 0.819458 0.906866
vt 0.816920 0.918950
vt 0.816921 0.918138
vt 0.816961 0.918404
vt 0.819313 0.906482
vt 0.819100 0.906151
vt 0.818834 0.905862
vt 0.818528 0.905620
vt 0.813592 0.918323
vt 0.813579 0.918175
vt 0.813689 0.918138
vt 0.813707 0.918325
vt 0.813707 0.923569
vt 0.813988 0.905621
vt 0.813682 0.905883
vt 0.813418 0.906161
vt 0.813207 0.906496
vt 0.793063 0.948949
vt 0.793058 0.948897
vt 0.792503 0.948916
vt 0.823517 0.906174
vt 0.823174 0.906214
vt 0.825062 0.904447
vt 0.825078 0.903905
vt 0.825028 0.902692
vt 0.822491 0.906121
vt 0.822828 0.906200
vt 0.817435 0.917861
vt 0.817441 0.916426
vt 0.828398 0.916924
vt 0.828399 0.917989
vt 0.818742 0.914719
vt 0.819079 0.915048
vt 0.818667 0.914310
vt 0.822688 0.908161
vt 0.822688 0.907649
vt 0.812031 0.918324
vt 0.812381 0.918324
vt 0.822989 0.907649
vt 0.812746 0.918324
vt 0.813074 0.918324
vt 0.813312 0.918324
vt 0.821018 0.915048
vt 0.822688 0.914150
vt 0.821312 0.914709
vt 0.821430 0.914310
vt 0.820569 0.915265
vt 0.815404 0.918289
vt 0.818682 0.889942
vt 0.819490 0.889903
vt 0.813025 0.889903
vt 0.813834 0.889942
vt 0.815510 0.918284
vt 0.815386 0.918178
vt 0.815464 0.918138
vt 0.815510 0.923539
vt 0.818566 0.889973
vt 0.819622 0.889923
vt 0.812893 0.889923
vt 0.813950 0.889974
vt 0.817321 0.918000
vt 0.805028 0.948942
vt 0.804699 0.948943
vt 0.804696 0.890195
vt 0.801100 0.948945
vt 0.800747 0.948943
vt 0.800744 0.890195
vt 0.808510 0.948657
vt 0.808510 0.889910
vt 0.800427 0.890196
vt 0.800430 0.948942
vt 0.792076 0.948915
vt 0.791733 0.948916
vt 0.791733 0.890168
vt 0.792076 0.890168
vt 0.805615 0.890184
vt 0.805615 0.948932
vt 0.805313 0.890185
vt 0.805313 0.948931
vt 0.791429 0.948915
vt 0.791430 0.890168
vt 0.820048 0.913271
vt 0.820569 0.913354
vt 0.822837 0.907923
vt 0.819529 0.915265
vt 0.820048 0.915347
vt 0.819528 0.913354
vt 0.819080 0.913572
vt 0.818784 0.913913
vt 0.821017 0.913572
vt 0.820928 0.913725
vt 0.820521 0.913528
vt 0.820048 0.913455
vt 0.819575 0.913528
vt 0.819169 0.913725
vt 0.818897 0.914034
vt 0.811727 0.924137
vt 0.811864 0.924181
vt 0.811856 0.924669
vt 0.811717 0.924672
vt 0.811738 0.925196
vt 0.811864 0.925152
vt 0.826177 0.920542
vt 0.826058 0.920441
vt 0.826322 0.920169
vt 0.826480 0.920259
vt 0.826663 0.919809
vt 0.826490 0.919763
vt 0.826553 0.919290
vt 0.826735 0.919290
vt 0.826666 0.918769
vt 0.826490 0.918817
vt 0.826322 0.918411
vt 0.826480 0.918321
vt 0.826188 0.918026
vt 0.826058 0.918139
vt 0.817230 0.923666
vt 0.817093 0.923616
vt 0.817102 0.923133
vt 0.817239 0.923136
vt 0.817231 0.922601
vt 0.817095 0.922645
vt 0.821312 0.913913
vt 0.821199 0.914034
vt 0.818797 0.914711
vt 0.826202 0.920596
vt 0.826517 0.892055
vt 0.826358 0.891649
vt 0.827602 0.891653
vt 0.827758 0.892057
vt 0.827816 0.892528
vt 0.826574 0.892528
vt 0.826518 0.893002
vt 0.827758 0.893000
vt 0.827602 0.893404
vt 0.826359 0.893408
vt 0.811882 0.923761
vt 0.813428 0.923768
vt 0.813408 0.924186
vt 0.813401 0.924672
vt 0.813408 0.925152
vt 0.813428 0.925556
vt 0.811882 0.925556
vt 0.825126 0.920165
vt 0.825295 0.919761
vt 0.825356 0.919290
vt 0.825295 0.918819
vt 0.825126 0.918414
vt 0.817077 0.924021
vt 0.815530 0.924017
vt 0.815549 0.923614
vt 0.815555 0.923133
vt 0.815550 0.922647
vt 0.815533 0.922229
vt 0.817079 0.922225
vt 0.816002 0.919744
vt 0.816047 0.919755
vt 0.815849 0.920159
vt 0.815809 0.920139
vt 0.825306 0.900959
vt 0.825471 0.900564
vt 0.825529 0.900586
vt 0.825369 0.900971
vt 0.825310 0.901419
vt 0.825247 0.901419
vt 0.816072 0.919284
vt 0.816119 0.919284
vt 0.816002 0.918824
vt 0.816047 0.918813
vt 0.825306 0.901879
vt 0.825369 0.901868
vt 0.825529 0.902252
vt 0.825471 0.902274
vt 0.815809 0.918429
vt 0.815849 0.918408
vt 0.815510 0.918165
vt 0.815543 0.918138
vt 0.817285 0.924557
vt 0.817302 0.924163
vt 0.817360 0.924185
vt 0.817345 0.924569
vt 0.817335 0.925027
vt 0.817278 0.925026
vt 0.813447 0.924196
vt 0.813440 0.924671
vt 0.813447 0.925141
vt 0.817283 0.925501
vt 0.817343 0.925490
vt 0.817356 0.925888
vt 0.817300 0.925909
vt 0.824829 0.920409
vt 0.825085 0.920145
vt 0.824865 0.920436
vt 0.825249 0.919750
vt 0.817208 0.919453
vt 0.817015 0.919848
vt 0.816962 0.919827
vt 0.817149 0.919441
vt 0.817219 0.918993
vt 0.817278 0.918993
vt 0.825309 0.919290
vt 0.825249 0.918830
vt 0.817208 0.918533
vt 0.817149 0.918544
vt 0.816961 0.918159
vt 0.817015 0.918138
vt 0.825085 0.918435
vt 0.824829 0.918171
vt 0.824865 0.918144
vt 0.821719 0.925501
vt 0.821701 0.925909
vt 0.821643 0.925888
vt 0.821658 0.925489
vt 0.821669 0.925026
vt 0.821726 0.925026
vt 0.815510 0.923602
vt 0.815517 0.923132
vt 0.815511 0.922657
vt 0.821719 0.924556
vt 0.821659 0.924569
vt 0.821643 0.924185
vt 0.821701 0.924163
vt 0.815510 0.920403
vt 0.815543 0.920430
vt 0.818863 0.925027
vt 0.818863 0.925489
vt 0.818884 0.925886
vt 0.827640 0.898136
vt 0.827791 0.898521
vt 0.826562 0.898518
vt 0.826417 0.898134
vt 0.826358 0.897687
vt 0.827587 0.897687
vt 0.827639 0.897238
vt 0.826417 0.897240
vt 0.827790 0.896854
vt 0.820142 0.925024
vt 0.826545 0.900972
vt 0.826712 0.900589
vt 0.826494 0.901419
vt 0.826545 0.901866
vt 0.826712 0.902249
vt 0.818866 0.924571
vt 0.818891 0.924188
vt 0.826559 0.896857
vt 0.820113 0.925882
vt 0.820134 0.925485
vt 0.820139 0.924567
vt 0.820113 0.924185
vt 0.826658 0.900989
vt 0.826812 0.900620
vt 0.826881 0.900682
vt 0.826767 0.901039
vt 0.826687 0.901419
vt 0.826602 0.901419
vt 0.826658 0.901850
vt 0.826739 0.901816
vt 0.826904 0.902134
vt 0.826812 0.902219
vt 0.818980 0.924589
vt 0.818997 0.924220
vt 0.827052 0.902466
vt 0.827102 0.902385
vt 0.827362 0.902471
vt 0.827333 0.902559
vt 0.818974 0.925028
vt 0.818979 0.925473
vt 0.823461 0.925710
vt 0.823128 0.925627
vt 0.823151 0.925538
vt 0.823460 0.925570
vt 0.823796 0.925546
vt 0.823827 0.925635
vt 0.818994 0.925854
vt 0.824167 0.925405
vt 0.824251 0.925472
vt 0.823895 0.925710
vt 0.824086 0.925308
vt 0.824360 0.925019
vt 0.824438 0.925064
vt 0.824530 0.925116
vt 0.824595 0.924658
vt 0.824696 0.924696
vt 0.824470 0.924644
vt 0.824530 0.924266
vt 0.824623 0.924248
vt 0.824718 0.924267
vt 0.820024 0.925469
vt 0.820007 0.925851
vt 0.824502 0.923894
vt 0.824389 0.923963
vt 0.824197 0.923713
vt 0.824262 0.923649
vt 0.820031 0.925025
vt 0.820024 0.924585
vt 0.827052 0.900372
vt 0.827333 0.900279
vt 0.827362 0.900367
vt 0.827120 0.900489
vt 0.820007 0.924217
vt 0.823244 0.923941
vt 0.823876 0.923669
vt 0.822838 0.924970
vt 0.823551 0.923705
vt 0.822843 0.924607
vt 0.822988 0.924232
vt 0.822929 0.925312
vt 0.800427 0.948627
vt 0.799748 0.948627
vt 0.799248 0.948627
vt 0.798719 0.948627
vt 0.798001 0.948628
vt 0.817279 0.918106
vt 0.813689 0.923761
vt 0.815464 0.923698
vt 0.811717 0.918174
vt 0.812441 0.918174
vt 0.813139 0.918174
vt 0.249211 0.685146
vt 0.250872 0.740605
vt 0.761357 0.674198
vt 0.689638 0.669533
vt 0.763025 0.608428
vt 0.689544 0.669518
vt 0.760760 0.594996
vt 0.762999 0.663597
vt 0.251197 0.734595
vt 0.762413 0.565442
vt 0.595616 0.815490
vt 0.760836 0.565242
vt 0.007322 0.820929
vt 0.759344 0.671582
vt 0.743510 0.677427
vt 0.674789 0.673754
vt 0.219563 0.685343
vt 0.689502 0.669533
s 1
f 592/1/1 608/2/2 606/3/3
f 186/4/4 185/5/5 194/6/6
f 1323/7/7 1282/8/8 1324/9/9
f 1297/10/10 1242/11/11 1298/12/12
f 993/13/13 1047/14/14 1049/15/15
f 1212/16/16 1287/17/17 1213/18/18
f 387/19/19 390/20/20 391/21/21
f 570/22/22 567/23/23 571/24/24
f 812/25/25 817/26/26 813/27/27
f 1050/28/28 1038/29/29 1037/30/30
f 527/31/31 510/32/32 528/33/33
f 89/34/34 8/35/35 92/36/36
f 237/37/37 163/38/38 236/39/39
f 494/40/40 493/41/41 495/42/42
f 694/43/43 940/44/44 939/45/45
f 820/46/46 806/47/47 821/48/48
f 977/49/49 986/50/50 990/51/51
f 255/52/52 270/53/53 252/54/54
f 330/55/55 310/56/56 326/57/57
f 367/58/58 362/59/59 363/60/60
f 1313/61/61 1196/62/62 1314/63/63
f 1295/64/64 1207/65/65 1296/66/66
f 1046/67/67 1049/15/15 1047/14/14
f 594/68/68 609/69/69 613/70/70
f 1007/71/71 826/72/72 1000/73/73
f 961/74/74 941/75/75 940/44/44
f 625/76/76 628/77/77 396/78/78
f 971/79/79 815/80/80 816/81/81
f 789/82/82 776/83/83 781/84/84
f 202/85/85 239/86/86 242/87/87
f 144/88/88 145/89/89 143/90/90
f 653/91/91 672/92/92 671/93/93
f 473/94/94 510/95/32 511/96/95
f 898/97/96 958/98/97 701/99/98
f 48/100/99 121/101/100 109/102/101
f 901/103/102 480/104/103 906/105/104
f 713/106/105 730/107/106 729/108/107
f 457/109/108 459/110/109 460/111/110
f 171/112/111 166/113/112 172/114/113
f 38/115/114 39/116/115 40/117/116
f 176/118/117 175/119/118 182/120/119
f 43/121/120 44/122/121 41/123/122
f 46/124/123 45/125/124 37/126/125
f 42/127/126 47/128/127 48/100/99
f 50/129/128 51/130/129 52/131/130
f 1301/132/131 1260/133/132 1302/134/133
f 334/135/134 326/57/57 323/136/135
f 55/137/136 56/138/137 53/139/138
f 58/140/139 57/141/140 49/142/141
f 54/143/142 59/144/143 60/145/144
f 53/139/138 56/138/137 66/146/145
f 66/146/145 65/147/146 53/139/138
f 67/148/147 68/149/148 51/130/129
f 51/130/129 50/129/128 67/148/147
f 1321/150/149 1273/151/150 1278/152/151
f 1133/153/152 1323/154/7 1324/155/9
f 201/156/153 195/157/154 202/85/85
f 194/6/6 204/158/155 203/159/156
f 181/160/157 207/161/158 182/120/119
f 543/162/159 544/163/160 542/164/161
f 346/165/162 381/166/163 351/167/164
f 84/168/165 1/169/166 80/170/167
f 395/171/168 623/172/169 283/173/170
f 828/174/171 801/175/172 830/176/173
f 246/177/174 219/178/175 215/179/176
f 146/180/177 218/181/178 220/182/179
f 550/183/180 551/184/181 549/185/31
f 430/186/182 381/166/163 382/187/183
f 847/188/184 792/189/185 845/190/186
f 239/191/86 171/112/111 242/192/87
f 154/193/187 221/194/188 149/195/189
f 972/196/190 835/197/191 853/198/192
f 103/199/193 3/200/194 84/201/165
f 106/202/195 17/203/196 20/204/197
f 160/205/198 231/206/199 156/207/200
f 296/208/201 295/209/202 294/210/203
f 235/211/204 165/212/205 234/213/206
f 816/81/81 833/214/207 973/215/208
f 36/216/209 109/217/101 121/218/100
f 284/219/210 273/220/211 625/76/76
f 667/221/212 640/222/213 657/223/214
f 108/224/215 35/225/216 122/226/217
f 174/227/218 233/228/219 160/205/198
f 107/229/220 44/122/121 43/121/120
f 79/230/221 37/126/125 80/231/167
f 770/232/222 769/233/223 772/234/224
f 176/118/117 232/235/225 230/236/226
f 80/231/167 45/125/124 84/237/165
f 183/238/227 244/239/228 206/240/229
f 185/5/5 216/241/230 215/242/176
f 187/243/231 235/244/204 234/245/206
f 355/246/232 353/247/233 354/248/234
f 193/249/235 215/242/176 219/250/175
f 379/251/236 357/252/237 374/253/238
f 918/254/239 691/255/240 575/256/241
f 1118/257/242 1076/258/243 1210/259/244
f 1043/260/245 1041/261/246 1042/262/247
f 846/263/248 832/264/249 834/265/250
f 173/266/251 232/267/225 245/268/252
f 383/269/253 356/270/254 355/246/232
f 1122/271/255 1078/272/256 1221/273/257
f 88/274/258 57/141/140 91/275/259
f 502/276/260 464/277/261 503/278/262
f 153/279/263 151/280/264 152/281/265
f 208/282/266 213/283/267 227/284/268
f 47/128/127 82/285/269 85/286/270
f 109/102/101 43/121/120 48/100/99
f 515/287/271 437/288/272 546/289/273
f 460/111/110 495/290/42 493/291/41
f 1248/292/274 1300/293/275 1251/294/276
f 152/281/265 246/177/174 153/279/263
f 14/295/277 10/296/278 15/297/279
f 133/298/280 223/299/281 93/300/282
f 667/301/212 678/302/283 668/303/284
f 778/304/285 769/233/223 767/305/286
f 170/306/287 245/268/252 241/307/288
f 7/308/289 6/309/290 5/310/291
f 168/311/292 172/312/113 243/313/293
f 587/314/294 592/1/1 433/315/295
f 176/118/117 177/316/296 178/317/297
f 43/121/120 42/127/126 48/100/99
f 125/318/298 135/319/299 179/320/300
f 40/117/116 37/126/125 38/115/114
f 175/119/118 181/160/157 182/120/119
f 183/238/227 184/321/301 180/322/302
f 186/4/4 187/243/231 188/323/303
f 52/131/130 49/142/141 50/129/128
f 189/324/304 190/325/305 191/326/306
f 55/137/136 54/143/142 60/145/144
f 185/5/5 193/249/235 194/6/6
f 195/157/154 196/327/307 192/328/308
f 198/329/309 190/325/305 189/324/304
f 189/324/304 197/330/310 198/329/309
f 187/243/231 199/331/311 200/332/312
f 200/332/312 188/323/303 187/243/231
f 70/333/313 61/334/314 64/335/315
f 1323/336/7 1279/337/316 1283/338/317
f 60/145/144 69/339/318 70/333/313
f 76/340/319 65/147/146 66/146/145
f 502/341/260 500/342/40 501/343/320
f 47/128/127 76/340/319 48/100/99
f 78/344/321 45/125/124 46/124/123
f 538/345/322 453/346/323 452/347/324
f 708/348/325 823/349/326 369/350/327
f 798/351/328 831/352/329 832/264/249
f 141/353/330 213/354/267 209/355/331
f 91/356/259 86/357/332 88/358/258
f 336/359/333 328/360/334 329/361/335
f 63/362/336 242/87/87 137/363/337
f 677/364/338 675/365/339 674/366/340
f 122/226/217 30/367/341 117/368/342
f 670/369/343 638/370/344 664/371/345
f 1278/372/151 1276/373/346 1277/374/347
f 391/21/21 425/375/348 417/376/349
f 380/377/350 299/378/351 377/379/352
f 16/380/353 102/381/354 85/382/270
f 159/383/355 229/384/356 230/385/226
f 374/386/238 378/387/357 379/388/236
f 21/389/358 107/390/220 109/217/101
f 112/391/359 26/392/360 25/393/361
f 217/394/362 192/328/308 218/395/178
f 113/396/363 28/397/364 26/398/360
f 744/399/365 837/400/366 836/401/367
f 395/171/168 291/402/368 393/403/369
f 152/281/265 225/404/370 219/178/175
f 849/405/371 735/406/372 848/407/373
f 93/300/282 224/408/374 94/409/375
f 169/410/376 244/411/228 174/227/218
f 637/412/377 668/413/284 669/414/378
f 811/415/379 802/416/380 683/417/381
f 126/418/382 180/322/302 211/419/383
f 304/420/384 308/421/385 309/422/386
f 811/415/379 831/423/329 682/424/387
f 184/321/301 211/419/383 180/322/302
f 233/425/219 179/320/300 231/426/199
f 813/27/27 834/427/250 832/428/249
f 182/120/119 245/429/252 232/235/225
f 114/430/388 23/431/389 27/432/390
f 397/433/391 286/434/392 287/435/393
f 403/436/394 338/437/395 402/438/396
f 110/439/397 58/140/139 52/131/130
f 92/440/36 54/143/142 89/441/34
f 95/442/398 69/339/318 99/443/399
f 146/180/177 247/444/400 147/445/401
f 828/446/171 804/447/402 829/448/403
f 115/449/404 55/137/136 60/145/144
f 357/252/237 372/450/405 374/253/238
f 114/451/388 73/452/406 58/140/139
f 721/453/407 717/454/408 720/455/409
f 817/26/26 835/197/191 834/427/250
f 117/456/342 78/344/321 122/457/217
f 319/458/410 318/459/411 314/460/412
f 387/461/19 361/462/413 385/463/414
f 122/457/217 46/124/123 108/464/215
f 862/465/415 783/466/416 347/467/417
f 393/403/369 290/468/418 394/469/419
f 142/470/420 154/193/187 228/471/421
f 677/472/338 621/473/422 678/474/283
f 753/475/423 1000/476/73 826/477/72
f 8/35/35 131/478/424 98/479/425
f 110/480/397 24/481/426 23/482/389
f 995/483/427 838/484/428 839/485/429
f 722/486/430 719/487/431 718/488/432
f 206/240/229 240/489/433 198/329/309
f 724/490/434 718/488/432 721/453/407
f 274/491/435 273/220/211 284/219/210
f 728/492/436 994/493/437 727/494/438
f 263/495/439 275/496/440 274/491/435
f 724/497/434 734/498/441 722/499/430
f 709/500/442 825/501/443 819/502/444
f 268/503/445 267/504/446 266/505/447
f 1309/506/448 1186/507/449 1310/508/450
f 1246/509/451 1249/510/452 1250/511/453
f 113/512/363 56/138/137 55/137/136
f 264/513/454 266/505/447 260/514/455
f 1097/515/456 1095/516/457 1096/517/458
f 312/518/459 316/519/460 317/520/461
f 715/521/462 737/522/463 714/523/464
f 483/524/465 445/525/466 485/526/467
f 980/527/468 987/528/469 977/49/49
f 256/529/470 251/530/471 257/531/472
f 719/487/431 712/532/473 710/533/474
f 76/340/319 116/534/475 121/101/100
f 747/535/476 745/536/477 746/537/478
f 750/538/479 746/537/478 749/539/480
f 902/540/481 948/541/482 899/542/483
f 235/244/204 194/6/6 238/543/484
f 881/544/485 935/545/486 878/546/487
f 416/547/488 316/548/460 328/360/334
f 236/549/39 190/325/305 237/550/37
f 428/551/489 760/552/490 756/553/491
f 1254/554/492 1253/555/493 1159/556/494
f 867/557/495 763/558/496 764/559/497
f 784/560/498 767/561/286 763/558/496
f 383/562/253 351/167/164 381/166/163
f 411/563/499 424/564/500 427/565/501
f 681/566/502 765/567/503 770/568/222
f 391/569/21 363/60/60 387/461/19
f 775/570/504 776/83/83 777/571/505
f 780/572/506 778/304/285 779/573/507
f 779/573/507 767/305/286 768/574/508
f 787/575/509 772/234/224 778/304/285
f 75/576/510 85/286/270 102/577/354
f 388/578/511 358/579/512 365/580/513
f 781/84/84 762/581/514 760/582/490
f 624/583/515 275/584/440 269/585/516
f 1108/586/517 1183/587/518 1095/516/457
f 970/588/519 799/589/520 800/590/521
f 800/590/521 801/175/172 796/591/522
f 1033/592/523 1002/593/524 1032/594/525
f 657/595/214 629/596/526 656/597/527
f 683/417/381 810/598/528 811/415/379
f 359/599/529 361/462/413 363/60/60
f 363/60/60 362/59/59 359/599/529
f 837/400/366 739/600/530 836/401/367
f 814/601/531 807/602/532 815/80/80
f 255/603/52 277/604/533 272/605/534
f 100/606/535 11/607/536 12/608/537
f 959/609/538 888/610/539 960/611/540
f 751/612/541 824/613/542 823/349/326
f 752/614/543 822/615/544 825/501/443
f 400/616/545 399/617/546 332/618/547
f 645/619/548 674/620/340 675/621/339
f 90/622/549 6/309/290 89/34/34
f 449/623/550 950/624/551 951/625/552
f 402/438/396 399/617/546 401/626/553
f 130/627/554 98/479/425 131/478/424
f 118/628/555 64/335/315 119/629/556
f 201/156/153 94/630/375 224/631/374
f 814/601/531 819/632/444 825/633/443
f 808/634/557 821/48/48 806/47/47
f 104/635/558 39/116/115 105/636/559
f 83/637/560 42/127/126 41/123/122
f 810/598/528 832/428/249 831/423/329
f 377/638/352 366/639/561 380/640/350
f 243/641/293 134/642/562 168/643/292
f 808/634/557 825/633/443 822/644/544
f 782/645/563 760/582/490 761/646/564
f 998/647/565 1006/648/566 995/483/427
f 84/237/165 77/649/567 103/650/193
f 818/651/568 824/652/542 826/72/72
f 365/580/513 627/653/569 426/654/570
f 732/655/571 741/656/572 731/657/573
f 839/485/429 998/647/565 995/483/427
f 901/103/102 905/658/574 868/659/575
f 1027/660/576 1039/661/577 1028/662/578
f 398/663/579 343/664/580 401/626/553
f 301/665/581 411/563/499 419/666/582
f 844/667/583 842/668/584 843/669/585
f 841/670/586 845/190/186 842/671/584
f 786/672/587 974/673/588 847/188/184
f 788/674/589 847/188/184 845/190/186
f 666/675/590 636/676/591 641/677/592
f 500/342/40 499/678/593 501/343/320
f 791/679/594 847/188/184 974/673/588
f 1080/680/595 1176/681/596 1081/682/597
f 793/683/598 843/669/585 842/668/584
f 412/684/599 413/685/600 587/314/294
f 243/686/293 166/113/112 238/687/484
f 439/688/601 415/689/602 440/690/603
f 862/465/415 789/82/82 783/466/416
f 686/691/604 794/692/605 827/693/606
f 119/694/556 31/695/607 118/696/555
f 827/697/606 796/591/522 801/175/172
f 749/539/480 752/614/543 750/538/479
f 975/698/608 988/699/609 976/700/610
f 415/689/602 412/684/599 414/701/611
f 361/462/413 360/702/612 429/703/613
f 1187/704/614 1150/705/615 1184/706/616
f 13/707/617 128/708/618 86/357/332
f 757/709/619 866/710/620 851/711/621
f 1003/712/622 1027/660/576 1004/713/623
f 273/714/211 655/715/624 621/473/422
f 27/432/390 31/695/607 34/716/625
f 171/717/111 137/718/337 242/719/87
f 675/365/339 651/720/626 676/721/627
f 1013/722/628 1028/723/578 1039/724/577
f 1187/725/614 1185/726/629 1186/507/449
f 372/727/405 292/728/630 295/209/202
f 320/729/631 314/460/412 315/730/632
f 418/731/633 409/732/634 336/359/333
f 821/733/48 745/536/477 820/734/46
f 644/735/635 671/736/93 672/737/92
f 711/738/636 279/739/637 710/533/474
f 1061/740/638 1147/741/639 1148/742/640
f 1160/743/641 1173/744/642 1092/745/643
f 628/746/77 653/747/91 634/748/644
f 294/210/203 292/728/630 293/749/645
f 755/750/646 850/751/647 856/752/648
f 173/266/251 169/410/376 174/227/218
f 1044/753/649 1041/754/246 1043/755/245
f 995/483/427 997/756/650 993/757/13
f 654/758/651 628/746/77 652/759/652
f 155/760/653 226/761/654 154/193/187
f 1008/762/655 1014/763/656 1043/260/245
f 1299/764/657 1250/765/453 1251/766/276
f 583/767/658 603/768/659 604/769/660
f 621/473/422 668/770/284 678/474/283
f 17/203/196 22/771/661 18/772/662
f 886/773/663 888/774/539 889/775/664
f 465/776/665 467/777/666 468/778/667
f 325/779/668 323/136/135 324/780/669
f 268/503/445 284/219/210 407/781/670
f 955/782/671 700/783/672 954/784/673
f 87/785/674 49/142/141 88/274/258
f 236/39/39 167/786/675 239/191/86
f 1023/787/676 1049/15/15 1050/28/28
f 88/358/258 9/788/677 87/789/674
f 163/38/38 166/113/112 167/786/675
f 882/790/678 884/791/679 885/792/680
f 400/616/545 843/669/585 398/663/579
f 463/793/681 959/609/538 960/611/540
f 885/794/680 954/784/673 957/795/682
f 764/559/497 765/796/503 766/797/683
f 452/347/324 515/798/271 546/799/273
f 409/732/634 416/547/488 336/359/333
f 97/800/684 132/801/685 103/199/193
f 299/378/351 406/802/686 408/803/687
f 428/551/489 309/804/386 761/805/564
f 127/806/688 85/807/270 82/808/269
f 589/809/689 413/685/600 441/810/690
f 431/811/691 305/812/692 432/813/693
f 520/814/94 415/689/602 439/688/601
f 548/815/694 700/783/672 955/782/671
f 435/816/695 415/689/602 478/817/696
f 1052/818/697 1137/819/698 1053/820/699
f 624/583/515 271/821/700 406/802/686
f 901/103/102 906/105/104 873/822/701
f 488/823/702 420/824/703 487/825/704
f 916/826/705 422/827/706 915/828/707
f 909/829/708 907/830/709 908/831/710
f 921/832/711 576/833/712 920/834/713
f 197/330/310 206/240/229 198/329/309
f 929/835/714 860/836/715 928/837/707
f 921/838/711 693/839/716 577/840/717
f 617/841/718 989/842/719 618/843/720
f 546/289/273 476/844/696 539/845/721
f 476/844/696 540/846/722 539/845/721
f 433/315/295 606/3/3 607/847/723
f 264/513/454 274/491/435 268/503/445
f 896/848/574 940/849/44 904/850/724
f 561/851/725 440/690/603 555/852/726
f 520/814/94 523/853/727 521/854/728
f 461/855/22 555/856/726 556/857/729
f 488/858/702 453/346/323 541/859/730
f 692/860/43 937/861/731 936/862/732
f 991/863/733 618/864/720 989/865/719
f 909/866/708 687/867/734 910/868/735
f 549/185/31 517/869/3 550/183/180
f 984/870/736 979/871/737 985/872/738
f 562/873/739 524/874/740 563/875/33
f 489/876/741 544/163/160 545/877/742
f 889/878/664 958/879/97 962/880/743
f 523/881/727 558/882/744 521/883/728
f 515/884/271 543/162/159 513/885/745
f 830/886/173 805/887/746 828/446/171
f 448/888/747 949/889/748 950/624/551
f 533/890/749 531/891/750 532/892/751
f 496/893/752 494/40/40 495/42/42
f 542/164/161 513/885/745 543/162/159
f 147/445/401 143/90/90 146/180/177
f 926/894/753 859/895/754 925/896/755
f 568/897/756 566/898/757 567/23/23
f 519/899/758 550/183/180 517/869/3
f 506/900/759 471/901/760 569/902/761
f 535/903/762 532/892/751 536/904/763
f 485/526/467 537/905/764 486/906/765
f 959/609/538 701/907/98 958/879/97
f 498/908/766 468/909/667 499/910/593
f 557/911/161 521/883/728 558/882/744
f 1040/912/767 1021/913/768 1026/914/769
f 436/915/770 515/287/271 513/916/745
f 434/917/771 512/918/772 510/95/32
f 935/919/486 905/658/574 934/920/773
f 987/921/469 591/922/774 986/923/50
f 872/924/775 967/925/776 966/926/777
f 477/927/696 555/852/726 440/690/603
f 865/928/778 957/929/682 954/930/673
f 548/931/694 547/932/779 432/813/693
f 859/895/754 928/837/707 860/836/715
f 478/817/696 415/689/602 520/814/94
f 1306/933/780 1086/934/781 1128/935/782
f 907/830/709 913/936/783 908/831/710
f 1089/937/784 1179/938/785 1180/939/786
f 533/890/749 537/905/764 534/940/787
f 851/711/621 898/97/96 903/941/788
f 563/875/33 564/942/789 562/873/739
f 991/863/733 979/871/737 984/870/736
f 568/897/756 471/901/760 470/943/790
f 140/944/791 209/355/331 210/945/792
f 538/345/322 450/946/793 541/859/730
f 890/947/487 892/948/794 893/949/795
f 528/33/33 529/950/796 527/31/31
f 528/33/33 446/951/797 530/952/798
f 554/953/799 464/277/261 502/276/260
f 889/775/664 941/75/75 886/773/663
f 612/954/800 616/955/801 615/956/31
f 568/897/756 572/957/802 569/902/761
f 612/954/800 596/958/803 602/959/804
f 613/70/70 595/960/805 594/68/68
f 543/162/159 454/961/806 545/877/742
f 472/962/807 505/963/704 509/964/808
f 990/51/51 704/965/809 992/966/810
f 978/967/811 990/51/51 992/966/810
f 80/170/167 2/968/812 79/969/221
f 191/326/306 192/328/308 189/324/304
f 26/398/360 27/432/390 23/431/389
f 531/970/750 478/817/696 532/971/751
f 380/640/350 352/972/813 392/973/814
f 414/701/611 412/684/599 305/812/692
f 643/974/815 641/677/592 642/975/816
f 1303/976/817 1233/977/818 1304/978/819
f 105/979/559 18/772/662 104/980/558
f 895/981/820 965/982/821 926/983/753
f 809/984/822 369/985/327 823/986/326
f 197/330/310 226/987/654 205/988/823
f 871/989/824 958/98/97 898/97/96
f 438/990/825 519/991/758 517/992/3
f 480/104/103 524/993/740 525/994/826
f 526/995/827 563/875/33 524/874/740
f 967/996/776 965/982/821 966/997/777
f 192/328/308 220/998/179 218/395/178
f 492/999/828 460/1000/110 493/1001/41
f 980/1002/468 989/865/719 988/1003/609
f 447/1004/762 539/1005/721 540/1006/722
f 492/999/828 551/184/181 552/1007/829
f 1320/1008/830 1306/933/780 1128/935/782
f 484/1009/40 483/1010/465 485/1011/467
f 603/1012/659 595/960/805 604/1013/660
f 883/1014/831 956/1015/832 918/1016/239
f 978/967/811 985/1017/738 979/1018/737
f 956/1015/832 691/1019/240 918/1016/239
f 599/1020/833 991/863/733 984/870/736
f 550/183/180 460/1000/110 552/1007/829
f 848/407/373 727/494/438 740/1021/834
f 437/288/272 415/689/602 476/844/696
f 775/570/504 798/351/328 846/263/248
f 593/1022/835 595/960/805 596/1023/803
f 401/626/553 400/616/545 398/663/579
f 901/103/102 897/1024/836 902/540/481
f 945/1025/837 687/1026/734 909/1027/708
f 960/611/540 888/610/539 924/1028/838
f 877/1029/839 875/1030/840 876/1031/841
f 100/606/535 13/707/617 91/356/259
f 867/557/495 591/922/774 975/698/608
f 783/466/416 340/1032/842 347/467/417
f 1313/1033/61 1194/1034/843 1197/1035/844
f 561/1036/725 465/776/665 523/1037/727
f 1040/912/767 1001/1038/845 1025/1039/846
f 324/780/669 306/1040/847 307/1041/848
f 1219/1042/849 1289/1043/850 1112/1044/851
f 783/466/416 864/1045/852 340/1032/842
f 807/602/532 806/47/47 805/887/746
f 1031/1046/853 1003/712/622 1030/1047/854
f 670/1048/343 630/1049/855 659/1050/856
f 1009/1051/857 1035/1052/858 1039/661/577
f 666/675/590 664/1053/345 635/1054/859
f 1013/1055/628 1039/661/577 1035/1052/858
f 1028/723/578 1012/1056/860 1029/1057/861
f 604/1013/660 595/960/805 614/1058/862
f 238/687/484 162/1059/863 235/211/204
f 101/1060/864 72/1061/865 71/1062/866
f 929/1063/714 703/1064/867 702/1065/868
f 960/1066/540 922/1067/869 923/1068/870
f 1018/1069/871 1047/1070/14 1048/1071/872
f 1033/1072/523 1017/1073/873 1034/1074/874
f 1031/1075/853 1016/1076/875 1044/1077/649
f 984/1078/736 584/1079/876 983/1080/877
f 1036/1081/878 996/1082/501 1037/1083/30
f 1211/1084/879 1210/259/244 1076/258/243
f 653/91/91 671/93/93 641/677/592
f 641/677/592 636/676/591 653/91/91
f 1045/1085/880 706/1086/881 1042/262/247
f 587/314/294 312/518/459 412/684/599
f 1142/1087/882 1197/1088/844 1219/1089/849
f 99/1090/399 130/627/554 95/1091/398
f 648/1092/883 650/1093/884 651/720/626
f 789/82/82 798/351/328 777/571/505
f 1017/1073/873 1046/1094/67 1018/1069/871
f 969/1095/885 855/1096/886 840/1097/887
f 1021/913/768 1038/29/29 1022/1098/888
f 650/1093/884 667/301/212 657/1099/214
f 888/774/539 920/1100/713 924/1101/838
f 1024/1102/889 1009/1051/857 1005/1103/890
f 104/980/558 22/771/661 108/224/215
f 439/688/601 561/851/725 523/853/727
f 844/667/583 400/616/545 785/1104/891
f 454/1105/806 452/347/324 453/346/323
f 1005/1103/890 996/1082/501 1024/1102/889
f 92/36/36 98/479/425 99/1090/399
f 252/1106/54 251/530/471 250/1107/892
f 254/1108/893 249/1109/894 253/1110/895
f 255/52/52 250/1111/892 254/1112/893
f 258/1113/896 256/529/470 257/531/472
f 120/1114/897 74/1115/898 73/452/406
f 263/1116/439 257/531/472 262/1117/899
f 995/483/427 848/407/373 838/484/428
f 728/492/436 735/406/372 734/498/441
f 805/887/746 803/1118/900 804/447/402
f 944/1119/901 906/105/104 943/1120/902
f 270/53/53 624/583/515 269/585/516
f 272/1121/534 271/821/700 270/53/53
f 252/54/54 269/585/516 285/1122/903
f 1317/1123/904 1262/1124/905 1267/1125/906
f 721/1126/407 726/1127/907 725/1128/908
f 724/497/434 725/1128/908 728/492/436
f 277/604/533 276/1129/909 289/1130/910
f 254/1108/893 278/1131/911 277/604/533
f 272/605/534 289/1130/910 408/1132/687
f 16/380/353 132/801/685 14/295/277
f 1180/939/786 1256/1133/912 1324/9/9
f 332/618/547 322/1134/913 319/458/410
f 1104/1135/914 1066/1136/915 1114/1137/916
f 438/990/825 414/701/611 431/811/691
f 260/1138/455 259/1139/917 258/1113/896
f 1239/1140/918 1238/1141/919 1175/1142/920
f 161/1143/921 230/385/226 232/267/225
f 999/1144/922 753/475/423 1006/648/566
f 424/564/500 411/563/499 301/665/581
f 305/812/692 303/1145/923 304/1146/384
f 412/684/599 306/1147/847 303/1145/923
f 303/1148/923 310/56/56 308/421/385
f 407/781/670 625/76/76 283/173/170
f 311/1149/924 318/1150/411 316/519/460
f 321/1151/925 319/458/410 320/729/631
f 205/988/823 214/1152/926 184/321/301
f 184/321/301 206/240/229 205/988/823
f 350/1153/927 351/167/164 348/1154/928
f 323/136/135 310/56/56 306/1040/847
f 785/1104/891 770/568/222 771/1155/929
f 714/523/464 736/1156/930 281/1157/931
f 771/1158/929 772/234/224 773/1159/932
f 328/1160/334 318/459/411 322/1134/913
f 340/1161/842 330/55/55 331/1162/933
f 833/214/207 807/602/532 830/886/173
f 331/1162/933 326/57/57 327/1163/934
f 884/791/679 917/1164/935 919/1165/936
f 337/1166/937 404/1167/938 336/359/333
f 231/426/199 135/319/299 139/1168/939
f 1247/1169/940 1131/1170/941 1322/1171/942
f 142/470/420 227/1172/268 213/354/267
f 305/812/692 428/551/489 863/1173/943
f 260/514/455 265/1174/944 261/1175/945
f 756/1176/491 762/581/514 758/1177/946
f 813/27/27 810/598/528 809/984/822
f 809/984/822 812/25/25 813/27/27
f 368/1178/947 366/639/561 367/58/58
f 496/1179/752 458/1180/948 547/1181/779
f 81/1182/949 82/808/269 83/1183/560
f 385/1184/414 335/1185/950 387/19/19
f 379/388/236 626/1186/951 371/1187/952
f 223/299/281 220/182/179 224/408/374
f 558/882/744 559/1188/953 557/911/161
f 377/1189/352 375/1190/954 376/1191/955
f 388/1192/511 349/1193/956 348/1194/928
f 384/1195/957 348/1154/928 351/167/164
f 14/295/277 96/1196/958 102/381/354
f 754/1197/959 826/1198/72 824/613/542
f 373/1199/960 354/248/234 353/247/233
f 1237/1200/961 1240/1201/962 1241/1202/963
f 57/141/140 100/1203/535 91/275/259
f 715/521/462 711/1204/636 713/106/105
f 812/25/25 823/986/326 824/652/542
f 371/1205/952 364/1206/964 379/251/236
f 388/578/511 426/654/570 389/1207/965
f 200/332/312 227/284/268 222/1208/966
f 65/147/146 102/577/354 96/1209/958
f 181/160/157 209/1210/331 213/283/267
f 376/1211/955 362/59/59 377/638/352
f 282/1212/967 393/403/369 394/469/419
f 370/1213/968 359/599/529 376/1211/955
f 1121/1214/969 1259/1215/970 1261/1216/971
f 722/499/430 733/1217/972 723/1218/973
f 397/433/391 288/1219/974 395/171/168
f 664/1053/345 643/974/815 670/1048/343
f 301/665/581 419/666/582 418/731/633
f 840/1097/887 755/750/646 969/1095/885
f 604/1013/660 600/1220/764 605/1221/975
f 864/1222/852 308/421/385 330/55/55
f 1198/1223/976 1114/1137/916 1225/1224/977
f 757/709/619 758/1225/946 759/1226/978
f 403/436/394 342/1227/979 341/1228/980
f 436/915/770 415/689/602 437/288/272
f 840/1097/887 780/572/506 755/750/646
f 1020/1229/981 1046/67/67 1033/592/523
f 335/1185/950 331/1162/933 327/1163/934
f 716/1230/982 719/487/431 279/739/637
f 160/205/198 173/266/251 174/227/218
f 1192/1231/983 1110/1232/984 1214/1233/985
f 585/1234/986 985/1235/738 981/1236/987
f 1257/1237/988 1302/1238/133 1260/1239/132
f 193/249/235 225/1240/370 204/158/155
f 425/375/348 410/1241/989 411/563/499
f 321/1151/925 681/566/502 785/1104/891
f 843/669/585 400/616/545 844/667/583
f 1254/554/492 1256/1242/912 1258/1243/990
f 973/1244/208 857/1245/991 854/1246/992
f 368/1178/947 417/1247/349 389/1207/965
f 1236/1248/993 1238/1249/919 1240/1201/962
f 885/794/680 455/1250/994 955/782/671
f 419/666/582 411/563/499 410/1241/989
f 177/316/296 230/236/226 229/1251/356
f 313/1252/995 314/1253/412 311/1149/924
f 995/483/427 706/1086/881 997/756/650
f 404/1167/938 337/1166/937 403/1254/394
f 1015/1255/996 1042/1256/247 1041/1257/246
f 329/1258/335 322/1134/913 333/1259/997
f 250/1107/892 248/1260/998 249/1261/894
f 130/627/554 133/1262/280 93/1263/282
f 850/1264/647 774/1265/999 775/570/504
f 29/1266/1000 121/218/100 116/1267/475
f 228/1268/421 222/1269/966 227/1270/268
f 706/1086/881 995/483/427 1006/648/566
f 589/809/689 480/104/103 590/1271/1001
f 629/596/526 663/1272/1002 656/597/527
f 1001/1038/845 1032/594/525 1002/593/524
f 547/1181/779 456/1273/1003 496/1179/752
f 1256/1242/912 1134/1274/1004 1324/155/9
f 901/103/102 975/698/608 976/700/610
f 879/1275/1005 914/1276/1006 880/1277/1007
f 878/546/487 880/1277/1007 881/544/485
f 469/1278/1008 471/901/760 472/962/807
f 901/103/102 757/709/619 784/560/498
f 780/572/506 852/1279/1009 850/751/647
f 649/1280/1010 677/364/338 678/302/283
f 150/1281/1011 215/179/176 216/1282/230
f 685/1283/1012 836/401/367 739/600/530
f 798/351/328 789/82/82 797/1284/1013
f 653/747/91 628/746/77 654/758/651
f 797/1284/1013 682/1285/387 831/352/329
f 755/750/646 861/1286/1014 857/1245/991
f 1269/1287/1015 1167/1288/1016 1268/1289/1017
f 833/1290/207 970/588/519 973/1244/208
f 729/108/107 1005/1291/890 741/656/572
f 1134/1274/1004 1132/1292/1018 1133/153/152
f 1200/1293/1019 1104/1135/914 1198/1223/976
f 403/1254/394 586/1294/1020 404/1167/938
f 861/1295/1014 834/265/250 835/1296/191
f 212/1297/1021 214/1298/926 155/760/653
f 845/190/186 793/1299/598 842/671/584
f 1176/681/596 1238/1141/919 1320/1300/830
f 225/404/370 129/1301/1022 124/1302/1023
f 441/810/690 413/685/600 442/1303/1024
f 875/1030/840 913/1304/783 876/1031/841
f 1019/1305/1025 1021/913/768 1022/1098/888
f 526/1306/827 442/1303/1024 566/1307/757
f 1147/741/639 1225/1308/977 1148/742/640
f 714/523/464 280/1309/1026 711/1204/636
f 565/1310/798 507/1311/1027 508/1312/1028
f 912/1313/1029 911/1314/1030 579/1315/1031
f 918/1316/239 574/1317/1032 917/1318/935
f 951/1319/552 421/1320/754 580/1321/870
f 1028/662/578 1004/713/623 1027/660/576
f 207/161/158 200/332/312 199/331/311
f 384/1322/957 355/246/232 358/579/512
f 78/344/321 67/148/147 77/649/567
f 498/908/766 559/1188/953 560/1323/1033
f 520/814/94 521/854/728 522/1324/1034
f 695/1325/696 966/926/777 968/1326/1035
f 581/1327/1036 897/1024/836 949/1328/748
f 514/1329/1037 436/915/770 513/916/745
f 516/1330/94 517/992/3 518/1331/1038
f 900/1332/696 947/1333/1039 698/1334/1040
f 899/542/483 948/541/482 947/1333/1039
f 441/810/690 526/1306/827 524/993/740
f 976/700/610 989/842/719 617/841/718
f 566/1307/757 479/1335/1041 567/1336/23
f 890/947/487 943/1337/902 964/1338/1042
f 878/546/487 934/1339/773 952/1340/1043
f 565/1341/798 472/962/807 509/964/808
f 676/721/627 651/720/626 663/1342/1002
f 688/1343/1044 931/1344/1045 930/1345/1046
f 912/1346/1029 876/1347/841 913/1348/783
f 690/1349/1044 934/1339/773 933/1350/1047
f 485/526/467 445/525/466 534/940/787
f 874/1351/1048 931/1344/1045 945/1025/837
f 530/1352/798 446/1353/797 483/524/465
f 619/1354/1049 986/50/50 620/1355/1050
f 877/1356/839 947/1357/1039 948/1358/482
f 951/625/552 880/1359/1007 914/1360/1006
f 830/176/173 799/589/520 833/1290/207
f 992/1361/810 585/1234/986 981/1236/987
f 608/1362/2 612/954/800 606/1363/3
f 110/439/397 51/130/129 111/1364/1051
f 489/876/741 454/961/806 490/1365/593
f 538/345/322 546/799/273 539/1005/721
f 942/1366/1052 964/1338/1042 943/1337/902
f 597/1367/1053 609/69/69 611/1368/1054
f 926/983/753 892/1369/794 927/1370/1055
f 894/1371/1056 966/997/777 965/982/821
f 881/1372/485 949/889/748 953/1373/1057
f 554/953/799 561/1036/725 555/856/726
f 916/1374/705 689/1375/1058 573/1376/1059
f 932/1377/1060 902/540/481 931/1378/1045
f 897/1024/836 953/1379/1057 949/1328/748
f 553/1380/1061 432/813/693 547/932/779
f 870/1381/1062 937/1382/731 938/1383/1063
f 905/658/574 933/1384/1047 934/920/773
f 941/1385/75 904/850/724 940/849/44
f 865/928/778 954/930/673 700/1386/672
f 1131/1170/941 1087/1387/1064 1090/1388/1065
f 420/824/703 490/1389/593 487/825/704
f 1181/1390/1066 1065/1391/1067 1064/1392/1068
f 870/1381/1062 957/929/682 869/1393/1069
f 1289/1043/850 1062/1394/1070 1112/1044/851
f 961/74/74 693/1395/716 921/1396/711
f 922/1067/869 920/834/713 576/833/712
f 887/1397/1071 961/74/74 921/1396/711
f 964/1338/1042 703/1398/867 929/1399/714
f 946/1400/1072 876/1347/841 912/1346/1029
f 950/624/551 880/1359/1007 951/625/552
f 879/1275/1005 952/1340/1043 916/1401/705
f 35/225/216 21/389/358 36/216/209
f 875/1030/840 945/1025/837 909/1027/708
f 468/778/667 501/1402/320 499/1403/593
f 578/1404/1073 946/1400/1072 912/1346/1029
f 376/1191/955 298/1405/1074 370/1406/968
f 893/949/795 944/1407/901 890/947/487
f 1015/1255/996 1044/1077/649 1016/1076/875
f 136/1408/1075 211/1409/383 212/1297/1021
f 554/953/799 467/777/666 466/1410/1076
f 1134/1274/1004 1091/1411/1077 1094/1412/1078
f 386/1413/1079 339/1414/1080 385/1184/414
f 874/1351/1048 948/1415/482 932/1416/1060
f 651/720/626 656/1417/527 663/1342/1002
f 891/1418/1005 964/1338/1042 929/1399/714
f 891/1418/1005 927/1419/1055 892/948/794
f 139/1420/939 156/207/200 231/206/199
f 458/1180/948 519/1421/758 553/1422/1061
f 952/1340/1043 689/1423/1058 916/1401/705
f 1173/744/642 1318/1424/1081 1174/1425/1082
f 424/564/500 301/665/581 586/1294/1020
f 1027/660/576 1031/1046/853 1044/1426/649
f 743/1427/1083 839/485/429 837/400/366
f 402/438/396 343/664/580 342/1227/979
f 120/1428/897 27/432/390 34/716/625
f 901/103/102 976/700/610 617/841/718
f 305/812/692 304/1146/384 428/551/489
f 440/690/603 516/1330/94 477/927/696
f 965/982/821 892/1369/794 926/983/753
f 992/1429/810 704/1430/809 982/1431/735
f 103/650/193 67/148/147 97/1432/684
f 977/49/49 979/1018/737 980/527/468
f 506/1433/759 504/1434/1084 505/1435/704
f 589/809/689 609/1436/69 610/1437/1085
f 590/1271/1001 609/1436/69 589/809/689
f 902/540/481 930/1438/1046 931/1378/1045
f 956/1015/832 938/1439/1063 937/861/731
f 615/956/31 606/1363/3 612/954/800
f 602/1440/804 596/1023/803 603/1012/659
f 512/1441/772 528/33/33 510/32/32
f 699/1442/1056 947/1357/1039 946/1400/1072
f 512/918/772 435/816/695 531/970/750
f 868/659/575 953/1379/1057 897/1024/836
f 873/822/701 967/925/776 872/924/775
f 563/875/33 472/1443/807 565/1444/798
f 885/792/680 938/1439/1063 882/790/678
f 613/70/70 600/1220/764 614/1058/862
f 558/882/744 468/909/667 560/1323/1033
f 533/890/749 445/525/466 444/1445/1076
f 1006/648/566 741/1446/572 1005/1103/890
f 385/463/414 429/703/613 386/1447/1079
f 732/655/571 738/1448/1086 737/522/463
f 161/1143/921 156/207/200 159/383/355
f 1285/1449/1087 1058/1450/1088 1110/1232/984
f 415/689/602 434/917/771 476/844/696
f 634/748/644 286/1451/392 628/746/77
f 697/1452/869 917/1318/935 574/1317/1032
f 35/225/216 29/1266/1000 30/367/341
f 633/1453/1089 624/583/515 635/1454/859
f 646/1455/1090 675/621/339 676/1456/627
f 434/917/771 415/689/602 435/816/695
f 175/119/118 210/1457/792 209/1210/331
f 1092/745/643 1174/1425/1082 1093/1458/1091
f 470/943/790 526/1459/827 566/898/757
f 852/1460/1009 758/1177/946 774/1265/999
f 421/1320/754 915/828/707 422/827/706
f 1227/1461/1092 1229/1462/1093 1231/1463/1094
f 321/1151/925 320/729/631 681/566/502
f 358/579/512 354/248/234 357/252/237
f 1107/1464/1095 1207/1465/65 1208/1466/1096
f 696/1467/1097 884/1468/679 919/1469/936
f 676/1470/627 632/1471/1098 662/1472/1099
f 774/1265/999 762/581/514 776/83/83
f 1009/1051/857 1039/661/577 1014/763/656
f 713/1473/105 710/533/474 712/532/473
f 207/161/158 241/1474/288 245/429/252
f 657/223/214 640/222/213 658/1475/1100
f 90/1476/549 54/143/142 53/139/138
f 124/1477/1023 204/158/155 225/1240/370
f 602/1478/804 582/1479/1101 601/1480/1028
f 1010/1481/1102 1037/1482/30 1038/1483/29
f 1292/1484/1103 1224/1485/1104 1293/1486/1105
f 417/1247/349 367/58/58 391/569/21
f 530/1487/798 481/1488/1106 482/1489/1028
f 673/1490/1107 652/759/652 674/1491/340
f 1043/260/245 1042/262/247 706/1086/881
f 706/1086/881 1008/762/655 1043/260/245
f 1144/1492/1108 1291/1493/1109 1217/1494/1110
f 655/715/624 669/1495/378 668/770/284
f 631/1496/1111 643/974/815 660/1497/1112
f 1020/1229/981 1026/914/769 1021/913/768
f 829/1498/403 827/693/606 828/1499/171
f 707/1500/1113 836/401/367 684/1501/1114
f 865/928/778 548/931/694 432/813/693
f 1011/1502/1115 1038/1483/29 1040/1503/767
f 644/735/635 642/1504/816 671/736/93
f 392/1505/814 406/802/686 380/377/350
f 1022/1098/888 1049/15/15 1019/1305/1025
f 474/1506/94 897/1024/836 679/1507/1116
f 345/1508/1117 382/187/183 381/166/163
f 594/68/68 608/1509/2 610/1510/1085
f 1084/1511/1118 1178/1512/1119 1085/1513/1120
f 356/270/254 430/1514/182 829/448/403
f 356/270/254 829/448/403 804/447/402
f 1057/1515/1121 1141/1516/1122 1142/1087/882
f 1075/1517/1123 1076/258/243 1162/1518/1124
f 1162/1518/1124 1116/1519/1125 1075/1517/1123
f 1210/259/244 1216/1520/1126 1163/1521/1127
f 1163/1521/1127 1118/257/242 1210/259/244
f 1077/1522/1128 1078/272/256 1164/1523/1129
f 1164/1523/1129 1120/1524/1130 1077/1522/1128
f 1221/273/257 1205/1525/1131 1161/1526/1132
f 1161/1526/1132 1122/271/255 1221/273/257
f 279/739/637 256/529/470 716/1230/982
f 587/314/294 311/1149/924 312/518/459
f 1265/1527/1133 1174/1425/1082 1266/1528/1134
f 1169/1529/1135 1168/1530/1136 1273/151/150
f 1181/1531/1066 1150/705/615 1182/1532/1137
f 1286/1533/1138 1053/820/699 1137/819/698
f 1292/1484/1103 1061/740/638 1148/742/640
f 1295/64/64 1065/1391/1067 1288/1534/1139
f 238/543/484 203/159/156 243/641/293
f 1234/1535/1140 1116/1519/1125 1115/1536/1141
f 1145/1537/1142 1289/1538/850 1194/1034/843
f 1139/1539/1143 1285/1540/1087 1189/1541/1144
f 1281/1542/1145 1180/939/786 1282/8/8
f 1171/1543/1146 1170/1544/1147 1279/337/316
f 1138/1545/1148 1211/1084/879 1076/258/243
f 1076/258/243 1075/1517/1123 1138/1545/1148
f 1143/1546/1149 1144/1492/1108 1216/1520/1126
f 1216/1520/1126 1210/259/244 1143/1546/1149
f 851/711/621 903/941/788 870/1381/1062
f 1149/1547/1150 1222/1548/1151 1078/272/256
f 1078/272/256 1077/1522/1128 1149/1547/1150
f 1151/1549/1152 1152/1550/1153 1205/1525/1131
f 1205/1525/1131 1221/273/257 1151/1549/1152
f 266/505/447 622/1551/1154 265/1174/944
f 734/498/441 849/405/371 733/1217/972
f 1043/260/245 1027/660/576 1044/1426/649
f 454/1105/806 487/1552/704 490/1553/593
f 442/1303/1024 413/685/600 479/1335/1041
f 438/990/825 553/1380/1061 519/991/758
f 443/1554/665 445/525/466 446/1353/797
f 1263/1555/1155 1165/1556/1156 1262/1124/905
f 1198/1557/976 1199/1558/1157 1200/1559/1019
f 1124/1560/1158 1318/1561/1081 1125/1562/1159
f 749/539/480 821/733/48 822/615/544
f 1152/1550/1153 1206/1563/1160 1205/1525/1131
f 1113/1564/1161 1224/1565/1104 1225/1224/977
f 1152/1550/1153 1296/1566/66 1206/1563/1160
f 1149/1547/1150 1216/1520/1126 1217/1494/1110
f 1111/1567/1162 1218/1568/1163 1219/1042/849
f 1144/1492/1108 1217/1494/1110 1216/1520/1126
f 1109/1569/1164 1213/1570/18 1214/1233/985
f 1023/787/676 1037/30/30 996/1571/501
f 1286/1533/1138 1213/1572/18 1287/1573/17
f 1239/1140/918 1298/1574/12 1242/1575/11
f 1248/292/274 1247/1576/940 1177/1577/1165
f 1261/1216/971 1259/1215/970 1260/133/132
f 1227/1461/1092 1226/1578/1166 1153/1579/1167
f 839/485/429 740/1021/834 837/400/366
f 1236/1248/993 1235/1580/1168 1155/1581/1169
f 1245/1582/1170 1247/1169/940 1249/510/452
f 1119/1583/1171 1250/765/453 1252/1584/1172
f 1280/1585/1173 1171/1543/1146 1279/337/316
f 1190/1586/1174 1098/1587/1175 1188/1588/1176
f 1305/1589/1177 1082/1590/1178 1125/1562/1159
f 1208/1591/1096 1181/1390/1066 1183/1592/518
f 1229/1462/1093 1125/1562/1159 1318/1561/1081
f 108/464/215 40/117/116 104/635/558
f 99/443/399 59/144/143 92/440/36
f 239/86/86 191/326/306 236/549/39
f 592/1/1 610/1437/1085 608/2/2
f 1315/1593/1179 1199/1558/1157 1203/1594/1180
f 1274/1595/1181 1169/1529/1135 1273/151/150
f 715/521/462 729/108/107 732/655/571
f 1203/1596/1180 1201/1597/1182 1202/1598/1183
f 1315/1599/1179 1202/1598/1183 1316/1600/1184
f 660/1601/1112 647/1602/1185 661/1603/1186
f 783/466/416 781/84/84 782/645/563
f 1246/1604/451 1119/1583/1171 1244/1605/1187
f 1154/1606/1188 1175/1142/920 1080/680/595
f 1261/1216/971 1164/1523/1129 1122/271/255
f 1299/764/657 1251/766/276 1300/1607/275
f 1303/976/817 1232/1608/1189 1233/977/818
f 1234/1535/1140 1161/1526/1132 1116/1519/1125
f 264/1609/454 258/1113/896 263/1116/439
f 1158/1610/1190 1179/938/785 1088/1611/1191
f 58/140/139 72/1061/865 57/141/140
f 763/558/496 769/1612/223 765/796/503
f 397/433/391 283/173/170 396/78/78
f 856/752/648 861/1286/1014 755/750/646
f 1096/517/458 1309/1613/448 1310/1614/450
f 1190/1615/1174 1139/1539/1143 1189/1541/1144
f 1319/1616/1192 1268/1289/1017 1272/1617/1193
f 1130/1618/1194 1322/1171/942 1131/1170/941
f 718/488/432 716/1230/982 717/454/408
f 1267/1125/906 1172/1619/1195 1264/1620/1196
f 1127/1621/1197 1319/1622/1192 1320/1008/830
f 1167/1288/1016 1166/1623/1198 1268/1289/1017
f 1278/152/151 1168/1530/1136 1275/1624/1199
f 203/159/156 123/1625/1200 134/642/562
f 1100/1626/1201 1098/1587/1175 1099/1627/1202
f 1183/1628/518 1181/1531/1066 1182/1532/1137
f 1102/1629/1203 1313/1630/61 1314/1631/63
f 1106/1632/1204 1104/1135/914 1105/1633/1205
f 73/452/406 71/1062/866 72/1061/865
f 1270/1634/1206 1176/681/596 1271/1635/1207
f 1319/1636/1192 1271/1635/1207 1320/1300/830
f 1136/1637/1208 1135/1638/1209 1191/1639/1210
f 1141/1516/1122 1140/1640/1211 1196/62/62
f 115/1641/404 31/695/607 28/397/364
f 62/1642/1212 202/85/85 63/362/336
f 1125/1562/1159 1123/1643/1213 1124/1560/1158
f 1311/1644/1214 1191/1639/1210 1312/1645/1215
f 1185/726/629 1284/1646/1216 1186/507/449
f 1309/1647/448 1182/1532/1137 1187/704/614
f 1222/1548/1151 1221/273/257 1078/272/256
f 1215/1648/1217 1217/1494/1110 1218/1649/1163
f 665/1650/1218 635/1054/859 664/1053/345
f 1296/1566/66 1207/1651/65 1206/1563/1160
f 1290/1652/1219 1057/1515/1121 1142/1087/882
f 1210/259/244 1212/16/16 1143/1546/1149
f 1212/16/16 1213/18/18 1209/1653/1220
f 1204/1654/1221 1206/1563/1160 1207/1651/65
f 143/90/90 217/1655/362 218/181/178
f 1138/1545/1148 1205/1525/1131 1206/1563/1160
f 1223/1656/1222 1293/1657/1105 1224/1658/1104
f 1291/1493/1109 1218/1649/1163 1217/1494/1110
f 1221/273/257 1223/1656/1222 1151/1549/1152
f 1223/1656/1222 1224/1658/1104 1220/1659/1223
f 993/757/13 1048/1660/872 1047/1661/14
f 1297/10/10 1241/1662/963 1242/11/11
f 1257/1237/988 1256/1133/912 1179/938/785
f 1131/1170/941 1129/1663/1224 1130/1618/1194
f 1306/933/780 1155/1581/1169 1083/1664/1225
f 1255/1665/1226 1258/1243/990 1259/1666/970
f 1237/1667/961 1117/1668/1227 1235/1669/1168
f 1290/1652/1219 1218/1670/1163 1291/1671/1109
f 1252/1584/1172 1163/1521/1127 1120/1524/1130
f 1308/1672/1228 1159/556/494 1091/1411/1077
f 1249/1673/452 1251/294/276 1250/1674/453
f 1307/1675/1229 1157/1676/1230 1087/1387/1064
f 358/579/512 364/1206/964 365/580/513
f 1228/1677/1231 1231/1463/1094 1232/1678/1189
f 1305/1589/1177 1153/1579/1167 1079/1679/1232
f 389/1207/965 426/654/570 368/1178/947
f 1258/1680/990 1260/1239/132 1259/1681/970
f 863/1173/943 756/553/491 757/709/619
f 1230/1682/1233 1304/1683/819 1233/1684/818
f 1231/1685/1094 1233/1684/818 1232/1686/1189
f 1255/1687/1226 1121/1214/969 1253/1688/493
f 1243/1689/1234 1118/257/242 1117/1668/1227
f 1156/1690/1235 1177/1577/1165 1084/1511/1118
f 1230/1682/1233 1229/1691/1093 1173/744/642
f 818/651/568 853/198/192 817/26/26
f 1245/1582/1170 1244/1692/1187 1157/1676/1230
f 1240/1693/962 1242/1575/11 1241/1694/963
f 1228/1695/1231 1115/1536/1141 1226/1696/1166
f 1243/1689/1234 1162/1518/1124 1118/257/242
f 1201/1597/1182 1294/1697/1236 1202/1598/1183
f 1267/1698/906 1265/1527/1133 1266/1528/1134
f 1317/1699/904 1266/1528/1134 1318/1424/1081
f 1197/1088/844 1141/1516/1122 1196/62/62
f 725/1128/908 705/1700/1237 994/493/437
f 1105/1633/1205 1315/1701/1179 1316/1702/1184
f 1165/1556/1156 1172/1619/1195 1262/1124/905
f 1321/1703/149 1277/374/347 1322/1704/942
f 737/522/463 405/1705/1238 736/1156/930
f 1096/517/458 1310/1614/450 1097/515/456
f 1130/1618/1194 1321/1706/149 1322/1171/942
f 1128/935/782 1126/1707/1239 1127/1621/1197
f 179/320/300 180/322/302 125/318/298
f 1103/1708/1240 1101/1709/1241 1102/1629/1203
f 372/727/405 297/1710/1242 374/386/238
f 1099/1627/1202 1311/1711/1214 1312/1712/1215
f 1276/373/346 1178/1512/1119 1277/374/347
f 1195/1713/1243 1101/1709/1241 1193/1714/1244
f 1311/1715/1214 1189/1541/1144 1192/1716/983
f 1147/1717/639 1146/1718/1245 1199/1558/1157
f 1193/1719/1244 1194/1034/843 1195/1720/1243
f 1124/1560/1158 1317/1721/904 1318/1561/1081
f 904/850/724 962/1722/743 871/989/824
f 1204/1654/1221 1287/17/17 1211/1084/879
f 1211/1084/879 1138/1545/1148 1204/1654/1221
f 1209/1653/1220 1291/1493/1109 1144/1492/1108
f 1144/1492/1108 1143/1546/1149 1209/1653/1220
f 1177/1577/1165 1322/1704/942 1178/1512/1119
f 1215/1648/1217 1293/1657/1105 1222/1548/1151
f 1222/1548/1151 1149/1547/1150 1215/1648/1217
f 279/739/637 719/487/431 710/533/474
f 1220/1659/1223 1296/1566/66 1152/1550/1153
f 1152/1550/1153 1151/1549/1152 1220/1659/1223
f 115/449/404 70/333/313 118/628/555
f 504/1434/1084 509/1723/808 505/1435/704
f 196/327/307 224/631/374 220/998/179
f 1054/1724/1246 1095/516/457 1051/1725/1247
f 1136/1637/1208 1214/1726/985 1137/819/698
f 531/891/750 443/1554/665 512/1727/772
f 275/584/440 262/1728/899 285/1122/903
f 186/4/4 188/323/303 185/5/5
f 1323/7/7 1283/1729/317 1282/8/8
f 1212/16/16 1211/1084/879 1287/17/17
f 1120/1524/1130 1301/132/131 1119/1583/1171
f 896/848/574 478/817/696 520/814/94
f 387/19/19 335/1185/950 390/20/20
f 570/22/22 568/897/756 567/23/23
f 812/25/25 818/651/568 817/26/26
f 619/1730/1049 616/955/801 704/1430/809
f 455/1250/994 548/815/694 955/782/671
f 535/1731/762 578/1404/1073 537/1732/764
f 455/1250/994 696/1467/1097 456/1733/1003
f 838/484/428 848/407/373 740/1021/834
f 1050/28/28 1022/1098/888 1038/29/29
f 527/31/31 511/1734/95 510/32/32
f 89/34/34 6/309/290 8/35/35
f 237/37/37 164/1735/1248 163/38/38
f 1117/1668/1227 1300/1607/275 1235/1669/1168
f 494/40/40 491/1736/1249 493/41/41
f 694/43/43 961/74/74 940/44/44
f 820/46/46 803/1118/900 806/47/47
f 977/49/49 987/528/469 986/50/50
f 255/52/52 272/1121/534 270/53/53
f 283/173/170 625/76/76 396/78/78
f 1295/1737/64 1220/1738/1223 1113/1564/1161
f 1292/1484/1103 1215/1739/1217 1111/1567/1162
f 1253/555/493 1160/1740/641 1159/556/494
f 330/55/55 308/421/385 310/56/56
f 367/58/58 366/639/561 362/59/59
f 1313/61/61 1197/1088/844 1196/62/62
f 1295/64/64 1208/1591/1096 1207/65/65
f 1046/67/67 1019/1305/1025 1049/15/15
f 594/68/68 610/1510/1085 609/69/69
f 1007/71/71 818/651/568 826/72/72
f 961/74/74 886/773/663 941/75/75
f 971/79/79 814/601/531 815/80/80
f 789/82/82 777/571/505 776/83/83
f 202/85/85 195/157/154 239/86/86
f 672/737/92 645/619/548 644/735/635
f 473/94/94 434/917/771 510/95/32
f 48/100/99 76/340/319 121/101/100
f 162/1059/863 164/1735/1248 165/212/205
f 1107/1464/1095 1108/586/517 1054/1724/1246
f 713/106/105 712/1741/473 730/107/106
f 296/208/201 291/402/368 288/1219/974
f 251/530/471 262/1117/899 257/531/472
f 457/109/108 458/1180/948 459/110/109
f 134/642/562 71/1062/866 74/1115/898
f 835/1742/191 857/1245/991 861/1286/1014
f 171/112/111 167/786/675 166/113/112
f 176/118/117 178/317/297 175/119/118
f 1301/132/131 1261/1216/971 1260/133/132
f 334/135/134 327/1163/934 326/57/57
f 791/679/594 855/1096/886 969/1095/885
f 1321/150/149 1274/1595/1181 1273/151/150
f 1133/153/152 1280/1743/1173 1323/154/7
f 201/156/153 196/327/307 195/157/154
f 194/6/6 193/249/235 204/158/155
f 139/1420/939 20/1744/197 157/1745/1250
f 498/1746/766 499/678/593 497/1747/1251
f 181/160/157 208/282/266 207/161/158
f 543/162/159 545/877/742 544/163/160
f 346/165/162 345/1508/1117 381/166/163
f 84/168/165 3/1748/194 1/169/166
f 395/171/168 393/403/369 623/172/169
f 828/174/171 827/697/606 801/175/172
f 246/177/174 152/281/265 219/178/175
f 146/180/177 143/90/90 218/181/178
f 145/89/89 246/177/174 150/1281/1011
f 550/183/180 552/1007/829 551/184/181
f 430/186/182 383/562/253 381/166/163
f 847/188/184 790/1749/1252 792/189/185
f 239/191/86 167/786/675 171/112/111
f 154/193/187 226/761/654 221/194/188
f 103/199/193 132/801/685 3/200/194
f 106/202/195 107/390/220 17/203/196
f 10/296/278 87/1750/674 9/1751/677
f 160/205/198 233/228/219 231/206/199
f 296/208/201 297/1710/1242 295/209/202
f 235/211/204 162/1059/863 165/212/205
f 816/81/81 815/80/80 833/214/207
f 36/216/209 21/389/358 109/217/101
f 819/632/444 1007/71/71 1000/73/73
f 234/245/206 199/331/311 187/243/231
f 139/1168/939 44/122/121 106/1752/195
f 1269/1753/1015 1127/1621/1197 1126/1707/1239
f 667/221/212 637/412/377 640/222/213
f 108/224/215 22/771/661 35/225/216
f 174/227/218 244/411/228 233/228/219
f 107/229/220 106/1752/195 44/122/121
f 79/230/221 38/115/114 37/126/125
f 770/232/222 765/1754/503 769/233/223
f 176/118/117 182/120/119 232/235/225
f 80/231/167 37/126/125 45/125/124
f 183/238/227 233/425/219 244/239/228
f 185/5/5 188/323/303 216/241/230
f 187/243/231 186/4/4 235/244/204
f 355/246/232 356/270/254 353/247/233
f 193/249/235 185/5/5 215/242/176
f 379/251/236 364/1206/964 357/252/237
f 1118/257/242 1162/1518/1124 1076/258/243
f 744/399/365 750/538/479 743/1427/1083
f 846/263/248 798/351/328 832/264/249
f 173/266/251 161/1143/921 232/267/225
f 383/269/253 430/1514/182 356/270/254
f 1122/271/255 1164/1523/1129 1078/272/256
f 88/274/258 49/142/141 57/141/140
f 775/570/504 856/1755/648 850/1264/647
f 208/282/266 181/160/157 213/283/267
f 47/128/127 42/127/126 82/285/269
f 109/102/101 107/229/220 43/121/120
f 515/287/271 436/915/770 437/288/272
f 460/111/110 459/110/109 495/290/42
f 1248/292/274 1156/1690/1235 1300/293/275
f 849/405/371 730/1756/106 733/1217/972
f 149/1757/189 145/89/89 150/1281/1011
f 425/375/348 389/1758/965 417/376/349
f 144/88/88 153/279/263 246/177/174
f 177/316/296 38/115/114 178/317/297
f 14/295/277 132/801/685 10/296/278
f 133/298/280 247/444/400 223/299/281
f 667/301/212 649/1280/1010 678/302/283
f 778/304/285 772/234/224 769/233/223
f 210/1457/792 38/115/114 79/230/221
f 170/306/287 173/266/251 245/268/252
f 1048/1071/872 1015/1255/996 1018/1069/871
f 580/1759/870 450/1760/793 449/623/550
f 5/310/291 6/309/290 4/1761/1253
f 7/308/289 8/35/35 6/309/290
f 29/1266/1000 24/481/426 30/367/341
f 425/375/348 427/565/501 389/1758/965
f 738/1448/1086 754/1197/959 751/612/541
f 4/1762/1253 96/1196/958 15/297/279
f 43/121/120 41/123/122 42/127/126
f 40/117/116 46/124/123 37/126/125
f 52/131/130 58/140/139 49/142/141
f 55/137/136 53/139/138 54/143/142
f 70/333/313 69/339/318 61/334/314
f 1323/336/7 1280/1585/1173 1279/337/316
f 60/145/144 59/144/143 69/339/318
f 76/340/319 75/576/510 65/147/146
f 502/341/260 503/1763/262 500/342/40
f 47/128/127 75/576/510 76/340/319
f 78/344/321 77/649/567 45/125/124
f 538/345/322 541/859/730 453/346/323
f 708/348/325 751/612/541 823/349/326
f 798/351/328 797/1284/1013 831/352/329
f 141/353/330 142/470/420 213/354/267
f 91/356/259 13/707/617 86/357/332
f 336/359/333 416/547/488 328/360/334
f 63/362/336 202/85/85 242/87/87
f 677/364/338 648/1092/883 675/365/339
f 229/384/356 19/1764/1254 105/1765/559
f 122/226/217 35/225/216 30/367/341
f 670/369/343 639/1766/1255 638/370/344
f 1278/372/151 1275/1767/1199 1276/373/346
f 391/21/21 390/20/20 425/375/348
f 380/377/350 406/802/686 299/378/351
f 16/380/353 14/295/277 102/381/354
f 159/383/355 158/1768/1256 229/384/356
f 374/386/238 297/1710/1242 378/387/357
f 21/389/358 17/203/196 107/390/220
f 112/391/359 113/1769/363 26/392/360
f 217/394/362 189/324/304 192/328/308
f 113/396/363 115/1641/404 28/397/364
f 744/399/365 743/1427/1083 837/400/366
f 96/1209/958 53/139/138 65/147/146
f 128/708/618 7/308/289 5/310/291
f 395/171/168 288/1219/974 291/402/368
f 369/985/327 360/702/612 370/1213/968
f 152/281/265 151/280/264 225/404/370
f 93/300/282 223/299/281 224/408/374
f 169/410/376 240/1770/433 244/411/228
f 637/412/377 667/221/212 668/413/284
f 126/418/382 125/318/298 180/322/302
f 304/1146/384 303/1145/923 308/1771/385
f 811/415/379 810/598/528 831/423/329
f 184/321/301 214/1152/926 211/419/383
f 233/425/219 183/238/227 179/320/300
f 813/27/27 817/26/26 834/427/250
f 182/120/119 207/161/158 245/429/252
f 458/1180/948 553/1422/1061 547/1181/779
f 114/430/388 110/1772/397 23/431/389
f 397/433/391 628/77/77 286/434/392
f 403/436/394 337/1773/937 338/437/395
f 110/439/397 114/451/388 58/140/139
f 92/440/36 59/144/143 54/143/142
f 116/1267/475 25/393/361 29/1266/1000
f 50/129/128 97/1432/684 67/148/147
f 212/1297/1021 140/944/791 136/1408/1075
f 95/442/398 61/334/314 69/339/318
f 146/180/177 223/299/281 247/444/400
f 828/446/171 805/887/746 804/447/402
f 115/449/404 113/512/363 55/137/136
f 357/252/237 354/248/234 372/450/405
f 114/451/388 120/1114/897 73/452/406
f 721/453/407 718/488/432 717/454/408
f 817/26/26 853/198/192 835/197/191
f 117/456/342 68/149/148 78/344/321
f 319/458/410 322/1134/913 318/459/411
f 387/461/19 363/60/60 361/462/413
f 122/457/217 78/344/321 46/124/123
f 1298/1574/12 1153/1579/1167 1226/1578/1166
f 11/607/536 131/478/424 12/608/537
f 393/403/369 291/402/368 290/468/418
f 12/608/537 7/308/289 13/707/617
f 4/1761/1253 128/708/618 5/310/291
f 142/470/420 155/760/653 154/193/187
f 414/701/611 440/690/603 415/689/602
f 1057/1515/1121 1055/1774/1257 1056/1775/1258
f 677/472/338 652/759/652 621/473/422
f 753/475/423 999/1144/922 1000/476/73
f 8/35/35 7/308/289 131/478/424
f 229/1251/356 39/116/115 177/316/296
f 333/1259/997 337/1773/937 329/1258/335
f 110/480/397 111/1776/1051 24/481/426
f 579/1315/1031 484/1009/40 486/1777/765
f 771/1158/929 788/674/589 841/670/586
f 1194/1034/843 1289/1538/850 1197/1035/844
f 722/486/430 723/1778/973 719/487/431
f 206/240/229 244/239/228 240/489/433
f 724/490/434 722/486/430 718/488/432
f 274/491/435 275/496/440 273/220/211
f 728/492/436 725/1128/908 994/493/437
f 263/495/439 262/1779/899 275/496/440
f 724/497/434 728/492/436 734/498/441
f 709/500/442 752/614/543 825/501/443
f 268/503/445 407/781/670 267/504/446
f 1309/506/448 1187/725/614 1186/507/449
f 1246/509/451 1245/1582/1170 1249/510/452
f 113/512/363 112/1780/359 56/138/137
f 1066/1136/915 1064/1781/1068 1065/1782/1067
f 264/513/454 268/503/445 266/505/447
f 1097/515/456 1051/1725/1247 1095/516/457
f 312/518/459 311/1149/924 316/519/460
f 715/521/462 732/655/571 737/522/463
f 483/524/465 446/1353/797 445/525/466
f 709/500/442 742/1783/1259 752/614/543
f 980/527/468 988/1784/609 987/528/469
f 325/779/668 409/732/634 410/1241/989
f 76/340/319 66/146/145 116/534/475
f 747/535/476 748/1785/1260 745/536/477
f 750/538/479 747/535/476 746/537/478
f 902/540/481 932/1377/1060 948/541/482
f 1092/1786/643 1094/1412/1078 1091/1411/1077
f 235/244/204 186/4/4 194/6/6
f 301/665/581 404/1167/938 586/1294/1020
f 881/544/485 953/1787/1057 935/545/486
f 416/547/488 317/1788/461 316/548/460
f 707/1500/1113 747/535/476 744/399/365
f 1208/1591/1096 1295/64/64 1288/1534/1139
f 236/549/39 191/326/306 190/325/305
f 428/1789/489 761/646/564 760/582/490
f 1254/554/492 1255/1665/1226 1253/555/493
f 867/557/495 784/560/498 763/558/496
f 784/560/498 768/1790/508 767/561/286
f 383/562/253 384/1195/957 351/167/164
f 681/566/502 766/1791/683 765/567/503
f 391/569/21 367/58/58 363/60/60
f 775/570/504 774/1265/999 776/83/83
f 780/572/506 787/575/509 778/304/285
f 779/573/507 778/304/285 767/305/286
f 787/575/509 773/1159/932 772/234/224
f 75/576/510 47/128/127 85/286/270
f 1219/1089/849 1290/1652/1219 1142/1087/882
f 388/578/511 384/1322/957 358/579/512
f 781/84/84 776/83/83 762/581/514
f 773/1159/932 786/672/587 788/674/589
f 549/185/31 936/1792/732 518/1793/1038
f 680/1794/1261 794/692/605 795/1795/1262
f 793/1299/598 796/591/522 794/1796/605
f 1074/1797/1263 1072/1798/1264 1073/1799/1265
f 790/1749/1252 970/588/519 800/590/521
f 1108/586/517 1208/1466/1096 1183/587/518
f 800/590/521 799/589/520 801/175/172
f 237/550/37 198/329/309 240/489/433
f 1033/592/523 1034/1800/874 1002/593/524
f 150/1281/1011 148/1801/1266 149/1757/189
f 657/595/214 658/1802/1100 629/596/526
f 683/417/381 809/984/822 810/598/528
f 837/400/366 740/1021/834 739/600/530
f 814/601/531 808/634/557 807/602/532
f 255/603/52 254/1108/893 277/604/533
f 100/606/535 101/1803/864 11/607/536
f 1283/338/317 1279/337/316 1170/1544/1147
f 959/609/538 889/878/664 888/610/539
f 751/612/541 754/1197/959 824/613/542
f 752/614/543 749/539/480 822/615/544
f 645/619/548 673/1804/1107 674/620/340
f 1052/818/697 1097/515/456 1135/1638/1209
f 90/622/549 4/1761/1253 6/309/290
f 449/623/550 448/888/747 950/624/551
f 402/438/396 338/437/395 399/617/546
f 118/628/555 70/333/313 64/335/315
f 201/156/153 62/1642/1212 94/630/375
f 814/601/531 971/79/79 819/632/444
f 808/634/557 822/644/544 821/48/48
f 104/635/558 40/117/116 39/116/115
f 83/637/560 82/285/269 42/127/126
f 810/598/528 813/27/27 832/428/249
f 377/638/352 362/59/59 366/639/561
f 243/641/293 203/159/156 134/642/562
f 808/634/557 814/601/531 825/633/443
f 782/645/563 781/84/84 760/582/490
f 84/237/165 45/125/124 77/649/567
f 818/651/568 812/25/25 824/652/542
f 365/580/513 364/1206/964 627/653/569
f 670/369/343 659/1805/856 639/1766/1255
f 732/655/571 729/108/107 741/656/572
f 345/1508/1117 344/1806/1267 302/1807/1268
f 839/485/429 742/1783/1259 998/647/565
f 1036/1808/878 1013/722/628 1035/1809/858
f 804/447/402 353/247/233 356/270/254
f 1027/660/576 1014/763/656 1039/661/577
f 398/663/579 344/1806/1267 343/664/580
f 844/667/583 841/1810/586 842/668/584
f 841/670/586 788/674/589 845/190/186
f 788/674/589 786/672/587 847/188/184
f 666/675/590 635/1054/859 636/676/591
f 500/342/40 497/1747/1251 499/678/593
f 791/679/594 790/1749/1252 847/188/184
f 1080/680/595 1175/1142/920 1176/681/596
f 793/683/598 680/1794/1261 843/669/585
f 862/465/415 797/1284/1013 789/82/82
f 431/811/691 414/701/611 305/812/692
f 243/686/293 172/114/113 166/113/112
f 694/1811/43 559/1188/953 693/839/716
f 841/1810/586 785/1104/891 771/1155/929
f 346/165/162 343/664/580 345/1508/1117
f 624/583/515 655/715/624 273/714/211
f 646/1455/1090 661/1603/1186 647/1602/1185
f 686/691/604 795/1795/1262 794/692/605
f 119/694/556 32/1812/1269 31/695/607
f 827/697/606 794/1796/605 796/591/522
f 972/196/190 1007/71/71 858/1813/380
f 975/698/608 987/921/469 988/699/609
f 361/462/413 359/599/529 360/702/612
f 901/103/102 617/841/718 590/1271/1001
f 1187/704/614 1182/1532/1137 1150/705/615
f 587/314/294 764/559/497 313/1252/995
f 1006/648/566 709/500/442 999/1144/922
f 415/689/602 413/685/600 412/684/599
f 852/1279/1009 768/574/508 759/1814/978
f 588/1815/380 352/972/813 426/654/570
f 779/573/507 852/1279/1009 780/572/506
f 1003/712/622 1031/1046/853 1027/660/576
f 216/1282/230 148/1801/1266 150/1281/1011
f 27/432/390 28/397/364 31/695/607
f 171/717/111 138/1816/1270 137/718/337
f 835/1742/191 854/1246/992 857/1245/991
f 675/365/339 648/1092/883 651/720/626
f 972/196/190 854/1817/992 835/197/191
f 1013/722/628 1012/1056/860 1028/723/578
f 1187/725/614 1184/1818/616 1185/726/629
f 372/727/405 373/1819/960 292/728/630
f 315/1820/632 764/559/497 766/797/683
f 320/729/631 319/458/410 314/460/412
f 780/572/506 840/1097/887 855/1096/886
f 324/780/669 409/732/634 325/779/668
f 821/733/48 746/537/478 745/536/477
f 1061/740/638 1111/1567/1162 1062/1394/1070
f 871/989/824 898/97/96 851/711/621
f 711/738/636 280/1821/1026 279/739/637
f 419/666/582 410/1241/989 409/732/634
f 1061/740/638 1060/1822/1271 1147/741/639
f 1160/743/641 1230/1682/1233 1173/744/642
f 290/468/418 684/1823/1114 394/469/419
f 292/728/630 820/1824/46 745/1825/477
f 816/81/81 858/1813/380 971/79/79
f 634/748/644 635/1454/859 624/583/515
f 222/1208/966 188/323/303 200/332/312
f 294/210/203 295/209/202 292/728/630
f 1264/1620/1196 1171/1826/1146 1280/1827/1173
f 755/750/646 780/572/506 850/751/647
f 418/731/633 419/666/582 409/732/634
f 344/1806/1267 795/1795/1262 302/1807/1268
f 629/596/526 659/1828/856 630/1829/855
f 173/266/251 170/306/287 169/410/376
f 210/945/792 2/968/812 140/944/791
f 382/187/183 829/1498/403 430/186/182
f 155/760/653 214/1298/926 226/761/654
f 682/1285/387 347/467/417 386/1830/1079
f 1056/1775/1258 1139/1831/1143 1140/1640/1211
f 1008/762/655 1009/1051/857 1014/763/656
f 1299/764/657 1252/1584/1172 1250/765/453
f 1051/1725/1247 1053/820/699 1054/1724/1246
f 688/1832/1044 529/950/796 687/867/734
f 583/767/658 582/1479/1101 603/768/659
f 621/473/422 655/715/624 668/770/284
f 580/1321/870 420/824/703 488/823/702
f 450/1760/793 448/888/747 449/623/550
f 540/846/722 679/1507/1116 581/1327/1036
f 17/203/196 21/389/358 22/771/661
f 886/773/663 887/1397/1071 888/774/539
f 465/776/665 466/1410/1076 467/777/666
f 282/1212/967 705/1833/1237 622/1551/1154
f 325/779/668 334/135/134 323/136/135
f 268/503/445 274/491/435 284/219/210
f 87/785/674 50/129/128 49/142/141
f 236/39/39 163/38/38 167/786/675
f 1023/787/676 993/13/13 1049/15/15
f 669/414/378 638/370/344 637/412/377
f 88/358/258 86/357/332 9/788/677
f 398/663/579 680/1794/1261 344/1806/1267
f 163/38/38 162/1059/863 166/113/112
f 882/790/678 883/1014/831 884/791/679
f 463/793/681 462/1834/1272 959/609/538
f 622/1551/1154 623/172/169 282/1212/967
f 486/1835/765 578/1404/1073 579/1836/1031
f 1314/63/63 1196/62/62 1140/1640/1211
f 1130/1618/1194 1129/1663/1224 1274/1837/1181
f 885/794/680 955/782/671 954/784/673
f 764/559/497 763/558/496 765/796/503
f 849/405/371 1023/1838/676 996/1082/501
f 1103/1708/1240 1102/1629/1203 1314/1631/63
f 577/840/717 559/1188/953 498/908/766
f 631/1839/1111 662/1472/1099 632/1471/1098
f 452/347/324 451/1840/1273 515/798/271
f 129/1301/1022 247/444/400 133/298/280
f 910/868/735 529/950/796 482/1841/1028
f 97/800/684 10/296/278 132/801/685
f 719/487/431 723/1778/973 712/532/473
f 864/1045/852 761/646/564 309/1842/386
f 634/748/644 624/583/515 406/802/686
f 587/314/294 867/557/495 764/559/497
f 18/772/662 20/204/197 17/203/196
f 127/806/688 16/1843/353 85/807/270
f 573/1376/1059 544/163/160 489/876/741
f 504/1434/1084 860/836/715 507/1311/1027
f 1052/818/697 1136/1637/1208 1137/819/698
f 704/1430/809 601/1844/1028 982/1431/735
f 916/826/705 573/1845/1059 422/827/706
f 489/1846/741 490/1389/593 423/1847/1274
f 909/829/708 910/1848/735 907/830/709
f 921/832/711 577/1849/717 576/833/712
f 696/1850/1097 919/1851/936 697/1452/869
f 197/330/310 205/988/823 206/240/229
f 929/835/714 702/1852/868 860/836/715
f 546/289/273 437/288/272 476/844/696
f 433/315/295 592/1/1 606/3/3
f 264/513/454 263/495/439 274/491/435
f 896/848/574 939/1853/45 940/849/44
f 591/922/774 620/1854/1050 986/923/50
f 520/814/94 439/688/601 523/853/727
f 461/855/22 554/953/799 555/856/726
f 488/858/702 487/1552/704 453/346/323
f 692/860/43 956/1015/832 937/861/731
f 991/863/733 598/1855/1275 618/864/720
f 984/870/736 983/1856/877 599/1020/833
f 549/185/31 518/1793/1038 517/869/3
f 562/873/739 525/1857/826 524/874/740
f 889/878/664 959/609/538 958/879/97
f 916/1401/705 915/1858/707 879/1275/1005
f 523/881/727 465/1859/665 558/882/744
f 515/884/271 451/1860/1273 543/162/159
f 830/886/173 807/602/532 805/887/746
f 530/952/798 482/1841/1028 529/950/796
f 448/888/747 581/1861/1036 949/889/748
f 533/890/749 444/1445/1076 531/891/750
f 496/893/752 456/1862/1003 494/40/40
f 502/276/260 501/1402/320 467/777/666
f 542/164/161 514/1863/1037 513/885/745
f 147/445/401 144/88/88 143/90/90
f 926/894/753 927/1864/1055 859/895/754
f 568/897/756 470/943/790 566/898/757
f 519/899/758 457/1865/108 550/183/180
f 506/900/759 505/963/704 471/901/760
f 1033/592/523 1032/594/525 1020/1229/981
f 535/903/762 533/890/749 532/892/751
f 485/526/467 534/940/787 537/905/764
f 959/609/538 462/1834/1272 701/907/98
f 498/908/766 560/1323/1033 468/909/667
f 909/1027/708 908/1866/710 875/1030/840
f 557/911/161 522/1867/1034 521/883/728
f 903/941/788 936/1868/732 937/1382/731
f 935/919/486 868/659/575 905/658/574
f 987/921/469 975/698/608 591/922/774
f 477/927/696 556/1869/729 555/852/726
f 865/928/778 869/1393/1069 957/929/682
f 859/895/754 927/1864/1055 928/837/707
f 1306/933/780 1083/1664/1225 1086/934/781
f 1012/1056/860 1010/1481/1102 1011/1502/1115
f 907/830/709 911/1314/1030 913/936/783
f 557/911/161 939/1870/45 522/1867/1034
f 1089/937/784 1088/1611/1191 1179/938/785
f 542/164/161 933/1871/1047 514/1863/1037
f 575/256/241 551/184/181 492/999/828
f 533/890/749 535/903/762 537/905/764
f 563/875/33 565/1444/798 564/942/789
f 991/863/733 980/1002/468 979/871/737
f 289/1130/910 299/1872/351 408/1132/687
f 568/897/756 569/902/761 471/901/760
f 1170/1544/1147 1274/1595/1181 1283/338/317
f 140/944/791 141/353/330 209/355/331
f 538/345/322 447/1004/762 450/946/793
f 890/947/487 891/1418/1005 892/948/794
f 528/33/33 530/952/798 529/950/796
f 736/1156/930 253/1110/895 281/1157/931
f 528/33/33 443/1873/665 446/951/797
f 554/953/799 461/855/22 464/277/261
f 889/775/664 962/1874/743 941/75/75
f 612/954/800 602/959/804 616/955/801
f 568/897/756 570/22/22 572/957/802
f 612/954/800 593/1875/835 596/958/803
f 613/70/70 614/1058/862 595/960/805
f 543/162/159 451/1860/1273 454/961/806
f 472/962/807 471/901/760 505/963/704
f 990/51/51 619/1354/1049 704/965/809
f 854/1817/992 816/81/81 973/215/208
f 978/967/811 977/49/49 990/51/51
f 80/170/167 1/169/166 2/968/812
f 901/103/102 866/710/620 757/709/619
f 191/326/306 195/157/154 192/328/308
f 26/398/360 28/397/364 27/432/390
f 963/1876/1276 564/942/789 703/1064/867
f 506/900/759 569/902/761 572/957/802
f 855/1096/886 974/673/588 780/572/506
f 531/970/750 435/816/695 478/817/696
f 380/640/350 366/639/561 352/972/813
f 1132/1292/1018 1264/1877/1196 1280/1743/1173
f 1128/935/782 1127/1621/1197 1320/1008/830
f 643/974/815 666/675/590 641/677/592
f 135/319/299 41/123/122 44/122/121
f 105/979/559 19/1878/1254 18/772/662
f 895/981/820 894/1371/1056 965/982/821
f 809/984/822 683/417/381 369/985/327
f 197/330/310 221/1879/188 226/987/654
f 492/1880/828 493/41/41 491/1736/1249
f 871/989/824 962/1722/743 958/98/97
f 906/105/104 942/1881/1052 943/1120/902
f 480/104/103 441/810/690 524/993/740
f 526/995/827 469/1882/1008 563/875/33
f 967/996/776 893/1883/795 965/982/821
f 192/328/308 196/327/307 220/998/179
f 492/999/828 552/1007/829 460/1000/110
f 980/1002/468 991/863/733 989/865/719
f 447/1004/762 538/345/322 539/1005/721
f 1320/1008/830 1238/1249/919 1306/933/780
f 484/1009/40 481/1488/1106 483/1010/465
f 723/1218/973 730/1756/106 712/1884/473
f 603/1012/659 596/1023/803 595/960/805
f 883/1014/831 882/790/678 956/1015/832
f 978/967/811 981/1885/987 985/1017/738
f 956/1015/832 692/860/43 691/1019/240
f 599/1020/833 598/1855/1275 991/863/733
f 739/600/530 705/1700/1237 685/1283/1012
f 550/183/180 457/1865/108 460/1000/110
f 126/418/382 41/123/122 125/318/298
f 507/1311/1027 702/1852/868 508/1312/1028
f 248/1260/998 256/529/470 279/739/637
f 1113/1564/1161 1114/1137/916 1066/1136/915
f 922/1067/869 503/1763/262 923/1068/870
f 1157/1676/1230 1088/1611/1191 1087/1387/1064
f 995/483/427 849/405/371 848/407/373
f 300/1886/1277 634/748/644 406/802/686
f 307/1041/848 416/547/488 324/780/669
f 1201/1597/1182 1193/1714/1244 1101/1709/1241
f 593/1022/835 594/68/68 595/960/805
f 95/442/398 62/1642/1212 61/334/314
f 349/1193/956 424/564/500 586/1294/1020
f 93/1263/282 95/1091/398 130/627/554
f 604/769/660 605/1887/975 583/767/658
f 1002/1888/524 1004/713/623 1001/1889/845
f 795/1795/1262 382/187/183 302/1807/1268
f 1005/1103/890 849/405/371 996/1082/501
f 401/626/553 399/617/546 400/616/545
f 905/658/574 872/924/775 695/1325/696
f 945/1025/837 688/1343/1044 687/1026/734
f 784/560/498 757/709/619 759/1226/978
f 877/1029/839 874/1351/1048 875/1030/840
f 494/40/40 574/1317/1032 491/1736/1249
f 100/606/535 12/608/537 13/707/617
f 1313/1033/61 1195/1720/1243 1194/1034/843
f 561/1036/725 466/1410/1076 465/776/665
f 1040/912/767 1026/914/769 1001/1038/845
f 324/780/669 323/136/135 306/1040/847
f 1219/1042/849 1197/1890/844 1289/1043/850
f 23/482/389 25/393/361 26/392/360
f 752/614/543 743/1427/1083 750/538/479
f 137/718/337 32/1812/1269 119/694/556
f 1006/648/566 1009/1051/857 1008/762/655
f 406/802/686 271/821/700 408/803/687
f 287/435/393 626/1186/951 378/387/357
f 1006/648/566 1008/762/655 706/1086/881
f 807/602/532 808/634/557 806/47/47
f 670/1048/343 643/974/815 630/1049/855
f 780/572/506 786/672/587 787/575/509
f 1009/1051/857 1024/1102/889 1035/1052/858
f 238/687/484 166/113/112 162/1059/863
f 101/1060/864 100/1203/535 72/1061/865
f 960/1066/540 924/1891/838 922/1067/869
f 1018/1069/871 1046/1094/67 1047/1070/14
f 1031/1075/853 1030/1892/854 1016/1076/875
f 153/279/263 247/444/400 151/280/264
f 984/1078/736 985/1235/738 584/1079/876
f 565/1444/798 508/1893/1028 564/942/789
f 1211/1084/879 1212/16/16 1210/259/244
f 866/710/620 904/850/724 871/989/824
f 1142/1087/882 1141/1516/1122 1197/1088/844
f 99/1090/399 98/479/425 130/627/554
f 648/1092/883 649/1280/1010 650/1093/884
f 1030/1892/854 1017/1073/873 1016/1076/875
f 228/1268/421 149/1757/189 148/1801/1266
f 1017/1073/873 1033/1072/523 1046/1094/67
f 1185/726/629 1070/1894/1278 1069/1895/1279
f 1021/913/768 1040/912/767 1038/29/29
f 650/1093/884 649/1280/1010 667/301/212
f 888/774/539 887/1397/1071 920/1100/713
f 900/1332/696 866/710/620 899/542/483
f 104/980/558 18/772/662 22/771/661
f 1184/1818/616 1294/1896/1236 1185/726/629
f 600/1897/764 598/1855/1275 599/1020/833
f 439/688/601 440/690/603 561/851/725
f 298/1405/1074 289/1130/910 276/1129/909
f 527/31/31 930/1898/1046 511/1734/95
f 228/1268/421 154/1899/187 149/1757/189
f 136/1408/1075 2/968/812 81/1182/949
f 570/1900/22 895/981/820 572/1901/802
f 454/1105/806 451/1840/1273 452/347/324
f 1160/1740/641 1091/1411/1077 1159/556/494
f 92/36/36 8/35/35 98/479/425
f 252/1106/54 285/1902/903 251/530/471
f 254/1903/893 250/1107/892 249/1261/894
f 255/52/52 252/54/54 250/1111/892
f 258/1113/896 259/1139/917 256/529/470
f 120/1114/897 33/1904/1280 74/1115/898
f 263/1116/439 258/1113/896 257/531/472
f 1155/1905/1169 1084/1511/1118 1083/1906/1225
f 728/492/436 727/494/438 735/406/372
f 805/887/746 806/47/47 803/1118/900
f 944/1119/901 873/822/701 906/105/104
f 270/53/53 271/821/700 624/583/515
f 272/1121/534 408/803/687 271/821/700
f 252/54/54 270/53/53 269/585/516
f 1317/1123/904 1263/1555/1155 1262/1124/905
f 903/941/788 477/927/696 516/1330/94
f 721/1126/407 720/1907/409 726/1127/907
f 724/497/434 721/1126/407 725/1128/908
f 277/604/533 278/1131/911 276/1129/909
f 254/1108/893 253/1110/895 278/1131/911
f 272/605/534 277/604/533 289/1130/910
f 16/380/353 3/200/194 132/801/685
f 1180/939/786 1179/938/785 1256/1133/912
f 332/618/547 333/1259/997 322/1134/913
f 1104/1135/914 1063/1908/1281 1066/1136/915
f 866/710/620 871/989/824 851/711/621
f 1100/1626/1201 1069/1895/1279 1068/1909/1282
f 294/210/203 290/468/418 291/402/368
f 1089/937/784 1087/1387/1064 1088/1611/1191
f 260/1138/455 261/1910/945 259/1139/917
f 1239/1140/918 1240/1693/962 1238/1141/919
f 161/1143/921 159/383/355 230/385/226
f 341/1911/980 349/1193/956 586/1294/1020
f 288/1219/974 378/387/357 296/208/201
f 1161/1526/1132 1121/1214/969 1122/271/255
f 1006/648/566 753/475/423 741/1446/572
f 305/812/692 412/684/599 303/1145/923
f 412/684/599 307/1912/848 306/1147/847
f 333/1259/997 338/437/395 337/1773/937
f 303/1148/923 306/1040/847 310/56/56
f 1234/1535/1140 1228/1695/1231 1232/1608/1189
f 311/1149/924 314/1253/412 318/1150/411
f 321/1151/925 332/618/547 319/458/410
f 205/988/823 226/987/654 214/1152/926
f 184/321/301 183/238/227 206/240/229
f 350/1153/927 346/165/162 351/167/164
f 323/136/135 326/57/57 310/56/56
f 785/1104/891 681/566/502 770/568/222
f 714/523/464 737/522/463 736/1156/930
f 771/1158/929 770/232/222 772/234/224
f 328/1160/334 316/1913/460 318/459/411
f 340/1161/842 864/1222/852 330/55/55
f 833/214/207 815/80/80 807/602/532
f 331/1162/933 330/55/55 326/57/57
f 1068/1909/1282 1070/1894/1278 1067/1914/1283
f 884/791/679 883/1014/831 917/1164/935
f 335/1185/950 327/1163/934 334/135/134
f 231/426/199 179/320/300 135/319/299
f 335/1185/950 339/1414/1080 331/1162/933
f 332/618/547 321/1151/925 400/616/545
f 1093/1915/1091 1132/1292/1018 1094/1412/1078
f 901/103/102 872/924/775 905/658/574
f 297/1710/1242 296/208/201 378/387/357
f 429/703/613 802/416/380 811/415/379
f 1247/1169/940 1307/1675/1229 1131/1170/941
f 1111/1567/1162 1112/1044/851 1062/1394/1070
f 142/470/420 228/471/421 227/1172/268
f 260/514/455 266/505/447 265/1174/944
f 921/1396/711 920/1100/713 887/1397/1071
f 756/1176/491 760/582/490 762/581/514
f 628/77/77 397/433/391 396/78/78
f 368/1178/947 352/972/813 366/639/561
f 496/1179/752 459/110/109 458/1180/948
f 1322/1704/942 1277/374/347 1178/1512/1119
f 81/1182/949 127/806/688 82/808/269
f 385/1184/414 339/1414/1080 335/1185/950
f 379/388/236 378/387/357 626/1186/951
f 112/1780/359 66/146/145 56/138/137
f 759/1226/978 768/1790/508 784/560/498
f 1115/1536/1141 1298/12/12 1226/1696/1166
f 33/1916/1280 120/1428/897 34/716/625
f 223/299/281 146/180/177 220/182/179
f 558/882/744 560/1323/1033 559/1188/953
f 377/1189/352 299/1872/351 375/1190/954
f 388/1192/511 389/1758/965 349/1193/956
f 384/1195/957 388/1917/511 348/1154/928
f 14/295/277 15/297/279 96/1196/958
f 754/1197/959 753/1918/423 826/1198/72
f 373/1199/960 372/450/405 354/248/234
f 1237/1200/961 1236/1248/993 1240/1201/962
f 57/141/140 72/1061/865 100/1203/535
f 1040/1503/767 1025/1919/846 1011/1502/1115
f 715/521/462 714/523/464 711/1204/636
f 625/76/76 273/220/211 628/77/77
f 1066/1136/915 1295/1737/64 1113/1564/1161
f 812/25/25 809/984/822 823/986/326
f 371/1205/952 627/653/569 364/1206/964
f 388/578/511 365/580/513 426/654/570
f 124/1920/1023 11/607/536 101/1803/864
f 200/332/312 208/282/266 227/284/268
f 65/147/146 75/576/510 102/577/354
f 181/160/157 175/119/118 209/1210/331
f 376/1211/955 359/599/529 362/59/59
f 155/760/653 141/353/330 212/1297/1021
f 282/1212/967 623/172/169 393/403/369
f 522/1324/1034 896/848/574 520/814/94
f 370/1213/968 360/702/612 359/599/529
f 1121/1214/969 1255/1687/1226 1259/1215/970
f 722/499/430 734/498/441 733/1217/972
f 397/433/391 287/435/393 288/1219/974
f 253/1110/895 280/1309/1026 281/1157/931
f 157/1745/1250 159/383/355 156/207/200
f 664/1053/345 666/675/590 643/974/815
f 604/1013/660 614/1058/862 600/1220/764
f 864/1222/852 309/422/386 308/421/385
f 1085/1513/1120 1083/1906/1225 1084/1511/1118
f 1198/1223/976 1104/1135/914 1114/1137/916
f 757/709/619 756/553/491 758/1225/946
f 403/436/394 402/438/396 342/1227/979
f 111/1776/1051 30/367/341 24/481/426
f 1045/1085/880 997/756/650 706/1086/881
f 332/618/547 338/437/395 333/1259/997
f 407/781/670 284/219/210 625/76/76
f 1020/1229/981 1019/1305/1025 1046/67/67
f 221/1921/188 145/89/89 149/1757/189
f 630/1829/855 632/1471/1098 629/596/526
f 740/1021/834 994/493/437 739/600/530
f 309/804/386 428/551/489 304/1146/384
f 1/169/166 16/1843/353 127/806/688
f 9/1751/677 15/297/279 10/296/278
f 138/1816/1270 33/1916/1280 32/1812/1269
f 160/205/198 161/1143/921 173/266/251
f 1192/1231/983 1285/1449/1087 1110/1232/984
f 785/1104/891 400/616/545 321/1151/925
f 585/1234/986 584/1079/876 985/1235/738
f 654/758/651 672/1922/92 653/747/91
f 1257/1237/988 1158/1610/1190 1302/1238/133
f 193/249/235 219/250/175 225/1240/370
f 1316/1600/1184 1202/1598/1183 1294/1697/1236
f 347/1923/417 331/1162/933 339/1414/1080
f 410/1241/989 334/135/134 325/779/668
f 317/520/461 412/684/599 312/518/459
f 639/1766/1255 658/1475/1100 640/222/213
f 172/312/113 138/1816/1270 171/717/111
f 1254/554/492 1308/1672/1228 1256/1242/912
f 424/564/500 349/1193/956 389/1758/965
f 973/1244/208 970/588/519 857/1245/991
f 933/1384/1047 475/1924/94 514/1329/1037
f 1236/1248/993 1306/933/780 1238/1249/919
f 885/794/680 884/1468/679 455/1250/994
f 177/316/296 176/118/117 230/236/226
f 313/1252/995 315/1820/632 314/1253/412
f 427/565/501 424/564/500 389/1758/965
f 1015/1255/996 1045/1925/880 1042/1256/247
f 329/1258/335 328/1160/334 322/1134/913
f 349/1193/956 350/1926/927 348/1194/928
f 907/830/709 484/1009/40 911/1314/1030
f 250/1107/892 251/530/471 248/1260/998
f 850/1264/647 852/1460/1009 774/1265/999
f 638/1927/344 665/1650/1218 664/1053/345
f 1025/1919/846 1012/1056/860 1011/1502/1115
f 1034/1928/874 1003/712/622 1002/1888/524
f 411/563/499 427/565/501 425/375/348
f 29/1266/1000 36/216/209 121/218/100
f 228/1268/421 148/1801/1266 222/1269/966
f 404/1167/938 418/731/633 336/359/333
f 589/809/689 441/810/690 480/104/103
f 369/350/327 298/1405/1074 708/348/325
f 629/596/526 632/1471/1098 663/1272/1002
f 429/703/613 682/424/387 386/1447/1079
f 1001/1038/845 1026/914/769 1032/594/525
f 754/1197/959 741/656/572 753/1918/423
f 547/1181/779 548/1929/694 456/1273/1003
f 645/619/548 647/1602/1185 644/735/635
f 1256/1242/912 1308/1672/1228 1134/1274/1004
f 692/1930/43 551/184/181 691/255/240
f 703/1064/867 508/1893/1028 702/1065/868
f 879/1275/1005 915/1858/707 914/1276/1006
f 878/546/487 879/1275/1005 880/1277/1007
f 469/1278/1008 470/943/790 471/901/760
f 1036/1081/878 1024/1102/889 996/1082/501
f 701/99/98 477/927/696 898/97/96
f 649/1280/1010 648/1092/883 677/364/338
f 150/1281/1011 246/177/174 215/179/176
f 745/1825/477 293/749/645 292/728/630
f 685/1283/1012 684/1501/1114 836/401/367
f 371/1205/952 352/972/813 627/653/569
f 775/570/504 777/571/505 798/351/328
f 329/361/335 337/1166/937 336/359/333
f 137/363/337 64/335/315 63/362/336
f 970/588/519 969/1095/885 857/1245/991
f 797/1284/1013 862/465/415 682/1285/387
f 833/1290/207 799/589/520 970/588/519
f 729/108/107 730/107/106 1005/1291/890
f 1134/1274/1004 1094/1412/1078 1132/1292/1018
f 1200/1293/1019 1105/1633/1205 1104/1135/914
f 403/1254/394 341/1911/980 586/1294/1020
f 861/1295/1014 846/263/248 834/265/250
f 848/407/373 735/406/372 727/494/438
f 212/1297/1021 211/1409/383 214/1298/926
f 845/190/186 792/189/185 793/1299/598
f 685/1931/1012 394/469/419 684/1823/1114
f 1176/681/596 1175/1142/920 1238/1141/919
f 251/530/471 256/529/470 248/1260/998
f 317/520/461 307/1912/848 412/684/599
f 819/502/444 999/1144/922 709/500/442
f 1023/1838/676 995/483/427 993/757/13
f 225/404/370 151/280/264 129/1301/1022
f 536/1932/763 900/1332/696 698/1334/1040
f 1071/1933/1284 1167/1288/1016 1168/1934/1136
f 315/730/632 681/566/502 320/729/631
f 784/560/498 867/557/495 901/103/102
f 782/645/563 864/1045/852 783/466/416
f 126/1935/382 81/1182/949 83/1183/560
f 894/1371/1056 571/1936/24 968/1937/1035
f 869/1393/1069 865/928/778 863/1173/943
f 875/1030/840 908/1866/710 913/1304/783
f 1019/1305/1025 1020/1229/981 1021/913/768
f 265/1174/944 705/1833/1237 726/1938/907
f 1016/1076/875 1018/1069/871 1015/1255/996
f 526/1306/827 441/810/690 442/1303/1024
f 800/590/521 792/189/185 790/1749/1252
f 866/710/620 896/848/574 904/850/724
f 1147/741/639 1198/1939/976 1225/1308/977
f 714/523/464 281/1157/931 280/1309/1026
f 485/1011/467 486/1777/765 484/1009/40
f 565/1310/798 509/1723/808 507/1311/1027
f 912/1313/1029 913/936/783 911/1314/1030
f 918/1316/239 575/896/241 574/1317/1032
f 951/1319/552 914/1940/1006 421/1320/754
f 1028/662/578 1029/1941/861 1004/713/623
f 207/161/158 208/282/266 200/332/312
f 384/1322/957 383/269/253 355/246/232
f 78/344/321 68/149/148 67/148/147
f 695/1325/696 872/924/775 966/926/777
f 581/1327/1036 679/1507/1116 897/1024/836
f 514/1329/1037 475/1924/94 436/915/770
f 516/1330/94 438/990/825 517/992/3
f 900/1332/696 899/542/483 947/1333/1039
f 976/700/610 988/699/609 989/842/719
f 566/1307/757 442/1303/1024 479/1335/1041
f 918/1016/239 917/1164/935 883/1014/831
f 890/947/487 944/1407/901 943/1337/902
f 878/546/487 935/545/486 934/1339/773
f 688/1343/1044 945/1025/837 931/1344/1045
f 690/1349/1044 952/1340/1043 934/1339/773
f 874/1351/1048 932/1416/1060 931/1344/1045
f 619/1354/1049 990/51/51 986/50/50
f 877/1356/839 946/1400/1072 947/1357/1039
f 912/1346/1029 579/1836/1031 578/1404/1073
f 830/176/173 801/175/172 799/589/520
f 992/1361/810 982/1942/735 585/1234/986
f 608/1362/2 593/1875/835 612/954/800
f 110/439/397 52/131/130 51/130/129
f 496/1179/752 495/290/42 459/110/109
f 489/876/741 545/877/742 454/961/806
f 538/345/322 452/347/324 546/799/273
f 1140/1640/1211 1188/1943/1176 1314/63/63
f 942/1366/1052 963/1944/1276 964/1338/1042
f 657/1099/214 656/1417/527 650/1093/884
f 597/1367/1053 613/70/70 609/69/69
f 676/1456/627 662/1945/1099 646/1455/1090
f 894/1371/1056 968/1937/1035 966/997/777
f 881/1372/485 950/624/551 949/889/748
f 554/953/799 466/1410/1076 561/1036/725
f 992/966/810 981/1885/987 978/967/811
f 857/1245/991 969/1095/885 755/750/646
f 553/1380/1061 431/811/691 432/813/693
f 870/1381/1062 903/941/788 937/1382/731
f 478/817/696 536/1932/763 532/971/751
f 479/1335/1041 571/1946/24 567/1336/23
f 1131/1170/941 1307/1675/1229 1087/1387/1064
f 577/1849/717 497/1747/1251 576/833/712
f 420/824/703 423/1847/1274 490/1389/593
f 936/1868/732 516/1330/94 518/1331/1038
f 1181/1390/1066 1288/1534/1139 1065/1391/1067
f 1146/1718/1245 1059/1947/1285 1145/1537/1142
f 870/1381/1062 938/1383/1063 957/929/682
f 1289/1043/850 1059/1948/1285 1062/1394/1070
f 863/1173/943 870/1381/1062 869/1393/1069
f 961/74/74 694/43/43 693/1395/716
f 922/1067/869 924/1891/838 920/834/713
f 887/1397/1071 886/773/663 961/74/74
f 964/1338/1042 963/1944/1276 703/1398/867
f 946/1400/1072 877/1356/839 876/1347/841
f 950/624/551 881/1372/485 880/1359/1007
f 1201/1597/1182 1067/1949/1283 1070/1950/1278
f 879/1275/1005 878/546/487 952/1340/1043
f 35/225/216 22/771/661 21/389/358
f 875/1030/840 874/1351/1048 945/1025/837
f 468/778/667 467/777/666 501/1402/320
f 578/1404/1073 699/1442/1056 946/1400/1072
f 618/864/720 597/1951/1053 611/1952/1054
f 653/747/91 636/1953/591 634/748/644
f 376/1191/955 375/1190/954 298/1405/1074
f 893/949/795 967/1954/776 944/1407/901
f 1015/1255/996 1041/1257/246 1044/1077/649
f 930/1438/1046 473/94/94 511/96/95
f 136/1408/1075 126/1935/382 211/1409/383
f 240/1955/433 164/1735/1248 237/37/37
f 554/953/799 502/276/260 467/777/666
f 1134/1274/1004 1308/1672/1228 1091/1411/1077
f 386/1413/1079 347/1923/417 339/1414/1080
f 874/1351/1048 877/1029/839 948/1415/482
f 464/1956/261 923/1957/870 503/1958/262
f 651/720/626 650/1093/884 656/1417/527
f 891/1418/1005 890/947/487 964/1338/1042
f 891/1418/1005 928/1959/707 927/1419/1055
f 139/1420/939 157/1745/1250 156/207/200
f 458/1180/948 457/109/108 519/1421/758
f 952/1340/1043 690/1349/1044 689/1423/1058
f 1173/744/642 1229/1691/1093 1318/1424/1081
f 1103/1960/1240 1188/1588/1176 1098/1587/1175
f 867/557/495 433/315/295 591/922/774
f 11/607/536 133/1262/280 130/627/554
f 169/1961/376 165/212/205 164/1735/1248
f 426/654/570 627/653/569 588/1815/380
f 743/1427/1083 742/1783/1259 839/485/429
f 926/983/753 925/1962/755 895/981/820
f 851/711/621 863/1173/943 757/709/619
f 402/438/396 401/626/553 343/664/580
f 68/149/148 111/1364/1051 51/130/129
f 120/1428/897 114/430/388 27/432/390
f 1243/1689/1234 1237/1667/961 1241/1662/963
f 440/690/603 438/990/825 516/1330/94
f 334/135/134 390/20/20 335/1185/950
f 965/982/821 893/1883/795 892/1369/794
f 32/1812/1269 34/716/625 31/695/607
f 1283/1729/317 1129/1663/1224 1281/1542/1145
f 103/650/193 77/649/567 67/148/147
f 977/49/49 978/967/811 979/1018/737
f 590/1271/1001 611/1963/1054 609/1436/69
f 902/540/481 474/1506/94 930/1438/1046
f 956/1015/832 882/790/678 938/1439/1063
f 615/956/31 607/1964/723 606/1363/3
f 929/1399/714 928/1959/707 891/1418/1005
f 512/1441/772 443/1873/665 528/33/33
f 951/625/552 580/1759/870 449/623/550
f 699/1442/1056 698/1965/1040 947/1357/1039
f 602/959/804 601/1844/1028 616/955/801
f 512/918/772 434/917/771 435/816/695
f 868/659/575 935/919/486 953/1379/1057
f 873/822/701 944/1119/901 967/925/776
f 563/875/33 469/1882/1008 472/1443/807
f 885/792/680 957/1966/682 938/1439/1063
f 613/70/70 597/1367/1053 600/1220/764
f 621/473/422 628/746/77 273/714/211
f 558/882/744 465/1859/665 468/909/667
f 533/890/749 534/940/787 445/525/466
f 267/504/446 283/173/170 623/172/169
f 584/1079/876 605/1887/975 983/1080/877
f 234/213/206 170/1967/287 241/1968/288
f 385/463/414 361/462/413 429/703/613
f 732/655/571 731/657/573 738/1448/1086
f 161/1143/921 160/205/198 156/207/200
f 1154/1606/1188 1079/1679/1232 1153/1579/1167
f 690/1969/1044 544/163/160 689/1375/1058
f 1285/1449/1087 1055/1970/1257 1058/1450/1088
f 300/1886/1277 371/1971/952 626/1972/951
f 626/1972/951 634/748/644 300/1886/1277
f 298/1405/1074 405/1705/1238 708/348/325
f 607/1964/723 619/1730/1049 620/1973/1050
f 699/1442/1056 536/1974/763 698/1965/1040
f 697/1452/869 919/1851/936 917/1318/935
f 35/225/216 36/216/209 29/1266/1000
f 368/1178/947 426/654/570 352/972/813
f 265/1174/944 720/1975/409 261/1175/945
f 464/1956/261 462/1834/1272 463/793/681
f 410/1241/989 425/375/348 390/20/20
f 646/1455/1090 645/619/548 675/621/339
f 901/103/102 867/557/495 975/698/608
f 175/119/118 178/317/297 210/1457/792
f 1064/1781/1068 1106/1632/1204 1150/1976/615
f 640/222/213 638/370/344 639/1766/1255
f 1092/745/643 1173/744/642 1174/1425/1082
f 470/943/790 469/1278/1008 526/1459/827
f 852/1460/1009 759/1977/978 758/1177/946
f 436/915/770 413/685/600 415/689/602
f 423/1847/1274 421/1320/754 422/827/706
f 421/1320/754 914/1940/1006 915/828/707
f 456/1862/1003 697/1452/869 494/40/40
f 1227/1461/1092 1305/1589/1177 1229/1462/1093
f 633/1453/1089 669/1495/378 655/715/624
f 358/579/512 355/246/232 354/248/234
f 1107/1464/1095 1204/1978/1221 1207/1465/65
f 696/1467/1097 455/1250/994 884/1468/679
f 676/1470/627 663/1272/1002 632/1471/1098
f 774/1265/999 758/1177/946 762/581/514
f 713/1473/105 711/738/636 710/533/474
f 207/161/158 199/331/311 241/1474/288
f 660/1497/1112 661/1979/1186 631/1496/1111
f 90/1476/549 89/441/34 54/143/142
f 124/1477/1023 123/1625/1200 204/158/155
f 602/1478/804 603/768/659 582/1479/1101
f 1010/1481/1102 1036/1808/878 1037/1482/30
f 1292/1484/1103 1225/1308/977 1224/1485/1104
f 417/1247/349 368/1178/947 367/58/58
f 530/1487/798 483/1010/465 481/1488/1106
f 488/858/702 541/859/730 450/946/793
f 673/1490/1107 654/758/651 652/759/652
f 652/759/652 677/472/338 674/1491/340
f 631/1496/1111 630/1049/855 643/974/815
f 1020/1229/981 1032/594/525 1026/914/769
f 829/1498/403 686/691/604 827/693/606
f 642/975/816 641/677/592 671/93/93
f 643/974/815 642/975/816 660/1497/1112
f 707/1500/1113 744/399/365 836/401/367
f 865/928/778 700/1386/672 548/931/694
f 1011/1502/1115 1010/1481/1102 1038/1483/29
f 644/735/635 647/1602/1185 642/1504/816
f 392/1505/814 300/1886/1277 406/802/686
f 1022/1098/888 1050/28/28 1049/15/15
f 573/1845/1059 423/1847/1274 422/827/706
f 590/1271/1001 480/104/103 901/103/102
f 474/1506/94 902/540/481 897/1024/836
f 1029/1941/861 1001/1889/845 1004/713/623
f 345/1508/1117 302/1807/1268 382/187/183
f 1061/740/638 1059/1948/1285 1060/1822/1271
f 475/1924/94 695/1325/696 479/1335/1041
f 1081/682/597 1079/1679/1232 1080/680/595
f 868/659/575 897/1024/836 901/103/102
f 738/1448/1086 708/348/325 405/1705/1238
f 585/1234/986 583/767/658 584/1079/876
f 481/1488/1106 910/1848/735 482/1489/1028
f 620/1854/1050 433/315/295 607/847/723
f 594/68/68 593/1022/835 608/1509/2
f 269/585/516 275/584/440 285/1122/903
f 866/710/620 902/540/481 899/542/483
f 624/583/515 273/714/211 275/584/440
f 571/1946/24 695/1325/696 968/1326/1035
f 434/917/771 473/94/94 476/844/696
f 562/873/739 942/1980/1052 525/1857/826
f 1084/1511/1118 1177/1577/1165 1178/1512/1119
f 157/1745/1250 19/1764/1254 158/1768/1256
f 1007/71/71 972/196/190 853/198/192
f 1057/1515/1121 1056/1775/1258 1141/1516/1122
f 280/1821/1026 248/1260/998 279/739/637
f 500/342/40 576/833/712 497/1747/1251
f 1085/1513/1120 1126/1981/1239 1086/1982/781
f 587/314/294 313/1252/995 311/1149/924
f 1265/1527/1133 1093/1458/1091 1174/1425/1082
f 1169/1529/1135 1071/1983/1284 1168/1530/1136
f 1181/1390/1066 1064/1392/1068 1150/1984/615
f 238/543/484 194/6/6 203/159/156
f 1145/1985/1142 1059/1948/1285 1289/1043/850
f 1139/1539/1143 1055/1986/1257 1285/1540/1087
f 1281/1542/1145 1089/937/784 1180/939/786
f 1171/1543/1146 1072/1987/1264 1170/1544/1147
f 717/454/408 261/1910/945 720/455/409
f 1126/1981/1239 1275/1767/1199 1269/1988/1015
f 1312/1712/1215 1284/1646/1216 1100/1626/1201
f 901/103/102 873/822/701 872/924/775
f 1074/1797/1263 1165/1556/1156 1166/1623/1198
f 1135/1638/1209 1310/1614/450 1312/1645/1215
f 33/1904/1280 134/642/562 74/1115/898
f 266/505/447 267/504/446 622/1551/1154
f 1166/1623/1198 1263/1555/1155 1272/1617/1193
f 734/498/441 735/406/372 849/405/371
f 1043/260/245 1014/763/656 1027/660/576
f 925/896/755 504/1434/1084 506/1433/759
f 582/1479/1101 982/1942/735 601/1480/1028
f 353/247/233 820/46/46 373/1199/960
f 454/1105/806 453/346/323 487/1552/704
f 438/990/825 431/811/691 553/1380/1061
f 443/1554/665 444/1445/1076 445/525/466
f 1280/1743/1173 1133/153/152 1132/1292/1018
f 124/1477/1023 71/1062/866 123/1625/1200
f 1198/1557/976 1147/1717/639 1199/1558/1157
f 749/539/480 746/537/478 821/733/48
f 1199/1558/1157 1146/1718/1245 1203/1594/1180
f 1272/1617/1193 1268/1289/1017 1166/1623/1198
f 1113/1564/1161 1220/1738/1223 1224/1565/1104
f 1149/1547/1150 1077/1522/1128 1216/1520/1126
f 1111/1567/1162 1215/1739/1217 1218/1568/1163
f 1109/1569/1164 1209/1989/1220 1213/1570/18
f 1143/1546/1149 1212/16/16 1209/1653/1220
f 1023/787/676 1050/28/28 1037/30/30
f 1286/1533/1138 1214/1726/985 1213/1572/18
f 1239/1140/918 1154/1606/1188 1298/1574/12
f 1248/292/274 1249/1673/452 1247/1576/940
f 86/357/332 128/708/618 9/788/677
f 1227/1461/1092 1228/1677/1231 1226/1578/1166
f 839/485/429 838/484/428 740/1021/834
f 1236/1248/993 1237/1200/961 1235/1580/1168
f 1245/1582/1170 1307/1675/1229 1247/1169/940
f 1119/1583/1171 1246/1604/451 1250/765/453
f 1318/1424/1081 1266/1528/1134 1174/1425/1082
f 1190/1586/1174 1099/1627/1202 1098/1587/1175
f 1134/1274/1004 1133/153/152 1324/155/9
f 259/1139/917 716/1230/982 256/529/470
f 1124/1560/1158 1123/1643/1213 1263/1990/1155
f 600/1897/764 983/1856/877 605/1991/975
f 575/896/241 491/1736/1249 574/1317/1032
f 1305/1589/1177 1079/1679/1232 1082/1590/1178
f 1208/1591/1096 1288/1534/1139 1181/1390/1066
f 1286/1533/1138 1204/1978/1221 1107/1464/1095
f 1291/1671/1109 1109/1992/1164 1290/1652/1219
f 1229/1462/1093 1305/1589/1177 1125/1562/1159
f 1301/132/131 1244/1605/1187 1119/1583/1171
f 1303/976/817 1253/1688/493 1121/1214/969
f 1082/1590/1178 1270/1634/1206 1123/1643/1213
f 108/464/215 46/124/123 40/117/116
f 99/443/399 69/339/318 59/144/143
f 1120/1524/1130 1163/1521/1127 1216/1520/1126
f 239/86/86 195/157/154 191/326/306
f 1116/1519/1125 1161/1526/1132 1205/1525/1131
f 290/468/418 748/1993/1260 707/1994/1113
f 592/1/1 589/809/689 610/1437/1085
f 1073/1799/1265 1171/1826/1146 1172/1619/1195
f 1275/1995/1199 1167/1288/1016 1269/1287/1015
f 1146/1718/1245 1193/1719/1244 1203/1594/1180
f 62/1642/1212 64/335/315 61/334/314
f 1191/1639/1210 1135/1638/1209 1312/1645/1215
f 1315/1593/1179 1200/1559/1019 1199/1558/1157
f 1283/1729/317 1281/1542/1145 1282/8/8
f 1106/1632/1204 1105/1633/1205 1316/1702/1184
f 1310/508/450 1186/507/449 1284/1646/1216
f 715/521/462 713/106/105 729/108/107
f 1315/1599/1179 1203/1596/1180 1202/1598/1183
f 660/1601/1112 642/1504/816 647/1602/1185
f 1112/1044/851 1111/1567/1162 1219/1042/849
f 1114/1137/916 1113/1564/1161 1225/1224/977
f 1214/1726/985 1286/1533/1138 1137/819/698
f 783/466/416 789/82/82 781/84/84
f 1154/1606/1188 1239/1140/918 1175/1142/920
f 1303/976/817 1234/1535/1140 1232/1608/1189
f 1234/1535/1140 1303/976/817 1161/1526/1132
f 264/1609/454 260/1138/455 258/1113/896
f 1158/1610/1190 1257/1237/988 1179/938/785
f 58/140/139 73/452/406 72/1061/865
f 763/558/496 767/561/286 769/1612/223
f 397/433/391 395/171/168 283/173/170
f 1282/8/8 1180/939/786 1324/9/9
f 1096/517/458 1183/587/518 1309/1613/448
f 1096/517/458 1095/516/457 1183/587/518
f 1190/1615/1174 1188/1996/1176 1139/1539/1143
f 1319/1616/1192 1269/1287/1015 1268/1289/1017
f 1192/1716/983 1189/1541/1144 1285/1540/1087
f 718/488/432 719/487/431 716/1230/982
f 1267/1125/906 1262/1124/905 1172/1619/1195
f 1127/1621/1197 1269/1753/1015 1319/1622/1192
f 1167/1288/1016 1074/1797/1263 1166/1623/1198
f 1278/152/151 1273/151/150 1168/1530/1136
f 203/159/156 204/158/155 123/1625/1200
f 1100/1626/1201 1068/1909/1282 1098/1587/1175
f 1102/1629/1203 1195/1713/1243 1313/1630/61
f 1106/1632/1204 1063/1908/1281 1104/1135/914
f 73/452/406 74/1115/898 71/1062/866
f 1270/1634/1206 1081/682/597 1176/681/596
f 1272/1997/1193 1270/1634/1206 1271/1635/1207
f 1319/1636/1192 1272/1997/1193 1271/1635/1207
f 1136/1637/1208 1052/818/697 1135/1638/1209
f 1141/1516/1122 1056/1775/1258 1140/1640/1211
f 1192/1998/983 1136/1637/1208 1191/1639/1210
f 115/1641/404 118/696/555 31/695/607
f 62/1642/1212 201/156/153 202/85/85
f 1125/1562/1159 1082/1590/1178 1123/1643/1213
f 1271/1635/1207 1176/681/596 1320/1300/830
f 1311/1644/1214 1192/1998/983 1191/1639/1210
f 1185/726/629 1069/1895/1279 1284/1646/1216
f 1309/1647/448 1183/1628/518 1182/1532/1137
f 1222/1548/1151 1223/1656/1222 1221/273/257
f 1215/1648/1217 1149/1547/1150 1217/1494/1110
f 665/1650/1218 633/1999/1089 635/1054/859
f 1110/1232/984 1109/1569/1164 1214/1233/985
f 342/1227/979 350/1153/927 341/1228/980
f 1204/1654/1221 1138/1545/1148 1206/1563/1160
f 960/611/540 923/1957/870 463/793/681
f 143/90/90 145/89/89 217/1655/362
f 1138/1545/1148 1075/1517/1123 1205/1525/1131
f 1223/1656/1222 1222/1548/1151 1293/1657/1105
f 1151/1549/1152 1223/1656/1222 1220/1659/1223
f 1109/1569/1164 1110/1232/984 1058/1450/1088
f 993/757/13 997/756/650 1048/1660/872
f 221/1879/188 189/324/304 217/394/362
f 1108/586/517 1107/1464/1095 1208/1466/1096
f 1297/10/10 1243/1689/1234 1241/1662/963
f 1257/1237/988 1258/1680/990 1256/1133/912
f 1131/1170/941 1090/1388/1065 1129/1663/1224
f 1306/933/780 1236/1248/993 1155/1581/1169
f 1255/1665/1226 1254/554/492 1258/1243/990
f 1237/1667/961 1243/1689/1234 1117/1668/1227
f 1290/1652/1219 1219/1089/849 1218/1670/1163
f 1252/1584/1172 1299/764/657 1163/1521/1127
f 1308/1672/1228 1254/554/492 1159/556/494
f 305/812/692 865/928/778 432/813/693
f 1249/1673/452 1248/292/274 1251/294/276
f 1307/1675/1229 1245/1582/1170 1157/1676/1230
f 358/579/512 357/252/237 364/1206/964
f 1228/1677/1231 1227/1461/1092 1231/1463/1094
f 1261/1216/971 1301/132/131 1164/1523/1129
f 1120/1524/1130 1119/1583/1171 1252/1584/1172
f 1305/1589/1177 1227/1461/1092 1153/1579/1167
f 1258/1680/990 1257/1237/988 1260/1239/132
f 863/1173/943 428/551/489 756/553/491
f 1230/1682/1233 1160/743/641 1304/1683/819
f 1231/1685/1094 1230/1682/1233 1233/1684/818
f 1122/271/255 1121/1214/969 1261/1216/971
f 1156/1690/1235 1248/292/274 1177/1577/1165
f 1230/1682/1233 1231/1685/1094 1229/1691/1093
f 818/651/568 1007/71/71 853/198/192
f 1225/1308/977 1292/1484/1103 1148/742/640
f 1245/1582/1170 1246/509/451 1244/1692/1187
f 1240/1693/962 1239/1140/918 1242/1575/11
f 1228/1695/1231 1234/1535/1140 1115/1536/1141
f 1243/1689/1234 1297/10/10 1162/1518/1124
f 1201/1597/1182 1070/1950/1278 1294/1697/1236
f 1267/1698/906 1264/2000/1196 1265/1527/1133
f 1317/1699/904 1267/1698/906 1266/1528/1134
f 725/1128/908 726/1127/907 705/1700/1237
f 1105/1633/1205 1200/1293/1019 1315/1701/1179
f 1165/1556/1156 1073/1799/1265 1172/1619/1195
f 1100/1626/1201 1099/1627/1202 1312/1712/1215
f 1321/1703/149 1278/372/151 1277/374/347
f 737/522/463 738/1448/1086 405/1705/1238
f 1130/1618/1194 1274/1837/1181 1321/1706/149
f 1128/935/782 1086/934/781 1126/1707/1239
f 179/320/300 183/238/227 180/322/302
f 1103/1708/1240 1067/1949/1283 1101/1709/1241
f 372/727/405 295/209/202 297/1710/1242
f 1099/1627/1202 1190/1586/1174 1311/1711/1214
f 1276/373/346 1085/1513/1120 1178/1512/1119
f 1195/1713/1243 1102/1629/1203 1101/1709/1241
f 1311/1715/1214 1190/1615/1174 1189/1541/1144
f 1147/741/639 1060/1822/1271 1146/2001/1245
f 1193/1719/1244 1145/1537/1142 1194/1034/843
f 1124/1560/1158 1263/1990/1155 1317/1721/904
f 904/850/724 941/1385/75 962/1722/743
f 925/1962/755 572/1901/802 895/981/820
f 1103/1960/1240 1068/1909/1282 1067/1914/1283
f 1177/1577/1165 1247/1576/940 1322/1704/942
f 1244/1692/1187 1158/1610/1190 1157/1676/1230
f 1300/293/275 1155/1905/1169 1235/2002/1168
f 1281/1542/1145 1090/1388/1065 1089/937/784
f 1116/1519/1125 1205/1525/1131 1075/1517/1123
f 1120/1524/1130 1216/1520/1126 1077/1522/1128
f 846/263/248 861/1295/1014 856/1755/648
f 942/1881/1052 480/104/103 525/994/826
f 618/843/720 590/1271/1001 617/841/718
f 1272/1997/1193 1123/1643/1213 1270/1634/1206
f 1184/2003/616 1106/1632/1204 1316/1702/1184
f 589/809/689 587/314/294 413/685/600
f 436/915/770 475/1924/94 479/1335/1041
f 405/1705/1238 278/1131/911 736/1156/930
f 115/449/404 60/145/144 70/333/313
f 504/1434/1084 507/1311/1027 509/1723/808
f 679/1507/1116 473/94/94 474/1506/94
f 196/327/307 201/156/153 224/631/374
f 1169/1529/1135 1072/1987/1264 1071/1983/1284
f 1054/1724/1246 1286/1533/1138 1107/1464/1095
f 1290/1652/1219 1058/2004/1088 1057/1515/1121
f 1162/1518/1124 1115/1536/1141 1116/1519/1125
f 1163/1521/1127 1117/1668/1227 1118/257/242
f 448/888/747 540/2005/722 581/1861/1036
f 81/1182/949 1/169/166 127/806/688
f 1054/1724/1246 1108/586/517 1095/516/457
f 1136/1637/1208 1192/1998/983 1214/1726/985
f 531/891/750 444/1445/1076 443/1554/665
f 462/1834/1272 556/2006/729 701/907/98
f 1326/2007/1286 1327/2008/1287 1328/2009/1288
f 1330/2010/1289 1331/2011/1290 1329/2012/1291
f 1330/2013/1289 1403/2014/1292 1333/2015/1293
f 1331/2016/1290 1330/2013/1289 1332/2017/1294
f 1332/2017/1294 1330/2013/1289 1333/2015/1293
f 1333/2015/1293 1475/2018/1295 1412/2019/1296
f 1332/2017/1294 1333/2015/1293 1412/2019/1296
f 1540/2020/1297 1325/2021/1298 1748/2022/1299
f 1335/2023/1300 1540/2020/1297 1748/2022/1299
f 1512/2024/1301 1537/2025/1302 1511/2026/1303
f 1537/2025/1302 1335/2023/1300 1511/2026/1303
f 1483/2027/1304 1693/2028/1305 1700/2029/1306
f 1541/2030/1307 1336/2031/1308 1483/2032/1304
f 1541/2030/1307 1483/2032/1304 1700/2033/1306
f 1483/2027/1304 1484/2034/1309 1693/2028/1305
f 1696/2035/1310 1475/2018/1295 1337/2036/1311
f 1337/2036/1311 1475/2018/1295 1541/2030/1307
f 1541/2030/1307 1475/2018/1295 1336/2031/1308
f 1338/2037/1312 1343/2038/1313 1339/2039/1314
f 1331/2011/1290 1338/2037/1312 1339/2039/1314
f 1338/2040/1312 1331/2016/1290 1332/2017/1294
f 1340/2041/1315 1338/2040/1312 1332/2017/1294
f 1331/2011/1290 1339/2039/1314 1329/2012/1291
f 1340/2041/1315 1332/2017/1294 1696/2035/1310
f 1696/2035/1310 1332/2017/1294 1412/2019/1296
f 1343/2038/1313 1338/2037/1312 1340/2042/1315
f 1342/2043/1316 1341/2044/1317 1343/2038/1313
f 1342/2043/1316 1343/2038/1313 1340/2042/1315
f 1343/2038/1313 1341/2044/1317 1326/2007/1286
f 1342/2045/1316 1340/2041/1315 1696/2035/1310
f 1344/2046/1318 1328/2009/1288 1327/2008/1287
f 1345/2047/1319 1353/2048/1320 1472/2049/1321
f 1339/2039/1314 1346/2050/1322 1329/2012/1291
f 1329/2012/1291 1346/2050/1322 1474/2051/1323
f 1339/2039/1314 1343/2038/1313 1346/2050/1322
f 1347/2052/1324 1349/2053/1325 1348/2054/1326
f 1350/2055/1327 1347/2052/1324 1348/2054/1326
f 1347/2052/1324 1353/2048/1320 1349/2053/1325
f 1350/2055/1327 1348/2054/1326 1351/2056/1328
f 1352/2057/1329 1347/2052/1324 1350/2055/1327
f 1352/2057/1329 1353/2048/1320 1347/2052/1324
f 1486/2058/1330 1354/2059/1331 1356/2060/1332
f 1355/2061/1333 1354/2059/1331 1486/2058/1330
f 1531/2062/1334 1355/2061/1333 1486/2058/1330
f 1486/2058/1330 1356/2060/1332 1424/2063/1335
f 1518/2064/1336 1355/2061/1333 1531/2062/1334
f 1354/2059/1331 1334/2065/1337 1356/2060/1332
f 1361/2066/1338 1568/2067/1339 1357/2068/1340
f 1360/2069/1341 1569/2070/1342 1361/2066/1338
f 1361/2066/1338 1569/2070/1342 1568/2067/1339
f 1568/2067/1339 1358/2071/1343 1357/2068/1340
f 1358/2071/1343 1742/2072/1344 1518/2073/1336
f 1359/2074/1345 1360/2069/1341 1361/2066/1338
f 1358/2071/1343 1518/2073/1336 1517/2075/1343
f 1357/2068/1340 1358/2071/1343 1517/2075/1343
f 1363/2076/1346 1364/2077/1347 1329/2078/1291
f 1364/2079/1347 1365/2080/1348 1329/2081/1291
f 1394/2082/1349 1366/2083/1350 1364/2077/1347
f 1363/2076/1346 1394/2082/1349 1364/2077/1347
f 1364/2077/1347 1396/2084/1351 1365/2085/1348
f 1364/2077/1347 1366/2083/1350 1396/2084/1351
f 1351/2086/1328 1367/2087/1352 1368/2088/1353
f 1369/2089/1354 1370/2090/1355 1368/2088/1353
f 1367/2087/1352 1369/2089/1354 1368/2088/1353
f 1368/2088/1353 1394/2082/1349 1363/2076/1346
f 1368/2088/1353 1370/2090/1355 1394/2082/1349
f 1371/2091/1356 1367/2087/1352 1351/2086/1328
f 1348/2092/1326 1372/2093/1357 1371/2091/1356
f 1348/2092/1326 1371/2091/1356 1351/2086/1328
f 1397/2094/1358 1373/2095/1359 1371/2091/1356
f 1372/2093/1357 1397/2094/1358 1371/2091/1356
f 1371/2091/1356 1369/2089/1354 1367/2087/1352
f 1371/2091/1356 1373/2095/1359 1369/2089/1354
f 1374/2096/1360 1372/2097/1357 1349/2053/1325
f 1349/2053/1325 1372/2097/1357 1348/2054/1326
f 1375/2098/1361 1376/2099/1362 1372/2093/1357
f 1375/2098/1361 1372/2093/1357 1374/2100/1360
f 1376/2099/1362 1397/2094/1358 1372/2093/1357
f 1377/2101/1363 1349/2053/1325 1470/2102/1364
f 1377/2101/1363 1374/2096/1360 1349/2053/1325
f 1378/2103/1365 1377/2101/1363 1379/2104/1366
f 1379/2104/1366 1377/2101/1363 1470/2102/1364
f 1399/2105/1367 1380/2106/1368 1377/2107/1363
f 1399/2105/1367 1377/2107/1363 1378/2108/1365
f 1377/2107/1363 1375/2098/1361 1374/2100/1360
f 1380/2106/1368 1375/2098/1361 1377/2107/1363
f 1385/2109/1369 1381/2110/1370 1382/2111/1371
f 1382/2111/1371 1381/2110/1370 1379/2104/1366
f 1383/2112/1372 1384/2113/1373 1381/2114/1370
f 1385/2115/1369 1383/2112/1372 1381/2114/1370
f 1381/2114/1370 1399/2105/1367 1378/2108/1365
f 1384/2113/1373 1399/2105/1367 1381/2114/1370
f 1381/2110/1370 1378/2103/1365 1379/2104/1366
f 1386/2116/1374 1385/2109/1369 1387/2117/1375
f 1387/2117/1375 1385/2109/1369 1382/2111/1371
f 1402/2118/1376 1388/2119/1377 1385/2115/1369
f 1386/2120/1374 1402/2118/1376 1385/2115/1369
f 1388/2119/1377 1383/2112/1372 1385/2115/1369
f 1614/2121/1378 1679/2122/1379 1401/2123/1380
f 1329/2078/1291 1365/2085/1348 1330/2013/1289
f 1365/2085/1348 1396/2084/1351 1403/2014/1292
f 1330/2013/1289 1365/2085/1348 1403/2014/1292
f 1497/2124/1381 1410/2125/1382 1389/2126/1383
f 1497/2124/1381 1389/2126/1383 1419/2127/1384
f 1420/2128/1385 1390/2129/1386 1497/2124/1381
f 1420/2128/1385 1497/2124/1381 1419/2127/1384
f 1411/2130/1387 1420/2128/1385 1485/2131/1388
f 1411/2130/1387 1390/2129/1386 1420/2128/1385
f 1426/2132/1389 1523/2133/1390 1391/2134/1391
f 1524/2135/1392 1523/2133/1390 1426/2132/1389
f 1524/2135/1392 1392/2136/1393 1523/2133/1390
f 1393/2137/1394 1392/2136/1393 1524/2135/1392
f 1393/2137/1394 1519/2138/1395 1392/2136/1393
f 1431/2139/1396 1394/2082/1349 1370/2090/1355
f 1431/2139/1396 1432/2140/1397 1394/2082/1349
f 1395/2141/1398 1431/2139/1396 1369/2089/1354
f 1369/2089/1354 1431/2139/1396 1370/2090/1355
f 1441/2142/1399 1396/2084/1351 1366/2083/1350
f 1441/2142/1399 1442/2143/1400 1396/2084/1351
f 1432/2140/1397 1441/2142/1399 1394/2082/1349
f 1394/2082/1349 1441/2142/1399 1366/2083/1350
f 1443/2144/1401 1397/2094/1358 1376/2099/1362
f 1443/2144/1401 1444/2145/1402 1397/2094/1358
f 1398/2146/1403 1443/2144/1401 1375/2098/1361
f 1375/2098/1361 1443/2144/1401 1376/2099/1362
f 1450/2147/1404 1369/2089/1354 1373/2095/1359
f 1450/2147/1404 1395/2141/1398 1369/2089/1354
f 1397/2094/1358 1444/2145/1402 1450/2147/1404
f 1397/2094/1358 1450/2147/1404 1373/2095/1359
f 1451/2148/1405 1399/2105/1367 1384/2113/1373
f 1451/2148/1405 1452/2149/1406 1399/2105/1367
f 1400/2150/1407 1451/2148/1405 1383/2112/1372
f 1383/2112/1372 1451/2148/1405 1384/2113/1373
f 1460/2151/1408 1375/2098/1361 1380/2106/1368
f 1460/2151/1408 1398/2146/1403 1375/2098/1361
f 1399/2105/1367 1452/2149/1406 1460/2151/1408
f 1399/2105/1367 1460/2151/1408 1380/2106/1368
f 1679/2122/1379 1402/2118/1376 1401/2123/1380
f 1679/2122/1379 1462/2152/1409 1402/2118/1376
f 1464/2153/1410 1383/2112/1372 1388/2119/1377
f 1464/2153/1410 1400/2150/1407 1383/2112/1372
f 1462/2152/1409 1464/2153/1410 1402/2118/1376
f 1402/2118/1376 1464/2153/1410 1388/2119/1377
f 1442/2143/1400 1403/2014/1292 1396/2084/1351
f 1442/2143/1400 1465/2154/1411 1403/2014/1292
f 1404/2155/1412 1478/2156/1413 1333/2015/1293
f 1465/2154/1411 1404/2155/1412 1403/2014/1292
f 1403/2014/1292 1404/2155/1412 1333/2015/1293
f 1539/2157/1414 1405/2158/1415 1406/2159/1416
f 1405/2158/1415 1407/2160/1417 1408/2161/1418
f 1407/2160/1417 1405/2158/1415 1539/2157/1414
f 1409/2162/1419 1405/2163/1415 1362/2164/1420
f 1362/2164/1420 1405/2163/1415 1408/2165/1418
f 1410/2166/1382 1406/2167/1416 1405/2163/1415
f 1410/2166/1382 1405/2163/1415 1409/2162/1419
f 1341/2044/1317 1327/2008/1287 1326/2007/1286
f 1342/2043/1316 1413/2168/1421 1341/2044/1317
f 1413/2168/1421 1414/2169/1422 1341/2044/1317
f 1341/2044/1317 1414/2169/1422 1327/2008/1287
f 1413/2170/1421 1342/2045/1316 1696/2035/1310
f 1415/2171/1423 1344/2046/1318 1414/2169/1422
f 1627/2172/1424 1415/2171/1423 1414/2169/1422
f 1414/2169/1422 1344/2046/1318 1327/2008/1287
f 1413/2168/1421 1627/2172/1424 1414/2169/1422
f 1627/2173/1424 1413/2170/1421 1696/2035/1310
f 1632/2174/1425 1416/2175/1426 1418/2176/1427
f 1632/2174/1425 1418/2176/1427 1334/2177/1337
f 1630/2178/1428 1485/2131/1388 1416/2175/1426
f 1416/2175/1426 1485/2131/1388 1417/2179/1429
f 1334/2177/1337 1418/2176/1427 1356/2180/1332
f 1416/2175/1426 1417/2179/1429 1418/2176/1427
f 1356/2060/1332 1425/2181/1430 1424/2063/1335
f 1418/2176/1427 1417/2179/1429 1425/2182/1430
f 1418/2183/1427 1425/2181/1430 1356/2060/1332
f 1421/2184/1431 1423/2185/1432 1422/2186/1433
f 1424/2063/1335 1425/2181/1430 1421/2184/1431
f 1424/2063/1335 1421/2184/1431 1422/2186/1433
f 1420/2128/1385 1419/2127/1384 1421/2187/1431
f 1425/2182/1430 1420/2128/1385 1421/2187/1431
f 1421/2188/1431 1389/2189/1383 1423/2190/1432
f 1421/2187/1431 1419/2127/1384 1389/2126/1383
f 1417/2179/1429 1420/2128/1385 1425/2182/1430
f 1485/2131/1388 1420/2128/1385 1417/2179/1429
f 1528/2191/1434 1427/2192/1435 1503/2193/1436
f 1503/2193/1436 1427/2192/1435 1428/2194/1437
f 1429/2195/1438 1430/2196/1439 1427/2197/1435
f 1429/2195/1438 1427/2197/1435 1528/2198/1434
f 1427/2197/1435 1524/2135/1392 1426/2132/1389
f 1430/2196/1439 1524/2135/1392 1427/2197/1435
f 1427/2197/1435 1391/2134/1391 1428/2199/1437
f 1427/2197/1435 1426/2132/1389 1391/2134/1391
f 1433/2200/1440 1434/2201/1441 1435/2202/1442
f 1433/2200/1440 1435/2202/1442 1436/2203/1443
f 1435/2202/1442 1437/2204/1444 1438/2205/1445
f 1434/2201/1441 1437/2204/1444 1435/2202/1442
f 1435/2206/1442 1432/2140/1397 1431/2139/1396
f 1435/2206/1442 1438/2207/1445 1432/2140/1397
f 1395/2141/1398 1436/2208/1443 1435/2206/1442
f 1395/2141/1398 1435/2206/1442 1431/2139/1396
f 1438/2205/1445 1439/2209/1446 1466/2210/1447
f 1437/2204/1444 1439/2209/1446 1438/2205/1445
f 1438/2207/1445 1440/2211/1448 1441/2142/1399
f 1438/2207/1445 1466/2212/1447 1440/2211/1448
f 1432/2140/1397 1438/2207/1445 1441/2142/1399
f 1441/2142/1399 1440/2211/1448 1442/2143/1400
f 1509/2213/1449 1445/2214/1450 1448/2215/1451
f 1509/2213/1449 1448/2215/1451 1446/2216/1452
f 1445/2214/1450 1447/2217/1453 1448/2215/1451
f 1448/2215/1451 1444/2145/1402 1443/2144/1401
f 1446/2216/1452 1448/2215/1451 1398/2146/1403
f 1398/2146/1403 1448/2215/1451 1443/2144/1401
f 1449/2218/1454 1433/2200/1440 1436/2203/1443
f 1447/2219/1453 1433/2200/1440 1449/2218/1454
f 1449/2220/1454 1395/2141/1398 1450/2147/1404
f 1449/2220/1454 1436/2208/1443 1395/2141/1398
f 1444/2145/1402 1448/2215/1451 1449/2220/1454
f 1444/2145/1402 1449/2220/1454 1450/2147/1404
f 1447/2219/1453 1449/2218/1454 1448/2221/1451
f 1359/2222/1345 1453/2223/1455 1454/2224/1456
f 1455/2225/1457 1359/2222/1345 1454/2224/1456
f 1454/2224/1456 1456/2226/1458 1457/2227/1459
f 1453/2223/1455 1456/2226/1458 1454/2224/1456
f 1454/2224/1456 1452/2149/1406 1451/2148/1405
f 1454/2224/1456 1457/2227/1459 1452/2149/1406
f 1455/2225/1457 1454/2224/1456 1400/2150/1407
f 1400/2150/1407 1454/2224/1456 1451/2148/1405
f 1458/2228/1460 1509/2213/1449 1446/2216/1452
f 1459/2229/1461 1509/2213/1449 1458/2228/1460
f 1458/2228/1460 1398/2146/1403 1460/2151/1408
f 1458/2228/1460 1446/2216/1452 1398/2146/1403
f 1457/2227/1459 1458/2228/1460 1452/2149/1406
f 1452/2149/1406 1458/2228/1460 1460/2151/1408
f 1456/2226/1458 1459/2229/1461 1458/2228/1460
f 1456/2226/1458 1458/2228/1460 1457/2227/1459
f 1461/2230/1462 1462/2152/1409 1679/2122/1379
f 1463/2231/1463 1462/2152/1409 1461/2230/1462
f 1455/2225/1457 1400/2150/1407 1464/2153/1410
f 1463/2231/1463 1455/2225/1457 1462/2152/1409
f 1462/2152/1409 1455/2225/1457 1464/2153/1410
f 1360/2232/1341 1359/2222/1345 1455/2225/1457
f 1463/2231/1463 1360/2232/1341 1455/2225/1457
f 1440/2211/1448 1465/2154/1411 1442/2143/1400
f 1466/2212/1447 1439/2233/1446 1467/2234/1464
f 1466/2212/1447 1465/2154/1411 1440/2211/1448
f 1466/2212/1447 1467/2234/1464 1465/2154/1411
f 1465/2154/1411 1467/2234/1464 1476/2235/1465
f 1465/2154/1411 1476/2235/1465 1404/2155/1412
f 1469/2236/1466 1382/2111/1371 1379/2104/1366
f 1469/2236/1466 1471/2237/1467 1382/2111/1371
f 1468/2238/1468 1471/2237/1467 1469/2236/1466
f 1353/2048/1320 1470/2102/1364 1349/2053/1325
f 1470/2102/1364 1468/2238/1468 1469/2236/1466
f 1353/2048/1320 1468/2238/1468 1470/2102/1364
f 1470/2102/1364 1469/2236/1466 1379/2104/1366
f 1685/2239/1469 1387/2117/1375 1471/2237/1467
f 1468/2238/1468 1685/2239/1469 1471/2237/1467
f 1471/2237/1467 1387/2117/1375 1382/2111/1371
f 1346/2050/1322 1472/2049/1321 1474/2051/1323
f 1343/2038/1313 1326/2007/1286 1346/2050/1322
f 1326/2007/1286 1328/2009/1288 1346/2050/1322
f 1346/2050/1322 1328/2009/1288 1472/2049/1321
f 1474/2051/1323 1472/2049/1321 1352/2057/1329
f 1472/2049/1321 1353/2048/1320 1352/2057/1329
f 1352/2057/1329 1350/2055/1327 1473/2240/1470
f 1368/2241/1353 1473/2240/1470 1351/2056/1328
f 1473/2240/1470 1350/2055/1327 1351/2056/1328
f 1363/2242/1346 1474/2051/1323 1473/2240/1470
f 1473/2240/1470 1368/2241/1353 1363/2242/1346
f 1329/2012/1291 1474/2051/1323 1363/2242/1346
f 1474/2051/1323 1352/2057/1329 1473/2240/1470
f 1467/2234/1464 1500/2243/1471 1476/2235/1465
f 1476/2235/1465 1500/2243/1471 1501/2244/1472
f 1439/2209/1446 1477/2245/1473 1500/2246/1471
f 1467/2247/1464 1439/2209/1446 1500/2246/1471
f 1476/2235/1465 1501/2244/1472 1478/2156/1413
f 1404/2155/1412 1476/2235/1465 1478/2156/1413
f 1483/2027/1304 1481/2248/1474 1484/2034/1309
f 1480/2249/1475 1479/2250/1476 1481/2251/1474
f 1483/2032/1304 1480/2249/1475 1481/2251/1474
f 1481/2251/1474 1498/2252/1477 1482/2253/1478
f 1481/2251/1474 1479/2250/1476 1498/2252/1477
f 1336/2031/1308 1480/2249/1475 1483/2032/1304
f 1475/2018/1295 1480/2249/1475 1336/2031/1308
f 1494/2254/1479 1495/2255/1480 1542/2256/1481
f 1602/2257/1482 1495/2255/1480 1411/2130/1387
f 1542/2256/1481 1495/2255/1480 1602/2257/1482
f 1696/2035/1310 1412/2019/1296 1475/2018/1295
f 1488/2258/1483 1489/2259/1484 1487/2260/1485
f 1531/2062/1334 1486/2058/1330 1487/2260/1485
f 1489/2259/1484 1531/2062/1334 1487/2260/1485
f 1487/2260/1485 1424/2063/1335 1422/2186/1433
f 1487/2260/1485 1486/2058/1330 1424/2063/1335
f 1481/2248/1474 1482/2261/1478 1491/2262/1486
f 1491/2262/1486 1492/2263/1487 1493/2264/1488
f 1490/2265/1489 1491/2262/1486 1530/2266/1490
f 1491/2262/1486 1493/2264/1488 1530/2266/1490
f 1484/2034/1309 1481/2248/1474 1491/2262/1486
f 1484/2034/1309 1491/2262/1486 1490/2265/1489
f 1494/2254/1479 1390/2129/1386 1495/2255/1480
f 1496/2267/1491 1410/2125/1382 1497/2124/1381
f 1496/2267/1491 1406/2268/1416 1410/2125/1382
f 1494/2254/1479 1496/2267/1491 1390/2129/1386
f 1390/2129/1386 1496/2267/1491 1497/2124/1381
f 1325/2021/1298 1496/2269/1491 1494/2270/1479
f 1495/2255/1480 1390/2129/1386 1411/2130/1387
f 1479/2250/1476 1391/2271/1391 1498/2252/1477
f 1499/2272/1492 1504/2273/1493 1479/2250/1476
f 1499/2272/1492 1479/2250/1476 1480/2249/1475
f 1504/2273/1493 1391/2271/1391 1479/2250/1476
f 1333/2015/1293 1478/2156/1413 1475/2018/1295
f 1475/2018/1295 1499/2272/1492 1480/2249/1475
f 1478/2156/1413 1499/2272/1492 1475/2018/1295
f 1502/2274/1494 1503/2193/1436 1428/2194/1437
f 1502/2275/1494 1391/2271/1391 1504/2273/1493
f 1502/2275/1494 1428/2276/1437 1391/2271/1391
f 1500/2243/1471 1502/2275/1494 1501/2244/1472
f 1501/2244/1472 1502/2275/1494 1504/2273/1493
f 1477/2245/1473 1503/2193/1436 1502/2274/1494
f 1477/2245/1473 1502/2274/1494 1500/2246/1471
f 1501/2244/1472 1504/2273/1493 1499/2272/1492
f 1478/2156/1413 1501/2244/1472 1499/2272/1492
f 1507/2277/1495 1357/2068/1340 1517/2075/1343
f 1509/2278/1449 1459/2279/1461 1508/2280/1496
f 1508/2280/1496 1456/2281/1458 1510/2282/1497
f 1459/2279/1461 1456/2281/1458 1508/2280/1496
f 1508/2280/1496 1357/2068/1340 1507/2277/1495
f 1508/2280/1496 1510/2282/1497 1357/2068/1340
f 1509/2278/1449 1508/2280/1496 1507/2277/1495
f 1510/2282/1497 1359/2074/1345 1361/2066/1338
f 1453/2283/1455 1359/2074/1345 1510/2282/1497
f 1510/2282/1497 1361/2066/1338 1357/2068/1340
f 1456/2281/1458 1453/2283/1455 1510/2282/1497
f 1693/2028/1305 1484/2034/1309 1708/2284/1498
f 1490/2265/1489 1692/2285/1499 1708/2284/1498
f 1484/2034/1309 1490/2265/1489 1708/2284/1498
f 1512/2024/1301 1511/2026/1303 1549/2286/1301
f 1530/2266/1490 1512/2024/1301 1692/2285/1499
f 1692/2285/1499 1512/2024/1301 1549/2286/1301
f 1490/2265/1489 1530/2266/1490 1692/2285/1499
f 1439/2209/1446 1437/2204/1444 1513/2287/1500
f 1439/2209/1446 1513/2287/1500 1505/2288/1501
f 1505/2288/1501 1513/2287/1500 1506/2289/1502
f 1513/2287/1500 1514/2290/1503 1506/2289/1502
f 1513/2287/1500 1433/2200/1440 1515/2291/1504
f 1434/2201/1441 1433/2200/1440 1513/2287/1500
f 1513/2287/1500 1515/2291/1504 1514/2290/1503
f 1437/2204/1444 1434/2201/1441 1513/2287/1500
f 1433/2200/1440 1447/2219/1453 1515/2291/1504
f 1515/2291/1504 1447/2219/1453 1516/2292/1505
f 1515/2291/1504 1516/2292/1505 1507/2277/1495
f 1514/2290/1503 1515/2291/1504 1507/2277/1495
f 1445/2293/1450 1509/2278/1449 1516/2292/1505
f 1516/2292/1505 1509/2278/1449 1507/2277/1495
f 1447/2219/1453 1445/2293/1450 1516/2292/1505
f 1514/2290/1503 1517/2075/1343 1518/2073/1336
f 1507/2277/1495 1517/2075/1343 1514/2290/1503
f 1523/2133/1390 1498/2294/1477 1391/2134/1391
f 1520/2295/1506 1519/2296/1395 1393/2297/1394
f 1526/2298/1507 1519/2296/1395 1520/2295/1506
f 1482/2261/1478 1522/2299/1508 1491/2262/1486
f 1498/2294/1477 1523/2133/1390 1522/2300/1508
f 1498/2294/1477 1522/2300/1508 1482/2301/1478
f 1392/2136/1393 1521/2302/1509 1522/2300/1508
f 1523/2133/1390 1392/2136/1393 1522/2300/1508
f 1522/2299/1508 1492/2263/1487 1491/2262/1486
f 1522/2299/1508 1521/2303/1509 1492/2263/1487
f 1534/2304/1510 1524/2305/1392 1430/2306/1439
f 1534/2304/1510 1533/2307/1511 1524/2305/1392
f 1488/2308/1483 1534/2304/1510 1429/2309/1438
f 1429/2309/1438 1534/2304/1510 1430/2306/1439
f 1533/2307/1511 1520/2295/1506 1524/2305/1392
f 1524/2305/1392 1520/2295/1506 1393/2297/1394
f 1525/2310/1512 1506/2289/1502 1532/2311/1513
f 1477/2245/1473 1439/2209/1446 1529/2312/1514
f 1529/2312/1514 1506/2289/1502 1525/2310/1512
f 1439/2209/1446 1505/2288/1501 1529/2312/1514
f 1505/2288/1501 1506/2289/1502 1529/2312/1514
f 1506/2289/1502 1514/2290/1503 1532/2311/1513
f 1477/2245/1473 1529/2312/1514 1528/2191/1434
f 1477/2245/1473 1528/2191/1434 1503/2193/1436
f 1528/2191/1434 1525/2310/1512 1527/2313/1515
f 1529/2312/1514 1525/2310/1512 1528/2191/1434
f 1528/2191/1434 1527/2313/1515 1429/2314/1438
f 1530/2266/1490 1493/2264/1488 1538/2315/1516
f 1530/2266/1490 1538/2315/1516 1335/2023/1300
f 1492/2263/1487 1407/2160/1417 1538/2315/1516
f 1492/2263/1487 1538/2315/1516 1493/2264/1488
f 1530/2266/1490 1335/2023/1300 1537/2025/1302
f 1530/2266/1490 1537/2025/1302 1512/2024/1301
f 1408/2161/1418 1492/2263/1487 1521/2303/1509
f 1408/2161/1418 1407/2160/1417 1492/2263/1487
f 1362/2164/1420 1408/2165/1418 1392/2316/1393
f 1392/2316/1393 1408/2165/1418 1521/2317/1509
f 1526/2298/1507 1392/2316/1393 1519/2296/1395
f 1526/2298/1507 1362/2164/1420 1392/2316/1393
f 1429/2314/1438 1527/2313/1515 1489/2318/1484
f 1429/2314/1438 1489/2318/1484 1488/2319/1483
f 1525/2310/1512 1531/2320/1334 1489/2318/1484
f 1525/2310/1512 1489/2318/1484 1527/2313/1515
f 1525/2310/1512 1532/2311/1513 1518/2073/1336
f 1525/2310/1512 1518/2073/1336 1531/2320/1334
f 1514/2290/1503 1518/2073/1336 1532/2311/1513
f 1518/2064/1336 1547/2321/1517 1355/2061/1333
f 1547/2321/1517 1564/2322/1518 1355/2061/1333
f 1355/2061/1333 1564/2322/1518 1354/2059/1331
f 1564/2322/1518 1334/2065/1337 1354/2059/1331
f 1536/2323/1519 1410/2166/1382 1409/2162/1419
f 1536/2323/1519 1389/2189/1383 1410/2166/1382
f 1533/2307/1511 1536/2323/1519 1362/2164/1420
f 1536/2323/1519 1409/2162/1419 1362/2164/1420
f 1520/2295/1506 1362/2164/1420 1526/2298/1507
f 1533/2307/1511 1362/2164/1420 1520/2295/1506
f 1422/2186/1433 1423/2185/1432 1535/2324/1520
f 1487/2325/1485 1422/2326/1433 1535/2327/1520
f 1535/2327/1520 1389/2189/1383 1536/2323/1519
f 1535/2327/1520 1423/2190/1432 1389/2189/1383
f 1534/2304/1510 1535/2327/1520 1533/2307/1511
f 1535/2327/1520 1536/2323/1519 1533/2307/1511
f 1488/2308/1483 1487/2325/1485 1535/2327/1520
f 1488/2308/1483 1535/2327/1520 1534/2304/1510
f 1539/2157/1414 1406/2159/1416 1496/2269/1491
f 1539/2157/1414 1325/2021/1298 1540/2020/1297
f 1539/2157/1414 1496/2269/1491 1325/2021/1298
f 1538/2315/1516 1539/2157/1414 1335/2023/1300
f 1335/2023/1300 1539/2157/1414 1540/2020/1297
f 1407/2160/1417 1539/2157/1414 1538/2315/1516
f 1570/2328/1521 1731/2329/1522 1623/2330/1523
f 1570/2328/1521 1623/2330/1523 1621/2331/1524
f 1556/2332/1525 1687/2333/1526 1344/2046/1318
f 1543/2334/1527 1544/2335/1528 1552/2336/1529
f 1600/2337/1530 1543/2338/1527 1545/2339/1531
f 1543/2338/1527 1552/2340/1529 1545/2339/1531
f 1600/2337/1530 1546/2341/1532 1543/2338/1527
f 1703/2342/1533 1600/2337/1530 1545/2339/1531
f 1337/2036/1311 1600/2337/1530 1703/2342/1533
f 1748/2022/1299 1325/2021/1298 1712/2343/1534
f 1511/2026/1303 1335/2023/1300 1548/2344/1535
f 1335/2023/1300 1748/2022/1299 1548/2344/1535
f 1626/2345/1536 1696/2035/1310 1337/2036/1311
f 1550/2346/1537 1553/2347/1538 1555/2348/1539
f 1545/2339/1531 1550/2349/1537 1551/2350/1540
f 1545/2339/1531 1552/2340/1529 1550/2349/1537
f 1552/2336/1529 1553/2347/1538 1550/2346/1537
f 1703/2342/1533 1545/2339/1531 1626/2345/1536
f 1626/2345/1536 1545/2339/1531 1551/2350/1540
f 1552/2336/1529 1544/2335/1528 1553/2347/1538
f 1626/2345/1536 1551/2350/1540 1554/2351/1541
f 1555/2348/1539 1556/2332/1525 1628/2352/1542
f 1551/2353/1540 1555/2348/1539 1554/2354/1541
f 1554/2354/1541 1555/2348/1539 1628/2352/1542
f 1551/2353/1540 1550/2346/1537 1555/2348/1539
f 1345/2047/1319 1561/2355/1543 1353/2048/1320
f 1344/2046/1318 1687/2333/1526 1328/2009/1288
f 1687/2333/1526 1472/2049/1321 1328/2009/1288
f 1687/2333/1526 1345/2047/1319 1472/2049/1321
f 1544/2335/1528 1689/2356/1544 1686/2357/1545
f 1553/2347/1538 1544/2335/1528 1686/2357/1545
f 1553/2347/1538 1686/2357/1545 1555/2348/1539
f 1558/2358/1546 1560/2359/1547 1557/2360/1548
f 1558/2358/1546 1557/2360/1548 1561/2355/1543
f 1559/2361/1549 1560/2359/1547 1558/2358/1546
f 1688/2362/1550 1558/2358/1546 1561/2355/1543
f 1688/2362/1550 1559/2361/1549 1558/2358/1546
f 1559/2361/1549 1562/2363/1551 1560/2359/1547
f 1547/2321/1517 1704/2364/1552 1564/2322/1518
f 1704/2364/1552 1563/2365/1553 1564/2322/1518
f 1742/2366/1344 1691/2367/1554 1547/2321/1517
f 1704/2364/1552 1635/2368/1555 1563/2365/1553
f 1691/2367/1554 1704/2364/1552 1547/2321/1517
f 1564/2322/1518 1563/2365/1553 1565/2369/1556
f 1566/2370/1557 1569/2070/1342 1360/2069/1341
f 1567/2371/1558 1569/2070/1342 1566/2370/1557
f 1411/2130/1387 1485/2131/1388 1602/2257/1482
f 1745/2372/1559 1621/2331/1524 1620/2373/1560
f 1570/2328/1521 1621/2331/1524 1745/2372/1559
f 1598/2374/1561 1571/2375/1562 1544/2376/1528
f 1544/2377/1528 1571/2378/1562 1573/2379/1563
f 1599/2380/1564 1572/2381/1565 1571/2378/1562
f 1599/2380/1564 1571/2378/1562 1598/2382/1561
f 1571/2378/1562 1574/2383/1566 1573/2379/1563
f 1572/2381/1565 1574/2383/1566 1571/2378/1562
f 1576/2384/1567 1577/2385/1568 1562/2386/1551
f 1574/2383/1566 1575/2387/1569 1576/2384/1567
f 1574/2383/1566 1576/2384/1567 1573/2379/1563
f 1576/2384/1567 1606/2388/1570 1577/2385/1568
f 1575/2387/1569 1606/2388/1570 1576/2384/1567
f 1577/2385/1568 1578/2389/1571 1562/2386/1551
f 1606/2388/1570 1579/2390/1572 1578/2389/1571
f 1606/2388/1570 1578/2389/1571 1577/2385/1568
f 1578/2389/1571 1581/2391/1573 1580/2392/1574
f 1579/2390/1572 1581/2391/1573 1578/2389/1571
f 1578/2389/1571 1560/2393/1547 1562/2386/1551
f 1578/2389/1571 1580/2392/1574 1560/2393/1547
f 1580/2394/1574 1557/2360/1548 1560/2359/1547
f 1580/2394/1574 1583/2395/1575 1557/2360/1548
f 1581/2391/1573 1582/2396/1576 1580/2392/1574
f 1580/2392/1574 1609/2397/1577 1583/2398/1575
f 1582/2396/1576 1609/2397/1577 1580/2392/1574
f 1583/2395/1575 1584/2399/1578 1557/2360/1548
f 1557/2360/1548 1584/2399/1578 1585/2400/1579
f 1609/2397/1577 1586/2401/1580 1584/2402/1578
f 1609/2397/1577 1584/2402/1578 1583/2398/1575
f 1584/2402/1578 1588/2403/1581 1587/2404/1582
f 1586/2401/1580 1588/2403/1581 1584/2402/1578
f 1584/2399/1578 1591/2405/1583 1585/2400/1579
f 1584/2399/1578 1587/2406/1582 1591/2405/1583
f 1590/2407/1584 1593/2408/1585 1591/2405/1583
f 1590/2407/1584 1592/2409/1586 1593/2408/1585
f 1587/2406/1582 1590/2407/1584 1591/2405/1583
f 1588/2403/1581 1589/2410/1587 1590/2411/1584
f 1588/2403/1581 1590/2411/1584 1587/2404/1582
f 1590/2411/1584 1611/2412/1588 1592/2413/1586
f 1589/2410/1587 1611/2412/1588 1590/2411/1584
f 1611/2412/1588 1594/2414/1589 1592/2413/1586
f 1592/2413/1586 1596/2415/1590 1595/2416/1591
f 1594/2414/1589 1596/2415/1590 1592/2413/1586
f 1592/2409/1586 1597/2417/1592 1593/2408/1585
f 1592/2409/1586 1595/2418/1591 1597/2417/1592
f 1614/2121/1378 1401/2123/1380 1596/2415/1590
f 1596/2415/1590 1401/2123/1380 1402/2118/1376
f 1595/2418/1591 1386/2116/1374 1597/2417/1592
f 1597/2417/1592 1386/2116/1374 1387/2117/1375
f 1596/2415/1590 1402/2118/1376 1386/2120/1374
f 1596/2415/1590 1386/2120/1374 1595/2416/1591
f 1598/2382/1561 1544/2377/1528 1543/2338/1527
f 1546/2341/1532 1598/2382/1561 1543/2338/1527
f 1546/2341/1532 1599/2380/1564 1598/2382/1561
f 1620/2419/1560 1713/2420/1593 1634/2421/1594
f 1713/2420/1593 1603/2422/1595 1633/2423/1596
f 1713/2420/1593 1601/2424/1597 1603/2422/1595
f 1634/2421/1594 1713/2420/1593 1633/2423/1596
f 1601/2424/1597 1602/2257/1482 1603/2422/1595
f 1603/2422/1595 1602/2257/1482 1630/2178/1428
f 1605/2425/1598 1733/2426/1599 1604/2427/1600
f 1641/2428/1601 1699/2429/1602 1733/2426/1599
f 1731/2430/1522 1736/2431/1603 1697/2432/1604
f 1605/2425/1598 1604/2427/1600 1697/2432/1604
f 1736/2431/1603 1605/2425/1598 1697/2432/1604
f 1640/2433/1605 1641/2428/1601 1733/2426/1599
f 1640/2433/1605 1733/2426/1599 1605/2425/1598
f 1649/2434/1606 1574/2383/1566 1572/2381/1565
f 1649/2434/1606 1608/2435/1607 1574/2383/1566
f 1599/2380/1564 1607/2436/1608 1649/2434/1606
f 1599/2380/1564 1649/2434/1606 1572/2381/1565
f 1647/2437/1609 1606/2388/1570 1575/2387/1569
f 1647/2437/1609 1648/2438/1610 1606/2388/1570
f 1608/2435/1607 1647/2437/1609 1574/2383/1566
f 1574/2383/1566 1647/2437/1609 1575/2387/1569
f 1659/2439/1611 1581/2391/1573 1579/2390/1572
f 1659/2439/1611 1610/2440/1612 1581/2391/1573
f 1648/2438/1610 1659/2439/1611 1606/2388/1570
f 1606/2388/1570 1659/2439/1611 1579/2390/1572
f 1657/2441/1613 1609/2397/1577 1582/2396/1576
f 1657/2441/1613 1658/2442/1614 1609/2397/1577
f 1610/2440/1612 1657/2441/1613 1581/2391/1573
f 1581/2391/1573 1657/2441/1613 1582/2396/1576
f 1668/2443/1615 1588/2403/1581 1586/2401/1580
f 1668/2443/1615 1612/2444/1616 1588/2403/1581
f 1609/2397/1577 1658/2442/1614 1668/2443/1615
f 1609/2397/1577 1668/2443/1615 1586/2401/1580
f 1666/2445/1617 1611/2412/1588 1589/2410/1587
f 1666/2445/1617 1667/2446/1618 1611/2412/1588
f 1612/2444/1616 1666/2445/1617 1588/2403/1581
f 1588/2403/1581 1666/2445/1617 1589/2410/1587
f 1594/2414/1589 1676/2447/1619 1596/2415/1590
f 1676/2447/1619 1613/2448/1620 1596/2415/1590
f 1611/2412/1588 1667/2446/1618 1676/2447/1619
f 1611/2412/1588 1676/2447/1619 1594/2414/1589
f 1596/2415/1590 1613/2448/1620 1675/2449/1621
f 1596/2415/1590 1675/2449/1621 1614/2121/1378
f 1615/2450/1622 1546/2341/1532 1600/2337/1530
f 1615/2450/1622 1616/2451/1623 1546/2341/1532
f 1715/2452/1624 1615/2450/1622 1600/2337/1530
f 1546/2341/1532 1616/2451/1623 1607/2436/1608
f 1546/2341/1532 1607/2436/1608 1599/2380/1564
f 1619/2453/1625 1618/2454/1626 1617/2455/1627
f 1620/2373/1560 1621/2331/1524 1617/2456/1627
f 1620/2373/1560 1617/2456/1627 1618/2457/1626
f 1623/2330/1523 1622/2458/1628 1617/2456/1627
f 1621/2331/1524 1623/2330/1523 1617/2456/1627
f 1624/2459/1629 1619/2453/1625 1617/2455/1627
f 1617/2455/1627 1622/2460/1628 1624/2459/1629
f 1554/2351/1541 1627/2173/1424 1626/2345/1536
f 1628/2352/1542 1556/2332/1525 1344/2046/1318
f 1628/2352/1542 1344/2046/1318 1415/2171/1423
f 1627/2172/1424 1628/2352/1542 1415/2171/1423
f 1554/2354/1541 1628/2352/1542 1627/2172/1424
f 1627/2173/1424 1696/2035/1310 1626/2345/1536
f 1629/2461/1630 1630/2178/1428 1416/2175/1426
f 1602/2257/1482 1485/2131/1388 1630/2178/1428
f 1629/2461/1630 1416/2175/1426 1632/2174/1425
f 1632/2174/1425 1334/2177/1337 1565/2462/1556
f 1632/2174/1425 1565/2462/1556 1563/2463/1553
f 1630/2178/1428 1629/2461/1630 1631/2464/1631
f 1636/2465/1632 1632/2466/1425 1563/2365/1553
f 1636/2467/1632 1631/2464/1631 1632/2174/1425
f 1631/2464/1631 1629/2461/1630 1632/2174/1425
f 1636/2465/1632 1563/2365/1553 1635/2368/1555
f 1603/2422/1595 1630/2178/1428 1631/2464/1631
f 1603/2422/1595 1631/2464/1631 1636/2467/1632
f 1637/2468/1633 1638/2469/1634 1639/2470/1635
f 1634/2421/1594 1633/2423/1596 1638/2471/1634
f 1634/2472/1594 1638/2473/1634 1637/2474/1633
f 1638/2471/1634 1603/2422/1595 1636/2467/1632
f 1633/2423/1596 1603/2422/1595 1638/2471/1634
f 1638/2469/1634 1635/2368/1555 1639/2470/1635
f 1638/2469/1634 1636/2465/1632 1635/2368/1555
f 1643/2475/1636 1644/2476/1637 1645/2477/1638
f 1646/2478/1639 1643/2475/1636 1645/2477/1638
f 1645/2479/1638 1641/2428/1601 1640/2433/1605
f 1645/2479/1638 1644/2480/1637 1641/2428/1601
f 1642/2481/1640 1645/2479/1638 1605/2425/1598
f 1645/2479/1638 1640/2433/1605 1605/2425/1598
f 1735/2482/1641 1646/2478/1639 1645/2477/1638
f 1735/2483/1641 1645/2479/1638 1642/2481/1640
f 1680/2484/1642 1649/2434/1606 1607/2436/1608
f 1694/2485/1643 1650/2486/1644 1652/2487/1645
f 1694/2485/1643 1652/2487/1645 1651/2488/1646
f 1652/2489/1645 1608/2435/1607 1649/2434/1606
f 1680/2484/1642 1651/2490/1646 1652/2489/1645
f 1680/2484/1642 1652/2489/1645 1649/2434/1606
f 1653/2491/1647 1654/2492/1648 1655/2493/1649
f 1656/2494/1650 1654/2492/1648 1653/2491/1647
f 1653/2495/1647 1648/2438/1610 1647/2437/1609
f 1653/2495/1647 1655/2496/1649 1648/2438/1610
f 1652/2489/1645 1653/2495/1647 1608/2435/1607
f 1608/2435/1607 1653/2495/1647 1647/2437/1609
f 1650/2486/1644 1656/2494/1650 1653/2491/1647
f 1650/2486/1644 1653/2491/1647 1652/2487/1645
f 1654/2492/1648 1660/2497/1651 1661/2498/1652
f 1655/2493/1649 1654/2492/1648 1661/2498/1652
f 1661/2498/1652 1660/2497/1651 1662/2499/1653
f 1661/2500/1652 1610/2440/1612 1659/2439/1611
f 1661/2500/1652 1662/2501/1653 1610/2440/1612
f 1655/2496/1649 1661/2500/1652 1648/2438/1610
f 1648/2438/1610 1661/2500/1652 1659/2439/1611
f 1662/2501/1653 1663/2502/1654 1664/2503/1655
f 1665/2504/1656 1663/2502/1654 1662/2501/1653
f 1662/2501/1653 1658/2442/1614 1657/2441/1613
f 1662/2501/1653 1664/2503/1655 1658/2442/1614
f 1610/2440/1612 1662/2501/1653 1657/2441/1613
f 1660/2505/1651 1665/2504/1656 1662/2501/1653
f 1663/2502/1654 1669/2506/1657 1670/2507/1658
f 1663/2502/1654 1670/2507/1658 1664/2503/1655
f 1670/2507/1658 1671/2508/1659 1672/2509/1660
f 1669/2506/1657 1671/2508/1659 1670/2507/1658
f 1670/2507/1658 1612/2444/1616 1668/2443/1615
f 1670/2507/1658 1672/2509/1660 1612/2444/1616
f 1658/2442/1614 1664/2503/1655 1670/2507/1658
f 1658/2442/1614 1670/2507/1658 1668/2443/1615
f 1673/2510/1661 1567/2511/1558 1677/2512/1662
f 1673/2510/1661 1674/2513/1663 1567/2511/1558
f 1673/2510/1661 1667/2446/1618 1666/2445/1617
f 1673/2510/1661 1677/2512/1662 1667/2446/1618
f 1672/2509/1660 1673/2510/1661 1612/2444/1616
f 1612/2444/1616 1673/2510/1661 1666/2445/1617
f 1671/2508/1659 1674/2513/1663 1673/2510/1661
f 1672/2509/1660 1671/2508/1659 1673/2510/1661
f 1677/2512/1662 1566/2514/1557 1678/2515/1664
f 1567/2511/1558 1566/2514/1557 1677/2512/1662
f 1677/2512/1662 1613/2448/1620 1676/2447/1619
f 1677/2512/1662 1678/2515/1664 1613/2448/1620
f 1667/2446/1618 1677/2512/1662 1676/2447/1619
f 1613/2448/1620 1678/2515/1664 1675/2449/1621
f 1675/2449/1621 1679/2122/1379 1614/2121/1378
f 1675/2449/1621 1461/2230/1462 1679/2122/1379
f 1678/2515/1664 1463/2231/1463 1675/2449/1621
f 1675/2449/1621 1463/2231/1463 1461/2230/1462
f 1566/2514/1557 1360/2232/1341 1463/2231/1463
f 1566/2514/1557 1463/2231/1463 1678/2515/1664
f 1616/2451/1623 1680/2484/1642 1607/2436/1608
f 1681/2516/1665 1616/2451/1623 1615/2450/1622
f 1682/2517/1666 1616/2451/1623 1681/2516/1665
f 1616/2451/1623 1682/2517/1666 1651/2490/1646
f 1616/2451/1623 1651/2490/1646 1680/2484/1642
f 1694/2518/1643 1651/2490/1646 1682/2517/1666
f 1585/2400/1579 1591/2405/1583 1683/2519/1667
f 1561/2355/1543 1585/2400/1579 1684/2520/1668
f 1585/2400/1579 1683/2519/1667 1684/2520/1668
f 1561/2355/1543 1557/2360/1548 1585/2400/1579
f 1683/2519/1667 1593/2408/1585 1685/2239/1469
f 1683/2519/1667 1591/2405/1583 1593/2408/1585
f 1684/2520/1668 1683/2519/1667 1685/2239/1469
f 1561/2355/1543 1468/2238/1468 1353/2048/1320
f 1685/2239/1469 1597/2417/1592 1387/2117/1375
f 1561/2355/1543 1684/2520/1668 1468/2238/1468
f 1685/2239/1469 1593/2408/1585 1597/2417/1592
f 1684/2520/1668 1685/2239/1469 1468/2238/1468
f 1686/2357/1545 1689/2356/1544 1345/2047/1319
f 1345/2047/1319 1688/2362/1550 1561/2355/1543
f 1689/2356/1544 1688/2362/1550 1345/2047/1319
f 1555/2348/1539 1686/2357/1545 1556/2332/1525
f 1686/2357/1545 1345/2047/1319 1687/2333/1526
f 1556/2332/1525 1686/2357/1545 1687/2333/1526
f 1688/2362/1550 1690/2521/1669 1559/2361/1549
f 1544/2335/1528 1573/2522/1563 1689/2356/1544
f 1689/2356/1544 1690/2521/1669 1688/2362/1550
f 1690/2521/1669 1562/2363/1551 1559/2361/1549
f 1576/2523/1567 1562/2363/1551 1690/2521/1669
f 1573/2522/1563 1576/2523/1567 1690/2521/1669
f 1573/2522/1563 1690/2521/1669 1689/2356/1544
f 1715/2452/1624 1681/2516/1665 1615/2450/1622
f 1695/2524/1670 1681/2516/1665 1715/2452/1624
f 1717/2525/1671 1694/2485/1643 1682/2526/1666
f 1718/2527/1672 1694/2485/1643 1717/2525/1671
f 1717/2528/1671 1681/2516/1665 1695/2524/1670
f 1717/2528/1671 1682/2517/1666 1681/2516/1665
f 1625/2529/1673 1337/2036/1311 1541/2030/1307
f 1625/2529/1673 1541/2030/1307 1700/2033/1306
f 1699/2530/1602 1698/2531/1674 1701/2532/1675
f 1699/2530/1602 1701/2532/1675 1702/2533/1676
f 1701/2532/1675 1625/2529/1673 1700/2033/1306
f 1698/2531/1674 1625/2529/1673 1701/2532/1675
f 1700/2029/1306 1693/2028/1305 1701/2534/1675
f 1325/2021/1298 1494/2270/1479 1712/2343/1534
f 1712/2343/1534 1494/2270/1479 1711/2535/1677
f 1711/2536/1677 1494/2254/1479 1542/2256/1481
f 1703/2342/1533 1626/2345/1536 1337/2036/1311
f 1707/2537/1678 1635/2368/1555 1704/2364/1552
f 1707/2537/1678 1639/2470/1635 1635/2368/1555
f 1706/2538/1679 1707/2537/1678 1691/2367/1554
f 1691/2367/1554 1707/2537/1678 1704/2364/1552
f 1705/2539/1680 1707/2537/1678 1706/2538/1679
f 1701/2534/1675 1710/2540/1681 1702/2541/1676
f 1693/2028/1305 1708/2284/1498 1710/2540/1681
f 1693/2028/1305 1710/2540/1681 1701/2534/1675
f 1710/2540/1681 1692/2285/1499 1709/2542/1682
f 1708/2284/1498 1692/2285/1499 1710/2540/1681
f 1710/2540/1681 1709/2542/1682 1741/2543/1683
f 1601/2424/1597 1711/2536/1677 1542/2256/1481
f 1601/2424/1597 1542/2256/1481 1602/2257/1482
f 1712/2343/1534 1711/2535/1677 1714/2544/1684
f 1713/2420/1593 1714/2545/1684 1601/2424/1597
f 1714/2545/1684 1711/2536/1677 1601/2424/1597
f 1620/2373/1560 1618/2457/1626 1714/2546/1684
f 1620/2419/1560 1714/2545/1684 1713/2420/1593
f 1716/2547/1685 1715/2452/1624 1337/2036/1311
f 1625/2529/1673 1716/2547/1685 1337/2036/1311
f 1715/2452/1624 1600/2337/1530 1337/2036/1311
f 1641/2548/1601 1719/2549/1686 1698/2531/1674
f 1641/2548/1601 1698/2531/1674 1699/2530/1602
f 1698/2531/1674 1716/2547/1685 1625/2529/1673
f 1719/2549/1686 1716/2547/1685 1698/2531/1674
f 1716/2547/1685 1695/2524/1670 1715/2452/1624
f 1719/2549/1686 1695/2524/1670 1716/2547/1685
f 1644/2476/1637 1643/2475/1636 1720/2550/1687
f 1720/2550/1687 1718/2527/1672 1717/2525/1671
f 1720/2550/1687 1643/2475/1636 1718/2527/1672
f 1719/2549/1686 1720/2551/1687 1695/2524/1670
f 1720/2551/1687 1717/2528/1671 1695/2524/1670
f 1641/2548/1601 1644/2552/1637 1720/2551/1687
f 1641/2548/1601 1720/2551/1687 1719/2549/1686
f 1723/2553/1688 1358/2071/1343 1568/2067/1339
f 1674/2554/1663 1724/2555/1689 1567/2371/1558
f 1724/2555/1689 1569/2070/1342 1567/2371/1558
f 1671/2556/1659 1724/2555/1689 1674/2554/1663
f 1724/2555/1689 1568/2067/1339 1569/2070/1342
f 1663/2557/1654 1725/2558/1690 1669/2559/1657
f 1663/2557/1654 1723/2553/1688 1725/2558/1690
f 1725/2558/1690 1568/2067/1339 1724/2555/1689
f 1725/2558/1690 1723/2553/1688 1568/2067/1339
f 1669/2559/1657 1725/2558/1690 1671/2556/1659
f 1725/2558/1690 1724/2555/1689 1671/2556/1659
f 1721/2560/1691 1729/2561/1692 1726/2562/1693
f 1656/2494/1650 1728/2563/1694 1654/2492/1648
f 1728/2563/1694 1727/2564/1695 1654/2492/1648
f 1650/2486/1644 1728/2563/1694 1656/2494/1650
f 1728/2563/1694 1726/2562/1693 1727/2564/1695
f 1694/2485/1643 1722/2565/1696 1728/2563/1694
f 1694/2485/1643 1728/2563/1694 1650/2486/1644
f 1728/2563/1694 1721/2560/1691 1726/2562/1693
f 1722/2565/1696 1721/2560/1691 1728/2563/1694
f 1726/2562/1693 1729/2561/1692 1723/2553/1688
f 1723/2553/1688 1729/2561/1692 1358/2071/1343
f 1729/2561/1692 1742/2072/1344 1358/2071/1343
f 1665/2566/1656 1730/2567/1697 1663/2557/1654
f 1660/2497/1651 1730/2567/1697 1665/2566/1656
f 1730/2567/1697 1723/2553/1688 1663/2557/1654
f 1654/2492/1648 1727/2564/1695 1660/2497/1651
f 1726/2562/1693 1723/2553/1688 1727/2564/1695
f 1727/2564/1695 1723/2553/1688 1730/2567/1697
f 1727/2564/1695 1730/2567/1697 1660/2497/1651
f 1702/2541/1676 1710/2540/1681 1734/2568/1698
f 1734/2568/1698 1741/2543/1683 1732/2569/1699
f 1734/2568/1698 1710/2540/1681 1741/2543/1683
f 1733/2426/1599 1734/2570/1698 1604/2427/1600
f 1604/2427/1600 1734/2570/1698 1732/2571/1699
f 1699/2429/1602 1702/2572/1676 1734/2570/1698
f 1699/2429/1602 1734/2570/1698 1733/2426/1599
f 1605/2425/1598 1736/2431/1603 1743/2573/1700
f 1570/2574/1521 1605/2425/1598 1743/2573/1700
f 1743/2573/1700 1736/2431/1603 1731/2430/1522
f 1735/2483/1641 1642/2481/1640 1744/2575/1701
f 1705/2576/1680 1735/2483/1641 1744/2575/1701
f 1744/2575/1701 1605/2425/1598 1570/2574/1521
f 1744/2575/1701 1642/2481/1640 1605/2425/1598
f 1738/2577/1702 1729/2561/1692 1721/2560/1691
f 1738/2577/1702 1737/2578/1703 1729/2561/1692
f 1740/2579/1704 1721/2560/1691 1722/2565/1696
f 1740/2579/1704 1738/2577/1702 1721/2560/1691
f 1718/2527/1672 1740/2579/1704 1694/2485/1643
f 1694/2485/1643 1740/2579/1704 1722/2565/1696
f 1646/2478/1639 1735/2482/1641 1739/2580/1705
f 1740/2579/1704 1646/2478/1639 1738/2577/1702
f 1646/2478/1639 1739/2580/1705 1738/2577/1702
f 1718/2527/1672 1643/2475/1636 1646/2478/1639
f 1718/2527/1672 1646/2478/1639 1740/2579/1704
f 1549/2286/1301 1511/2026/1303 1692/2285/1499
f 1692/2285/1499 1511/2026/1303 1548/2344/1535
f 1741/2543/1683 1709/2542/1682 1747/2581/1706
f 1741/2543/1683 1747/2581/1706 1624/2459/1629
f 1692/2285/1499 1548/2344/1535 1747/2581/1706
f 1692/2285/1499 1747/2581/1706 1709/2542/1682
f 1729/2561/1692 1737/2578/1703 1742/2072/1344
f 1604/2427/1600 1622/2582/1628 1623/2583/1523
f 1604/2427/1600 1732/2571/1699 1622/2582/1628
f 1622/2460/1628 1741/2543/1683 1624/2459/1629
f 1622/2460/1628 1732/2569/1699 1741/2543/1683
f 1731/2430/1522 1604/2427/1600 1623/2583/1523
f 1697/2432/1604 1604/2427/1600 1731/2430/1522
f 1738/2577/1702 1739/2580/1705 1706/2584/1679
f 1738/2577/1702 1706/2584/1679 1691/2585/1554
f 1735/2482/1641 1705/2586/1680 1706/2584/1679
f 1735/2482/1641 1706/2584/1679 1739/2580/1705
f 1738/2577/1702 1691/2585/1554 1742/2072/1344
f 1738/2577/1702 1742/2072/1344 1737/2578/1703
f 1742/2366/1344 1547/2321/1517 1518/2064/1336
f 1564/2322/1518 1565/2369/1556 1334/2065/1337
f 1743/2587/1700 1731/2329/1522 1570/2328/1521
f 1745/2372/1559 1620/2373/1560 1634/2472/1594
f 1707/2588/1678 1746/2589/1707 1639/2590/1635
f 1639/2470/1635 1746/2591/1707 1637/2468/1633
f 1705/2592/1680 1744/2593/1701 1746/2594/1707
f 1705/2539/1680 1746/2591/1707 1707/2537/1678
f 1746/2594/1707 1570/2328/1521 1745/2372/1559
f 1744/2593/1701 1570/2328/1521 1746/2594/1707
f 1746/2594/1707 1634/2472/1594 1637/2474/1633
f 1746/2594/1707 1745/2372/1559 1634/2472/1594
f 1619/2453/1625 1714/2544/1684 1618/2454/1626
f 1624/2459/1629 1747/2581/1706 1619/2453/1625
f 1548/2344/1535 1748/2022/1299 1619/2453/1625
f 1747/2581/1706 1548/2344/1535 1619/2453/1625
f 1619/2453/1625 1712/2343/1534 1714/2544/1684
f 1619/2453/1625 1748/2022/1299 1712/2343/1534
f 1752/2595/1708 1753/2596/1709 1801/2597/1710
f 1753/2596/1709 1819/2598/1711 1801/2597/1710
f 1947/2599/1712 1754/2600/1713 1755/2601/1714
f 1755/2601/1714 1945/2602/1715 1947/2599/1712
f 1784/2603/1716 1757/2604/1717 1750/2605/1718
f 1750/2605/1718 1751/2606/1719 1784/2603/1716
f 1784/2603/1716 1786/2607/1720 1757/2604/1717
f 1919/2608/1721 1790/2609/1722 1758/2610/1723
f 1823/2611/1724 1805/2612/1725 1756/2613/1726
f 1759/2614/1727 1756/2613/1726 1805/2612/1725
f 1805/2612/1725 1760/2615/1728 1761/2616/1729
f 1761/2616/1729 1759/2614/1727 1805/2612/1725
f 1920/2617/1730 1785/2618/1731 1762/2619/1732
f 1920/2620/1730 1762/2621/1732 1763/2622/1733
f 1763/2622/1733 1764/2623/1734 1920/2620/1730
f 1921/2624/1735 1764/2623/1734 1763/2622/1733
f 1921/2624/1735 1763/2622/1733 1765/2625/1736
f 1765/2625/1736 1766/2626/1737 1921/2624/1735
f 1923/2627/1738 1766/2626/1737 1765/2625/1736
f 1923/2627/1738 1765/2625/1736 1892/2628/1739
f 1892/2628/1739 1922/2629/1740 1923/2627/1738
f 1802/2630/1741 1767/2631/1742 1749/2632/1743
f 1768/2633/1744 1767/2631/1742 1812/2634/1745
f 1767/2631/1742 1802/2630/1741 1812/2634/1745
f 1768/2633/1744 1812/2634/1745 1815/2635/1746
f 1815/2635/1746 1769/2636/1747 1768/2633/1744
f 1788/2637/1748 1791/2638/1749 1770/2639/1750
f 1770/2639/1750 1771/2640/1751 1788/2637/1748
f 1771/2640/1751 1772/2641/1752 1788/2637/1748
f 1792/2642/1753 1772/2641/1752 1771/2640/1751
f 1771/2640/1751 1773/2643/1754 1792/2642/1753
f 1792/2642/1753 1773/2643/1754 1774/2644/1755
f 1774/2644/1755 1775/2645/1756 1792/2642/1753
f 1794/2646/1757 1775/2645/1756 1774/2644/1755
f 1794/2646/1757 1774/2644/1755 1891/2647/1758
f 1891/2647/1758 1795/2648/1759 1794/2646/1757
f 1797/2649/1760 1776/2650/1761 1948/2651/1762
f 1779/2652/1763 1777/2653/1764 1778/2654/1765
f 1778/2654/1765 1798/2655/1766 1779/2652/1763
f 1780/2656/1767 1781/2657/1768 1954/2658/1769
f 1928/2659/1770 1924/2660/1771 1782/2661/1772
f 1928/2659/1770 1782/2661/1772 1783/2662/1773
f 1784/2603/1716 1751/2606/1719 1925/2663/1774
f 1925/2663/1774 2090/2664/1775 1784/2603/1716
f 1784/2603/1716 2090/2664/1775 1785/2618/1731
f 1785/2618/1731 1786/2607/1720 1784/2603/1716
f 1788/2637/1748 1772/2641/1752 1789/2665/1776
f 1789/2665/1776 2091/2666/1777 1788/2637/1748
f 1788/2637/1748 2091/2666/1777 1790/2667/1722
f 1790/2667/1722 1791/2638/1749 1788/2637/1748
f 1792/2642/1753 1775/2645/1756 1793/2668/1778
f 1793/2668/1778 2092/2669/1779 1792/2642/1753
f 1792/2642/1753 2092/2669/1779 1789/2665/1776
f 1789/2665/1776 1772/2641/1752 1792/2642/1753
f 1794/2646/1757 1795/2648/1759 1929/2670/1780
f 1929/2670/1780 2093/2671/1781 1794/2646/1757
f 1794/2646/1757 2093/2671/1781 1793/2668/1778
f 1793/2668/1778 1775/2645/1756 1794/2646/1757
f 1954/2658/1769 1750/2605/1718 1780/2656/1767
f 1925/2663/1774 1941/2672/1782 1799/2673/1783
f 1969/2674/1784 1919/2608/1721 1758/2610/1723
f 1969/2674/1784 1758/2610/1723 1816/2675/1785
f 1819/2676/1711 1753/2677/1709 1800/2678/1786
f 1800/2678/1786 1820/2679/1787 1819/2676/1711
f 1750/2680/1718 1757/2681/1788 1823/2611/1724
f 1749/2632/1743 1762/2682/1732 1799/2683/1783
f 1756/2613/1726 1771/2684/1751 1770/2685/1789
f 1805/2612/1725 1823/2611/1724 1757/2681/1788
f 1805/2612/1725 1757/2681/1788 1803/2686/1790
f 1774/2687/1755 1773/2688/1754 1759/2614/1727
f 1759/2614/1727 1773/2688/1754 1771/2684/1751
f 1771/2684/1751 1756/2613/1726 1759/2614/1727
f 1805/2612/1725 1803/2686/1790 1804/2689/1791
f 1759/2614/1727 1761/2616/1729 1891/2690/1758
f 1891/2690/1758 1774/2687/1755 1759/2614/1727
f 1805/2612/1725 1804/2689/1791 1806/2691/1792
f 1806/2691/1792 1807/2692/1793 1805/2612/1725
f 1805/2612/1725 1807/2692/1793 1760/2615/1728
f 1763/2693/1794 1762/2682/1732 1767/2631/1742
f 1762/2682/1732 1749/2632/1743 1767/2631/1742
f 1758/2694/1795 1808/2695/1796 1802/2630/1741
f 1802/2630/1741 1808/2695/1796 1809/2696/1797
f 1767/2631/1742 1768/2633/1744 1765/2697/1798
f 1765/2697/1798 1763/2693/1794 1767/2631/1742
f 1812/2634/1745 1802/2630/1741 1809/2696/1797
f 1809/2696/1797 1810/2698/1799 1812/2634/1745
f 1812/2634/1745 1810/2698/1799 1811/2699/1800
f 1769/2636/1747 1813/2700/1801 1768/2633/1744
f 1768/2633/1744 1813/2700/1801 1892/2701/1739
f 1892/2701/1739 1765/2697/1798 1768/2633/1744
f 1812/2634/1745 1811/2699/1800 1814/2702/1802
f 1814/2702/1802 1815/2635/1746 1812/2634/1745
f 1948/2651/1762 1781/2703/1768 1780/2704/1767
f 1780/2704/1767 1822/2705/1803 1948/2651/1762
f 1948/2651/1762 1822/2705/1803 1797/2649/1760
f 1776/2650/1761 1797/2649/1760 1755/2706/1714
f 1755/2706/1714 1754/2707/1804 1776/2650/1761
f 1777/2653/1764 1951/2708/1805 1816/2709/1785
f 1816/2709/1785 1778/2654/1765 1777/2653/1764
f 1779/2652/1763 1798/2655/1766 1952/2710/1806
f 1952/2710/1806 1817/2711/1807 1779/2652/1763
f 1928/2659/1770 1783/2662/1773 1818/2712/1808
f 1818/2712/1808 1927/2713/1809 1928/2659/1770
f 1819/2676/1711 1820/2679/1787 1821/2714/1810
f 1821/2714/1810 1924/2715/1771 1819/2676/1711
f 1756/2613/1726 1770/2685/1789 1755/2706/1714
f 1755/2706/1714 1797/2649/1760 1756/2613/1726
f 1797/2649/1760 1823/2611/1724 1756/2613/1726
f 1749/2632/1743 1799/2683/1783 1952/2710/1806
f 1952/2710/1806 1798/2655/1766 1749/2632/1743
f 1749/2632/1743 1798/2655/1766 1778/2654/1765
f 1884/2716/1811 1824/2717/1812 2313/2718/1813
f 1937/2719/1814 1840/2720/1815 1936/2721/1816
f 1936/2721/1816 1840/2720/1815 1826/2722/1817
f 1826/2722/1817 1825/2723/1818 1936/2721/1816
f 1828/2724/1819 1829/2725/1820 1827/2726/1821
f 1827/2726/1821 1829/2725/1820 1830/2727/1822
f 1831/2728/1823 1829/2725/1820 1828/2724/1819
f 1831/2728/1823 1832/2729/1824 1833/2730/1825
f 1833/2730/1825 1848/2731/1826 1831/2728/1823
f 1831/2728/1823 1848/2731/1826 1830/2727/1822
f 1830/2727/1822 1829/2725/1820 1831/2728/1823
f 1834/2732/1827 1835/2733/1828 1836/2734/1829
f 1836/2734/1829 1849/2735/1830 1834/2732/1827
f 1834/2732/1827 1849/2735/1830 1833/2730/1825
f 1833/2730/1825 1832/2729/1824 1834/2732/1827
f 1837/2736/1831 1838/2737/1832 1839/2738/1833
f 1839/2738/1833 1850/2739/1834 1837/2736/1831
f 1837/2736/1831 1850/2739/1834 1836/2734/1829
f 1836/2734/1829 1835/2733/1828 1837/2736/1831
f 1839/2740/1833 1838/2741/1832 1840/2720/1815
f 2313/2718/1813 1827/2726/1821 1847/2742/1835
f 1847/2742/1835 1827/2726/1821 1830/2727/1822
f 1839/2740/1833 1840/2720/1815 1851/2743/1836
f 1851/2743/1836 1840/2720/1815 1937/2719/1814
f 1893/2744/1837 1841/2745/1838 1930/2746/1839
f 1930/2746/1839 1859/2747/1840 1893/2744/1837
f 1893/2744/1837 1894/2748/1841 1860/2749/1842
f 1860/2749/1842 1841/2745/1838 1893/2744/1837
f 1895/2750/1843 1842/2751/1844 1931/2752/1845
f 1931/2752/1845 1861/2753/1846 1895/2750/1843
f 1895/2750/1843 1859/2754/1840 1930/2755/1839
f 1930/2755/1839 1842/2751/1844 1895/2750/1843
f 1896/2756/1847 1843/2757/1848 1957/2758/1849
f 1957/2758/1849 1862/2759/1850 1896/2756/1847
f 1896/2756/1847 1861/2753/1846 1931/2752/1845
f 1931/2752/1845 1843/2757/1848 1896/2756/1847
f 1844/2760/1851 1932/2761/1852 1863/2762/1853
f 1863/2762/1853 1897/2763/1854 1844/2760/1851
f 1844/2764/1851 1897/2765/1854 1862/2759/1850
f 1844/2764/1851 1862/2759/1850 1957/2758/1849
f 1863/2762/1853 1932/2761/1852 1899/2766/1855
f 1932/2761/1852 1900/2767/1856 1899/2766/1855
f 2312/2768/1857 1864/2769/1858 1845/2770/1859
f 1864/2769/1858 1901/2771/1860 1845/2770/1859
f 1845/2770/1859 1901/2771/1860 1903/2772/1861
f 1903/2772/1861 1865/2773/1862 1845/2770/1859
f 1904/2774/1863 1846/2775/1864 2313/2776/1813
f 2313/2776/1813 1866/2777/1865 1904/2774/1863
f 1904/2774/1863 1864/2769/1858 2312/2768/1857
f 2312/2768/1857 1846/2775/1864 1904/2774/1863
f 1905/2778/1866 1847/2779/1835 1830/2780/1822
f 1830/2780/1822 1867/2781/1867 1905/2778/1866
f 1905/2778/1866 1866/2777/1865 2313/2776/1813
f 2313/2776/1813 1847/2779/1835 1905/2778/1866
f 1906/2782/1868 1848/2783/1826 1833/2784/1825
f 1833/2784/1825 1868/2785/1869 1906/2782/1868
f 1906/2782/1868 1867/2781/1867 1830/2780/1822
f 1830/2780/1822 1848/2783/1826 1906/2782/1868
f 1907/2786/1870 1849/2787/1830 1836/2788/1829
f 1836/2788/1829 1869/2789/1871 1907/2786/1870
f 1907/2786/1870 1868/2785/1869 1833/2784/1825
f 1833/2784/1825 1849/2787/1830 1907/2786/1870
f 1908/2790/1872 1850/2791/1834 1839/2792/1833
f 1839/2792/1833 1870/2793/1873 1908/2790/1872
f 1908/2790/1872 1869/2789/1871 1836/2788/1829
f 1836/2788/1829 1850/2791/1834 1908/2790/1872
f 1909/2794/1874 1851/2795/1836 1937/2796/1814
f 1937/2796/1814 1871/2797/1875 1909/2794/1874
f 1909/2794/1874 1870/2793/1873 1839/2792/1833
f 1839/2792/1833 1851/2795/1836 1909/2794/1874
f 1910/2798/1876 1852/2799/1877 1938/2800/1878
f 1910/2798/1876 1938/2800/1878 1872/2801/1879
f 1910/2798/1876 1871/2797/1875 1937/2796/1814
f 1937/2796/1814 1852/2799/1877 1910/2798/1876
f 1872/2801/1879 1938/2800/1878 1873/2802/1880
f 1938/2803/1878 1853/2804/1881 1873/2805/1880
f 1912/2806/1882 1854/2807/1883 1962/2808/1884
f 1962/2808/1884 1874/2809/1885 1912/2806/1882
f 1913/2810/1886 1875/2811/1887 1912/2806/1882
f 1875/2811/1887 1854/2807/1883 1912/2806/1882
f 1914/2812/1888 1855/2813/1889 2319/2814/1890
f 2319/2814/1890 1876/2815/1891 1914/2812/1888
f 1914/2812/1888 1874/2809/1885 1962/2808/1884
f 1962/2808/1884 1855/2813/1889 1914/2812/1888
f 1915/2816/1892 1856/2817/1893 2320/2818/1894
f 2320/2818/1894 1877/2819/1895 1915/2816/1892
f 1915/2820/1892 1876/2815/1891 2319/2814/1890
f 2319/2814/1890 1856/2821/1893 1915/2820/1892
f 1916/2822/1896 1857/2823/1897 1860/2749/1842
f 1860/2749/1842 1894/2748/1841 1916/2822/1896
f 1916/2822/1896 1877/2819/1895 2320/2818/1894
f 2320/2818/1894 1857/2823/1897 1916/2822/1896
f 1898/2824/1898 1878/2825/1899 1865/2826/1862
f 1898/2824/1898 1865/2826/1862 1903/2827/1861
f 1899/2766/1855 1878/2825/1899 1898/2824/1898
f 1917/2828/1900 1911/2829/1901 1875/2811/1887
f 1917/2828/1900 1875/2811/1887 1913/2810/1886
f 1873/2802/1880 1911/2829/1901 1917/2828/1900
f 1896/2756/1847 1858/2830/1902 1881/2831/1903
f 1858/2830/1902 1897/2765/1854 1909/2794/1874
f 1880/2832/1904 1858/2830/1902 1909/2794/1874
f 1909/2794/1874 1918/2833/1905 1880/2832/1904
f 1883/2834/1906 1882/2835/1907 1909/2794/1874
f 1858/2830/1902 1896/2756/1847 1897/2765/1854
f 1881/2831/1903 1895/2750/1843 1896/2756/1847
f 1897/2765/1854 1902/2836/1908 1909/2794/1874
f 1909/2794/1874 1902/2836/1908 1883/2834/1906
f 1883/2834/1906 1902/2836/1908 1904/2774/1863
f 1933/2837/1909 1958/2838/1910 1885/2839/1911
f 1934/2840/1912 1959/2841/1913 1886/2842/1914
f 1886/2842/1914 1887/2843/1915 1934/2840/1912
f 1934/2840/1912 1887/2843/1915 1885/2839/1911
f 1885/2839/1911 1958/2838/1910 1934/2840/1912
f 1960/2844/1916 1888/2845/1917 1935/2846/1918
f 1935/2846/1918 1888/2845/1917 1886/2842/1914
f 1886/2842/1914 1959/2841/1913 1935/2846/1918
f 1890/2847/1919 1961/2848/1920 1889/2849/1921
f 1889/2850/1921 1961/2851/1920 1936/2721/1816
f 1815/2635/1746 1814/2702/1802 1838/2852/1832
f 1838/2852/1832 1837/2853/1831 1815/2635/1746
f 1815/2635/1746 1837/2853/1831 1835/2854/1828
f 1929/2670/1780 1826/2722/1817 1838/2741/1832
f 1838/2741/1832 1814/2855/1802 1929/2670/1780
f 1960/2856/1916 1890/2857/1919 1761/2616/1729
f 1761/2616/1729 1890/2857/1919 1889/2858/1921
f 1889/2858/1921 1891/2690/1758 1761/2616/1729
f 1886/2859/1922 1888/2860/1923 1760/2615/1728
f 1760/2615/1728 1888/2860/1923 1960/2856/1916
f 1960/2861/1916 1761/2862/1729 1760/2863/1728
f 1807/2692/1793 1806/2691/1792 1885/2864/1911
f 1885/2864/1911 1887/2865/1915 1807/2692/1793
f 1807/2692/1793 1887/2865/1915 1886/2859/1922
f 1886/2859/1922 1760/2615/1728 1807/2692/1793
f 1787/2866/1924 1884/2867/1811 1885/2868/1911
f 1885/2868/1911 1806/2869/1792 1787/2866/1924
f 1787/2866/1924 1922/2629/1740 1824/2870/1812
f 1824/2870/1812 1884/2867/1811 1787/2866/1924
f 1813/2700/1801 1769/2636/1747 1832/2871/1824
f 1832/2871/1824 1831/2872/1823 1813/2700/1801
f 1813/2700/1801 1831/2872/1823 1828/2873/1819
f 1828/2873/1819 1892/2701/1739 1813/2700/1801
f 1769/2636/1747 1815/2635/1746 1835/2854/1828
f 1835/2854/1828 1834/2874/1827 1769/2636/1747
f 1769/2636/1747 1834/2874/1827 1832/2871/1824
f 1932/2761/1852 1939/2875/1925 1900/2767/1856
f 1864/2769/1858 1902/2836/1908 1901/2771/1860
f 1901/2771/1860 1902/2836/1908 1903/2772/1861
f 1872/2801/1879 1918/2833/1905 1910/2798/1876
f 1910/2798/1876 1918/2833/1905 1871/2797/1875
f 1917/2828/1900 1872/2801/1879 1873/2802/1880
f 1879/2876/1926 1911/2877/1901 1853/2804/1881
f 1853/2804/1881 1911/2877/1901 1873/2805/1880
f 1899/2766/1855 1900/2767/1856 1878/2825/1899
f 1878/2825/1899 1900/2767/1856 1939/2875/1925
f 1911/2877/1901 1879/2876/1926 1875/2878/1887
f 1894/2879/1841 1893/2880/1837 1881/2831/1903
f 1881/2831/1903 1893/2880/1837 1859/2754/1840
f 1895/2750/1843 1881/2831/1903 1859/2754/1840
f 1861/2753/1846 1896/2756/1847 1895/2750/1843
f 1862/2759/1850 1897/2765/1854 1896/2756/1847
f 1863/2881/1853 1899/2882/1855 1897/2765/1854
f 1897/2765/1854 1899/2882/1855 1898/2883/1898
f 1898/2883/1898 1902/2836/1908 1897/2765/1854
f 1902/2836/1908 1898/2883/1898 1903/2772/1861
f 1864/2769/1858 1904/2774/1863 1902/2836/1908
f 1866/2777/1865 1883/2834/1906 1904/2774/1863
f 1866/2777/1865 1905/2778/1866 1883/2834/1906
f 1883/2834/1906 1905/2778/1866 1867/2781/1867
f 1867/2781/1867 1906/2782/1868 1883/2834/1906
f 1883/2834/1906 1906/2782/1868 1868/2785/1869
f 1868/2785/1869 1882/2835/1907 1883/2834/1906
f 1868/2785/1869 1907/2786/1870 1882/2835/1907
f 1882/2835/1907 1907/2786/1870 1869/2789/1871
f 1869/2789/1871 1908/2790/1872 1882/2835/1907
f 1882/2835/1907 1908/2790/1872 1870/2793/1873
f 1870/2793/1873 1909/2794/1874 1882/2835/1907
f 1918/2833/1905 1909/2794/1874 1871/2797/1875
f 1918/2833/1905 1872/2801/1879 1917/2828/1900
f 1880/2832/1904 1918/2833/1905 1917/2828/1900
f 1880/2832/1904 1917/2828/1900 1913/2810/1886
f 1913/2810/1886 1912/2806/1882 1880/2832/1904
f 1880/2832/1904 1912/2806/1882 1874/2809/1885
f 1858/2830/1902 1880/2832/1904 1874/2809/1885
f 1874/2809/1885 1914/2812/1888 1858/2830/1902
f 1858/2830/1902 1914/2812/1888 1876/2815/1891
f 1876/2815/1891 1915/2820/1892 1858/2830/1902
f 1858/2830/1902 1915/2820/1892 1877/2884/1895
f 1881/2831/1903 1858/2830/1902 1877/2884/1895
f 1877/2884/1895 1916/2885/1896 1881/2831/1903
f 1881/2831/1903 1916/2885/1896 1894/2879/1841
f 1940/2886/1927 1955/2887/1928 1816/2675/1785
f 1816/2675/1785 1951/2888/1929 1940/2886/1927
f 1941/2672/1782 1817/2889/1807 1952/2890/1806
f 1955/2887/1928 1926/2891/1930 1969/2674/1784
f 1926/2891/1930 1978/2892/1931 1969/2674/1784
f 1969/2674/1784 1978/2892/1931 1976/2893/1932
f 1796/2894/1933 1791/2895/1749 1790/2609/1722
f 1790/2609/1722 1919/2608/1721 1796/2894/1933
f 2094/2896/1934 1920/2620/1730 1764/2623/1734
f 1764/2623/1734 1942/2897/1935 2094/2896/1934
f 2094/2898/1934 1786/2607/1720 1785/2618/1731
f 1785/2618/1731 1920/2617/1730 2094/2898/1934
f 2095/2899/1936 1921/2624/1735 1766/2626/1737
f 1766/2626/1737 1943/2900/1937 2095/2899/1936
f 2095/2899/1936 1942/2897/1935 1764/2623/1734
f 1764/2623/1734 1921/2624/1735 2095/2899/1936
f 2096/2901/1938 1923/2627/1738 1922/2629/1740
f 1922/2629/1740 1787/2866/1924 2096/2901/1938
f 2096/2901/1938 1943/2900/1937 1766/2626/1737
f 1766/2626/1737 1923/2627/1738 2096/2901/1938
f 1953/2902/1939 1944/2903/1940 1945/2602/1715
f 1968/2904/1941 1983/2905/1942 1953/2902/1939
f 1953/2902/1939 1983/2905/1942 1944/2903/1940
f 1945/2602/1715 1970/2906/1943 1955/2887/1928
f 1801/2597/1710 1928/2659/1770 1927/2713/1809
f 1927/2713/1809 1946/2907/1944 1801/2597/1710
f 1801/2597/1710 1819/2598/1711 1924/2660/1771
f 1924/2660/1771 1928/2659/1770 1801/2597/1710
f 1795/2648/1759 1825/2723/1818 1826/2722/1817
f 1826/2722/1817 1929/2670/1780 1795/2648/1759
f 1776/2650/1761 1753/2908/1709 1752/2909/1945
f 1752/2909/1945 1948/2651/1762 1776/2650/1761
f 1783/2910/1773 1782/2911/1772 1779/2652/1763
f 1782/2911/1772 1777/2653/1764 1779/2652/1763
f 1954/2912/1769 1781/2913/1768 1949/2914/1946
f 1949/2914/1946 1946/2907/1944 1954/2912/1769
f 1947/2599/1712 1940/2886/1927 1821/2714/1810
f 1821/2714/1810 1820/2679/1787 1947/2599/1712
f 1945/2602/1715 1955/2887/1928 1940/2886/1927
f 1940/2886/1927 1947/2599/1712 1945/2602/1715
f 1954/2912/1769 1946/2907/1944 1927/2713/1809
f 1927/2713/1809 1941/2915/1782 1954/2912/1769
f 1948/2651/1762 1752/2909/1945 1949/2916/1947
f 1949/2916/1947 1781/2703/1768 1948/2651/1762
f 1776/2650/1761 1754/2707/1804 1800/2917/1786
f 1800/2917/1786 1753/2908/1709 1776/2650/1761
f 1777/2653/1764 1782/2911/1772 1950/2918/1948
f 1950/2918/1948 1951/2708/1805 1777/2653/1764
f 1779/2652/1763 1817/2711/1807 1818/2919/1949
f 1818/2919/1949 1783/2910/1773 1779/2652/1763
f 1940/2886/1927 1951/2888/1929 1950/2920/1948
f 1950/2920/1948 1821/2714/1810 1940/2886/1927
f 1953/2902/1939 1945/2602/1715 1755/2601/1714
f 2175/2921/1950 2195/2922/1951 1930/2746/1839
f 1930/2746/1839 1841/2745/1838 2175/2921/1950
f 2175/2921/1950 1841/2745/1838 1860/2749/1842
f 1860/2749/1842 1956/2923/1952 2175/2921/1950
f 2176/2924/1953 2197/2925/1954 1931/2926/1845
f 1931/2926/1845 1842/2927/1844 2176/2924/1953
f 2176/2924/1953 1842/2927/1844 1930/2746/1839
f 1930/2746/1839 2195/2922/1951 2176/2924/1953
f 1931/2928/1845 2197/2929/1954 1843/2930/1848
f 1844/2760/1851 2199/2931/1955 1932/2761/1852
f 2215/2932/1956 2162/2933/1957 1865/2826/1862
f 1865/2826/1862 1878/2825/1899 2215/2932/1956
f 2215/2932/1956 1878/2825/1899 1939/2875/1925
f 1865/2826/1862 2162/2933/1957 1845/2934/1859
f 1936/2721/1816 2207/2935/1958 1937/2719/1814
f 2187/2936/1959 2208/2937/1960 1938/2803/1878
f 1938/2803/1878 1852/2938/1877 2187/2936/1959
f 2187/2936/1959 1852/2938/1877 1937/2719/1814
f 1937/2719/1814 2207/2935/1958 2187/2936/1959
f 2193/2939/1961 1956/2923/1952 1860/2749/1842
f 1860/2749/1842 1857/2823/1897 2193/2939/1961
f 2193/2939/1961 1857/2823/1897 2320/2818/1894
f 2179/2940/1962 1939/2875/1925 1932/2761/1852
f 1932/2761/1852 2199/2931/1955 2179/2940/1962
f 1879/2876/1926 1853/2804/1881 2188/2941/1963
f 2188/2941/1963 1853/2804/1881 1938/2803/1878
f 1938/2803/1878 2208/2937/1960 2188/2941/1963
f 1816/2675/1785 1955/2887/1928 1969/2674/1784
f 1823/2611/1724 1822/2705/1803 1780/2704/1767
f 1780/2704/1767 1750/2680/1718 1823/2611/1724
f 1797/2649/1760 1822/2705/1803 1823/2611/1724
f 1802/2630/1741 1778/2654/1765 1816/2709/1785
f 1816/2709/1785 1758/2694/1795 1802/2630/1741
f 1802/2630/1741 1749/2632/1743 1778/2654/1765
f 1796/2894/1933 1964/2942/1964 1972/2943/1965
f 1755/2601/1714 1770/2944/1750 1953/2902/1939
f 1770/2944/1750 1796/2894/1933 1953/2902/1939
f 1952/2890/1806 1799/2673/1783 1941/2672/1782
f 1971/2945/1966 1980/2946/1967 1955/2887/1928
f 1955/2887/1928 1980/2946/1967 1926/2891/1930
f 1969/2674/1784 1963/2947/1968 1919/2608/1721
f 1976/2893/1932 1975/2948/1969 1969/2674/1784
f 1969/2674/1784 1975/2948/1969 1965/2949/1970
f 1965/2949/1970 1963/2947/1968 1969/2674/1784
f 1972/2943/1965 1964/2942/1964 1973/2950/1971
f 1973/2950/1971 1985/2951/1972 1972/2943/1965
f 1972/2943/1965 1985/2951/1972 1993/2952/1973
f 1993/2952/1973 1966/2953/1974 1972/2943/1965
f 1963/2947/1968 1965/2949/1970 1974/2954/1975
f 1974/2954/1975 1986/2955/1976 1963/2947/1968
f 1963/2947/1968 1986/2955/1976 1973/2950/1971
f 1973/2950/1971 1964/2942/1964 1963/2947/1968
f 1975/2956/1969 1976/2957/1932 1977/2958/1977
f 1977/2958/1977 1987/2959/1978 1975/2956/1969
f 1975/2948/1969 1987/2960/1978 1974/2954/1975
f 1974/2954/1975 1965/2949/1970 1975/2948/1969
f 1978/2961/1931 1926/2962/1930 1979/2963/1979
f 1979/2963/1979 1988/2964/1980 1978/2961/1931
f 1978/2965/1931 1988/2966/1980 1977/2958/1977
f 1977/2958/1977 1976/2957/1932 1978/2965/1931
f 1980/2967/1967 1971/2968/1966 1981/2969/1981
f 1981/2969/1981 1989/2970/1982 1980/2967/1967
f 1980/2967/1967 1989/2970/1982 1979/2963/1979
f 1979/2963/1979 1926/2962/1930 1980/2967/1967
f 1970/2971/1943 1944/2972/1940 1982/2973/1983
f 1982/2973/1983 1990/2974/1984 1970/2971/1943
f 1970/2971/1943 1990/2974/1984 1981/2969/1981
f 1981/2969/1981 1971/2968/1966 1970/2971/1943
f 1983/2975/1942 1968/2976/1941 1984/2977/1985
f 1984/2977/1985 1991/2978/1986 1983/2975/1942
f 1983/2979/1942 1991/2980/1986 1982/2973/1983
f 1982/2973/1983 1944/2972/1940 1983/2979/1942
f 1967/2981/1987 1966/2953/1974 1993/2952/1973
f 1993/2952/1973 1992/2982/1988 1967/2981/1987
f 1967/2983/1987 1992/2984/1988 1984/2977/1985
f 1984/2977/1985 1968/2976/1941 1967/2983/1987
f 1963/2947/1968 1964/2942/1964 1796/2894/1933
f 1963/2947/1968 1796/2894/1933 1919/2608/1721
f 1953/2902/1939 1967/2981/1987 1968/2904/1941
f 1796/2894/1933 1972/2943/1965 1953/2902/1939
f 1953/2902/1939 1972/2943/1965 1966/2953/1974
f 1966/2953/1974 1967/2981/1987 1953/2902/1939
f 1970/2906/1943 1971/2945/1966 1955/2887/1928
f 1945/2602/1715 1944/2903/1940 1970/2906/1943
f 1985/2985/1972 1973/2986/1971 1994/2987/1989
f 1994/2987/1989 2001/2988/1990 1985/2985/1972
f 1985/2985/1972 2001/2988/1990 2002/2989/1991
f 2002/2989/1991 1993/2990/1973 1985/2985/1972
f 1986/2991/1976 1974/2992/1975 1995/2993/1992
f 1995/2993/1992 2003/2994/1993 1986/2991/1976
f 1986/2991/1976 2003/2994/1993 1994/2987/1989
f 1994/2987/1989 1973/2986/1971 1986/2991/1976
f 1987/2959/1978 1977/2958/1977 1996/2995/1994
f 1996/2995/1994 2004/2996/1995 1987/2959/1978
f 1987/2959/1978 2004/2996/1995 1995/2997/1992
f 1995/2997/1992 1974/2998/1975 1987/2959/1978
f 1988/2966/1980 1979/2999/1979 1997/3000/1996
f 1997/3000/1996 2005/3001/1997 1988/2966/1980
f 1988/2966/1980 2005/3001/1997 1996/2995/1994
f 1996/2995/1994 1977/2958/1977 1988/2966/1980
f 1989/2970/1982 1981/2969/1981 1998/3002/1998
f 1998/3002/1998 2006/3003/1999 1989/2970/1982
f 1989/2970/1982 2006/3003/1999 1997/3004/1996
f 1997/3004/1996 1979/2963/1979 1989/2970/1982
f 1990/2974/1984 1982/2973/1983 1999/3005/2000
f 1999/3005/2000 2007/3006/2001 1990/2974/1984
f 1990/2974/1984 2007/3006/2001 1998/3002/1998
f 1998/3002/1998 1981/2969/1981 1990/2974/1984
f 1991/2978/1986 1984/2977/1985 2000/3007/2002
f 2000/3007/2002 2008/3008/2003 1991/2978/1986
f 1991/2978/1986 2008/3008/2003 1999/3009/2000
f 1999/3009/2000 1982/3010/1983 1991/2978/1986
f 1992/2984/1988 1993/3011/1973 2002/3012/1991
f 2002/3012/1991 2009/3013/2004 1992/2984/1988
f 1992/2984/1988 2009/3013/2004 2000/3007/2002
f 2000/3007/2002 1984/2977/1985 1992/2984/1988
f 2010/3014/2005 2011/3015/2006 2002/3016/1991
f 2002/3016/1991 2001/3017/1990 2010/3014/2005
f 2010/3014/2005 2001/3017/1990 1994/3018/1989
f 1994/3018/1989 2012/3019/2007 2010/3014/2005
f 2010/3020/2008 2012/3021/2009 2013/3022/2010
f 2013/3022/2010 2014/3023/2011 2010/3020/2008
f 2010/3020/2008 2014/3023/2011 2045/3024/2012
f 2045/3024/2012 2011/3025/2013 2010/3020/2008
f 2015/3026/2014 2012/3019/2007 1994/3018/1989
f 1994/3018/1989 2003/3027/1993 2015/3026/2014
f 2015/3026/2014 2003/3027/1993 1995/3028/1992
f 1995/3028/1992 2016/3029/2015 2015/3026/2014
f 2015/3030/2016 2016/3031/2017 2017/3032/2018
f 2017/3032/2018 2018/3033/2019 2015/3030/2016
f 2015/3030/2016 2018/3033/2019 2013/3022/2010
f 2013/3022/2010 2012/3021/2009 2015/3030/2016
f 2019/3034/2020 2016/3029/2015 1995/3028/1992
f 1995/3028/1992 2004/3035/1995 2019/3034/2020
f 2019/3036/2020 2004/2996/1995 1996/2995/1994
f 1996/2995/1994 2020/3037/2021 2019/3036/2020
f 2019/3038/2020 2020/3039/2022 2021/3040/2023
f 2021/3040/2023 2022/3041/2024 2019/3038/2020
f 2019/3038/2020 2022/3041/2024 2017/3042/2018
f 2017/3042/2018 2016/3043/2017 2019/3038/2020
f 2023/3044/2025 2020/3037/2021 1996/2995/1994
f 1996/2995/1994 2005/3001/1997 2023/3044/2025
f 2023/3045/2025 2005/3046/1997 1997/3004/1996
f 1997/3004/1996 2024/3047/2026 2023/3045/2025
f 2023/3048/2025 2024/3049/2027 2025/3050/2028
f 2025/3050/2028 2026/3051/2029 2023/3048/2025
f 2023/3048/2025 2026/3051/2029 2021/3040/2023
f 2021/3040/2023 2020/3039/2022 2023/3048/2025
f 2027/3052/2030 2024/3047/2026 1997/3004/1996
f 1997/3004/1996 2006/3003/1999 2027/3052/2030
f 2027/3052/2030 2006/3003/1999 1998/3002/1998
f 1998/3002/1998 2028/3053/2031 2027/3052/2030
f 2027/3054/2030 2028/3055/2032 2029/3056/2033
f 2029/3056/2033 2030/3057/2034 2027/3054/2030
f 2027/3054/2030 2030/3057/2034 2025/3058/2028
f 2025/3058/2028 2024/3059/2027 2027/3054/2030
f 2031/3060/2035 2028/3053/2031 1998/3002/1998
f 1998/3002/1998 2007/3006/2001 2031/3060/2035
f 2031/3060/2035 2007/3006/2001 1999/3005/2000
f 1999/3005/2000 2032/3061/2036 2031/3060/2035
f 2031/3062/2037 2032/3063/2036 2033/3064/2038
f 2033/3064/2038 2034/3065/2039 2031/3062/2037
f 2031/3062/2037 2034/3065/2039 2029/3056/2033
f 2029/3056/2033 2028/3055/2032 2031/3062/2037
f 2035/3066/2040 2032/3061/2036 1999/3005/2000
f 1999/3005/2000 2008/3067/2003 2035/3066/2040
f 2035/3068/2040 2008/3008/2003 2000/3007/2002
f 2000/3007/2002 2036/3069/2041 2035/3068/2040
f 2035/3070/2042 2036/3071/2041 2037/3072/2043
f 2037/3072/2043 2038/3073/2044 2035/3070/2042
f 2035/3070/2042 2038/3073/2044 2033/3074/2038
f 2033/3074/2038 2032/3075/2036 2035/3070/2042
f 2039/3076/2045 2036/3069/2041 2000/3007/2002
f 2000/3007/2002 2009/3013/2004 2039/3076/2045
f 2039/3077/2045 2009/3078/2004 2002/3016/1991
f 2002/3016/1991 2011/3015/2006 2039/3077/2045
f 2039/3079/2046 2011/3080/2013 2045/3081/2012
f 2045/3081/2012 2040/3082/2047 2039/3079/2046
f 2039/3079/2046 2040/3082/2047 2037/3072/2043
f 2037/3072/2043 2036/3071/2041 2039/3079/2046
f 2017/3032/2018 2051/3083/2048 2018/3033/2019
f 2018/3033/2019 2051/3083/2048 2013/3022/2010
f 2022/3041/2024 2021/3040/2023 2041/3084/2049
f 2026/3051/2029 2025/3050/2028 2042/3085/2050
f 2042/3085/2050 2053/3086/2051 2026/3051/2029
f 2026/3051/2029 2053/3086/2051 2041/3084/2049
f 2041/3084/2049 2021/3040/2023 2026/3051/2029
f 2029/3087/2033 2054/3088/2052 2030/3089/2034
f 2030/3089/2034 2054/3088/2052 2042/3090/2050
f 2042/3090/2050 2025/3091/2028 2030/3089/2034
f 2034/3092/2039 2033/3093/2038 2043/3094/2053
f 2043/3094/2053 2055/3095/2054 2034/3092/2039
f 2034/3092/2039 2055/3095/2054 2029/3087/2033
f 2038/3073/2044 2037/3072/2043 2044/3096/2055
f 2043/3097/2053 2033/3074/2038 2038/3073/2044
f 2044/3096/2055 2037/3072/2043 2040/3082/2047
f 2045/3024/2012 2014/3023/2011 2049/3098/2056
f 2049/3098/2056 2014/3023/2011 2013/3022/2010
f 2049/3098/2056 2013/3022/2010 2046/3099/2057
f 2050/3100/2058 2045/3024/2012 2049/3098/2056
f 2051/3083/2048 2017/3032/2018 2047/3101/2059
f 2046/3099/2057 2013/3022/2010 2051/3083/2048
f 2017/3042/2018 2022/3041/2024 2052/3102/2060
f 2052/3102/2060 2022/3041/2024 2041/3084/2049
f 2047/3103/2059 2017/3042/2018 2052/3102/2060
f 2054/3088/2052 2029/3087/2033 2048/3104/2061
f 2048/3104/2061 2029/3087/2033 2055/3095/2054
f 2043/3097/2053 2038/3073/2044 2056/3105/2062
f 2056/3105/2062 2038/3073/2044 2044/3096/2055
f 2044/3096/2055 2040/3082/2047 2057/3106/2063
f 2057/3106/2063 2040/3082/2047 2045/3081/2012
f 2057/3106/2063 2045/3081/2012 2050/3107/2058
f 2058/3108/2064 2059/3109/2065 2050/3100/2058
f 2050/3100/2058 2049/3098/2056 2058/3108/2064
f 2058/3108/2064 2049/3098/2056 2046/3099/2057
f 2046/3099/2057 2060/3110/2066 2058/3108/2064
f 2058/3108/2064 2060/3110/2067 2061/3111/2068
f 2061/3111/2068 2084/3112/2069 2058/3108/2064
f 2058/3108/2064 2084/3112/2069 2062/3113/2070
f 2062/3113/2070 2059/3109/2071 2058/3108/2064
f 2063/3114/2072 2060/3110/2066 2046/3099/2057
f 2046/3099/2057 2051/3083/2048 2063/3114/2072
f 2063/3114/2072 2051/3083/2048 2047/3101/2059
f 2047/3101/2059 2064/3115/2073 2063/3114/2072
f 2063/3114/2072 2064/3115/2073 2065/3116/2074
f 2065/3116/2074 2066/3117/2075 2063/3114/2072
f 2063/3114/2072 2066/3117/2075 2061/3111/2068
f 2061/3111/2068 2060/3110/2067 2063/3114/2072
f 2067/3118/2076 2064/3119/2073 2047/3103/2059
f 2047/3103/2059 2052/3102/2060 2067/3118/2076
f 2067/3118/2076 2052/3102/2060 2041/3084/2049
f 2041/3084/2049 2068/3120/2077 2067/3118/2076
f 2067/3121/2078 2068/3122/2077 2069/3123/2079
f 2069/3123/2079 2070/3124/2080 2067/3121/2078
f 2067/3121/2078 2070/3124/2080 2065/3116/2074
f 2065/3116/2074 2064/3115/2073 2067/3121/2078
f 2071/3125/2081 2068/3120/2077 2041/3084/2049
f 2041/3084/2049 2053/3086/2051 2071/3125/2081
f 2071/3125/2081 2053/3086/2051 2042/3085/2050
f 2042/3085/2050 2072/3126/2082 2071/3125/2081
f 2071/3127/2081 2072/3128/2083 2073/3129/2084
f 2073/3129/2084 2085/3130/2085 2071/3127/2081
f 2071/3127/2081 2085/3130/2085 2069/3131/2079
f 2069/3131/2079 2068/3132/2077 2071/3127/2081
f 2074/3133/2086 2072/3128/2082 2042/3134/2050
f 2042/3134/2050 2054/3135/2052 2074/3133/2086
f 2074/3133/2086 2054/3135/2052 2048/3136/2061
f 2048/3136/2061 2075/3137/2087 2074/3133/2086
f 2074/3133/2088 2075/3137/2089 2076/3138/2090
f 2076/3138/2090 2086/3139/2091 2074/3133/2088
f 2074/3133/2088 2086/3139/2091 2073/3129/2084
f 2073/3129/2084 2072/3128/2083 2074/3133/2088
f 2077/3140/2092 2075/3137/2087 2048/3136/2061
f 2048/3136/2061 2055/3141/2054 2077/3140/2092
f 2077/3140/2092 2055/3141/2054 2043/3142/2053
f 2043/3142/2053 2078/3143/2093 2077/3140/2092
f 2077/3140/2094 2078/3143/2093 2079/3144/2095
f 2079/3144/2095 2087/3145/2096 2077/3140/2094
f 2077/3140/2094 2087/3145/2096 2076/3138/2090
f 2076/3138/2090 2075/3137/2089 2077/3140/2094
f 2080/3146/2097 2078/3147/2093 2043/3097/2053
f 2043/3097/2053 2056/3105/2062 2080/3146/2097
f 2080/3146/2097 2056/3105/2062 2044/3096/2055
f 2044/3096/2055 2081/3148/2098 2080/3146/2097
f 2080/3149/2097 2081/3150/2098 2082/3151/2099
f 2082/3151/2099 2088/3152/2100 2080/3149/2097
f 2080/3149/2097 2088/3152/2100 2079/3144/2095
f 2079/3144/2095 2078/3143/2093 2080/3149/2097
f 2083/3153/2101 2081/3148/2098 2044/3096/2055
f 2044/3096/2055 2057/3106/2063 2083/3153/2101
f 2083/3153/2101 2057/3106/2063 2050/3107/2058
f 2050/3107/2058 2059/3154/2065 2083/3153/2101
f 2083/3155/2101 2059/3109/2071 2062/3113/2070
f 2062/3113/2070 2089/3156/2102 2083/3155/2101
f 2083/3155/2101 2089/3156/2102 2082/3157/2099
f 2082/3157/2099 2081/3158/2098 2083/3155/2101
f 2084/3159/2069 2065/3160/2074 2089/3161/2102
f 2089/3161/2102 2065/3160/2074 2085/3130/2085
f 2089/3161/2102 2085/3130/2085 2086/3139/2091
f 2089/3161/2102 2086/3139/2091 2087/3145/2096
f 2089/3161/2102 2087/3145/2096 2088/3152/2100
f 2084/3159/2069 2089/3161/2102 2062/3162/2070
f 2065/3160/2074 2084/3159/2069 2061/3163/2068
f 2061/3163/2068 2066/3164/2075 2065/3160/2074
f 2065/3160/2074 2070/3165/2080 2069/3131/2079
f 2069/3131/2079 2085/3130/2085 2065/3160/2074
f 2073/3129/2084 2086/3139/2091 2085/3130/2085
f 2076/3138/2090 2087/3145/2096 2086/3139/2091
f 2079/3144/2095 2088/3152/2100 2087/3145/2096
f 2082/3151/2099 2089/3161/2102 2088/3152/2100
f 2090/2664/1775 1925/2663/1774 1799/2673/1783
f 1799/2673/1783 1762/2619/1732 2090/2664/1775
f 1762/2619/1732 1785/2618/1731 2090/2664/1775
f 2091/2666/1777 1789/2665/1776 1809/3166/1797
f 1809/3166/1797 1808/3167/1796 2091/2666/1777
f 2091/2666/1777 1808/3167/1796 1758/3168/1723
f 1758/3168/1723 1790/2667/1722 2091/2666/1777
f 2092/2669/1779 1793/2668/1778 1811/3169/1800
f 1811/3169/1800 1810/3170/2103 2092/2669/1779
f 2092/2669/1779 1810/3170/2103 1809/3166/1797
f 1809/3166/1797 1789/2665/1776 2092/2669/1779
f 2093/2671/1781 1929/2670/1780 1814/2855/1802
f 1814/2855/1802 1811/3169/1800 2093/2671/1781
f 1811/3169/1800 1793/2668/1778 2093/2671/1781
f 1924/2715/1771 1821/2714/1810 1950/2920/1948
f 1950/2920/1948 1782/3171/1772 1924/2715/1771
f 1828/2724/1819 1827/2726/1821 1824/2717/1812
f 1824/2717/1812 1827/2726/1821 2313/2718/1813
f 1838/2741/1832 1826/2722/1817 1840/2720/1815
f 1922/2629/1740 1892/2628/1739 1828/3172/1819
f 1828/3172/1819 1824/2870/1812 1922/2629/1740
f 1941/2915/1782 1927/2713/1809 1818/2712/2104
f 1818/2712/2104 1817/3173/1807 1941/2915/1782
f 1770/2944/1750 1791/2895/1749 1796/2894/1933
f 2094/2896/1934 1942/2897/1935 1803/3174/1790
f 1803/3174/1790 1757/3175/1717 2094/2896/1934
f 1757/2604/1717 1786/2607/1720 2094/2898/1934
f 2095/2899/1936 1943/2900/1937 1804/3176/1791
f 1804/3176/1791 1803/3174/1790 2095/2899/1936
f 1803/3174/1790 1942/2897/1935 2095/2899/1936
f 2096/2901/1938 1787/2866/1924 1806/2869/1792
f 1806/2869/1792 1804/3176/1791 2096/2901/1938
f 1804/3176/1791 1943/2900/1937 2096/2901/1938
f 1801/2597/1710 1946/2907/1944 1949/2914/1946
f 1949/2914/1946 1752/2595/1708 1801/2597/1710
f 2313/2718/1813 1933/2837/1909 1884/2716/1811
f 1884/2716/1811 1933/2837/1909 1885/2839/1911
f 1936/2721/1816 1825/2723/1818 1889/2850/1921
f 1795/2648/1759 1891/2647/1758 1889/2850/1921
f 1889/2850/1921 1825/2723/1818 1795/2648/1759
f 1947/2599/1712 1820/2679/1787 1800/2678/1786
f 1800/2678/1786 1754/2600/1713 1947/2599/1712
f 1954/2658/1769 1751/2606/1719 1750/2605/1718
f 1954/2658/1769 1941/2672/1782 1925/2663/1774
f 1954/2658/1769 1925/2663/1774 1751/2606/1719
f 2098/3177/2105 2137/3178/2106 2305/3179/2107
f 2098/3177/2105 2155/3180/2108 2137/3178/2106
f 2115/3181/2109 2301/3182/2110 2159/3183/2111
f 2159/3183/2111 2306/3184/2112 2115/3181/2109
f 2116/3185/2113 2311/3186/2114 2097/3187/2115
f 2097/3187/2115 2140/3188/2116 2116/3185/2113
f 2140/3188/2116 2117/3189/2117 2116/3185/2113
f 2136/3190/2118 2277/3191/2119 2276/3192/2120
f 2158/3193/2121 2101/3194/2122 2099/3195/2123
f 2101/3194/2122 2158/3193/2121 2100/3196/2124
f 2101/3194/2122 2100/3196/2124 2234/3197/2125
f 2234/3197/2125 2235/3198/2126 2101/3194/2122
f 2102/3199/2127 2279/3200/2128 2278/3201/2129
f 2278/3202/2129 2280/3203/2130 2103/3204/2131
f 2103/3204/2131 2102/3205/2127 2278/3202/2129
f 2103/3204/2131 2280/3203/2130 2281/3206/2132
f 2281/3206/2132 2282/3207/2133 2104/3208/2134
f 2104/3208/2134 2103/3204/2131 2281/3206/2132
f 2104/3208/2134 2282/3207/2133 2283/3209/2135
f 2283/3209/2135 2239/3210/2136 2105/3211/2137
f 2105/3211/2137 2104/3208/2134 2283/3209/2135
f 2161/3212/2138 2107/3213/2139 2106/3214/2140
f 2108/3215/2141 2106/3214/2140 2107/3213/2139
f 2108/3215/2141 2107/3213/2139 2145/3216/2142
f 2145/3216/2142 2241/3217/2143 2109/3218/2144
f 2109/3218/2144 2108/3215/2141 2145/3216/2142
f 2124/3219/2145 2110/3220/2146 2133/3221/2147
f 2133/3221/2147 2119/3222/2148 2124/3219/2145
f 2124/3219/2145 2123/3223/2149 2110/3220/2146
f 2126/3224/2150 2111/3225/2151 2110/3220/2146
f 2110/3220/2146 2123/3223/2149 2126/3224/2150
f 2126/3224/2150 2125/3226/2152 2112/3227/2153
f 2112/3227/2153 2111/3225/2151 2126/3224/2150
f 2112/3227/2153 2125/3226/2152 2128/3228/2154
f 2128/3228/2154 2127/3229/2155 2113/3230/2156
f 2113/3230/2156 2112/3227/2153 2128/3228/2154
f 2148/3231/2157 2149/3232/2158 2307/3233/2159
f 2307/3233/2159 2157/3234/2160 2148/3231/2157
f 2151/3235/2161 2114/3236/2162 2160/3237/2163
f 2130/3238/2164 2302/3239/2165 2132/3240/2166
f 2309/3241/2167 2295/3242/2168 2293/3243/2169
f 2153/3244/2170 2309/3241/2167 2293/3243/2169
f 2116/3185/2113 2117/3189/2117 2279/3200/2128
f 2279/3200/2128 2285/3245/2171 2116/3185/2113
f 2116/3185/2113 2285/3245/2171 2289/3246/2172
f 2289/3246/2172 2311/3186/2114 2116/3185/2113
f 2124/3219/2145 2119/3222/2148 2277/3247/2119
f 2277/3247/2119 2286/3248/2173 2124/3219/2145
f 2124/3219/2145 2286/3248/2173 2447/3249/2174
f 2447/3249/2174 2123/3223/2149 2124/3219/2145
f 2126/3224/2150 2123/3223/2149 2447/3249/2174
f 2447/3249/2174 2287/3250/2175 2126/3224/2150
f 2126/3224/2150 2287/3250/2175 2448/3251/2176
f 2448/3251/2176 2125/3226/2152 2126/3224/2150
f 2128/3228/2154 2125/3226/2152 2448/3251/2176
f 2448/3251/2176 2288/3252/2177 2128/3228/2154
f 2128/3228/2154 2288/3252/2177 2129/3253/2178
f 2129/3253/2178 2127/3229/2155 2128/3228/2154
f 2132/3240/2166 2097/3187/2115 2311/3186/2114
f 2134/3254/2179 2284/3255/2180 2289/3246/2172
f 2289/3246/2172 2284/3255/2180 2311/3186/2114
f 2135/3256/2181 2136/3190/2118 2276/3192/2120
f 2155/3257/2108 2156/3258/2182 2138/3259/2183
f 2138/3259/2183 2137/3260/2106 2155/3257/2108
f 2099/3195/2123 2140/3261/2116 2097/3262/2115
f 2134/3263/2179 2102/3264/2127 2161/3212/2138
f 2133/3265/2147 2110/3266/2146 2158/3193/2121
f 2141/3267/2184 2140/3261/2116 2101/3194/2122
f 2140/3261/2116 2099/3195/2123 2101/3194/2122
f 2100/3196/2124 2158/3193/2121 2110/3266/2146
f 2110/3266/2146 2111/3268/2151 2100/3196/2124
f 2100/3196/2124 2111/3268/2151 2112/3269/2153
f 2142/3270/2185 2141/3267/2184 2101/3194/2122
f 2100/3196/2124 2112/3269/2153 2113/3271/2156
f 2113/3271/2156 2234/3197/2125 2100/3196/2124
f 2235/3198/2126 2236/3272/2186 2101/3194/2122
f 2101/3194/2122 2236/3272/2186 2237/3273/2187
f 2237/3273/2187 2142/3270/2185 2101/3194/2122
f 2107/3213/2139 2161/3212/2138 2102/3264/2127
f 2107/3213/2139 2102/3264/2127 2103/3274/2188
f 2143/3275/2189 2144/3276/2190 2106/3214/2140
f 2106/3214/2140 2144/3276/2190 2136/3277/2118
f 2107/3213/2139 2103/3274/2188 2104/3278/2134
f 2104/3278/2134 2145/3216/2142 2107/3213/2139
f 2147/3279/2191 2146/3280/2192 2108/3215/2141
f 2108/3215/2141 2146/3280/2192 2143/3275/2189
f 2143/3275/2189 2106/3214/2140 2108/3215/2141
f 2145/3216/2142 2240/3281/2193 2241/3217/2143
f 2145/3216/2142 2104/3278/2134 2105/3282/2137
f 2105/3282/2137 2240/3281/2193 2145/3216/2142
f 2108/3215/2141 2109/3218/2144 2233/3283/2194
f 2233/3283/2194 2147/3279/2191 2108/3215/2141
f 2148/3231/2157 2157/3234/2160 2132/3284/2166
f 2132/3284/2166 2302/3285/2195 2148/3231/2157
f 2149/3232/2158 2306/3286/2196 2159/3287/2111
f 2159/3287/2111 2307/3233/2159 2149/3232/2158
f 2151/3235/2161 2160/3237/2163 2135/3288/2197
f 2135/3288/2197 2150/3289/2198 2151/3235/2161
f 2114/3236/2162 2310/3290/2199 2152/3291/2200
f 2152/3291/2200 2131/3292/2201 2114/3236/2162
f 2114/3236/2162 2131/3292/2201 2160/3237/2163
f 2293/3243/2169 2294/3293/2202 2154/3294/2203
f 2154/3294/2203 2153/3244/2170 2293/3243/2169
f 2155/3257/2108 2295/3295/2168 2296/3296/2204
f 2296/3296/2204 2156/3258/2182 2155/3257/2108
f 2158/3193/2121 2099/3195/2123 2307/3233/2159
f 2158/3193/2121 2307/3233/2159 2159/3287/2111
f 2159/3287/2111 2133/3265/2147 2158/3193/2121
f 2161/3212/2138 2106/3214/2140 2131/3292/2201
f 2161/3212/2138 2131/3292/2201 2152/3291/2200
f 2152/3291/2200 2134/3263/2179 2161/3212/2138
f 2202/3297/2205 2297/3298/2206 2163/3299/2207
f 2318/3300/2208 2451/3301/2209 2298/3302/2210
f 2298/3302/2210 2174/3303/2211 2318/3300/2208
f 2318/3300/2208 2174/3303/2211 2207/2935/1958
f 2203/3304/2212 2166/3305/2213 2165/3306/2214
f 2165/3306/2214 2166/3305/2213 2167/3307/2215
f 2167/3307/2215 2166/3305/2213 2168/3308/2216
f 2168/3308/2216 2166/3305/2213 2203/3304/2212
f 2203/3304/2212 2183/3309/2217 2168/3308/2216
f 2168/3308/2216 2183/3309/2217 2204/3310/2218
f 2204/3310/2218 2169/3311/2219 2168/3308/2216
f 2170/3312/2220 2169/3311/2219 2204/3310/2218
f 2204/3310/2218 2184/3313/2221 2170/3312/2220
f 2170/3312/2220 2184/3313/2221 2205/3314/2222
f 2205/3314/2222 2171/3315/2223 2170/3312/2220
f 2172/3316/2224 2171/3315/2223 2205/3314/2222
f 2205/3314/2222 2185/3317/2225 2172/3316/2224
f 2172/3316/2224 2185/3317/2225 2206/3318/2226
f 2206/3318/2226 2173/3319/2227 2172/3316/2224
f 2174/3303/2211 2173/3320/2227 2206/3321/2226
f 2182/3322/2228 2165/3306/2214 2202/3297/2205
f 2203/3304/2212 2165/3306/2214 2182/3322/2228
f 2186/3323/2229 2174/3303/2211 2206/3321/2226
f 2207/2935/1958 2174/3303/2211 2186/3323/2229
f 2242/3324/2230 2243/3325/2231 2195/2922/1951
f 2195/2922/1951 2175/2921/1950 2242/3324/2230
f 2242/3324/2230 2175/2921/1950 1956/2923/1952
f 1956/2923/1952 2196/3326/2232 2242/3324/2230
f 2244/3327/2233 2245/3328/2234 2197/3329/1954
f 2197/3329/1954 2176/3330/1953 2244/3327/2233
f 2244/3327/2233 2176/3330/1953 2195/3331/1951
f 2195/3331/1951 2243/3332/2231 2244/3327/2233
f 2246/3333/2235 2247/3334/2236 2198/3335/2237
f 2198/3335/2237 2177/3336/2238 2246/3333/2235
f 2246/3333/2235 2177/3336/2238 2197/3329/1954
f 2197/3329/1954 2245/3328/2234 2246/3333/2235
f 2198/3335/2237 2247/3334/2236 2178/3337/2239
f 2247/3334/2236 2248/3338/2240 2178/3337/2239
f 2178/3339/2239 2248/3340/2240 2249/3341/2241
f 2249/3341/2241 2199/2931/1955 2178/3339/2239
f 2250/3342/2242 2252/3343/2243 2199/2931/1955
f 2250/3342/2242 2199/2931/1955 2249/3341/2241
f 2180/3344/2244 2253/3345/2245 2200/3346/2246
f 2162/3347/1957 2201/3348/2247 2180/3344/2244
f 2201/3348/2247 2222/3349/2248 2180/3344/2244
f 2180/3344/2244 2222/3349/2248 2253/3345/2245
f 2223/3350/2249 2254/3351/2250 2202/3352/2205
f 2202/3352/2205 2181/3353/2251 2223/3350/2249
f 2223/3350/2249 2181/3353/2251 2200/3346/2246
f 2200/3346/2246 2253/3345/2245 2223/3350/2249
f 2255/3354/2252 2256/3355/2253 2203/3356/2212
f 2203/3356/2212 2182/3357/2228 2255/3354/2252
f 2255/3354/2252 2182/3357/2228 2202/3352/2205
f 2202/3352/2205 2254/3351/2250 2255/3354/2252
f 2257/3358/2254 2258/3359/2255 2204/3360/2218
f 2204/3360/2218 2183/3361/2217 2257/3358/2254
f 2257/3358/2254 2183/3361/2217 2203/3356/2212
f 2203/3356/2212 2256/3355/2253 2257/3358/2254
f 2219/3362/2256 2259/3363/2257 2205/3364/2222
f 2205/3364/2222 2184/3365/2221 2219/3362/2256
f 2219/3362/2256 2184/3365/2221 2204/3360/2218
f 2204/3360/2218 2258/3359/2255 2219/3362/2256
f 2260/3366/2258 2261/3367/2259 2206/3368/2226
f 2206/3368/2226 2185/3369/2225 2260/3366/2258
f 2260/3366/2258 2185/3369/2225 2205/3364/2222
f 2205/3364/2222 2259/3363/2257 2260/3366/2258
f 2262/3370/2260 2263/3371/2261 2207/3372/1958
f 2207/3372/1958 2186/3373/2229 2262/3370/2260
f 2262/3370/2260 2186/3373/2229 2206/3368/2226
f 2206/3368/2226 2261/3367/2259 2262/3370/2260
f 2209/3374/2262 2264/3375/2263 2208/3376/1960
f 2208/3376/1960 2187/3377/1959 2209/3374/2262
f 2209/3374/2262 2187/3377/1959 2207/3372/1958
f 2207/3372/1958 2263/3371/2261 2209/3374/2262
f 2265/3378/2264 2188/2941/1963 2208/2937/1960
f 2208/2937/1960 2264/3379/2263 2265/3378/2264
f 2212/3380/2265 2267/3381/2266 2210/3382/2267
f 2210/3382/2267 2190/3383/2268 2212/3380/2265
f 2212/3380/2265 2190/3383/2268 2164/3384/2269
f 2164/3384/2269 2211/3385/2270 2212/3380/2265
f 2268/3386/2271 2269/3387/2272 2213/3388/2273
f 2213/3388/2273 2191/3389/2274 2268/3386/2271
f 2268/3386/2271 2191/3389/2274 2210/3382/2267
f 2210/3382/2267 2267/3381/2266 2268/3386/2271
f 2270/3390/2275 2271/3391/2276 2214/3392/2277
f 2214/3392/2277 2192/3393/2278 2270/3390/2275
f 2270/3394/2275 2192/3395/2278 2213/3388/2273
f 2213/3388/2273 2269/3387/2272 2270/3394/2275
f 2272/3396/2279 2196/3326/2232 1956/2923/1952
f 1956/2923/1952 2193/2939/1961 2272/3396/2279
f 2272/3396/2279 2193/2939/1961 2214/3392/2277
f 2214/3392/2277 2271/3391/2276 2272/3396/2279
f 2275/3397/2280 2219/3362/2256 2220/3398/2281
f 2251/3399/2282 2201/3400/2247 2162/2933/1957
f 2162/2933/1957 2215/2932/1956 2251/3399/2282
f 2251/3399/2282 2215/2932/1956 2250/3342/2242
f 2266/3401/2283 2211/3385/2270 2164/3384/2269
f 2164/3384/2269 2216/3402/2284 2266/3401/2283
f 2266/3401/2283 2216/3402/2284 2265/3403/2264
f 2273/3404/2285 2220/3398/2281 2221/3405/2286
f 2219/3362/2256 2222/3349/2248 2220/3398/2281
f 2219/3362/2256 2218/3406/2287 2222/3349/2248
f 2219/3362/2256 2275/3397/2280 2217/3407/2288
f 2274/3408/2289 2221/3405/2286 2220/3398/2281
f 2194/3409/2290 2220/3398/2281 2273/3404/2285
f 2220/3398/2281 2222/3349/2248 2274/3408/2289
f 2223/3350/2249 2222/3349/2248 2218/3406/2287
f 2224/3410/2291 2225/3411/2292 2314/3412/2293
f 2315/3413/2294 2226/3414/2295 2227/3415/2296
f 2227/3415/2296 2228/3416/2297 2315/3413/2294
f 2315/3413/2294 2225/3411/2292 2224/3410/2291
f 2224/3410/2291 2226/3414/2295 2315/3413/2294
f 2316/3417/2298 2229/3418/2299 2230/3419/2300
f 2316/3417/2298 2228/3416/2297 2227/3415/2296
f 2227/3415/2296 2229/3418/2299 2316/3417/2298
f 2231/3420/2301 2232/3421/2302 2317/3422/2303
f 2318/3300/2208 2232/3423/2302 2231/3424/2301
f 2171/3425/2223 2172/3426/2224 2109/3218/2144
f 2109/3218/2144 2172/3426/2224 2173/3427/2227
f 2173/3427/2227 2233/3283/2194 2109/3218/2144
f 2129/3253/2178 2233/3428/2194 2173/3320/2227
f 2173/3320/2227 2298/3302/2210 2129/3253/2178
f 2234/3197/2125 2113/3271/2156 2231/3429/2301
f 2231/3429/2301 2317/3430/2303 2234/3197/2125
f 2234/3197/2125 2317/3430/2303 2230/3431/2300
f 2235/3432/2126 2234/3433/2125 2230/3434/2300
f 2230/3431/2300 2229/3435/2304 2235/3198/2126
f 2235/3198/2126 2229/3435/2304 2227/3436/2296
f 2236/3272/2186 2235/3198/2126 2227/3436/2296
f 2227/3436/2296 2226/3437/2305 2236/3272/2186
f 2236/3272/2186 2226/3437/2305 2224/3438/2306
f 2224/3438/2306 2237/3273/2187 2236/3272/2186
f 2238/3439/2307 2237/3440/2187 2224/3441/2291
f 2224/3441/2291 2163/3442/2207 2238/3439/2307
f 2238/3439/2307 2163/3442/2207 2297/3443/2206
f 2297/3443/2206 2239/3210/2136 2238/3439/2307
f 2240/3281/2193 2105/3282/2137 2167/3444/2215
f 2167/3444/2215 2168/3445/2216 2240/3281/2193
f 2240/3281/2193 2168/3445/2216 2169/3446/2219
f 2169/3446/2219 2241/3217/2143 2240/3281/2193
f 2169/3446/2219 2170/3447/2220 2241/3217/2143
f 2241/3217/2143 2170/3447/2220 2171/3425/2223
f 2171/3425/2223 2109/3218/2144 2241/3217/2143
f 2252/3343/2243 2179/2940/1962 2199/2931/1955
f 2263/3371/2261 2275/3397/2280 2209/3374/2262
f 2209/3374/2262 2275/3397/2280 2264/3375/2263
f 2265/3378/2264 2216/3448/2284 2188/2941/1963
f 2188/2941/1963 2216/3448/2284 2189/3449/2308
f 2211/3385/2270 2220/3398/2281 2212/3380/2265
f 2212/3380/2265 2220/3398/2281 2267/3381/2266
f 2215/2932/1956 2252/3343/2243 2250/3342/2242
f 2179/2940/1962 2252/3343/2243 2215/2932/1956
f 2164/3450/2269 2189/3449/2308 2216/3448/2284
f 2273/3404/2285 2242/3451/2230 2196/3452/2232
f 2273/3404/2285 2221/3405/2286 2243/3332/2231
f 2243/3332/2231 2242/3451/2230 2273/3404/2285
f 2221/3405/2286 2244/3327/2233 2243/3332/2231
f 2245/3328/2234 2244/3327/2233 2221/3405/2286
f 2221/3405/2286 2246/3333/2235 2245/3328/2234
f 2221/3405/2286 2274/3408/2289 2247/3334/2236
f 2247/3334/2236 2246/3333/2235 2221/3405/2286
f 2274/3408/2289 2248/3338/2240 2247/3334/2236
f 2249/3453/2241 2248/3338/2240 2274/3408/2289
f 2274/3408/2289 2250/3454/2242 2249/3453/2241
f 2251/3455/2282 2250/3454/2242 2274/3408/2289
f 2251/3455/2282 2274/3408/2289 2222/3349/2248
f 2201/3348/2247 2251/3455/2282 2222/3349/2248
f 2222/3349/2248 2223/3350/2249 2253/3345/2245
f 2223/3350/2249 2218/3406/2287 2254/3351/2250
f 2218/3406/2287 2255/3354/2252 2254/3351/2250
f 2256/3355/2253 2255/3354/2252 2218/3406/2287
f 2218/3406/2287 2257/3358/2254 2256/3355/2253
f 2218/3406/2287 2219/3362/2256 2258/3359/2255
f 2258/3359/2255 2257/3358/2254 2218/3406/2287
f 2217/3407/2288 2260/3366/2258 2259/3363/2257
f 2259/3363/2257 2219/3362/2256 2217/3407/2288
f 2261/3367/2259 2260/3366/2258 2217/3407/2288
f 2217/3407/2288 2262/3370/2260 2261/3367/2259
f 2263/3371/2261 2262/3370/2260 2217/3407/2288
f 2263/3371/2261 2217/3407/2288 2275/3397/2280
f 2275/3397/2280 2265/3403/2264 2264/3375/2263
f 2266/3401/2283 2265/3403/2264 2275/3397/2280
f 2266/3401/2283 2275/3397/2280 2220/3398/2281
f 2211/3385/2270 2266/3401/2283 2220/3398/2281
f 2220/3398/2281 2194/3409/2290 2267/3381/2266
f 2194/3409/2290 2268/3386/2271 2267/3381/2266
f 2269/3387/2272 2268/3386/2271 2194/3409/2290
f 2194/3409/2290 2270/3394/2275 2269/3387/2272
f 2194/3409/2290 2273/3404/2285 2271/3456/2276
f 2271/3456/2276 2270/3394/2275 2194/3409/2290
f 2273/3404/2285 2272/3457/2279 2271/3456/2276
f 2196/3452/2232 2272/3457/2279 2273/3404/2285
f 2304/3458/2309 2150/2888/2198 2135/3256/2181
f 2135/3256/2181 2292/3459/2310 2304/3458/2309
f 2152/3460/2311 2310/3461/2312 2284/3255/2180
f 2291/3462/2313 2332/3463/2314 2292/3459/2310
f 2276/3192/2120 2290/3464/2315 2291/3462/2313
f 2118/3465/2316 2276/3192/2120 2277/3191/2119
f 2277/3191/2119 2119/3466/2148 2118/3465/2316
f 2120/3467/2317 2449/3468/2318 2280/3203/2130
f 2280/3203/2130 2278/3202/2129 2120/3467/2317
f 2120/3469/2317 2278/3201/2129 2279/3200/2128
f 2279/3200/2128 2117/3189/2117 2120/3469/2317
f 2121/3470/2319 2450/3471/2320 2282/3207/2133
f 2282/3207/2133 2281/3206/2132 2121/3470/2319
f 2121/3470/2319 2281/3206/2132 2280/3203/2130
f 2280/3203/2130 2449/3468/2318 2121/3470/2319
f 2122/3472/2321 2238/3439/2307 2239/3210/2136
f 2239/3210/2136 2283/3209/2135 2122/3472/2321
f 2122/3472/2321 2283/3209/2135 2282/3207/2133
f 2282/3207/2133 2450/3471/2320 2122/3472/2321
f 2301/3182/2110 2334/3473/2322 2300/3474/2323
f 2334/3473/2322 2335/3475/2324 2300/3474/2323
f 2300/3474/2323 2335/3475/2324 2299/3476/2325
f 2292/3459/2310 2326/3477/2326 2301/3182/2110
f 2098/3177/2105 2139/3478/2327 2294/3293/2202
f 2294/3293/2202 2293/3243/2169 2098/3177/2105
f 2098/3177/2105 2293/3243/2169 2295/3242/2168
f 2295/3242/2168 2155/3180/2108 2098/3177/2105
f 2127/3229/2155 2129/3253/2178 2298/3302/2210
f 2298/3302/2210 2451/3301/2209 2127/3229/2155
f 2305/3479/2328 2137/3480/2329 2148/3231/2157
f 2137/3480/2329 2149/3232/2158 2148/3231/2157
f 2151/3235/2161 2309/3481/2330 2153/3482/2331
f 2153/3482/2331 2114/3236/2162 2151/3235/2161
f 2130/3483/2164 2139/3478/2332 2303/3484/2333
f 2303/3484/2333 2302/3485/2165 2130/3483/2164
f 2115/3181/2109 2156/3258/2334 2296/3296/2335
f 2296/3296/2335 2304/3458/2309 2115/3181/2109
f 2301/3182/2110 2115/3181/2109 2304/3458/2309
f 2304/3458/2309 2292/3459/2310 2301/3182/2110
f 2130/3483/2164 2284/3486/2180 2294/3293/2202
f 2294/3293/2202 2139/3478/2332 2130/3483/2164
f 2148/3231/2157 2302/3285/2195 2303/3487/2336
f 2303/3487/2336 2305/3479/2328 2148/3231/2157
f 2149/3232/2158 2137/3480/2329 2138/3488/2183
f 2138/3488/2183 2306/3286/2196 2149/3232/2158
f 2151/3235/2161 2150/3289/2198 2308/3489/2337
f 2308/3489/2337 2309/3481/2330 2151/3235/2161
f 2114/3236/2162 2153/3482/2331 2154/3490/2338
f 2154/3490/2338 2310/3290/2199 2114/3236/2162
f 2304/3458/2309 2296/3296/2335 2308/3491/2337
f 2308/3491/2337 2150/2888/2198 2304/3458/2309
f 2159/3183/2111 2301/3182/2110 2300/3474/2323
f 2311/3186/2114 2284/3255/2180 2130/3238/2164
f 2177/3492/2238 2198/3493/2237 1957/3494/1849
f 1957/3494/1849 1843/2930/1848 2177/3492/2238
f 2177/3492/2238 1843/2930/1848 2197/2929/1954
f 2199/2931/1955 1844/2760/1851 2178/3339/2239
f 2178/3339/2239 1844/2760/1851 1957/3494/1849
f 1957/3494/1849 2198/3493/2237 2178/3339/2239
f 1939/2875/1925 2179/2940/1962 2215/2932/1956
f 1845/2934/1859 2180/3495/2244 2200/3496/2246
f 2200/3496/2246 2312/3497/1857 1845/2934/1859
f 2162/2933/1957 2180/3495/2244 1845/2934/1859
f 1846/3498/1864 2181/3499/2251 2202/3297/2205
f 2202/3297/2205 2313/2718/1813 1846/3498/1864
f 1846/3500/1864 2312/3497/1857 2200/3496/2246
f 2200/3496/2246 2181/3501/2251 1846/3500/1864
f 2314/3412/2293 2225/3411/2292 1958/2838/1910
f 1958/2838/1910 1933/2837/1909 2314/3412/2293
f 2314/3412/2293 1933/2837/1909 2313/2718/1813
f 2314/3412/2293 2313/2718/1813 2202/3297/2205
f 2315/3413/2294 2228/3416/2297 1959/2841/1913
f 1959/2841/1913 1934/2840/1912 2315/3413/2294
f 2315/3413/2294 1934/2840/1912 1958/2838/1910
f 1958/2838/1910 2225/3411/2292 2315/3413/2294
f 2316/3417/2298 2230/3419/2300 1960/2844/1916
f 1960/2844/1916 1935/2846/1918 2316/3417/2298
f 2316/3417/2298 1935/2846/1918 1959/2841/1913
f 1959/2841/1913 2228/3416/2297 2316/3417/2298
f 2317/3422/2303 2232/3421/2302 1961/2848/1920
f 1961/2848/1920 1890/2847/1919 2317/3422/2303
f 2317/3422/2303 1890/2847/1919 1960/2844/1916
f 1960/2844/1916 2230/3419/2300 2317/3422/2303
f 2207/2935/1958 1936/2721/1816 2318/3300/2208
f 2318/3300/2208 1936/2721/1816 1961/2851/1920
f 1961/2851/1920 2232/3423/2302 2318/3300/2208
f 2189/3449/2308 2164/3450/2269 1875/2878/1887
f 1875/2878/1887 1879/2876/1926 2189/3449/2308
f 1879/2876/1926 2188/2941/1963 2189/3449/2308
f 2190/3502/2268 2210/3503/2267 1962/3504/1884
f 1962/3504/1884 1854/3505/1883 2190/3502/2268
f 2190/3502/2268 1854/3505/1883 1875/2878/1887
f 1875/2878/1887 2164/3450/2269 2190/3502/2268
f 2213/3506/2273 2319/3507/1890 2191/3508/2274
f 2319/3507/1890 1855/3509/1889 2191/3508/2274
f 2191/3510/2274 1855/3511/1889 1962/3504/1884
f 1962/3504/1884 2210/3503/2267 2191/3510/2274
f 2214/3392/2277 2320/2818/1894 2192/3393/2278
f 2320/2818/1894 1856/2817/1893 2192/3393/2278
f 2192/3393/2278 1856/2817/1893 2319/3507/1890
f 2192/3393/2278 2319/3507/1890 2213/3506/2273
f 2193/2939/1961 2320/2818/1894 2214/3392/2277
f 2311/3186/2114 2130/3238/2164 2132/3240/2166
f 2135/3256/2181 2276/3192/2120 2292/3459/2310
f 2276/3192/2120 2291/3462/2313 2292/3459/2310
f 2099/3195/2123 2097/3262/2115 2132/3284/2166
f 2132/3284/2166 2157/3234/2160 2099/3195/2123
f 2099/3195/2123 2157/3234/2160 2307/3233/2159
f 2106/3214/2140 2136/3277/2118 2135/3288/2197
f 2135/3288/2197 2160/3237/2163 2106/3214/2140
f 2106/3214/2140 2160/3237/2163 2131/3292/2201
f 2322/3512/2339 2118/3465/2316 2327/3513/2340
f 2300/3474/2323 2133/3514/2147 2159/3183/2111
f 2300/3474/2323 2118/3465/2316 2133/3514/2147
f 2284/3255/2180 2134/3254/2179 2152/3460/2311
f 2332/3463/2314 2333/3515/2341 2292/3459/2310
f 2292/3459/2310 2333/3515/2341 2323/3516/2342
f 2276/3192/2120 2321/3517/2343 2329/3518/2344
f 2329/3518/2344 2330/3519/2345 2276/3192/2120
f 2276/3192/2120 2330/3519/2345 2290/3464/2315
f 2327/3513/2340 2324/3520/2346 2328/3521/1975
f 2328/3521/1975 2336/3522/1976 2327/3513/2340
f 2327/3513/2340 2336/3522/1976 2338/3523/2347
f 2338/3523/2347 2322/3512/2339 2327/3513/2340
f 2321/3517/2343 2322/3512/2339 2338/3523/2347
f 2338/3523/2347 2339/3524/1972 2321/3517/2343
f 2321/3517/2343 2339/3524/1972 2340/3525/1973
f 2340/3525/1973 2329/3518/2344 2321/3517/2343
f 2330/3519/2345 2329/3518/2344 2340/3525/1973
f 2340/3525/1973 2341/3526/1988 2330/3519/2345
f 2330/3527/2345 2341/3528/1988 2342/3529/2348
f 2342/3529/2348 2290/3530/2315 2330/3527/2345
f 2331/3531/2349 2290/3530/2315 2342/3529/2348
f 2342/3529/2348 2343/3532/2350 2331/3531/2349
f 2331/3533/2349 2343/3534/2350 2344/3535/2351
f 2344/3535/2351 2332/3536/2314 2331/3533/2349
f 2333/3537/2341 2332/3536/2314 2344/3535/2351
f 2344/3535/2351 2345/3538/2352 2333/3537/2341
f 2333/3537/2341 2345/3538/2352 2346/3539/2353
f 2346/3539/2353 2323/3540/2342 2333/3537/2341
f 2326/3541/2326 2323/3540/2342 2346/3539/2353
f 2346/3539/2353 2347/3542/2354 2326/3541/2326
f 2326/3541/2326 2347/3542/2354 2348/3543/2355
f 2348/3543/2355 2334/3544/2322 2326/3541/2326
f 2335/3545/2324 2334/3544/2322 2348/3543/2355
f 2348/3543/2355 2349/3546/1980 2335/3545/2324
f 2335/3547/2324 2349/3548/1980 2350/3549/1977
f 2350/3549/1977 2299/3550/2325 2335/3547/2324
f 2325/3551/2356 2299/3550/2325 2350/3549/1977
f 2350/3549/1977 2351/3552/2357 2325/3551/2356
f 2325/3553/2356 2351/3554/2357 2328/3521/1975
f 2328/3521/1975 2324/3520/2346 2325/3553/2356
f 2290/3464/2315 2331/3555/2349 2291/3462/2313
f 2291/3556/2313 2331/3533/2349 2332/3536/2314
f 2276/3192/2120 2322/3512/2339 2321/3517/2343
f 2299/3476/2325 2325/3553/2356 2300/3474/2323
f 2300/3474/2323 2325/3553/2356 2324/3520/2346
f 2324/3520/2346 2327/3513/2340 2300/3474/2323
f 2300/3474/2323 2327/3513/2340 2118/3465/2316
f 2326/3477/2326 2334/3473/2322 2301/3182/2110
f 2292/3459/2310 2323/3516/2342 2326/3477/2326
f 2336/3557/1976 2328/3558/1975 2337/3559/2358
f 2337/3559/2358 2352/3560/1993 2336/3557/1976
f 2336/3557/1976 2352/3560/1993 2353/3561/2359
f 2353/3561/2359 2338/3562/2347 2336/3557/1976
f 2339/3563/1972 2338/3562/2347 2353/3561/2359
f 2353/3561/2359 2354/3564/2360 2339/3563/1972
f 2339/3563/1972 2354/3564/2360 2355/3565/1991
f 2355/3565/1991 2340/3566/1973 2339/3563/1972
f 2341/3528/1988 2340/3567/1973 2355/3568/1991
f 2355/3568/1991 2356/3569/2004 2341/3528/1988
f 2341/3528/1988 2356/3569/2004 2357/3570/2002
f 2357/3570/2002 2342/3529/2348 2341/3528/1988
f 2343/3532/2350 2342/3529/2348 2357/3570/2002
f 2357/3570/2002 2358/3571/2003 2343/3532/2350
f 2343/3532/2350 2358/3571/2003 2359/3572/2361
f 2359/3572/2361 2344/3573/2351 2343/3532/2350
f 2345/3538/2352 2344/3535/2351 2359/3574/2361
f 2359/3574/2361 2360/3575/2362 2345/3538/2352
f 2345/3538/2352 2360/3575/2362 2361/3576/2363
f 2361/3576/2363 2346/3539/2353 2345/3538/2352
f 2347/3542/2354 2346/3539/2353 2361/3576/2363
f 2361/3576/2363 2362/3577/1999 2347/3542/2354
f 2347/3542/2354 2362/3577/1999 2363/3578/1996
f 2363/3578/1996 2348/3543/2355 2347/3542/2354
f 2349/3548/1980 2348/3579/2355 2363/3580/1996
f 2363/3580/1996 2364/3581/2364 2349/3548/1980
f 2349/3548/1980 2364/3581/2364 2365/3582/2365
f 2365/3582/2365 2350/3549/1977 2349/3548/1980
f 2351/3552/2357 2350/3549/1977 2365/3582/2365
f 2365/3582/2365 2366/3583/2366 2351/3552/2357
f 2351/3552/2357 2366/3583/2366 2337/3584/2358
f 2337/3584/2358 2328/3585/1975 2351/3552/2357
f 2367/3586/2367 2352/3587/1993 2337/3588/2358
f 2337/3588/2358 2368/3589/2017 2367/3586/2367
f 2367/3590/2368 2368/3591/2369 2369/3592/2370
f 2369/3592/2370 2384/3593/2371 2367/3590/2368
f 2367/3590/2368 2384/3593/2371 2396/3594/2372
f 2396/3594/2372 2370/3595/2009 2367/3590/2368
f 2367/3586/2367 2370/3596/2373 2353/3597/2359
f 2353/3597/2359 2352/3587/1993 2367/3586/2367
f 2371/3598/2374 2354/3599/2360 2353/3597/2359
f 2353/3597/2359 2370/3596/2373 2371/3598/2374
f 2371/3600/2374 2370/3595/2009 2396/3594/2372
f 2396/3594/2372 2385/3601/2011 2371/3600/2374
f 2371/3600/2374 2385/3601/2011 2397/3602/2012
f 2397/3602/2012 2372/3603/2375 2371/3600/2374
f 2371/3598/2374 2372/3604/2375 2355/3605/1991
f 2355/3605/1991 2354/3599/2360 2371/3598/2374
f 2373/3606/2376 2356/3607/2004 2355/3605/1991
f 2355/3605/1991 2372/3604/2375 2373/3606/2376
f 2373/3608/2377 2372/3609/2375 2397/3610/2012
f 2397/3610/2012 2386/3611/2047 2373/3608/2377
f 2373/3608/2377 2386/3611/2047 2387/3612/2378
f 2387/3612/2378 2374/3613/2379 2373/3608/2377
f 2373/3614/2376 2374/3615/2379 2357/3570/2002
f 2357/3570/2002 2356/3569/2004 2373/3614/2376
f 2375/3616/2380 2358/3571/2003 2357/3570/2002
f 2357/3570/2002 2374/3615/2379 2375/3616/2380
f 2375/3617/2380 2374/3613/2379 2387/3612/2378
f 2387/3612/2378 2388/3618/2381 2375/3617/2380
f 2375/3617/2380 2388/3618/2381 2389/3619/2382
f 2389/3619/2382 2376/3620/2383 2375/3617/2380
f 2375/3621/2380 2376/3622/2384 2359/3574/2361
f 2359/3574/2361 2358/3623/2003 2375/3621/2380
f 2377/3624/2385 2360/3575/2362 2359/3574/2361
f 2359/3574/2361 2376/3622/2384 2377/3624/2385
f 2377/3625/2386 2376/3626/2383 2389/3627/2382
f 2389/3627/2382 2390/3628/2387 2377/3625/2386
f 2377/3625/2386 2390/3628/2387 2391/3629/2388
f 2391/3629/2388 2378/3630/2389 2377/3625/2386
f 2377/3624/2385 2378/3631/2390 2361/3576/2363
f 2361/3576/2363 2360/3575/2362 2377/3624/2385
f 2379/3632/2391 2362/3577/1999 2361/3576/2363
f 2361/3576/2363 2378/3631/2390 2379/3632/2391
f 2379/3633/2392 2378/3630/2389 2391/3629/2388
f 2391/3629/2388 2392/3634/2393 2379/3633/2392
f 2379/3633/2392 2392/3634/2393 2398/3635/2394
f 2398/3635/2394 2380/3636/2395 2379/3633/2392
f 2379/3632/2391 2380/3637/2396 2363/3578/1996
f 2363/3578/1996 2362/3577/1999 2379/3632/2391
f 2381/3638/2397 2364/3639/2364 2363/3578/1996
f 2363/3578/1996 2380/3637/2396 2381/3638/2397
f 2381/3640/2398 2380/3641/2395 2398/3642/2394
f 2398/3642/2394 2399/3643/2399 2381/3640/2398
f 2381/3640/2398 2399/3643/2399 2393/3644/2400
f 2393/3644/2400 2382/3645/2401 2381/3640/2398
f 2381/3646/2397 2382/3647/2402 2365/3582/2365
f 2365/3582/2365 2364/3581/2364 2381/3646/2397
f 2383/3648/2403 2366/3583/2366 2365/3582/2365
f 2365/3582/2365 2382/3647/2402 2383/3648/2403
f 2383/3649/2404 2382/3645/2401 2393/3644/2400
f 2393/3644/2400 2394/3650/2024 2383/3649/2404
f 2383/3649/2404 2394/3650/2024 2369/3651/2370
f 2369/3651/2370 2368/3652/2369 2383/3649/2404
f 2383/3653/2403 2368/3589/2017 2337/3588/2358
f 2337/3588/2358 2366/3654/2366 2383/3653/2403
f 2405/3655/2405 2387/3612/2378 2386/3611/2047
f 2388/3618/2381 2387/3612/2378 2405/3655/2405
f 2405/3655/2405 2406/3656/2406 2388/3618/2381
f 2388/3618/2381 2406/3656/2406 2407/3657/2407
f 2407/3657/2407 2389/3619/2382 2388/3618/2381
f 2390/3658/2387 2389/3659/2382 2407/3660/2407
f 2407/3660/2407 2408/3661/2408 2390/3658/2387
f 2390/3658/2387 2408/3661/2408 2409/3662/2409
f 2409/3662/2409 2391/3663/2388 2390/3658/2387
f 2392/3664/2393 2391/3663/2388 2409/3662/2409
f 2409/3662/2409 2410/3665/2410 2392/3664/2393
f 2392/3664/2393 2410/3665/2410 2398/3666/2394
f 2413/3667/2411 2393/3644/2400 2399/3643/2399
f 2394/3650/2024 2393/3644/2400 2413/3667/2411
f 2400/3668/2412 2384/3593/2371 2369/3592/2370
f 2400/3668/2412 2369/3592/2370 2395/3669/2413
f 2401/3670/2414 2396/3594/2372 2400/3668/2412
f 2396/3594/2372 2384/3593/2371 2400/3668/2412
f 2402/3671/2415 2385/3601/2011 2396/3594/2372
f 2402/3671/2415 2396/3594/2372 2401/3670/2414
f 2403/3672/2416 2397/3602/2012 2402/3671/2415
f 2397/3602/2012 2385/3601/2011 2402/3671/2415
f 2404/3673/2063 2386/3611/2047 2397/3610/2012
f 2404/3673/2063 2397/3610/2012 2403/3674/2416
f 2405/3655/2405 2386/3611/2047 2404/3673/2063
f 2411/3675/2417 2398/3666/2394 2410/3665/2410
f 2399/3643/2399 2398/3642/2394 2411/3676/2417
f 2411/3676/2417 2412/3677/2418 2399/3643/2399
f 2399/3643/2399 2412/3677/2418 2413/3667/2411
f 2414/3678/2060 2394/3650/2024 2413/3667/2411
f 2395/3679/2413 2369/3651/2370 2414/3678/2060
f 2369/3651/2370 2394/3650/2024 2414/3678/2060
f 2415/3680/2419 2400/3668/2412 2395/3669/2413
f 2395/3669/2413 2416/3681/2420 2415/3680/2419
f 2415/3680/2421 2416/3681/2420 2417/3682/2422
f 2417/3682/2422 2418/3683/2423 2415/3680/2421
f 2415/3680/2421 2418/3683/2423 2419/3684/2424
f 2419/3684/2424 2420/3685/2425 2415/3680/2421
f 2415/3680/2419 2420/3685/2425 2401/3670/2414
f 2401/3670/2414 2400/3668/2412 2415/3680/2419
f 2421/3686/2426 2402/3671/2415 2401/3670/2414
f 2401/3670/2414 2420/3685/2425 2421/3686/2426
f 2421/3686/2427 2420/3685/2425 2419/3684/2424
f 2419/3684/2424 2422/3687/2428 2421/3686/2427
f 2421/3686/2427 2422/3687/2428 2423/3688/2429
f 2423/3688/2429 2424/3689/2430 2421/3686/2427
f 2421/3686/2426 2424/3689/2431 2403/3672/2416
f 2403/3672/2416 2402/3671/2415 2421/3686/2426
f 2425/3690/2432 2404/3673/2063 2403/3674/2416
f 2403/3674/2416 2424/3691/2431 2425/3690/2432
f 2425/3692/2433 2424/3689/2430 2423/3688/2429
f 2423/3688/2429 2426/3693/2434 2425/3692/2433
f 2425/3692/2433 2426/3693/2434 2427/3694/2435
f 2427/3694/2435 2428/3695/2436 2425/3692/2433
f 2425/3690/2432 2428/3696/2436 2405/3655/2405
f 2405/3655/2405 2404/3673/2063 2425/3690/2432
f 2429/3697/2437 2406/3656/2406 2405/3655/2405
f 2405/3655/2405 2428/3696/2436 2429/3697/2437
f 2429/3698/2437 2428/3699/2436 2427/3700/2435
f 2427/3700/2435 2430/3701/2438 2429/3698/2437
f 2429/3698/2437 2430/3701/2438 2431/3702/2439
f 2431/3702/2439 2432/3703/2440 2429/3698/2437
f 2429/3697/2437 2432/3704/2440 2407/3657/2407
f 2407/3657/2407 2406/3656/2406 2429/3697/2437
f 2433/3705/2441 2408/3706/2408 2407/3707/2407
f 2407/3707/2407 2432/3703/2440 2433/3705/2441
f 2433/3705/2442 2432/3703/2440 2431/3702/2439
f 2431/3702/2439 2434/3708/2443 2433/3705/2442
f 2433/3705/2442 2434/3708/2443 2435/3709/2444
f 2435/3709/2444 2436/3710/2445 2433/3705/2442
f 2433/3705/2441 2436/3710/2446 2409/3711/2409
f 2409/3711/2409 2408/3706/2408 2433/3705/2441
f 2437/3712/2447 2410/3713/2410 2409/3711/2409
f 2409/3711/2409 2436/3710/2446 2437/3712/2447
f 2437/3712/2447 2436/3710/2445 2435/3709/2444
f 2435/3709/2444 2438/3714/2448 2437/3712/2447
f 2437/3712/2447 2438/3714/2448 2439/3715/2449
f 2439/3715/2449 2440/3716/2450 2437/3712/2447
f 2437/3712/2447 2440/3716/2450 2411/3717/2417
f 2411/3717/2417 2410/3713/2410 2437/3712/2447
f 2441/3718/2451 2412/3677/2418 2411/3676/2417
f 2411/3676/2417 2440/3719/2450 2441/3718/2451
f 2441/3720/2451 2440/3716/2450 2439/3715/2449
f 2439/3715/2449 2442/3721/2452 2441/3720/2451
f 2441/3720/2451 2442/3721/2452 2443/3722/2453
f 2443/3722/2453 2444/3723/2454 2441/3720/2451
f 2441/3718/2451 2444/3724/2454 2413/3667/2411
f 2413/3667/2411 2412/3677/2418 2441/3718/2451
f 2445/3725/2455 2414/3678/2060 2413/3667/2411
f 2413/3667/2411 2444/3724/2454 2445/3725/2455
f 2445/3726/2455 2444/3727/2454 2443/3728/2453
f 2443/3728/2453 2446/3729/2456 2445/3726/2455
f 2445/3726/2455 2446/3729/2456 2417/3682/2422
f 2417/3682/2422 2416/3681/2420 2445/3726/2455
f 2445/3725/2455 2416/3730/2420 2395/3679/2413
f 2395/3679/2413 2414/3678/2060 2445/3725/2455
f 2430/3701/2438 2418/3731/2423 2446/3732/2456
f 2430/3701/2438 2423/3733/2429 2418/3731/2423
f 2438/3714/2448 2434/3708/2443 2430/3701/2438
f 2442/3721/2452 2438/3714/2448 2430/3701/2438
f 2446/3732/2456 2442/3721/2452 2430/3701/2438
f 2417/3734/2422 2446/3732/2456 2418/3731/2423
f 2423/3733/2429 2422/3735/2428 2419/3736/2424
f 2419/3736/2424 2418/3731/2423 2423/3733/2429
f 2423/3733/2429 2430/3701/2438 2427/3700/2435
f 2427/3700/2435 2426/3737/2434 2423/3733/2429
f 2430/3701/2438 2434/3708/2443 2431/3702/2439
f 2434/3708/2443 2438/3714/2448 2435/3709/2444
f 2438/3714/2448 2442/3721/2452 2439/3715/2449
f 2442/3721/2452 2446/3732/2456 2443/3722/2453
f 2285/3245/2171 2279/3200/2128 2102/3199/2127
f 2285/3245/2171 2102/3199/2127 2134/3254/2179
f 2134/3254/2179 2289/3246/2172 2285/3245/2171
f 2286/3248/2173 2277/3247/2119 2136/3738/2118
f 2136/3738/2118 2144/3739/2190 2286/3248/2173
f 2286/3248/2173 2144/3739/2190 2143/3740/2457
f 2143/3740/2457 2447/3249/2174 2286/3248/2173
f 2287/3250/2175 2447/3249/2174 2143/3740/2457
f 2143/3740/2457 2146/3741/2458 2287/3250/2175
f 2287/3250/2175 2146/3741/2458 2147/3742/2191
f 2147/3742/2191 2448/3251/2176 2287/3250/2175
f 2288/3252/2177 2448/3251/2176 2147/3742/2191
f 2288/3252/2177 2147/3742/2191 2233/3428/2194
f 2233/3428/2194 2129/3253/2178 2288/3252/2177
f 2295/3295/2168 2309/3743/2167 2308/3491/2337
f 2308/3491/2337 2296/3296/2204 2295/3295/2168
f 2202/3297/2205 2165/3306/2214 2297/3298/2206
f 2297/3298/2206 2165/3306/2214 2167/3307/2215
f 2174/3303/2211 2298/3302/2210 2173/3320/2227
f 2239/3210/2136 2297/3443/2206 2167/3744/2215
f 2167/3744/2215 2105/3211/2137 2239/3210/2136
f 2284/3486/2180 2310/3745/2312 2154/3294/2338
f 2154/3294/2338 2294/3293/2202 2284/3486/2180
f 2118/3465/2316 2119/3466/2148 2133/3514/2147
f 2120/3469/2317 2117/3189/2117 2140/3188/2116
f 2120/3467/2317 2140/3746/2116 2141/3747/2459
f 2141/3747/2459 2449/3468/2318 2120/3467/2317
f 2121/3470/2319 2449/3468/2318 2141/3747/2459
f 2121/3470/2319 2141/3747/2459 2142/3748/2460
f 2142/3748/2460 2450/3471/2320 2121/3470/2319
f 2122/3472/2321 2450/3471/2320 2142/3748/2460
f 2122/3472/2321 2142/3748/2460 2237/3440/2187
f 2237/3440/2187 2238/3439/2307 2122/3472/2321
f 2098/3177/2105 2305/3179/2107 2303/3484/2333
f 2303/3484/2333 2139/3478/2327 2098/3177/2105
f 2224/3410/2291 2314/3412/2293 2163/3299/2207
f 2163/3299/2207 2314/3412/2293 2202/3297/2205
f 2231/3424/2301 2451/3301/2209 2318/3300/2208
f 2127/3229/2155 2451/3301/2209 2231/3424/2301
f 2231/3424/2301 2113/3230/2156 2127/3229/2155
f 2115/3181/2109 2306/3184/2112 2138/3259/2183
f 2138/3259/2183 2156/3258/2334 2115/3181/2109
f 2322/3512/2339 2276/3192/2120 2118/3465/2316
f 1120/1524/1130 1164/1523/1129 1301/132/131
f 896/848/574 900/1332/696 478/817/696
f 619/1730/1049 615/956/31 616/955/801
f 455/1250/994 456/1733/1003 548/815/694
f 535/1731/762 699/1442/1056 578/1404/1073
f 1117/1668/1227 1299/764/657 1300/1607/275
f 1295/1737/64 1296/3749/66 1220/1738/1223
f 1292/1484/1103 1293/1486/1105 1215/1739/1217
f 1253/555/493 1304/3750/819 1160/1740/641
f 672/737/92 673/1804/1107 645/619/548
f 162/1059/863 163/38/38 164/1735/1248
f 296/208/201 294/210/203 291/402/368
f 251/530/471 285/1902/903 262/1117/899
f 134/642/562 123/1625/1200 71/1062/866
f 791/679/594 974/673/588 855/1096/886
f 139/1420/939 106/3751/195 20/1744/197
f 145/89/89 144/88/88 246/177/174
f 10/296/278 97/800/684 87/1750/674
f 819/632/444 971/79/79 1007/71/71
f 234/245/206 241/1474/288 199/331/311
f 139/1168/939 135/319/299 44/122/121
f 744/399/365 747/535/476 750/538/479
f 775/570/504 846/263/248 856/1755/648
f 849/405/371 1005/1103/890 730/1756/106
f 144/88/88 147/445/401 153/279/263
f 177/316/296 39/116/115 38/115/114
f 210/1457/792 178/317/297 38/115/114
f 1048/1071/872 1045/1925/880 1015/1255/996
f 580/1759/870 488/3752/702 450/1760/793
f 29/1266/1000 25/393/361 24/481/426
f 738/1448/1086 731/657/573 754/1197/959
f 4/1762/1253 90/3753/549 96/1196/958
f 229/384/356 158/1768/1256 19/1764/1254
f 96/1209/958 90/1476/549 53/139/138
f 128/708/618 13/707/617 7/308/289
f 369/985/327 683/417/381 360/702/612
f 116/1267/475 112/391/359 25/393/361
f 50/129/128 87/785/674 97/1432/684
f 212/1297/1021 141/353/330 140/944/791
f 1298/1574/12 1154/1606/1188 1153/1579/1167
f 11/607/536 130/627/554 131/478/424
f 12/608/537 131/478/424 7/308/289
f 4/1761/1253 9/788/677 128/708/618
f 414/701/611 438/990/825 440/690/603
f 1057/1515/1121 1058/2004/1088 1055/1774/1257
f 229/1251/356 105/636/559 39/116/115
f 579/1315/1031 911/1314/1030 484/1009/40
f 771/1158/929 773/1159/932 788/674/589
f 1066/1136/915 1063/1908/1281 1064/1781/1068
f 709/500/442 998/647/565 742/1783/1259
f 1092/1786/643 1093/1915/1091 1094/1412/1078
f 301/665/581 418/731/633 404/1167/938
f 707/1500/1113 748/1785/1260 747/535/476
f 773/1159/932 787/575/509 786/672/587
f 549/185/31 692/1930/43 936/1792/732
f 680/1794/1261 793/683/598 794/692/605
f 793/1299/598 792/189/185 796/591/522
f 1074/1797/1263 1071/1933/1284 1072/1798/1264
f 790/1749/1252 791/679/594 970/588/519
f 237/550/37 190/325/305 198/329/309
f 1052/818/697 1051/1725/1247 1097/515/456
f 345/1508/1117 343/664/580 344/1806/1267
f 1036/1808/878 1010/1481/1102 1013/722/628
f 804/447/402 803/1118/900 353/247/233
f 694/1811/43 557/911/161 559/1188/953
f 841/1810/586 844/667/583 785/1104/891
f 346/165/162 342/1227/979 343/664/580
f 624/583/515 633/1453/1089 655/715/624
f 646/1455/1090 662/1945/1099 661/1603/1186
f 1006/648/566 998/647/565 709/500/442
f 852/1279/1009 779/573/507 768/574/508
f 216/1282/230 222/1269/966 148/1801/1266
f 315/1820/632 313/1252/995 764/559/497
f 324/780/669 416/547/488 409/732/634
f 1061/740/638 1292/1484/1103 1111/1567/1162
f 290/468/418 707/1994/1113 684/1823/1114
f 292/728/630 373/1819/960 820/1824/46
f 816/81/81 972/196/190 858/1813/380
f 634/748/644 636/1953/591 635/1454/859
f 222/1208/966 216/241/230 188/323/303
f 1264/1620/1196 1172/1619/1195 1171/1826/1146
f 344/1806/1267 680/1794/1261 795/1795/1262
f 629/596/526 658/1802/1100 659/1828/856
f 210/945/792 79/969/221 2/968/812
f 382/187/183 686/691/604 829/1498/403
f 682/1285/387 862/465/415 347/467/417
f 1056/1775/1258 1055/1774/1257 1139/1831/1143
f 1051/1725/1247 1052/818/697 1053/820/699
f 688/1832/1044 527/31/31 529/950/796
f 580/1321/870 421/1320/754 420/824/703
f 450/1760/793 447/3754/762 448/888/747
f 540/846/722 476/844/696 679/1507/1116
f 282/1212/967 685/1931/1012 705/1833/1237
f 669/414/378 665/3755/1218 638/370/344
f 398/663/579 843/669/585 680/1794/1261
f 622/1551/1154 267/504/446 623/172/169
f 486/1835/765 537/1732/764 578/1404/1073
f 577/840/717 693/839/716 559/1188/953
f 631/1839/1111 661/3756/1186 662/1472/1099
f 129/1301/1022 151/280/264 247/444/400
f 910/868/735 687/867/734 529/950/796
f 864/1045/852 782/645/563 761/646/564
f 18/772/662 19/1878/1254 20/204/197
f 573/1376/1059 689/1375/1058 544/163/160
f 504/1434/1084 859/895/754 860/836/715
f 704/1430/809 616/955/801 601/1844/1028
f 1012/1056/860 1013/722/628 1010/1481/1102
f 557/911/161 694/1811/43 939/1870/45
f 542/164/161 690/1969/1044 933/1871/1047
f 575/256/241 691/255/240 551/184/181
f 289/1130/910 375/1190/954 299/1872/351
f 1170/1544/1147 1169/1529/1135 1274/1595/1181
f 736/1156/930 278/1131/911 253/1110/895
f 854/1817/992 972/196/190 816/81/81
f 963/1876/1276 562/873/739 564/942/789
f 1132/1292/1018 1265/3757/1133 1264/1877/1196
f 135/319/299 125/318/298 41/123/122
f 723/1218/973 733/1217/972 730/1756/106
f 739/600/530 994/493/437 705/1700/1237
f 126/418/382 83/637/560 41/123/122
f 507/1311/1027 860/836/715 702/1852/868
f 922/1067/869 500/342/40 503/1763/262
f 1157/1676/1230 1158/1610/1190 1088/1611/1191
f 307/1041/848 317/1788/461 416/547/488
f 1201/1597/1182 1203/1596/1180 1193/1714/1244
f 95/442/398 94/630/375 62/1642/1212
f 93/1263/282 94/3758/375 95/1091/398
f 1002/1888/524 1003/712/622 1004/713/623
f 795/1795/1262 686/691/604 382/187/183
f 494/40/40 697/1452/869 574/1317/1032
f 23/482/389 24/481/426 25/393/361
f 752/614/543 742/1783/1259 743/1427/1083
f 137/718/337 138/1816/1270 32/1812/1269
f 1006/648/566 1005/1103/890 1009/1051/857
f 287/435/393 286/434/392 626/1186/951
f 780/572/506 974/673/588 786/672/587
f 153/279/263 147/445/401 247/444/400
f 1030/1892/854 1034/1074/874 1017/1073/873
f 1185/726/629 1294/1896/1236 1070/1894/1278
f 900/1332/696 896/848/574 866/710/620
f 1184/1818/616 1316/3759/1184 1294/1896/1236
f 600/1897/764 597/1951/1053 598/1855/1275
f 298/1405/1074 375/1190/954 289/1130/910
f 527/31/31 688/1832/1044 930/1898/1046
f 136/1408/1075 140/944/791 2/968/812
f 570/1900/22 894/1371/1056 895/981/820
f 1160/1740/641 1092/1786/643 1091/1411/1077
f 1155/1905/1169 1156/1690/1235 1084/1511/1118
f 903/941/788 898/97/96 477/927/696
f 1100/1626/1201 1284/1646/1216 1069/1895/1279
f 294/210/203 293/749/645 290/468/418
f 1089/937/784 1090/1388/1065 1087/1387/1064
f 341/1911/980 350/1926/927 349/1193/956
f 288/1219/974 287/435/393 378/387/357
f 1161/1526/1132 1303/976/817 1121/1214/969
f 1068/1909/1282 1069/1895/1279 1070/1894/1278
f 1093/1915/1091 1265/3757/1133 1132/1292/1018
f 429/703/613 360/702/612 802/416/380
f 112/1780/359 116/534/475 66/146/145
f 1115/1536/1141 1297/10/10 1298/12/12
f 1066/1136/915 1065/1782/1067 1295/1737/64
f 124/1920/1023 129/3760/1022 11/607/536
f 155/760/653 142/470/420 141/353/330
f 522/1324/1034 939/1853/45 896/848/574
f 253/1110/895 249/1109/894 280/1309/1026
f 157/1745/1250 158/1768/1256 159/383/355
f 1085/1513/1120 1086/1982/781 1083/1906/1225
f 111/1776/1051 117/368/342 30/367/341
f 1045/1085/880 1048/1660/872 997/756/650
f 332/618/547 399/617/546 338/437/395
f 221/1921/188 217/1655/362 145/89/89
f 630/1829/855 631/1839/1111 632/1471/1098
f 740/1021/834 727/494/438 994/493/437
f 1/169/166 3/1748/194 16/1843/353
f 9/1751/677 4/1762/1253 15/297/279
f 138/1816/1270 168/311/292 33/1916/1280
f 654/758/651 673/1490/1107 672/1922/92
f 347/1923/417 340/1161/842 331/1162/933
f 410/1241/989 390/20/20 334/135/134
f 639/1766/1255 659/1805/856 658/1475/1100
f 172/312/113 168/311/292 138/1816/1270
f 933/1384/1047 905/658/574 475/1924/94
f 907/830/709 481/1488/1106 484/1009/40
f 1025/1919/846 1029/1057/861 1012/1056/860
f 1034/1928/874 1030/1047/854 1003/712/622
f 369/350/327 370/1406/968 298/1405/1074
f 429/703/613 811/415/379 682/424/387
f 754/1197/959 731/657/573 741/656/572
f 645/619/548 646/1455/1090 647/1602/1185
f 692/1930/43 549/185/31 551/184/181
f 703/1064/867 564/942/789 508/1893/1028
f 1036/1081/878 1035/1052/858 1024/1102/889
f 701/99/98 556/1869/729 477/927/696
f 745/1825/477 748/1993/1260 293/749/645
f 371/1205/952 392/973/814 352/972/813
f 137/363/337 119/629/556 64/335/315
f 970/588/519 791/679/594 969/1095/885
f 685/1931/1012 282/1212/967 394/469/419
f 819/502/444 1000/476/73 999/1144/922
f 1023/1838/676 849/405/371 995/483/427
f 536/1932/763 478/817/696 900/1332/696
f 1071/1933/1284 1074/1797/1263 1167/1288/1016
f 315/730/632 766/1791/683 681/566/502
f 126/1935/382 136/1408/1075 81/1182/949
f 894/1371/1056 570/1900/22 571/1936/24
f 265/1174/944 622/1551/1154 705/1833/1237
f 1016/1076/875 1017/1073/873 1018/1069/871
f 800/590/521 796/591/522 792/189/185
f 1140/1640/1211 1139/1831/1143 1188/1943/1176
f 577/1849/717 498/1746/766 497/1747/1251
f 936/1868/732 903/941/788 516/1330/94
f 1146/2001/1245 1060/1822/1271 1059/1948/1285
f 863/1173/943 851/711/621 870/1381/1062
f 1201/1597/1182 1101/1709/1241 1067/1949/1283
f 618/864/720 598/1855/1275 597/1951/1053
f 930/1438/1046 474/1506/94 473/94/94
f 240/1955/433 169/1961/376 164/1735/1248
f 464/1956/261 463/793/681 923/1957/870
f 1103/1960/1240 1314/3761/63 1188/1588/1176
f 867/557/495 587/314/294 433/315/295
f 11/607/536 129/3760/1022 133/1262/280
f 169/1961/376 170/1967/287 165/212/205
f 68/149/148 117/456/342 111/1364/1051
f 32/1812/1269 33/1916/1280 34/716/625
f 1283/1729/317 1274/1837/1181 1129/1663/1224
f 621/473/422 652/759/652 628/746/77
f 267/504/446 407/781/670 283/173/170
f 584/1079/876 583/767/658 605/1887/975
f 234/213/206 165/212/205 170/1967/287
f 1154/1606/1188 1080/680/595 1079/1679/1232
f 690/1969/1044 542/164/161 544/163/160
f 300/1886/1277 392/1505/814 371/1971/952
f 626/1972/951 286/1451/392 634/748/644
f 298/1405/1074 276/1129/909 405/1705/1238
f 607/1964/723 615/956/31 619/1730/1049
f 699/1442/1056 535/1731/762 536/1974/763
f 265/1174/944 726/1938/907 720/1975/409
f 464/1956/261 461/3762/22 462/1834/1272
f 1064/1781/1068 1063/1908/1281 1106/1632/1204
f 640/222/213 637/412/377 638/370/344
f 436/915/770 479/1335/1041 413/685/600
f 423/1847/1274 420/824/703 421/1320/754
f 456/1862/1003 696/1850/1097 697/1452/869
f 633/1453/1089 665/3763/1218 669/1495/378
f 573/1845/1059 489/1846/741 423/1847/1274
f 1029/1941/861 1025/3764/846 1001/1889/845
f 1061/740/638 1062/1394/1070 1059/1948/1285
f 475/1924/94 905/658/574 695/1325/696
f 1081/682/597 1082/1590/1178 1079/1679/1232
f 738/1448/1086 751/612/541 708/348/325
f 585/1234/986 582/1479/1101 583/767/658
f 481/1488/1106 907/830/709 910/1848/735
f 620/1854/1050 591/922/774 433/315/295
f 866/710/620 901/103/102 902/540/481
f 571/1946/24 479/1335/1041 695/1325/696
f 562/873/739 963/1876/1276 942/1980/1052
f 157/1745/1250 20/1744/197 19/1764/1254
f 280/1821/1026 249/1261/894 248/1260/998
f 500/342/40 922/1067/869 576/833/712
f 1085/1513/1120 1276/373/346 1126/1981/1239
f 717/454/408 259/1139/917 261/1910/945
f 1126/1981/1239 1276/373/346 1275/1767/1199
f 1312/1712/1215 1310/508/450 1284/1646/1216
f 1074/1797/1263 1073/1799/1265 1165/1556/1156
f 1135/1638/1209 1097/515/456 1310/1614/450
f 33/1904/1280 168/643/292 134/642/562
f 1166/1623/1198 1165/1556/1156 1263/1555/1155
f 925/896/755 859/895/754 504/1434/1084
f 582/1479/1101 585/1234/986 982/1942/735
f 353/247/233 803/1118/900 820/46/46
f 124/1477/1023 101/1060/864 71/1062/866
f 259/1139/917 717/454/408 716/1230/982
f 600/1897/764 599/1020/833 983/1856/877
f 575/896/241 492/1880/828 491/1736/1249
f 1286/1533/1138 1287/1573/17 1204/1978/1221
f 1291/1671/1109 1209/3765/1220 1109/1992/1164
f 1301/132/131 1302/134/133 1244/1605/1187
f 1303/976/817 1304/978/819 1253/1688/493
f 1082/1590/1178 1081/682/597 1270/1634/1206
f 290/468/418 293/749/645 748/1993/1260
f 1073/1799/1265 1072/1798/1264 1171/1826/1146
f 1275/1995/1199 1168/1934/1136 1167/1288/1016
f 1146/1718/1245 1145/1537/1142 1193/1719/1244
f 62/1642/1212 63/362/336 64/335/315
f 342/1227/979 346/165/162 350/1153/927
f 221/1879/188 197/330/310 189/324/304
f 305/812/692 863/1173/943 865/928/778
f 925/1962/755 506/3766/759 572/1901/802
f 1103/1960/1240 1098/1587/1175 1068/1909/1282
f 1244/1692/1187 1302/1238/133 1158/1610/1190
f 1300/293/275 1156/1690/1235 1155/1905/1169
f 1281/1542/1145 1129/1663/1224 1090/1388/1065
f 942/1881/1052 906/105/104 480/104/103
f 618/843/720 611/1963/1054 590/1271/1001
f 1272/1997/1193 1263/1990/1155 1123/1643/1213
f 1184/2003/616 1150/1976/615 1106/1632/1204
f 589/809/689 592/1/1 587/314/294
f 405/1705/1238 276/1129/909 278/1131/911
f 679/1507/1116 476/844/696 473/94/94
f 1169/1529/1135 1170/1544/1147 1072/1987/1264
f 1054/1724/1246 1053/820/699 1286/1533/1138
f 1290/1652/1219 1109/1992/1164 1058/2004/1088
f 1162/1518/1124 1297/10/10 1115/1536/1141
f 1163/1521/1127 1299/764/657 1117/1668/1227
f 448/888/747 447/3754/762 540/2005/722
f 81/1182/949 2/968/812 1/169/166
f 462/1834/1272 461/3762/22 556/2006/729
