# Blender 4.0.0
# www.blender.org
o Refrigerator033_Door001
v 0.048990 -0.260775 0.950089
v 0.414448 -0.260776 0.948017
v 0.412376 -0.260776 -0.096024
v 0.046918 -0.260776 -0.093952
v 0.414447 -0.326691 0.948093
v 0.412451 -0.326691 -0.096022
v 0.046899 -0.260825 0.948021
v 0.079042 -0.260970 0.920277
v 0.384636 -0.260972 0.917965
v 0.382324 -0.260972 -0.066212
v 0.076730 -0.260972 -0.063900
v 0.047568 -0.259580 0.947284
v 0.411644 -0.259581 0.949439
v 0.413798 -0.259581 -0.093219
v 0.049723 -0.259580 -0.095374
v 0.075996 -0.259600 0.918311
v 0.382669 -0.259601 0.921011
v 0.385370 -0.259601 -0.064246
v 0.078697 -0.259601 -0.066946
v 0.048222 -0.259588 0.948785
v 0.413144 -0.259588 0.948785
v 0.413144 -0.259589 -0.094720
v 0.048222 -0.259588 -0.094720
v 0.076992 -0.259588 0.920015
v 0.384375 -0.259588 0.920015
v 0.384375 -0.259589 -0.065951
v 0.076992 -0.259588 -0.065951
v 0.077710 -0.296811 0.919348
v 0.383707 -0.296812 0.919297
v 0.077659 -0.296813 -0.065232
v 0.048915 -0.326691 0.950088
v 0.412485 -0.328696 0.948093
v 0.412452 -0.326757 0.950066
v 0.412419 -0.328718 -0.094027
v 0.414424 -0.326757 -0.094028
v 0.046920 -0.326690 -0.094027
v 0.048915 -0.326756 -0.096000
v 0.048825 -0.258873 0.945711
v 0.410070 -0.258874 0.948183
v 0.412379 -0.260824 0.950109
v 0.412541 -0.258874 -0.091646
v 0.414468 -0.260826 -0.093957
v 0.051296 -0.258873 -0.094118
v 0.048986 -0.260825 -0.096044
v 0.077436 -0.258895 0.922094
v 0.076729 -0.260981 0.917975
v 0.386453 -0.258896 0.919573
v 0.382333 -0.260981 0.920279
v 0.384638 -0.260983 -0.063910
v 0.074913 -0.258896 -0.065507
v 0.079032 -0.260982 -0.066214
v 0.078923 -0.296748 0.920058
v 0.078922 -0.298710 0.918053
v 0.384417 -0.296749 0.918086
v 0.382444 -0.298688 0.918119
v 0.382444 -0.296749 -0.065993
v 0.382444 -0.298711 -0.063988
v 0.076949 -0.296749 -0.064020
v 0.078922 -0.298688 -0.064054
v 0.046942 -0.326756 0.948093
v 0.048947 -0.328717 0.948092
v 0.048881 -0.328696 -0.094027
v 0.051293 -0.258876 0.948201
v 0.412561 -0.258877 0.945714
v 0.410073 -0.258877 -0.094137
v 0.048806 -0.258877 -0.091649
v 0.074564 -0.258804 0.919005
v 0.076790 -0.258713 0.923502
v 0.383364 -0.258805 0.922444
v 0.387861 -0.258714 0.920217
v 0.386783 -0.258793 -0.065151
v 0.384020 -0.258826 -0.068187
v 0.078001 -0.258805 -0.068379
v 0.073506 -0.258714 -0.066152
v 0.076927 -0.296683 0.918085
v 0.382444 -0.296683 0.920080
v 0.384439 -0.296684 -0.064020
v 0.078922 -0.296683 -0.066015
v 0.047652 -0.326820 0.949305
v 0.048962 -0.327958 0.949371
v 0.047679 -0.328000 0.948045
v 0.413714 -0.327935 0.948190
v 0.412404 -0.328000 0.949328
v 0.413687 -0.326675 0.949370
v 0.412549 -0.327935 -0.095290
v 0.413687 -0.328001 -0.093980
v 0.413729 -0.326676 -0.095263
v 0.047679 -0.326675 -0.095305
v 0.047637 -0.327958 -0.093979
v 0.048817 -0.327985 -0.095239
v 0.049720 -0.259591 0.949453
v 0.049867 -0.258746 0.947148
v 0.047640 -0.260725 0.949384
v 0.413812 -0.259591 0.947287
v 0.411508 -0.258746 0.947139
v 0.413744 -0.260726 0.949366
v 0.411647 -0.259592 -0.095388
v 0.411499 -0.258747 -0.093084
v 0.413726 -0.260726 -0.095319
v 0.047554 -0.259591 -0.093222
v 0.049858 -0.258746 -0.093076
v 0.047623 -0.260725 -0.095302
v 0.078743 -0.259570 0.921060
v 0.077567 -0.260917 0.919485
v 0.385419 -0.259570 0.918264
v 0.383845 -0.260918 0.919440
v 0.382622 -0.259571 -0.066995
v 0.383799 -0.260920 -0.065420
v 0.075947 -0.259570 -0.064199
v 0.077522 -0.260919 -0.065375
v 0.078970 -0.297993 0.919321
v 0.077644 -0.297950 0.918037
v 0.383680 -0.297993 0.918037
v 0.382397 -0.297951 0.919363
v 0.382542 -0.297978 -0.065232
v 0.383680 -0.296668 -0.065298
v 0.383722 -0.297951 -0.063973
v 0.077686 -0.297993 -0.063972
v 0.078970 -0.297951 -0.065298
v 0.035399 -0.290618 -0.094905
v 0.046670 -0.260032 0.948297
v 0.000775 -0.259956 0.950156
v 0.045463 -0.327648 -0.096104
v 0.000800 -0.289372 -0.096104
v 0.038053 -0.291534 -0.096161
v 0.036731 -0.291977 -0.094942
v 0.046200 -0.259229 0.949175
v 0.037146 -0.291789 0.949768
v 0.037146 -0.291789 -0.095703
v 0.045877 -0.259303 -0.095714
v 0.045593 -0.264180 0.950254
v 0.045523 -0.258838 0.949100
v 0.000782 -0.258823 0.949011
v 0.045456 -0.327660 0.950170
v 0.046611 -0.327649 0.949033
v 0.035394 -0.290619 0.948977
v 0.036730 -0.291968 0.949010
v -0.000346 -0.289392 0.949030
v 0.000781 -0.290500 0.949049
v 0.037953 -0.327659 0.950158
v 0.036844 -0.327679 0.949030
v 0.000782 -0.258835 -0.094984
v 0.045506 -0.258825 -0.095004
v 0.045456 -0.328800 -0.094964
v 0.046598 -0.327681 -0.094981
v -0.000358 -0.289354 -0.094964
v 0.000782 -0.290512 -0.094946
v 0.036562 -0.289556 -0.096161
v 0.036831 -0.327648 -0.094953
v -0.000358 -0.259981 0.949030
v 0.045494 -0.328787 0.949030
v 0.037777 -0.290775 0.950222
v 0.035765 -0.289369 0.950227
v 0.000788 -0.289366 0.950170
v 0.037989 -0.328800 0.949030
v 0.000763 -0.259963 -0.096092
v -0.000346 -0.259944 -0.094964
v 0.045592 -0.264194 -0.096188
v 0.046684 -0.260075 -0.094193
v 0.037959 -0.327672 -0.096092
v 0.037952 -0.328787 -0.094964
v 0.045335 -0.260134 0.950192
v 0.046418 -0.260821 0.949637
v 0.045883 -0.259322 0.949784
v 0.000052 -0.259257 0.949002
v 0.000822 -0.259241 0.949752
v 0.000089 -0.259908 0.949751
v 0.045447 -0.328390 0.949736
v 0.046180 -0.327632 0.949760
v 0.046196 -0.328352 0.949085
v 0.035830 -0.290243 0.949767
v 0.036210 -0.291046 0.949049
v 0.000076 -0.290102 0.949003
v 0.000052 -0.289345 0.949736
v 0.000714 -0.290074 0.949731
v 0.037241 -0.327632 0.949736
v 0.037999 -0.328366 0.949760
v 0.037279 -0.328381 0.949085
v 0.000809 -0.259257 -0.095694
v 0.000076 -0.259233 -0.094937
v 0.000060 -0.259907 -0.095657
v 0.046417 -0.260820 -0.095571
v 0.046210 -0.259239 -0.095107
v 0.045447 -0.328366 -0.095694
v 0.046181 -0.328390 -0.094937
v 0.046166 -0.327716 -0.095686
v 0.000076 -0.289345 -0.095694
v 0.000052 -0.290078 -0.094937
v 0.000726 -0.290094 -0.095657
v 0.035864 -0.290277 -0.095692
v 0.036230 -0.291071 -0.094973
v 0.037241 -0.327632 -0.095670
v 0.037241 -0.328366 -0.094937
v 0.037916 -0.328381 -0.095657
v 0.045333 -0.260133 -0.096127
v 0.081770 -0.256356 0.915749
v 0.378778 -0.256356 0.915749
v 0.378778 -0.256356 -0.061496
v 0.081770 -0.256356 -0.061496
v 0.081488 -0.258887 0.916031
v 0.379060 -0.258887 0.916031
v 0.379060 -0.258887 -0.061779
v 0.081488 -0.258887 -0.061779
v 0.075512 -0.258887 0.922006
v 0.385036 -0.258887 0.922006
v 0.385035 -0.258887 -0.067754
v 0.075512 -0.258887 -0.067754
v 0.075239 -0.256291 0.922263
v 0.385291 -0.256291 0.922280
v 0.385308 -0.256291 -0.068009
v 0.075256 -0.256291 -0.068026
v 0.065529 -0.257012 0.931991
v 0.395019 -0.257012 0.931991
v 0.395019 -0.257012 -0.077738
v 0.065529 -0.257012 -0.077738
v 0.064539 -0.259058 0.932888
v 0.395918 -0.259058 0.932979
v 0.396008 -0.259058 -0.078636
v 0.064630 -0.259058 -0.078726
v 0.065225 -0.256882 0.932301
v 0.395329 -0.256882 0.932294
v 0.395322 -0.256882 -0.078046
v 0.065218 -0.256882 -0.078040
v 0.073018 -0.255557 0.924501
v 0.387530 -0.255557 0.924501
v 0.387530 -0.255557 -0.070248
v 0.073018 -0.255557 -0.070248
v 0.072718 -0.255057 0.924801
v 0.387830 -0.255057 0.924801
v 0.387830 -0.255057 -0.070549
v 0.072717 -0.255057 -0.070549
v 0.066305 -0.254944 0.931183
v 0.393921 -0.255019 -0.076614
v 0.066651 -0.255019 -0.076639
v 0.394212 -0.254944 0.931214
v 0.065533 -0.253858 0.931985
v 0.394834 -0.254352 -0.077547
v 0.065719 -0.254352 -0.077552
v 0.395014 -0.253858 0.931986
v 0.065719 -0.252660 0.931805
v 0.395014 -0.253155 -0.077733
v 0.065533 -0.253154 -0.077732
v 0.394834 -0.252659 0.931800
v 0.066651 -0.251993 0.930893
v 0.393921 -0.251993 0.930867
v 0.394211 -0.252068 -0.076960
v 0.066305 -0.252068 -0.076929
v 0.068517 -0.251955 0.929002
v 0.392031 -0.251955 0.929002
v 0.392031 -0.251954 -0.074749
v 0.068516 -0.251954 -0.074749
v 0.068517 -0.251454 0.929002
v 0.392031 -0.251455 0.929002
v 0.392031 -0.251454 -0.074749
v 0.068516 -0.251454 -0.074749
v 0.065578 -0.251391 0.931936
v 0.394965 -0.251391 0.931941
v 0.394970 -0.251390 -0.077684
v 0.065583 -0.251391 -0.077689
v 0.065536 -0.248927 0.931984
v 0.395012 -0.248927 0.931983
v 0.395011 -0.248925 -0.077730
v 0.065535 -0.248925 -0.077730
v 0.065939 -0.248412 0.931596
v 0.394625 -0.248412 0.931580
v 0.394608 -0.248411 -0.077342
v 0.065922 -0.248411 -0.077326
v 0.074432 -0.248402 0.923093
v 0.074393 -0.248387 -0.068868
v 0.386123 -0.248402 0.923087
v 0.386117 -0.248402 -0.068842
v 0.074580 -0.248728 0.922980
v 0.386009 -0.248728 0.922939
v 0.385968 -0.248728 -0.068727
v 0.074544 -0.248729 -0.068716
v 0.080782 -0.247622 0.916737
v 0.379766 -0.247622 0.916737
v 0.379766 -0.247622 -0.062485
v 0.080781 -0.247622 -0.062485
v 0.085622 -0.247399 0.911956
v 0.374985 -0.247399 0.911897
v 0.374926 -0.247399 -0.057704
v 0.085563 -0.247398 -0.057645
v 0.087038 -0.248311 0.910483
v 0.373512 -0.248311 0.910481
v 0.373508 -0.248313 -0.056228
v 0.087038 -0.248313 -0.056226
v 0.087699 -0.249460 0.909822
v 0.372851 -0.249460 0.909820
v 0.372848 -0.249461 -0.055569
v 0.087696 -0.249460 -0.055567
v 0.087720 -0.251529 0.909799
v 0.372828 -0.251529 0.909799
v 0.372827 -0.251526 -0.055545
v 0.087720 -0.251529 -0.055545
v 0.087169 -0.253959 0.910349
v 0.373378 -0.253961 0.910351
v 0.373380 -0.253962 -0.056097
v 0.087171 -0.253959 -0.056097
v 0.086095 -0.255866 0.911420
v 0.374449 -0.255866 0.911424
v 0.374452 -0.255866 -0.057167
v 0.086099 -0.255866 -0.057171
v 0.085146 -0.256328 0.912353
v 0.375383 -0.256328 0.912373
v 0.375402 -0.256328 -0.058101
v 0.085165 -0.256328 -0.058120
v 0.363924 -0.259566 -0.032693
v 0.357869 -0.236162 0.897097
v 0.076442 -0.264090 -0.063584
v 0.129672 -0.258951 -0.062863
v 0.363870 -0.236161 0.891096
v 0.364629 -0.241137 0.210456
v 0.364199 -0.253517 0.201158
v 0.385761 -0.262909 0.201357
v 0.385671 -0.264087 0.921706
v 0.384964 -0.264087 0.922064
v 0.076848 -0.264087 0.922063
v 0.076105 -0.264086 0.921674
v 0.104054 -0.295330 -0.037909
v 0.362369 -0.260027 -0.037172
v 0.362236 -0.295165 -0.037087
v 0.099744 -0.295050 0.895536
v 0.362284 -0.295165 0.895463
v 0.099527 -0.295165 -0.037038
v 0.099442 -0.236162 -0.037172
v 0.098129 -0.236143 0.891045
v 0.099647 -0.236163 0.895596
v 0.362370 -0.236161 0.895596
v 0.384974 -0.259267 -0.062846
v 0.076802 -0.235401 -0.062837
v 0.384990 -0.235403 0.921272
v 0.357747 -0.295330 0.896339
v 0.100248 -0.295331 0.894995
v 0.385002 -0.256043 0.198730
v 0.385002 -0.253535 0.201076
v 0.364107 -0.238796 0.212706
v 0.364170 -0.236902 0.215494
v 0.364076 -0.257829 0.196204
v 0.364165 -0.258963 0.193000
v 0.385761 -0.264408 0.193106
v 0.385761 -0.264715 0.189589
v 0.385761 -0.259927 0.191687
v 0.385761 -0.236246 0.219706
v 0.385761 -0.238814 0.213515
v 0.363102 -0.295333 -0.032530
v 0.097942 -0.236164 -0.032671
v 0.076051 -0.244447 0.207625
v 0.363870 -0.259795 0.193235
v 0.385762 -0.256356 0.199620
v 0.385761 -0.263466 0.196309
v 0.363871 -0.256335 0.199699
v 0.129473 -0.258991 -0.063447
v 0.130314 -0.259458 -0.063449
v 0.129306 -0.235604 -0.063380
v 0.129294 -0.236010 -0.063540
v 0.129689 -0.259376 -0.038881
v 0.129297 -0.235604 -0.038921
v 0.385264 -0.259453 -0.063398
v 0.385324 -0.259977 -0.063582
v 0.385674 -0.258025 0.196245
v 0.076357 -0.235642 -0.063414
v 0.385454 -0.235641 0.921839
v 0.076239 -0.235592 0.921228
v 0.097954 -0.235587 0.891125
v 0.103945 -0.294572 -0.038672
v 0.364059 -0.259457 0.189564
v 0.363710 -0.295119 -0.032815
v 0.357906 -0.295078 0.896986
v 0.098346 -0.295160 0.891041
v 0.104118 -0.235591 0.897287
v 0.357873 -0.259582 -0.038722
v 0.103971 -0.295139 -0.038482
v 0.104177 -0.295139 0.896907
v 0.385572 -0.235592 0.921230
v 0.076241 -0.235589 -0.062799
v 0.076848 -0.236162 -0.063639
v 0.129655 -0.258923 -0.039496
v 0.129556 -0.236163 -0.062880
v 0.129305 -0.236008 -0.038781
v 0.097713 -0.235595 -0.032577
v 0.364059 -0.235592 0.891126
v 0.385565 -0.255892 0.199272
v 0.385460 -0.235461 0.221965
v 0.384964 -0.236162 0.922064
v 0.076369 -0.235608 0.921855
v 0.076848 -0.236162 0.922063
v 0.098073 -0.295128 -0.032630
v 0.357824 -0.295081 -0.038562
v 0.385573 -0.259458 0.189564
v 0.364629 -0.259268 -0.032793
v 0.128796 -0.235403 -0.062880
v 0.128796 -0.235403 -0.039431
v 0.103960 -0.235456 -0.038980
v 0.097364 -0.235396 0.891190
v 0.357852 -0.235455 0.897405
v 0.104256 -0.295329 0.896338
v 0.357746 -0.295331 -0.037913
v 0.385432 -0.235803 0.218607
v 0.385460 -0.236866 0.215566
v 0.385474 -0.258959 0.192978
v 0.385665 -0.259535 -0.062843
v 0.363869 -0.294574 0.180798
v 0.097946 -0.236166 0.224470
v 0.363870 -0.236225 0.219972
v 0.097943 -0.294572 0.220091
v 0.363870 -0.238436 0.213986
v 0.104151 -0.294573 0.897097
v 0.121890 -0.263539 -0.063639
v 0.384964 -0.264715 -0.063639
v 0.385761 -0.236161 0.921265
v 0.076050 -0.264087 -0.062841
v 0.076822 -0.235402 0.921287
v 0.129014 -0.259832 -0.038676
v 0.130187 -0.264717 -0.063639
v 0.129001 -0.259800 -0.063631
v 0.076050 -0.264086 0.747374
v 0.098855 -0.295326 0.890798
v 0.098132 -0.294551 0.891064
v 0.363113 -0.295330 0.890972
v 0.363874 -0.294560 0.891090
v 0.098661 -0.295330 -0.032347
v 0.130315 -0.259267 -0.062880
v 0.104149 -0.236163 0.897096
v 0.385002 -0.259268 0.189552
v 0.385708 -0.264715 -0.063210
v 0.099179 -0.235449 -0.037435
v 0.362634 -0.259313 -0.037436
v 0.362632 -0.235448 0.895859
v 0.099383 -0.235449 0.895860
v 0.364628 -0.235403 0.891219
v 0.129556 -0.236163 -0.039431
v 0.385002 -0.241137 0.210456
v 0.357989 -0.259267 -0.039431
v 0.104013 -0.235400 0.897856
v 0.364171 -0.235823 0.218536
v 0.364194 -0.256029 0.198810
v 0.385509 -0.238838 0.212625
v 0.385004 -0.257833 0.196029
v 0.097138 -0.235403 -0.032644
v 0.130315 -0.259268 -0.039431
v 0.364629 -0.259268 0.189551
v 0.385761 -0.263516 0.596506
v 0.363870 -0.236162 0.747466
v 0.363680 -0.295140 0.891065
v 0.076086 -0.250780 0.746477
v 0.076051 -0.236157 0.921270
v 0.385762 -0.263232 0.388717
v 0.364155 -0.235467 0.221867
v 0.077588 -0.244721 0.746429
v 0.385761 -0.236162 0.747689
v 0.077597 -0.250698 0.207822
v 0.076137 -0.244654 0.207776
v 0.076050 -0.250983 0.207665
v 0.076083 -0.244635 0.746481
v 0.077597 -0.244730 0.207821
v 0.077591 -0.250696 0.746418
v 0.076139 -0.250774 0.207788
v 0.076057 -0.236142 -0.062855
v 0.103943 -0.236162 -0.038672
v 0.385761 -0.263806 0.747356
v 0.106804 -0.288783 0.234113
v 0.355006 -0.187596 0.234113
v 0.357265 -0.184259 0.239660
v 0.106669 -0.200916 0.336397
v 0.355118 -0.200800 0.335940
v 0.360829 -0.206742 0.336395
v 0.360859 -0.286581 0.335926
v 0.104509 -0.292124 0.239748
v 0.355145 -0.292297 0.336394
v 0.106705 -0.292338 0.335927
v 0.101164 -0.187609 0.239728
v 0.100991 -0.286619 0.336393
v 0.100943 -0.206654 0.335929
v 0.104091 -0.188109 0.234465
v 0.106730 -0.187789 0.234051
v 0.102439 -0.188298 0.235441
v 0.105210 -0.185583 0.235387
v 0.103109 -0.186198 0.236057
v 0.104250 -0.288275 0.234406
v 0.105210 -0.290850 0.235441
v 0.102493 -0.288079 0.235387
v 0.103110 -0.290179 0.236057
v 0.357718 -0.288269 0.234465
v 0.355079 -0.288590 0.234051
v 0.359371 -0.288080 0.235441
v 0.356601 -0.290796 0.235387
v 0.358700 -0.290181 0.236057
v 0.357560 -0.188103 0.234406
v 0.356599 -0.185529 0.235441
v 0.359317 -0.188299 0.235387
v 0.358701 -0.186199 0.236057
v 0.105019 -0.184607 0.237041
v 0.104702 -0.184194 0.239655
v 0.102441 -0.185424 0.238625
v 0.356799 -0.184548 0.237200
v 0.359369 -0.185425 0.238624
v 0.360293 -0.188104 0.237043
v 0.360674 -0.187686 0.239624
v 0.360293 -0.289194 0.237963
v 0.360707 -0.286566 0.237654
v 0.359318 -0.290850 0.238156
v 0.356795 -0.291771 0.237043
v 0.357107 -0.292186 0.239673
v 0.105011 -0.291830 0.237199
v 0.102438 -0.290796 0.238158
v 0.101517 -0.288274 0.237043
v 0.101103 -0.288585 0.239671
v 0.101459 -0.188095 0.237201
v 0.359450 -0.202268 0.335942
v 0.104179 -0.201162 0.335940
v 0.359420 -0.290899 0.335927
v 0.360520 -0.204095 0.335940
v 0.102389 -0.290899 0.335926
v 0.357622 -0.291978 0.335927
v 0.102371 -0.202255 0.335940
v 0.101311 -0.289100 0.335927
v 0.107028 -0.188564 0.236970
v 0.354778 -0.287813 0.236970
v 0.105472 -0.187117 0.239911
v 0.357789 -0.286256 0.238424
v 0.356335 -0.289268 0.239980
v 0.104021 -0.287812 0.239978
v 0.105060 -0.188884 0.237223
v 0.107064 -0.287932 0.237005
v 0.105163 -0.287481 0.237186
v 0.105264 -0.288692 0.237593
v 0.357139 -0.287483 0.237368
v 0.357165 -0.288692 0.238212
v 0.354750 -0.188445 0.237006
v 0.357091 -0.188919 0.237329
v 0.357225 -0.187876 0.238089
v 0.105803 -0.187509 0.237621
v 0.104165 -0.187948 0.239971
v 0.356457 -0.187157 0.239931
v 0.355977 -0.187471 0.237668
v 0.357778 -0.190041 0.238390
v 0.357489 -0.187795 0.239744
v 0.357534 -0.288230 0.238750
v 0.356004 -0.288869 0.237619
v 0.105359 -0.289232 0.240011
v 0.105802 -0.289051 0.238111
v 0.104541 -0.288720 0.238754
v 0.104419 -0.287483 0.237619
v 0.104585 -0.187877 0.238089
v 0.104386 -0.189036 0.237633
v 0.356374 -0.203896 0.335991
v 0.357418 -0.204404 0.336469
v 0.357745 -0.287887 0.335923
v 0.357349 -0.288891 0.336463
v 0.105451 -0.289251 0.335978
v 0.104398 -0.288827 0.336463
v 0.104030 -0.205325 0.335974
v 0.358379 -0.204474 0.336726
v 0.358987 -0.202356 0.336688
v 0.104515 -0.203408 0.336726
v 0.357309 -0.289861 0.336726
v 0.359446 -0.290448 0.336685
v 0.103426 -0.288785 0.336726
v 0.102840 -0.290924 0.336685
v 0.357576 -0.201275 0.336470
v 0.360484 -0.289012 0.336468
v 0.104276 -0.291963 0.336468
v 0.101313 -0.204253 0.336470
v 0.104278 -0.201569 0.336654
v 0.102324 -0.202947 0.336692
v 0.360232 -0.204355 0.336653
v 0.357436 -0.291707 0.336651
v 0.101581 -0.288915 0.336651
v 0.105383 -0.203878 0.336455
v 0.357875 -0.205373 0.336451
v 0.356405 -0.289346 0.336446
v 0.103942 -0.287883 0.336446
v 0.356445 -0.203743 0.336609
v 0.104441 -0.204354 0.336471
v 0.358036 -0.287919 0.336612
v 0.105371 -0.289514 0.336612
v 0.103774 -0.205324 0.336612
v 0.355482 -0.197816 0.335605
v 0.358421 -0.191992 0.299229
v 0.361388 -0.193719 0.299194
v 0.363741 -0.286941 0.335094
v 0.363221 -0.289946 0.298764
v 0.361493 -0.292885 0.298825
v 0.106357 -0.295221 0.335094
v 0.103341 -0.294699 0.298764
v 0.100402 -0.292971 0.298826
v 0.098027 -0.206596 0.335124
v 0.098640 -0.196547 0.298989
v 0.100444 -0.193704 0.299172
v 0.106638 -0.197787 0.335597
v 0.363783 -0.206601 0.335114
v 0.355186 -0.295244 0.335086
v 0.098070 -0.286802 0.335096
v 0.103186 -0.198310 0.335557
v 0.363265 -0.203160 0.335346
v 0.358469 -0.294700 0.335233
v 0.098589 -0.289949 0.335232
v 0.357657 -0.200923 0.335115
v 0.355301 -0.194274 0.298932
v 0.359529 -0.202029 0.335218
v 0.360608 -0.289087 0.335086
v 0.360943 -0.286757 0.298913
v 0.359523 -0.290939 0.335095
v 0.104200 -0.292087 0.335086
v 0.106524 -0.292421 0.298914
v 0.102350 -0.291002 0.335094
v 0.101203 -0.203902 0.335115
v 0.100847 -0.200223 0.298918
v 0.102289 -0.202020 0.335220
v 0.106872 -0.194254 0.298949
v 0.360960 -0.200250 0.298935
v 0.354960 -0.292441 0.298931
v 0.100873 -0.286590 0.298945
v 0.104152 -0.194604 0.298915
v 0.360605 -0.197607 0.298925
v 0.357609 -0.292087 0.298912
v 0.101201 -0.289086 0.298912
v 0.357415 -0.200167 0.335459
v 0.358723 -0.198449 0.335696
v 0.358500 -0.194073 0.298792
v 0.361562 -0.200235 0.335543
v 0.361391 -0.288856 0.335325
v 0.363154 -0.290122 0.335237
v 0.361052 -0.290096 0.298677
v 0.358615 -0.292533 0.335321
v 0.361407 -0.292971 0.335172
v 0.104434 -0.292868 0.335324
v 0.103165 -0.294632 0.335238
v 0.103193 -0.292532 0.298677
v 0.100754 -0.290093 0.335321
v 0.100317 -0.292886 0.335172
v 0.100485 -0.197633 0.298710
v 0.098098 -0.199788 0.298847
v 0.100411 -0.204389 0.335350
v 0.098550 -0.203142 0.335347
v 0.102252 -0.195721 0.298828
v 0.102080 -0.199116 0.335704
v 0.104468 -0.193812 0.298798
v 0.361372 -0.197748 0.298712
v 0.363707 -0.199838 0.298829
v 0.357377 -0.292868 0.298674
v 0.100424 -0.288858 0.298674
v 0.104304 -0.200254 0.335441
v 0.103342 -0.192030 0.299220
v 0.361337 -0.204167 0.335356
v 0.363174 -0.196563 0.298991
v 0.358644 -0.294632 0.298760
v 0.098657 -0.290122 0.298758
v 0.355208 -0.191492 0.299413
v 0.363765 -0.286668 0.298911
v 0.106621 -0.295244 0.298912
v 0.100241 -0.200158 0.335425
v 0.106374 -0.191511 0.299404
v 0.355451 -0.295221 0.298903
v 0.098040 -0.286788 0.298913
v 0.357712 -0.194645 0.298932
v 0.354999 -0.200551 0.335095
v 0.359524 -0.195756 0.298919
v 0.360570 -0.289193 0.298914
v 0.360962 -0.286438 0.335066
v 0.359460 -0.291002 0.298903
v 0.104095 -0.292049 0.298914
v 0.106849 -0.292441 0.335067
v 0.102285 -0.290938 0.298903
v 0.101204 -0.197607 0.298923
v 0.100857 -0.206418 0.335075
v 0.106526 -0.200571 0.335112
v 0.360954 -0.206395 0.335090
v 0.355286 -0.292421 0.335084
v 0.100842 -0.286616 0.335097
v 0.104121 -0.200947 0.335100
v 0.360605 -0.203898 0.335107
v 0.357714 -0.292049 0.335083
v 0.101239 -0.289193 0.335083
v 0.085579 -0.368069 0.372975
v 0.084956 -0.316484 0.372976
v 0.081360 -0.316484 0.372976
v 0.084965 -0.316330 0.373639
v 0.080499 -0.316946 0.372972
v 0.079294 -0.320751 0.372976
v 0.080247 -0.316947 0.373625
v 0.085701 -0.374376 0.372977
v 0.084572 -0.373142 0.397867
v 0.078429 -0.372590 0.397628
v 0.078527 -0.375733 0.397628
v 0.086548 -0.388107 0.372754
v 0.085685 -0.389615 0.372754
v 0.085083 -0.391259 0.372754
v 0.085701 -0.374373 0.397627
v 0.085966 -0.377409 0.397628
v 0.086320 -0.379585 0.397628
v 0.086658 -0.379490 0.396911
v 0.086850 -0.381634 0.397628
v 0.087711 -0.384114 0.397627
v 0.087749 -0.383182 0.396911
v 0.085146 -0.379147 0.397867
v 0.086002 -0.388890 0.397867
v 0.078527 -0.375733 0.372976
v 0.078782 -0.378669 0.372976
v 0.079260 -0.381565 0.372976
v 0.078927 -0.381658 0.373639
v 0.080020 -0.384333 0.372976
v 0.081384 -0.387833 0.372977
v 0.080867 -0.387409 0.373639
v 0.085582 -0.322832 0.372977
v 0.085665 -0.316946 0.372972
v 0.085916 -0.322717 0.373639
v 0.081360 -0.316484 0.397628
v 0.084956 -0.316484 0.397628
v 0.081402 -0.316330 0.396911
v 0.085984 -0.372558 0.373639
v 0.086099 -0.375049 0.396911
v 0.086099 -0.375049 0.373639
v 0.088857 -0.385547 0.373644
v 0.078442 -0.378729 0.373639
v 0.078927 -0.381658 0.396911
v 0.078185 -0.375764 0.396911
v 0.078185 -0.375764 0.373639
v 0.079704 -0.384458 0.373639
v 0.080867 -0.387409 0.396911
v 0.082509 -0.390792 0.373639
v 0.085579 -0.368068 0.397628
v 0.080787 -0.316604 0.373148
v 0.081402 -0.316330 0.373639
v 0.084572 -0.373142 0.372754
v 0.078429 -0.372589 0.372976
v 0.079456 -0.374023 0.397867
v 0.079977 -0.379907 0.372754
v 0.085966 -0.377409 0.372976
v 0.086320 -0.379585 0.372976
v 0.085146 -0.379147 0.372754
v 0.086850 -0.381634 0.372976
v 0.087711 -0.384115 0.372976
v 0.086454 -0.383994 0.372754
v 0.081753 -0.386442 0.372754
v 0.084764 -0.392989 0.372754
v 0.088559 -0.385855 0.372977
v 0.087651 -0.386780 0.372754
v 0.078782 -0.378669 0.397628
v 0.079260 -0.381565 0.397628
v 0.079977 -0.379907 0.397867
v 0.080020 -0.384333 0.397628
v 0.081135 -0.387225 0.397628
v 0.081252 -0.384912 0.397867
v 0.086454 -0.383994 0.397867
v 0.087651 -0.386780 0.397867
v 0.083196 -0.389588 0.397867
v 0.082681 -0.390491 0.397628
v 0.084634 -0.394312 0.397636
v 0.084764 -0.392988 0.397867
v 0.079295 -0.320749 0.397628
v 0.085665 -0.316946 0.397632
v 0.085489 -0.316604 0.397442
v 0.080638 -0.316484 0.373639
v 0.080638 -0.316484 0.396911
v 0.079456 -0.374023 0.372754
v 0.084566 -0.323443 0.372754
v 0.090687 -0.385163 0.372850
v 0.089431 -0.385633 0.396911
v 0.084848 -0.395471 0.373639
v 0.084848 -0.395471 0.396911
v 0.094512 -0.406200 0.398660
v 0.090689 -0.385162 0.398049
v 0.089108 -0.385932 0.397756
v 0.089173 -0.386036 0.398129
v 0.089178 -0.386042 0.398832
v 0.087835 -0.387160 0.398129
v 0.087788 -0.387065 0.397933
v 0.086670 -0.388400 0.397933
v 0.086711 -0.388498 0.398129
v 0.086717 -0.388503 0.398831
v 0.085838 -0.390012 0.398129
v 0.085800 -0.389913 0.397933
v 0.085200 -0.391556 0.397933
v 0.085239 -0.391655 0.398129
v 0.085247 -0.391657 0.398831
v 0.084910 -0.393303 0.397954
v 0.084850 -0.395068 0.397756
v 0.084936 -0.395124 0.398129
v 0.084944 -0.395123 0.398832
v 0.085240 -0.396845 0.397694
v 0.110163 -0.402793 0.398825
v 0.109291 -0.404307 0.398811
v 0.111065 -0.399430 0.398825
v 0.110761 -0.395961 0.398825
v 0.109290 -0.392806 0.398820
v 0.105994 -0.389797 0.398893
v 0.097519 -0.384565 0.398820
v 0.099365 -0.385304 0.398820
v 0.094051 -0.384262 0.398825
v 0.090695 -0.385180 0.398866
v 0.087840 -0.387165 0.398840
v 0.085844 -0.390016 0.398840
v 0.084944 -0.393377 0.398840
v 0.085246 -0.396843 0.398836
v 0.086712 -0.400000 0.398820
v 0.089990 -0.403033 0.398828
v 0.098483 -0.408241 0.398820
v 0.096637 -0.407502 0.398820
v 0.101951 -0.408544 0.398825
v 0.105314 -0.407643 0.398825
v 0.108166 -0.405645 0.398825
v 0.100936 -0.407099 0.400204
v 0.103866 -0.406632 0.400204
v 0.109587 -0.400836 0.400140
v 0.109190 -0.404237 0.399053
v 0.109854 -0.397788 0.400140
v 0.109062 -0.394833 0.400140
v 0.109185 -0.392873 0.399055
v 0.107137 -0.392129 0.400080
v 0.097491 -0.384686 0.399055
v 0.095692 -0.385472 0.400140
v 0.099319 -0.385419 0.399054
v 0.092644 -0.385739 0.400140
v 0.089871 -0.387032 0.400140
v 0.087707 -0.389196 0.400140
v 0.086414 -0.391969 0.400140
v 0.086148 -0.395018 0.400140
v 0.086940 -0.397973 0.400140
v 0.086817 -0.399933 0.399055
v 0.088865 -0.400677 0.400080
v 0.098510 -0.408119 0.399055
v 0.100309 -0.407334 0.400140
v 0.096683 -0.407387 0.399053
v 0.103358 -0.407067 0.400140
v 0.106131 -0.405774 0.400140
v 0.101489 -0.386606 0.398819
v 0.094513 -0.406131 0.398976
v 0.108404 -0.402950 0.400204
v 0.087562 -0.398621 0.400204
v 0.086537 -0.392628 0.400204
v 0.106460 -0.405190 0.400204
v 0.108440 -0.394185 0.400204
v 0.093303 -0.385862 0.400204
v 0.090531 -0.386923 0.400204
v 0.089431 -0.385633 0.373639
v 0.089108 -0.385932 0.372816
v 0.086670 -0.388400 0.372629
v 0.087788 -0.387065 0.372629
v 0.085200 -0.391556 0.372629
v 0.085800 -0.389913 0.372629
v 0.084850 -0.395068 0.372816
v 0.084894 -0.393279 0.372629
v 0.085083 -0.391259 0.397867
v 0.084634 -0.394312 0.372968
v 0.088559 -0.385855 0.397626
v 0.109050 -0.402274 0.400151
v 0.108294 -0.403610 0.400140
v 0.110052 -0.402741 0.399053
v 0.110643 -0.401119 0.399053
v 0.109841 -0.399323 0.400151
v 0.110942 -0.399419 0.399053
v 0.110943 -0.397693 0.399053
v 0.109574 -0.396279 0.400151
v 0.110642 -0.395993 0.399053
v 0.110053 -0.394370 0.399053
v 0.106932 -0.392245 0.400202
v 0.108281 -0.393509 0.400149
v 0.107871 -0.391407 0.399053
v 0.100900 -0.387598 0.400080
v 0.105236 -0.390723 0.400147
v 0.105931 -0.389866 0.399053
v 0.097203 -0.385754 0.400149
v 0.098851 -0.386588 0.400202
v 0.098891 -0.386356 0.400080
v 0.095788 -0.384383 0.399053
v 0.094158 -0.385486 0.400151
v 0.094061 -0.384384 0.399053
v 0.092361 -0.384683 0.399053
v 0.091207 -0.386276 0.400151
v 0.090740 -0.385275 0.399053
v 0.089244 -0.386137 0.399053
v 0.088704 -0.388029 0.400151
v 0.087922 -0.387247 0.399053
v 0.086812 -0.388569 0.399053
v 0.086952 -0.390532 0.400151
v 0.085950 -0.390065 0.399053
v 0.085359 -0.391687 0.399053
v 0.086161 -0.393483 0.400151
v 0.085060 -0.393387 0.399053
v 0.085059 -0.395113 0.399053
v 0.086428 -0.396527 0.400151
v 0.085360 -0.396813 0.399053
v 0.085949 -0.398435 0.399053
v 0.089069 -0.400562 0.400201
v 0.087721 -0.399297 0.400149
v 0.088131 -0.401399 0.399054
v 0.095101 -0.405208 0.400080
v 0.090766 -0.402083 0.400147
v 0.090071 -0.402940 0.399053
v 0.098782 -0.407130 0.400081
v 0.098789 -0.406915 0.400197
v 0.097151 -0.406217 0.400202
v 0.097111 -0.406450 0.400080
v 0.100214 -0.408423 0.399053
v 0.101844 -0.407320 0.400151
v 0.101940 -0.408422 0.399053
v 0.103641 -0.408123 0.399053
v 0.104795 -0.406529 0.400151
v 0.105262 -0.407531 0.399053
v 0.106758 -0.406669 0.399053
v 0.107298 -0.404777 0.400151
v 0.108079 -0.405558 0.399053
v 0.100836 -0.387739 0.400173
v 0.101431 -0.386715 0.399053
v 0.095166 -0.405067 0.400173
v 0.109465 -0.400179 0.400204
v 0.109514 -0.397212 0.400204
v 0.096514 -0.385835 0.400205
v 0.087898 -0.389330 0.400204
v 0.086488 -0.395594 0.400204
v 0.078090 -0.372688 0.396911
v 0.086310 -0.377349 0.396911
v 0.087183 -0.381502 0.396911
v 0.088597 -0.385062 0.396911
v 0.088222 -0.384320 0.396911
v 0.078155 -0.323303 0.396905
v 0.085916 -0.316947 0.396929
v 0.085928 -0.368692 0.396912
v 0.078084 -0.323630 0.396911
v 0.085678 -0.316484 0.396911
v 0.084965 -0.316330 0.396911
v 0.084588 -0.394766 0.396920
v 0.111066 -0.397682 0.398811
v 0.090687 -0.385163 0.372254
v 0.087835 -0.387160 0.372254
v 0.085838 -0.390012 0.372254
v 0.084937 -0.393376 0.372254
v 0.085240 -0.396845 0.372850
v 0.085838 -0.398487 0.398811
v 0.088038 -0.401482 0.398820
v 0.103672 -0.408242 0.398811
v 0.106829 -0.406770 0.398811
v 0.106013 -0.389773 0.398661
v 0.086658 -0.379490 0.373639
v 0.087749 -0.383182 0.373639
v 0.085919 -0.367827 0.373639
v 0.085678 -0.316484 0.373639
v 0.078426 -0.323543 0.372976
v 0.081241 -0.316944 0.372754
v 0.084924 -0.316944 0.372755
v 0.079452 -0.323418 0.397867
v 0.084924 -0.316945 0.397867
v 0.085489 -0.316604 0.373148
v 0.078155 -0.323303 0.373645
v 0.085916 -0.316948 0.373623
v 0.079452 -0.323418 0.372754
v 0.078426 -0.323543 0.397628
v 0.081243 -0.316942 0.397867
v 0.080787 -0.316604 0.397442
v 0.080499 -0.316946 0.397632
v 0.084566 -0.323444 0.397867
v 0.085582 -0.322808 0.397626
v 0.085916 -0.322727 0.396911
v 0.080247 -0.316947 0.396926
v 0.078084 -0.323630 0.373639
v 0.110762 -0.401151 0.398811
v 0.109291 -0.404307 0.138437
v 0.110164 -0.394318 0.398811
v 0.107964 -0.391324 0.398820
v 0.095798 -0.384260 0.398811
v 0.092329 -0.384564 0.398811
v 0.089173 -0.386036 0.372254
v 0.086711 -0.388498 0.372254
v 0.085239 -0.391655 0.372254
v 0.084936 -0.395124 0.372254
v 0.094512 -0.406200 0.138588
v 0.100203 -0.408545 0.398811
v 0.106014 -0.389773 0.138587
v 0.085984 -0.372558 0.396911
v 0.078442 -0.378729 0.396911
v 0.079704 -0.384458 0.396911
v 0.082510 -0.390792 0.396911
v 0.088867 -0.385549 0.396911
v 0.078089 -0.372653 0.373639
v 0.086310 -0.377349 0.373639
v 0.087183 -0.381502 0.373639
v 0.088222 -0.384320 0.373639
v 0.084588 -0.394766 0.373630
v 0.085927 -0.368576 0.163611
v 0.085579 -0.368070 0.164272
v 0.079294 -0.320751 0.164272
v 0.079457 -0.374023 0.164494
v 0.084572 -0.373143 0.164494
v 0.085701 -0.374376 0.164271
v 0.079456 -0.374023 0.139381
v 0.078527 -0.375733 0.139620
v 0.085146 -0.379147 0.164494
v 0.079977 -0.379908 0.164494
v 0.086454 -0.383994 0.164494
v 0.081753 -0.386442 0.164493
v 0.085966 -0.377409 0.139620
v 0.086320 -0.379585 0.139620
v 0.086850 -0.381634 0.139620
v 0.087711 -0.384114 0.139621
v 0.088559 -0.385855 0.139622
v 0.079976 -0.379907 0.139381
v 0.081252 -0.384911 0.139381
v 0.085083 -0.391259 0.139381
v 0.083196 -0.389588 0.139381
v 0.078782 -0.378669 0.164272
v 0.078527 -0.375733 0.164272
v 0.079260 -0.381565 0.164272
v 0.080020 -0.384333 0.164272
v 0.081135 -0.387225 0.164272
v 0.082681 -0.390491 0.164272
v 0.084634 -0.394312 0.164279
v 0.084566 -0.323444 0.164494
v 0.079452 -0.323418 0.139381
v 0.085916 -0.322726 0.163609
v 0.085984 -0.372558 0.163608
v 0.086099 -0.375049 0.163608
v 0.085927 -0.368540 0.140335
v 0.078088 -0.372630 0.163608
v 0.078185 -0.375764 0.163608
v 0.086310 -0.377349 0.163608
v 0.087183 -0.381502 0.163608
v 0.088222 -0.384320 0.163608
v 0.078927 -0.381658 0.163608
v 0.078442 -0.378729 0.163608
v 0.080867 -0.387409 0.163608
v 0.079704 -0.384458 0.163608
v 0.082509 -0.390792 0.163608
v 0.084588 -0.394766 0.140327
v 0.078090 -0.372688 0.140337
v 0.085582 -0.322832 0.164270
v 0.078429 -0.372589 0.164272
v 0.085579 -0.368068 0.139620
v 0.078426 -0.323543 0.139620
v 0.078429 -0.372589 0.139620
v 0.081360 -0.316484 0.164272
v 0.080787 -0.316604 0.164100
v 0.084965 -0.316330 0.163608
v 0.085678 -0.316484 0.163609
v 0.085701 -0.374373 0.139621
v 0.086320 -0.379585 0.164272
v 0.085966 -0.377409 0.164272
v 0.086850 -0.381634 0.164272
v 0.087711 -0.384115 0.164272
v 0.085146 -0.379147 0.139381
v 0.079260 -0.381565 0.139620
v 0.078782 -0.378669 0.139620
v 0.086454 -0.383994 0.139381
v 0.081135 -0.387225 0.139620
v 0.080020 -0.384333 0.139620
v 0.082681 -0.390491 0.139620
v 0.084924 -0.316944 0.164493
v 0.079452 -0.323418 0.164494
v 0.080499 -0.316946 0.139616
v 0.081242 -0.316944 0.139381
v 0.079295 -0.320749 0.139620
v 0.085582 -0.322807 0.139622
v 0.084566 -0.323443 0.139381
v 0.084956 -0.316484 0.139620
v 0.085489 -0.316604 0.139806
v 0.081402 -0.316330 0.163608
v 0.080638 -0.316484 0.163609
v 0.078426 -0.323543 0.164272
v 0.084572 -0.373142 0.139381
v 0.099365 -0.385304 0.138428
v 0.089431 -0.385633 0.163609
v 0.096637 -0.407502 0.138429
v 0.090690 -0.385162 0.139198
v 0.089173 -0.386035 0.139118
v 0.089108 -0.385932 0.139492
v 0.087835 -0.387160 0.139118
v 0.087788 -0.387065 0.139315
v 0.086711 -0.388498 0.139118
v 0.086670 -0.388400 0.139315
v 0.085838 -0.390012 0.139118
v 0.085800 -0.389913 0.139315
v 0.085239 -0.391654 0.139118
v 0.085200 -0.391556 0.139315
v 0.084910 -0.393303 0.139294
v 0.084936 -0.395124 0.139118
v 0.084850 -0.395068 0.139492
v 0.110164 -0.402793 0.138423
v 0.110762 -0.401151 0.138437
v 0.111065 -0.399430 0.138423
v 0.111066 -0.397682 0.138437
v 0.110761 -0.395961 0.138423
v 0.110164 -0.394318 0.138437
v 0.109290 -0.392806 0.138428
v 0.107964 -0.391324 0.138428
v 0.105994 -0.389797 0.138355
v 0.097519 -0.384565 0.138428
v 0.095798 -0.384260 0.138437
v 0.094051 -0.384262 0.138423
v 0.092329 -0.384564 0.138437
v 0.090693 -0.385175 0.138394
v 0.089178 -0.386042 0.138416
v 0.087840 -0.387165 0.138408
v 0.086717 -0.388503 0.138416
v 0.085844 -0.390016 0.138408
v 0.085247 -0.391657 0.138416
v 0.084944 -0.393377 0.138408
v 0.084944 -0.395123 0.138416
v 0.085246 -0.396843 0.138412
v 0.085838 -0.398487 0.138437
v 0.086712 -0.400000 0.138428
v 0.088038 -0.401482 0.138429
v 0.089989 -0.403032 0.138420
v 0.098483 -0.408241 0.138428
v 0.100203 -0.408545 0.138437
v 0.101951 -0.408544 0.138423
v 0.103672 -0.408242 0.138437
v 0.105314 -0.407643 0.138423
v 0.106829 -0.406770 0.138437
v 0.108166 -0.405645 0.138423
v 0.105470 -0.405883 0.137043
v 0.102699 -0.406944 0.137043
v 0.099488 -0.406971 0.137043
v 0.110643 -0.401119 0.138195
v 0.110052 -0.402741 0.138195
v 0.108294 -0.403610 0.137107
v 0.110943 -0.397693 0.138195
v 0.110942 -0.399419 0.138195
v 0.110053 -0.394370 0.138195
v 0.110642 -0.395993 0.138195
v 0.107871 -0.391407 0.138195
v 0.109185 -0.392873 0.138193
v 0.108348 -0.393467 0.137167
v 0.105931 -0.389866 0.138195
v 0.100901 -0.387598 0.137168
v 0.095788 -0.384383 0.138195
v 0.097491 -0.384686 0.138193
v 0.098891 -0.386356 0.137168
v 0.097220 -0.385676 0.137167
v 0.092361 -0.384683 0.138195
v 0.094062 -0.384384 0.138195
v 0.089244 -0.386137 0.138195
v 0.090739 -0.385275 0.138195
v 0.086812 -0.388569 0.138195
v 0.087922 -0.387247 0.138195
v 0.085359 -0.391686 0.138195
v 0.085950 -0.390065 0.138195
v 0.085059 -0.395113 0.138195
v 0.085060 -0.393387 0.138195
v 0.085949 -0.398435 0.138195
v 0.085360 -0.396813 0.138195
v 0.088131 -0.401399 0.138194
v 0.086817 -0.399932 0.138193
v 0.090071 -0.402940 0.138195
v 0.100214 -0.408423 0.138195
v 0.098510 -0.408119 0.138193
v 0.097142 -0.406382 0.137101
v 0.103641 -0.408123 0.138195
v 0.101940 -0.408422 0.138195
v 0.106758 -0.406669 0.138195
v 0.105262 -0.407531 0.138195
v 0.108079 -0.405558 0.138195
v 0.107353 -0.404832 0.137167
v 0.101487 -0.386605 0.138429
v 0.094533 -0.406139 0.138265
v 0.089069 -0.400559 0.137045
v 0.101430 -0.386715 0.138195
v 0.095101 -0.405207 0.137168
v 0.087562 -0.398621 0.137043
v 0.096796 -0.405887 0.137043
v 0.089955 -0.387152 0.137047
v 0.086537 -0.392627 0.137043
v 0.086488 -0.395594 0.137043
v 0.107201 -0.404680 0.137050
v 0.087898 -0.389330 0.137043
v 0.109465 -0.400179 0.137043
v 0.109055 -0.395502 0.137043
v 0.109705 -0.397801 0.137046
v 0.108148 -0.393548 0.137051
v 0.106933 -0.392248 0.137045
v 0.097212 -0.385891 0.137051
v 0.092136 -0.386174 0.137043
v 0.095065 -0.385707 0.137043
v 0.090687 -0.385163 0.164397
v 0.089108 -0.385932 0.164432
v 0.089173 -0.386036 0.164994
v 0.087788 -0.387065 0.164619
v 0.086670 -0.388400 0.164619
v 0.086711 -0.388498 0.164994
v 0.085800 -0.389913 0.164619
v 0.085200 -0.391556 0.164619
v 0.085239 -0.391654 0.164994
v 0.084894 -0.393279 0.164619
v 0.084850 -0.395068 0.164432
v 0.084936 -0.395124 0.164994
v 0.084764 -0.392988 0.139381
v 0.084634 -0.394312 0.139612
v 0.084588 -0.394766 0.163618
v 0.084765 -0.392989 0.164494
v 0.085083 -0.391259 0.164494
v 0.085685 -0.389615 0.164494
v 0.086548 -0.388107 0.164494
v 0.087651 -0.386780 0.164494
v 0.088559 -0.385855 0.164270
v 0.088857 -0.385547 0.163604
v 0.088597 -0.385062 0.140337
v 0.087651 -0.386780 0.139381
v 0.086002 -0.388890 0.139381
v 0.109050 -0.402274 0.137097
v 0.109587 -0.400836 0.137107
v 0.109190 -0.404237 0.138195
v 0.109919 -0.397782 0.137167
v 0.109841 -0.399323 0.137097
v 0.109574 -0.396279 0.137097
v 0.109062 -0.394833 0.137107
v 0.107137 -0.392129 0.137168
v 0.105235 -0.390723 0.137101
v 0.100836 -0.387739 0.137074
v 0.095692 -0.385472 0.137107
v 0.099319 -0.385419 0.138194
v 0.094158 -0.385486 0.137097
v 0.092644 -0.385739 0.137107
v 0.089833 -0.386978 0.137167
v 0.091207 -0.386277 0.137097
v 0.088704 -0.388029 0.137097
v 0.087708 -0.389196 0.137107
v 0.086952 -0.390532 0.137097
v 0.086415 -0.391969 0.137107
v 0.086161 -0.393483 0.137097
v 0.086148 -0.395018 0.137107
v 0.086428 -0.396527 0.137097
v 0.086940 -0.397973 0.137107
v 0.088865 -0.400677 0.137168
v 0.087722 -0.399296 0.137099
v 0.090825 -0.402131 0.137102
v 0.095166 -0.405066 0.137074
v 0.098799 -0.407052 0.137099
v 0.100309 -0.407333 0.137107
v 0.096683 -0.407387 0.138194
v 0.101844 -0.407320 0.137097
v 0.103358 -0.407067 0.137107
v 0.104795 -0.406529 0.137097
v 0.106131 -0.405773 0.137107
v 0.108404 -0.402950 0.137043
v 0.098851 -0.386589 0.137045
v 0.078185 -0.375764 0.140337
v 0.086310 -0.377349 0.140337
v 0.086099 -0.375049 0.140337
v 0.086658 -0.379490 0.140337
v 0.087183 -0.381502 0.140337
v 0.087749 -0.383182 0.140337
v 0.088222 -0.384320 0.140337
v 0.081402 -0.316330 0.140337
v 0.085984 -0.372558 0.140337
v 0.078442 -0.378729 0.140337
v 0.079704 -0.384458 0.140337
v 0.082509 -0.390792 0.140337
v 0.085916 -0.316947 0.140319
v 0.078085 -0.336122 0.145592
v 0.078085 -0.333683 0.146110
v 0.084965 -0.316330 0.140337
v 0.085678 -0.316484 0.140337
v 0.080638 -0.316484 0.140337
v 0.085240 -0.396845 0.139554
v 0.084848 -0.395471 0.140337
v 0.088867 -0.385549 0.140337
v 0.080247 -0.316947 0.163623
v 0.078085 -0.331609 0.156323
v 0.078085 -0.333683 0.157695
v 0.078085 -0.336122 0.158213
v 0.078085 -0.336097 0.163608
v 0.078155 -0.323303 0.163603
v 0.084924 -0.316944 0.139381
v 0.085665 -0.316946 0.164276
v 0.085489 -0.316604 0.164100
v 0.085916 -0.316947 0.163626
v 0.084956 -0.316484 0.164272
v 0.081242 -0.316944 0.164493
v 0.080499 -0.316945 0.164276
v 0.080787 -0.316604 0.139806
v 0.081360 -0.316484 0.139620
v 0.085665 -0.316946 0.139615
v 0.078155 -0.323303 0.140343
v 0.078084 -0.323630 0.163608
v 0.078084 -0.323630 0.140337
v 0.090687 -0.385162 0.164994
v 0.087835 -0.387160 0.164994
v 0.085838 -0.390012 0.164994
v 0.084937 -0.393376 0.164994
v 0.085240 -0.396845 0.164398
v 0.078085 -0.340634 0.147481
v 0.078085 -0.341981 0.149523
v 0.078085 -0.342473 0.151902
v 0.078085 -0.341982 0.154280
v 0.078085 -0.330262 0.149524
v 0.078085 -0.329771 0.151902
v 0.078136 -0.340466 0.156157
v 0.078085 -0.340634 0.156323
v 0.078085 -0.338561 0.157695
v 0.078085 -0.338560 0.146110
v 0.078084 -0.330262 0.154281
v 0.078142 -0.341738 0.154184
v 0.078517 -0.340192 0.155888
v 0.078517 -0.341396 0.154047
v 0.078134 -0.342220 0.151902
v 0.078142 -0.341738 0.149620
v 0.078517 -0.341396 0.149757
v 0.078136 -0.340466 0.147648
v 0.078146 -0.338462 0.146350
v 0.078517 -0.338323 0.146685
v 0.078133 -0.336122 0.145833
v 0.078146 -0.333781 0.146350
v 0.078516 -0.333921 0.146685
v 0.078135 -0.331778 0.147648
v 0.078141 -0.330506 0.149620
v 0.078516 -0.330847 0.149757
v 0.078134 -0.330024 0.151902
v 0.078141 -0.330506 0.154184
v 0.078516 -0.330847 0.154047
v 0.078135 -0.331778 0.156157
v 0.078146 -0.333781 0.157454
v 0.078516 -0.333921 0.157120
v 0.078133 -0.336122 0.157971
v 0.078146 -0.338462 0.157454
v 0.078517 -0.338323 0.157119
v 0.078085 -0.331609 0.147481
v 0.078517 -0.341833 0.151902
v 0.078752 -0.340100 0.155797
v 0.078517 -0.340192 0.147917
v 0.078517 -0.336122 0.146221
v 0.078516 -0.332052 0.147917
v 0.078516 -0.330411 0.151902
v 0.078516 -0.332052 0.155887
v 0.078517 -0.336122 0.157583
v 0.078765 -0.341277 0.153999
v 0.085537 -0.340087 0.155784
v 0.078751 -0.341705 0.151903
v 0.078764 -0.341278 0.149806
v 0.078752 -0.340100 0.148007
v 0.078764 -0.338274 0.146804
v 0.078750 -0.336122 0.146349
v 0.078765 -0.333971 0.146803
v 0.078750 -0.332143 0.148007
v 0.078764 -0.330966 0.149807
v 0.078750 -0.330539 0.151903
v 0.078765 -0.330966 0.153998
v 0.078750 -0.332143 0.155797
v 0.078765 -0.333971 0.157001
v 0.078750 -0.336122 0.157455
v 0.078765 -0.338274 0.157001
v 0.085542 -0.341260 0.153995
v 0.085536 -0.341687 0.151906
v 0.085541 -0.341262 0.149812
v 0.085537 -0.340087 0.148020
v 0.085542 -0.338270 0.146820
v 0.085534 -0.336122 0.146366
v 0.085543 -0.333977 0.146819
v 0.085534 -0.332155 0.148018
v 0.085542 -0.330980 0.149816
v 0.085535 -0.330556 0.151906
v 0.085543 -0.330982 0.153991
v 0.085534 -0.332155 0.155786
v 0.085543 -0.333977 0.156985
v 0.085534 -0.336122 0.157439
v 0.085542 -0.338270 0.156984
v 0.085702 -0.341142 0.153943
v 0.085702 -0.339996 0.155694
v 0.085450 -0.339899 0.155597
v 0.085702 -0.341557 0.151902
v 0.085702 -0.341142 0.149862
v 0.085702 -0.339996 0.148110
v 0.085702 -0.338217 0.146938
v 0.085702 -0.336122 0.146496
v 0.085702 -0.334026 0.146938
v 0.085702 -0.332248 0.148110
v 0.085702 -0.331101 0.149862
v 0.085702 -0.330686 0.151902
v 0.085702 -0.331101 0.153943
v 0.085702 -0.332248 0.155694
v 0.085702 -0.334027 0.156866
v 0.085702 -0.336122 0.157308
v 0.085702 -0.338217 0.156866
v 0.085457 -0.341424 0.151904
v 0.085448 -0.338164 0.147060
v 0.085455 -0.336122 0.146630
v 0.085456 -0.332343 0.148203
v 0.085452 -0.330821 0.151902
v 0.085456 -0.332343 0.155601
v 0.085456 -0.336122 0.157174
v 0.085448 -0.338164 0.156744
v 0.085440 -0.341017 0.153890
v 0.079162 -0.339895 0.155594
v 0.085440 -0.341017 0.149914
v 0.085450 -0.339899 0.148207
v 0.085440 -0.334078 0.147064
v 0.085439 -0.331227 0.149913
v 0.085440 -0.331227 0.153891
v 0.085440 -0.334078 0.156740
v 0.079162 -0.341012 0.153889
v 0.078541 -0.339859 0.155558
v 0.078541 -0.340964 0.153869
v 0.078541 -0.341364 0.151902
v 0.079162 -0.341416 0.151902
v 0.079162 -0.341012 0.149915
v 0.078541 -0.340964 0.149935
v 0.078541 -0.339859 0.148247
v 0.079162 -0.339895 0.148210
v 0.079162 -0.338163 0.147068
v 0.078541 -0.338143 0.147116
v 0.078541 -0.336122 0.146690
v 0.079162 -0.336122 0.146638
v 0.079162 -0.334081 0.147068
v 0.078541 -0.334101 0.147116
v 0.078541 -0.332385 0.148247
v 0.079162 -0.332348 0.148210
v 0.079162 -0.331232 0.149915
v 0.078541 -0.331280 0.149935
v 0.078541 -0.330879 0.151902
v 0.079162 -0.330828 0.151902
v 0.079162 -0.331232 0.153889
v 0.078541 -0.331280 0.153869
v 0.078541 -0.332385 0.155558
v 0.079161 -0.332348 0.155594
v 0.079162 -0.334081 0.156736
v 0.078541 -0.334101 0.156688
v 0.078541 -0.336122 0.157114
v 0.079162 -0.336122 0.157166
v 0.079162 -0.338163 0.156736
v 0.078541 -0.338143 0.156688
v 0.078188 -0.340821 0.153810
v 0.078188 -0.339748 0.155448
v 0.078023 -0.339470 0.155173
v 0.078023 -0.340460 0.153662
v 0.078023 -0.340818 0.151902
v 0.078188 -0.341209 0.151902
v 0.078188 -0.340821 0.149994
v 0.078023 -0.340460 0.150142
v 0.078023 -0.339470 0.148631
v 0.078188 -0.339748 0.148356
v 0.078187 -0.338083 0.147259
v 0.078023 -0.337933 0.147619
v 0.078023 -0.336122 0.147237
v 0.078187 -0.336122 0.146845
v 0.078187 -0.334161 0.147259
v 0.078022 -0.334311 0.147619
v 0.078022 -0.332773 0.148631
v 0.078187 -0.332496 0.148356
v 0.078187 -0.331423 0.149994
v 0.078022 -0.331784 0.150142
v 0.078022 -0.331425 0.151902
v 0.078187 -0.331035 0.151902
v 0.078187 -0.331423 0.153810
v 0.078022 -0.331784 0.153662
v 0.078022 -0.332773 0.155173
v 0.078187 -0.332496 0.155448
v 0.078187 -0.334161 0.156545
v 0.078022 -0.334311 0.156185
v 0.078023 -0.336122 0.156567
v 0.078187 -0.336122 0.156959
v 0.078187 -0.338083 0.156545
v 0.078023 -0.337933 0.156185
v 0.077968 -0.340072 0.152494
v 0.077967 -0.339021 0.149077
v 0.077967 -0.332889 0.149572
v 0.077967 -0.332172 0.152495
v 0.077967 -0.333720 0.155066
v 0.077968 -0.336122 0.155807
v 0.077968 -0.338523 0.155066
v 0.077968 -0.335537 0.147982
v 0.080247 -0.316947 0.140322
v 0.078927 -0.381658 0.140337
v 0.080867 -0.387409 0.140337
v 0.085916 -0.322727 0.140337
v 0.089431 -0.385633 0.140337
v 0.086658 -0.379490 0.163608
v 0.087749 -0.383182 0.163608
v 0.084848 -0.395471 0.163609
v 0.078085 -0.341809 0.140337
v 0.112150 -0.329086 0.681527
v 0.101463 -0.329086 0.681643
v 0.109804 -0.329086 0.681552
v 0.153919 -0.329086 0.681079
v 0.107997 -0.329086 0.681573
v 0.148767 -0.329086 0.535946
v 0.153874 -0.329086 0.535937
v 0.101419 -0.329086 0.536030
v 0.148558 -0.329086 0.535947
v 0.149038 -0.329086 0.535946
v 0.150287 -0.329086 0.708589
v 0.105278 -0.329086 0.708646
v 0.102917 -0.329086 0.707290
v 0.101470 -0.329086 0.705007
v 0.101413 -0.329086 0.517106
v 0.102768 -0.329086 0.514746
v 0.105052 -0.329086 0.513298
v 0.150061 -0.329086 0.513241
v 0.152422 -0.329086 0.514597
v 0.153869 -0.329086 0.516880
v 0.153926 -0.329086 0.704781
v 0.152571 -0.329086 0.707141
v 0.112150 -0.329086 0.681527
v 0.101463 -0.329086 0.681643
v 0.109804 -0.329086 0.681552
v 0.153919 -0.329086 0.681079
v 0.107997 -0.329086 0.681573
v 0.148767 -0.329086 0.535946
v 0.153874 -0.329086 0.535937
v 0.101419 -0.329086 0.536030
v 0.148558 -0.329086 0.535947
v 0.149038 -0.329086 0.535946
vn 0.0020 0.0047 1.0000
vn -0.0020 0.0191 0.9998
vn -0.0021 -0.0057 1.0000
vn 0.0019 -0.0218 0.9998
vn 1.0000 0.0047 -0.0007
vn 0.9998 0.0191 0.0007
vn 1.0000 -0.0058 0.0007
vn 1.0000 -0.0007 -0.0007
vn -0.0020 0.0047 -1.0000
vn 0.0020 0.0191 -0.9998
vn 0.0020 -0.0058 -1.0000
vn -0.0019 -0.0224 -0.9997
vn -1.0000 0.0047 -0.0000
vn -0.9998 0.0191 -0.0007
vn -1.0000 -0.0057 -0.0007
vn -0.9998 -0.0218 0.0007
vn 0.0010 -1.0000 -0.0007
vn 0.0041 -1.0000 0.0007
vn -0.0010 -1.0000 0.0007
vn -0.0040 -1.0000 -0.0007
vn 0.0024 1.0000 -0.0004
vn -0.0023 1.0000 -0.0015
vn -0.0024 1.0000 0.0004
vn 0.0024 1.0000 -0.0000
vn -0.0047 1.0000 0.0009
vn 0.0020 1.0000 0.0013
vn -0.0002 0.9998 -0.0180
vn 0.0001 1.0000 -0.0059
vn 0.0050 1.0000 -0.0001
vn -0.0191 0.9998 -0.0000
vn -0.0059 1.0000 -0.0000
vn -0.0018 1.0000 -0.0012
vn 0.0003 0.9999 0.0170
vn -0.0004 0.9983 0.0578
vn 0.0191 0.9998 -0.0001
vn 0.0059 1.0000 -0.0000
vn 0.0001 0.0165 -0.9999
vn -0.0026 0.0445 -0.9990
vn -0.0026 0.0156 -0.9999
vn 0.0023 0.0436 -0.9990
vn -0.9999 0.0165 -0.0000
vn -0.9990 0.0445 0.0008
vn -0.9999 0.0156 0.0008
vn -0.9990 0.0436 -0.0007
vn -0.0025 0.0165 0.9999
vn 0.0026 0.0445 0.9990
vn 0.0026 0.0156 0.9999
vn -0.0023 0.0442 0.9990
vn 0.9999 0.0165 -0.0000
vn 0.9990 0.0445 -0.0008
vn 0.9999 0.0156 -0.0008
vn 0.9990 0.0437 0.0007
vn -0.0005 0.9604 0.2788
vn 0.0004 0.9165 0.3999
vn 0.2789 0.9603 0.0002
vn 0.3999 0.9165 -0.0002
vn 0.0005 0.9603 -0.2788
vn -0.0004 0.9165 -0.4000
vn -0.2789 0.9603 -0.0002
vn -0.3999 0.9165 0.0001
vn -0.7393 0.5802 0.3417
vn -0.8808 0.4736 0.0003
vn -0.7394 0.5684 0.3609
vn 0.3419 0.5802 0.7392
vn 0.0008 0.4740 0.8805
vn 0.3610 0.5685 0.7393
vn 0.7392 0.5805 -0.3415
vn 0.8807 0.4736 -0.0003
vn 0.7392 0.5688 -0.3605
vn -0.3417 0.5803 -0.7392
vn -0.0008 0.4739 -0.8806
vn -0.3608 0.5686 -0.7392
vn 0.3510 0.8780 -0.3254
vn 0.6653 0.7466 -0.0008
vn 0.0029 0.9206 -0.3905
vn -0.3253 0.8781 -0.3510
vn -0.0025 0.7467 -0.6651
vn -0.3959 0.9183 -0.0009
vn -0.3347 0.8874 0.3169
vn -0.6692 0.7431 0.0008
vn 0.3254 0.8780 0.3510
vn 0.0007 0.8626 0.5059
vn 0.3918 0.9201 0.0009
vn 0.0015 -0.7693 0.6389
vn -0.0016 -0.6414 0.7672
vn 0.8735 -0.0001 0.4869
vn 0.8550 -0.0233 0.5180
vn -0.0016 0.4740 0.8805
vn -0.8710 -0.0004 0.4912
vn -0.7758 -0.0182 0.6307
vn -0.6479 -0.0005 0.7617
vn 0.6440 -0.7651 -0.0005
vn 0.7691 -0.6392 0.0012
vn 0.4869 -0.0001 -0.8735
vn 0.5180 -0.0234 -0.8551
vn 0.8809 0.4734 0.0005
vn -0.0034 -0.7649 -0.6441
vn 0.0033 -0.6464 -0.7630
vn -0.8735 -0.0001 -0.4869
vn -0.8597 -0.0007 -0.5109
vn 0.0016 0.4740 -0.8805
vn -0.6390 -0.7692 0.0005
vn -0.7692 -0.6390 -0.0005
vn -0.8809 0.4734 -0.0006
vn 0.0024 0.5948 -0.8039
vn -0.8047 0.5937 -0.0008
vn -0.0017 0.8489 0.5285
vn 0.8046 0.5939 0.0007
vn -0.0019 0.6390 -0.7692
vn 0.0018 0.7691 -0.6391
vn -0.7674 0.6412 0.0006
vn -0.6387 0.7694 -0.0005
vn 0.0018 0.6442 0.7649
vn -0.0041 0.7690 0.6393
vn 0.7674 0.6411 -0.0006
vn 0.6388 0.7694 0.0006
vn 0.4879 0.0045 -0.8729
vn 0.6268 0.0357 -0.7783
vn 0.7516 0.0370 -0.6586
vn -0.8729 0.0045 -0.4879
vn -0.7783 0.0352 -0.6269
vn -0.8811 0.0053 -0.4729
vn -0.4890 0.0249 0.8719
vn -0.4729 0.0046 0.8811
vn 0.8728 0.0045 0.4880
vn 0.7783 0.0352 0.6269
vn 0.6586 0.0370 0.7516
vn -0.6826 -0.5139 -0.5196
vn -0.4885 -0.0121 -0.8725
vn -0.3436 0.5850 0.7347
vn -0.3629 0.5728 0.7350
vn 0.7347 0.5851 0.3433
vn 0.7350 0.5730 0.3624
vn 0.3434 0.5852 -0.7346
vn 0.3626 0.5731 -0.7349
vn -0.7347 0.5851 -0.3434
vn -0.7350 0.5731 -0.3625
vn -0.5140 -0.6826 0.5195
vn 0.5178 -0.5229 0.6770
vn 0.6770 -0.5233 -0.5175
vn -0.2398 0.9400 0.2427
vn -0.0011 0.8706 0.4921
vn -0.4897 0.8719 0.0008
vn 0.2427 0.9400 0.2398
vn 0.4928 0.8701 0.0004
vn 0.0022 0.8727 0.4883
vn 0.2398 0.9400 -0.2427
vn 0.0011 0.8705 -0.4921
vn 0.4898 0.8719 -0.0007
vn -0.2427 0.9400 -0.2398
vn -0.4928 0.8702 -0.0004
vn -0.0021 0.8726 -0.4884
vn 0.6072 0.5065 -0.6122
vn -0.5212 0.0506 -0.8519
vn -0.6122 0.5064 -0.6072
vn -0.8558 0.0504 0.5148
vn -0.6071 0.5064 0.6124
vn -0.0026 0.4787 0.8779
vn 0.6122 0.5065 0.6072
vn 0.0054 0.4695 0.8829
vn 0.5198 0.6824 -0.5140
vn -0.5181 0.6770 -0.5227
vn -0.6825 0.5140 0.5196
vn 0.5175 0.6770 0.5232
vn 0.4840 -0.0002 0.8751
vn 0.4779 -0.0004 0.8784
vn 0.8609 -0.5087 -0.0000
vn 0.8750 -0.0002 -0.4841
vn 0.8783 -0.0004 -0.4781
vn -0.4782 -0.0004 -0.8783
vn -0.0000 0.8610 0.5086
vn -0.8596 0.0046 0.5110
vn -0.0091 1.0000 0.0002
vn 0.0089 1.0000 0.0009
vn 0.0089 1.0000 -0.0002
vn -0.0090 1.0000 -0.0000
vn 1.0000 -0.0041 0.0003
vn 0.9999 -0.0132 -0.0007
vn 1.0000 0.0024 -0.0001
vn 0.9999 0.0128 0.0003
vn -0.0115 -0.0121 0.9999
vn -0.0034 -0.0126 0.9999
vn -0.0018 0.0161 0.9999
vn -0.0097 0.0139 0.9999
vn 0.0003 -0.0015 1.0000
vn -0.0016 -0.0123 0.9999
vn 0.0311 -0.0090 0.9995
vn 0.0953 -0.0002 0.9955
vn -0.0266 -0.9996 0.0004
vn -0.0017 -1.0000 -0.0000
vn 0.0260 -0.9997 -0.0000
vn 0.0955 -0.9954 0.0004
vn -0.0063 -0.0125 -0.9999
vn -0.0189 0.0134 -0.9997
vn -0.0017 0.0158 -0.9999
vn -0.0043 -0.0133 -0.9999
vn -1.0000 -0.0069 -0.0000
vn -0.9996 -0.0273 0.0004
vn -1.0000 0.0069 0.0004
vn -0.9996 0.0274 -0.0004
vn -0.0207 -0.0023 -0.9998
vn -0.0020 -0.0002 -1.0000
vn 0.0338 -0.0058 -0.9994
vn -0.0947 -0.0212 -0.9953
vn -0.0156 -0.9999 0.0002
vn -0.0146 -0.9999 0.0008
vn -0.0150 -0.9999 -0.0002
vn -0.0158 -0.9999 -0.0000
vn -0.9999 -0.0101 0.0004
vn -0.9996 -0.0299 -0.0008
vn -1.0000 -0.0086 -0.0002
vn -0.9997 -0.0258 0.0004
vn 0.8665 0.0046 0.4991
vn 0.8657 0.0044 -0.5005
vn 0.6563 0.7545 0.0005
vn 0.0036 0.6465 0.7629
vn -0.0257 -0.6969 0.7167
vn -0.5352 -0.0129 0.8447
vn -0.5482 -0.0500 0.8348
vn 0.0033 0.8455 -0.5339
vn 0.7800 0.6257 -0.0004
vn -0.8772 -0.0424 -0.4783
vn -0.6669 -0.6000 -0.4418
vn -0.0510 -0.9119 -0.4072
vn -0.0047 0.6777 0.7353
vn 0.6670 -0.0060 0.7451
vn 0.6445 -0.7646 -0.0003
vn 0.7694 -0.6388 0.0007
vn -0.0320 -0.7053 0.7081
vn -0.7674 -0.6411 -0.0003
vn -0.6388 -0.7694 0.0003
vn -0.5445 -0.0031 0.8388
vn -0.5098 -0.0021 0.8603
vn -0.7611 -0.0102 0.6485
vn -0.6428 0.0233 0.7656
vn 0.0405 -0.7633 0.6448
vn -0.0393 -0.6446 0.7635
vn -0.0091 0.4703 -0.8825
vn 0.0001 0.4455 -0.8953
vn -0.7674 0.6412 0.0003
vn -0.6388 0.7694 -0.0003
vn 0.6675 -0.0114 -0.7446
vn 0.5592 0.0003 -0.8290
vn -0.8611 0.0003 -0.5084
vn -0.7673 0.0229 -0.6408
vn -0.6471 -0.0105 -0.7623
vn -0.0152 -0.5273 -0.8495
vn -0.0229 -0.7923 -0.6097
vn -0.4695 -0.0192 -0.8827
vn -0.5154 -0.0273 -0.8565
vn -0.0011 -0.8611 -0.5084
vn -0.5073 -0.8618 -0.0019
vn -0.0833 -0.7590 -0.6457
vn 0.0373 -0.6494 -0.7596
vn -0.8729 -0.4879 -0.0000
vn -0.8750 -0.4841 -0.0000
vn -0.6390 -0.7692 0.0007
vn -0.7640 -0.6453 -0.0003
vn -0.5170 0.6824 0.5168
vn 0.5131 -0.5203 0.6826
vn -0.6781 -0.5233 0.5161
vn -0.5235 -0.5169 0.6773
vn -0.8713 -0.0151 0.4905
vn -0.5171 0.6770 -0.5237
vn 0.8367 0.2526 -0.4860
vn 0.5124 -0.6826 -0.5211
vn -0.6825 -0.5132 -0.5204
vn -0.0100 -0.8902 -0.4555
vn -0.6839 -0.5162 -0.5156
vn 0.5013 0.0943 0.8601
vn 0.4837 0.0557 0.8735
vn 0.8414 0.2534 0.4772
vn -0.6642 -0.6036 0.4410
vn -0.8762 -0.0436 0.4801
vn 0.4834 0.0566 -0.8735
vn 0.5026 0.0986 -0.8589
vn 0.0007 0.8602 -0.5100
vn 0.0001 0.8449 -0.5350
vn -0.8731 -0.0025 -0.4875
vn -0.4711 -0.8821 -0.0000
vn -0.4637 -0.8860 -0.0000
vn -0.0000 0.1107 0.9939
vn 0.9938 0.1109 -0.0000
vn -0.0000 0.1111 -0.9938
vn -0.9939 0.1107 -0.0000
vn -0.9938 0.1107 -0.0000
vn -0.0000 1.0000 -0.0000
vn -0.0000 0.1013 -0.9949
vn 0.0001 0.1046 -0.9945
vn -0.0000 0.0981 -0.9952
vn -0.9949 0.1013 -0.0000
vn -0.9945 0.1046 -0.0000
vn -0.9952 0.0981 -0.0000
vn -0.0000 0.1010 0.9949
vn -0.0001 0.1042 0.9946
vn -0.0000 0.1011 0.9949
vn -0.0000 0.0978 0.9952
vn 0.9949 0.1014 -0.0000
vn 0.9945 0.1046 -0.0000
vn 0.9948 0.1014 -0.0000
vn 0.9952 0.0981 -0.0000
vn -0.0454 0.9986 0.0288
vn 0.0636 0.9979 0.0105
vn 0.0451 0.9986 0.0291
vn -0.0642 0.9979 0.0099
vn 0.0454 0.9986 -0.0288
vn 0.0641 0.9979 -0.0100
vn -0.0636 0.9979 -0.0105
vn -0.0451 0.9986 -0.0291
vn -0.0001 0.4186 0.9082
vn -0.0002 0.4350 0.9004
vn -0.0000 0.4018 0.9157
vn 0.9081 0.4188 -0.0000
vn 0.9004 0.4351 0.0001
vn 0.9157 0.4020 -0.0000
vn 0.0001 0.4188 -0.9081
vn 0.0002 0.4351 -0.9004
vn -0.0000 0.4021 -0.9156
vn -0.9080 0.4190 -0.0000
vn -0.9003 0.4354 -0.0001
vn -0.9156 0.4021 -0.0000
vn 0.0001 -0.2808 -0.9598
vn -0.0000 -0.3005 -0.9538
vn 0.0003 -0.2608 -0.9654
vn -0.9597 -0.2810 -0.0000
vn -0.9537 -0.3006 -0.0000
vn -0.9653 -0.2610 -0.0001
vn -0.0001 -0.2813 0.9596
vn -0.0000 -0.3009 0.9536
vn -0.0003 -0.2615 0.9652
vn 0.9597 -0.2809 -0.0000
vn 0.9538 -0.3005 -0.0000
vn 0.9654 -0.2609 0.0001
vn 0.1023 -0.9925 -0.0663
vn -0.1453 -0.9891 -0.0228
vn -0.1029 -0.9925 -0.0657
vn 0.1443 -0.9892 -0.0238
vn -0.1023 -0.9925 0.0663
vn -0.1443 -0.9892 0.0238
vn 0.1453 -0.9891 0.0228
vn 0.1029 -0.9925 0.0657
vn -0.0000 0.5143 -0.8576
vn -0.8574 0.5147 -0.0000
vn -0.8574 0.5146 -0.0000
vn -0.0000 0.5158 0.8567
vn 0.8575 0.5145 -0.0000
vn 0.0108 0.9999 -0.0069
vn -0.0104 0.9999 -0.0026
vn -0.0108 0.9999 -0.0070
vn 0.0105 0.9999 -0.0025
vn -0.0038 1.0000 0.0025
vn -0.0105 0.9999 0.0008
vn 0.0105 0.9999 0.0008
vn 0.0036 1.0000 0.0027
vn -0.7148 0.6993 -0.0000
vn -0.8415 0.5402 -0.0000
vn -0.5899 0.8075 0.0001
vn -0.0000 0.8105 0.5857
vn -0.0000 0.8075 0.5898
vn -0.0000 0.8135 0.5816
vn 0.7170 0.6970 -0.0000
vn 0.5818 0.8134 0.0001
vn 0.8423 0.5391 -0.0000
vn -0.0000 0.5866 -0.8099
vn -0.0000 0.5791 -0.8152
vn 0.0001 0.5939 -0.8045
vn -0.9745 0.2244 -0.0001
vn 0.9763 0.2164 -0.0001
vn -0.9745 -0.2245 0.0001
vn -0.0000 0.1508 0.9886
vn -0.0000 0.1481 0.9890
vn -0.0000 0.1509 0.9886
vn -0.0000 0.1536 0.9881
vn 0.9763 -0.2163 0.0001
vn -0.0000 -0.1505 -0.9886
vn -0.0000 -0.1532 -0.9882
vn -0.0000 -0.1506 -0.9886
vn -0.0000 -0.1479 -0.9890
vn -0.8416 -0.5401 -0.0000
vn 0.8422 -0.5392 -0.0000
vn -0.7149 -0.6992 -0.0000
vn -0.0000 -0.5872 0.8094
vn 0.0001 -0.5945 0.8041
vn -0.0000 -0.5797 0.8148
vn 0.7169 -0.6971 -0.0000
vn -0.0000 -0.8104 -0.5858
vn -0.0000 -0.8134 -0.5817
vn -0.0000 -0.8104 -0.5859
vn -0.0000 -0.8073 -0.5901
vn -0.5898 -0.8076 -0.0001
vn 0.5818 -0.8133 -0.0001
vn 0.0123 -0.9999 -0.0081
vn -0.0325 -0.9995 -0.0026
vn -0.0123 -0.9999 -0.0079
vn 0.0323 -0.9995 -0.0026
vn -0.0314 -0.9993 0.0204
vn -0.0316 -0.9995 0.0077
vn 0.0318 -0.9995 0.0076
vn 0.0312 -0.9993 0.0202
vn -0.0000 -0.0000 -1.0000
vn -1.0000 -0.0000 -0.0000
vn -0.0000 -0.0000 1.0000
vn 1.0000 -0.0000 -0.0000
vn 1.0000 -0.0001 -0.0000
vn 0.0131 0.9999 -0.0086
vn -0.0187 0.9998 -0.0030
vn -0.0132 0.9999 -0.0086
vn 0.0188 0.9998 -0.0030
vn -0.0133 0.9999 0.0085
vn -0.0188 0.9998 0.0030
vn 0.0187 0.9998 0.0031
vn 0.0132 0.9999 0.0086
vn -0.0000 0.0183 -0.9998
vn -0.0000 0.0170 -0.9999
vn -0.0000 0.0181 -0.9998
vn -0.0000 0.0194 -0.9998
vn -0.9998 0.0182 -0.0000
vn -0.9999 0.0167 -0.0000
vn -0.9998 0.0180 -0.0000
vn -0.9998 0.0193 -0.0000
vn -0.0000 0.0177 0.9998
vn -0.0000 0.0166 0.9999
vn -0.0000 0.0188 0.9998
vn 0.9998 0.0186 -0.0000
vn 0.9999 0.0171 -0.0000
vn 0.9998 0.0180 -0.0000
vn 0.9998 0.0193 -0.0000
vn -0.0000 -0.6086 -0.7935
vn -0.0000 -0.6165 -0.7873
vn -0.0000 -0.6004 -0.7997
vn -0.7925 -0.6098 -0.0000
vn -0.7863 -0.6178 -0.0000
vn -0.7988 -0.6017 -0.0000
vn -0.0000 -0.6103 0.7922
vn -0.0000 -0.6176 0.7865
vn -0.0000 -0.6029 0.7978
vn 0.7934 -0.6087 -0.0000
vn 0.7880 -0.6157 -0.0000
vn 0.7988 -0.6016 -0.0000
vn 0.0006 -1.0000 -0.0006
vn -0.0006 -1.0000 -0.0006
vn 0.0017 -1.0000 -0.0002
vn -0.0008 -1.0000 0.0010
vn -0.0006 -1.0000 0.0006
vn 0.0017 -1.0000 0.0005
vn 0.0017 -1.0000 0.0010
vn -0.0000 -0.3711 -0.9286
vn 0.0001 -0.4062 -0.9138
vn -0.9125 -0.4091 -0.0000
vn -0.9139 -0.4059 -0.0000
vn 0.0001 -0.3721 0.9282
vn 0.0001 -0.4132 0.9106
vn 0.0001 -0.3722 0.9282
vn -0.0000 -0.3287 0.9444
vn 0.9281 -0.3725 -0.0000
vn 0.9108 -0.4128 -0.0000
vn 0.9280 -0.3725 -0.0000
vn 0.9440 -0.3298 -0.0000
vn -0.0000 -0.3324 -0.9431
vn -0.9110 -0.4124 -0.0000
vn 0.0732 -0.9967 -0.0358
vn -0.1102 -0.9937 -0.0212
vn -0.1090 -0.9918 -0.0670
vn 0.1518 -0.9881 -0.0240
vn -0.0732 -0.9967 0.0358
vn -0.1517 -0.9881 0.0240
vn 0.1102 -0.9937 0.0212
vn 0.1090 -0.9918 0.0670
vn 0.0288 -0.9994 -0.0174
vn -0.0403 -0.9992 -0.0060
vn -0.0287 -0.9994 0.0175
vn 0.0403 -0.9992 0.0060
vn -0.0000 -0.7669 0.6418
vn -0.0000 -0.6492 0.7606
vn 0.0001 -0.8454 0.5342
vn 0.0001 -0.8500 0.5268
vn 0.6421 -0.7667 -0.0000
vn 0.7608 -0.6490 -0.0000
vn 0.5342 -0.8453 -0.0000
vn 0.5267 -0.8500 -0.0000
vn -0.0000 -0.7669 -0.6418
vn -0.0000 -0.6491 -0.7607
vn -0.0001 -0.8454 -0.5342
vn -0.0001 -0.8499 -0.5269
vn -0.6420 -0.7667 -0.0000
vn -0.7607 -0.6491 -0.0000
vn -0.5342 -0.8454 -0.0000
vn -0.5270 -0.8499 -0.0000
vn -0.0000 -0.2950 0.9555
vn -0.0000 -0.1324 0.9912
vn 0.9556 -0.2945 -0.0000
vn 0.9912 -0.1323 -0.0000
vn -0.0000 -0.2946 -0.9556
vn -0.0000 -0.1324 -0.9912
vn -0.9557 -0.2944 -0.0000
vn -0.9912 -0.1323 -0.0000
vn -0.0000 0.0767 0.9971
vn 0.0005 0.1542 0.9880
vn 0.9970 0.0768 -0.0000
vn 0.9880 0.1543 -0.0005
vn -0.0000 0.0767 -0.9971
vn -0.0005 0.1543 -0.9880
vn -0.9971 0.0766 -0.0000
vn -0.9881 0.1539 0.0005
vn -0.0000 0.3059 0.9521
vn -0.0000 0.3967 0.9179
vn 0.9521 0.3058 -0.0000
vn 0.9180 0.3965 -0.0000
vn -0.0000 0.3059 -0.9521
vn -0.0000 0.3968 -0.9179
vn -0.9521 0.3056 -0.0000
vn -0.9180 0.3966 -0.0000
vn -0.0000 0.4903 0.8716
vn -0.0000 0.4907 0.8713
vn 0.8717 0.4901 -0.0000
vn 0.8713 0.4907 -0.0000
vn -0.0000 0.4901 -0.8717
vn -0.0000 0.4907 -0.8714
vn -0.8717 0.4900 -0.0000
vn -0.8713 0.4907 -0.0000
vn -0.0554 0.9980 0.0304
vn 0.1240 0.9921 0.0202
vn -0.0000 0.8977 0.4405
vn -0.0000 0.8963 0.4435
vn 0.0555 0.9980 -0.0304
vn 0.4405 0.8978 -0.0000
vn 0.4434 0.8963 -0.0000
vn -0.1239 0.9921 -0.0202
vn -0.0000 0.8977 -0.4407
vn -0.0000 0.8962 -0.4436
vn -0.4406 0.8977 -0.0000
vn -0.4436 0.8962 -0.0000
vn -0.0050 1.0000 0.0032
vn 0.0070 1.0000 0.0012
vn 0.0051 1.0000 -0.0031
vn -0.0071 1.0000 -0.0011
vn -0.9999 0.0151 -0.0008
vn -0.8839 0.0066 -0.4677
vn -0.8833 0.0001 -0.4689
vn -1.0000 0.0001 -0.0004
vn -0.4125 0.0042 -0.9110
vn -0.0018 0.0050 -1.0000
vn -0.0061 -0.0019 -1.0000
vn 1.0000 0.0016 -0.0017
vn 1.0000 0.0065 -0.0000
vn 1.0000 -0.0000 -0.0001
vn 1.0000 0.0018 0.0011
vn 0.8859 0.0108 0.4638
vn 1.0000 -0.0032 0.0023
vn 0.4375 -0.0004 0.8992
vn 0.0004 0.0040 1.0000
vn 0.0019 -0.0000 1.0000
vn 0.4515 -0.0007 0.8923
vn -0.0010 -0.0007 1.0000
vn -0.4401 -0.0008 0.8979
vn -0.4646 -0.0013 0.8855
vn -0.8832 0.0115 0.4688
vn -1.0000 0.0089 0.0006
vn -1.0000 -0.0019 0.0022
vn -0.3213 0.0041 0.9470
vn -0.3248 0.0128 0.9457
vn -0.0063 0.0052 1.0000
vn -0.0060 0.0096 0.9999
vn 0.3249 0.0023 -0.9458
vn 0.3160 0.0103 -0.9487
vn 0.0057 0.0026 -1.0000
vn 0.0056 0.0032 -1.0000
vn -0.9444 0.0027 -0.3287
vn -0.9487 0.0109 -0.3161
vn -0.9998 0.0031 -0.0203
vn -1.0000 0.0035 -0.0011
vn 0.9492 0.0022 0.3148
vn 0.9487 0.0109 0.3160
vn 1.0000 0.0030 0.0060
vn 0.9997 0.0227 0.0058
vn 0.0791 0.9939 0.0766
vn 0.0004 1.0000 -0.0000
vn 0.0004 0.9994 0.0360
vn -0.0802 0.9929 -0.0881
vn -0.0321 0.9995 -0.0002
vn -0.0000 1.0000 -0.0001
vn -0.0008 0.9991 0.0425
vn -0.0015 1.0000 -0.0000
vn -0.0823 0.9927 0.0885
vn 1.0000 0.0001 -0.0000
vn 1.0000 0.0044 -0.0003
vn 0.9994 0.0360 -0.0004
vn 0.9999 0.0122 0.0036
vn 0.9998 0.0165 -0.0085
vn 0.9994 0.0198 -0.0270
vn -1.0000 0.0022 0.0001
vn -0.9993 0.0244 -0.0269
vn -1.0000 0.0059 0.0002
vn 0.0017 0.0162 -0.9999
vn 0.3465 0.0114 -0.9380
vn 0.0006 0.3886 -0.9214
vn 0.0030 0.9485 -0.3166
vn 0.4725 0.8535 -0.2197
vn 0.4524 0.8918 -0.0075
vn 0.0006 1.0000 -0.0083
vn 0.3458 0.7643 0.5442
vn 0.9096 0.4154 0.0068
vn 0.9848 0.0109 0.1734
vn 0.9996 0.0254 0.0101
vn 0.9999 0.0100 -0.0093
vn 0.9299 0.0077 -0.3676
vn 0.9112 0.4119 -0.0035
vn 0.9997 0.0224 -0.0010
vn 0.8927 0.0595 -0.4466
vn 0.7976 0.2799 -0.5344
vn 0.8364 0.5113 -0.1974
vn 0.9095 0.4034 -0.1004
vn 0.3617 0.9323 -0.0004
vn 0.0005 0.9482 -0.3176
vn 0.0097 0.9999 -0.0040
vn -0.0071 0.9999 0.0072
vn -0.3580 0.9337 0.0017
vn -0.0069 1.0000 -0.0000
vn -0.3106 0.9505 -0.0000
vn -0.0002 0.9311 0.3647
vn -0.0069 1.0000 0.0009
vn 0.0051 1.0000 -0.0045
vn 0.3122 0.9500 -0.0004
vn 0.0088 1.0000 -0.0000
vn -0.9489 0.3157 -0.0001
vn 0.9377 0.0052 -0.3473
vn 1.0000 0.0051 -0.0076
vn 0.0373 0.3643 0.9305
vn 0.0118 0.0098 0.9999
vn 0.0009 0.0049 1.0000
vn 0.0583 0.6156 -0.7859
vn 0.1795 0.6683 -0.7219
vn 0.0010 0.6107 -0.7918
vn 0.5609 0.4995 -0.6602
vn -0.7635 0.3991 -0.5077
vn -0.8539 0.3259 -0.4058
vn -0.5409 0.5170 -0.6634
vn 0.9425 0.3343 0.0001
vn -0.9488 0.3159 0.0001
vn 0.3461 0.0057 0.9382
vn 0.0055 0.3176 0.9482
vn 0.0096 0.0047 0.9999
vn -0.9999 0.0112 0.0066
vn -0.8702 0.4192 0.2590
vn -0.9452 0.0093 0.3264
vn 0.9409 0.0054 -0.3386
vn 0.9436 0.3311 -0.0017
vn 1.0000 0.0042 -0.0026
vn -0.2588 0.4185 0.8706
vn 0.0054 0.3182 -0.9480
vn -0.9486 0.3166 -0.0014
vn 0.0806 0.4033 0.9115
vn 0.2793 0.4218 0.8626
vn 0.3312 0.0067 0.9435
vn 0.0387 0.0065 0.9992
vn 0.8650 0.4206 0.2736
vn 0.9539 0.3002 0.0015
vn 0.9535 0.3015 -0.0037
vn 0.8648 0.4211 -0.2733
vn 0.9448 0.0054 -0.3275
vn 1.0000 0.0068 -0.0025
vn 0.2733 0.4214 -0.8647
vn 0.0055 0.3642 -0.9313
vn -0.0104 0.4006 -0.9162
vn -0.2795 0.4215 -0.8627
vn -0.3221 0.0075 -0.9467
vn -0.0058 0.0100 -0.9999
vn -0.8652 0.4202 -0.2735
vn -0.9442 0.3293 -0.0037
vn 0.0001 1.0000 0.0084
vn -0.0028 0.9143 0.4051
vn -0.0082 1.0000 -0.0010
vn -0.0039 0.9240 -0.3823
vn -0.3143 0.9493 -0.0000
vn 0.3167 0.9485 0.0006
vn 0.0081 1.0000 -0.0015
vn 0.0001 1.0000 -0.0078
vn 0.0019 0.9482 -0.3178
vn 0.0035 1.0000 0.0032
vn 0.0007 0.9222 0.3868
vn 0.3102 0.9507 0.0003
vn -0.3158 0.9488 -0.0008
vn -0.0080 1.0000 0.0016
vn 0.3178 0.9481 0.0002
vn 0.0015 0.9485 0.3166
vn -0.3247 0.9458 -0.0002
vn -0.0010 0.9399 -0.3414
vn 0.0984 0.9901 -0.1000
vn 0.2506 0.9346 -0.2524
vn 0.0042 0.9482 -0.3176
vn 0.0001 0.9979 -0.0646
vn 0.3114 0.9503 -0.0014
vn 0.0014 1.0000 -0.0000
vn -0.0010 0.9407 0.3393
vn -0.3319 0.9433 0.0005
vn 0.0053 0.7360 -0.6770
vn 0.0089 0.8712 -0.4908
vn 0.3412 0.9400 -0.0009
vn 0.0049 1.0000 -0.0007
vn 0.0043 0.9767 -0.2147
vn 0.3698 0.8331 -0.4113
vn 0.8966 0.4324 -0.0950
vn 0.9371 0.3490 -0.0002
vn 0.9391 0.3148 -0.1376
vn -0.9398 0.3418 -0.0002
vn -0.9384 0.3312 -0.0988
vn -1.0000 0.0021 -0.0000
vn -0.9246 0.3433 -0.1649
vn -0.9998 0.0138 -0.0115
vn -0.9466 0.3137 -0.0744
vn -0.8750 0.4842 -0.0004
vn -0.9071 0.3733 -0.1944
vn 0.9328 0.2374 -0.2711
vn 0.9416 0.2159 -0.2585
vn -0.9257 0.2963 -0.2349
vn 1.0000 0.0018 -0.0002
vn -0.9453 0.0044 0.3262
vn -0.9998 0.0203 0.0066
vn -0.3284 0.0026 -0.9445
vn -0.0061 0.0026 -1.0000
vn 0.0009 0.3741 0.9274
vn -0.0004 0.9251 -0.3796
vn 0.0045 1.0000 -0.0041
vn 0.0001 0.0016 -1.0000
vn -0.0008 -0.0012 -1.0000
vn 0.4988 -0.0276 -0.8663
vn 1.0000 0.0086 -0.0016
vn -0.0000 0.3740 0.9274
vn 0.0001 0.3526 0.9358
vn -0.0006 0.0149 0.9999
vn 0.0001 1.0000 -0.0046
vn 0.0001 0.0066 -1.0000
vn 0.0002 0.0751 -0.9972
vn -1.0000 -0.0036 -0.0001
vn -1.0000 0.0020 -0.0004
vn -1.0000 -0.0019 0.0020
vn -1.0000 0.0079 -0.0000
vn 1.0000 -0.0002 -0.0000
vn 0.0005 0.3838 -0.9234
vn 0.0003 0.3666 -0.9304
vn 0.0051 0.0191 -0.9998
vn 0.0001 1.0000 0.0035
vn 0.2507 0.9593 0.1298
vn 0.0059 0.9999 0.0083
vn -0.3157 0.9489 -0.0022
vn -0.0220 0.9998 -0.0026
vn 0.9281 0.3723 -0.0002
vn -0.0012 0.6109 -0.7917
vn -0.0002 0.6299 -0.7767
vn -0.0025 0.6267 -0.7793
vn -0.0006 0.7417 -0.6707
vn -0.0004 0.7883 -0.6153
vn -0.0001 0.8710 -0.4912
vn 0.0001 0.9099 -0.4149
vn -0.0025 0.9093 -0.4161
vn -0.0048 0.9776 -0.2103
vn 0.3670 0.9302 0.0001
vn 1.0000 0.0049 0.0050
vn -0.0001 0.9840 -0.1782
vn -0.0003 0.9665 -0.2566
vn -0.0045 1.0000 -0.0006
vn 0.0084 1.0000 -0.0006
vn -0.0033 0.7820 -0.6232
vn 0.4626 0.8866 -0.0007
vn 0.0028 1.0000 0.0045
vn -1.0000 0.0038 -0.0000
vn -1.0000 -0.0001 -0.0000
vn -1.0000 -0.0005 -0.0000
vn -1.0000 -0.0003 -0.0000
vn 0.0002 0.3315 -0.9435
vn 0.0003 0.9480 0.3184
vn 0.9999 0.0169 -0.0000
vn -1.0000 -0.0055 -0.0000
vn -1.0000 0.0025 -0.0000
vn 1.0000 0.0085 -0.0016
vn -0.0545 -0.9985 -0.0000
vn -0.0568 -0.9984 -0.0000
vn -0.0521 -0.9986 -0.0000
vn -0.0367 0.0013 -0.9993
vn -0.0395 0.0019 -0.9992
vn -0.0368 0.0013 -0.9993
vn -0.0342 0.0006 -0.9994
vn -0.0540 0.9985 -0.0000
vn -0.0520 0.9986 -0.0000
vn -0.0539 0.9985 -0.0000
vn -0.0558 0.9984 -0.0000
vn -0.0267 0.0011 0.9996
vn -0.0307 0.0001 0.9995
vn -0.0270 0.0010 0.9996
vn -0.0233 0.0019 0.9997
vn -0.9221 -0.3869 -0.0001
vn -0.9201 0.3917 -0.0001
vn -0.8424 0.0021 0.5388
vn -0.8680 0.0007 0.4966
vn -0.8424 0.0021 0.5389
vn -0.8129 0.0037 0.5824
vn 0.9990 0.0166 -0.0418
vn -0.0014 0.0065 -1.0000
vn 0.0014 0.0259 -0.9997
vn 0.0014 -0.0065 -1.0000
vn -0.0014 -0.0259 -0.9997
vn -0.0033 0.9868 0.1622
vn -0.0015 0.9854 0.1704
vn 0.0008 0.9855 0.1698
vn 0.0069 0.9867 0.1625
vn 0.9999 -0.0039 -0.0109
vn 0.9997 0.0254 -0.0008
vn 1.0000 0.0021 -0.0011
vn 1.0000 -0.0042 -0.0016
vn 0.0032 -1.0000 -0.0052
vn 0.0015 -1.0000 -0.0011
vn -0.0008 -1.0000 -0.0017
vn -0.0109 -0.9999 -0.0051
vn -0.9999 -0.0088 -0.0056
vn -1.0000 -0.0045 -0.0010
vn -1.0000 0.0021 -0.0013
vn -0.9997 0.0256 -0.0006
vn -0.3648 0.0110 -0.9310
vn -0.0031 0.6351 -0.7724
vn -0.7721 0.0061 -0.6355
vn -0.5935 0.5864 -0.5512
vn -0.0034 -0.7610 -0.6488
vn -0.2386 -0.0104 -0.9711
vn -0.5715 -0.5803 -0.5802
vn -0.6364 -0.0061 -0.7713
vn 0.3648 -0.0110 -0.9310
vn 0.0032 -0.6353 -0.7723
vn 0.7749 -0.0081 -0.6320
vn 0.5772 -0.5774 -0.5775
vn 0.0034 0.7609 -0.6488
vn 0.2386 0.0104 -0.9711
vn 0.5831 0.5913 -0.5571
vn 0.6364 0.0061 -0.7713
vn -0.0048 0.9307 -0.3658
vn -0.6419 0.7580 0.1155
vn 0.6481 0.7529 0.1149
vn 0.0044 0.9707 -0.2402
vn 0.9225 0.0128 -0.3857
vn 0.9293 -0.3691 -0.0121
vn 0.6312 -0.7755 -0.0092
vn 0.0044 -0.9310 -0.3651
vn -0.7634 -0.6458 -0.0112
vn -0.0042 -0.9714 -0.2375
vn -0.9309 -0.0110 -0.3651
vn -0.9707 0.0113 -0.2398
vn -0.3910 0.9065 0.1594
vn -0.7637 0.6356 0.1133
vn 0.9521 0.3001 0.0578
vn 0.7567 0.6439 0.1129
vn 0.3891 -0.9212 0.0032
vn 0.7693 -0.6389 0.0010
vn -0.9213 -0.3889 0.0032
vn -0.6403 -0.7682 0.0012
vn 0.0009 -0.0033 1.0000
vn 0.0009 0.0126 0.9999
vn -0.0015 0.0032 1.0000
vn -0.0014 -0.0133 0.9999
vn 0.0014 -0.9864 -0.1641
vn -0.0044 -0.9863 -0.1648
vn -0.0011 -0.9854 -0.1701
vn -0.0004 -0.9857 -0.1686
vn -1.0000 -0.0034 0.0010
vn -0.9999 -0.0031 0.0138
vn -1.0000 0.0021 0.0039
vn -1.0000 0.0091 0.0025
vn -0.0009 1.0000 0.0034
vn 0.0038 1.0000 0.0021
vn 0.0011 1.0000 0.0019
vn 0.0004 1.0000 0.0035
vn 1.0000 0.0015 0.0044
vn 1.0000 -0.0055 0.0027
vn 1.0000 -0.0035 0.0018
vn 0.9999 0.0106 0.0056
vn 0.0021 -0.5423 0.8402
vn 0.3088 -0.0062 0.9511
vn 0.4747 -0.4340 0.7657
vn 0.5203 -0.0049 0.8540
vn 0.1852 0.0025 0.9827
vn 0.0073 0.7013 0.7128
vn 0.8700 0.0058 0.4931
vn -0.0018 0.8476 0.5306
vn -0.1694 0.0086 0.9855
vn -0.4527 0.5038 0.7357
vn -0.1532 -0.0043 0.9882
vn -0.0047 -0.5600 0.8285
vn -0.4182 -0.4988 0.7591
vn 0.4493 -0.8810 0.1482
vn 0.0019 -0.9857 0.1686
vn 0.4940 -0.8573 -0.1451
vn -0.4243 -0.8893 0.1703
vn -0.5386 -0.8311 -0.1386
vn -0.0009 -0.9882 0.1532
vn -0.9767 -0.2120 -0.0324
vn -0.9455 -0.2063 0.2520
vn -0.8408 -0.0032 0.5413
vn -0.8469 0.0031 0.5317
vn -0.9588 0.2840 0.0056
vn -0.8852 0.2533 0.3901
vn -0.5685 0.8227 0.0041
vn 0.0009 0.9812 0.1929
vn 0.5227 0.8525 0.0083
vn 0.8860 0.4636 0.0083
vn 0.9914 -0.0017 0.1310
vn 0.9489 -0.2422 0.2022
vn -0.4614 -0.8743 -0.1503
vn 0.4933 -0.8572 -0.1477
vn 0.4439 -0.8832 -0.1514
vn -0.7469 0.6649 0.0032
vn -0.9024 -0.4245 -0.0736
vn 0.4473 0.8944 0.0022
vn -0.5012 0.8653 0.0019
vn 0.9298 -0.3628 -0.0615
vn 0.9007 0.4345 0.0018
vn 0.0005 -0.0744 0.9972
vn -0.0003 -0.1831 0.9831
vn 0.0002 0.0485 0.9988
vn 0.0002 0.1502 0.9887
vn -0.0710 -0.0013 0.9975
vn -0.1737 0.0007 0.9848
vn 0.0498 -0.0005 0.9988
vn 0.1524 -0.0005 0.9883
vn -0.0005 0.0732 0.9973
vn 0.0002 0.1788 0.9839
vn -0.0002 -0.0505 0.9987
vn -0.0002 -0.1552 0.9879
vn 0.0727 0.0013 0.9974
vn 0.1747 -0.0007 0.9846
vn -0.0497 0.0005 0.9988
vn -0.1561 0.0004 0.9877
vn 0.0006 0.5729 0.8196
vn 0.0005 0.4135 0.9105
vn 0.0009 0.7473 0.6644
vn 0.8280 -0.0030 0.5607
vn -0.0009 -0.8237 0.5670
vn -0.8308 0.0027 0.5565
vn 0.3959 0.9046 0.1580
vn 0.6910 0.5452 0.4746
vn -0.3647 0.7609 0.5367
vn -0.5881 0.6134 0.5271
vn 0.9660 -0.2585 -0.0008
vn 0.5756 -0.7163 0.3944
vn 0.8326 0.3194 0.4526
vn -0.3171 -0.9484 0.0018
vn -0.7163 -0.5756 0.3944
vn 0.3378 -0.8499 0.4043
vn -0.9494 0.3091 0.0557
vn -0.8500 -0.3377 0.4043
vn 0.0004 -0.9705 0.2413
vn -0.9212 -0.0010 0.3891
vn 0.0019 0.9235 0.3836
vn 0.9286 0.0011 0.3710
vn -0.5164 -0.8154 0.2616
vn -0.7880 0.5020 0.3564
vn 0.8019 -0.5043 0.3205
vn 0.0007 -0.4979 0.8672
vn 0.2786 -0.0013 0.9604
vn 0.3943 -0.0008 0.9190
vn -0.4754 -0.0020 0.8798
vn -0.0004 -0.2798 0.9600
vn -0.0003 -0.3994 0.9168
vn -0.0006 0.4765 0.8792
vn -0.2867 0.0011 0.9580
vn -0.3982 0.0007 0.9173
vn 0.4731 0.0019 0.8810
vn -0.2620 -0.4300 0.8640
vn -0.2535 -0.5422 0.8011
vn 0.4356 -0.2653 0.8602
vn -0.4115 0.2539 0.8754
vn -0.5211 0.2429 0.8182
vn 0.2543 0.4123 0.8748
vn 0.2435 0.5222 0.8173
vn 0.5434 -0.2573 0.7990
vn 0.0045 0.9851 0.1721
vn 0.4128 0.8973 0.1567
vn 0.2888 0.9431 0.1645
vn 0.0010 0.9852 0.1714
vn 0.7659 0.6333 0.1109
vn 0.6403 0.7568 0.1314
vn 0.9999 -0.0136 0.0006
vn 0.9110 -0.4123 -0.0003
vn 0.9566 -0.2914 -0.0002
vn 1.0000 -0.0031 -0.0004
vn 0.6428 -0.7661 0.0003
vn 0.7661 -0.6427 -0.0003
vn -0.0046 -1.0000 0.0006
vn -0.4122 -0.9111 -0.0003
vn -0.2914 -0.9566 -0.0002
vn -0.0011 -1.0000 -0.0000
vn -0.7661 -0.6427 0.0003
vn -0.6428 -0.7660 -0.0003
vn -0.9999 0.0120 0.0003
vn -1.0000 0.0032 -0.0000
vn -0.9613 0.2716 0.0474
vn -0.9126 0.4030 0.0693
vn -0.7639 0.6358 0.1110
vn -0.6378 0.7591 0.1303
vn -0.0043 0.9853 0.1708
vn -0.0010 0.9852 0.1714
vn 0.9999 0.0119 0.0001
vn 1.0000 0.0031 -0.0002
vn 0.0046 -1.0000 -0.0006
vn 0.0011 -1.0000 -0.0000
vn -1.0000 -0.0065 -0.0005
vn -1.0000 -0.0068 0.0008
vn -0.3478 0.9241 0.1582
vn -0.3477 0.9238 0.1602
vn 0.9131 0.4017 0.0696
vn 0.9612 0.2718 0.0473
vn 0.4122 -0.9111 0.0003
vn 0.2912 -0.9566 0.0002
vn -0.9125 -0.4090 0.0003
vn -0.9566 -0.2913 0.0002
vn -0.0028 -0.9853 -0.1711
vn -0.0008 -0.9852 -0.1716
vn -0.2565 -0.9522 -0.1660
vn -0.3709 -0.9150 -0.1589
vn -0.6423 -0.7552 -0.1309
vn -0.7629 -0.6371 -0.1102
vn -1.0000 0.0084 0.0005
vn -1.0000 0.0023 -0.0002
vn -0.9662 0.2576 -0.0012
vn -0.9272 0.3746 0.0002
vn -0.7609 0.6488 -0.0002
vn -0.6490 0.7608 0.0002
vn 0.0028 1.0000 0.0005
vn 0.0007 1.0000 -0.0002
vn 0.2577 0.9662 -0.0012
vn 0.3746 0.9272 0.0002
vn 0.6490 0.7608 -0.0002
vn 0.7611 0.6487 0.0002
vn 0.9683 -0.2460 -0.0427
vn 1.0000 -0.0020 -0.0001
vn 1.0000 -0.0074 -0.0015
vn 0.9297 -0.3628 -0.0632
vn 0.8671 -0.4908 -0.0856
vn 0.8691 -0.4873 -0.0852
vn 0.0007 -0.9852 -0.1716
vn 0.0028 -0.9851 -0.1721
vn -1.0000 -0.0020 -0.0002
vn -1.0000 -0.0075 -0.0015
vn -0.0008 1.0000 0.0002
vn -0.0028 1.0000 -0.0005
vn 1.0000 0.0043 0.0003
vn 1.0000 0.0046 0.0005
vn 0.3090 -0.9369 -0.1633
vn 0.3024 -0.9389 -0.1643
vn 0.4994 -0.8535 -0.1487
vn 0.4922 -0.8576 -0.1489
vn -0.9685 -0.2453 -0.0425
vn -0.9285 -0.3658 -0.0634
vn -0.2577 0.9662 0.0012
vn -0.3746 0.9272 -0.0002
vn 0.9662 0.2578 0.0013
vn 0.9253 0.3791 0.0001
vn 0.0008 0.2508 -0.9680
vn 0.1154 0.1709 -0.9785
vn 0.0027 0.2152 -0.9766
vn -0.0002 -0.1160 0.9932
vn -0.0009 -0.3560 0.9345
vn -0.0894 -0.1353 0.9868
vn -0.0429 -0.0801 0.9959
vn 0.0845 -0.0009 -0.9964
vn 0.0476 -0.0456 -0.9978
vn 0.0449 -0.0019 -0.9990
vn 0.0564 -0.0027 0.9984
vn 0.0485 -0.0019 0.9988
vn 0.0010 -0.0440 0.9990
vn 0.0457 -0.0476 0.9978
vn -0.0003 -0.1128 -0.9936
vn -0.0456 -0.0483 -0.9978
vn -0.0010 -0.0440 -0.9990
vn -0.0006 -0.0696 0.9976
vn -0.0004 -0.0484 0.9988
vn -0.0243 -0.0035 0.9997
vn -0.0486 -0.0456 0.9978
vn -0.0966 0.0018 -0.9953
vn -0.0841 0.0990 -0.9915
vn -0.0033 0.0023 -1.0000
vn -0.0456 0.0740 -0.9962
vn -0.0812 0.1225 -0.9891
vn 0.1106 -0.0094 0.9938
vn 0.1819 -0.1959 0.9636
vn 0.0007 -0.0232 0.9997
vn -0.0690 -0.0017 0.9976
vn 0.0012 -0.2524 0.9676
vn -0.0016 0.0558 -0.9984
vn -0.0005 0.2312 -0.9729
vn -0.0432 -0.0038 0.9991
vn 0.1206 -0.0025 0.9927
vn 0.0537 0.0061 -0.9985
vn 0.0695 0.0012 -0.9976
vn 0.0003 -0.1127 0.9936
vn 0.0004 -0.0484 -0.9988
vn 0.0006 -0.0695 -0.9976
vn -0.1337 -0.0022 0.9910
vn -0.0467 -0.0010 -0.9989
vn -0.0765 -0.0011 -0.9971
vn 0.1061 0.1048 -0.9888
vn -0.0590 -0.1592 -0.9855
vn -0.0006 -0.4109 -0.9117
vn -0.0127 -0.5444 -0.8387
vn -0.0010 -0.6838 0.7297
vn -0.1714 -0.4526 0.8751
vn -0.2575 -0.2055 -0.9442
vn -0.2810 0.1006 -0.9544
vn -0.3569 0.0544 -0.9326
vn -0.2810 0.1007 -0.9544
vn -0.5353 0.0114 0.8446
vn -0.5076 0.0021 0.8616
vn -0.3191 0.1080 0.9415
vn -0.2159 0.1385 -0.9665
vn -0.4626 0.3238 0.8253
vn -0.5546 0.4179 0.7195
vn 0.1006 0.2805 -0.9546
vn 0.0546 0.3559 -0.9329
vn 0.1007 0.2805 -0.9546
vn 0.0076 0.5124 0.8587
vn 0.0007 0.5128 0.8585
vn 0.1078 0.3190 0.9416
vn 0.1383 0.2159 -0.9666
vn 0.3247 0.4641 0.8242
vn 0.4188 0.5562 0.7178
vn 0.2858 -0.1082 -0.9522
vn 0.5033 -0.0009 -0.8641
vn 0.5174 -0.0024 0.8557
vn 0.3651 -0.1492 0.9189
vn -0.1965 0.0858 0.9767
vn -0.0001 0.1005 0.9949
vn -0.0003 0.0811 0.9967
vn 0.0006 -0.7008 0.7134
vn -0.0000 0.3402 -0.9403
vn -0.0000 0.3466 -0.9380
vn 0.0005 -0.3213 -0.9470
vn 0.3204 -0.0010 0.9473
vn 0.4056 -0.0004 0.9140
vn -0.5382 -0.0017 0.8428
vn 0.2649 -0.0007 -0.9643
vn -0.4781 0.0003 -0.8783
vn -0.4688 -0.0017 -0.8833
vn -0.4645 -0.0167 -0.8854
vn -0.8903 0.0033 -0.4554
vn -0.0000 -0.2482 0.9687
vn -0.0000 -0.2608 0.9654
vn -0.0001 0.5161 0.8565
vn -0.0012 0.8985 0.4390
vn -0.0000 -0.2483 -0.9687
vn -0.0000 -0.2615 -0.9652
vn 0.0001 0.5168 -0.8561
vn -0.0007 0.5136 -0.8581
vn -0.0076 0.5131 -0.8583
vn 0.0012 0.9002 -0.4355
vn -0.3251 -0.0010 0.9457
vn -0.2553 -0.0005 0.9669
vn 0.5259 0.0001 0.8505
vn 0.9119 0.0035 0.4103
vn -0.2457 -0.0006 -0.9694
vn 0.5088 0.0021 -0.8609
vn 0.5033 0.0112 -0.8641
vn -0.0480 0.2424 0.9690
vn 0.1834 -0.4724 0.8621
vn 0.0824 -0.1784 -0.9805
vn -0.4935 0.7556 0.4307
vn -0.3664 -0.1465 0.9189
vn -0.2824 -0.0937 -0.9547
vn -0.1007 0.2807 0.9545
vn -0.0545 0.3562 0.9328
vn -0.1008 0.2808 0.9545
vn -0.1081 0.3196 -0.9414
vn -0.1387 0.2159 0.9665
vn -0.3240 0.4631 -0.8249
vn -0.4176 0.5547 -0.7197
vn 0.2859 0.0978 0.9533
vn 0.3619 0.0510 0.9308
vn 0.2859 0.0980 0.9532
vn 0.3206 0.1134 -0.9404
vn 0.2163 0.1387 0.9664
vn 0.4636 0.3243 -0.8246
vn 0.5560 0.4185 -0.7181
vn -0.2207 -0.0162 -0.9752
vn -0.0391 -0.0059 -0.9992
vn -0.2244 -0.0282 -0.9741
vn -0.8861 0.2842 0.3660
vn -0.9305 0.3658 0.0160
vn -0.9507 0.3101 0.0091
vn 0.9785 0.2048 0.0219
vn 0.8916 0.1173 0.4374
vn 0.8755 0.1977 0.4409
vn 0.8899 0.0016 0.4562
vn 0.9993 0.0263 0.0269
vn 0.9999 0.0023 0.0134
vn -0.9013 -0.0442 -0.4309
vn -0.9999 -0.0053 -0.0142
vn -0.9032 -0.0012 -0.4293
vn -0.0350 -0.0002 0.9994
vn 0.0322 0.0059 0.9995
vn 0.0409 0.0006 0.9992
vn 0.0226 0.0080 -0.9997
vn -0.1057 0.0491 -0.9932
vn -0.0574 -0.0225 -0.9981
vn -0.2274 -0.0966 0.9690
vn -0.0597 -0.0275 0.9978
vn -0.0524 -0.0174 0.9985
vn 0.9042 0.0456 -0.4246
vn 0.9921 0.1246 -0.0121
vn 0.8915 0.1173 -0.4375
vn 0.9754 0.2200 -0.0149
vn 0.8755 0.1976 -0.4410
vn 0.9557 0.2941 -0.0157
vn 0.8567 0.2700 -0.4394
vn 0.9380 0.3455 -0.0273
vn 0.8212 0.3439 -0.4554
vn 0.8856 0.4631 -0.0369
vn 0.7852 0.3939 -0.4779
vn 0.0348 0.0064 -0.9994
vn -0.0600 -0.0003 -0.9982
vn 0.0255 0.0004 -0.9997
vn -0.0360 -0.0060 0.9993
vn 0.0226 0.0080 0.9997
vn -0.4024 0.6471 0.6476
vn -0.2614 0.3711 0.8910
vn -0.1599 0.6977 0.6983
vn 0.0238 0.0084 0.9997
vn -0.0112 0.0034 0.9999
vn -0.0450 0.0259 0.9987
vn -0.0532 0.0394 0.9978
vn -0.1058 0.0492 0.9932
vn -0.0524 -0.0174 -0.9985
vn 0.0237 0.0084 -0.9997
vn -0.0597 -0.0275 -0.9978
vn 0.5480 0.7522 -0.3660
vn 0.4099 0.6173 -0.6715
vn 0.5579 0.8299 -0.0007
vn 0.9996 0.0264 -0.0138
vn 1.0000 0.0008 -0.0076
vn -0.9122 0.2636 0.3135
vn -0.9035 0.4120 0.1179
vn -0.8352 0.4080 0.3688
vn -0.0242 0.0356 0.9991
vn 0.0335 -0.0001 0.9994
vn 0.0786 0.0269 0.9965
vn 0.0335 -0.0001 -0.9994
vn -0.0248 0.0241 -0.9994
vn 0.0752 0.0463 -0.9961
vn -0.9982 -0.0582 0.0107
vn -0.8820 -0.0993 0.4607
vn -0.8877 -0.0433 0.4584
vn -0.0084 -0.3848 -0.9230
vn -0.0284 -0.6594 -0.7513
vn -0.0059 -0.7512 -0.6601
vn -0.9921 -0.1251 0.0108
vn -0.9764 -0.2155 -0.0108
vn -0.9762 -0.2158 0.0210
vn -0.9982 -0.0583 -0.0107
vn -0.9980 -0.0588 0.0210
vn -0.9474 -0.3199 0.0106
vn -0.9143 -0.4050 -0.0064
vn -0.9140 -0.4052 0.0192
vn -1.0000 -0.0011 -0.0079
vn -0.9999 -0.0036 0.0142
vn -0.9999 0.0013 0.0142
vn -0.9799 -0.1987 0.0142
vn -0.9921 -0.1251 -0.0108
vn -0.9725 -0.2325 -0.0142
vn 0.9380 0.3454 0.0273
vn 0.8567 0.2700 0.4394
vn 0.8212 0.3439 0.4553
vn -0.2234 0.9474 -0.2291
vn -0.0603 0.9982 -0.0061
vn -0.0202 0.9778 -0.2084
vn 0.0442 0.0007 0.9990
vn 0.2176 0.0090 0.9760
vn 0.2295 0.0003 0.9733
vn -0.8958 -0.1008 0.4329
vn -0.9013 -0.0442 0.4309
vn -0.2112 -0.0004 0.9775
vn -0.2049 -0.0150 0.9787
vn -0.8832 -0.1771 -0.4343
vn -0.8958 -0.1008 -0.4329
vn 0.2177 0.0090 -0.9760
vn 0.2296 0.0003 -0.9733
vn -0.1546 -0.2259 0.9618
vn -0.0020 -0.0025 1.0000
vn -0.3770 -0.5186 0.7674
vn 0.0322 0.0059 -0.9995
vn -0.0350 -0.0002 -0.9994
vn 0.0409 0.0006 -0.9992
vn 0.2128 0.0227 0.9768
vn 0.2021 0.0084 0.9793
vn 0.3050 -0.6539 0.6924
vn 0.1825 -0.6808 0.7093
vn 0.1964 -0.7327 0.6516
vn -0.0574 -0.0225 0.9981
vn -0.2086 -0.0691 0.9756
vn -0.2243 -0.0970 0.9697
vn -0.7794 0.5796 0.2379
vn -0.7072 0.7070 0.0007
vn -0.6574 0.7150 0.2380
vn -0.1818 -0.0450 -0.9823
vn -0.2548 -0.1101 -0.9607
vn -0.2146 -0.0985 -0.9717
vn 0.1135 0.1318 0.9848
vn 0.0439 0.0597 0.9973
vn 0.0454 0.0411 -0.9981
vn -0.0450 0.0259 -0.9987
vn -0.8394 -0.3524 0.4138
vn -0.4571 -0.8894 -0.0004
vn -0.2100 -0.6980 -0.6846
vn -0.2807 -0.9598 -0.0007
vn -0.2158 -0.0508 -0.9751
vn 0.1993 0.0573 0.9783
vn 0.2001 0.0419 0.9789
vn 0.2148 0.0617 -0.9747
vn 0.2156 0.0451 -0.9754
vn -0.1928 -0.0478 0.9801
vn 0.1135 0.1317 -0.9848
vn 0.1802 0.0725 -0.9809
vn -0.2275 -0.0967 -0.9690
vn -0.2408 -0.1178 -0.9634
vn -0.2405 -0.1179 0.9635
vn -0.2918 -0.1229 0.9486
vn -0.2046 -0.0477 0.9777
vn 0.0437 0.0270 0.9987
vn 0.2371 -0.0019 0.9715
vn 0.3017 -0.0053 0.9534
vn -0.2531 0.0734 0.9647
vn -0.0397 0.0024 0.9992
vn -0.0555 0.0540 0.9970
vn -0.0402 0.0024 0.9992
vn -0.2718 0.0789 -0.9591
vn -0.0250 0.0015 -0.9997
vn -0.2341 0.0731 -0.9695
vn 0.2372 -0.0019 -0.9715
vn 0.0811 0.0500 -0.9954
vn 0.3018 -0.0053 -0.9534
vn 0.2391 0.9343 -0.2644
vn 0.0358 0.9993 -0.0124
vn 0.2107 0.9775 -0.0033
vn -0.0603 0.9982 0.0061
vn -0.1973 0.9803 -0.0031
vn -0.1974 0.9803 0.0062
vn -0.8890 0.0130 0.4577
vn -0.9979 -0.0001 0.0648
vn -0.8894 -0.0011 0.4572
vn 0.0375 -0.0001 0.9993
vn -0.0048 1.0000 -0.0000
vn -0.0116 0.9246 -0.3808
vn -0.0144 0.9245 -0.3808
vn -0.3533 0.9355 0.0045
vn -0.2128 0.9771 -0.0046
vn -0.2133 0.9769 0.0093
vn -0.9546 -0.2978 -0.0025
vn -0.9546 -0.2978 0.0026
vn -0.9547 -0.2975 0.0050
vn -0.5864 0.8010 -0.1204
vn -0.6260 0.6412 -0.4438
vn -0.4912 0.8432 -0.2183
vn -0.7371 0.5310 -0.4179
vn -0.7049 0.6928 -0.1518
vn -0.8191 0.5672 -0.0856
vn -0.5864 0.8010 0.1205
vn -0.7009 0.7009 0.1322
vn -0.5469 0.8313 0.0991
vn -0.8352 0.4080 -0.3688
vn -0.9123 0.2636 -0.3135
vn -0.9035 0.4120 -0.1179
vn -0.9643 0.2585 -0.0582
vn -0.8191 0.5672 0.0856
vn -0.8984 0.4189 0.1322
vn -0.8119 0.5685 0.1327
vn -0.9922 0.0807 -0.0949
vn -0.9769 -0.0000 0.2136
vn -0.9999 0.0059 0.0142
vn -0.9733 0.0884 0.2119
vn -0.9938 -0.0981 0.0518
vn -0.9622 -0.2416 0.1256
vn -0.9874 -0.0862 0.1328
vn 0.5889 0.8082 0.0001
vn 0.5579 0.8299 0.0004
vn 0.5480 0.7521 0.3662
vn 0.6594 0.7518 0.0005
vn -0.8439 -0.4141 0.3411
vn -0.8923 -0.4514 0.0088
vn -0.9008 -0.4342 0.0095
vn 0.5445 -0.3811 -0.7472
vn 0.6540 -0.3049 -0.6924
vn 0.6214 -0.4351 -0.6515
vn 0.7193 -0.0642 -0.6917
vn 0.6894 0.0603 -0.7218
vn 0.7593 0.0665 -0.6473
vn 0.6970 0.1868 0.6923
vn 0.7022 0.0615 0.7093
vn 0.7557 0.0662 0.6516
vn 0.6808 -0.1824 -0.7094
vn 0.7328 -0.1963 -0.6515
vn -0.0629 0.7188 0.6923
vn 0.0589 0.6697 0.7403
vn 0.0664 0.7561 0.6511
vn 0.6972 0.1882 -0.6917
vn -0.7175 0.0627 -0.6937
vn -0.7021 -0.0615 -0.7094
vn -0.7518 -0.0659 -0.6561
vn 0.0629 -0.7188 0.6924
vn -0.0578 -0.6616 0.7476
vn -0.0664 -0.7561 0.6510
vn -0.6091 -0.2845 0.7403
vn -0.6961 -0.1865 0.6933
vn -0.6872 -0.3209 0.6518
vn -0.7022 -0.0615 0.7093
vn -0.7518 -0.0659 0.6561
vn -0.5857 -0.4354 0.6837
vn -0.4995 -0.3736 0.7816
vn 0.2088 0.6993 0.6837
vn 0.0578 0.6616 -0.7476
vn 0.2093 0.7013 -0.6814
vn 0.1937 0.6509 -0.7340
vn -0.2094 -0.7014 0.6814
vn -0.5574 0.3903 -0.7328
vn -0.6528 0.3044 -0.6937
vn -0.6181 0.4327 -0.6563
vn 0.5113 -0.5113 -0.6908
vn 0.0629 -0.7188 -0.6924
vn 0.1825 -0.6808 -0.7094
vn 0.1964 -0.7328 -0.6515
vn 0.3812 -0.5445 -0.7472
vn 0.4352 -0.6215 -0.6514
vn 0.3050 -0.6539 -0.6924
vn -0.5093 0.5093 0.6937
vn -0.4043 0.5774 0.7093
vn -0.4325 0.6165 0.6580
vn 0.5889 0.8082 -0.0000
vn 0.3147 0.6088 -0.7282
vn 0.3490 0.6655 -0.6598
vn -0.4662 -0.5081 -0.7242
vn -0.4328 -0.5863 -0.6848
vn -0.5054 -0.5546 -0.6611
vn -0.4247 -0.5845 0.6914
vn -0.4305 -0.6479 0.6284
vn -0.3903 -0.5719 0.7215
vn -0.3879 -0.5422 -0.7454
vn -0.3865 -0.5740 -0.7219
vn -0.4227 -0.6284 -0.6530
vn -0.9764 -0.1640 -0.1408
vn -0.9983 0.0582 -0.0003
vn -0.9962 -0.0873 -0.0004
vn 0.2292 0.0245 -0.9731
vn -0.0013 0.0009 -1.0000
vn -0.0037 0.0143 -0.9999
vn 0.0014 0.0023 -1.0000
vn 0.8615 0.1945 0.4690
vn 0.9621 0.2724 0.0149
vn 0.9816 0.1903 0.0147
vn -0.0767 0.1067 -0.9913
vn -0.2711 0.5502 0.7898
vn -0.0497 0.4430 0.8952
vn 0.0049 0.0007 -1.0000
vn -0.0004 -0.0007 -1.0000
vn 0.0029 0.0034 -1.0000
vn -0.0031 0.0150 0.9999
vn -0.0011 0.0007 1.0000
vn 0.0040 0.0071 1.0000
vn 0.8910 0.0029 -0.4540
vn 0.9996 0.0213 -0.0170
vn 0.8908 0.0450 -0.4522
vn 0.4636 0.5044 -0.7285
vn 0.4216 0.5795 -0.6975
vn 0.5036 0.5505 -0.6658
vn -0.0715 0.0172 -0.9973
vn -0.0152 -0.0022 -0.9999
vn 0.1223 0.0471 -0.9914
vn 0.1044 0.0785 -0.9914
vn -0.4906 0.8592 0.1452
vn -0.4485 0.8938 0.0002
vn -0.3489 0.9372 0.0027
vn -0.5974 0.8019 0.0005
vn -0.9487 0.2675 0.1689
vn -0.9064 0.4225 0.0005
vn -0.8746 0.4388 0.2063
vn -0.8192 0.5735 0.0003
vn -0.9764 -0.1640 0.1408
vn -0.9933 0.1157 0.0003
vn -0.9832 0.1174 0.1399
vn 0.8856 0.4630 0.0369
vn 0.7852 0.3939 0.4778
vn -0.6447 -0.0673 0.7615
vn -0.5718 -0.0393 0.8195
vn -0.3404 0.0755 0.9373
vn -0.9651 -0.2037 -0.1648
vn -0.8947 -0.4466 -0.0055
vn -0.8439 -0.4141 -0.3411
vn -0.5022 0.1604 -0.8497
vn -0.5597 0.1241 -0.8194
vn -0.7161 -0.0179 -0.6978
vn -0.7016 -0.0500 -0.7108
vn -0.4558 0.1899 -0.8696
vn -0.9651 -0.2037 0.1648
vn 0.9035 0.0017 0.4287
vn 0.9997 0.0002 0.0257
vn 0.9101 -0.0015 0.4143
vn 0.0537 0.9117 0.4074
vn 0.1434 0.9893 0.0272
vn 0.0029 0.9072 0.4207
vn 0.8747 0.4847 -0.0003
vn 0.8870 0.4614 -0.0191
vn 0.1452 0.9893 0.0140
vn -0.1525 0.2353 -0.9599
vn 0.1387 0.1225 -0.9827
vn -0.1708 0.3429 -0.9237
vn -0.3362 0.1263 0.9333
vn 0.9933 -0.1159 -0.0006
vn 0.9659 -0.2588 -0.0005
vn -0.4152 0.8893 0.1917
vn -0.1949 0.7309 0.6540
vn -0.2340 0.9722 0.0004
vn -0.7288 0.1952 0.6563
vn -0.9574 0.2565 0.1328
vn -0.0872 0.9962 0.0009
vn 0.0870 0.9962 0.0002
vn 0.0302 0.0989 -0.9946
vn -0.9868 0.0863 0.1367
vn 0.8058 0.5922 0.0003
vn 0.6878 0.3211 0.6510
vn 0.9063 0.4226 0.0005
vn 0.4791 -0.4790 -0.7356
vn 0.1313 -0.1312 -0.9826
vn -0.4346 0.6200 -0.6532
vn -0.7009 0.7009 -0.1322
vn -0.5478 0.8309 -0.0976
vn 0.2126 0.0227 -0.9769
vn 0.2021 0.0084 -0.9793
vn -0.0828 -0.0419 0.9957
vn -0.4994 -0.3736 -0.7817
vn -0.0075 -0.0091 -0.9999
vn -0.0872 0.9962 -0.0005
vn -0.1953 0.7315 -0.6533
vn -0.2849 0.9586 -0.0003
vn -0.2807 -0.9598 0.0004
vn -0.0871 -0.9962 0.0005
vn -0.9080 -0.4190 0.0005
vn 0.0872 -0.9962 -0.0010
vn 0.2589 -0.9659 -0.0002
vn -0.0590 -0.6697 -0.7403
vn -0.1826 -0.6135 -0.7683
vn -0.6872 -0.3211 -0.6517
vn -0.8058 -0.5921 -0.0007
vn -0.9053 -0.4249 -0.0003
vn 0.6214 -0.4351 0.6516
vn 0.7071 -0.7071 0.0004
vn 0.8192 -0.5735 0.0005
vn -0.4283 0.4290 -0.7953
vn -0.3972 0.5671 -0.7216
vn -0.8984 0.4189 -0.1322
vn -0.8120 0.5684 -0.1327
vn -0.7288 0.1952 -0.6563
vn -0.9574 0.2565 -0.1328
vn 0.9659 0.2589 -0.0009
vn 0.9962 0.0871 -0.0002
vn -0.9622 -0.2416 -0.1257
vn -0.9874 -0.0861 -0.1328
vn 0.6017 0.2812 -0.7476
vn 0.6878 0.3211 -0.6510
vn -0.0022 -0.0035 1.0000
vn -0.3171 -0.6092 0.7268
vn 0.8058 0.5921 -0.0007
vn 0.9063 0.4226 -0.0003
vn 0.3769 0.5185 0.7675
vn 0.3894 0.5696 0.7238
vn 0.1548 0.2261 0.9617
vn 0.7003 0.7138 -0.0005
vn 0.3490 0.6654 0.6599
vn 0.3169 0.6130 0.7238
vn 0.5874 0.4367 -0.6814
vn -0.0664 -0.7562 -0.6510
vn -0.0871 -0.9962 -0.0002
vn 0.9659 0.2589 0.0004
vn 0.9962 0.0872 0.0005
vn 0.2470 0.9690 -0.0005
vn 0.0664 0.7562 -0.6510
vn 0.0870 0.9962 -0.0005
vn 0.4352 -0.6214 0.6515
vn 0.5736 -0.8191 0.0005
vn -0.6808 0.1824 -0.7094
vn -0.6181 0.4327 0.6563
vn 0.9181 -0.3962 -0.0006
vn 0.8191 -0.5736 -0.0002
vn -0.6960 -0.1865 -0.6934
vn 0.3894 0.5696 -0.7238
vn 0.3767 0.5183 -0.7677
vn 0.1551 0.2265 -0.9616
vn -0.5890 -0.8082 -0.0008
vn -0.5890 -0.8081 0.0004
vn -0.5053 -0.5546 0.6611
vn -0.6792 -0.7339 0.0007
vn -0.3374 -0.6525 -0.6785
vn -0.0215 0.1565 -0.9874
vn -0.0438 0.1952 -0.9798
vn -0.1648 -0.0520 -0.9850
vn -0.2002 -0.0092 -0.9797
vn 0.1649 0.0520 0.9849
vn 0.0795 0.0111 0.9968
vn 0.1999 0.0092 0.9798
vn 0.0061 -0.0035 -1.0000
vn 0.1462 -0.0595 -0.9875
vn 0.0074 -0.0015 -1.0000
vn 0.1912 -0.0598 -0.9797
vn -0.1577 0.0059 -0.9875
vn -0.9868 0.0863 -0.1367
vn -0.0833 -0.0420 -0.9956
vn -0.6091 -0.2845 -0.7403
vn -0.1578 0.0059 0.9874
vn -0.0715 0.0172 0.9973
vn -0.1910 0.0597 0.9798
vn -0.4957 0.2295 -0.8377
vn -0.1911 0.0598 -0.9797
vn -0.0161 -0.0852 -0.9962
vn 0.0075 -0.1727 -0.9849
vn -0.0018 0.0997 -0.9950
vn 0.0069 -0.0321 -0.9995
vn 0.0597 -0.1911 -0.9797
vn -0.1648 -0.0520 0.9849
vn -0.0149 -0.0022 0.9999
vn -0.2000 -0.0092 0.9798
vn 0.1579 -0.0059 0.9874
vn 0.1463 -0.0596 0.9874
vn 0.0147 -0.0094 0.9998
vn 0.1591 -0.1214 0.9798
vn 0.4994 0.3736 0.7817
vn 0.0006 0.0004 1.0000
vn 0.6091 0.2845 0.7403
vn -0.3851 0.3872 0.8377
vn -0.0406 0.0613 0.9973
vn -0.1215 0.1591 0.9798
vn 0.0595 -0.1462 -0.9875
vn -0.2969 -0.5713 -0.7651
vn -0.0595 0.1462 0.9875
vn -0.0597 0.1910 0.9798
vn 0.0319 -0.0071 0.9995
vn 0.1911 -0.0597 0.9798
vn 0.1171 -0.1060 0.9874
vn 0.6187 -0.0531 -0.7839
vn -0.8861 0.2842 -0.3661
vn -0.9306 0.3658 -0.0160
vn -0.8880 0.3339 -0.3162
vn -0.0028 0.8983 -0.4395
vn -0.0210 0.7080 -0.7059
vn -0.0026 0.7069 -0.7073
vn 0.9418 -0.0137 -0.3358
vn 0.9974 0.0684 -0.0218
vn 0.9101 -0.0015 -0.4144
vn -1.0000 -0.0018 0.0016
vn -0.9996 -0.0001 -0.0267
vn -0.9992 -0.0157 0.0374
vn -0.2112 0.0018 -0.9774
vn -0.2111 -0.0004 -0.9775
vn -0.0397 0.0024 -0.9992
vn 0.9655 -0.2603 0.0003
vn -0.0028 0.4425 0.8967
vn -0.0210 0.7080 0.7059
vn -0.0027 0.7070 0.7072
vn -0.9731 0.2303 -0.0003
vn -0.0026 0.9248 0.3804
vn -0.0024 0.9977 -0.0682
vn -0.0148 0.9463 -0.3228
vn 0.9999 0.0008 -0.0134
vn 0.8940 -0.0008 -0.4480
vn -0.0117 0.3844 -0.9231
vn -0.0285 -0.0657 -0.9974
vn -0.0062 0.0662 -0.9978
vn -0.9028 0.0164 0.4297
vn -0.9034 -0.0010 0.4288
vn 0.9786 0.2052 -0.0112
vn 0.9921 0.1246 0.0121
vn 0.9977 0.0679 -0.0075
vn 0.9976 0.0679 0.0146
vn 0.9382 0.3458 -0.0141
vn 0.9590 0.2831 0.0115
vn 0.9083 0.4182 0.0072
vn 0.9999 0.0024 0.0130
vn -1.0000 -0.0018 -0.0042
vn -1.0000 0.0003 -0.0086
vn -0.8366 -0.4089 0.3644
vn -0.8901 -0.4556 0.0113
vn -0.8949 -0.4461 0.0108
vn 0.0358 0.9993 0.0063
vn 0.2107 0.9775 0.0066
vn -0.0202 0.9998 -0.0040
vn -0.8289 -0.4068 0.3840
vn 0.8025 0.3428 -0.4883
vn 0.7695 0.3748 -0.5172
vn -0.0280 0.4667 -0.8840
vn -0.0268 0.0260 -0.9993
vn -0.7644 0.6448 -0.0041
vn -0.7642 0.6449 0.0081
vn 1.0000 0.0085 0.0027
vn 0.8895 0.4570 -0.0047
vn 0.8893 0.4573 0.0093
vn -0.2416 0.3220 0.9154
vn -0.2094 0.3914 0.8961
vn 0.0264 0.4315 0.9017
vn -0.2179 0.0679 -0.9736
vn 0.0537 0.9116 -0.4074
vn 0.1435 0.9893 -0.0271
vn 0.9999 0.0001 -0.0140
vn 0.8937 -0.4486 0.0006
vn -0.9063 0.4225 -0.0003
vn -0.8192 0.5735 -0.0006
vn -0.3920 0.9200 -0.0002
vn -0.9962 -0.0874 0.0002
vn 0.4572 0.8894 -0.0004
vn 0.4572 0.8894 0.0007
vn 0.3127 0.9498 0.0005
vn 0.0872 -0.9962 0.0005
vn 0.4227 -0.9063 0.0005
vn 0.2589 -0.9659 0.0004
vn 0.5749 -0.8182 -0.0002
vn -0.0414 0.7063 -0.7067
vn -0.0050 0.7068 -0.7074
vn -0.9999 0.0093 0.0082
vn -0.9775 0.1953 0.0803
vn -0.9779 0.1476 0.1480
vn -1.0000 -0.0016 0.0092
vn -1.0000 0.0008 -0.0003
vn -1.0000 0.0015 -0.0000
vn -0.0025 -0.7071 0.7071
vn -0.0118 -0.3850 0.9228
vn -0.0026 -0.3850 0.9229
vn -0.9938 -0.0981 -0.0518
vn -0.9779 0.1476 -0.1480
vn -0.9998 0.0083 -0.0201
vn -0.9733 0.0884 -0.2118
vn -0.9769 -0.0000 -0.2136
vn 0.7970 0.5122 -0.3199
vn 0.7826 0.5569 -0.2780
vn -1.0000 0.0009 0.0004
vn -1.0000 -0.0053 -0.0045
vn -0.9775 -0.1952 -0.0803
vn -0.9780 -0.1474 -0.1479
vn -0.6658 -0.5279 -0.5274
vn -0.7051 -0.6557 -0.2700
vn -0.5896 -0.7469 -0.3075
vn -0.9445 0.3283 0.0092
vn -0.8763 0.2810 0.3913
vn -0.8807 0.3311 0.3388
vn -0.6664 -0.0000 -0.7456
vn -0.7039 -0.2732 -0.6556
vn -0.5880 -0.3111 -0.7466
vn -0.7040 0.2731 -0.6556
vn -0.7110 -0.0000 -0.7032
vn -1.0000 -0.0000 0.0089
vn -0.9733 -0.0885 -0.2118
vn -0.9996 0.0013 -0.0276
vn -0.9796 0.2010 -0.0000
vn -0.9775 0.1952 -0.0804
vn -0.9994 0.0253 -0.0220
vn -0.9487 0.2675 -0.1689
vn -0.6655 0.5280 -0.5276
vn -0.7051 0.6557 -0.2700
vn -0.7097 0.4981 -0.4982
vn -0.0380 -0.7064 -0.7067
vn -0.0118 -0.9245 -0.3809
vn -0.5881 0.3112 -0.7465
vn -0.0147 0.3274 -0.9448
vn -0.0380 -0.7065 0.7067
vn -0.5898 -0.7467 0.3074
vn -0.6657 -0.5279 0.5274
vn -0.7050 -0.6558 0.2700
vn -0.7096 -0.4983 0.4982
vn -0.0266 -0.9976 0.0641
vn -0.6669 -0.7452 -0.0000
vn -0.0147 -0.8992 0.4372
vn -0.0380 -0.0000 0.9993
vn -0.5882 0.3112 0.7464
vn -0.0147 0.3273 0.9448
vn -0.6655 0.5280 0.5276
vn -0.7040 0.2731 0.6556
vn -0.7097 0.4983 0.4981
vn 0.8775 0.1155 0.4655
vn -0.0026 -0.0001 -1.0000
vn -0.0380 -0.0000 -0.9993
vn -0.0118 -0.3850 -0.9228
vn -0.0026 -0.3846 -0.9231
vn -0.0026 -0.0001 1.0000
vn -0.0414 0.9991 -0.0001
vn -0.4682 0.8173 -0.3359
vn -0.4677 -0.8169 -0.3376
vn -0.0115 -0.9245 -0.3810
vn -0.6270 0.3012 -0.7185
vn -0.6158 0.5578 -0.5564
vn -0.6149 0.5586 -0.5567
vn -0.4688 -0.3406 -0.8150
vn -0.4754 -0.6229 -0.6213
vn -0.6272 -0.3000 0.7188
vn -0.6141 -0.5589 0.5573
vn -0.6132 -0.5597 0.5574
vn -0.0413 0.7062 0.7068
vn -0.4676 0.3397 0.8161
vn -0.4768 0.6230 0.6201
vn -0.6268 -0.7212 0.2951
vn -0.6146 -0.7889 0.0015
vn -0.6137 -0.7895 -0.0018
vn -0.0412 -0.9991 -0.0000
vn -0.4672 -0.8171 0.3378
vn -0.0115 -0.9244 0.3812
vn -0.4769 0.6230 -0.6201
vn -0.6146 0.7889 0.0015
vn -0.6263 0.7210 0.2964
vn -0.6138 0.7894 -0.0018
vn -0.0284 -0.6594 0.7512
vn -0.4753 -0.6230 0.6212
vn -0.4682 0.8173 0.3359
vn -0.4755 0.8797 -0.0000
vn -0.8880 0.3339 0.3161
vn -0.5494 0.8356 -0.0006
vn -0.6574 0.7150 -0.2380
vn -0.4906 0.8592 -0.1452
vn -0.0286 -0.0657 0.9974
vn -0.0117 0.3844 0.9231
vn -0.0216 -0.3851 -0.9226
vn -0.6141 -0.5588 -0.5573
vn -0.6274 -0.2999 -0.7186
vn -0.6132 -0.5595 -0.5576
vn -0.4690 -0.3406 0.8149
vn -0.4770 -0.0000 0.8789
vn -0.2112 0.0018 0.9774
vn -0.0025 -0.9977 -0.0683
vn -0.0216 -0.3851 0.9226
vn -0.0085 -0.3848 0.9230
vn -0.0116 0.9246 0.3807
vn -0.0050 0.7068 0.7074
vn 0.2132 0.0003 -0.9770
vn 0.2204 -0.0018 -0.9754
vn -0.1598 0.9872 -0.0000
vn -0.0144 0.9245 0.3808
vn -0.1598 0.6977 -0.6983
vn -0.0144 0.3845 -0.9230
vn -0.2614 0.3711 -0.8910
vn -0.1599 -0.6977 0.6983
vn -0.2612 -0.3712 0.8911
vn -0.1600 -0.0000 0.9871
vn -0.0143 0.3845 0.9230
vn -0.1598 -0.9872 -0.0000
vn -0.0143 -0.9245 -0.3808
vn -0.0049 -1.0000 -0.0000
vn -0.2614 0.8925 0.3676
vn -0.0062 0.0662 0.9978
vn -0.1600 -0.0000 -0.9871
vn -0.2613 -0.3712 -0.8910
vn -0.9690 0.1747 -0.1749
vn -0.9211 0.3601 -0.1482
vn -0.9216 0.2749 -0.2741
vn -0.4023 -0.6471 0.6477
vn -0.2614 -0.8925 0.3677
vn -0.4028 -0.0001 -0.9153
vn -0.9695 -0.0000 0.2451
vn -0.9211 -0.1499 0.3594
vn -0.9216 -0.0000 0.3882
vn -0.9689 0.1749 0.1752
vn -0.9211 0.1498 0.3594
vn -0.9215 0.2750 0.2742
vn -0.9641 -0.1877 -0.1879
vn -0.9211 -0.1499 -0.3594
vn -0.9215 -0.2751 -0.2742
vn -0.9887 0.0556 0.1392
vn -0.4018 -0.9157 -0.0000
vn -0.9688 -0.1751 0.1752
vn -0.9211 -0.3602 0.1482
vn -0.9214 -0.2753 0.2743
vn -0.9212 0.3597 0.1486
vn -0.9906 0.1250 0.0554
vn -0.2614 -0.8925 -0.3677
vn -0.4021 -0.6472 -0.6476
vn -0.1598 -0.6977 -0.6983
vn -0.9689 -0.2476 -0.0000
vn -0.9211 -0.3601 -0.1482
vn -0.9213 -0.3888 -0.0000
vn -0.4026 -0.0001 0.9154
vn -0.9689 -0.0001 -0.2474
vn -0.9923 -0.0455 -0.1150
vn -1.0000 0.0002 -0.0054
vn -0.9999 -0.0071 0.0078
vn -0.9999 -0.0000 0.0104
vn 0.0702 0.9163 0.3944
vn 0.0324 0.9141 0.4041
vn -0.6882 0.6583 0.3050
vn -0.9994 0.0258 -0.0216
vn -0.9999 0.0162 0.0015
vn -0.9999 -0.0136 0.0007
vn -0.9999 0.0076 0.0085
vn -0.9923 -0.1152 -0.0450
vn -0.9996 -0.0187 -0.0188
vn -0.9907 0.0556 -0.1246
vn -0.9906 -0.1250 0.0554
vn -0.9906 0.1276 -0.0487
vn -0.9689 0.2474 -0.0000
vn 0.9036 0.0017 -0.4284
vn -0.9981 -0.0586 -0.0210
vn -0.5857 -0.4354 -0.6836
vn -0.8945 -0.4470 -0.0120
vn -0.8289 -0.4068 -0.3840
vn -0.9140 -0.4053 -0.0192
vn -0.8394 -0.3524 -0.4138
vn -0.0025 -0.9472 0.3206
vn -0.2134 0.9769 -0.0093
vn -0.3532 0.9355 -0.0043
vn -0.4912 0.8433 -0.2183
vn -0.9546 -0.2977 -0.0026
vn -0.9547 -0.2975 -0.0051
vn 0.9381 0.3460 0.0141
vn 0.9083 0.4182 -0.0073
vn 0.0702 0.9162 -0.3944
vn 0.1452 0.9893 -0.0140
vn -0.9645 -0.2641 0.0004
vn -0.9027 0.0121 -0.4300
vn -0.9507 0.3101 -0.0091
vn -0.7072 0.7070 -0.0003
vn -0.8058 -0.5921 0.0003
vn -0.6792 -0.7339 -0.0004
vn -0.8910 -0.4540 -0.0059
vn -0.5644 -0.8255 -0.0002
vn -0.8484 -0.2659 0.4577
vn -0.8695 -0.1743 0.4621
vn 0.2132 0.0003 0.9770
vn 0.8431 0.2658 0.4674
vn 0.8026 0.3428 0.4883
vn 0.8870 0.4614 0.0190
vn 0.7695 0.3748 0.5172
vn -0.5899 0.7466 0.3075
vn -0.0206 0.9245 0.3807
vn -0.2128 0.9771 0.0046
vn 0.8908 0.0450 0.4522
vn 0.9920 0.1243 0.0237
vn 0.9977 0.0679 0.0075
vn -0.4912 0.8432 0.2183
vn -0.9546 -0.2978 0.0025
vn -1.0000 -0.0019 -0.0007
vn -0.9999 0.0057 0.0147
vn -0.9580 0.2869 0.0003
vn -0.0025 0.4425 -0.8968
vn 0.0532 0.4573 -0.8877
vn 0.0053 -0.0093 -0.9999
vn -0.9526 0.3036 0.0167
vn -0.6269 0.7200 -0.2977
vn 0.9997 0.0002 -0.0234
vn -0.2274 -0.0005 -0.9738
vn -0.9142 -0.4051 0.0098
vn -0.8763 0.2810 -0.3913
vn -0.9445 0.3283 -0.0092
vn -0.8806 0.3311 -0.3389
vn 0.9993 0.0318 0.0197
vn -0.8275 -0.3474 0.4410
vn -0.9527 -0.3036 0.0142
vn -0.0378 -0.0002 0.9993
vn 0.0348 0.0064 0.9994
vn -0.0360 -0.0060 -0.9993
vn -0.0001 -0.0000 1.0000
vn -0.4761 -0.8794 -0.0006
vn -0.0391 -0.0059 0.9992
vn -0.0112 0.0034 -0.9999
vn 0.1386 0.1225 0.9827
vn -0.1524 0.2353 0.9599
vn -0.1708 0.3428 0.9238
vn -0.8820 -0.0992 -0.4607
vn -0.8876 -0.0434 -0.4586
vn -0.8695 -0.1743 -0.4621
vn -0.9919 -0.1253 -0.0212
vn -0.8468 -0.2709 -0.4577
vn -0.8215 -0.3735 -0.4309
vn -0.9471 -0.3203 -0.0222
vn -0.8261 -0.4036 -0.3933
vn -0.8921 -0.4512 -0.0222
vn 0.9330 -0.0135 -0.3596
vn 0.9990 0.0376 -0.0235
vn 0.9976 0.0679 -0.0146
vn -0.8895 -0.0009 -0.4569
vn -0.9643 0.2585 0.0582
vn -0.0059 -0.7512 0.6601
vn -0.2206 0.9431 -0.2487
vn -0.0201 0.9743 -0.2244
vn -0.2047 -0.0151 -0.9787
vn -0.2273 -0.0005 0.9738
vn -0.2207 -0.0161 0.9752
vn -0.0143 -0.9245 0.3808
vn -0.3393 -0.6555 0.6747
vn -0.4572 -0.8894 0.0008
vn -0.2083 -0.0262 -0.9777
vn -0.1929 -0.0478 -0.9800
vn -0.2121 -0.0720 -0.9746
vn -0.2235 -0.0740 -0.9719
vn 0.1993 0.0573 -0.9783
vn 0.2001 0.0419 -0.9789
vn -0.1819 -0.0449 0.9823
vn -0.9922 0.0807 0.0949
vn -0.2049 -0.1001 0.9737
vn -0.2638 -0.1109 0.9582
vn 0.2290 0.0244 0.9731
vn -0.2083 -0.0262 0.9777
vn 0.2147 0.0617 0.9747
vn 0.2155 0.0451 0.9755
vn -0.2234 -0.0740 0.9719
vn -0.2156 -0.0508 0.9752
vn 0.0454 0.0410 0.9981
vn -0.2046 -0.0477 -0.9777
vn -0.2918 -0.1230 -0.9485
vn 0.2809 -0.0049 -0.9597
vn -0.2531 0.0734 -0.9647
vn -0.2716 0.0788 0.9592
vn 0.2204 -0.0017 0.9754
vn 0.2810 -0.0049 0.9597
vn 0.2391 0.9343 0.2644
vn 0.0366 0.9993 0.0072
vn 0.0202 0.9739 0.2259
vn 0.2423 0.9391 -0.2438
vn 0.0358 0.9993 -0.0063
vn 0.2107 0.9775 -0.0066
vn -0.3610 0.2348 0.9025
vn -0.9526 0.3036 -0.0167
vn -0.4156 0.8891 -0.1918
vn 0.6808 -0.1824 0.7093
vn 0.6540 -0.3049 0.6924
vn 0.7328 -0.1963 0.6515
vn -0.6528 0.3044 0.6936
vn -0.5574 0.3903 0.7328
vn 0.5857 0.4354 0.6837
vn 0.7188 -0.0629 0.6923
vn 0.4216 0.5795 0.6974
vn -0.3030 0.6528 -0.6943
vn -0.1825 0.6808 0.7093
vn -0.3035 0.6508 0.6959
vn -0.5107 0.5088 -0.6930
vn -0.6809 0.1824 0.7093
vn -0.7176 0.0627 0.6936
vn -0.9419 -0.3357 -0.0137
vn -0.8615 -0.2700 -0.4300
vn 0.5774 -0.4043 0.7093
vn -0.4667 -0.5080 0.7239
vn -0.1824 0.6808 -0.7094
vn -0.0629 0.7188 -0.6924
vn 0.4043 -0.5774 0.7093
vn 0.5103 -0.5102 0.6923
vn -0.5497 -0.8354 0.0002
vn -0.9919 -0.1253 0.0213
vn 0.4099 0.6172 0.6715
vn 0.0068 -0.0088 0.9999
vn 0.0010 -0.0041 1.0000
vn 0.4667 0.5079 0.7240
vn 0.5036 0.5505 0.6659
vn 0.0018 -0.0998 0.9950
vn -0.0301 -0.0988 0.9947
vn -0.2274 0.0019 0.9738
vn -0.9639 -0.2663 -0.0002
vn -0.7794 0.5796 -0.2378
vn -0.3404 0.0755 -0.9372
vn -0.5716 -0.0393 -0.8196
vn -0.6447 -0.0673 -0.7615
vn -0.7017 -0.0499 0.7107
vn -0.7164 -0.0179 0.6974
vn -0.5599 0.1242 0.8192
vn -0.5024 0.1605 0.8496
vn -0.4560 0.1900 0.8695
vn -0.3608 0.2346 -0.9026
vn -0.0532 0.0393 -0.9978
vn -0.2415 0.3218 -0.9155
vn -0.2094 0.3913 -0.8961
vn -0.2206 0.9431 0.2487
vn -0.0199 0.9998 0.0068
vn -0.1974 0.9803 0.0031
vn 0.8747 0.4847 0.0003
vn -0.2321 0.1888 0.9542
vn -0.3365 0.1263 -0.9332
vn 0.6000 0.1598 -0.7839
vn 0.9983 -0.0583 0.0006
vn 0.4227 -0.9063 -0.0010
vn 0.8431 0.2658 -0.4675
vn 0.0668 0.0803 0.9945
vn 0.7071 -0.7071 -0.0010
vn 0.1801 0.5970 0.7817
vn -0.1415 -0.2080 -0.9679
vn 0.0216 -0.1565 0.9874
vn 0.0438 -0.1953 0.9798
vn 0.0110 0.0926 0.9956
vn -0.0075 0.1727 0.9849
vn -0.2322 0.1889 -0.9542
vn -0.4956 0.2294 0.8377
vn -0.2635 0.5626 -0.7836
vn 0.0738 -0.1396 0.9874
vn 0.1079 -0.1684 0.9798
vn -0.9998 0.0091 -0.0172
vn 0.0439 0.0597 -0.9973
vn -0.0025 -0.7069 -0.7073
vn -0.0025 -0.9247 -0.3806
vn 0.9999 0.0002 0.0141
vn 0.2107 0.9775 0.0033
vn -0.8891 0.0161 -0.4575
vn 0.0588 -0.0002 -0.9983
vn -0.8746 0.4387 -0.2063
vn -0.0279 0.4670 0.8838
vn 0.0532 0.4570 0.8879
vn 0.7910 0.5052 -0.3451
vn 0.7776 0.5536 -0.2981
vn -0.7644 0.6448 0.0041
vn -0.7642 0.6449 -0.0080
vn 0.8894 0.4570 0.0047
vn 0.8893 0.4573 -0.0094
vn 0.2832 0.4853 -0.8272
vn 0.0500 0.4299 -0.9015
vn -0.2274 0.0019 -0.9738
vn -0.2712 0.5503 -0.7897
vn -0.2280 0.5903 -0.7743
vn 0.1942 0.0782 -0.9778
vn -0.2853 0.5771 0.7652
vn 0.2987 0.5100 0.8066
vn 0.2497 0.5656 0.7859
vn -0.6919 0.6647 0.2819
vn -0.9779 -0.1474 0.1479
vn -0.9733 -0.0886 0.2119
vn -0.9796 -0.2009 -0.0000
vn -1.0000 -0.0076 0.0026
vn -0.9774 -0.1954 0.0804
vn -0.7052 0.6556 0.2700
vn -0.6670 0.7451 -0.0000
vn -0.7114 0.7028 -0.0000
vn -0.7113 -0.7029 -0.0000
vn -0.6664 -0.0000 0.7456
vn -0.7038 -0.2733 0.6557
vn -0.7109 -0.0000 0.7033
vn -0.5882 -0.3111 0.7465
vn -0.7096 -0.4984 -0.4981
vn -0.7371 0.5310 0.4179
vn -0.7049 0.6929 0.1518
vn -0.6261 0.6412 0.4438
vn -0.8188 -0.4018 0.4100
vn -0.9210 0.1494 -0.3597
vn -1.0000 -0.0078 -0.0001
vn -0.0264 0.4386 -0.8983
vn 0.2989 0.5102 -0.8065
vn -0.5896 0.7468 -0.3076
vn 0.9055 0.4240 0.0157
vn -0.0267 0.9976 0.0642
vn -0.8615 -0.2700 0.4299
vn -0.8832 -0.1771 0.4342
vn 0.0377 0.9770 0.2098
vn -0.0202 0.9778 0.2083
vn 0.9043 0.0456 0.4245
vn -0.6272 -0.7203 -0.2963
vn -0.6148 0.0001 0.7887
vn -0.6140 0.0001 0.7893
vn -0.4675 0.3398 -0.8161
vn -0.6145 0.0001 -0.7889
vn -0.6136 0.0001 -0.7896
vn -0.6157 0.5579 0.5564
vn -0.6149 0.5587 0.5566
vn -0.6269 0.3012 0.7186
vn -0.4764 -0.0000 -0.8792
vn -0.2614 0.8925 -0.3677
vn -0.4023 0.6471 -0.6476
vn -0.9214 0.3886 -0.0000
vn -0.4019 0.9157 -0.0000
vn -0.9216 -0.0000 -0.3881
vn -0.9887 -0.0557 0.1392
vn 0.7909 0.5053 0.3452
vn 0.9997 0.0201 0.0125
vn -0.1973 0.9803 -0.0062
vn -0.2234 0.9474 0.2291
vn 0.2832 0.4851 0.8273
vn 0.2380 0.5385 0.8083
vn -0.6919 0.6647 -0.2819
vn 0.7969 0.5123 0.3200
vn 0.9920 0.1243 -0.0237
vn 0.8775 0.1155 -0.4655
vn 0.8615 0.1945 -0.4690
vn 0.9589 0.2828 -0.0226
vn -0.2243 -0.0282 0.9741
vn 0.2424 0.9391 0.2438
vn 0.8972 -0.0015 0.4416
vn -0.3488 0.9372 -0.0027
vn -0.2850 0.5764 -0.7659
vn -0.2389 0.6175 -0.7494
vn -0.6882 0.6583 -0.3050
vn -0.9832 0.1173 -0.1398
vn -0.0372 0.9740 0.2234
vn 0.7556 0.4187 0.5037
vn -0.4013 0.3526 0.8454
vn 0.9330 -0.0135 0.3596
vn 0.0377 0.9768 -0.2109
vn 0.2978 -0.6386 0.7096
vn 0.1802 0.0725 0.9809
vn -0.2180 0.0679 0.9736
vn -0.2719 0.0789 -0.9591
vn 0.0376 0.9731 -0.2271
vn -0.1937 -0.6509 0.7341
vn 0.6386 -0.2977 -0.7096
vn 0.6806 0.1824 0.7096
vn -0.0614 0.7020 0.7096
vn -0.7019 0.0614 -0.7096
vn 0.0614 -0.7020 0.7096
vn -0.6806 -0.1824 0.7096
vn 0.0614 -0.7019 -0.7096
vn 0.2978 -0.6386 -0.7096
vn -0.2279 0.5902 0.7744
vn 0.1434 0.9893 0.0271
vn 0.5454 0.4047 -0.7340
vn -0.6806 -0.1824 -0.7096
vn 0.9055 0.4241 -0.0157
vn 0.0029 0.9072 -0.4207
vn -0.6279 0.2980 -0.7190
vn -0.6283 -0.2996 0.7180
vn -0.6278 -0.7191 0.2978
vn -0.6273 0.7203 0.2962
vn -0.6285 -0.2996 -0.7178
vn -0.4012 -0.8471 0.3485
vn -0.4013 0.3525 -0.8454
vn -0.4014 0.8470 0.3485
vn -0.4012 -0.8471 -0.3485
vn -0.4011 -0.3527 0.8454
vn -0.4012 -0.3526 -0.8454
vn 0.7555 0.4188 -0.5038
vn 0.0324 0.9141 -0.4042
vn -0.6277 0.7206 -0.2945
vn 0.1942 0.0782 0.9778
vn -0.2530 0.0734 -0.9647
vn -0.2341 0.0731 0.9695
vn 0.6386 -0.2978 0.7096
vn 0.7019 -0.0614 0.7096
vn -0.2978 0.6386 0.7096
vn -0.7019 0.0614 0.7096
vn -0.0614 0.7019 -0.7096
vn 0.4983 -0.4982 0.7096
vn 0.9419 -0.0136 0.3357
vn 0.2380 0.5385 -0.8083
vn -0.2396 0.6181 0.7487
vn 0.2500 0.5656 -0.7859
vn -0.6281 -0.7196 -0.2960
vn -0.6278 0.2979 0.7191
vn -0.4014 0.8470 -0.3485
vn 0.7776 0.5535 0.2983
vn 0.7826 0.5570 0.2781
vn -0.0000 -1.0000 -0.0000
vt 0.308049 0.433460
vt 0.308074 0.755168
vt 0.249732 0.755244
vt 0.249692 0.433406
vt 0.276150 0.950712
vt 0.276105 0.028309
vt 0.334245 0.028168
vt 0.334301 0.950700
vt 0.368620 0.433487
vt 0.368620 0.755023
vt 0.310265 0.755062
vt 0.310251 0.433395
vt 0.273857 0.028235
vt 0.273900 0.950737
vt 0.215543 0.950803
vt 0.215485 0.028171
vt 0.148335 0.950787
vt 0.148278 0.028154
vt 0.469286 0.028159
vt 0.469346 0.950791
vt 0.776719 0.714383
vt 0.762882 0.714380
vt 0.762882 0.669468
vt 0.776719 0.669471
vt 0.682253 0.556231
vt 0.726221 0.556249
vt 0.722800 0.559260
vt 0.685526 0.559116
vt 0.726220 0.683111
vt 0.723215 0.679703
vt 0.723346 0.559531
vt 0.682252 0.683092
vt 0.685674 0.680081
vt 0.722880 0.680073
vt 0.685256 0.559664
vt 0.685127 0.679810
vt 0.436542 0.434064
vt 0.436557 0.702423
vt 0.404949 0.702520
vt 0.404866 0.433958
vt 0.761134 0.714348
vt 0.761134 0.669446
vt 0.762767 0.669441
vt 0.762770 0.714353
vt 0.402502 0.434077
vt 0.402521 0.702580
vt 0.370917 0.702686
vt 0.370830 0.433979
vt 0.761003 0.669451
vt 0.761002 0.714349
vt 0.759375 0.714356
vt 0.759372 0.669448
vt 0.682428 0.556102
vt 0.726047 0.556122
vt 0.146087 0.030470
vt 0.146070 0.948876
vt 0.145141 0.950150
vt 0.145149 0.029208
vt 0.726048 0.683239
vt 0.682428 0.683219
vt 0.682125 0.682918
vt 0.682127 0.556406
vt 0.274949 0.027557
vt 0.274957 0.028886
vt 0.273943 0.027027
vt 0.773655 0.669383
vt 0.773656 0.669315
vt 0.773713 0.669349
vt 0.773708 0.669411
vt 0.274958 0.951372
vt 0.275001 0.950052
vt 0.276005 0.951909
vt 0.770527 0.669384
vt 0.770527 0.669315
vt 0.770585 0.669348
vt 0.770580 0.669411
vt 0.685559 0.559540
vt 0.685438 0.559748
vt 0.685606 0.559287
vt 0.722930 0.559555
vt 0.722723 0.559434
vt 0.723176 0.559610
vt 0.722930 0.679800
vt 0.723051 0.679592
vt 0.685559 0.679785
vt 0.685766 0.679906
vt 0.685300 0.679731
vt 0.148393 0.027060
vt 0.469321 0.027027
vt 0.276006 0.027106
vt 0.334173 0.027027
vt 0.309163 0.434117
vt 0.309135 0.754527
vt 0.215427 0.027097
vt 0.147261 0.950744
vt 0.147241 0.028067
vt 0.368670 0.756196
vt 0.310285 0.756170
vt 0.275011 0.028949
vt 0.469448 0.951864
vt 0.148270 0.951904
vt 0.273944 0.951931
vt 0.215555 0.951934
vt 0.369727 0.434119
vt 0.369674 0.754359
vt 0.470452 0.028200
vt 0.470492 0.950749
vt 0.274947 0.950090
vt 0.685772 0.559413
vt 0.723057 0.559769
vt 0.722717 0.679927
vt 0.685432 0.679571
vt 0.403820 0.702500
vt 0.403758 0.434022
vt 0.762825 0.669443
vt 0.762826 0.714351
vt 0.369780 0.702638
vt 0.369727 0.433886
vt 0.759314 0.714353
vt 0.759312 0.669449
vt 0.767076 0.669318
vt 0.768712 0.669323
vt 0.768716 0.669377
vt 0.767074 0.669384
vt 0.762772 0.714409
vt 0.761131 0.714415
vt 0.768834 0.669317
vt 0.770470 0.669322
vt 0.770467 0.669379
vt 0.768833 0.669385
vt 0.759366 0.669392
vt 0.761002 0.669383
vt 0.249633 0.756369
vt 0.248625 0.755208
vt 0.214393 0.951875
vt 0.214419 0.950761
vt 0.309151 0.755859
vt 0.308133 0.756369
vt 0.274957 0.027614
vt 0.369682 0.755663
vt 0.274949 0.951416
vt 0.768770 0.669320
vt 0.770527 0.669327
vt 0.214382 0.028212
vt 0.470551 0.027085
vt 0.335286 0.028071
vt 0.776728 0.669352
vt 0.776784 0.669349
vt 0.776780 0.669409
vt 0.776723 0.669408
vt 0.309170 0.755126
vt 0.335342 0.950647
vt 0.335198 0.951792
vt 0.334177 0.951785
vt 0.773655 0.669358
vt 0.773596 0.669410
vt 0.773600 0.669352
vt 0.682061 0.556030
vt 0.682243 0.555949
vt 0.681981 0.556213
vt 0.146651 0.027748
vt 0.147241 0.029075
vt 0.145326 0.027168
vt 0.143888 0.028283
vt 0.146651 0.951594
vt 0.145330 0.952186
vt 0.143891 0.951080
vt 0.147228 0.950266
vt 0.682061 0.683292
vt 0.681980 0.683109
vt 0.682243 0.683372
vt 0.767013 0.669411
vt 0.767012 0.669333
vt 0.761068 0.714364
vt 0.761065 0.714442
vt 0.761002 0.714417
vt 0.761070 0.714442
vt 0.761070 0.714362
vt 0.437785 0.702699
vt 0.437788 0.704238
vt 0.436606 0.703786
vt 0.768772 0.669411
vt 0.768770 0.669330
vt 0.761071 0.669430
vt 0.761070 0.669352
vt 0.761131 0.669377
vt 0.761065 0.669357
vt 0.761070 0.669438
vt 0.403758 0.702883
vt 0.403749 0.704384
vt 0.402560 0.703910
vt 0.776780 0.714382
vt 0.776781 0.714442
vt 0.776720 0.714441
vt 0.759366 0.714413
vt 0.762887 0.714437
vt 0.762831 0.714434
vt 0.229857 0.953895
vt 0.229272 0.953016
vt 0.229857 0.951904
vt 0.404828 0.703662
vt 0.762826 0.669469
vt 0.762880 0.669411
vt 0.762766 0.669382
vt 0.762826 0.669385
vt 0.776720 0.669414
vt 0.776784 0.669416
vt 0.776778 0.669474
vt 0.370787 0.703797
vt 0.248606 0.433454
vt 0.726246 0.555968
vt 0.309170 0.433286
vt 0.726246 0.683391
vt 0.437788 0.433776
vt 0.403758 0.433819
vt 0.762828 0.714376
vt 0.335957 0.027697
vt 0.375446 0.027635
vt 0.375431 0.952012
vt 0.335957 0.951978
vt 0.213761 0.027676
vt 0.213789 0.951886
vt 0.154163 0.951265
vt 0.154124 0.028405
vt 0.217272 0.905363
vt 0.248237 0.905414
vt 0.256668 0.931308
vt 0.217218 0.931394
vt 0.250020 0.904174
vt 0.250227 0.871529
vt 0.256870 0.871540
vt 0.256903 0.927726
vt 0.379551 0.027674
vt 0.379585 0.951965
vt 0.372958 0.951965
vt 0.372925 0.027673
vt 0.176278 0.897567
vt 0.176226 0.871530
vt 0.215665 0.871641
vt 0.207923 0.897698
vt 0.442523 0.951958
vt 0.442489 0.027666
vt 0.468528 0.027666
vt 0.468561 0.951958
vt 0.209243 0.899447
vt 0.215898 0.875237
vt 0.215820 0.931412
vt 0.209180 0.931440
vt 0.410617 0.027727
vt 0.441188 0.027664
vt 0.441187 0.951957
vt 0.410613 0.951920
vt 0.408321 0.027699
vt 0.408313 0.951954
vt 0.376732 0.951963
vt 0.376704 0.027681
vt 0.154800 0.027215
vt 0.154800 0.952481
vt 0.376071 0.027567
vt 0.375797 0.027027
vt 0.248292 0.904651
vt 0.249459 0.903284
vt 0.375791 0.952638
vt 0.376080 0.952102
vt 0.408479 0.952626
vt 0.409116 0.951981
vt 0.409819 0.952617
vt 0.217255 0.932035
vt 0.257148 0.932035
vt 0.471295 0.028405
vt 0.471334 0.951265
vt 0.470561 0.952069
vt 0.470551 0.027622
vt 0.257507 0.871574
vt 0.257622 0.930713
vt 0.372345 0.951941
vt 0.372333 0.027624
vt 0.217203 0.904745
vt 0.441881 0.951933
vt 0.441859 0.027690
vt 0.249594 0.871560
vt 0.777226 0.714409
vt 0.778571 0.714409
vt 0.778569 0.714441
vt 0.777223 0.714442
vt 0.776819 0.714408
vt 0.777162 0.714408
vt 0.777158 0.714440
vt 0.776818 0.714442
vt 0.187314 0.952643
vt 0.147876 0.952532
vt 0.147904 0.951904
vt 0.187782 0.951904
vt 0.371705 0.951958
vt 0.371672 0.027666
vt 0.372312 0.027690
vt 0.372333 0.951933
vt 0.216430 0.931468
vt 0.216607 0.872244
vt 0.214033 0.485407
vt 0.240071 0.485407
vt 0.240102 0.486020
vt 0.214040 0.486053
vt 0.207292 0.898333
vt 0.176200 0.898202
vt 0.208427 0.899670
vt 0.208533 0.931402
vt 0.241324 0.485415
vt 0.247951 0.485415
vt 0.248009 0.486028
vt 0.241360 0.486061
vt 0.409138 0.027664
vt 0.776818 0.666665
vt 0.776785 0.714411
vt 0.776784 0.666667
vt 0.335421 0.027037
vt 0.336021 0.027040
vt 0.335342 0.027703
vt 0.229166 0.951952
vt 0.229157 0.952576
vt 0.228519 0.952542
vt 0.228509 0.951904
vt 0.441883 0.027045
vt 0.442530 0.027041
vt 0.221271 0.951912
vt 0.221915 0.951913
vt 0.221877 0.952531
vt 0.221243 0.952562
vt 0.230192 0.952406
vt 0.229857 0.953041
vt 0.336011 0.952606
vt 0.335395 0.952569
vt 0.470591 0.952601
vt 0.471971 0.952481
vt 0.240767 0.486054
vt 0.240711 0.485391
vt 0.441866 0.952570
vt 0.442530 0.952604
vt 0.409850 0.951980
vt 0.410223 0.952616
vt 0.376080 0.952585
vt 0.376095 0.951948
vt 0.376745 0.952598
vt 0.471972 0.027215
vt 0.470609 0.027079
vt 0.777193 0.714407
vt 0.216607 0.931444
vt 0.777192 0.714411
vt 0.213714 0.027027
vt 0.214350 0.027624
vt 0.410256 0.027027
vt 0.409869 0.027663
vt 0.408478 0.027027
vt 0.409850 0.027029
vt 0.441275 0.027060
vt 0.441836 0.027705
vt 0.216616 0.905389
vt 0.376082 0.027632
vt 0.376745 0.027056
vt 0.147241 0.952480
vt 0.240700 0.485383
vt 0.188257 0.953246
vt 0.215795 0.932044
vt 0.214382 0.951840
vt 0.213786 0.952504
vt 0.175625 0.897540
vt 0.441859 0.951948
vt 0.441263 0.952585
vt 0.209129 0.932065
vt 0.248606 0.485391
vt 0.335362 0.951935
vt 0.175592 0.871478
vt 0.697320 0.629668
vt 0.697317 0.617096
vt 0.697424 0.617108
vt 0.697427 0.629656
vt 0.752506 0.617059
vt 0.752506 0.658370
vt 0.752399 0.658358
vt 0.752399 0.617071
vt 0.724590 0.617067
vt 0.724597 0.629639
vt 0.724489 0.629627
vt 0.724483 0.617079
vt 0.752614 0.617071
vt 0.752614 0.658358
vt 0.725117 0.617060
vt 0.738193 0.617060
vt 0.737941 0.617312
vt 0.725370 0.617312
vt 0.738193 0.658875
vt 0.737941 0.658623
vt 0.725117 0.658875
vt 0.725370 0.658623
vt 0.724373 0.630166
vt 0.724366 0.617067
vt 0.724476 0.617078
vt 0.724483 0.630154
vt 0.752399 0.617059
vt 0.752399 0.658897
vt 0.752289 0.658886
vt 0.752289 0.617071
vt 0.724718 0.617067
vt 0.724721 0.630166
vt 0.724611 0.630155
vt 0.724607 0.617078
vt 0.752179 0.658897
vt 0.752179 0.617059
vt 0.752289 0.617070
vt 0.752289 0.658885
vt 0.683397 0.574442
vt 0.697317 0.574442
vt 0.696905 0.574852
vt 0.683807 0.574853
vt 0.697317 0.617100
vt 0.696906 0.616689
vt 0.683397 0.617101
vt 0.683808 0.616690
vt 0.723973 0.631067
vt 0.723970 0.617067
vt 0.724059 0.617105
vt 0.724062 0.631025
vt 0.753193 0.574442
vt 0.753194 0.617180
vt 0.753105 0.617142
vt 0.753105 0.574484
vt 0.725110 0.617067
vt 0.725117 0.631067
vt 0.725029 0.631029
vt 0.725022 0.617109
vt 0.753194 0.617180
vt 0.753194 0.574442
vt 0.753282 0.574480
vt 0.753282 0.617138
vt 0.723786 0.631038
vt 0.723779 0.617092
vt 0.723869 0.617067
vt 0.723876 0.631067
vt 0.753015 0.574471
vt 0.753015 0.617155
vt 0.752924 0.617180
vt 0.752924 0.574442
vt 0.723966 0.617096
vt 0.723970 0.631042
vt 0.723880 0.631067
vt 0.723876 0.617067
vt 0.753015 0.617151
vt 0.753015 0.574467
vt 0.753105 0.574442
vt 0.753105 0.617180
vt 0.683069 0.574771
vt 0.669782 0.574771
vt 0.669452 0.574442
vt 0.683397 0.574442
vt 0.669782 0.616797
vt 0.669452 0.617126
vt 0.683069 0.616797
vt 0.683397 0.617126
vt 0.724319 0.630380
vt 0.724313 0.617067
vt 0.724334 0.617079
vt 0.724341 0.630367
vt 0.753839 0.616493
vt 0.753839 0.658544
vt 0.753817 0.658531
vt 0.753817 0.616506
vt 0.724363 0.617067
vt 0.724366 0.630380
vt 0.724344 0.630367
vt 0.724341 0.617079
vt 0.753817 0.616493
vt 0.753817 0.574442
vt 0.753839 0.574455
vt 0.753839 0.616480
vt 0.725143 0.574443
vt 0.738995 0.574442
vt 0.738725 0.574713
vt 0.725414 0.574713
vt 0.738983 0.617020
vt 0.738725 0.616764
vt 0.725157 0.617021
vt 0.725414 0.616764
vt 0.739021 0.617060
vt 0.725117 0.617060
vt 0.724843 0.630987
vt 0.724836 0.617067
vt 0.724883 0.617101
vt 0.724890 0.630954
vt 0.753309 0.617092
vt 0.753282 0.574474
vt 0.753330 0.574442
vt 0.753748 0.617092
vt 0.753727 0.574442
vt 0.753775 0.574476
vt 0.753360 0.617100
vt 0.724241 0.617067
vt 0.724245 0.630987
vt 0.724194 0.630979
vt 0.724190 0.617074
vt 0.753697 0.617100
vt 0.724793 0.630979
vt 0.724786 0.617074
vt 0.753380 0.574450
vt 0.753677 0.574449
vt 0.753404 0.617067
vt 0.724285 0.617101
vt 0.724288 0.630954
vt 0.753653 0.617066
vt 0.752885 0.574480
vt 0.739060 0.574481
vt 0.739021 0.574442
vt 0.739047 0.617059
vt 0.752900 0.617058
vt 0.752806 0.574560
vt 0.739140 0.574560
vt 0.739140 0.616966
vt 0.752806 0.616966
vt 0.724765 0.630735
vt 0.724758 0.617067
vt 0.724779 0.617067
vt 0.724786 0.630735
vt 0.753817 0.616848
vt 0.753796 0.616848
vt 0.753796 0.574442
vt 0.724309 0.617067
vt 0.724313 0.630735
vt 0.724292 0.630735
vt 0.724288 0.617067
vt 0.753775 0.616848
vt 0.753775 0.574442
vt 0.697317 0.574442
vt 0.711231 0.574442
vt 0.711107 0.574566
vt 0.697441 0.574566
vt 0.711232 0.617096
vt 0.711107 0.616972
vt 0.697317 0.617096
vt 0.697441 0.616972
vt 0.724918 0.630986
vt 0.724911 0.617067
vt 0.725015 0.617069
vt 0.725022 0.630985
vt 0.753633 0.574442
vt 0.753633 0.617100
vt 0.753528 0.617098
vt 0.753528 0.574444
vt 0.724166 0.617067
vt 0.724170 0.630986
vt 0.724066 0.630984
vt 0.724062 0.617069
vt 0.753424 0.617100
vt 0.753424 0.574442
vt 0.753528 0.574444
vt 0.753528 0.617098
vt 0.724897 0.630969
vt 0.724890 0.617083
vt 0.753653 0.574459
vt 0.753653 0.617083
vt 0.724187 0.617084
vt 0.724190 0.630970
vt 0.753404 0.617083
vt 0.753404 0.574458
vt 0.724758 0.574801
vt 0.711591 0.574801
vt 0.711232 0.574442
vt 0.725117 0.574442
vt 0.711591 0.616708
vt 0.711232 0.617067
vt 0.724760 0.616709
vt 0.725117 0.617066
vt 0.724738 0.617067
vt 0.724758 0.630230
vt 0.724744 0.630236
vt 0.753788 0.616848
vt 0.753789 0.658756
vt 0.753775 0.658750
vt 0.724724 0.630229
vt 0.724721 0.617072
vt 0.724734 0.617067
vt 0.724738 0.630235
vt 0.753802 0.616854
vt 0.753802 0.658750
vt 0.753789 0.658755
vt 0.753789 0.616848
vt 0.724751 0.617073
vt 0.753775 0.616853
vt 0.751916 0.617323
vt 0.739285 0.617323
vt 0.739021 0.617061
vt 0.752177 0.617059
vt 0.739285 0.658693
vt 0.739022 0.658956
vt 0.751916 0.658693
vt 0.752179 0.658956
vt 0.751711 0.617525
vt 0.739487 0.617527
vt 0.739490 0.658491
vt 0.751714 0.658488
vt 0.751651 0.617587
vt 0.739549 0.617587
vt 0.739549 0.658428
vt 0.751651 0.658429
vt 0.698032 0.629211
vt 0.698029 0.617164
vt 0.698075 0.617136
vt 0.698078 0.629239
vt 0.738426 0.617128
vt 0.738426 0.657913
vt 0.738379 0.657941
vt 0.738379 0.617100
vt 0.697474 0.617164
vt 0.697480 0.629211
vt 0.697433 0.629239
vt 0.697427 0.617136
vt 0.738974 0.657913
vt 0.738974 0.617127
vt 0.739021 0.617100
vt 0.739021 0.657941
vt 0.697944 0.629210
vt 0.697941 0.617165
vt 0.738513 0.617129
vt 0.738513 0.657912
vt 0.697562 0.617165
vt 0.697568 0.629210
vt 0.738887 0.657912
vt 0.738887 0.617128
vt 0.697840 0.629233
vt 0.697837 0.617142
vt 0.738617 0.617105
vt 0.738617 0.657935
vt 0.697665 0.617142
vt 0.697671 0.629233
vt 0.738783 0.657935
vt 0.738783 0.617105
vt 0.697757 0.629279
vt 0.697754 0.617096
vt 0.738700 0.617060
vt 0.738700 0.657981
vt 0.697748 0.617096
vt 0.697754 0.629279
vt 0.711374 0.617210
vt 0.723635 0.617209
vt 0.723595 0.617250
vt 0.711414 0.617250
vt 0.723636 0.658210
vt 0.723595 0.658170
vt 0.711375 0.658211
vt 0.711414 0.658171
vt 0.711232 0.617067
vt 0.723779 0.617067
vt 0.723778 0.658353
vt 0.711232 0.658353
vt 0.712297 0.622382
vt 0.712337 0.622425
vt 0.710177 0.622438
vt 0.710175 0.622382
vt 0.744524 0.594560
vt 0.744565 0.594522
vt 0.746685 0.594552
vt 0.712596 0.601358
vt 0.712401 0.600887
vt 0.714449 0.588033
vt 0.714425 0.602284
vt 0.712395 0.547527
vt 0.712354 0.547484
vt 0.714514 0.547495
vt 0.744524 0.571013
vt 0.744563 0.570976
vt 0.746687 0.570976
vt 0.746688 0.571030
vt 0.746687 0.547540
vt 0.744521 0.547504
vt 0.746688 0.547484
vt 0.712339 0.547484
vt 0.712296 0.547528
vt 0.710176 0.547498
vt 0.766517 0.567492
vt 0.763845 0.567502
vt 0.763811 0.567161
vt 0.766512 0.567157
vt 0.766562 0.591018
vt 0.762092 0.591031
vt 0.762084 0.590687
vt 0.766518 0.590682
vt 0.734763 0.547514
vt 0.739244 0.547504
vt 0.739250 0.547846
vt 0.734816 0.547847
vt 0.743838 0.618442
vt 0.739360 0.618449
vt 0.739352 0.618108
vt 0.743827 0.618107
vt 0.714672 0.618519
vt 0.714607 0.618162
vt 0.715017 0.618585
vt 0.734654 0.547600
vt 0.734717 0.547941
vt 0.734309 0.547533
vt 0.734309 0.618589
vt 0.734717 0.618180
vt 0.734651 0.618527
vt 0.714539 0.602912
vt 0.714562 0.603179
vt 0.714198 0.603019
vt 0.714467 0.602668
vt 0.714054 0.602673
vt 0.713928 0.602416
vt 0.734815 0.601873
vt 0.737718 0.600435
vt 0.737456 0.600927
vt 0.746359 0.590554
vt 0.746297 0.590518
vt 0.746332 0.590454
vt 0.744586 0.614534
vt 0.744521 0.614534
vt 0.744536 0.614490
vt 0.744586 0.614491
vt 0.744538 0.612666
vt 0.744586 0.612707
vt 0.744535 0.612713
vt 0.746688 0.569157
vt 0.746718 0.569147
vt 0.746731 0.569196
vt 0.746740 0.570979
vt 0.746727 0.571030
vt 0.746696 0.571018
vt 0.714168 0.622379
vt 0.714200 0.622435
vt 0.714160 0.622421
vt 0.714124 0.602921
vt 0.764005 0.614492
vt 0.763974 0.614534
vt 0.763952 0.614493
vt 0.762253 0.612560
vt 0.762351 0.612199
vt 0.762405 0.612207
vt 0.686652 0.547531
vt 0.686661 0.547484
vt 0.686696 0.547527
vt 0.688411 0.549461
vt 0.688303 0.549821
vt 0.688258 0.549817
vt 0.712340 0.622378
vt 0.748472 0.571015
vt 0.748470 0.570971
vt 0.763796 0.549805
vt 0.762019 0.549776
vt 0.763831 0.549753
vt 0.746733 0.591240
vt 0.748091 0.591245
vt 0.747904 0.591287
vt 0.746917 0.591280
vt 0.747905 0.592869
vt 0.746733 0.592868
vt 0.746921 0.592830
vt 0.712351 0.547530
vt 0.712340 0.547531
vt 0.766517 0.547510
vt 0.766516 0.547849
vt 0.766473 0.547847
vt 0.737473 0.618111
vt 0.737487 0.618472
vt 0.737431 0.618452
vt 0.743830 0.547511
vt 0.743831 0.547854
vt 0.743784 0.547852
vt 0.763790 0.567523
vt 0.766562 0.590680
vt 0.734771 0.547849
vt 0.761977 0.547848
vt 0.761975 0.547484
vt 0.762030 0.547504
vt 0.762030 0.547846
vt 0.739304 0.618469
vt 0.739308 0.618101
vt 0.739308 0.547845
vt 0.739305 0.547484
vt 0.739361 0.547504
vt 0.739351 0.547851
vt 0.762036 0.591051
vt 0.762040 0.590690
vt 0.762020 0.571392
vt 0.762027 0.571030
vt 0.762082 0.571050
vt 0.762076 0.571391
vt 0.739299 0.547484
vt 0.739294 0.547844
vt 0.761900 0.612711
vt 0.761891 0.612657
vt 0.686694 0.622377
vt 0.686661 0.622420
vt 0.686652 0.622374
vt 0.688241 0.620081
vt 0.688285 0.620075
vt 0.688396 0.620445
vt 0.688763 0.549310
vt 0.688772 0.549353
vt 0.710131 0.547534
vt 0.710166 0.547490
vt 0.710175 0.547537
vt 0.708582 0.549819
vt 0.708539 0.549826
vt 0.708431 0.549466
vt 0.714562 0.618183
vt 0.715010 0.618628
vt 0.734760 0.547934
vt 0.734321 0.547484
vt 0.714728 0.547631
vt 0.714689 0.547590
vt 0.715026 0.547485
vt 0.715032 0.547529
vt 0.714583 0.547931
vt 0.714622 0.547950
vt 0.734315 0.618639
vt 0.734763 0.618202
vt 0.748105 0.591288
vt 0.763992 0.594560
vt 0.763952 0.594805
vt 0.763949 0.594601
vt 0.763998 0.595295
vt 0.763954 0.595296
vt 0.763989 0.595036
vt 0.764003 0.594788
vt 0.712366 0.600971
vt 0.712340 0.600715
vt 0.712447 0.601202
vt 0.739304 0.598749
vt 0.739277 0.599002
vt 0.739245 0.598893
vt 0.739195 0.599234
vt 0.739077 0.599348
vt 0.737520 0.600945
vt 0.737482 0.601206
vt 0.737606 0.600701
vt 0.712597 0.601426
vt 0.713891 0.602442
vt 0.739051 0.599446
vt 0.737934 0.600324
vt 0.737743 0.600503
vt 0.739352 0.598550
vt 0.743784 0.598886
vt 0.734763 0.618446
vt 0.734772 0.618121
vt 0.766562 0.571051
vt 0.766548 0.571382
vt 0.761988 0.549775
vt 0.690687 0.622419
vt 0.690648 0.622381
vt 0.746732 0.590464
vt 0.746643 0.591095
vt 0.746373 0.571060
vt 0.746730 0.571030
vt 0.746732 0.571087
vt 0.714562 0.622407
vt 0.744563 0.547540
vt 0.708067 0.549348
vt 0.711653 0.560823
vt 0.710176 0.560755
vt 0.739250 0.558771
vt 0.714493 0.560756
vt 0.744521 0.590532
vt 0.744553 0.590533
vt 0.688759 0.620563
vt 0.690687 0.620558
vt 0.690648 0.620597
vt 0.762362 0.595295
vt 0.762405 0.595296
vt 0.714162 0.603181
vt 0.708550 0.601211
vt 0.710169 0.601206
vt 0.710175 0.601428
vt 0.708548 0.601422
vt 0.762360 0.594791
vt 0.762369 0.595034
vt 0.748459 0.569193
vt 0.710165 0.600976
vt 0.708548 0.600981
vt 0.708546 0.600728
vt 0.710167 0.600721
vt 0.748107 0.592871
vt 0.762367 0.594594
vt 0.714471 0.572229
vt 0.711186 0.560823
vt 0.743838 0.547485
vt 0.744292 0.547484
vt 0.744291 0.588451
vt 0.743838 0.588451
vt 0.746332 0.571064
vt 0.712395 0.560729
vt 0.711667 0.601809
vt 0.711170 0.601806
vt 0.744406 0.588391
vt 0.744407 0.547487
vt 0.744521 0.547484
vt 0.744517 0.588395
vt 0.743952 0.602486
vt 0.743952 0.602940
vt 0.743838 0.602945
vt 0.743838 0.602479
vt 0.744406 0.547488
vt 0.744406 0.588452
vt 0.744295 0.588455
vt 0.743838 0.603405
vt 0.743838 0.602951
vt 0.743949 0.602945
vt 0.743949 0.603411
vt 0.711651 0.601798
vt 0.711187 0.601797
vt 0.748493 0.569147
vt 0.714736 0.637859
vt 0.714725 0.618977
vt 0.722392 0.618967
vt 0.722402 0.637849
vt 0.752565 0.614704
vt 0.759937 0.614880
vt 0.759898 0.633773
vt 0.752561 0.633911
vt 0.744691 0.641787
vt 0.744845 0.634283
vt 0.752204 0.635730
vt 0.752165 0.641789
vt 0.722884 0.618817
vt 0.730230 0.618966
vt 0.730193 0.637863
vt 0.722888 0.638030
vt 0.770604 0.641909
vt 0.763247 0.641760
vt 0.763281 0.635688
vt 0.770599 0.634241
vt 0.714758 0.638060
vt 0.714562 0.637974
vt 0.714768 0.638184
vt 0.714605 0.638133
vt 0.722552 0.637969
vt 0.722362 0.638043
vt 0.722498 0.638128
vt 0.722342 0.638176
vt 0.722365 0.618765
vt 0.722553 0.618849
vt 0.722347 0.618639
vt 0.722503 0.618689
vt 0.714562 0.618854
vt 0.714762 0.618782
vt 0.714610 0.618694
vt 0.714772 0.618647
vt 0.752366 0.614729
vt 0.752488 0.614534
vt 0.752241 0.614745
vt 0.752293 0.614586
vt 0.752483 0.634073
vt 0.752374 0.633876
vt 0.752289 0.634023
vt 0.752241 0.633862
vt 0.744648 0.634313
vt 0.744768 0.634105
vt 0.744522 0.634323
vt 0.744572 0.634160
vt 0.744714 0.641984
vt 0.744521 0.641895
vt 0.744728 0.642105
vt 0.744568 0.642051
vt 0.722683 0.618841
vt 0.722763 0.618649
vt 0.722553 0.618855
vt 0.722601 0.618696
vt 0.722762 0.638187
vt 0.722693 0.637992
vt 0.722599 0.638136
vt 0.722556 0.637976
vt 0.770804 0.641884
vt 0.770719 0.642071
vt 0.770930 0.641865
vt 0.770879 0.642021
vt 0.770683 0.634070
vt 0.770791 0.634277
vt 0.770878 0.634125
vt 0.770925 0.634288
vt 0.759902 0.614691
vt 0.759903 0.614555
vt 0.752170 0.635527
vt 0.752169 0.635383
vt 0.730193 0.618778
vt 0.730189 0.618641
vt 0.763282 0.641947
vt 0.763283 0.642079
vt 0.701923 0.622622
vt 0.709481 0.622629
vt 0.709460 0.641470
vt 0.701902 0.641464
vt 0.686824 0.641589
vt 0.686827 0.622499
vt 0.694193 0.622507
vt 0.694227 0.641598
vt 0.722101 0.644529
vt 0.714642 0.645693
vt 0.714644 0.638386
vt 0.722060 0.638262
vt 0.775059 0.590189
vt 0.775066 0.571103
vt 0.782364 0.571110
vt 0.782396 0.590195
vt 0.778805 0.602140
vt 0.778809 0.594563
vt 0.786110 0.595881
vt 0.786142 0.602145
vt 0.701842 0.622528
vt 0.701947 0.622472
vt 0.701870 0.622435
vt 0.701959 0.622420
vt 0.709447 0.622484
vt 0.709539 0.622492
vt 0.709447 0.622427
vt 0.709540 0.641563
vt 0.709435 0.641650
vt 0.709526 0.641652
vt 0.701938 0.641642
vt 0.701828 0.641557
vt 0.701858 0.641652
vt 0.686689 0.641657
vt 0.686652 0.641564
vt 0.686832 0.641689
vt 0.686691 0.622441
vt 0.686816 0.622420
vt 0.686657 0.622535
vt 0.714745 0.645862
vt 0.714620 0.645854
vt 0.714562 0.645775
vt 0.714564 0.638290
vt 0.714669 0.638235
vt 0.714628 0.638199
vt 0.774924 0.590252
vt 0.774879 0.590164
vt 0.774921 0.571137
vt 0.774969 0.571040
vt 0.774881 0.571095
vt 0.778712 0.602212
vt 0.778626 0.602118
vt 0.778624 0.602214
vt 0.778631 0.594647
vt 0.778666 0.594560
vt 0.694232 0.622428
vt 0.694230 0.641670
vt 0.722101 0.638184
vt 0.722102 0.644600
vt 0.782401 0.571030
vt 0.782397 0.590266
vt 0.786148 0.595809
vt 0.786144 0.602219
vt 0.764194 0.594819
vt 0.764192 0.613981
vt 0.764087 0.614174
vt 0.764054 0.594800
vt 0.764248 0.614128
vt 0.770595 0.614111
vt 0.770787 0.614218
vt 0.764239 0.614269
vt 0.770743 0.614056
vt 0.770743 0.594893
vt 0.770851 0.594701
vt 0.770883 0.614066
vt 0.770688 0.594745
vt 0.764340 0.594763
vt 0.764159 0.594652
vt 0.770698 0.594605
vt 0.759938 0.633961
vt 0.752206 0.641971
vt 0.730233 0.638048
vt 0.763240 0.635504
vt 0.759956 0.634070
vt 0.759899 0.634105
vt 0.759957 0.614699
vt 0.759961 0.614552
vt 0.752222 0.642075
vt 0.752164 0.642109
vt 0.752224 0.635546
vt 0.752226 0.635388
vt 0.730245 0.638157
vt 0.730187 0.638191
vt 0.730247 0.618792
vt 0.730244 0.618639
vt 0.763224 0.635401
vt 0.763281 0.635348
vt 0.763227 0.641932
vt 0.763225 0.642079
vt 0.694240 0.622502
vt 0.722112 0.638261
vt 0.782413 0.571105
vt 0.786158 0.595879
vt 0.764005 0.614067
vt 0.764005 0.594982
vt 0.764230 0.594885
vt 0.770678 0.614297
vt 0.764420 0.614315
vt 0.764316 0.614090
vt 0.770930 0.594810
vt 0.770928 0.613891
vt 0.770704 0.613987
vt 0.764259 0.594575
vt 0.770524 0.594560
vt 0.770620 0.594784
vt 0.764243 0.614055
vt 0.764266 0.594813
vt 0.770669 0.614059
vt 0.770691 0.594819
vt 0.769290 0.566890
vt 0.769297 0.567138
vt 0.766518 0.567105
vt 0.766532 0.566860
vt 0.769287 0.567357
vt 0.766517 0.567333
vt 0.733016 0.633257
vt 0.733027 0.633496
vt 0.730253 0.633489
vt 0.730264 0.633243
vt 0.733021 0.633703
vt 0.730257 0.633703
vt 0.772112 0.590436
vt 0.772120 0.590679
vt 0.769351 0.590665
vt 0.769364 0.590416
vt 0.772108 0.590895
vt 0.769348 0.590889
vt 0.712333 0.622910
vt 0.709573 0.623428
vt 0.709556 0.623163
vt 0.712322 0.622662
vt 0.709551 0.622929
vt 0.712308 0.622438
vt 0.766536 0.547937
vt 0.769294 0.547967
vt 0.730247 0.626653
vt 0.733008 0.627161
vt 0.769365 0.571490
vt 0.772113 0.571510
vt 0.712328 0.629517
vt 0.709576 0.629518
vt 0.766522 0.547707
vt 0.769291 0.547705
vt 0.766520 0.547489
vt 0.769283 0.547484
vt 0.730259 0.626402
vt 0.733025 0.626897
vt 0.730273 0.626177
vt 0.733038 0.626666
vt 0.769352 0.571247
vt 0.772122 0.571260
vt 0.769349 0.571030
vt 0.772110 0.571036
vt 0.712340 0.629768
vt 0.709566 0.629755
vt 0.712335 0.629976
vt 0.709571 0.629970
vt 0.762738 0.614879
vt 0.759965 0.614855
vt 0.759966 0.614672
vt 0.762741 0.614677
vt 0.759970 0.614534
vt 0.762753 0.614535
vt 0.759974 0.640983
vt 0.762723 0.641007
vt 0.762723 0.641194
vt 0.759972 0.641185
vt 0.762724 0.641336
vt 0.759971 0.641331
vt 0.774878 0.571379
vt 0.772128 0.571354
vt 0.772128 0.571169
vt 0.774879 0.571177
vt 0.772126 0.571030
vt 0.774879 0.571035
vt 0.781384 0.602830
vt 0.781381 0.603019
vt 0.778630 0.602554
vt 0.778631 0.602357
vt 0.781393 0.602692
vt 0.778624 0.602219
vt 0.762737 0.633778
vt 0.759964 0.633751
vt 0.759971 0.634905
vt 0.762721 0.634438
vt 0.774875 0.590272
vt 0.772125 0.590247
vt 0.778641 0.609108
vt 0.781391 0.609105
vt 0.762738 0.633961
vt 0.759963 0.633958
vt 0.759961 0.634103
vt 0.762751 0.634101
vt 0.759970 0.634716
vt 0.762722 0.634239
vt 0.759961 0.634579
vt 0.762722 0.634103
vt 0.774875 0.590456
vt 0.772124 0.590448
vt 0.774874 0.590592
vt 0.772122 0.590587
vt 0.781390 0.609302
vt 0.778639 0.609299
vt 0.781392 0.609445
vt 0.778639 0.609445
vt 0.746727 0.547895
vt 0.746858 0.547670
vt 0.746887 0.547890
vt 0.754613 0.567312
vt 0.754744 0.567213
vt 0.754885 0.567374
vt 0.754749 0.567528
vt 0.754165 0.547525
vt 0.754387 0.547656
vt 0.754176 0.547690
vt 0.761586 0.567650
vt 0.761489 0.567516
vt 0.761769 0.567305
vt 0.761802 0.567517
vt 0.754524 0.567290
vt 0.754392 0.567514
vt 0.754359 0.567302
vt 0.761931 0.547875
vt 0.761796 0.547971
vt 0.761585 0.547692
vt 0.761798 0.547658
vt 0.747319 0.567694
vt 0.747072 0.567653
vt 0.747156 0.567513
vt 0.747010 0.567378
vt 0.746855 0.567516
vt 0.755067 0.547665
vt 0.754886 0.547808
vt 0.754665 0.547792
vt 0.754972 0.547523
vt 0.754752 0.547961
vt 0.746865 0.567210
vt 0.746728 0.567295
vt 0.755048 0.567511
vt 0.754971 0.567658
vt 0.747166 0.547671
vt 0.747324 0.547493
vt 0.761934 0.567294
vt 0.754387 0.547970
vt 0.754520 0.547873
vt 0.761574 0.547527
vt 0.754081 0.567512
vt 0.754176 0.567647
vt 0.747075 0.547534
vt 0.746929 0.547949
vt 0.746901 0.548133
vt 0.754773 0.567029
vt 0.754801 0.567232
vt 0.747014 0.547812
vt 0.754107 0.547727
vt 0.753922 0.547698
vt 0.761306 0.567483
vt 0.761507 0.567456
vt 0.754244 0.547811
vt 0.761648 0.567374
vt 0.754322 0.567233
vt 0.754350 0.567048
vt 0.761764 0.548155
vt 0.761737 0.547954
vt 0.754237 0.567370
vt 0.761654 0.547813
vt 0.747153 0.567458
vt 0.747351 0.567485
vt 0.755221 0.547699
vt 0.755030 0.547725
vt 0.754745 0.547652
vt 0.754565 0.567066
vt 0.754564 0.548139
vt 0.754776 0.548130
vt 0.746688 0.567065
vt 0.746688 0.548139
vt 0.746898 0.567027
vt 0.761344 0.567695
vt 0.755233 0.567698
vt 0.755217 0.567482
vt 0.753915 0.547484
vt 0.747355 0.547702
vt 0.743852 0.595465
vt 0.743856 0.602479
vt 0.743838 0.602226
vt 0.761975 0.548118
vt 0.761975 0.567044
vt 0.761761 0.567052
vt 0.744429 0.588395
vt 0.744424 0.607724
vt 0.744406 0.607470
vt 0.754564 0.548116
vt 0.754564 0.567040
vt 0.754353 0.548153
vt 0.744477 0.607725
vt 0.744481 0.588395
vt 0.744499 0.588648
vt 0.755234 0.547484
vt 0.761335 0.547487
vt 0.761321 0.547698
vt 0.743878 0.588451
vt 0.743873 0.594957
vt 0.743856 0.594693
vt 0.753922 0.567694
vt 0.753907 0.567478
vt 0.754604 0.547876
vt 0.754805 0.547947
vt 0.746925 0.567234
vt 0.769303 0.547622
vt 0.755028 0.567456
vt 0.747154 0.547729
vt 0.761732 0.567236
vt 0.754326 0.547952
vt 0.761517 0.547729
vt 0.754097 0.567453
vt 0.822995 0.912184
vt 0.823409 0.913593
vt 0.823031 0.913161
vt 0.821170 0.933280
vt 0.820937 0.934467
vt 0.820930 0.932380
vt 0.829953 0.934030
vt 0.829355 0.933792
vt 0.829882 0.933792
vt 0.837538 0.931508
vt 0.837318 0.932537
vt 0.837318 0.931558
vt 0.821173 0.918779
vt 0.821411 0.919484
vt 0.821173 0.919579
vt 0.813327 0.899663
vt 0.815125 0.897873
vt 0.815034 0.899872
vt 0.822149 0.915050
vt 0.821801 0.916900
vt 0.821575 0.917435
vt 0.820552 0.915786
vt 0.816995 0.895262
vt 0.817643 0.894444
vt 0.817077 0.896025
vt 0.829356 0.933051
vt 0.829594 0.933658
vt 0.829356 0.933749
vt 0.821171 0.943100
vt 0.821769 0.942862
vt 0.821698 0.943100
vt 0.822309 0.942862
vt 0.822247 0.943100
vt 0.822794 0.942862
vt 0.822969 0.943100
vt 0.823393 0.942862
vt 0.823541 0.943100
vt 0.825134 0.913424
vt 0.823334 0.911635
vt 0.825043 0.911425
vt 0.813402 0.897704
vt 0.815477 0.896246
vt 0.832925 0.910137
vt 0.833066 0.909595
vt 0.833044 0.910173
vt 0.818814 0.896246
vt 0.818240 0.893860
vt 0.818583 0.894630
vt 0.815440 0.894882
vt 0.815130 0.894396
vt 0.823749 0.915271
vt 0.825487 0.915050
vt 0.824315 0.916851
vt 0.787368 0.979489
vt 0.785542 0.979542
vt 0.785535 0.979465
vt 0.829594 0.932537
vt 0.829593 0.931549
vt 0.809268 0.892974
vt 0.809801 0.892909
vt 0.809819 0.892974
vt 0.814863 0.918549
vt 0.815855 0.916341
vt 0.816081 0.918490
vt 0.822526 0.894962
vt 0.821533 0.892756
vt 0.822752 0.892815
vt 0.808280 0.970745
vt 0.807452 0.970525
vt 0.808208 0.970525
vt 0.833268 0.912199
vt 0.835335 0.912758
vt 0.833250 0.912760
vt 0.807517 0.893315
vt 0.806710 0.901038
vt 0.806710 0.893315
vt 0.808280 0.901038
vt 0.808280 0.893315
vt 0.805866 0.893315
vt 0.804896 0.901038
vt 0.804896 0.893314
vt 0.813209 0.919493
vt 0.820933 0.919484
vt 0.820932 0.932280
vt 0.806710 0.970745
vt 0.807517 0.978469
vt 0.806710 0.978468
vt 0.830978 0.934030
vt 0.830431 0.933792
vt 0.831153 0.933792
vt 0.821234 0.934668
vt 0.821410 0.934865
vt 0.821172 0.934817
vt 0.818370 0.899872
vt 0.818719 0.899448
vt 0.818783 0.901539
vt 0.807452 0.893077
vt 0.808208 0.893077
vt 0.813006 0.900156
vt 0.812987 0.899113
vt 0.806655 0.978707
vt 0.807452 0.978707
vt 0.825393 0.911848
vt 0.825457 0.909757
vt 0.813449 0.938309
vt 0.813422 0.940820
vt 0.813358 0.940068
vt 0.821796 0.913423
vt 0.819997 0.911635
vt 0.821706 0.911425
vt 0.815421 0.898438
vt 0.815383 0.899447
vt 0.814810 0.935173
vt 0.814558 0.935746
vt 0.814329 0.935483
vt 0.813881 0.895510
vt 0.813338 0.896239
vt 0.813660 0.895263
vt 0.810393 0.970409
vt 0.810955 0.970284
vt 0.810970 0.970409
vt 0.821441 0.918002
vt 0.821372 0.918436
vt 0.820403 0.916238
vt 0.816139 0.895597
vt 0.815827 0.895304
vt 0.825837 0.915992
vt 0.825256 0.916665
vt 0.804877 0.893076
vt 0.796470 0.979102
vt 0.795888 0.979180
vt 0.795866 0.979102
vt 0.823141 0.914127
vt 0.815643 0.897024
vt 0.815502 0.897711
vt 0.825653 0.914272
vt 0.825512 0.913584
vt 0.813133 0.897169
vt 0.822812 0.915697
vt 0.822560 0.915107
vt 0.823668 0.916032
vt 0.824126 0.917139
vt 0.817453 0.894155
vt 0.818036 0.892858
vt 0.818106 0.893292
vt 0.819417 0.918489
vt 0.819533 0.916538
vt 0.819658 0.918479
vt 0.814613 0.918562
vt 0.814163 0.916432
vt 0.818198 0.918549
vt 0.817499 0.916432
vt 0.824621 0.892742
vt 0.824170 0.894872
vt 0.824159 0.893982
vt 0.826207 0.894764
vt 0.826090 0.892815
vt 0.826332 0.892824
vt 0.833052 0.941875
vt 0.832859 0.941712
vt 0.833079 0.941712
vt 0.820932 0.934865
vt 0.813208 0.934668
vt 0.820932 0.934668
vt 0.829354 0.932373
vt 0.829134 0.929028
vt 0.829355 0.919579
vt 0.819191 0.916341
vt 0.833079 0.916604
vt 0.834826 0.917264
vt 0.833160 0.917263
vt 0.812062 0.892936
vt 0.811681 0.901037
vt 0.811681 0.893314
vt 0.802060 0.901038
vt 0.801644 0.893054
vt 0.802060 0.893314
vt 0.811523 0.978872
vt 0.810970 0.978807
vt 0.811537 0.978748
vt 0.810393 0.978807
vt 0.810955 0.978872
vt 0.810376 0.978872
vt 0.811523 0.892909
vt 0.810955 0.892673
vt 0.811522 0.892676
vt 0.809819 0.978807
vt 0.809268 0.978807
vt 0.809801 0.978872
vt 0.809250 0.978872
vt 0.810375 0.892909
vt 0.809802 0.892673
vt 0.810376 0.892676
vt 0.808753 0.978814
vt 0.823235 0.929032
vt 0.823326 0.928386
vt 0.823406 0.928424
vt 0.802122 0.892910
vt 0.801643 0.892675
vt 0.802121 0.892677
vt 0.787368 0.893097
vt 0.785536 0.893044
vt 0.787368 0.893019
vt 0.788195 0.893044
vt 0.802385 0.893074
vt 0.803713 0.893314
vt 0.802288 0.893311
vt 0.792368 0.979904
vt 0.791766 0.979543
vt 0.792328 0.979543
vt 0.831317 0.916243
vt 0.831560 0.915672
vt 0.831783 0.915910
vt 0.818941 0.936059
vt 0.818314 0.935886
vt 0.818551 0.935640
vt 0.830672 0.916173
vt 0.830801 0.916490
vt 0.818698 0.942759
vt 0.818742 0.942089
vt 0.819044 0.942304
vt 0.832183 0.915501
vt 0.827940 0.908108
vt 0.827709 0.908737
vt 0.827474 0.908441
vt 0.813910 0.935872
vt 0.813877 0.936498
vt 0.813564 0.936328
vt 0.813681 0.941901
vt 0.813666 0.942572
vt 0.813355 0.942092
vt 0.814305 0.942701
vt 0.814056 0.942992
vt 0.813132 0.941564
vt 0.813487 0.941430
vt 0.819304 0.941793
vt 0.832130 0.909466
vt 0.832690 0.909777
vt 0.832370 0.909915
vt 0.813303 0.936838
vt 0.829581 0.908034
vt 0.829008 0.907707
vt 0.829578 0.907650
vt 0.792901 0.979543
vt 0.827148 0.915556
vt 0.827787 0.915697
vt 0.827557 0.915956
vt 0.793382 0.979904
vt 0.793467 0.979543
vt 0.830249 0.916644
vt 0.828030 0.916279
vt 0.816712 0.943808
vt 0.817164 0.943314
vt 0.817270 0.943681
vt 0.787368 0.979412
vt 0.832905 0.911229
vt 0.832510 0.910496
vt 0.832846 0.910411
vt 0.826708 0.910560
vt 0.826332 0.911301
vt 0.826372 0.910482
vt 0.812987 0.940103
vt 0.813030 0.938293
vt 0.813398 0.938300
vt 0.826695 0.911370
vt 0.826692 0.913114
vt 0.826332 0.913119
vt 0.808280 0.901310
vt 0.808739 0.901497
vt 0.808283 0.901497
vt 0.825431 0.912858
vt 0.829582 0.908112
vt 0.831252 0.908644
vt 0.832439 0.910533
vt 0.821698 0.934918
vt 0.822309 0.935139
vt 0.821769 0.935139
vt 0.830567 0.908246
vt 0.814710 0.918672
vt 0.814905 0.918701
vt 0.831513 0.915620
vt 0.826836 0.913704
vt 0.832475 0.913801
vt 0.818161 0.942641
vt 0.816162 0.943375
vt 0.819079 0.941030
vt 0.826332 0.905409
vt 0.826552 0.906438
vt 0.826332 0.906953
vt 0.788135 0.979883
vt 0.787365 0.979542
vt 0.788187 0.979542
vt 0.828429 0.908382
vt 0.827619 0.908942
vt 0.832008 0.915001
vt 0.832360 0.914380
vt 0.811537 0.970471
vt 0.812062 0.970284
vt 0.812062 0.970482
vt 0.811523 0.970284
vt 0.809268 0.970409
vt 0.809801 0.970284
vt 0.809819 0.970409
vt 0.810376 0.970284
vt 0.808280 0.970471
vt 0.808739 0.970284
vt 0.808755 0.970409
vt 0.831577 0.934030
vt 0.831725 0.933792
vt 0.818097 0.892603
vt 0.818150 0.893185
vt 0.818275 0.893759
vt 0.802155 0.978749
vt 0.802288 0.978471
vt 0.802385 0.978709
vt 0.821610 0.917536
vt 0.821480 0.918102
vt 0.821434 0.918692
vt 0.821836 0.917002
vt 0.802155 0.893034
vt 0.834514 0.905409
vt 0.834277 0.894042
vt 0.834514 0.894135
vt 0.823702 0.934865
vt 0.823559 0.935140
vt 0.823541 0.934919
vt 0.831746 0.934030
vt 0.831743 0.941752
vt 0.831912 0.941753
vt 0.831912 0.934030
vt 0.825879 0.916090
vt 0.826149 0.915697
vt 0.826332 0.915733
vt 0.818500 0.894294
vt 0.791233 0.979543
vt 0.790719 0.979467
vt 0.791214 0.979462
vt 0.812059 0.892665
vt 0.812530 0.892603
vt 0.812555 0.892683
vt 0.809266 0.892603
vt 0.809251 0.892676
vt 0.783094 0.893042
vt 0.783579 0.892966
vt 0.783558 0.893047
vt 0.832310 0.909957
vt 0.808740 0.892673
vt 0.788842 0.893044
vt 0.789356 0.892966
vt 0.789375 0.893047
vt 0.829674 0.916360
vt 0.829162 0.916341
vt 0.829174 0.916273
vt 0.811511 0.979179
vt 0.810955 0.979108
vt 0.811522 0.979105
vt 0.822093 0.912858
vt 0.822056 0.911849
vt 0.813634 0.941606
vt 0.826859 0.909987
vt 0.826779 0.910595
vt 0.812987 0.979103
vt 0.812530 0.979179
vt 0.812555 0.979098
vt 0.795421 0.892603
vt 0.795866 0.892681
vt 0.795394 0.892684
vt 0.801102 0.892603
vt 0.801115 0.892683
vt 0.794989 0.979467
vt 0.794513 0.979543
vt 0.794536 0.979462
vt 0.812987 0.892678
vt 0.827125 0.914928
vt 0.826566 0.914574
vt 0.826909 0.914467
vt 0.801102 0.979179
vt 0.800554 0.979102
vt 0.801115 0.979099
vt 0.792328 0.892967
vt 0.792903 0.893043
vt 0.792323 0.893047
vt 0.830089 0.908077
vt 0.830590 0.908177
vt 0.810378 0.979179
vt 0.809802 0.979108
vt 0.810376 0.979105
vt 0.809266 0.979179
vt 0.809251 0.979105
vt 0.790253 0.979542
vt 0.789860 0.979466
vt 0.790284 0.979462
vt 0.802096 0.979179
vt 0.801643 0.979107
vt 0.802121 0.979106
vt 0.832190 0.914872
vt 0.832507 0.915029
vt 0.813541 0.937554
vt 0.813471 0.937521
vt 0.789356 0.979542
vt 0.788842 0.979465
vt 0.789375 0.979462
vt 0.819261 0.938518
vt 0.819220 0.940289
vt 0.819171 0.940276
vt 0.788195 0.979465
vt 0.819476 0.941164
vt 0.819147 0.941069
vt 0.788827 0.979543
vt 0.795421 0.979179
vt 0.795394 0.979099
vt 0.789860 0.893042
vt 0.790253 0.892966
vt 0.790284 0.893047
vt 0.784075 0.979465
vt 0.783579 0.979542
vt 0.783558 0.979462
vt 0.793467 0.892967
vt 0.793477 0.893047
vt 0.802096 0.892603
vt 0.828583 0.908221
vt 0.828456 0.907861
vt 0.810378 0.892603
vt 0.791755 0.979467
vt 0.792323 0.979462
vt 0.827073 0.908850
vt 0.832563 0.911277
vt 0.832558 0.913049
vt 0.832512 0.911289
vt 0.799074 0.979105
vt 0.799077 0.979179
vt 0.797282 0.979156
vt 0.799074 0.892678
vt 0.799893 0.892603
vt 0.799894 0.892681
vt 0.832925 0.913050
vt 0.796487 0.979179
vt 0.831829 0.909055
vt 0.831468 0.908696
vt 0.827356 0.909104
vt 0.818658 0.936261
vt 0.818399 0.936090
vt 0.829873 0.916263
vt 0.830180 0.916306
vt 0.830826 0.916014
vt 0.828126 0.908445
vt 0.808740 0.979108
vt 0.827011 0.909815
vt 0.827065 0.909521
vt 0.814714 0.943004
vt 0.815016 0.943075
vt 0.815166 0.943240
vt 0.829075 0.908088
vt 0.827064 0.914638
vt 0.827426 0.915339
vt 0.831945 0.909343
vt 0.827692 0.915498
vt 0.813962 0.942325
vt 0.814221 0.942495
vt 0.817905 0.935582
vt 0.816965 0.935201
vt 0.816658 0.935236
vt 0.816460 0.935134
vt 0.819132 0.937157
vt 0.818985 0.936979
vt 0.818938 0.936686
vt 0.816667 0.943423
vt 0.817326 0.943161
vt 0.794989 0.979104
vt 0.828210 0.915981
vt 0.826769 0.913891
vt 0.817632 0.943113
vt 0.818061 0.942841
vt 0.817603 0.935510
vt 0.817453 0.935347
vt 0.815952 0.935163
vt 0.831129 0.915949
vt 0.821172 0.933280
vt 0.821405 0.934467
vt 0.821171 0.934520
vt 0.834959 0.913389
vt 0.832925 0.912791
vt 0.834724 0.912795
vt 0.829355 0.918756
vt 0.829589 0.918701
vt 0.829357 0.920234
vt 0.823781 0.930199
vt 0.821411 0.927538
vt 0.823326 0.929658
vt 0.820488 0.894894
vt 0.819677 0.911141
vt 0.820833 0.894872
vt 0.791215 0.893047
vt 0.831829 0.942676
vt 0.829602 0.942056
vt 0.831851 0.942064
vt 0.809250 0.901497
vt 0.832925 0.915376
vt 0.834959 0.914777
vt 0.834724 0.915372
vt 0.835042 0.914083
vt 0.833163 0.913388
vt 0.826552 0.905274
vt 0.826333 0.894141
vt 0.835349 0.910841
vt 0.835361 0.911524
vt 0.833274 0.911527
vt 0.821170 0.932373
vt 0.821171 0.919579
vt 0.813209 0.918701
vt 0.820933 0.918701
vt 0.829953 0.941753
vt 0.829435 0.934030
vt 0.834276 0.907560
vt 0.826552 0.907033
vt 0.834276 0.907033
vt 0.830978 0.941753
vt 0.830493 0.934030
vt 0.831330 0.934030
vt 0.834276 0.905488
vt 0.827171 0.929658
vt 0.827343 0.929022
vt 0.802385 0.970522
vt 0.803713 0.970745
vt 0.802288 0.970742
vt 0.832859 0.933989
vt 0.833079 0.933989
vt 0.831912 0.941712
vt 0.831912 0.933989
vt 0.803744 0.893076
vt 0.831153 0.941973
vt 0.831725 0.941973
vt 0.824913 0.892603
vt 0.824870 0.892756
vt 0.833234 0.933982
vt 0.815870 0.895206
vt 0.816322 0.895562
vt 0.816095 0.918643
vt 0.820822 0.893983
vt 0.832547 0.913831
vt 0.831886 0.942026
vt 0.834283 0.892603
vt 0.826553 0.894040
vt 0.791755 0.893043
vt 0.809801 0.901497
vt 0.810375 0.901497
vt 0.812062 0.901497
vt 0.808283 0.970284
vt 0.784713 0.979465
vt 0.784713 0.893044
vt 0.784075 0.893044
vt 0.794989 0.892679
vt 0.794026 0.893043
vt 0.794536 0.893047
vt 0.793477 0.979462
vt 0.835053 0.917832
vt 0.833382 0.917829
vt 0.823782 0.927845
vt 0.824492 0.927568
vt 0.823837 0.927899
vt 0.829135 0.919499
vt 0.826038 0.927493
vt 0.825249 0.927365
vt 0.831850 0.944695
vt 0.829583 0.944100
vt 0.831829 0.944100
vt 0.808280 0.978748
vt 0.808283 0.978872
vt 0.826661 0.927899
vt 0.827171 0.928386
vt 0.827092 0.928424
vt 0.827263 0.929032
vt 0.824868 0.942987
vt 0.825050 0.942816
vt 0.824983 0.943050
vt 0.824459 0.927493
vt 0.827392 0.935321
vt 0.827640 0.936031
vt 0.827340 0.935376
vt 0.827187 0.935465
vt 0.827472 0.936076
vt 0.829139 0.934467
vt 0.829354 0.933280
vt 0.829355 0.934520
vt 0.825729 0.943396
vt 0.825608 0.942622
vt 0.825736 0.942672
vt 0.825608 0.944174
vt 0.825596 0.943392
vt 0.823155 0.929022
vt 0.827091 0.929645
vt 0.813208 0.932280
vt 0.825249 0.927441
vt 0.826006 0.927568
vt 0.826716 0.927845
vt 0.809268 0.901372
vt 0.826572 0.928049
vt 0.827111 0.935495
vt 0.827386 0.936092
vt 0.825834 0.942098
vt 0.825755 0.942067
vt 0.825834 0.944737
vt 0.825736 0.944132
vt 0.825820 0.944117
vt 0.827111 0.938081
vt 0.827472 0.937500
vt 0.827187 0.938111
vt 0.827640 0.937545
vt 0.827340 0.938200
vt 0.827491 0.936788
vt 0.827576 0.936788
vt 0.827387 0.937483
vt 0.829570 0.943389
vt 0.829499 0.942656
vt 0.829583 0.942672
vt 0.823926 0.928049
vt 0.821171 0.934918
vt 0.828057 0.943394
vt 0.825808 0.943398
vt 0.825820 0.942689
vt 0.828067 0.942688
vt 0.831818 0.943393
vt 0.819872 0.936124
vt 0.819850 0.936801
vt 0.819763 0.936784
vt 0.825501 0.941615
vt 0.825148 0.941066
vt 0.825239 0.941049
vt 0.821124 0.934865
vt 0.820707 0.935294
vt 0.820649 0.935263
vt 0.835438 0.912215
vt 0.835420 0.912791
vt 0.825098 0.938475
vt 0.825471 0.938047
vt 0.825533 0.938077
vt 0.835336 0.910190
vt 0.835442 0.909622
vt 0.835419 0.910221
vt 0.825809 0.937481
vt 0.825842 0.936788
vt 0.825911 0.936787
vt 0.825138 0.940388
vt 0.825148 0.939711
vt 0.825239 0.939729
vt 0.819476 0.937351
vt 0.819551 0.937382
vt 0.820300 0.936552
vt 0.820343 0.937246
vt 0.820231 0.936551
vt 0.825501 0.939162
vt 0.825420 0.939130
vt 0.819850 0.935447
vt 0.819958 0.936124
vt 0.811523 0.901497
vt 0.810970 0.901372
vt 0.811537 0.901311
vt 0.835366 0.908924
vt 0.835353 0.909605
vt 0.835352 0.912196
vt 0.825471 0.935530
vt 0.825098 0.935101
vt 0.825533 0.935499
vt 0.835442 0.908231
vt 0.835451 0.908923
vt 0.813817 0.916409
vt 0.835334 0.907683
vt 0.835355 0.908250
vt 0.833273 0.908247
vt 0.835053 0.915376
vt 0.834826 0.915944
vt 0.833382 0.915379
vt 0.822120 0.909758
vt 0.822870 0.894773
vt 0.832925 0.916604
vt 0.833160 0.915945
vt 0.833044 0.910269
vt 0.833268 0.910845
vt 0.833061 0.910852
vt 0.833044 0.907694
vt 0.833066 0.908254
vt 0.833074 0.908921
vt 0.833273 0.909602
vt 0.826759 0.940388
vt 0.826698 0.941048
vt 0.826602 0.940388
vt 0.833225 0.915391
vt 0.833004 0.915951
vt 0.833281 0.908921
vt 0.833250 0.910186
vt 0.833068 0.911527
vt 0.833061 0.912192
vt 0.833466 0.944779
vt 0.834016 0.944554
vt 0.833518 0.944909
vt 0.827224 0.939211
vt 0.826854 0.939735
vt 0.827116 0.939175
vt 0.832948 0.911525
vt 0.828122 0.938840
vt 0.827619 0.938847
vt 0.828084 0.938710
vt 0.834459 0.942849
vt 0.834376 0.942293
vt 0.834596 0.942816
vt 0.827328 0.941474
vt 0.827619 0.941930
vt 0.827224 0.941565
vt 0.833894 0.942037
vt 0.834256 0.942366
vt 0.834702 0.943460
vt 0.834702 0.942830
vt 0.826878 0.940388
vt 0.827328 0.939303
vt 0.826970 0.939755
vt 0.834596 0.943427
vt 0.834459 0.943413
vt 0.826854 0.941041
vt 0.827116 0.941602
vt 0.827009 0.940388
vt 0.826970 0.941022
vt 0.832954 0.908922
vt 0.828122 0.941937
vt 0.827693 0.941810
vt 0.832716 0.944635
vt 0.833099 0.942188
vt 0.833769 0.942257
vt 0.831886 0.933749
vt 0.829297 0.934668
vt 0.833572 0.944482
vt 0.834182 0.943705
vt 0.832349 0.942762
vt 0.834213 0.942762
vt 0.827198 0.940192
vt 0.827093 0.940972
vt 0.832115 0.944462
vt 0.832477 0.944791
vt 0.832074 0.943896
vt 0.831912 0.943979
vt 0.832955 0.944894
vt 0.827093 0.939804
vt 0.833925 0.944451
vt 0.832447 0.942377
vt 0.832906 0.942049
vt 0.834275 0.943975
vt 0.829356 0.931507
vt 0.808280 0.978469
vt 0.808208 0.978707
vt 0.826514 0.909845
vt 0.826750 0.909322
vt 0.803713 0.978468
vt 0.803744 0.978706
vt 0.804896 0.978468
vt 0.804877 0.978707
vt 0.811681 0.978468
vt 0.812062 0.978846
vt 0.801644 0.978728
vt 0.802060 0.978468
vt 0.822794 0.935139
vt 0.823146 0.942862
vt 0.823702 0.943143
vt 0.823562 0.942862
vt 0.823728 0.942862
vt 0.801644 0.970483
vt 0.802122 0.970285
vt 0.802155 0.970471
vt 0.821173 0.932373
vt 0.821412 0.932380
vt 0.810955 0.901497
vt 0.800554 0.892680
vt 0.799894 0.979102
vt 0.802288 0.901041
vt 0.797272 0.979049
vt 0.805822 0.970525
vt 0.806655 0.970525
vt 0.815447 0.901539
vt 0.822247 0.934918
vt 0.822969 0.934919
vt 0.823956 0.928121
vt 0.824537 0.927734
vt 0.824553 0.927816
vt 0.811681 0.970744
vt 0.837537 0.933052
vt 0.837317 0.933658
vt 0.837318 0.933132
vt 0.811537 0.893033
vt 0.802060 0.970745
vt 0.826038 0.930550
vt 0.826716 0.930199
vt 0.829134 0.932280
vt 0.829355 0.918779
vt 0.829135 0.918701
vt 0.809250 0.970284
vt 0.828067 0.944112
vt 0.828084 0.944729
vt 0.826104 0.892660
vt 0.828514 0.916039
vt 0.829132 0.932380
vt 0.820344 0.935857
vt 0.829595 0.920141
vt 0.823014 0.911141
vt 0.804896 0.970745
vt 0.812988 0.933280
vt 0.813203 0.934467
vt 0.812987 0.934520
vt 0.834276 0.906438
vt 0.804877 0.970525
vt 0.805866 0.970745
vt 0.816663 0.899662
vt 0.818461 0.897873
vt 0.820072 0.913593
vt 0.814903 0.893861
vt 0.825050 0.940389
vt 0.816738 0.897704
vt 0.824912 0.917435
vt 0.819475 0.895597
vt 0.819205 0.895206
vt 0.819658 0.895562
vt 0.807452 0.901259
vt 0.808208 0.901259
vt 0.806655 0.901258
vt 0.807517 0.901038
vt 0.805822 0.901258
vt 0.804676 0.901258
vt 0.805866 0.901038
vt 0.802385 0.901260
vt 0.803713 0.901038
vt 0.826332 0.892657
vt 0.826548 0.892603
vt 0.784092 0.979543
vt 0.829594 0.933132
vt 0.812989 0.919579
vt 0.809250 0.892909
vt 0.833251 0.907682
vt 0.813045 0.934668
vt 0.813208 0.934865
vt 0.812988 0.934817
vt 0.819658 0.912184
vt 0.816342 0.900156
vt 0.816322 0.899112
vt 0.826698 0.939729
vt 0.796487 0.892603
vt 0.797288 0.892629
vt 0.796470 0.892681
vt 0.819693 0.913161
vt 0.819804 0.914127
vt 0.800545 0.979180
vt 0.799893 0.979179
vt 0.820010 0.915057
vt 0.823347 0.915057
vt 0.832925 0.907731
vt 0.822316 0.914272
vt 0.822174 0.913584
vt 0.814769 0.893292
vt 0.808753 0.892967
vt 0.814117 0.894156
vt 0.814700 0.892858
vt 0.818757 0.898438
vt 0.813023 0.898136
vt 0.818979 0.897023
vt 0.818838 0.897711
vt 0.816674 0.896239
vt 0.816469 0.897168
vt 0.819164 0.895303
vt 0.824778 0.918003
vt 0.824710 0.918436
vt 0.822995 0.892824
vt 0.821284 0.892742
vt 0.817948 0.918562
vt 0.816197 0.916530
vt 0.816322 0.918479
vt 0.824868 0.934924
vt 0.824674 0.935087
vt 0.824703 0.934867
vt 0.808285 0.979105
vt 0.824674 0.942810
vt 0.824894 0.942810
vt 0.815478 0.894781
vt 0.813210 0.932380
vt 0.802122 0.978873
vt 0.812059 0.979113
vt 0.817036 0.934865
vt 0.817584 0.935034
vt 0.826814 0.915091
vt 0.815571 0.943766
vt 0.816158 0.943453
vt 0.816140 0.943837
vt 0.819476 0.937067
vt 0.818094 0.935295
vt 0.785577 0.892625
vt 0.787350 0.892603
vt 0.787365 0.892966
vt 0.831226 0.908072
vt 0.830704 0.907836
vt 0.818279 0.943149
vt 0.817798 0.943459
vt 0.832443 0.909260
vt 0.830149 0.907694
vt 0.815023 0.943598
vt 0.814514 0.943337
vt 0.805866 0.978468
vt 0.805822 0.978707
vt 0.791766 0.892967
vt 0.792368 0.892606
vt 0.813350 0.940853
vt 0.813006 0.940924
vt 0.831699 0.908395
vt 0.813132 0.937467
vt 0.832108 0.908795
vt 0.815455 0.935273
vt 0.815337 0.934950
vt 0.792901 0.892967
vt 0.793382 0.892606
vt 0.797272 0.892734
vt 0.807517 0.970745
vt 0.784796 0.892625
vt 0.785542 0.892966
vt 0.784723 0.892966
vt 0.815675 0.935301
vt 0.814775 0.935698
vt 0.788135 0.892625
vt 0.788187 0.892966
vt 0.814065 0.936378
vt 0.813684 0.936982
vt 0.817152 0.916409
vt 0.801644 0.901300
vt 0.794989 0.893043
vt 0.810393 0.901372
vt 0.824947 0.917536
vt 0.824823 0.918110
vt 0.824771 0.918692
vt 0.814762 0.892603
vt 0.814810 0.893193
vt 0.814940 0.893759
vt 0.815165 0.894294
vt 0.822149 0.916515
vt 0.822112 0.916414
vt 0.822542 0.916090
vt 0.822995 0.915733
vt 0.829134 0.934865
vt 0.829134 0.934668
vt 0.818813 0.894781
vt 0.825173 0.917001
vt 0.831899 0.915290
vt 0.790719 0.893043
vt 0.791233 0.892967
vt 0.794513 0.892967
vt 0.783094 0.979466
vt 0.794026 0.979467
vt 0.830431 0.941974
vt 0.819268 0.937736
vt 0.819197 0.937765
vt 0.794010 0.979543
vt 0.788827 0.892966
vt 0.792903 0.979467
vt 0.818970 0.941633
vt 0.808311 0.979179
vt 0.784092 0.892966
vt 0.808311 0.892603
vt 0.808285 0.892676
vt 0.790313 0.979543
vt 0.819253 0.936539
vt 0.811511 0.892603
vt 0.800545 0.892603
vt 0.826742 0.913106
vt 0.832884 0.913869
vt 0.832743 0.914506
vt 0.795888 0.892603
vt 0.790314 0.892967
vt 0.826411 0.913940
vt 0.784723 0.979542
vt 0.799077 0.892603
vt 0.814188 0.936095
vt 0.818810 0.941798
vt 0.818431 0.942491
vt 0.825486 0.916514
vt 0.815654 0.943386
vt 0.828672 0.916194
vt 0.831045 0.908413
vt 0.814987 0.935474
vt 0.821410 0.932280
vt 0.822499 0.915992
vt 0.823728 0.935139
vt 0.825808 0.936095
vt 0.821411 0.918701
vt 0.821250 0.942862
vt 0.837318 0.920140
vt 0.824894 0.935087
vt 0.823728 0.935087
vt 0.823728 0.942810
vt 0.812988 0.932373
vt 0.825864 0.894962
vt 0.809819 0.901372
vt 0.818240 0.918701
vt 0.819430 0.918643
vt 0.833234 0.941718
vt 0.833167 0.941934
vt 0.821410 0.934668
vt 0.822940 0.892706
vt 0.822767 0.892660
vt 0.823825 0.894894
vt 0.821382 0.892631
vt 0.825897 0.915107
vt 0.818045 0.918672
vt 0.819601 0.918597
vt 0.821108 0.934668
vt 0.821171 0.918779
vt 0.826900 0.938710
vt 0.826863 0.938630
vt 0.827756 0.936788
vt 0.827711 0.937577
vt 0.802155 0.901311
vt 0.825249 0.927621
vt 0.826981 0.928536
vt 0.829490 0.943390
vt 0.829370 0.944166
vt 0.829355 0.943393
vt 0.826744 0.938520
vt 0.826863 0.934945
vt 0.810393 0.892974
vt 0.810955 0.892909
vt 0.810970 0.892974
vt 0.803744 0.970525
vt 0.832966 0.945034
vt 0.827392 0.938255
vt 0.827712 0.935999
vt 0.827828 0.936788
vt 0.821577 0.892603
vt 0.826276 0.892706
vt 0.826900 0.934865
vt 0.825961 0.927734
vt 0.823146 0.935139
vt 0.829499 0.944117
vt 0.826542 0.928121
vt 0.825249 0.927702
vt 0.829523 0.942026
vt 0.829370 0.942613
vt 0.829602 0.944696
vt 0.805822 0.893076
vt 0.806655 0.893076
vt 0.832887 0.933750
vt 0.831932 0.933750
vt 0.828083 0.942098
vt 0.833244 0.914083
vt 0.834514 0.906953
vt 0.819476 0.934896
vt 0.819764 0.935464
vt 0.831876 0.943392
vt 0.835337 0.910252
vt 0.835438 0.910825
vt 0.828115 0.943395
vt 0.820707 0.937810
vt 0.820649 0.937841
vt 0.835445 0.911525
vt 0.821124 0.938239
vt 0.834749 0.916604
vt 0.826963 0.939163
vt 0.833004 0.917257
vt 0.833044 0.912748
vt 0.833225 0.917817
vt 0.834105 0.944621
vt 0.833592 0.944987
vt 0.834396 0.944037
vt 0.834496 0.944089
vt 0.832925 0.910305
vt 0.832448 0.944922
vt 0.832925 0.912710
vt 0.827693 0.938967
vt 0.827448 0.941326
vt 0.833416 0.941934
vt 0.825050 0.935081
vt 0.816266 0.918597
vt 0.802122 0.901498
vt 0.833052 0.933812
vt 0.808283 0.892909
vt 0.812989 0.918779
vt 0.826552 0.907560
vt 0.826332 0.907650
vt 0.829355 0.941974
vt 0.829882 0.941974
vt 0.830493 0.941753
vt 0.816358 0.898135
vt 0.825945 0.927816
vt 0.837538 0.920240
vt 0.826963 0.941614
vt 0.812062 0.901299
vt 0.824719 0.892631
vt 0.808755 0.901372
vt 0.823747 0.934867
vt 0.832946 0.909576
vt 0.837540 0.918756
vt 0.837324 0.918701
vt 0.823747 0.943049
vt 0.824703 0.943049
vt 0.815887 0.896188
vt 0.814151 0.917320
vt 0.832887 0.941932
vt 0.813625 0.936944
vt 0.791870 0.979907
vt 0.792879 0.979884
vt 0.790744 0.979543
vt 0.812043 0.892603
vt 0.809811 0.892603
vt 0.783121 0.892966
vt 0.832420 0.914415
vt 0.808761 0.892603
vt 0.810950 0.979179
vt 0.812957 0.979179
vt 0.801623 0.892603
vt 0.794960 0.979543
vt 0.812957 0.892603
vt 0.809811 0.979179
vt 0.789835 0.979542
vt 0.801623 0.979179
vt 0.789835 0.892966
vt 0.808761 0.979179
vt 0.795020 0.979180
vt 0.833162 0.914779
vt 0.829435 0.941753
vt 0.831330 0.941753
vt 0.824459 0.930550
vt 0.825249 0.930679
vt 0.823406 0.929645
vt 0.825755 0.944766
vt 0.823517 0.928536
vt 0.821250 0.935139
vt 0.825420 0.941647
vt 0.821171 0.934905
vt 0.825050 0.938436
vt 0.825743 0.937466
vt 0.820408 0.937229
vt 0.825050 0.935141
vt 0.833250 0.910257
vt 0.832942 0.910870
vt 0.833984 0.941937
vt 0.832946 0.908275
vt 0.832942 0.912171
vt 0.828084 0.942067
vt 0.831912 0.943415
vt 0.837538 0.933749
vt 0.820408 0.935875
vt 0.831932 0.941932
vt 0.819223 0.896188
vt 0.817486 0.917321
vt 0.808280 0.893033
vt 0.788714 0.892603
vt 0.791870 0.892603
vt 0.792877 0.892603
vt 0.829354 0.934817
vt 0.790744 0.892967
vt 0.794960 0.892967
vt 0.783121 0.979542
vt 0.794010 0.892967
vt 0.812043 0.979179
vt 0.810950 0.892603
vt 0.795020 0.892603
vt 0.834516 0.892657
vt 0.826744 0.935056
vt 0.829523 0.944727
vt 0.834514 0.907650
vt 0.825743 0.936111
vt 0.819551 0.934865
vt 0.831884 0.944083
vt 0.835420 0.910221
vt 0.828122 0.942706
vt 0.835419 0.907650
vt 0.828122 0.944096
vt 0.831884 0.942693
vt 0.821171 0.938200
vt 0.824983 0.934865
vt 0.821170 0.934817
vt 0.833167 0.933749
vt 0.646130 0.513245
vt 0.774008 0.004832
vt 0.774954 0.004831
vt 0.791999 0.511679
vt 0.791845 0.004798
vt 0.631629 0.513404
vt 0.608655 0.005126
vt 0.773279 0.004833
vt 0.637937 0.513332
vt 0.742110 0.387868
vt 0.743572 0.388708
vt 0.744469 0.390122
vt 0.744504 0.418009
vt 0.743664 0.419472
vt 0.742250 0.420368
vt 0.715560 0.387872
vt 0.730036 0.387868
vt 0.730079 0.391916
vt 0.730092 0.393036
vt 0.714145 0.388768
vt 0.730107 0.394489
vt 0.713305 0.390232
vt 0.715700 0.420373
vt 0.713340 0.418118
vt 0.714237 0.419533
vt 0.730437 0.417078
vt 0.730437 0.417207
vt 0.730437 0.417375
vt 0.730443 0.420372
vt 0.608810 0.513648
vt 0.730385 0.420368
vt 0.730385 0.387872
s 1
f 40/1/1 1/2/2 31/3/3
f 31/3/3 33/4/4 40/1/1
f 42/5/5 2/6/6 5/7/7
f 5/7/7 35/8/8 42/5/5
f 44/9/9 3/10/10 6/11/11
f 6/11/11 37/12/12 44/9/9
f 7/13/13 4/14/14 36/15/15
f 36/15/15 60/16/16 7/13/13
f 34/17/17 32/18/18 61/19/19
f 61/19/19 62/20/20 34/17/17
f 53/21/21 55/22/22 57/23/23
f 57/23/23 59/24/24 53/21/21
f 92/25/25 95/26/26 69/27/27
f 69/27/27 68/28/28 92/25/25
f 95/26/26 98/29/29 71/30/30
f 71/30/30 70/31/31 95/26/26
f 98/29/29 101/32/32 73/33/33
f 73/33/33 72/34/34 98/29/29
f 101/32/32 92/25/25 67/35/35
f 67/35/35 74/36/36 101/32/32
f 8/37/37 48/38/38 76/39/39
f 76/39/39 52/40/40 8/37/37
f 9/41/41 49/42/42 77/43/43
f 77/43/43 54/44/44 9/41/41
f 10/45/45 51/46/46 78/47/47
f 78/47/47 56/48/48 10/45/45
f 11/49/49 46/50/50 75/51/51
f 75/51/51 58/52/52 11/49/49
f 63/53/53 39/54/54 95/26/26
f 95/26/26 92/25/25 63/53/53
f 64/55/55 41/56/56 98/57/29
f 98/57/29 95/58/26 64/55/55
f 65/59/57 43/60/58 101/32/32
f 101/32/32 98/29/29 65/59/57
f 66/61/59 38/62/60 92/25/25
f 92/25/25 101/32/32 66/61/59
f 20/63/61 12/64/62 7/13/13
f 7/13/13 93/65/63 20/63/61
f 21/66/64 13/67/65 40/68/1
f 40/68/1 96/69/66 21/66/64
f 22/70/67 14/71/68 42/5/5
f 42/5/5 99/72/69 22/70/67
f 23/73/70 15/74/71 44/75/9
f 44/75/9 102/76/72 23/73/70
f 24/77/73 16/78/74 67/35/35
f 67/35/35 45/79/75 24/77/73
f 25/80/76 17/81/77 69/27/27
f 69/27/27 47/82/78 25/80/76
f 26/83/79 18/84/80 71/30/30
f 71/30/30 72/34/34 26/83/79
f 27/85/81 19/86/82 73/33/33
f 73/33/33 50/87/83 27/85/81
f 61/19/19 32/18/18 83/88/84
f 83/88/84 80/89/85 61/19/19
f 5/7/7 2/6/6 96/90/86
f 96/90/86 84/91/87 5/7/7
f 1/2/2 40/1/1 13/92/65
f 13/92/65 91/93/88 1/2/2
f 7/13/89 60/16/16 79/94/90
f 79/94/90 93/65/91 7/13/89
f 32/18/18 34/17/17 86/95/92
f 86/95/92 82/96/93 32/18/18
f 6/11/11 3/10/10 99/97/94
f 99/97/94 87/98/95 6/11/11
f 2/6/6 42/5/5 14/71/68
f 14/71/68 94/99/96 2/6/6
f 34/17/17 62/20/20 90/100/97
f 90/100/97 85/101/98 34/17/17
f 36/15/15 4/14/14 102/102/99
f 102/102/99 88/103/100 36/15/15
f 3/10/10 44/9/9 15/104/71
f 15/104/71 97/105/101 3/10/10
f 62/20/20 61/19/19 81/106/102
f 81/106/102 89/107/103 62/20/20
f 4/14/14 7/13/13 12/64/62
f 12/64/62 100/108/104 4/14/14
f 45/79/75 69/27/27 17/81/77
f 17/81/77 103/109/105 45/79/75
f 47/82/78 71/30/30 18/84/80
f 18/84/80 105/110/106 47/82/78
f 72/34/34 73/33/33 19/86/82
f 19/86/82 107/111/107 72/34/34
f 50/87/83 67/35/35 16/78/74
f 16/78/74 109/112/108 50/87/83
f 98/29/29 72/34/34 71/30/30
f 52/40/40 76/39/39 114/113/109
f 114/113/109 111/114/110 52/40/40
f 54/44/44 77/43/43 117/115/111
f 117/115/111 113/116/112 54/44/44
f 56/48/48 78/47/47 119/117/113
f 119/117/113 115/118/114 56/48/48
f 58/52/52 75/51/51 112/119/115
f 112/119/115 118/120/116 58/52/52
f 8/121/117 52/122/40 28/123/118
f 28/123/118 104/124/119 8/121/117
f 9/41/120 54/44/44 29/125/121
f 29/125/121 106/126/122 9/41/120
f 10/127/45 56/128/48 116/129/123
f 116/129/123 108/130/124 10/127/45
f 11/49/125 58/52/52 30/131/126
f 30/131/126 110/132/127 11/49/125
f 79/133/90 80/134/85 31/3/3
f 82/96/93 83/88/84 32/18/18
f 85/101/98 86/95/92 34/17/17
f 90/135/97 89/136/103 36/15/128
f 36/15/128 88/103/129 90/135/97
f 20/137/130 93/138/131 1/2/2
f 1/2/2 91/93/88 20/137/130
f 21/139/132 96/90/133 2/6/6
f 2/6/6 94/99/96 21/139/132
f 22/140/134 99/97/135 3/10/10
f 3/10/10 97/105/101 22/140/134
f 23/141/136 102/102/137 4/14/14
f 4/14/14 100/108/104 23/141/136
f 45/79/75 103/109/105 24/77/73
f 47/82/78 105/110/106 25/80/76
f 72/34/34 107/111/107 26/83/79
f 50/87/83 109/112/108 27/85/81
f 52/122/40 111/142/110 28/123/118
f 54/44/44 113/116/112 29/125/121
f 115/143/114 116/129/123 56/128/48
f 58/52/52 118/120/116 30/131/126
f 60/16/16 81/144/102 79/94/90
f 61/19/138 80/89/85 79/145/90
f 79/145/90 81/106/102 61/19/138
f 5/7/7 84/91/87 82/146/93
f 33/147/139 83/148/84 82/149/93
f 82/149/93 84/150/87 33/147/139
f 6/11/11 87/98/95 85/151/98
f 35/8/140 86/152/92 85/153/98
f 85/153/98 87/154/95 35/8/140
f 90/155/97 88/156/129 37/157/12
f 62/20/20 89/107/103 90/100/97
f 92/25/25 20/158/141 91/159/142
f 91/159/142 63/53/53 92/25/25
f 12/160/143 20/158/141 92/25/25
f 92/25/25 38/62/60 12/160/143
f 95/58/26 21/161/144 94/162/145
f 94/162/145 64/55/55 95/58/26
f 13/163/146 21/161/144 95/58/26
f 95/58/26 39/164/54 13/163/146
f 98/57/29 22/165/147 97/166/148
f 97/166/148 65/167/57 98/57/29
f 14/168/149 22/165/147 98/57/29
f 98/57/29 41/56/56 14/168/149
f 101/32/32 23/169/150 100/170/151
f 100/170/151 66/61/59 101/32/32
f 15/171/152 23/169/150 101/32/32
f 101/32/32 43/60/58 15/171/152
f 104/124/119 24/172/153 103/173/105
f 103/173/105 8/121/37 104/124/119
f 16/174/74 24/175/153 104/176/119
f 104/176/119 46/50/50 16/174/74
f 67/35/35 68/28/28 45/79/75
f 106/126/154 25/177/155 105/178/106
f 105/178/106 9/41/41 106/126/154
f 17/179/77 25/180/155 106/181/154
f 106/181/154 48/38/38 17/179/77
f 69/27/27 70/31/31 47/82/78
f 108/130/156 26/182/157 107/183/158
f 107/183/158 10/127/45 108/130/156
f 18/184/80 26/185/157 108/186/156
f 108/186/156 49/42/42 18/184/80
f 110/132/127 27/187/159 109/188/108
f 109/188/108 11/49/49 110/132/127
f 19/189/160 27/190/159 110/191/127
f 110/191/127 51/46/46 19/189/160
f 73/33/33 74/36/36 50/87/83
f 53/21/161 112/192/115 28/193/118
f 28/193/118 111/194/110 53/21/161
f 28/195/118 112/119/115 75/51/51
f 55/22/162 114/196/109 29/197/121
f 29/198/121 113/199/112 55/200/162
f 29/201/121 114/113/109 76/39/39
f 57/23/23 117/202/111 115/203/114
f 77/43/163 116/204/123 115/205/114
f 115/205/114 117/115/111 77/43/163
f 59/24/164 119/206/113 30/207/126
f 30/207/126 118/208/116 59/24/164
f 30/209/126 119/117/113 78/47/47
f 80/134/85 83/210/84 33/4/4
f 33/4/4 31/3/3 80/134/85
f 84/150/165 96/69/166 40/68/1
f 40/68/1 33/147/4 84/150/165
f 91/159/142 13/211/146 39/54/54
f 39/54/54 63/53/53 91/159/142
f 93/138/91 79/133/90 31/3/3
f 31/3/3 1/2/2 93/138/91
f 82/146/93 86/152/92 35/8/167
f 35/8/167 5/7/7 82/146/93
f 87/154/168 99/72/169 42/5/5
f 42/5/5 35/8/8 87/154/168
f 94/162/145 14/168/149 41/56/56
f 41/56/56 64/55/55 94/162/145
f 85/151/98 90/212/97 37/12/12
f 37/12/12 6/11/11 85/151/98
f 88/156/129 102/76/170 44/75/9
f 44/75/9 37/157/12 88/156/129
f 97/213/148 15/171/152 43/60/58
f 43/60/58 65/59/57 97/213/148
f 89/136/103 81/144/102 60/16/16
f 60/16/16 36/15/15 89/136/103
f 100/170/151 12/160/143 38/62/60
f 38/62/60 66/61/59 100/170/151
f 103/214/105 17/179/77 48/38/38
f 48/38/38 8/37/37 103/214/105
f 105/178/106 18/184/80 49/42/42
f 49/42/42 9/41/41 105/178/106
f 107/215/158 19/189/160 51/46/46
f 51/46/46 10/45/45 107/215/158
f 109/188/108 16/174/74 46/50/50
f 46/50/50 11/49/49 109/188/108
f 68/28/28 67/35/35 92/25/25
f 70/31/31 69/27/27 95/26/26
f 74/36/36 73/33/33 101/32/32
f 111/194/110 114/196/109 55/22/22
f 55/22/22 53/21/21 111/194/110
f 113/216/112 117/202/111 57/23/23
f 57/23/23 55/22/22 113/216/112
f 115/203/114 119/206/113 59/24/171
f 59/24/171 57/23/23 115/203/114
f 118/208/116 112/192/115 53/21/21
f 53/21/21 59/24/24 118/208/116
f 104/176/119 28/195/118 75/51/51
f 75/51/51 46/50/50 104/176/119
f 106/181/154 29/201/121 76/39/39
f 76/39/39 48/38/38 106/181/154
f 108/186/156 116/204/172 77/43/43
f 77/43/43 49/42/42 108/186/156
f 110/191/127 30/209/126 78/47/47
f 78/47/47 51/46/46 110/191/127
f 69/27/27 45/79/75 68/28/28
f 71/30/30 47/82/78 70/31/31
f 67/35/35 50/87/83 74/36/36
f 133/217/173 132/218/174 143/219/175
f 143/219/175 142/220/176 133/217/173
f 135/221/177 145/222/178 159/223/179
f 159/223/179 121/224/180 135/221/177
f 154/225/181 153/226/182 162/227/183
f 162/227/183 122/228/184 154/225/181
f 152/229/185 140/230/186 134/231/187
f 134/231/187 131/232/188 152/229/185
f 155/233/189 161/234/190 144/235/191
f 144/235/191 151/236/192 155/233/189
f 124/237/193 156/238/194 195/239/195
f 195/239/195 148/240/196 124/237/193
f 146/241/197 138/242/198 150/243/199
f 150/243/199 157/244/200 146/241/197
f 125/245/201 158/246/202 123/247/203
f 123/247/203 160/248/204 125/245/201
f 136/249/205 139/250/206 147/251/207
f 147/251/207 120/252/208 136/249/205
f 137/253/209 126/254/210 149/255/211
f 149/255/211 141/256/212 137/253/209
f 135/221/177 121/224/180 163/257/213
f 131/232/188 162/227/183 153/226/182
f 182/258/214 159/223/179 145/222/178
f 148/240/196 195/239/195 158/246/202
f 127/259/215 132/218/174 164/260/216
f 171/261/217 128/262/218 152/229/219
f 130/263/220 143/219/175 183/264/221
f 129/265/222 126/254/210 191/266/223
f 191/266/223 190/267/224 129/265/222
f 166/268/225 122/228/184 162/227/183
f 162/227/183 164/269/216 166/268/225
f 121/270/180 159/271/179 183/272/221
f 183/272/221 127/273/215 121/270/180
f 131/232/188 134/231/187 169/274/226
f 169/274/226 163/275/213 131/232/188
f 151/236/192 144/235/191 185/276/227
f 185/276/227 170/277/228 151/236/192
f 171/261/217 153/226/182 154/225/181
f 154/225/181 175/278/229 171/261/217
f 138/242/198 146/241/197 188/279/230
f 188/279/230 173/280/231 138/242/198
f 140/230/232 152/229/219 128/262/218
f 128/262/218 176/281/233 140/230/232
f 150/282/199 138/283/198 174/284/234
f 174/284/234 167/285/235 150/282/199
f 155/286/189 151/287/192 168/288/236
f 168/288/236 177/289/237 155/286/189
f 195/290/195 156/291/194 179/292/238
f 179/292/238 130/293/239 195/290/195
f 157/294/200 150/295/199 165/296/240
f 165/296/240 180/297/241 157/294/200
f 186/298/242 123/247/203 158/246/243
f 158/246/243 182/299/214 186/298/242
f 146/300/244 157/301/200 181/302/245
f 181/302/245 187/303/246 146/300/244
f 124/237/193 148/240/196 190/304/247
f 190/304/247 189/305/248 124/237/193
f 129/306/249 125/245/201 160/248/204
f 160/248/204 192/307/250 129/306/249
f 144/308/251 161/309/252 194/310/253
f 194/310/253 184/311/254 144/308/251
f 126/254/210 137/253/209 172/312/255
f 172/312/255 191/266/256 126/254/210
f 161/313/252 155/286/189 178/314/257
f 178/314/257 193/315/258 161/313/252
f 167/316/235 166/317/225 133/217/259
f 133/217/259 165/318/240 167/316/235
f 170/319/228 169/320/226 134/321/260
f 134/321/260 168/322/236 170/319/228
f 171/261/217 152/229/219 153/226/182
f 175/323/229 174/324/234 138/242/261
f 138/242/261 173/280/231 175/323/229
f 178/325/257 177/326/237 140/327/262
f 140/327/262 176/328/263 178/325/257
f 181/200/245 180/329/241 142/330/264
f 142/220/264 179/331/238 181/332/245
f 130/333/265 183/272/221 182/334/214
f 159/271/179 182/334/214 183/272/221
f 186/335/242 185/336/227 144/308/266
f 144/308/266 184/311/254 186/335/242
f 189/337/248 188/279/230 146/241/267
f 146/241/267 187/338/246 189/337/248
f 191/339/223 120/252/268 190/340/224
f 194/341/253 193/342/258 149/255/269
f 149/255/269 192/343/250 194/341/253
f 163/275/213 164/269/270 162/227/271
f 162/227/271 131/232/188 163/275/213
f 127/273/215 163/344/213 121/270/180
f 163/344/213 127/273/215 164/345/272
f 167/285/235 165/346/240 150/282/199
f 122/228/184 166/268/225 167/347/235
f 170/348/228 168/288/236 151/287/192
f 135/221/177 169/349/226 170/350/228
f 171/351/217 136/249/205 172/352/273
f 128/353/274 171/354/217 172/312/273
f 172/312/273 137/253/209 128/353/274
f 175/355/229 173/356/231 139/250/206
f 154/225/181 174/357/234 175/278/229
f 178/358/257 176/359/263 141/256/212
f 155/286/189 177/289/237 178/314/257
f 181/360/245 179/292/238 156/291/194
f 157/301/200 180/361/241 181/302/245
f 195/290/275 130/293/276 182/362/214
f 182/299/214 158/246/243 195/239/275
f 186/298/242 184/363/254 123/247/203
f 145/222/178 185/364/227 186/365/242
f 189/305/248 187/366/246 124/237/193
f 147/251/207 188/367/230 189/368/248
f 129/306/249 148/240/196 125/245/201
f 148/240/196 129/306/249 190/304/247
f 194/369/253 192/307/250 160/248/204
f 161/309/252 193/370/258 194/310/253
f 166/317/225 164/260/216 132/218/174
f 132/218/174 133/217/173 166/317/225
f 127/259/215 183/264/221 143/219/175
f 143/219/175 132/218/174 127/259/215
f 163/257/213 169/349/226 135/221/177
f 170/350/228 185/364/227 145/222/178
f 145/222/178 135/221/177 170/350/228
f 171/351/217 175/355/229 139/250/206
f 139/250/206 136/249/205 171/351/217
f 173/356/231 188/367/230 147/251/207
f 147/251/207 139/250/206 173/356/231
f 176/359/263 128/353/274 137/253/209
f 137/253/209 141/256/212 176/359/263
f 167/347/235 174/357/234 154/225/181
f 154/225/181 122/228/184 167/347/235
f 153/226/182 152/229/185 131/232/188
f 177/326/237 168/322/236 134/321/187
f 134/321/187 140/327/186 177/326/237
f 130/263/220 179/331/277 142/220/278
f 142/220/278 143/219/175 130/263/220
f 180/371/241 165/318/240 133/217/173
f 133/217/173 142/220/176 180/371/241
f 145/222/178 186/365/242 182/258/214
f 187/366/246 181/372/245 156/238/194
f 156/238/194 124/237/193 187/366/246
f 189/368/248 190/340/224 120/252/268
f 120/252/268 147/251/207 189/368/248
f 126/254/210 129/265/222 192/343/279
f 192/343/279 149/255/211 126/254/210
f 184/363/254 194/369/253 160/248/204
f 160/248/204 123/247/203 184/363/254
f 191/339/280 172/352/281 136/249/205
f 136/249/205 120/252/208 191/339/280
f 193/342/258 178/358/257 141/256/212
f 141/256/212 149/255/211 193/342/258
f 158/246/202 125/245/201 148/240/196
f 200/373/282 201/374/282 197/375/282
f 197/375/282 196/376/282 200/373/282
f 201/377/283 202/378/283 198/379/283
f 198/379/283 197/380/283 201/377/283
f 202/381/284 203/382/284 199/383/284
f 199/383/284 198/384/284 202/381/284
f 203/378/285 200/377/286 196/385/286
f 196/385/286 199/386/285 203/378/285
f 204/387/287 205/388/287 201/389/287
f 201/389/287 200/390/287 204/387/287
f 205/388/287 206/391/287 202/392/287
f 202/392/287 201/389/287 205/388/287
f 206/391/287 207/393/287 203/394/287
f 203/394/287 202/392/287 206/391/287
f 207/393/287 204/387/287 200/390/287
f 200/390/287 203/394/287 207/393/287
f 208/395/288 209/396/289 205/397/288
f 205/397/288 204/398/290 208/395/288
f 209/399/291 210/400/292 206/401/291
f 206/401/291 205/402/293 209/399/291
f 210/403/294 211/404/295 207/405/296
f 207/405/296 206/406/297 210/403/294
f 211/407/298 208/408/299 204/409/300
f 204/409/300 207/410/301 211/407/298
f 212/411/302 213/412/303 209/413/304
f 209/413/304 208/414/305 212/411/302
f 213/412/303 214/415/306 210/416/307
f 210/416/307 209/413/304 213/412/303
f 214/415/306 215/417/308 211/418/309
f 211/418/309 210/416/307 214/415/306
f 215/417/308 212/411/302 208/414/305
f 208/414/305 211/418/309 215/417/308
f 216/419/310 217/420/311 213/421/310
f 213/421/310 212/422/312 216/419/310
f 217/423/313 218/424/314 214/425/313
f 214/425/313 213/426/315 217/423/313
f 218/427/316 219/428/317 215/429/316
f 215/429/316 214/430/318 218/427/316
f 219/431/319 216/432/320 212/433/319
f 212/433/319 215/434/321 219/431/319
f 220/435/322 221/436/323 217/437/322
f 217/437/322 216/438/324 220/435/322
f 221/439/325 222/440/326 218/441/325
f 218/441/325 217/442/327 221/439/325
f 222/443/328 223/444/329 219/445/328
f 219/445/328 218/446/330 222/443/328
f 223/447/331 220/448/332 216/449/331
f 216/449/331 219/450/333 223/447/331
f 224/451/334 225/452/335 221/453/336
f 221/453/336 220/454/337 224/451/334
f 225/452/335 226/455/338 222/456/339
f 222/456/339 221/453/336 225/452/335
f 226/455/338 227/457/340 223/458/341
f 223/458/341 222/456/339 226/455/338
f 227/457/340 224/451/334 220/454/337
f 220/454/337 223/458/341 227/457/340
f 228/459/342 229/460/342 225/461/342
f 225/461/342 224/462/342 228/459/342
f 229/463/343 230/464/344 226/465/344
f 226/465/344 225/466/343 229/463/343
f 230/467/345 231/468/345 227/469/345
f 227/469/345 226/470/345 230/467/345
f 231/471/346 228/472/346 224/473/346
f 224/473/346 227/474/346 231/471/346
f 232/475/347 235/476/348 229/477/349
f 229/477/349 228/478/350 232/475/347
f 235/476/348 233/479/351 230/480/352
f 230/480/352 229/477/349 235/476/348
f 233/479/351 234/481/353 231/482/354
f 231/482/354 230/480/352 233/479/351
f 234/481/353 232/475/347 228/478/350
f 228/478/350 231/482/354 234/481/353
f 235/476/355 237/483/356 233/479/357
f 237/483/358 238/484/359 234/481/358
f 234/481/358 233/479/360 237/483/358
f 232/475/361 234/481/362 238/484/363
f 236/485/364 239/486/365 235/487/364
f 235/487/364 232/488/366 236/485/364
f 237/489/356 235/490/355 239/491/367
f 238/492/363 236/493/368 232/494/361
f 239/491/367 241/495/369 237/489/356
f 241/496/370 242/497/371 238/498/372
f 238/498/372 237/499/373 241/496/370
f 236/493/368 238/492/363 242/500/374
f 240/501/375 243/502/376 239/486/377
f 239/486/377 236/485/378 240/501/375
f 241/495/369 239/491/367 243/503/379
f 242/500/374 240/504/380 236/493/368
f 243/503/379 246/505/381 241/495/369
f 246/506/382 247/507/383 242/497/382
f 242/497/382 241/496/384 246/506/382
f 240/504/380 242/500/374 247/508/385
f 244/509/386 245/510/387 243/511/388
f 243/511/388 240/442/389 244/509/386
f 246/512/381 243/511/379 245/510/390
f 247/513/385 244/509/391 240/442/380
f 248/514/392 249/515/393 245/510/394
f 245/510/394 244/509/395 248/514/392
f 249/515/393 250/516/396 246/512/397
f 246/512/397 245/510/394 249/515/393
f 250/516/396 251/517/398 247/513/399
f 247/513/399 246/512/397 250/516/396
f 251/517/398 248/514/392 244/509/395
f 244/509/395 247/513/399 251/517/398
f 252/518/400 253/519/400 249/520/400
f 249/520/400 248/521/400 252/518/400
f 253/472/401 254/522/401 250/523/401
f 250/523/401 249/524/401 253/472/401
f 254/525/402 255/526/402 251/527/402
f 251/527/402 250/528/402 254/525/402
f 255/529/403 252/530/404 248/524/404
f 248/524/404 251/523/403 255/529/403
f 256/531/405 257/532/406 253/533/407
f 253/533/407 252/534/408 256/531/405
f 257/532/406 258/535/409 254/536/410
f 254/536/410 253/533/407 257/532/406
f 258/535/409 259/537/411 255/538/412
f 255/538/412 254/536/410 258/535/409
f 259/537/411 256/531/405 252/534/408
f 252/534/408 255/538/412 259/537/411
f 260/539/413 261/540/414 257/541/415
f 257/541/415 256/542/416 260/539/413
f 261/543/417 262/544/418 258/545/419
f 258/545/419 257/546/420 261/543/417
f 262/547/421 263/548/422 259/549/421
f 259/549/421 258/550/423 262/547/421
f 263/551/424 260/552/425 256/553/426
f 256/553/426 259/554/427 263/551/424
f 264/555/428 265/556/429 261/540/428
f 261/540/428 260/539/430 264/555/428
f 265/557/431 266/558/432 262/544/431
f 262/544/431 261/543/433 265/557/431
f 266/559/434 267/560/435 263/548/434
f 263/548/434 262/547/436 266/559/434
f 267/561/437 264/562/438 260/552/437
f 260/552/437 263/551/439 267/561/437
f 268/563/440 270/564/441 265/565/441
f 265/565/441 264/566/442 268/563/440
f 270/564/441 271/567/443 266/568/444
f 266/568/444 265/565/441 270/564/441
f 271/567/443 269/569/445 267/570/446
f 267/570/446 266/568/444 271/567/443
f 269/569/445 268/563/440 264/566/442
f 264/566/442 267/570/446 269/569/445
f 271/571/447 275/572/447 269/573/448
f 268/574/449 269/575/450 275/576/449
f 272/577/451 273/578/452 270/579/453
f 270/579/453 268/580/454 272/577/451
f 273/581/455 274/582/456 271/583/457
f 271/583/457 270/584/458 273/581/455
f 275/572/447 271/571/447 274/585/459
f 275/576/449 272/586/460 268/574/449
f 276/587/461 277/588/462 273/589/463
f 273/589/463 272/590/464 276/587/461
f 277/588/462 278/591/465 274/592/466
f 274/592/466 273/589/463 277/588/462
f 278/591/465 279/593/467 275/594/468
f 275/594/468 274/592/466 278/591/465
f 279/593/467 276/587/461 272/590/464
f 272/590/464 275/594/468 279/593/467
f 280/595/469 281/596/470 277/588/462
f 277/588/462 276/587/461 280/595/469
f 281/596/470 282/597/471 278/591/465
f 278/591/465 277/588/462 281/596/470
f 282/597/471 283/598/472 279/593/467
f 279/593/467 278/591/465 282/597/471
f 283/598/472 280/595/469 276/587/461
f 276/587/461 279/593/467 283/598/472
f 284/599/473 285/600/474 281/596/475
f 281/596/475 280/595/476 284/599/473
f 285/600/477 286/601/478 282/597/479
f 282/597/479 281/596/480 285/600/477
f 286/601/481 287/602/482 283/598/483
f 283/598/483 282/597/484 286/601/481
f 287/602/485 284/599/486 280/595/487
f 280/595/487 283/598/488 287/602/485
f 288/603/489 289/604/490 285/605/474
f 285/605/474 284/606/473 288/603/489
f 289/607/491 290/608/492 286/609/478
f 286/609/478 285/610/477 289/607/491
f 290/611/493 291/612/494 287/613/482
f 287/613/482 286/614/481 290/611/493
f 291/615/495 288/616/496 284/617/486
f 284/617/486 287/618/485 291/615/495
f 292/619/497 293/620/498 289/604/490
f 289/604/490 288/603/489 292/619/497
f 293/621/499 294/622/500 290/608/492
f 290/608/492 289/607/491 293/621/499
f 294/623/501 295/624/502 291/612/494
f 291/612/494 290/611/493 294/623/501
f 295/625/503 292/626/504 288/616/496
f 288/616/496 291/615/495 295/625/503
f 296/627/505 297/628/506 293/620/498
f 293/620/498 292/619/497 296/627/505
f 297/629/507 298/630/508 294/622/500
f 294/622/500 293/621/499 297/629/507
f 298/631/509 299/632/510 295/624/502
f 295/624/502 294/623/501 298/631/509
f 299/633/511 296/634/512 292/626/504
f 292/626/504 295/625/503 299/633/511
f 300/635/513 301/636/514 297/628/506
f 297/628/506 296/627/505 300/635/513
f 301/637/515 302/638/516 298/630/508
f 298/630/508 297/629/507 301/637/515
f 302/639/517 303/640/518 299/632/510
f 299/632/510 298/631/509 302/639/517
f 303/638/519 300/637/520 296/634/512
f 296/634/512 299/633/511 303/638/519
f 304/641/521 305/642/522 301/643/523
f 301/643/523 300/644/524 304/641/521
f 305/642/522 306/645/525 302/646/526
f 302/646/526 301/643/527 305/642/522
f 306/645/525 307/647/528 303/648/529
f 303/648/529 302/646/530 306/645/525
f 307/647/528 304/641/521 300/644/531
f 300/644/531 303/648/532 307/647/528
f 196/649/533 197/650/534 305/642/522
f 305/642/522 304/641/521 196/649/533
f 197/650/534 198/651/535 306/645/525
f 306/645/525 305/642/522 197/650/534
f 198/651/535 199/652/536 307/647/528
f 307/647/528 306/645/525 198/651/535
f 199/652/536 196/649/533 304/641/521
f 304/641/521 307/647/528 199/652/536
f 459/653/537 362/654/538 310/655/539
f 310/655/539 412/656/540 459/653/537
f 362/657/541 377/658/542 310/659/543
f 345/660/544 344/661/545 448/662/403
f 448/662/403 315/663/546 345/660/544
f 411/664/547 363/665/548 316/666/549
f 363/667/550 385/668/551 317/669/552
f 317/669/552 316/670/553 363/667/550
f 318/671/554 386/672/555 319/673/556
f 386/674/557 447/675/558 319/676/559
f 322/677/560 321/678/561 372/679/562
f 372/679/562 389/680/563 322/677/560
f 323/681/564 328/682/565 424/683/566
f 424/683/566 408/684/567 323/681/564
f 324/685/568 329/686/569 312/687/570
f 312/687/570 421/688/571 324/685/568
f 325/689/572 326/690/573 347/691/574
f 347/691/574 388/692/575 325/689/572
f 325/693/576 422/694/577 320/695/578
f 324/696/579 420/697/580 333/698/581
f 398/699/582 346/700/583 322/701/584
f 341/702/585 342/703/586 343/704/587
f 315/663/546 351/705/588 361/706/589
f 361/706/589 350/707/590 315/663/546
f 403/708/591 352/709/592 349/710/593
f 416/711/594 353/712/595 354/713/596
f 354/714/597 353/715/598 311/716/599
f 311/716/599 423/717/600 354/714/597
f 357/718/601 441/719/601 378/720/601
f 358/721/602 380/722/603 432/723/604
f 379/724/605 356/725/606 355/726/607
f 402/727/608 360/728/609 359/729/610
f 361/706/611 343/704/587 401/730/612
f 402/731/613 359/732/614 330/733/615
f 428/734/616 308/735/617 391/736/618
f 364/737/619 386/738/620 413/739/621
f 430/740/622 365/741/623 395/742/624
f 459/653/537 376/743/625 362/654/538
f 353/744/626 356/725/606 379/724/605
f 379/724/605 311/745/627 353/744/626
f 357/746/628 380/747/629 414/748/630
f 438/749/631 383/750/632 336/751/633
f 336/751/634 433/752/634 438/749/634
f 314/753/635 337/754/636 313/755/637
f 411/664/547 375/756/638 363/665/548
f 386/674/557 364/757/639 447/675/558
f 325/758/640 373/759/641 366/760/642
f 308/761/643 428/762/644 321/763/645
f 323/764/646 370/765/647 419/766/648
f 321/678/561 428/767/649 372/679/562
f 408/684/567 374/768/650 323/681/564
f 421/688/571 445/769/651 324/685/568
f 394/770/652 427/771/653 326/772/654
f 326/772/654 460/773/655 394/770/652
f 326/690/573 427/774/656 381/775/657
f 381/775/657 347/691/574 326/690/573
f 365/776/658 430/777/659 328/778/660
f 328/778/660 327/779/661 365/776/658
f 328/682/565 430/780/662 371/781/663
f 371/781/663 424/683/566 328/682/565
f 396/782/664 429/783/665 329/784/666
f 329/784/666 309/785/667 396/782/664
f 329/686/569 429/786/668 382/787/669
f 382/787/669 312/687/570 329/686/569
f 434/788/670 372/789/671 428/734/616
f 331/790/672 362/791/673 376/792/674
f 440/793/624 381/794/675 427/795/676
f 435/796/677 371/797/678 430/740/622
f 332/798/679 363/799/680 375/800/681
f 431/801/176 382/802/682 429/803/683
f 388/804/684 422/694/577 325/693/576
f 325/693/576 320/695/578 373/805/685
f 445/806/686 420/697/580 324/696/579
f 324/696/579 333/698/581 369/807/687
f 334/808/688 323/809/689 374/810/690
f 374/810/690 397/811/691 334/808/688
f 370/812/692 323/809/689 334/808/688
f 334/808/688 418/813/693 370/812/692
f 389/814/694 398/699/582 322/701/584
f 322/701/584 346/700/583 368/815/695
f 335/816/696 336/751/633 383/750/632
f 383/817/632 439/818/697 335/819/696
f 390/820/698 425/821/699 401/822/700
f 401/822/700 439/818/697 361/823/701
f 344/661/545 399/824/702 384/825/703
f 400/826/704 399/824/702 344/661/545
f 344/661/545 345/660/544 400/826/704
f 449/827/705 436/828/706 405/829/707
f 436/828/706 338/830/708 407/831/709
f 407/831/709 405/829/707 436/828/706
f 340/832/710 367/833/711 349/710/593
f 339/834/712 340/832/710 349/710/593
f 438/835/713 400/826/704 345/660/544
f 383/836/714 438/835/713 345/660/544
f 345/660/544 350/707/590 383/836/714
f 361/706/589 383/836/714 350/707/590
f 338/830/708 337/837/636 407/831/709
f 337/837/636 314/838/635 352/709/592
f 352/709/592 407/831/709 337/837/636
f 437/839/715 339/834/712 352/709/592
f 352/709/592 314/838/635 437/839/715
f 404/840/716 419/766/648 406/841/179
f 406/841/179 347/691/574 404/840/716
f 326/772/654 325/758/640 366/760/642
f 366/760/642 460/773/655 326/772/654
f 321/763/645 322/842/717 368/843/718
f 368/843/718 308/761/643 321/763/645
f 329/784/666 324/844/719 369/845/720
f 369/845/720 309/785/667 329/784/666
f 328/778/660 323/764/646 419/766/648
f 419/766/648 327/779/661 328/778/660
f 358/846/721 394/770/652 460/773/655
f 460/773/655 380/747/629 358/846/721
f 355/847/722 362/791/673 331/790/672
f 331/790/672 392/848/723 355/847/722
f 414/748/630 460/773/655 366/760/642
f 415/849/724 409/850/725 416/711/594
f 360/851/726 426/852/726 410/853/726
f 426/854/727 360/728/609 402/727/608
f 351/705/588 341/702/585 343/704/587
f 343/704/587 361/706/589 351/705/588
f 318/671/554 317/669/552 385/668/551
f 359/732/614 354/714/597 423/717/600
f 423/717/600 330/733/615 359/732/614
f 372/679/562 357/746/628 414/748/630
f 363/667/728 386/672/729 387/855/730
f 387/855/730 385/668/551 363/667/728
f 396/856/731 371/797/678 435/796/677
f 389/814/694 373/805/685 320/695/578
f 320/695/578 398/699/582 389/814/694
f 372/679/562 414/748/630 366/760/642
f 366/760/642 389/680/563 372/679/562
f 410/853/732 415/849/724 416/711/594
f 416/711/594 360/851/733 410/853/732
f 447/675/558 455/857/734 417/858/735
f 417/858/735 319/676/736 447/675/558
f 444/859/737 312/687/570 382/787/669
f 312/687/570 444/859/737 421/688/571
f 461/860/738 411/664/547 316/666/549
f 377/658/542 416/711/594 409/850/725
f 409/850/725 310/659/543 377/658/542
f 362/657/739 355/861/740 356/862/741
f 356/862/741 377/658/542 362/657/739
f 394/863/742 358/864/743 393/865/744
f 374/810/690 369/807/687 397/811/691
f 333/698/581 346/700/583 422/694/577
f 404/840/716 347/691/574 381/775/657
f 308/735/617 367/866/745 442/867/746
f 442/867/746 391/736/618 308/735/617
f 402/727/608 390/868/747 343/704/587
f 406/841/179 388/692/575 347/691/574
f 320/695/578 346/700/583 398/699/582
f 313/755/748 433/752/749 336/751/633
f 336/751/633 314/753/750 313/755/748
f 337/754/751 438/749/752 433/752/749
f 433/752/749 313/755/748 337/754/751
f 338/869/753 400/870/754 438/871/752
f 438/871/752 337/872/751 338/869/753
f 339/873/755 439/818/697 401/822/700
f 401/822/700 340/874/756 339/873/755
f 358/864/743 355/847/757 392/848/723
f 392/848/723 393/865/744 358/864/743
f 427/795/676 394/863/742 331/790/672
f 428/734/616 391/736/618 330/733/615
f 429/803/683 396/856/731 332/798/679
f 430/740/622 395/742/624 413/739/621
f 379/724/605 432/723/604 378/875/758
f 378/875/758 311/745/627 379/724/605
f 330/733/615 434/788/670 428/734/616
f 331/790/672 440/793/624 427/795/676
f 413/739/621 435/796/677 430/740/622
f 332/798/679 431/801/176 429/803/683
f 399/876/759 436/877/760 449/878/761
f 449/878/761 384/879/762 399/876/759
f 400/870/754 338/869/753 436/877/760
f 436/877/760 399/876/759 400/870/754
f 335/816/696 437/880/763 314/753/750
f 314/753/750 336/751/633 335/816/696
f 437/881/763 335/819/696 439/818/697
f 311/716/599 378/720/764 441/719/765
f 441/719/765 423/717/600 311/716/599
f 355/726/607 358/721/602 432/723/604
f 432/723/604 379/724/605 355/726/607
f 392/848/723 331/790/672 394/863/742
f 394/863/742 393/865/744 392/848/723
f 423/717/600 441/719/765 434/788/670
f 434/788/670 330/733/615 423/717/600
f 461/860/738 443/882/403 344/661/545
f 449/878/761 382/802/682 431/801/176
f 388/804/684 370/812/692 418/813/693
f 412/656/540 417/858/735 446/883/766
f 457/884/767 450/885/768 456/886/769
f 456/886/769 452/887/401 457/884/767
f 405/829/707 444/859/737 449/827/705
f 364/757/639 376/743/625 459/653/537
f 459/653/537 447/675/558 364/757/639
f 365/741/623 381/794/675 440/793/624
f 440/793/624 395/742/624 365/741/623
f 445/806/686 368/815/695 346/700/583
f 332/798/679 384/879/762 449/878/761
f 449/878/761 431/801/176 332/798/679
f 395/742/624 440/793/624 413/739/621
f 369/845/720 374/768/650 408/684/567
f 354/713/596 359/888/770 360/851/733
f 360/851/733 416/711/594 354/713/596
f 357/718/771 372/789/671 434/788/670
f 434/788/670 441/719/765 357/718/771
f 389/680/563 366/760/642 373/759/641
f 371/781/663 396/782/664 309/785/667
f 309/785/667 424/683/566 371/781/663
f 386/738/620 363/799/680 332/798/679
f 332/798/679 413/739/621 386/738/620
f 333/698/581 397/811/691 369/807/687
f 424/683/566 309/785/667 369/845/720
f 369/845/720 408/684/567 424/683/566
f 346/700/583 333/698/581 420/697/580
f 413/739/621 332/798/679 396/856/731
f 396/856/731 435/796/677 413/739/621
f 333/698/581 418/813/693 397/811/691
f 444/859/737 405/829/707 421/688/571
f 370/765/647 388/692/575 419/766/648
f 384/879/762 332/798/679 375/800/681
f 382/787/669 449/827/705 444/859/737
f 346/700/583 420/697/580 445/806/686
f 422/694/577 418/813/693 333/698/581
f 443/882/403 448/662/403 344/661/545
f 384/825/703 375/756/638 451/889/772
f 451/889/772 344/661/545 384/825/703
f 376/792/674 364/737/619 413/739/621
f 413/739/621 331/790/672 376/792/674
f 418/813/693 422/694/577 388/804/684
f 368/843/718 445/769/651 421/688/571
f 421/688/571 403/708/591 368/843/718
f 381/775/657 365/776/658 327/779/661
f 327/779/661 404/840/716 381/775/657
f 404/840/716 327/779/661 419/766/648
f 331/790/672 413/739/621 440/793/624
f 405/829/707 407/831/709 403/708/591
f 403/708/591 421/688/571 405/829/707
f 406/841/179 419/766/648 388/692/575
f 455/857/734 447/675/558 459/653/537
f 459/653/537 348/890/773 455/857/734
f 412/656/540 446/883/766 454/891/774
f 455/857/734 446/883/766 417/858/735
f 411/664/547 461/860/738 451/889/772
f 411/664/547 451/889/772 375/756/638
f 418/813/693 334/808/688 397/811/691
f 342/703/586 426/854/775 402/727/608
f 402/727/608 343/704/587 342/703/586
f 454/891/774 459/653/537 412/656/540
f 308/761/643 349/710/593 367/833/711
f 390/820/698 402/731/613 330/733/615
f 330/733/615 425/821/699 390/820/698
f 349/710/593 308/761/643 368/843/718
f 368/843/718 403/708/591 349/710/593
f 425/821/699 330/733/615 391/736/618
f 391/736/618 442/867/746 425/821/699
f 320/695/578 422/694/577 346/700/583
f 456/892/776 450/893/777 455/894/776
f 455/894/776 453/895/778 456/892/776
f 450/896/779 457/897/780 446/898/781
f 446/898/781 455/899/782 450/896/779
f 457/900/783 452/901/784 458/902/785
f 458/902/785 446/885/786 457/900/783
f 452/903/787 456/904/788 453/905/789
f 453/905/789 458/906/790 452/903/787
f 455/857/734 348/890/773 453/907/791
f 446/883/766 458/908/792 454/891/774
f 458/908/793 453/907/794 348/890/795
f 348/890/795 454/891/796 458/908/793
f 340/874/756 442/867/746 367/866/745
f 343/704/587 390/868/747 401/730/612
f 442/867/746 340/874/756 401/822/700
f 401/822/700 425/821/699 442/867/746
f 318/671/554 387/855/730 386/672/555
f 352/709/592 403/708/591 407/831/709
f 414/748/630 380/747/629 460/773/655
f 387/855/730 318/671/554 385/668/551
f 356/862/741 416/711/594 377/658/542
f 451/889/772 461/860/738 344/661/545
f 454/891/774 348/890/773 459/653/537
f 350/707/590 345/660/544 315/663/546
f 356/862/741 353/712/595 416/711/594
f 380/722/603 357/909/797 378/875/758
f 378/875/758 432/723/604 380/722/603
f 383/817/632 361/823/701 439/818/697
f 339/834/712 349/710/593 352/709/592
f 339/873/755 437/881/763 439/818/697
f 476/910/798 463/911/799 485/912/800
f 485/912/800 462/913/801 476/910/798
f 494/914/802 465/915/803 466/916/804
f 466/916/804 464/917/805 494/914/802
f 501/918/806 499/919/807 467/920/808
f 467/920/808 468/921/809 501/918/806
f 504/922/810 470/923/811 471/924/812
f 471/924/812 469/925/813 504/922/810
f 508/926/814 473/927/815 474/928/816
f 474/928/816 472/929/817 508/926/814
f 476/910/798 475/930/818 478/931/819
f 475/930/818 477/932/820 479/933/821
f 479/933/821 478/931/819 475/930/818
f 481/934/822 480/935/823 462/913/801
f 480/935/823 481/934/822 483/936/824
f 483/936/824 482/937/825 480/935/823
f 485/912/800 484/938/826 487/939/827
f 484/938/826 486/940/828 488/941/829
f 488/941/829 487/939/827 484/938/826
f 490/942/830 489/943/831 463/911/799
f 489/943/831 490/942/830 492/944/832
f 492/944/832 491/945/833 489/943/831
f 494/914/802 493/946/834 495/947/835
f 493/946/834 478/948/819 479/949/821
f 479/949/821 495/947/835 493/946/834
f 497/950/836 496/951/837 464/917/805
f 496/951/837 497/950/836 492/952/832
f 492/952/832 490/953/830 496/951/837
f 499/919/807 498/954/838 497/955/836
f 498/954/838 491/956/833 492/957/832
f 492/957/832 497/955/836 498/954/838
f 501/918/806 500/958/839 486/959/828
f 500/958/839 502/960/840 488/961/829
f 488/961/829 486/959/828 500/958/839
f 504/922/810 503/962/841 502/963/840
f 503/962/841 487/964/827 488/965/829
f 488/965/829 502/963/840 503/962/841
f 506/966/842 505/967/843 469/925/813
f 505/967/843 506/966/842 483/968/824
f 483/968/824 481/969/822 505/967/843
f 508/926/814 507/970/844 506/971/842
f 507/970/844 482/972/825 483/973/824
f 483/973/824 506/971/842 507/970/844
f 495/974/835 509/975/845 472/929/817
f 509/975/845 495/974/835 479/976/821
f 479/976/821 477/977/820 509/975/845
f 480/935/823 475/930/818 476/910/798
f 476/910/798 462/913/801 480/935/823
f 482/937/825 477/932/820 475/930/818
f 475/930/818 480/935/823 482/937/825
f 487/939/827 481/934/822 462/913/801
f 462/913/801 485/912/800 487/939/827
f 489/943/831 484/938/826 485/912/800
f 485/912/800 463/911/799 489/943/831
f 491/945/833 486/940/828 484/938/826
f 484/938/826 489/943/831 491/945/833
f 478/931/819 490/942/830 463/911/799
f 463/911/799 476/910/798 478/931/819
f 496/951/837 493/946/834 494/914/802
f 494/914/802 464/917/805 496/951/837
f 490/953/830 478/948/819 493/946/834
f 493/946/834 496/951/837 490/953/830
f 494/914/802 511/978/846 465/915/803
f 495/947/835 516/979/847 511/978/846
f 511/978/846 494/914/802 495/947/835
f 501/918/806 498/954/838 499/919/807
f 486/959/828 491/956/833 498/954/838
f 498/954/838 501/918/806 486/959/828
f 513/980/848 467/920/808 499/919/807
f 499/919/807 497/955/836 510/981/849
f 510/981/849 513/980/848 499/919/807
f 505/967/843 503/962/841 504/922/810
f 504/922/810 469/925/813 505/967/843
f 481/969/822 487/964/827 503/962/841
f 503/962/841 505/967/843 481/969/822
f 504/922/810 515/982/850 470/923/811
f 502/963/840 512/983/851 515/982/850
f 515/982/850 504/922/810 502/963/840
f 509/975/845 507/970/844 508/926/814
f 508/926/814 472/929/817 509/975/845
f 477/977/820 482/972/825 507/970/844
f 507/970/844 509/975/845 477/977/820
f 508/926/814 517/984/852 473/927/815
f 506/971/842 514/985/853 517/984/852
f 517/984/852 508/926/814 506/971/842
f 518/986/854 525/987/855 519/988/856
f 519/988/856 530/989/857 518/986/854
f 520/990/858 535/991/859 547/992/860
f 547/992/860 570/993/861 520/990/858
f 571/994/862 537/995/863 521/996/864
f 521/996/864 549/997/865 571/994/862
f 522/998/866 541/999/867 551/1000/868
f 551/1000/868 572/1001/869 522/998/866
f 523/1002/870 534/1003/871 553/1004/872
f 553/1004/872 573/1005/873 523/1002/870
f 533/1006/874 524/1007/875 518/986/854
f 545/1008/876 546/1009/877 524/1007/875
f 524/1007/875 533/1006/874 545/1008/876
f 525/987/855 526/1010/878 527/1011/879
f 526/1010/878 544/1012/880 527/1011/879
f 540/1013/881 528/1014/882 519/988/856
f 528/1014/882 540/1013/881 529/1015/883
f 530/989/857 531/1016/884 536/1017/885
f 532/1018/886 536/1017/885 531/1016/884
f 545/1019/887 533/1020/888 520/990/858
f 520/990/858 534/1021/889 545/1019/887
f 532/1022/890 538/1023/891 535/991/859
f 535/991/859 536/1024/892 532/1022/890
f 537/995/863 538/1025/893 532/1026/894
f 537/995/863 532/1026/894 531/1027/895
f 528/1028/896 539/1029/897 521/996/864
f 539/1029/897 528/1028/896 529/1030/898
f 529/1031/899 540/1032/881 522/998/866
f 541/999/867 542/1033/900 543/1034/901
f 527/1035/879 543/1034/901 542/1033/900
f 543/1036/902 544/1037/880 523/1002/870
f 544/1037/880 543/1036/902 527/1038/879
f 534/1003/871 546/1039/903 545/1040/904
f 526/1010/878 525/987/855 518/986/854
f 518/986/854 524/1007/875 526/1010/878
f 544/1012/880 526/1010/878 524/1007/875
f 524/1007/875 546/1009/877 544/1012/880
f 540/1013/881 519/988/856 525/987/855
f 525/987/855 527/1011/879 540/1013/881
f 531/1016/884 530/989/857 519/988/856
f 519/988/856 528/1014/882 531/1016/884
f 533/1006/874 518/986/854 530/989/857
f 530/989/857 536/1017/885 533/1006/874
f 536/1024/892 535/991/859 520/990/858
f 520/990/858 533/1020/888 536/1024/892
f 548/1041/905 547/992/860 535/991/859
f 535/991/859 538/1023/891 548/1041/905
f 534/1021/889 520/990/858 570/993/906
f 570/993/906 575/1042/907 534/1021/889
f 528/1028/896 521/996/864 537/995/863
f 537/995/863 531/1027/895 528/1028/896
f 521/996/864 539/1029/897 549/997/865
f 550/1043/908 549/997/865 539/1029/897
f 539/1029/897 529/1030/899 550/1043/908
f 571/994/862 538/1025/893 537/995/863
f 571/994/862 548/1044/909 538/1025/893
f 542/1033/900 541/999/867 522/998/866
f 522/998/866 540/1032/881 542/1033/900
f 527/1035/879 542/1033/900 540/1032/881
f 552/1045/910 551/1000/868 541/999/867
f 541/999/867 543/1034/901 552/1045/910
f 529/1031/899 522/998/866 572/1001/911
f 572/1001/911 550/1046/908 529/1031/899
f 546/1039/903 534/1003/871 523/1002/870
f 523/1002/870 544/1037/880 546/1039/903
f 575/1047/912 553/1004/872 534/1003/871
f 543/1036/902 523/1002/870 573/1005/873
f 573/1005/873 552/1048/913 543/1036/902
f 556/1049/914 574/1050/915 555/1051/916
f 555/1051/916 565/1052/917 556/1049/914
f 554/1053/918 576/1054/919 558/1055/920
f 558/1055/920 567/1056/921 554/1053/918
f 557/1057/922 577/1058/923 560/1059/924
f 560/1059/924 568/1060/925 557/1057/922
f 559/1061/926 578/1062/927 566/1063/928
f 566/1063/928 569/1064/929 559/1061/926
f 555/1051/916 574/1050/915 554/1053/918
f 565/1052/917 566/1063/928 556/1049/914
f 558/1055/920 576/1054/919 557/1057/922
f 567/1056/921 555/1051/916 554/1053/918
f 560/1059/924 577/1058/923 559/1061/926
f 568/1060/925 558/1055/920 557/1057/922
f 566/1063/928 578/1062/927 556/1049/914
f 569/1064/929 560/1059/924 559/1061/926
f 465/915/930 561/1065/931 466/916/932
f 467/920/933 562/1066/933 468/921/933
f 470/923/934 563/1067/934 471/924/934
f 473/927/935 564/1068/935 474/928/935
f 561/1065/936 555/1069/937 510/1070/849
f 465/915/803 511/978/846 565/1071/938
f 516/979/847 566/1072/939 565/1071/938
f 565/1071/938 511/978/846 516/979/847
f 562/1066/940 558/1073/941 512/1074/851
f 467/920/808 513/980/848 567/1075/942
f 555/1076/937 567/1075/942 513/980/848
f 513/980/848 510/981/849 555/1076/937
f 563/1067/943 560/1077/944 514/1078/853
f 470/923/811 515/982/850 568/1079/945
f 558/1080/941 568/1079/945 515/982/850
f 515/982/850 512/983/851 558/1080/941
f 566/1081/939 516/1082/847 564/1068/946
f 473/927/815 517/984/852 569/1083/947
f 560/1084/944 569/1083/947 517/984/852
f 517/984/852 514/985/853 560/1084/944
f 570/993/861 547/992/860 574/1085/948
f 571/994/862 549/997/865 576/1086/949
f 572/1001/869 551/1000/868 577/1087/950
f 573/1005/873 553/1004/872 578/1088/951
f 574/1085/952 547/992/860 548/1041/905
f 576/1086/953 549/997/865 550/1043/908
f 577/1087/950 551/1000/868 552/1045/910
f 575/1047/912 578/1088/954 553/1004/872
f 561/1089/931 465/1090/930 565/1052/917
f 565/1052/917 555/1051/916 561/1089/931
f 574/1050/915 556/1049/914 570/1091/955
f 562/1092/956 467/1093/957 567/1056/921
f 567/1056/921 558/1055/920 562/1092/956
f 576/1054/919 554/1053/918 571/1094/958
f 563/1095/959 470/1096/960 568/1060/925
f 568/1060/925 560/1059/924 563/1095/959
f 577/1058/923 557/1057/922 572/1097/961
f 564/1098/962 473/1099/963 569/1064/929
f 569/1064/929 566/1063/928 564/1098/962
f 578/1062/927 559/1061/926 573/1100/964
f 548/1101/965 554/1053/918 574/1050/966
f 575/1102/967 570/1091/955 556/1049/914
f 550/1103/968 557/1057/922 576/1054/969
f 548/1101/965 571/1094/958 554/1053/918
f 552/1104/970 559/1061/926 577/1058/971
f 550/1103/968 572/1097/961 557/1057/922
f 575/1102/967 556/1049/914 578/1062/972
f 552/1104/970 573/1100/964 559/1061/926
f 464/917/805 466/916/804 561/1065/936
f 561/1065/936 510/1070/849 497/950/836
f 497/950/836 464/917/805 561/1065/936
f 562/1066/940 500/958/839 501/918/806
f 501/918/806 468/921/809 562/1066/940
f 512/1074/851 502/960/840 500/958/839
f 500/958/839 562/1066/940 512/1074/851
f 469/925/813 471/924/812 563/1067/943
f 514/1078/853 506/966/842 469/925/813
f 469/925/813 563/1067/943 514/1078/853
f 472/929/817 474/928/816 564/1068/946
f 516/1082/847 495/974/835 472/929/817
f 472/929/817 564/1068/946 516/1082/847
f 579/1105/973 620/1106/974 580/1107/975
f 580/1107/975 650/1108/976 579/1105/973
f 620/1106/974 622/1109/977 581/1110/978
f 581/1110/978 580/1107/975 620/1106/974
f 582/1111/979 624/1112/980 583/1113/981
f 583/1113/981 651/1114/982 582/1111/979
f 624/1112/980 627/1115/983 584/1116/984
f 584/1116/984 583/1113/981 624/1112/980
f 585/1117/985 629/1118/986 586/1119/987
f 586/1119/987 652/1120/988 585/1117/985
f 629/1118/986 632/1121/989 587/1122/990
f 587/1122/990 586/1119/987 629/1118/986
f 634/1123/991 588/1124/992 636/1125/993
f 636/1125/993 589/1126/994 634/1123/991
f 589/1126/994 636/1125/993 653/1127/995
f 653/1127/995 590/1128/996 589/1126/994
f 650/1108/976 654/1129/997 591/1130/998
f 591/1130/998 579/1105/973 650/1108/976
f 651/1114/982 641/1131/999 592/1132/1000
f 592/1132/1000 582/1111/979 651/1114/982
f 652/1120/988 655/1133/1001 593/1134/1002
f 593/1134/1002 585/1117/985 652/1120/988
f 588/1124/992 634/1123/991 656/1135/1003
f 656/1135/1003 594/1136/1004 588/1124/992
f 654/1129/997 645/1137/1005 595/1138/1006
f 595/1138/1006 591/1130/998 654/1129/997
f 595/1138/1006 645/1137/1005 590/1139/996
f 590/1139/996 653/1140/995 595/1138/1006
f 641/1131/999 647/1141/1007 596/1142/1008
f 596/1142/1008 592/1132/1000 641/1131/999
f 647/1141/1007 581/1143/978 622/1144/977
f 622/1144/977 596/1142/1008 647/1141/1007
f 655/1133/1001 648/1145/1009 597/1146/1010
f 597/1146/1010 593/1134/1002 655/1133/1001
f 648/1145/1009 584/1147/984 627/1148/983
f 627/1148/983 597/1146/1010 648/1145/1009
f 656/1135/1003 649/1149/1011 598/1150/1012
f 598/1150/1012 594/1136/1004 656/1135/1003
f 649/1149/1011 587/1151/990 632/1152/989
f 632/1152/989 598/1150/1012 649/1149/1011
f 658/1153/1013 600/1154/1014 657/1155/1015
f 657/1155/1015 599/1156/1016 658/1153/1013
f 659/1157/1017 601/1158/1018 599/1156/1016
f 599/1156/1016 657/1155/1015 659/1157/1017
f 661/1159/1019 603/1160/1020 660/1161/1021
f 660/1161/1021 602/1162/1022 661/1159/1019
f 602/1162/1022 660/1161/1021 662/1163/1023
f 662/1163/1023 604/1164/1024 602/1162/1022
f 664/1165/1025 606/1166/1026 663/1167/1027
f 663/1167/1027 605/1168/1028 664/1165/1025
f 605/1168/1028 663/1167/1027 665/1169/1029
f 665/1169/1029 607/1170/1030 605/1168/1028
f 608/1171/1031 667/1172/1032 609/1173/1033
f 609/1173/1033 666/1174/1034 608/1171/1031
f 610/1175/1035 608/1171/1031 666/1174/1034
f 666/1174/1034 637/1176/1036 610/1175/1035
f 600/1154/1014 658/1153/1013 668/1177/1037
f 668/1177/1037 611/1178/1038 600/1154/1014
f 669/1179/1039 612/1180/1040 603/1160/1020
f 603/1160/1020 661/1159/1019 669/1179/1039
f 606/1166/1026 664/1165/1025 670/1181/1041
f 670/1181/1041 613/1182/1042 606/1166/1026
f 614/1183/1043 609/1173/1033 667/1172/1032
f 667/1172/1032 671/1184/1044 614/1183/1043
f 611/1178/1038 668/1177/1037 672/1185/1045
f 672/1185/1045 615/1186/1046 611/1178/1038
f 637/1187/1047 615/1186/1046 672/1185/1045
f 672/1185/1045 610/1188/1048 637/1187/1047
f 673/1189/1049 616/1190/1050 612/1180/1040
f 612/1180/1040 669/1179/1039 673/1189/1049
f 601/1191/1018 659/1192/1017 616/1190/1050
f 616/1190/1050 673/1189/1049 601/1191/1018
f 613/1182/1042 670/1181/1041 674/1193/1051
f 674/1193/1051 617/1194/1052 613/1182/1042
f 617/1194/1052 674/1193/1051 604/1195/1024
f 604/1195/1024 662/1196/1023 617/1194/1052
f 614/1183/1043 671/1184/1044 675/1197/1053
f 675/1197/1053 618/1198/1054 614/1183/1043
f 618/1198/1054 675/1197/1053 607/1199/1030
f 607/1199/1030 665/1200/1029 618/1198/1054
f 580/1201/1055 581/1202/1056 621/1203/1057
f 620/1204/1058 619/1205/1059 601/1206/1060
f 601/1206/1060 622/1207/1061 620/1204/1058
f 583/1208/1062 584/1209/1063 625/1210/1064
f 624/1211/1065 623/1212/1066 626/1213/1067
f 626/1213/1067 627/1214/1068 624/1211/1065
f 586/1215/1069 587/1216/1070 630/1217/1071
f 629/1218/1072 628/1219/1073 631/1220/1074
f 631/1220/1074 632/1221/1075 629/1218/1072
f 634/1222/1076 589/1223/1077 633/1224/1078
f 637/1225/1079 633/1224/1078 589/1223/1077
f 589/1223/1077 590/1226/1080 637/1225/1079
f 635/1227/1081 610/1228/1082 638/1229/1083
f 638/1229/1083 636/1230/1084 635/1227/1081
f 644/1231/1085 619/1205/1059 620/1204/1058
f 620/1204/1058 638/1229/1083 644/1231/1085
f 621/1203/1057 639/1232/1086 645/1233/1087
f 645/1233/1087 580/1201/1055 621/1203/1057
f 646/1234/1088 623/1212/1066 624/1211/1065
f 624/1211/1065 596/1235/1089 646/1234/1088
f 625/1210/1064 640/1236/1090 641/1237/1091
f 641/1237/1091 583/1208/1062 625/1210/1064
f 626/1213/1067 628/1219/1073 629/1218/1072
f 629/1218/1072 597/1238/1092 626/1213/1067
f 630/1217/1071 642/1239/1093 648/1240/1094
f 648/1240/1094 586/1215/1069 630/1217/1071
f 631/1220/1074 635/1227/1081 636/1230/1084
f 636/1230/1084 598/1241/1095 631/1220/1074
f 633/1224/1078 643/1242/1096 649/1243/1097
f 649/1243/1097 634/1222/1076 633/1224/1078
f 610/1228/1082 644/1231/1085 638/1229/1083
f 639/1232/1086 637/1225/1079 590/1226/1080
f 590/1226/1080 645/1233/1087 639/1232/1086
f 640/1236/1090 647/1244/1098 641/1237/1091
f 622/1207/1061 601/1206/1060 646/1234/1088
f 646/1234/1088 596/1235/1089 622/1207/1061
f 647/1244/1098 640/1236/1090 621/1203/1057
f 621/1203/1057 581/1202/1056 647/1244/1098
f 597/1238/1092 627/1214/1068 626/1213/1067
f 648/1240/1094 642/1239/1093 625/1210/1064
f 625/1210/1064 584/1209/1063 648/1240/1094
f 598/1241/1095 632/1221/1075 631/1220/1074
f 649/1243/1097 643/1242/1096 630/1217/1071
f 630/1217/1071 587/1216/1070 649/1243/1097
f 657/1245/1099 600/1246/1100 621/1203/1101
f 619/1205/1059 658/1247/1102 599/1248/1103
f 659/1249/1104 657/1245/1099 621/1203/1101
f 619/1205/1059 599/1248/1103 601/1206/1060
f 660/1250/1105 603/1251/1106 625/1210/1107
f 623/1212/1108 661/1252/1109 602/1253/1110
f 662/1254/1111 660/1250/1105 625/1210/1107
f 623/1212/1108 602/1253/1110 604/1255/1112
f 604/1255/1112 626/1213/1113 623/1212/1108
f 663/1256/1114 606/1257/1115 630/1217/1116
f 628/1219/1117 664/1258/1118 605/1259/1119
f 665/1260/1120 663/1256/1114 630/1217/1116
f 628/1219/1117 605/1259/1119 607/1261/1121
f 607/1261/1121 631/1220/1122 628/1219/1117
f 666/1262/1123 609/1263/1124 633/1224/1078
f 635/1227/1081 667/1264/1125 608/1265/1126
f 637/1225/1079 666/1262/1123 633/1224/1078
f 638/1229/1083 653/1266/1127 636/1230/1084
f 610/1228/1082 635/1227/1081 608/1265/1126
f 579/1267/1128 591/1268/1129 638/1229/1083
f 638/1229/1083 620/1204/1058 579/1267/1128
f 668/1269/1130 658/1247/1102 619/1205/1059
f 619/1205/1059 644/1231/1085 668/1269/1130
f 654/1270/1131 650/1271/1132 580/1201/1055
f 580/1201/1055 645/1233/1087 654/1270/1131
f 600/1246/1100 611/1272/1133 639/1232/1086
f 639/1232/1086 621/1203/1101 600/1246/1100
f 582/1273/1134 592/1274/1135 596/1235/1089
f 596/1235/1089 624/1211/1065 582/1273/1134
f 669/1275/1136 661/1252/1109 623/1212/1108
f 623/1212/1108 646/1234/1088 669/1275/1136
f 641/1237/1091 651/1276/1137 583/1208/1062
f 603/1251/1138 612/1277/1139 640/1236/1140
f 640/1278/1141 625/1279/1141 603/1280/1141
f 585/1281/1142 593/1282/1143 597/1238/1092
f 597/1238/1092 629/1218/1072 585/1281/1142
f 670/1283/1144 664/1258/1118 628/1219/1117
f 628/1284/1145 626/1285/1145 670/1286/1145
f 655/1287/1146 652/1288/1147 586/1215/1069
f 586/1215/1069 648/1240/1094 655/1287/1146
f 606/1257/1148 613/1289/1149 642/1239/1150
f 642/1290/1151 630/1291/1151 606/1292/1151
f 588/1293/1152 594/1294/1153 598/1241/1095
f 598/1241/1095 636/1230/1084 588/1293/1152
f 671/1295/1154 667/1264/1125 635/1227/1081
f 635/1296/1155 631/1297/1155 671/1298/1155
f 634/1222/1076 649/1243/1097 656/1299/1156
f 609/1263/1124 614/1300/1157 643/1242/1158
f 643/1242/1158 633/1224/1078 609/1263/1124
f 591/1268/1129 595/1301/1159 638/1229/1083
f 672/1302/1160 668/1269/1130 644/1231/1085
f 639/1232/1086 611/1272/1133 615/1303/1161
f 595/1138/1006 653/1140/995 638/1304/1162
f 610/1228/1082 672/1302/1160 644/1231/1085
f 637/1225/1079 639/1232/1086 615/1303/1161
f 673/1305/1163 669/1275/1136 646/1234/1088
f 640/1236/1140 612/1277/1139 616/1306/1164
f 601/1206/1060 673/1305/1163 646/1234/1088
f 640/1236/1140 616/1306/1164 659/1249/1104
f 659/1249/1104 621/1203/1101 640/1236/1140
f 674/1307/1165 670/1283/1166 626/1213/1167
f 642/1239/1150 613/1289/1149 617/1308/1168
f 604/1255/1169 674/1307/1165 626/1213/1167
f 642/1239/1150 617/1308/1168 662/1254/1170
f 662/1254/1170 625/1210/1171 642/1239/1150
f 675/1309/1172 671/1295/1173 631/1220/1174
f 643/1242/1158 614/1300/1157 618/1310/1175
f 607/1261/1176 675/1309/1172 631/1220/1174
f 643/1242/1158 618/1310/1175 665/1260/1177
f 665/1260/1177 630/1217/1178 643/1242/1158
f 988/1311/1179 998/1312/1180 1043/1313/1181
f 752/1314/1182 956/1315/1183 918/1316/1184
f 693/1317/1185 691/1318/1186 692/1319/1187
f 982/1320/1188 1012/1321/1189 981/1322/1190
f 988/1323/1191 1026/1324/1192 1031/1325/1193
f 984/1326/1194 989/1327/1195 985/1328/1196
f 735/1329/1197 688/1330/1198 689/1331/400
f 689/1331/400 736/1332/1199 735/1329/1197
f 744/1333/1200 748/1334/1201 745/1335/1202
f 1036/1336/1203 1237/1337/1204 993/1338/1205
f 993/1339/1205 1239/1340/1206 994/1341/1207
f 994/1341/1207 1240/1342/1208 995/1343/1209
f 995/1343/1209 1241/1344/1210 996/1345/1211
f 996/1345/1211 1196/1346/1212 997/1347/1213
f 1041/1348/1214 987/1349/1215 1060/1350/1216
f 990/1351/1217 991/1352/1218 989/1327/1195
f 1445/1353/1219 1415/1354/1220 1412/1355/1221
f 746/1356/1222 748/1334/1201 845/1357/1223
f 845/1357/1223 698/1358/1224 746/1356/1222
f 1192/1359/1225 991/1352/1218 1191/1360/1226
f 999/1361/1227 1044/1362/1228 1001/1363/1229
f 1086/1364/1230 1157/1365/1231 1154/1366/1232
f 981/1322/1190 1244/1367/1233 1014/1368/1234
f 775/1369/1235 773/1370/1236 774/1371/1237
f 1268/1372/1238 1009/1373/1239 1048/1374/1240
f 758/1375/1241 941/1376/1242 942/1377/1243
f 1016/1378/1244 1002/1379/1245 1003/1380/1246
f 1398/1381/1247 1384/1382/1248 1397/1383/1249
f 972/1384/1250 702/1385/1251 717/1386/1252
f 719/1387/1253 972/1384/1250 718/1388/1254
f 973/1389/1255 705/1390/1256 721/1391/1257
f 976/1392/1258 913/1393/1259 921/1394/1260
f 1020/1395/1261 1245/1396/1262 1461/1397/1263
f 696/1398/1264 694/1399/1265 695/1400/1266
f 1270/1401/1267 1243/1402/1268 1271/1403/1269
f 684/1404/1270 690/1405/1271 723/1406/1272
f 718/1388/1254 740/1407/1273 686/1408/1274
f 984/1326/1194 1028/1409/1275 1003/1410/1276
f 1042/1411/1277 1245/1396/1262 1043/1412/1278
f 1036/1413/1279 1060/1350/1216 1029/1414/1280
f 907/1415/1281 886/1416/1282 890/1417/1283
f 732/1418/1284 757/1419/1285 726/1420/1286
f 985/1328/1196 1038/1421/1287 986/1422/1288
f 901/1423/1289 826/1424/1290 899/1425/1291
f 992/1426/1292 1005/1427/1293 1006/1428/1294
f 1178/1429/1295 1277/1430/1296 1177/1431/1297
f 689/1331/400 737/1432/1298 736/1332/1199
f 736/1332/1199 737/1432/1298 846/1433/1299
f 846/1433/1299 704/1434/1300 736/1332/1199
f 1194/1435/1301 991/1352/1218 1193/1436/1302
f 1044/1362/1228 1197/1437/1303 1198/1438/1304
f 744/1439/1305 973/1389/1255 721/1391/1257
f 1063/1440/1306 1146/1441/1307 1104/1442/1308
f 1003/1410/1276 990/1351/1217 984/1326/1194
f 1043/1313/1181 998/1312/1180 1042/1443/1309
f 989/1327/1195 1039/1444/1310 1037/1445/1311
f 995/1446/1312 1041/1348/1214 994/1447/1313
f 1004/1448/1314 992/1426/1292 990/1351/1217
f 1193/1436/1302 991/1352/1218 1192/1359/1225
f 738/1449/1315 735/1329/1197 734/1450/1316
f 1045/1451/1317 1001/1363/1229 1047/1452/1318
f 748/1334/1201 749/1453/1319 750/1454/1320
f 750/1454/1320 751/1455/1321 748/1334/1201
f 748/1334/1201 751/1455/1321 845/1357/1223
f 944/1456/1322 954/1457/1323 753/1458/1324
f 1269/1459/1325 1049/1460/1326 1268/1372/1238
f 950/1461/1327 943/1462/1328 944/1456/1322
f 1050/1463/1329 1010/1464/1330 1052/1465/1331
f 1053/1466/1332 1263/1467/1333 1272/1468/1334
f 945/1469/1335 679/1470/1336 939/1471/1337
f 711/1472/1338 755/1473/1339 756/1474/1340
f 1059/1475/1341 1261/1476/1342 1028/1477/1343
f 953/1478/1344 723/1406/1272 954/1457/1323
f 1409/1479/1345 1386/1480/1346 1406/1481/1347
f 764/1482/1348 837/1483/1349 760/1484/1350
f 761/1485/1351 782/1486/1352 762/1487/1353
f 1065/1488/1354 1068/1489/1355 1066/1490/1356
f 1070/1491/1357 1067/1492/1358 1069/1493/1359
f 766/1494/1360 793/1495/1361 767/1496/1362
f 1069/1493/1359 1072/1497/1363 1070/1491/1357
f 1074/1498/1364 1071/1499/1365 1073/1500/1366
f 771/1501/1367 794/1502/1368 772/1503/1369
f 1073/1500/1366 1075/1504/1370 1074/1498/1364
f 1301/1505/1371 1290/1506/1372 1299/1507/1373
f 780/1508/1374 796/1509/1375 781/1510/1376
f 935/1511/1377 828/1512/1378 788/1513/1379
f 961/1514/1380 935/1511/1377 788/1513/1379
f 750/1515/1381 974/1516/1382 924/1517/1383
f 1116/1518/1384 1115/1519/1385 1201/1520/1386
f 1118/1521/1387 1202/1522/1388 1117/1523/1389
f 856/1524/1390 808/1525/1391 854/1526/1392
f 1200/1527/1393 1118/1521/1387 1114/1528/1394
f 869/1529/1395 813/1530/1396 867/1531/1397
f 1202/1522/1388 1120/1532/1398 1117/1523/1389
f 1139/1533/1399 1220/1534/1400 1138/1535/1401
f 898/1536/1402 824/1537/1403 896/1538/1404
f 820/1539/1405 884/1540/1406 885/1541/1407
f 884/1540/1406 819/1542/1408 882/1543/1409
f 820/1539/1405 821/1544/1410 887/1545/1411
f 813/1530/1396 812/1546/1412 867/1531/1397
f 1209/1547/1413 1127/1548/1414 1129/1549/1415
f 824/1537/1403 823/1550/1416 896/1538/1404
f 1216/1551/1417 1137/1552/1418 1134/1553/1419
f 1152/1554/1420 1116/1518/1384 1201/1520/1386
f 1149/1555/1421 1231/1556/1422 1148/1557/1423
f 1233/1558/1424 1152/1554/1420 1150/1559/1425
f 1115/1560/1385 1200/1527/1393 1114/1528/1394
f 1231/1556/1422 1151/1561/1426 1148/1557/1423
f 875/1562/1427 816/1563/1428 873/1564/1429
f 1154/1366/1232 970/1565/1430 1086/1364/1230
f 1157/1566/1231 1128/1567/1431 1210/1568/1432
f 1223/1569/1433 1144/1570/1434 1142/1571/1435
f 891/1572/1436 829/1573/1437 889/1574/1438
f 1225/1575/1439 1158/1576/1440 1155/1577/1441
f 843/1578/1442 929/1579/1443 967/1580/1444
f 994/1447/1313 1041/1348/1214 993/1581/1445
f 1165/1582/1446 1172/1583/1447 1235/1584/1448
f 1037/1585/1449 1018/1586/1450 1465/1587/1451
f 1165/1582/1446 1161/1588/1452 1172/1583/1447
f 1033/1589/1453 1268/1372/1238 1032/1590/1454
f 1168/1591/1455 1160/1592/1456 1170/1593/1457
f 835/1594/1458 911/1595/1459 865/1596/1460
f 676/1597/1461 712/1598/1462 683/1599/1463
f 1206/1600/1464 1124/1601/1465 1121/1602/1466
f 1162/1603/1467 1165/1582/1446 1163/1604/1468
f 1167/1605/1469 1168/1591/1455 1169/1606/1470
f 1160/1592/1456 1235/1584/1448 1170/1593/1457
f 1175/1607/1471 1276/1608/1472 1174/1609/1473
f 1177/1431/1297 1176/1610/1474 1175/1607/1471
f 1181/1611/1475 1278/1612/1476 1180/1613/1477
f 1180/1613/1477 1179/1614/1478 1178/1429/1295
f 1184/1615/1479 1279/1616/1480 1183/1617/1481
f 916/1618/1482 695/1400/1266 847/1619/1483
f 751/1455/1321 750/1454/1320 779/1620/1484
f 779/1620/1484 778/1621/1485 751/1455/1321
f 751/1455/1321 778/1621/1485 775/1622/1486
f 775/1622/1486 845/1357/1223 751/1455/1321
f 1077/1623/1487 1025/1624/1488 1187/1625/1489
f 737/1432/1298 689/1331/1490 841/1626/1491
f 841/1626/1491 844/1627/1492 737/1432/1298
f 737/1432/1298 844/1627/1492 843/1628/1493
f 843/1628/1493 846/1433/1299 737/1432/1298
f 688/1330/1198 842/1629/1494 841/1626/1491
f 841/1626/1491 689/1331/1490 688/1330/1198
f 779/1630/1495 924/1517/1383 762/1487/1353
f 723/1631/1496 955/1632/1497 954/1633/1498
f 1175/1634/1499 1195/1635/1500 1194/1636/1501
f 975/1637/1502 715/1638/1503 916/1618/1482
f 837/1639/1349 975/1637/1504 760/1640/1350
f 1068/1641/1505 997/1642/1506 1066/1643/1507
f 698/1358/1224 845/1357/1223 775/1622/1486
f 775/1622/1486 774/1644/1508 698/1358/1224
f 1114/1645/1394 1080/1646/1509 1079/1647/1510
f 792/1648/1511 870/1649/1512 963/1650/1513
f 879/1651/1514 794/1502/1368 777/1652/1515
f 791/1653/1516 867/1654/1397 962/1655/1517
f 1209/1547/1413 1129/1549/1415 1171/1656/1518
f 795/1657/1519 879/1651/1514 777/1652/1515
f 787/1658/1520 857/1659/1521 960/1660/1522
f 1171/1656/1518 1128/1567/1431 1235/1584/1448
f 1116/1661/1384 1153/1662/1523 1164/1663/1524
f 821/1544/1410 820/1539/1405 885/1541/1407
f 1132/1664/1525 1093/1665/1526 1092/1666/1527
f 730/1667/1528 726/1420/1286 683/1668/1529
f 886/1416/1282 831/1669/1530 887/1545/1411
f 1223/1569/1433 1224/1670/1531 1156/1671/1532
f 993/1581/1445 1060/1350/1216 1036/1413/1279
f 1089/1672/1533 1130/1673/1534 1090/1674/1535
f 896/1675/1404 799/1676/1536 969/1677/1537
f 885/1678/1407 796/1509/1375 931/1679/1538
f 1106/1680/1539 1148/1681/1423 1107/1682/1540
f 870/1649/1512 791/1683/1516 963/1650/1513
f 1228/1684/1541 1146/1685/1307 1227/1686/1542
f 1140/1687/1543 1101/1688/1544 1100/1689/1545
f 807/1690/1546 803/1691/1547 784/1692/1548
f 1161/1588/1452 1215/1693/1549 1213/1694/1550
f 1134/1695/1419 1095/1696/1551 1094/1697/1552
f 1095/1696/1551 1136/1698/1553 1096/1699/1554
f 1117/1700/1389 1082/1701/1555 1081/1702/1556
f 1138/1703/1401 1099/1704/1557 1098/1705/1558
f 1120/1532/1398 1205/1706/1559 1119/1707/1560
f 894/1708/1561 889/1574/1438 895/1709/1562
f 1119/1710/1560 1084/1711/1563 1083/1712/1564
f 1099/1704/1557 1140/1687/1543 1100/1689/1545
f 1082/1701/1555 1119/1710/1560 1083/1712/1564
f 862/1713/1565 861/1714/1566 905/1715/1567
f 1121/1602/1466 1086/1364/1230 1085/1716/1568
f 1155/1577/1441 1144/1570/1434 1225/1575/1439
f 814/1717/1569 812/1546/1412 866/1718/1570
f 1085/1716/1568 1122/1719/1571 1121/1602/1466
f 1104/1442/1308 1145/1720/1572 1105/1721/1573
f 786/1722/1574 854/1723/1392 925/1724/1575
f 1087/1725/1576 1126/1726/1577 1088/1727/1578
f 803/1691/1547 902/1728/1579 934/1729/1580
f 796/1509/1375 882/1730/1409 781/1510/1376
f 1137/1552/1418 1218/1731/1581 1136/1732/1553
f 794/1502/1368 876/1733/1582 772/1503/1369
f 1201/1520/1386 1078/1734/1583 959/1735/1584
f 1220/1534/1400 1141/1736/1585 1138/1535/1401
f 1125/1737/1586 1207/1738/1587 1208/1739/1588
f 1103/1740/1589 1144/1741/1434 1155/1742/1441
f 798/1743/1590 888/1744/1591 932/1745/1592
f 1156/1671/1532 1225/1575/1439 1223/1569/1433
f 1157/1566/1231 1124/1746/1465 1125/1737/1586
f 1155/1742/1441 1229/1747/1593 1063/1440/1306
f 1215/1693/1549 1165/1582/1446 1216/1551/1417
f 1211/1748/1594 1172/1583/1447 1212/1749/1595
f 1163/1604/1468 1221/1750/1596 1220/1534/1597
f 855/1751/1598 909/1752/1599 808/1525/1600
f 1164/1663/1524 1234/1753/1601 1116/1661/1384
f 887/1545/1411 831/1669/1530 820/1539/1405
f 1199/1754/1602 1166/1755/1603 1200/1527/1604
f 1219/1756/1605 1163/1604/1468 1220/1534/1597
f 1208/1739/1588 1170/1593/1457 1235/1584/1448
f 1136/1698/1553 1097/1757/1606 1096/1699/1554
f 1159/1758/1607 1224/1670/1531 1222/1759/1608
f 880/1760/1609 832/1761/1610 818/1762/1611
f 1217/1763/1612 1162/1603/1467 1218/1731/1613
f 1113/1764/1614 1230/1765/1615 1228/1684/1541
f 1234/1753/1601 1199/1754/1602 1116/1661/1384
f 1173/1766/1616 1211/1748/1594 1209/1547/1413
f 1230/1765/1615 1112/1767/1617 1231/1556/1618
f 883/1768/1619 912/1769/1620 819/1542/1621
f 909/1752/1599 852/1770/1622 808/1525/1600
f 848/1771/1623 830/1772/1624 849/1773/1625
f 859/1774/1626 834/1775/1627 809/1776/1628
f 874/1777/1629 836/1778/1630 816/1563/1631
f 1145/1720/1572 1106/1779/1539 1105/1721/1573
f 1112/1767/1617 1232/1780/1632 1231/1556/1618
f 1147/1781/1633 1113/1764/1614 1227/1686/1542
f 871/1782/1634 835/1594/1458 815/1783/1635
f 1227/1686/1542 1113/1764/1614 1228/1684/1541
f 852/1770/1622 908/1784/1636 806/1785/1637
f 830/1772/1624 903/1786/1638 849/1773/1625
f 1166/1755/1603 1203/1787/1639 1200/1527/1604
f 1052/1788/1640 1460/1789/1641 1050/1790/1642
f 1341/1791/1643 1318/1792/1644 1326/1793/1645
f 1272/1794/1646 1248/1795/1647 1053/1796/1648
f 1316/1797/1649 1468/1798/1650 1250/1799/1651
f 940/1800/1652 757/1419/1285 727/1801/1653
f 758/1375/1241 757/1419/1285 948/1802/1654
f 958/1803/1655 1078/1734/1583 1079/1647/1510
f 1345/1804/1656 1329/1805/1657 1344/1806/1658
f 966/1807/1659 1279/1616/1480 929/1579/1443
f 1329/1808/1657 1343/1809/1660 1344/1810/1658
f 1342/1811/1661 1325/1812/1662 1341/1791/1643
f 702/1385/1251 973/1389/1255 717/1386/1252
f 786/1722/1574 1083/1712/1564 960/1660/1522
f 938/1813/1663 676/1597/1461 706/1814/1664
f 1385/1815/1665 1375/1816/1666 1401/1817/1667
f 949/1818/1668 921/1394/1260 685/1819/1669
f 913/1393/1259 719/1820/1253 718/1821/1254
f 936/1822/1670 914/1823/1671 693/1317/1185
f 914/1824/1671 714/1825/1672 713/1826/1673
f 937/1827/1674 915/1828/1675 696/1398/1264
f 915/1828/1675 936/1822/1670 693/1317/1185
f 917/1829/1676 937/1827/1674 696/1398/1264
f 920/1830/1677 712/1598/1462 938/1813/1663
f 1261/1476/1342 1259/1831/1678 1260/1832/1679
f 1008/1833/1680 1024/1834/1681 1188/1835/1682
f 939/1471/1337 923/1836/1683 922/1837/1684
f 923/1836/1683 725/1838/1685 711/1839/1338
f 721/1391/1257 749/1840/1686 744/1439/1305
f 734/1841/1687 715/1638/1503 738/1842/1688
f 1271/1843/1689 1263/1467/1333 1051/1844/1690
f 755/1473/1691 956/1315/1183 756/1474/1692
f 919/1845/1693 939/1471/1694 922/1837/1695
f 1044/1362/1228 998/1312/1180 1041/1348/1214
f 1194/1435/1301 1177/1846/1696 1175/1847/1697
f 1032/1590/1454 1268/1372/1238 1267/1848/1698
f 681/1849/1699 948/1802/1654 940/1800/1652
f 1170/1593/1457 1207/1738/1587 1206/1850/1464
f 838/1851/1700 715/1638/1701 837/1639/1349
f 919/1852/1693 938/1813/1663 708/1853/1702
f 959/1735/1584 783/1854/1703 784/1692/1548
f 1081/1702/1556 786/1722/1574 925/1724/1575
f 1179/1614/1478 928/1855/1704 965/1856/1705
f 962/1655/1517 1087/1725/1576 1088/1727/1578
f 1090/1674/1535 926/1857/1706 963/1650/1513
f 929/1579/1443 1185/1858/1707 967/1580/1444
f 828/1512/1378 1061/1859/1708 790/1860/1709
f 1061/1859/1708 789/1861/1710 790/1860/1709
f 1105/1721/1573 801/1862/1711 969/1677/1537
f 1107/1682/1540 802/1863/1712 933/1864/1713
f 1109/1865/1714 803/1691/1547 934/1729/1580
f 970/1565/1430 1154/1366/1232 828/1512/1378
f 1386/1480/1346 1376/1866/1715 1405/1867/1716
f 1281/1868/1717 1296/1869/1718 1298/1870/1719
f 1015/1871/1720 1284/1872/1721 1283/1873/1722
f 1348/1874/1723 1332/1875/1724 1347/1876/1725
f 1077/1877/1487 1075/1504/1370 1076/1878/1726
f 1287/1879/1727 1289/1880/1728 1314/1881/1729
f 1313/1882/1730 1289/1880/1728 1260/1832/1679
f 1056/1883/1731 1248/1884/1647 1272/1885/1732
f 1281/1868/1717 1468/1798/1650 1282/1886/1733
f 1258/1887/1734 1308/1888/1735 1310/1889/1736
f 1323/1890/1737 1308/1888/1738 1309/1891/1739
f 1257/1892/1740 983/1893/1741 1269/1894/1742
f 1324/1895/1743 1311/1896/1744 1312/1897/1745
f 1324/1895/1743 1314/1898/1746 1313/1899/1747
f 1301/1505/1371 1250/1799/1651 1249/1900/1748
f 1313/1882/1730 1259/1831/1678 1311/1901/1749
f 921/1394/1260 957/1902/1750 976/1392/1258
f 1295/1903/1751 1284/1872/1721 1292/1904/1752
f 1292/1904/1752 1288/1905/1753 1287/1879/1727
f 1288/1905/1753 1261/1476/1342 1289/1880/1728
f 1298/1870/1719 1290/1506/1372 1281/1868/1717
f 841/1906/1754 928/1855/1704 966/1807/1659
f 1293/1907/1755 1292/1904/1756 1287/1879/1757
f 1337/1908/1758 1309/1891/1739 1336/1909/1759
f 1337/1910/1758 1312/1897/1745 1323/1911/1737
f 1318/1912/1644 1315/1913/1760 1340/1914/1761
f 1333/1915/1762 1306/1916/1763 1321/1917/1764
f 1321/1917/1764 1305/1918/1765 1304/1919/1766
f 1335/1920/1767 1309/1891/1739 1322/1921/1768
f 1335/1920/1767 1306/1916/1763 1334/1922/1769
f 1331/1923/1770 1300/1924/1771 1330/1925/1772
f 1319/1926/1773 1299/1507/1774 1298/1870/1775
f 1465/1587/1451 1038/1927/1776 1037/1585/1449
f 1354/1928/1777 1340/1914/1761 1339/1929/1778
f 1354/1928/1777 1338/1930/1779 1353/1931/1780
f 1346/1932/1781 1330/1925/1772 1345/1804/1656
f 1009/1373/1239 984/1326/1194 985/1328/1196
f 1377/1933/1782 1366/1934/1783 1386/1935/1346
f 1384/1936/1248 1360/1937/1784 1383/1938/1785
f 1355/1939/1786 1357/1940/1787 1326/1941/1788
f 1384/1382/1248 1362/1942/1789 1361/1943/1790
f 1347/1944/1791 1365/1945/1792 1348/1946/1793
f 1378/1947/1794 1370/1948/1795 1369/1949/1796
f 1365/1945/1792 1349/1950/1797 1348/1946/1793
f 1349/1950/1797 1367/1951/1798 1350/1952/1799
f 1373/1953/1800 1356/1954/1801 1381/1955/1802
f 1376/1956/1715 1366/1934/1783 1365/1957/1803
f 1359/1958/1804 1343/1959/1805 1342/1960/1806
f 1358/1961/1807 1356/1954/1801 1357/1962/1808
f 1377/1933/1782 1368/1963/1809 1367/1964/1810
f 956/1315/1183 752/1314/1182 952/1790/1811
f 964/1965/1812 840/1966/1813 838/1967/1814
f 1379/1968/1815 1370/1948/1795 1388/1969/1816
f 1375/1816/1666 1362/1942/1789 1374/1970/1817
f 1369/1971/1818 1353/1972/1819 1352/1973/1820
f 1379/1968/1815 1372/1974/1821 1371/1975/1822
f 1059/1976/1823 984/1326/1194 1049/1460/1326
f 1350/1952/1824 1336/1909/1759 1335/1920/1767
f 1358/1977/1807 1380/1978/1825 1418/1979/1826
f 1378/1980/1794 1387/1981/1827 1413/1982/1828
f 676/1983/1829 758/1375/1241 706/1984/1830
f 1408/1985/1831 1410/1986/1832 1409/1479/1345
f 1404/1987/1833 1402/1988/1834 1403/1989/1835
f 1390/1990/1836 1418/1979/1826 1419/1991/1837
f 1416/1992/1838 1414/1993/1839 1415/1354/1220
f 1392/1994/1840 1394/1995/1841 1393/1996/1842
f 1412/1997/1221 1410/1986/1832 1411/1998/1843
f 1416/1992/1838 1418/1979/1826 1417/1999/1844
f 1412/1355/1221 1414/1993/1839 1413/2000/1828
f 1400/2001/1845 1398/1381/1247 1399/2002/1846
f 1436/2003/1847 1438/2004/1848 1437/2005/1849
f 1421/2006/1850 1391/2007/1851 1390/2008/1836
f 1433/2009/1852 1403/1989/1835 1400/2001/1845
f 1448/2010/1853 1450/2011/1854 1449/2012/1855
f 1444/2013/1856 1446/2014/1857 1445/2015/1858
f 1428/2016/1859 1430/2017/1860 1429/2018/1861
f 1448/2019/1853 1446/2014/1857 1447/2020/1862
f 1411/2021/1843 1445/2015/1219 1412/2022/1221
f 1391/2007/1851 1425/2023/1863 1392/1994/1840
f 1422/2024/1864 1420/2025/1865 1421/2006/1866
f 1444/2013/1856 1442/2026/1867 1443/2027/1868
f 1395/2028/1869 1429/2018/1870 1396/2029/1871
f 1424/2030/1872 1426/2031/1873 1425/2023/1874
f 1415/1354/1220 1449/2032/1875 1416/1992/1838
f 1449/2032/1875 1419/1991/1837 1416/1992/1838
f 1399/2002/1846 1433/2009/1852 1400/2001/1845
f 1432/2033/1876 1430/2017/1860 1431/2034/1877
f 1459/2035/1878 1458/2036/1879 1457/2037/1880
f 765/2038/1881 975/1637/1504 847/1619/1882
f 1033/2039/1883 1257/1892/1740 1269/1894/1742
f 1454/2040/1884 1459/2035/1878 1455/2041/1885
f 1459/2035/1878 1452/2042/1886 1458/2036/1879
f 1455/2041/1885 1459/2035/1878 1456/2043/1887
f 1452/2044/1886 1427/2045/1888 1424/2030/1872
f 1431/2046/1877 1459/2035/1878 1432/2047/1876
f 1453/2048/1889 1431/2046/1877 1428/2049/1859
f 1435/2050/1890 1454/2040/1884 1436/2003/1847
f 1456/2043/1887 1459/2035/1878 1457/2037/1880
f 1447/2020/1862 1457/2037/1880 1448/2019/1853
f 1423/2051/1891 1452/2044/1886 1424/2030/1872
f 1454/2040/1884 1439/2052/1892 1436/2003/1847
f 1458/2036/1879 1423/2053/1891 1422/2054/1864
f 1455/2041/1885 1443/2027/1868 1440/2055/1893
f 1459/2035/1878 1435/2050/1890 1432/2047/1876
f 1029/2056/1894 1244/1367/1233 1036/1336/1203
f 1043/1412/1278 1236/2057/1895 988/2058/1191
f 1222/1759/1608 1143/2059/1896 1140/2060/1543
f 1187/1625/1489 1247/2061/1897 1047/2062/1898
f 1047/2062/1898 1462/2063/1899 1045/2064/1900
f 1335/1920/1767 1349/1950/1901 1350/1952/1824
f 1464/2065/1902 1064/2066/1903 1066/1490/1904
f 1254/2067/1905 1255/2068/1906 1077/1623/1487
f 1240/1342/1208 1466/2069/1907 1241/1344/1210
f 1466/2069/1907 1242/2070/1908 1241/1344/1210
f 1066/2071/1909 1256/2072/1910 1464/2073/1902
f 1383/1938/1785 1373/1953/1800 1393/1996/1842
f 1280/2074/1911 1185/2075/1707 1184/2076/1479
f 1030/2077/1912 1273/2078/1913 1052/1788/1640
f 927/2079/1914 1179/1614/1478 965/1856/1705
f 797/2080/1915 1102/2081/1916 932/1745/1592
f 974/1516/1382 980/2082/1917 924/1517/1383
f 1103/1740/1589 968/2083/1918 798/1743/1590
f 1020/1395/1261 1005/2084/1919 1004/2085/1920
f 985/1328/1196 986/1422/1288 982/2086/1921
f 1466/2069/1907 1039/2087/1922 1040/2088/1923
f 1195/1635/1924 1040/2088/1923 1194/1636/1925
f 1329/2089/1657 1297/2090/1926 1328/2091/1927
f 1062/2092/1928 1064/2066/1903 1464/2065/1902
f 986/2093/1929 1017/2094/1930 1013/2095/1931
f 764/1482/1348 760/1484/1350 765/2096/1932
f 1467/2097/1933 1280/2074/1911 1184/2076/1479
f 1184/2076/1479 1188/1835/1682 1467/2097/1933
f 1291/2098/1934 1258/2099/1734 1274/2100/1935
f 1003/2101/1246 1015/1871/1720 1016/2102/1244
f 1183/1617/1481 1182/2103/1936 1181/1611/1475
f 1318/1912/1644 1355/2104/1937 1326/2105/1645
f 1263/1467/1333 1271/1843/1689 1055/2106/1938
f 1160/1592/1456 1111/2107/1939 1112/1767/1617
f 1262/2108/1940 1059/1475/1341 983/1893/1741
f 1357/1940/1787 1341/2109/1941 1326/1941/1788
f 793/1495/1361 771/1501/1367 772/1503/1369
f 1463/2110/1942 1029/2056/1894 1053/1796/1648
f 1031/2111/1943 987/1349/1215 988/1311/1179
f 1247/2061/1897 1022/2112/1944 1462/2063/1899
f 1245/1396/1262 1016/1378/1244 1236/2057/1895
f 681/2113/1945 682/2114/1946 680/2115/1947
f 705/1390/1256 974/1516/1382 721/1391/1257
f 714/1825/1672 971/2116/1948 713/1826/1673
f 1006/2117/1949 1023/2118/1950 1022/2112/1944
f 728/2119/1951 697/2120/1952 684/1404/1270
f 735/1329/1197 729/2121/1953 732/1418/1284
f 991/1352/1218 992/1426/1292 1190/2122/1954
f 1190/2122/1954 1191/1360/1226 991/1352/1218
f 1373/1953/1800 1360/1937/1784 1359/2123/1955
f 742/2124/1956 746/1356/1222 697/2120/1952
f 1044/1362/1228 1198/1438/1304 1000/2125/1957
f 1000/2125/1957 1001/1363/1229 1044/1362/1228
f 847/2126/1958 769/2127/1959 765/2128/1960
f 700/2129/1961 719/1387/1253 699/2130/1962
f 701/2131/1963 716/2132/1964 700/2129/1961
f 703/2133/1965 702/1385/1251 701/2131/1963
f 704/2134/1966 720/2135/1967 703/2133/1965
f 846/2136/1968 722/2137/1969 704/2134/1966
f 941/1376/1242 758/1375/1241 948/1802/1654
f 707/2138/1970 947/2139/1971 706/1814/1664
f 1061/1859/1708 1127/2140/1414 1087/1725/1576
f 1244/1367/1233 1013/2095/1931 1238/2141/1972
f 1461/1397/1263 1023/2118/1950 1020/1395/1261
f 727/2142/1973 976/1392/1258 957/1902/1750
f 1413/2000/1828 1388/1969/1816 1378/1947/1794
f 794/1502/1368 776/2143/1974 777/1652/1515
f 1358/1977/1807 1418/1979/1826 1382/2144/1975
f 1155/1742/1441 968/2083/1918 1103/1740/1589
f 1348/1946/1723 1334/1922/1769 1333/1915/1762
f 724/2145/1976 725/2146/1685 678/2147/1977
f 683/1668/1529 726/1420/1286 676/1983/1829
f 727/1801/1653 757/1419/1285 699/2148/1978
f 728/2119/1951 685/2149/1979 686/2150/1980
f 1392/1994/1840 1389/2151/1981 1391/2007/1851
f 825/2152/1982 829/2153/1437 800/2154/1983
f 699/2148/1978 729/2121/1953 700/2155/1984
f 700/2155/1984 729/2121/1953 701/2156/1985
f 1102/2081/1916 1143/2157/1896 1142/2158/1435
f 701/2156/1985 736/1332/1199 703/2159/1986
f 1046/2160/1987 999/1361/1227 1045/1451/1317
f 1419/1991/1837 1421/2161/1850 1390/1990/1836
f 734/1450/1316 735/1329/1197 733/2162/1988
f 733/2162/1988 732/1418/1284 731/2163/1989
f 992/1426/1292 1189/2164/1990 1190/2122/1954
f 778/2165/1991 776/2143/1974 775/1369/1235
f 992/1426/1292 1007/2166/1992 1008/2167/1993
f 1008/2167/1993 1189/2164/1990 992/1426/1292
f 684/1404/1270 691/2168/1994 690/1405/1271
f 990/1351/1217 1002/2169/1995 1004/1448/1314
f 686/2150/1980 742/2124/1956 728/2119/1951
f 918/1316/1184 949/1818/1668 752/1314/1182
f 697/2120/1952 694/2170/1996 692/2171/1997
f 745/1335/1202 743/2172/1998 744/1333/1200
f 741/2173/1999 745/1335/1202 742/2124/1956
f 747/2174/2000 746/1356/1222 698/1358/1224
f 847/2126/1958 746/1356/1222 747/2174/2000
f 1000/2125/1957 1186/2175/2001 1001/1363/1229
f 1001/1363/1229 1186/2175/2001 1187/2176/2002
f 1187/2176/2002 1047/1452/1318 1001/1363/1229
f 706/1984/1830 942/1377/1243 707/2177/2003
f 1171/1656/1518 1173/1766/1616 1209/1547/1413
f 680/2178/2004 948/1802/1654 681/1849/1699
f 952/2179/2005 943/1462/1328 950/1461/1327
f 1048/1374/1240 1027/2180/2006 1264/2181/2007
f 1265/2182/2008 1034/2183/2009 1267/2184/2010
f 1089/1672/1533 1090/1674/1535 963/1650/1513
f 953/1478/1344 728/2119/1951 684/1404/1270
f 1254/2067/1905 1467/2097/1933 1255/2068/1906
f 1073/1500/1366 1095/1696/1551 1096/1699/1554
f 1093/1665/1526 1065/1488/1354 1092/1666/1527
f 1076/1878/1726 1097/1757/1606 1098/2185/1558
f 1056/1883/2011 1251/2186/2012 1252/2187/2013
f 1177/1846/1696 1192/1359/1225 1178/2188/2014
f 782/1486/1352 780/1508/1374 779/1630/1495
f 715/1638/1503 917/1829/1676 916/1618/1482
f 946/2189/2015 921/1394/1260 918/1316/1184
f 924/1517/1383 761/1485/1351 762/1487/1353
f 1099/1704/1557 1076/2190/1726 1098/1705/1558
f 1069/1493/1359 1093/1665/1526 1094/1697/1552
f 1063/1440/1306 968/2083/1918 1155/1742/1441
f 1097/1757/1606 1073/1500/1366 1096/1699/1554
f 1095/1696/1551 1069/1493/1359 1094/1697/1552
f 1065/1488/1354 1064/2066/1903 1092/1666/1527
f 1090/1674/1535 1091/2191/2016 1064/2066/1903
f 806/1785/2017 850/2192/2018 851/2193/2019
f 1228/1684/1541 1149/1555/1421 1145/2194/1572
f 878/2195/2020 817/2196/2021 876/2197/1582
f 809/1776/1628 810/2198/2022 859/1774/1626
f 1141/1736/1585 1222/1759/1608 1140/2060/1543
f 853/2199/2023 806/1785/2017 851/2193/2019
f 731/2163/1989 732/1418/1284 730/1667/1528
f 1218/1731/1581 1139/1533/1399 1136/1732/1553
f 861/2200/1566 862/2201/1565 863/2202/2024
f 1133/2203/2025 1213/1694/1550 1132/2204/1525
f 815/1783/2026 869/1529/1395 870/2205/1512
f 816/1563/1428 872/2206/2027 873/1564/1429
f 872/2206/2027 815/1783/2026 870/2205/1512
f 1127/1548/1414 1209/1547/1413 1126/2207/1577
f 1135/2208/2028 1216/1551/1417 1134/1553/1419
f 818/1762/2029 878/2195/2020 879/2209/1514
f 808/1525/1391 853/2199/2023 854/1526/1392
f 881/2210/2030 818/1762/2029 879/2209/1514
f 826/1424/1290 898/1536/1402 899/1425/1291
f 1045/2064/1900 1246/2211/2031 1046/2212/2032
f 850/2213/2018 849/2214/2033 807/1690/1546
f 891/1572/1436 822/2215/2034 888/2216/1591
f 1212/1749/2035 1133/2203/2025 1130/2217/1534
f 825/2218/1982 823/1550/1416 895/1709/1562
f 1209/1547/1413 1131/2219/2036 1126/2207/1577
f 827/2220/2037 901/1423/1289 902/2221/1579
f 1131/2219/2036 1212/1749/2035 1130/2217/1534
f 849/2214/2033 904/2222/2038 807/1690/1546
f 904/2222/2038 827/2223/2037 902/1728/1579
f 763/2224/2039 829/2153/1437 798/1743/1590
f 1004/2085/1920 1021/2225/2040 1020/1395/1261
f 834/1775/1627 886/1416/1282 894/1708/1561
f 895/1709/1562 829/1573/1437 825/2218/1982
f 866/2226/1570 906/2227/2041 814/2228/1569
f 889/1574/1438 890/1417/1283 891/1572/1436
f 1206/1850/1464 1169/1606/1470 1170/1593/1457
f 833/2229/2042 834/1775/1627 805/2230/2043
f 911/1595/1459 912/1769/1620 886/1416/1282
f 723/1631/1496 971/2116/1948 920/1830/1677
f 1166/1755/1603 1160/1592/1456 1168/1591/1455
f 863/2202/2024 811/2231/2044 860/2232/2045
f 911/1595/1459 832/1761/1610 912/1769/1620
f 834/1775/1627 833/2229/2042 830/1772/1624
f 836/1778/1630 911/1595/1459 835/1594/1458
f 804/2233/2046 805/2230/2043 893/2234/2047
f 1160/1592/1456 1156/1671/1532 1165/1582/1446
f 949/2235/2048 728/2119/1951 943/1462/1328
f 930/2236/2049 1100/1689/1545 931/1679/1538
f 1100/1689/1545 797/2080/1915 931/1679/1538
f 801/2237/1711 1107/1682/1540 933/1864/1713
f 838/1967/1814 926/1857/1706 964/1965/1812
f 839/2238/2050 927/2079/1914 965/1856/1705
f 1066/1490/1904 1064/2066/1903 1065/1488/1354
f 802/1863/1712 1109/1865/1714 934/1729/1580
f 803/1691/1547 959/1735/1584 784/1692/1548
f 1186/2175/2001 1000/2125/1957 1074/2239/2051
f 1074/2239/2051 1075/2240/2052 1186/2175/2001
f 1186/2175/2001 1075/2240/2052 1077/2241/2053
f 1077/2241/2053 1187/2176/2002 1186/2175/2001
f 1189/2164/1990 1008/2167/1993 1184/2242/2054
f 1184/2242/2054 1183/2243/2055 1189/2164/1990
f 1189/2164/1990 1183/2243/2055 1181/2244/2056
f 1181/2244/2056 1190/2122/2057 1189/2164/1990
f 1191/1360/1226 1190/2122/2057 1181/2244/2056
f 1181/2244/2056 1180/2245/2058 1191/1360/1226
f 839/2246/2059 688/1330/1198 687/2247/2060
f 687/2247/2060 840/2248/2061 839/2246/2059
f 840/2248/2061 738/1449/1315 838/2249/2062
f 1033/2039/2063 1057/2250/2064 1058/2251/2065
f 1195/1635/1924 1256/2072/2066 1196/1346/1212
f 1178/2188/2014 1191/1360/1226 1180/2245/2058
f 769/2127/1959 698/1358/1224 770/2252/2067
f 770/2252/2067 698/1358/1224 774/1644/1508
f 1198/1438/1304 1072/2253/2068 1074/2239/2051
f 1074/2239/2051 1000/2125/1957 1198/1438/1304
f 819/1542/1408 881/2210/2030 882/1543/1409
f 1168/1591/1455 1204/2254/2069 1202/1522/1388
f 785/2255/2070 851/2256/2019 958/1803/1655
f 899/2257/1291 801/2237/1711 933/1864/1713
f 1126/1726/1577 1089/2258/1533 1088/1727/1578
f 1148/1681/1423 1108/2259/2071 1107/1682/1540
f 902/1728/1579 802/1863/1712 934/1729/1580
f 1130/1673/1534 1091/2191/2016 1090/1674/1535
f 733/2260/2072 937/1827/1674 734/1841/1687
f 859/1774/1626 811/2261/2044 858/2262/2073
f 1151/2263/1426 1233/1558/1424 1150/1559/1425
f 961/1514/1380 810/2264/2022 787/1658/1520
f 1150/1559/1425 1110/2265/2074 1109/1865/1714
f 890/1417/1283 889/1574/1438 907/1415/1281
f 788/1513/1379 860/2232/2045 961/1514/1380
f 1142/1571/1435 1143/2059/1896 1223/1569/1433
f 866/1718/1570 864/2266/2075 865/1596/1460
f 1097/1757/1606 1138/2267/1401 1098/2185/1558
f 790/1860/1709 812/2268/1412 814/2228/1569
f 882/2269/1409 795/1657/1519 781/2270/1376
f 1108/2259/2071 1150/1559/1425 1109/1865/1714
f 867/1654/1397 789/1861/1710 962/1655/1517
f 851/2256/2019 783/1854/1703 958/1803/1655
f 1213/1694/1550 1135/2208/2028 1132/2204/1525
f 905/1715/1567 858/2262/2073 862/1713/1565
f 1080/1646/1509 1117/2271/1389 1081/1702/1556
f 810/2198/2022 809/1776/1628 857/2272/1521
f 1078/1734/1583 1114/1645/1394 1079/1647/1510
f 1110/2265/2074 1201/1520/1386 959/1735/1584
f 1093/1665/1526 1134/1695/1419 1094/1697/1552
f 797/2080/1915 885/1678/1407 931/1679/1538
f 873/2273/1429 792/1648/1511 767/1496/1362
f 887/1545/1411 822/2215/2034 886/1416/1282
f 932/1745/1592 821/2274/1410 797/2080/1915
f 857/1659/1521 786/1722/1574 960/1660/1522
f 1042/1443/1309 999/1361/1227 1046/2160/1987
f 1147/1781/1633 1158/1576/1440 1226/2275/2076
f 814/2228/1569 828/1512/1378 790/1860/1709
f 1121/2276/1466 1122/2277/1571 1206/1850/1464
f 895/1709/1562 893/2234/2047 894/1708/1561
f 783/1854/1703 807/1690/1546 784/1692/1548
f 800/2154/1983 823/2278/1416 825/2152/1982
f 1146/1685/1307 1228/1684/1541 1145/2194/1572
f 876/1733/1582 793/1495/1361 772/1503/1369
f 801/1862/1711 896/1675/1404 969/1677/1537
f 1205/1706/1559 1122/2277/1571 1119/1707/1560
f 854/2279/1392 785/2255/2070 925/1724/1575
f 802/1863/1712 899/2257/1291 933/1864/1713
f 817/2196/2021 875/1562/1427 876/2197/1582
f 1091/2191/2016 1132/1664/1525 1092/1666/1527
f 793/1495/1361 873/2273/1429 767/1496/1362
f 865/1596/1460 861/1714/1566 866/1718/1570
f 863/2202/2024 906/2227/2041 861/2200/1566
f 1155/1577/1441 1147/1781/1633 1229/2280/1593
f 1142/2158/1435 1103/1740/1589 1102/2081/1916
f 788/1513/1379 906/2227/2041 863/2202/2024
f 1158/1576/1440 1225/1575/1439 1226/2275/2076
f 1235/1584/1448 1125/1737/1586 1208/1739/1588
f 1154/1366/1232 1210/2281/1432 1061/1859/1708
f 798/1743/1590 829/2153/1437 891/2282/1436
f 908/1784/1636 848/1771/1623 806/1785/1637
f 911/1595/1459 874/1777/1629 817/2196/2021
f 1165/1582/1446 1217/1763/1612 1216/1551/1417
f 912/1769/1620 880/1760/1609 819/1542/1621
f 1162/1603/1467 1219/1756/1605 1218/1731/1613
f 805/2230/2043 897/2283/2077 826/1424/2078
f 858/2262/2073 834/1775/1627 859/1774/1626
f 905/1715/1567 865/1596/1460 858/2262/2073
f 910/2284/2079 864/2266/2075 813/1530/1396
f 868/2285/2080 910/2284/2079 813/1530/1396
f 835/1594/1458 868/2285/2080 815/1783/1635
f 804/2233/2046 893/2234/2047 824/1537/1403
f 1198/1438/1304 1068/1641/1505 1070/2286/2081
f 836/1778/1630 871/1782/1634 816/1563/1631
f 834/1775/1627 855/1751/1598 809/1776/1628
f 877/2287/2082 911/1595/1459 817/2196/2021
f 832/1761/1610 877/2287/2082 818/1762/1611
f 1204/2254/2069 1167/1605/1469 1205/1706/1559
f 1111/2107/1939 1164/1663/1524 1233/2288/1424
f 831/1669/1530 883/1768/1619 820/1539/1405
f 1221/1750/1596 1159/1758/1607 1222/1759/1608
f 1226/2275/2076 1160/1592/1456 1147/1781/1633
f 1172/1583/1447 1214/2289/2083 1212/1749/1595
f 897/2283/2077 804/2233/2046 824/1537/1403
f 1167/1605/1469 1169/1606/1470 1205/1706/1559
f 900/2290/2084 805/2230/2043 826/1424/2078
f 833/2229/2042 900/2290/2084 827/2220/2085
f 903/1786/1638 833/2229/2042 827/2220/2085
f 1232/1780/1632 1111/2107/1939 1233/2288/1424
f 1176/1610/1474 927/2079/1914 964/1965/1812
f 1025/1624/1488 1024/1834/1681 1247/2061/1897
f 1468/1798/1650 1316/1797/1649 1275/2291/2086
f 735/1329/1197 739/2292/2087 687/2247/2060
f 1080/1646/1509 958/1803/1655 1079/1647/1510
f 1256/2072/1910 1062/2293/1928 1464/2073/1902
f 1352/1973/2088 1336/1909/1759 1351/2294/2089
f 1016/2102/1244 1026/1324/1192 1236/2295/1895
f 1237/2296/1204 1465/1587/1451 1239/1340/1206
f 1013/2095/1931 1237/1337/1204 1238/2141/1972
f 1239/1340/1206 1018/1586/1450 1240/1342/1208
f 1242/2070/1908 1195/1635/1924 1196/1346/1212
f 1011/2297/2090 1014/1368/1234 1463/2110/1942
f 1274/2100/1935 1258/2099/1734 1259/1831/1678
f 1275/2291/2086 1262/2108/1940 1273/2078/1913
f 1251/2186/2012 1035/2298/2091 1252/2187/2013
f 1057/2299/2064 1251/2186/2012 1243/2300/1268
f 1467/2097/1933 1025/1624/1488 1255/2068/1906
f 940/2301/2092 946/2189/2015 681/2113/1945
f 1054/2302/2093 1051/1844/1690 1263/1467/1333
f 1341/2109/1941 1359/1958/1804 1342/1960/1806
f 965/1856/1705 842/2303/2094 839/2238/2050
f 709/2304/2095 944/1456/1322 710/2305/2096
f 945/1469/2097 947/2306/1971 707/2307/2098
f 1460/1789/1641 1058/2251/2099 1253/2308/2100
f 1035/2298/2101 1248/1884/1647 1252/2187/2102
f 945/2309/2103 942/1377/1243 677/2310/2104
f 1052/1465/1331 1010/1464/1330 1030/2311/2105
f 724/2312/2106 941/1376/1242 680/2178/2107
f 997/1642/1506 1044/1362/1228 996/2313/2108
f 951/2314/2109 950/1461/1327 709/2304/2095
f 754/2315/2110 944/1456/1322 753/1458/2111
f 951/2316/2112 956/1315/1183 952/1790/1811
f 686/2317/1274 913/1393/1259 718/1821/1254
f 776/2143/1974 795/1657/1519 777/1652/1515
f 785/2255/2070 1081/1702/1556 925/1724/1575
f 964/1965/1812 1276/1608/1472 1176/1610/1474
f 787/1658/1520 1085/1716/1568 961/1514/1380
f 1083/1712/1564 787/1658/1520 960/1660/1522
f 928/1855/1704 1182/2103/1936 966/1807/1659
f 763/2224/2039 1063/1440/1306 800/2154/1983
f 798/1743/1590 968/2083/1918 763/2224/2039
f 799/1676/1536 1105/1721/1573 969/1677/1537
f 1089/2258/1533 962/1655/1517 1088/1727/1578
f 1102/2081/1916 798/1743/1590 932/1745/1592
f 1085/1716/1568 970/1565/1430 961/1514/1380
f 1304/1919/2113 1250/2318/1651 1302/2319/2114
f 1307/2320/2115 1285/2321/2116 1305/1918/2117
f 996/2313/2108 1044/1362/1228 995/1446/1312
f 1076/2190/1726 1254/2067/1905 1077/1623/1487
f 843/2322/1442 980/2082/1917 846/2136/1968
f 1468/1798/1650 1290/1506/1372 1249/1900/1748
f 1319/1926/1773 1296/1869/2118 1297/2090/1926
f 1317/2323/2119 1296/1869/2118 1295/1903/2120
f 1322/1921/1768 1305/1918/1765 1306/1916/1763
f 1293/1907/1755 1314/1881/1746 1315/2324/1760
f 1322/1921/1768 1308/1888/1738 1307/2320/2121
f 1320/2325/2122 1302/2326/2123 1301/2327/2124
f 1321/1917/1764 1302/2319/2123 1303/2328/2125
f 1323/1890/1737 1311/2329/1744 1310/1889/2126
f 770/2330/2127 768/2331/2128 769/2332/2129
f 1022/2112/1944 1007/2333/2130 1006/2117/1949
f 1436/2003/1847 1434/2334/2131 1435/2050/1890
f 1305/1918/2117 1316/2335/1649 1304/1919/2113
f 1307/2320/2115 1291/2336/1934 1286/2337/2132
f 942/1377/1243 678/2338/2133 677/2310/2104
f 1261/1476/1342 1284/1872/1721 1015/1871/1720
f 1056/2339/2134 1263/1467/1333 1055/2106/1938
f 930/2236/2049 761/1485/1351 843/2322/1442
f 1310/1889/1736 1259/2340/1678 1258/1887/1734
f 1317/2323/2119 1292/1904/1756 1294/2341/2135
f 1040/2088/1923 1019/2342/2136 1466/2069/1907
f 1331/1923/1770 1303/2343/2125 1320/2325/2122
f 1339/1929/1778 1315/1913/1760 1324/1895/1743
f 1339/1929/1778 1312/1897/1745 1338/1930/1779
f 1318/2344/1644 1294/2341/2135 1293/1907/1755
f 1327/2345/2137 1297/2090/1926 1317/2323/2119
f 1329/1805/1657 1300/1924/1771 1319/2346/1773
f 1320/2325/2122 1299/2347/1774 1300/1924/1771
f 1333/2348/1762 1303/2343/2125 1332/1875/1724
f 1046/2212/2032 1461/1397/1263 1042/1411/1277
f 717/1386/1252 743/2349/2138 741/2350/2139
f 710/2351/2140 923/1836/1683 709/2352/2141
f 1352/2353/2088 1338/1930/1779 1337/1910/1758
f 1343/1809/1660 1327/2354/2137 1342/1811/1661
f 690/2355/2142 914/1824/1671 713/1826/1673
f 1351/2294/2143 1369/1971/1818 1352/1973/1820
f 1378/2356/1794 1368/1963/1809 1387/2357/1827
f 1367/1951/1798 1351/2294/2143 1350/1952/1799
f 1363/2358/2144 1347/1876/1791 1346/1932/2145
f 1376/2359/1715 1364/2360/2146 1385/1815/1665
f 1353/1931/1819 1371/2361/2147 1354/1928/2148
f 1358/1977/1807 1372/1974/1821 1380/1978/1825
f 1371/2361/2147 1355/2104/1786 1354/1928/2148
f 1343/1959/1805 1361/2362/2149 1344/2363/2150
f 1345/1804/2151 1363/2358/2144 1346/1932/2145
f 1375/1816/1666 1364/2360/2146 1363/2364/2152
f 1361/2362/2149 1345/2365/2151 1344/2363/2150
f 1009/1373/1239 982/2086/1921 1027/2180/2006
f 1377/2366/1782 1386/1480/1346 1409/1479/1345
f 1382/2367/1975 1381/1955/1802 1358/1961/1807
f 1417/1999/1844 1388/1969/1816 1414/1993/1839
f 1408/1985/1831 1406/1481/1347 1407/2368/2153
f 1390/2008/1836 1389/2151/1981 1382/2367/1975
f 1375/1816/1666 1398/1381/1247 1401/1817/1667
f 1396/2369/1871 1398/1381/1247 1397/1383/1249
f 1396/2029/1871 1394/1995/1841 1395/2028/1869
f 1404/2370/1833 1406/1481/1347 1405/1867/1716
f 1029/1414/1280 1054/2302/2093 1053/1466/1332
f 1379/1968/1815 1388/1969/1816 1417/1999/1844
f 1418/1979/1826 1379/1968/1815 1417/1999/1844
f 1400/2001/1845 1402/1988/1834 1401/1817/1667
f 1425/2023/1863 1395/2028/1869 1392/1994/1840
f 1437/2005/2154 1407/2371/2153 1404/2372/1833
f 1440/2055/1893 1442/2026/1867 1441/2373/2155
f 1441/2373/2156 1411/2021/1843 1408/2374/1831
f 1403/1989/1835 1437/2375/2154 1404/1987/1833
f 1432/2047/1876 1434/2334/2131 1433/2376/2157
f 1429/2377/1870 1399/2002/1846 1396/2369/1871
f 1422/2024/1864 1450/2011/1854 1451/2378/2158
f 1424/2030/1872 1420/2025/1865 1423/2051/1891
f 1407/2371/2153 1441/2373/2156 1408/2374/1831
f 1440/2055/1893 1438/2004/1848 1439/2052/1892
f 1428/2016/1859 1426/2031/1873 1427/2045/1888
f 1295/1903/1751 1282/1886/1733 1283/1873/1722
f 1459/2035/1878 1453/2048/1889 1452/2042/1886
f 1439/2052/1892 1455/2041/1885 1440/2055/1893
f 1427/2045/1888 1453/2379/1889 1428/2016/1859
f 1457/2037/1880 1451/2380/2158 1448/2019/1853
f 1451/2380/2158 1458/2036/1879 1422/2054/1864
f 1456/2043/1887 1447/2020/1862 1444/2013/1856
f 1443/2027/1868 1456/2043/1887 1444/2013/1856
f 1265/2182/2159 1266/2381/2160 1035/2298/2101
f 741/2350/2139 972/1384/1250 717/1386/1252
f 809/1776/1628 856/1524/1390 857/2272/1521
f 1174/1609/1473 1062/2092/1928 1175/1607/1471
f 1058/2251/2065 1243/1402/1268 1253/2308/2161
f 951/2316/2162 711/1472/1338 756/1474/1340
f 1030/2311/2105 987/1349/1215 1031/2111/1943
f 1265/2382/2163 1048/1374/1240 1264/2181/2164
f 774/1371/1237 771/1501/1367 770/2330/2127
f 1270/1401/2165 1460/1789/1641 1253/2308/2100
f 703/2159/1986 736/1332/1199 704/1434/1300
f 967/2383/1444 930/2236/2049 843/2322/1442
f 754/2384/2166 919/1845/1693 922/1837/1695
f 769/2332/2129 766/1494/1360 765/2096/1932
f 795/1657/1519 780/2385/1374 781/2270/1376
f 764/1482/1348 766/1494/1360 767/1496/1362
f 699/2386/1962 976/1392/1258 727/2142/1973
f 683/1599/1463 977/2387/2167 730/2388/2168
f 730/2389/2168 936/1822/1670 731/2390/2169
f 731/2390/2169 978/2391/2170 733/2260/2072
f 742/2124/1956 740/2392/2171 741/2173/1999
f 1327/2345/2137 1294/2341/2135 1325/2393/1662
f 754/2384/2172 923/1836/1683 710/2351/2140
f 982/1320/1188 1011/2297/2090 1027/2394/2173
f 1397/2395/1249 1383/1938/1785 1394/1995/1841
f 837/1483/1349 759/2396/2174 838/1967/1814
f 762/1487/1353 782/1486/1352 779/1630/1495
f 1346/1932/1781 1332/1875/1724 1331/1923/1770
f 1270/2397/2175 1051/1844/1690 1050/1463/2176
f 1185/2075/1707 930/2236/2049 967/2383/1444
f 724/2145/2177 682/2114/1946 755/1473/1691
f 966/1807/1659 844/2398/2178 841/1906/1754
f 1022/2112/1944 1246/2211/2031 1462/2063/1899
f 983/1893/1741 1257/1892/1740 1262/2108/1940
f 695/1400/1266 917/1829/1676 696/1398/1264
f 1267/2184/2010 1057/2299/2064 1032/2399/2179
f 692/1319/1187 915/1828/1675 693/1317/1185
f 847/1619/1483 975/1637/2180 916/1618/1482
f 982/1320/1188 981/1322/1190 1011/2297/2090
f 988/1311/1179 987/1349/1215 998/1312/1180
f 693/1317/1185 914/1823/1671 691/1318/1186
f 982/1320/1188 986/2093/1929 1012/1321/1189
f 988/1323/1191 1236/2295/1895 1026/1324/1192
f 984/1326/1194 990/1351/1217 989/1327/1195
f 744/1333/1200 749/1453/1319 748/1334/1201
f 1036/1336/1203 1238/2141/1972 1237/1337/1204
f 993/1339/1205 1237/2296/1204 1239/1340/1206
f 994/1341/1207 1239/1340/1206 1240/1342/1208
f 995/1343/1209 1240/1342/1208 1241/1344/1210
f 996/1345/1211 1241/1344/1210 1242/2070/1908
f 996/1345/1211 1242/2070/1908 1196/1346/1212
f 1041/1348/1214 998/1312/1180 987/1349/1215
f 990/1351/1217 992/1426/1292 991/1352/1218
f 1445/1353/1219 1446/2400/2181 1415/1354/1220
f 1086/1364/1230 1124/1601/1465 1157/1365/1231
f 981/1322/1190 1012/1321/1189 1244/1367/1233
f 775/1369/1235 776/2143/1974 773/1370/1236
f 1264/2401/2182 1027/2394/2173 1266/2402/2160
f 1016/1378/1244 1021/2225/2040 1002/1379/1245
f 1243/2300/1268 1251/2186/2012 1271/2403/1269
f 1055/2404/2183 1271/2403/1269 1251/2186/2012
f 972/1384/1250 716/2132/1964 702/1385/1251
f 719/1387/1253 716/2132/1964 972/1384/1250
f 973/1389/1255 720/2135/1967 705/1390/1256
f 1020/1395/1261 1021/2225/2040 1245/1396/1262
f 1405/1867/1716 1406/1481/1347 1386/1480/1346
f 918/1316/1184 921/1394/1260 949/1818/1668
f 696/1398/1264 915/1828/1675 694/1399/1265
f 1270/1401/1267 1253/2308/2161 1243/1402/1268
f 1011/2297/2090 1266/2402/2160 1027/2394/2173
f 718/1388/1254 972/1384/1250 740/1407/1273
f 1042/1411/1277 1461/1397/1263 1245/1396/1262
f 907/1415/1281 894/1708/1561 886/1416/1282
f 732/1418/1284 729/2121/1953 757/1419/1285
f 985/1328/1196 989/1327/1195 1038/1421/1287
f 901/1423/1289 900/2290/2184 826/1424/1290
f 1178/1429/1295 1179/1614/1478 1277/1430/1296
f 1194/1435/1301 1040/2405/2185 991/1352/1218
f 744/1439/1305 743/2349/2138 973/1389/1255
f 1063/1440/1306 1229/1747/1593 1146/1441/1307
f 1003/1410/1276 1002/2169/1995 990/1351/1217
f 1040/2405/2185 1039/1444/1310 991/1352/1218
f 989/1327/1195 991/1352/1218 1039/1444/1310
f 995/1446/1312 1044/1362/1228 1041/1348/1214
f 1004/1448/1314 1005/1427/1293 992/1426/1292
f 738/1449/1315 739/2292/2087 735/1329/1197
f 1045/1451/1317 999/1361/1227 1001/1363/1229
f 944/1456/1322 953/1478/1344 954/1457/1323
f 1269/1459/1325 983/2406/2186 1049/1460/1326
f 1050/1463/2187 1051/1844/1690 1010/1464/1330
f 1053/1466/1332 1054/2302/2093 1263/1467/1333
f 945/1469/1335 677/2407/2188 679/1470/1336
f 711/1472/1338 725/2146/1685 755/1473/1339
f 953/1478/1344 684/1404/1270 723/1406/1272
f 1010/1464/1330 1054/2302/2093 1060/1350/1216
f 764/1482/1348 759/2396/2174 837/1483/1349
f 963/1650/1513 759/2396/2174 764/1482/1348
f 761/1485/1351 930/2236/2049 782/1486/1352
f 930/2236/2049 1280/2074/1911 1100/1689/1545
f 1065/1488/1354 1067/1492/1358 1068/1489/1355
f 1070/1491/1357 1068/1489/1355 1067/1492/1358
f 766/1494/1360 768/2331/2128 793/1495/1361
f 1069/1493/1359 1071/1499/1365 1072/1497/1363
f 1074/1498/1364 1072/1497/1363 1071/1499/1365
f 771/1501/1367 773/1370/1236 794/1502/1368
f 1301/1505/1371 1249/1900/1748 1290/1506/1372
f 1085/1716/1568 1086/1364/1230 970/1565/1430
f 767/1496/1362 792/1648/1511 764/1482/1348
f 750/1515/1381 749/1840/1686 974/1516/1382
f 824/1537/1403 892/2408/2189 823/1550/1416
f 1116/1518/1384 1199/2409/2190 1115/1519/1385
f 1118/1521/1387 1203/1787/1639 1202/1522/1388
f 856/1524/1390 855/1751/2191 808/1525/1391
f 1200/1527/1393 1203/1787/1639 1118/1521/1387
f 869/1529/1395 868/2285/2192 813/1530/1396
f 1202/1522/1388 1204/2254/2069 1120/1532/1398
f 1129/1549/1415 1127/1548/1414 1128/1567/1431
f 1210/1568/1432 1128/1567/1431 1127/1548/1414
f 1139/1533/1399 1219/1756/2193 1220/1534/1400
f 898/1536/1402 897/2283/2194 824/1537/1403
f 820/1539/1405 883/1768/2195 884/1540/1406
f 884/1540/1406 883/1768/2195 819/1542/1408
f 1216/1551/1417 1217/1763/1612 1137/1552/1418
f 1152/1554/1420 1153/2410/1523 1116/1518/1384
f 887/1545/1411 821/1544/1410 822/2215/2034
f 1149/1555/1421 1230/1765/2196 1231/1556/1422
f 1233/1558/1424 1153/2410/1523 1152/1554/1420
f 1115/1560/1385 1199/1754/2190 1200/1527/1393
f 1231/1556/1422 1232/1780/2197 1151/1561/1426
f 875/1562/1427 874/1777/1629 816/1563/1428
f 1157/1566/1231 1125/1737/1586 1128/1567/1431
f 1125/1737/1586 1124/1746/1465 1207/1738/1587
f 1223/1569/1433 1225/1575/1439 1144/1570/1434
f 843/1578/1442 844/2398/2178 929/1579/1443
f 1173/1766/1616 1171/1656/1518 1172/1583/1447
f 893/2234/2047 805/2230/2043 894/1708/1561
f 1037/1585/1449 1039/2087/1922 1018/1586/1450
f 1033/1589/1453 1269/1459/2198 1268/1372/1238
f 1165/1582/1446 1156/1671/1532 1163/1604/1468
f 1169/1606/1470 1168/1591/1455 1170/1593/1457
f 1164/1663/1524 1111/2107/1939 1234/1753/1601
f 834/1775/1627 830/1772/1624 908/1784/1636
f 676/1597/1461 938/1813/1663 712/1598/1462
f 1206/1850/1464 1207/1738/1587 1124/1746/1465
f 834/1775/1627 894/1708/1561 805/2230/2043
f 886/1416/1282 912/1769/1620 831/1669/1530
f 1175/1607/1471 1176/1610/1474 1276/1608/1472
f 1177/1431/1297 1277/1430/1296 1176/1610/1474
f 1181/1611/1475 1182/2103/1936 1278/1612/1476
f 1180/1613/1477 1278/1612/1476 1179/1614/1478
f 1184/1615/1479 1185/1858/1707 1279/1616/1480
f 916/1618/1482 917/1829/1676 695/1400/1266
f 1077/1623/1487 1255/2068/1906 1025/1624/1488
f 1070/2286/2081 1072/2253/2068 1198/1438/1304
f 779/1630/1495 750/1515/1381 924/1517/1383
f 1175/1634/1499 1062/2293/1928 1195/1635/2199
f 837/1639/1349 715/1638/1701 975/1637/1504
f 1068/1641/1505 1197/1437/1303 997/1642/1506
f 1222/1759/1608 1224/1670/1531 1143/2059/1896
f 1114/1645/1394 1118/2411/1387 1080/1646/1509
f 792/1648/1511 872/2412/2027 870/1649/1512
f 879/1651/1514 878/2413/2020 794/1502/1368
f 791/1653/1516 869/2414/1395 867/1654/1397
f 1205/1706/1559 1169/1606/1470 1123/2415/2200
f 795/1657/1519 881/2416/2030 879/1651/1514
f 787/1658/1520 810/2264/2022 857/1659/1521
f 1171/1656/1518 1129/1549/1415 1128/1567/1431
f 1132/1664/1525 1135/2417/2028 1093/1665/1526
f 730/1667/1528 732/1418/1284 726/1420/1286
f 1223/1569/1433 1143/2059/1896 1224/1670/1531
f 1267/2184/2010 1034/2183/2009 1057/2299/2064
f 860/2232/2045 811/2231/2044 810/2264/2022
f 993/1581/1445 1041/1348/1214 1060/1350/1216
f 1089/1672/1533 1131/2418/2036 1130/1673/1534
f 896/1675/1404 823/2278/1416 799/1676/1536
f 885/1678/1407 884/2419/1406 796/1509/1375
f 1106/1680/1539 1149/2420/1421 1148/1681/1423
f 870/1649/1512 869/2421/1395 791/1683/1516
f 1140/1687/1543 1143/2157/1896 1101/1688/1544
f 807/1690/1546 904/2222/2038 803/1691/1547
f 1134/1695/1419 1137/2422/1418 1095/1696/1551
f 1095/1696/1551 1137/2422/1418 1136/1698/1553
f 1168/1591/1455 1202/1522/1388 1203/1787/1639
f 1117/1700/1389 1120/2423/1398 1082/1701/1555
f 1138/1703/1401 1141/2424/1585 1099/1704/1557
f 1120/1532/1398 1204/2254/2069 1205/1706/1559
f 894/1708/1561 907/1415/1281 889/1574/1438
f 1119/1710/1560 1122/1719/1571 1084/1711/1563
f 1099/1704/1557 1141/2424/1585 1140/1687/1543
f 1082/1701/1555 1120/2423/1398 1119/1710/1560
f 1121/1602/1466 1124/1601/1465 1086/1364/1230
f 1085/1716/1568 1084/1711/1563 1122/1719/1571
f 1104/1442/1308 1146/1441/1307 1145/1720/1572
f 786/1722/1574 856/2425/1390 854/1723/1392
f 1087/1725/1576 1127/2140/1414 1126/1726/1577
f 803/1691/1547 904/2222/2038 902/1728/1579
f 796/1509/1375 884/2419/1406 882/1730/1409
f 1137/1552/1418 1217/1763/1612 1218/1731/1581
f 794/1502/1368 878/2413/2020 876/1733/1582
f 1201/1520/1386 1115/1519/1385 1078/1734/1583
f 1220/1534/1400 1221/1750/2201 1141/1736/1585
f 886/1416/1282 822/2215/2034 890/1417/1283
f 798/1743/1590 891/2282/1436 888/1744/1591
f 1211/1748/1594 1173/1766/1616 1172/1583/1447
f 1199/1754/1602 1234/1753/1601 1166/1755/1603
f 1219/1756/1605 1162/1603/1467 1163/1604/1468
f 1208/1739/1588 1207/1738/1587 1170/1593/1457
f 1136/1698/1553 1139/2426/1399 1097/1757/1606
f 1289/1880/1728 1261/1476/1342 1260/1832/1679
f 1217/1763/1612 1165/1582/1446 1162/1603/1467
f 1113/1764/1614 1112/1767/1617 1230/1765/1615
f 1161/1588/1452 1165/1582/1446 1215/1693/1549
f 1203/1787/1639 1166/1755/1603 1168/1591/1455
f 909/1752/1599 908/1784/1636 852/1770/1622
f 1156/1671/1532 1224/1670/1531 1159/1758/1607
f 874/1777/1629 911/1595/1459 836/1778/1630
f 1226/2275/2076 1225/1575/1439 1156/1671/1532
f 1145/1720/1572 1149/2427/1421 1106/1779/1539
f 1112/1767/1617 1111/2107/1939 1232/1780/1632
f 1147/1781/1633 1160/1592/1456 1113/1764/1614
f 871/1782/1634 836/1778/1630 835/1594/1458
f 1168/1591/1455 1167/1605/1469 1204/2254/2069
f 830/1772/1624 833/2229/2042 903/1786/1638
f 1052/1788/1640 1273/2078/1913 1460/1789/1641
f 1341/1791/1643 1325/1812/1662 1318/1792/1644
f 1053/1796/1648 1248/1795/1647 1463/2110/1942
f 1250/1799/1651 1468/1798/1650 1249/1900/1748
f 940/1800/1652 948/1802/1654 757/1419/1285
f 758/1375/1241 726/1420/1286 757/1419/1285
f 1345/1804/1656 1330/1925/1772 1329/1805/1657
f 966/1807/1659 1182/2103/1936 1279/1616/1480
f 1329/1808/1657 1328/2428/1927 1343/1809/1660
f 1342/1811/1661 1327/2354/2137 1325/1812/1662
f 955/1632/1497 920/1830/1677 938/1813/1663
f 702/1385/1251 720/2135/1967 973/1389/1255
f 786/1722/1574 1082/1701/1555 1083/1712/1564
f 913/1393/1259 976/1392/1258 719/1820/1253
f 936/1822/1670 977/2429/2167 914/1823/1671
f 914/1824/1671 977/2387/2167 714/1825/1672
f 937/1827/1674 978/2391/2170 915/1828/1675
f 915/1828/1675 978/2391/2170 936/1822/1670
f 917/1829/1676 979/2430/2202 937/1827/1674
f 920/1830/1677 971/2116/1948 712/1598/1462
f 1008/1833/1680 1007/2333/2130 1024/1834/1681
f 957/1902/1750 921/1394/1260 946/2189/2015
f 939/1471/1337 679/1470/1336 923/1836/1683
f 923/1836/1683 679/1470/1336 725/1838/1685
f 1267/1848/1698 1268/1372/1238 1048/1374/1240
f 721/1391/1257 974/1516/1382 749/1840/1686
f 734/1841/1687 979/2430/2202 715/1638/1503
f 755/1473/1691 682/2114/1946 956/1315/1183
f 682/2114/1946 946/2189/2015 918/1316/1184
f 919/1845/1693 947/2306/1971 939/1471/1694
f 1044/1362/1228 999/1361/1227 998/1312/1180
f 1194/1435/1301 1193/1436/1302 1177/1846/1696
f 983/2406/2186 1059/1976/1823 1049/1460/1326
f 838/1851/1700 738/1842/2203 715/1638/1701
f 959/1735/1584 1078/1734/1583 783/1854/1703
f 1179/1614/1478 1278/1612/1476 928/1855/1704
f 1090/1674/1535 1276/1608/1472 926/1857/1706
f 1081/1702/1556 1082/1701/1555 786/1722/1574
f 929/1579/1443 1279/1616/1480 1185/1858/1707
f 828/1512/1378 1154/1366/1232 1061/1859/1708
f 800/2154/1983 1063/1440/1306 799/1676/1536
f 1061/1859/1708 1087/1725/1576 789/1861/1710
f 1105/1721/1573 1106/1779/1539 801/1862/1711
f 1174/1609/1473 1276/1608/1472 1090/1674/1535
f 1107/1682/1540 1108/2259/2071 802/1863/1712
f 1109/1865/1714 1110/2265/2074 803/1691/1547
f 961/1514/1380 970/1565/1430 935/1511/1377
f 1030/2077/1912 1468/1798/1650 1275/2291/2086
f 1010/1464/1330 1060/1350/1216 987/1349/1215
f 1281/1868/1717 1282/1886/1733 1296/1869/1718
f 1316/1797/1649 1285/2431/2116 1275/2291/2086
f 1348/1874/1723 1333/2348/1762 1332/1875/1724
f 1286/2432/2132 1275/2291/2086 1285/2431/2116
f 1287/1879/1727 1288/1905/1753 1289/1880/1728
f 1313/1882/1730 1314/1881/1729 1289/1880/1728
f 1056/1883/1731 1252/2187/2102 1248/1884/1647
f 1281/1868/1717 1290/1506/1372 1468/1798/1650
f 1258/1887/1734 1291/2336/1934 1308/1888/1735
f 1323/1890/1737 1310/1889/2126 1308/1888/1738
f 1324/1895/1743 1313/1899/1747 1311/1896/1744
f 1324/1895/1743 1315/1913/1760 1314/1898/1746
f 1301/1505/1371 1302/2433/2114 1250/1799/1651
f 1313/1882/1730 1260/1832/1679 1259/1831/1678
f 1015/1871/1720 1283/1873/1722 1282/1886/1733
f 1295/1903/1751 1283/1873/1722 1284/1872/1721
f 1292/1904/1752 1284/1872/1721 1288/1905/1753
f 1288/1905/1753 1284/1872/1721 1261/1476/1342
f 1298/1870/1719 1299/1507/1373 1290/1506/1372
f 841/1906/1754 842/2303/2094 928/1855/1704
f 1293/1907/1755 1294/2341/2135 1292/1904/1756
f 1337/1908/1758 1323/1890/1737 1309/1891/1739
f 1337/1910/1758 1338/1930/1779 1312/1897/1745
f 1318/1912/1644 1293/2434/1755 1315/1913/1760
f 1333/1915/1762 1334/1922/1769 1306/1916/1763
f 1321/1917/1764 1306/1916/1763 1305/1918/1765
f 1335/1920/1767 1336/1909/1759 1309/1891/1739
f 1335/1920/1767 1322/1921/1768 1306/1916/1763
f 1331/1923/1770 1320/2325/2122 1300/1924/1771
f 1319/1926/1773 1300/2435/1771 1299/1507/1774
f 940/2301/2092 727/2142/1973 957/1902/1750
f 1465/1587/1451 1017/2436/1930 1038/1927/1776
f 1354/1928/1777 1355/2104/1937 1340/1914/1761
f 1354/1928/1777 1339/1929/1778 1338/1930/1779
f 1346/1932/1781 1331/1923/1770 1330/1925/1772
f 685/1819/1669 921/1394/1260 913/1393/1259
f 1009/1373/1239 1049/1460/1326 984/1326/1194
f 1377/1933/1782 1367/1964/1810 1366/1934/1783
f 1384/1936/1248 1361/2437/1790 1360/1937/1784
f 1355/1939/1786 1372/2438/2204 1357/1940/1787
f 1262/2108/1940 1274/2100/1935 1059/1475/1341
f 1384/1382/1248 1374/1970/1817 1362/1942/1789
f 1347/1944/1791 1364/2439/2205 1365/1945/1792
f 1378/1947/1794 1388/1969/1816 1370/1948/1795
f 1365/1945/1792 1366/2440/2206 1349/1950/1797
f 1349/1950/1797 1366/2440/2206 1367/1951/1798
f 1373/1953/1800 1359/2123/1955 1356/1954/1801
f 1376/1956/1715 1386/1935/1346 1366/1934/1783
f 1359/1958/1804 1360/2441/2207 1343/1959/1805
f 1358/1961/1807 1381/1955/1802 1356/1954/1801
f 1377/1933/1782 1387/2357/1827 1368/1963/1809
f 964/1965/1812 927/2079/1914 840/1966/1813
f 1379/1968/1815 1371/1975/1822 1370/1948/1795
f 1375/1816/1666 1363/2364/2152 1362/1942/1789
f 1369/1971/1818 1370/2442/2208 1353/1972/1819
f 1379/1968/1815 1380/1978/1825 1372/1974/1821
f 1059/1976/1823 1028/1409/1275 984/1326/1194
f 713/1826/1673 971/2116/1948 690/2355/2142
f 1350/1952/1824 1351/2294/2089 1336/1909/1759
f 1405/2443/1716 1376/2359/1715 1385/1815/1665
f 1405/2443/1716 1385/1815/1665 1402/1988/1834
f 676/1983/1829 726/1420/1286 758/1375/1241
f 1377/2366/1782 1409/1479/1345 1387/1981/1827
f 1414/1993/1839 1388/1969/1816 1413/2000/1828
f 1401/1817/1667 1402/1988/1834 1385/1815/1665
f 1030/2077/1912 1031/1325/1193 1468/1798/1650
f 1408/1985/1831 1411/1998/1843 1410/1986/1832
f 1404/1987/1833 1405/2443/1716 1402/1988/1834
f 1390/1990/1836 1382/2144/1975 1418/1979/1826
f 1416/1992/1838 1417/1999/1844 1414/1993/1839
f 1392/1994/1840 1395/2028/1869 1394/1995/1841
f 1412/1997/1221 1413/1982/1828 1410/1986/1832
f 1410/1986/1832 1387/1981/1827 1409/1479/1345
f 1416/1992/1838 1419/1991/1837 1418/1979/1826
f 1412/1355/1221 1415/1354/1220 1414/1993/1839
f 1400/2001/1845 1401/1817/1667 1398/1381/1247
f 1436/2003/1847 1439/2052/1892 1438/2004/1848
f 1421/2006/1850 1420/2025/2209 1391/2007/1851
f 1433/2009/1852 1434/2444/2210 1403/1989/1835
f 1448/2010/1853 1451/2378/2158 1450/2011/1854
f 1444/2013/1856 1447/2020/1862 1446/2014/1857
f 1428/2016/1859 1431/2034/1877 1430/2017/1860
f 1448/2019/1853 1449/2445/1855 1446/2014/1857
f 1411/2021/1843 1442/2026/2211 1445/2015/1219
f 1391/2007/1851 1420/2025/2209 1425/2023/1863
f 1422/2024/1864 1423/2051/1891 1420/2025/1865
f 1444/2013/1856 1445/2015/1858 1442/2026/1867
f 1395/2028/1869 1426/2031/2212 1429/2018/1870
f 1424/2030/1872 1427/2045/1888 1426/2031/1873
f 1415/1354/1220 1446/2400/2181 1449/2032/1875
f 1449/2032/1875 1450/2446/2213 1419/1991/1837
f 1399/2002/1846 1430/2447/2214 1433/2009/1852
f 1432/2033/1876 1433/2448/2157 1430/2017/1860
f 765/2038/1881 760/1640/1350 975/1637/1504
f 1033/2039/1883 1058/2251/2099 1257/1892/1740
f 1452/2042/1886 1453/2048/1889 1427/2449/1888
f 1431/2046/1877 1453/2048/1889 1459/2035/1878
f 1435/2050/1890 1459/2035/1878 1454/2040/1884
f 1447/2020/1862 1456/2043/1887 1457/2037/1880
f 1458/2036/1879 1452/2042/1886 1423/2053/1891
f 918/1316/1184 956/1315/1183 682/2114/1946
f 1029/2056/1894 1014/1368/1234 1244/1367/1233
f 1036/1336/1203 1244/1367/1233 1238/2141/1972
f 1043/1412/1278 1245/1396/1262 1236/2057/1895
f 1187/1625/1489 1025/1624/1488 1247/2061/1897
f 1047/2062/1898 1247/2061/1897 1462/2063/1899
f 1335/1920/1767 1334/1922/1769 1349/1950/1901
f 1393/1996/1842 1373/1953/1800 1381/1955/1802
f 1240/1342/1208 1018/1586/1450 1466/2069/1907
f 1466/2069/1907 1019/2342/2136 1242/2070/1908
f 997/1347/1213 1196/1346/1212 1256/2072/2215
f 1066/2071/1909 997/1347/2216 1256/2072/1910
f 927/2079/1914 1277/1430/1296 1179/1614/1478
f 797/2080/1915 1101/1688/1544 1102/2081/1916
f 974/1516/1382 722/2137/1969 980/2082/1917
f 708/1853/1702 947/2139/1971 919/1852/1693
f 1020/1395/1261 1023/2118/1950 1005/2084/1919
f 955/1632/1497 919/1852/1693 954/1633/1498
f 1100/1689/1545 1280/2074/1911 1254/2067/1905
f 1466/2069/1907 1018/1586/1450 1039/2087/1922
f 1195/1635/1924 1019/2342/2136 1040/2088/1923
f 1329/2089/1657 1319/1926/1773 1297/2090/1926
f 1062/2092/1928 1174/1609/1473 1064/2066/1903
f 986/2093/1929 1038/2450/1776 1017/2094/1930
f 1184/2076/1479 1008/1833/1680 1188/1835/1682
f 1003/2101/1246 1028/1477/1343 1015/1871/1720
f 1275/2291/2086 1286/2432/2132 1291/2098/1934
f 1257/1892/1740 1460/1789/1641 1273/2078/1913
f 1183/1617/1481 1279/1616/1480 1182/2103/1936
f 1318/1912/1644 1340/1914/1761 1355/2104/1937
f 1357/1940/1787 1356/2451/2217 1341/2109/1941
f 1030/2077/1912 1275/2291/2086 1273/2078/1913
f 793/1495/1361 768/2331/2128 771/1501/1367
f 782/1486/1352 930/2236/2049 931/1679/1538
f 1463/2110/1942 1014/1368/1234 1029/2056/1894
f 1247/2061/1897 1024/1834/1681 1022/2112/1944
f 1245/1396/1262 1021/2225/2040 1016/1378/1244
f 677/2407/2188 678/2452/1977 679/1470/1336
f 725/1838/1685 679/1470/1336 678/2452/1977
f 705/1390/1256 722/2137/1969 974/1516/1382
f 681/2113/1945 946/2189/2015 682/2114/1946
f 683/1599/1463 712/1598/1462 714/1825/1672
f 714/1825/1672 712/1598/1462 971/2116/1948
f 1006/2117/1949 1005/2084/1919 1023/2118/1950
f 728/2119/1951 742/2124/1956 697/2120/1952
f 735/1329/1197 736/1332/1199 729/2121/1953
f 745/1335/1202 748/1334/1201 746/1356/1222
f 1373/1953/1800 1383/1938/1785 1360/1937/1784
f 742/2124/1956 745/1335/1202 746/1356/1222
f 847/2126/1958 747/2174/2000 769/2127/1959
f 700/2129/1961 716/2132/1964 719/1387/1253
f 701/2131/1963 702/1385/1251 716/2132/1964
f 703/2133/1965 720/2135/1967 702/1385/1251
f 704/2134/1966 705/1390/1256 720/2135/1967
f 704/2134/1966 722/2137/1969 705/1390/1256
f 846/2136/1968 980/2082/1917 722/2137/1969
f 944/1456/1322 943/1462/1328 953/1478/1344
f 1049/1460/1326 1009/1373/1239 1268/1372/1238
f 706/1814/1664 947/2139/1971 708/1853/1702
f 940/2301/2092 957/1902/1750 946/2189/2015
f 1061/1859/1708 1210/2281/1432 1127/2140/1414
f 1244/1367/1233 1012/1321/1189 1013/2095/1931
f 1461/1397/1263 1246/2211/2031 1023/2118/1950
f 794/1502/1368 773/1370/1236 776/2143/1974
f 1348/1946/1723 1349/1950/1901 1334/1922/1769
f 724/2145/1976 755/1473/1339 725/2146/1685
f 1392/1994/1840 1393/1996/1842 1389/2151/1981
f 699/2148/1978 757/1419/1285 729/2121/1953
f 1102/2081/1916 1101/1688/1544 1143/2157/1896
f 701/2156/1985 729/2121/1953 736/1332/1199
f 1419/1991/1837 1450/2446/2213 1421/2161/1850
f 733/2162/1988 735/1329/1197 732/1418/1284
f 684/1404/1270 697/2120/1952 691/2168/1994
f 692/2171/1997 691/2168/1994 697/2120/1952
f 686/2150/1980 740/2392/2171 742/2124/1956
f 697/2120/1952 746/1356/1222 694/2170/1996
f 695/2453/2218 694/2170/1996 746/1356/1222
f 741/2173/1999 743/2172/1998 745/1335/1202
f 847/2126/1958 695/2453/2218 746/1356/1222
f 1006/1428/1294 1007/2166/1992 992/1426/1292
f 706/1984/1830 758/1375/1241 942/1377/1243
f 680/2178/2219 941/1376/1242 948/1802/1654
f 952/2179/2005 752/2454/2220 943/1462/1328
f 1048/1374/1240 1009/1373/1239 1027/2180/2006
f 1265/2182/2008 1035/2298/2091 1034/2183/2009
f 953/1478/1344 943/1462/1328 728/2119/1951
f 1064/2066/1903 1174/1609/1473 1090/1674/1535
f 1254/2067/1905 1280/2074/1911 1467/2097/1933
f 1073/1500/1366 1071/1499/1365 1095/1696/1551
f 1160/1592/1456 1165/1582/1446 1235/1584/1448
f 1254/2067/1905 1099/1704/1557 1100/1689/1545
f 765/2096/1932 766/1494/1360 764/1482/1348
f 1093/1665/1526 1067/1492/1358 1065/1488/1354
f 1076/1878/1726 1075/1504/1370 1097/1757/1606
f 1056/1883/2011 1055/2404/2183 1251/2186/2012
f 1177/1846/1696 1193/1436/1302 1192/1359/1225
f 779/2455/1495 780/2385/1374 778/2165/1991
f 782/1486/1352 796/1509/1375 780/1508/1374
f 715/1638/1503 979/2430/2202 917/1829/1676
f 1393/1996/1842 1381/1955/1802 1389/2151/1981
f 924/1517/1383 980/2082/1917 761/1485/1351
f 1069/1493/1359 1067/1492/1358 1093/1665/1526
f 1097/1757/1606 1075/1504/1370 1073/1500/1366
f 1092/1666/1527 1064/2066/1903 1091/2191/2016
f 1095/1696/1551 1071/1499/1365 1069/1493/1359
f 834/1775/1627 908/1784/1636 909/1752/1599
f 806/1785/2017 848/1771/2221 850/2192/2018
f 1228/1684/1541 1230/1765/2196 1149/1555/1421
f 878/2195/2020 877/2287/2082 817/2196/2021
f 1141/1736/1585 1221/1750/2201 1222/1759/1608
f 853/2199/2023 852/1770/2222 806/1785/2017
f 1205/1706/1559 1123/2415/2200 1122/2277/1571
f 1218/1731/1581 1219/1756/2193 1139/1533/1399
f 859/2456/1626 810/2264/2022 811/2231/2044
f 1133/2203/2025 1214/2289/2083 1213/1694/1550
f 866/1718/1570 812/1546/1412 864/2266/2075
f 1227/1686/1542 1146/1685/1307 1147/1781/1633
f 815/1783/2026 868/2285/2192 869/1529/1395
f 816/1563/1428 871/1782/2223 872/2206/2027
f 872/2206/2027 871/1782/2223 815/1783/2026
f 1135/2208/2028 1215/1693/1549 1216/1551/1417
f 818/1762/2029 877/2287/2082 878/2195/2020
f 808/1525/1391 852/1770/2222 853/2199/2023
f 881/2210/2030 880/1760/2224 818/1762/2029
f 826/1424/1290 897/2283/2194 898/1536/1402
f 813/1530/1396 864/2266/2075 812/1546/1412
f 1045/2064/1900 1462/2063/1899 1246/2211/2031
f 850/2213/2018 848/2457/2221 849/2214/2033
f 888/2216/1591 822/2215/2034 821/1544/1410
f 891/1572/1436 890/1417/1283 822/2215/2034
f 1212/1749/2035 1214/2289/2083 1133/2203/2025
f 1229/2280/1593 1147/1781/1633 1146/1685/1307
f 1209/1547/1413 1211/1748/2225 1131/2219/2036
f 827/2220/2037 900/2290/2184 901/1423/1289
f 1131/2219/2036 1211/1748/2225 1212/1749/2035
f 849/2214/2033 903/2458/2226 904/2222/2038
f 904/2222/2038 903/2458/2226 827/2223/2037
f 800/2154/1983 829/2153/1437 763/2224/2039
f 1004/2085/1920 1002/1379/1245 1021/2225/2040
f 834/1775/1627 911/1595/1459 886/1416/1282
f 895/1709/1562 889/1574/1438 829/1573/1437
f 866/2226/1570 861/2200/1566 906/2227/2041
f 1206/1850/1464 1123/2415/2200 1169/1606/1470
f 865/1596/1460 911/1595/1459 834/1775/1627
f 1160/1592/1456 1112/1767/1617 1113/1764/1614
f 723/1631/1496 690/2355/2142 971/2116/1948
f 1166/1755/1603 1234/1753/1601 1160/1592/1456
f 1160/1592/1456 1234/1753/1601 1111/2107/1939
f 863/2202/2024 862/2201/1565 811/2231/2044
f 1235/1584/1448 1172/1583/1447 1171/1656/1518
f 834/1775/1627 858/2262/2073 865/1596/1460
f 910/2284/2079 835/1594/1458 865/1596/1460
f 949/2235/2048 685/2149/1979 728/2119/1951
f 783/1854/1703 1078/1734/1583 958/1803/1655
f 1081/1702/1556 785/2255/2070 1080/1646/1509
f 789/1861/1710 1087/1725/1576 962/1655/1517
f 962/1655/1517 1089/2258/1533 791/1653/1516
f 801/2237/1711 1106/1680/1539 1107/1682/1540
f 1100/1689/1545 1101/1688/1544 797/2080/1915
f 838/1967/1814 759/2396/2174 926/1857/1706
f 839/2238/2050 840/1966/1813 927/2079/1914
f 1468/1798/1650 1015/1871/1720 1282/1886/1733
f 802/1863/1712 1108/2259/2071 1109/1865/1714
f 803/1691/1547 1110/2265/2074 959/1735/1584
f 935/1511/1377 970/1565/1430 828/1512/1378
f 839/2246/2059 842/1629/1494 688/1330/1198
f 687/2247/2060 739/2292/2087 840/2248/2061
f 840/2248/2061 739/2292/2087 738/1449/1315
f 1033/2039/2063 1032/2459/2179 1057/2250/2064
f 1178/2188/2014 1192/1359/1225 1191/1360/1226
f 769/2127/1959 747/2174/2000 698/1358/1224
f 819/1542/1408 880/1760/2224 881/2210/2030
f 785/2255/2070 853/2460/2023 851/2256/2019
f 899/2257/1291 898/2461/1402 801/2237/1711
f 824/1537/1403 893/2234/2047 892/2408/2189
f 1126/1726/1577 1131/2462/2036 1089/2258/1533
f 1148/1681/1423 1151/2263/1426 1108/2259/2071
f 1161/1588/1452 1213/1694/1550 1214/2289/2083
f 902/1728/1579 901/2463/1289 802/1863/1712
f 1130/1673/1534 1133/2464/2025 1091/2191/2016
f 733/2260/2072 978/2391/2170 937/1827/1674
f 1151/1561/1426 1232/1780/2197 1233/2288/1424
f 961/1514/1380 860/2232/2045 810/2264/2022
f 1150/1559/1425 1152/1554/1420 1110/2265/2074
f 858/2262/2073 811/2261/2044 862/1713/1565
f 788/1513/1379 863/2202/2024 860/2232/2045
f 1037/1445/1311 1038/1421/1287 989/1327/1195
f 1097/1757/1606 1139/2426/1399 1138/2267/1401
f 790/1860/1709 789/1861/1710 812/2268/1412
f 882/2269/1409 881/2416/2030 795/1657/1519
f 1108/2259/2071 1151/2263/1426 1150/1559/1425
f 867/1654/1397 812/2268/1412 789/1861/1710
f 851/2256/2019 850/2213/2018 783/1854/1703
f 1213/1694/1550 1215/1693/1549 1135/2208/2028
f 1080/1646/1509 1118/2411/1387 1117/2271/1389
f 1078/1734/1583 1115/1519/1385 1114/1645/1394
f 1110/2265/2074 1152/1554/1420 1201/1520/1386
f 1093/1665/1526 1135/2417/2028 1134/1695/1419
f 797/2080/1915 821/2274/1410 885/1678/1407
f 873/2273/1429 872/2412/2027 792/1648/1511
f 1206/1850/1464 1122/2277/1571 1123/2415/2200
f 932/1745/1592 888/1744/1591 821/2274/1410
f 857/1659/1521 856/2425/1390 786/1722/1574
f 1042/1443/1309 998/1312/1180 999/1361/1227
f 814/2228/1569 906/2227/2041 828/1512/1378
f 895/1709/1562 892/2408/2189 893/2234/2047
f 895/1709/1562 823/1550/1416 892/2408/2189
f 783/1854/1703 850/2213/2018 807/1690/1546
f 800/2154/1983 799/1676/1536 823/2278/1416
f 1233/2288/1424 1164/1663/1524 1153/1662/1523
f 876/1733/1582 875/2465/1427 793/1495/1361
f 801/1862/1711 898/2466/1402 896/1675/1404
f 854/2279/1392 853/2460/2023 785/2255/2070
f 802/1863/1712 901/2463/1289 899/2257/1291
f 817/2196/2021 874/1777/1629 875/1562/1427
f 1091/2191/2016 1133/2464/2025 1132/1664/1525
f 793/1495/1361 875/2465/1427 873/2273/1429
f 865/1596/1460 905/1715/1567 861/1714/1566
f 1155/1577/1441 1158/1576/1440 1147/1781/1633
f 1142/2158/1435 1144/1741/1434 1103/1740/1589
f 788/1513/1379 828/1512/1378 906/2227/2041
f 1235/1584/1448 1128/1567/1431 1125/1737/1586
f 1154/1366/1232 1157/1365/1231 1210/2281/1432
f 908/1784/1636 830/1772/1624 848/1771/1623
f 912/1769/1620 832/1761/1610 880/1760/1609
f 805/2230/2043 804/2233/2046 897/2283/2077
f 1226/2275/2076 1156/1671/1532 1160/1592/1456
f 865/1596/1460 864/2266/2075 910/2284/2079
f 868/2285/2080 835/1594/1458 910/2284/2079
f 1198/1438/1304 1197/1437/1303 1068/1641/1505
f 834/1775/1627 909/1752/1599 855/1751/1598
f 832/1761/1610 911/1595/1459 877/2287/2082
f 1214/2289/2083 1172/1583/1447 1161/1588/1452
f 687/2247/2060 688/1330/1198 735/1329/1197
f 831/1669/1530 912/1769/1620 883/1768/1619
f 1221/1750/1596 1163/1604/1468 1159/1758/1607
f 833/2229/2042 805/2230/2043 900/2290/2084
f 1176/1610/1474 1277/1430/1296 927/2079/1914
f 1025/1624/1488 1188/1835/1682 1024/1834/1681
f 753/2467/2227 954/1633/1498 919/1852/1693
f 1274/2100/1935 1261/1476/1342 1059/1475/1341
f 1080/1646/1509 785/2255/2070 958/1803/1655
f 1256/2072/1910 1195/1635/2199 1062/2293/1928
f 1352/1973/2088 1337/1908/1758 1336/1909/1759
f 1016/2102/1244 1015/1871/1720 1026/1324/1192
f 1237/2296/1204 1017/2436/1930 1465/1587/1451
f 1013/2095/1931 1017/2094/1930 1237/1337/1204
f 1239/1340/1206 1465/1587/1451 1018/1586/1450
f 1242/2070/1908 1019/2342/2136 1195/1635/1924
f 791/1683/1516 1089/1672/1533 963/1650/1513
f 1011/2297/2090 981/1322/1190 1014/1368/1234
f 1275/2291/2086 1274/2100/1935 1262/2108/1940
f 1291/2098/1934 1274/2100/1935 1275/2291/2086
f 1251/2186/2012 1034/2183/2009 1035/2298/2091
f 1057/2299/2064 1034/2183/2009 1251/2186/2012
f 1467/2097/1933 1188/1835/1682 1025/1624/1488
f 1054/2302/2093 1010/1464/1330 1051/1844/1690
f 1341/2109/1941 1356/2451/2217 1359/1958/1804
f 965/1856/1705 928/1855/1704 842/2303/2094
f 945/1469/2097 939/1471/1694 947/2306/1971
f 1460/1789/1641 1257/1892/1740 1058/2251/2099
f 1273/2078/1913 1262/2108/1940 1257/1892/1740
f 1035/2298/2101 1266/2381/2160 1248/1884/1647
f 945/2309/2103 707/2177/2228 942/1377/1243
f 724/2312/2106 678/2338/2133 941/1376/1242
f 997/1642/1506 1197/1437/1303 1044/1362/1228
f 752/2454/2220 949/2235/2048 943/1462/1328
f 951/2314/2109 952/2179/2229 950/1461/1327
f 754/2315/2110 710/2305/2096 944/1456/1322
f 709/2352/2141 923/1836/1683 711/1839/1338
f 951/2316/2112 756/1474/1692 956/1315/1183
f 686/2317/1274 685/1819/1669 913/1393/1259
f 1259/1831/1678 1261/1476/1342 1274/2100/1935
f 1011/2297/2090 1463/2110/1942 1266/2402/2160
f 776/2143/1974 778/2165/1991 795/1657/1519
f 964/1965/1812 926/1857/1706 1276/1608/1472
f 787/1658/1520 1084/1711/1563 1085/1716/1568
f 1083/1712/1564 1084/1711/1563 787/1658/1520
f 928/1855/1704 1278/1612/1476 1182/2103/1936
f 763/2224/2039 968/2083/1918 1063/1440/1306
f 1063/1440/1306 1104/1442/1308 799/1676/1536
f 799/1676/1536 1104/1442/1308 1105/1721/1573
f 1384/1382/1248 1398/1381/1247 1374/1970/1817
f 1102/2081/1916 1103/1740/1589 798/1743/1590
f 1304/1919/2113 1316/2335/1649 1250/2318/1651
f 1307/2320/2115 1286/2337/2132 1285/2321/2116
f 963/1650/1513 926/1857/1706 759/2396/2174
f 1076/2190/1726 1099/1704/1557 1254/2067/1905
f 843/2322/1442 761/1485/1351 980/2082/1917
f 1319/1926/1773 1298/1870/1775 1296/1869/2118
f 1317/2323/2119 1297/2090/1926 1296/1869/2118
f 1322/1921/1768 1307/2320/2121 1305/1918/1765
f 1159/1758/1607 1163/1604/1468 1156/1671/1532
f 1293/1907/1755 1287/1879/1757 1314/1881/1746
f 1322/1921/1768 1309/1891/1739 1308/1888/1738
f 1320/2325/2122 1303/2343/2125 1302/2326/2123
f 1321/1917/1764 1304/1919/1766 1302/2319/2123
f 1323/1890/1737 1312/2468/1745 1311/2329/1744
f 770/2330/2127 771/1501/1367 768/2331/2128
f 1022/2112/1944 1024/1834/1681 1007/2333/2130
f 1436/2003/1847 1437/2005/1849 1434/2334/2131
f 1305/1918/2117 1285/2321/2116 1316/2335/1649
f 1307/2320/2115 1308/1888/1735 1291/2336/1934
f 942/1377/1243 941/1376/1242 678/2338/2133
f 1056/2339/2134 1272/1468/2230 1263/1467/1333
f 1310/1889/1736 1311/2329/1749 1259/2340/1678
f 1317/2323/2119 1295/1903/2120 1292/1904/1756
f 734/1841/1687 937/1827/1674 979/2430/2202
f 1331/1923/1770 1332/1875/1724 1303/2343/2125
f 1339/1929/1778 1340/1914/1761 1315/1913/1760
f 1339/1929/1778 1324/1895/1743 1312/1897/1745
f 1318/2344/1644 1325/2393/1662 1294/2341/2135
f 1327/2345/2137 1328/2091/1927 1297/2090/1926
f 1329/1805/1657 1330/1925/1772 1300/1924/1771
f 1320/2325/2122 1301/2327/2124 1299/2347/1774
f 1333/2348/1762 1321/2469/1764 1303/2343/2125
f 1046/2212/2032 1246/2211/2031 1461/1397/1263
f 717/1386/1252 973/1389/1255 743/2349/2138
f 1352/2353/2088 1353/1931/1780 1338/1930/1779
f 1343/1809/1660 1328/2428/1927 1327/2354/2137
f 690/2355/2142 691/2470/1186 914/1824/1671
f 1351/2294/2143 1368/2471/2231 1369/1971/1818
f 1378/2356/1794 1369/2472/1796 1368/1963/1809
f 1367/1951/1798 1368/2471/2231 1351/2294/2143
f 1363/2358/2144 1364/2473/2205 1347/1876/1791
f 1376/2359/1715 1365/2474/1803 1364/2360/2146
f 1353/1931/1819 1370/2475/2208 1371/2361/2147
f 1358/1977/1807 1357/2476/1808 1372/1974/1821
f 1371/2361/2147 1372/2477/2204 1355/2104/1786
f 1343/1959/1805 1360/2441/2207 1361/2362/2149
f 1345/1804/2151 1362/2478/2232 1363/2358/2144
f 1375/1816/1666 1385/1815/1665 1364/2360/2146
f 1361/2362/2149 1362/2479/2232 1345/2365/2151
f 708/1853/1702 938/1813/1663 706/1814/1664
f 1009/1373/1239 985/1328/1196 982/2086/1921
f 1028/1477/1343 1261/1476/1342 1015/1871/1720
f 1394/1995/1841 1383/1938/1785 1393/1996/1842
f 1382/2367/1975 1389/2151/1981 1381/1955/1802
f 1413/1982/1828 1387/1981/1827 1410/1986/1832
f 1408/1985/1831 1409/1479/1345 1406/1481/1347
f 1390/2008/1836 1391/2007/1851 1389/2151/1981
f 1375/1816/1666 1374/1970/1817 1398/1381/1247
f 1396/2369/1871 1399/2002/1846 1398/1381/1247
f 1396/2029/1871 1397/2395/1249 1394/1995/1841
f 1404/2370/1833 1407/2368/2153 1406/1481/1347
f 1029/1414/1280 1060/1350/1216 1054/2302/2093
f 1418/1979/1826 1380/1978/1825 1379/1968/1815
f 1400/2001/1845 1403/1989/1835 1402/1988/1834
f 1425/2023/1863 1426/2031/2212 1395/2028/1869
f 1437/2005/2154 1438/2004/2233 1407/2371/2153
f 1440/2055/1893 1443/2027/1868 1442/2026/1867
f 1441/2373/2156 1442/2026/2211 1411/2021/1843
f 1403/1989/1835 1434/2444/2210 1437/2375/2154
f 1432/2047/1876 1435/2050/1890 1434/2334/2131
f 1429/2377/1870 1430/2447/2214 1399/2002/1846
f 1422/2024/1864 1421/2006/1866 1450/2011/1854
f 1424/2030/1872 1425/2023/1874 1420/2025/1865
f 1407/2371/2153 1438/2004/2233 1441/2373/2156
f 1440/2055/1893 1441/2373/2155 1438/2004/1848
f 1428/2016/1859 1429/2018/1861 1426/2031/1873
f 1295/1903/1751 1296/1869/1718 1282/1886/1733
f 1439/2052/1892 1454/2040/1884 1455/2041/1885
f 1457/2037/1880 1458/2036/1879 1451/2380/2158
f 1443/2027/1868 1455/2041/1885 1456/2043/1887
f 1265/2182/2159 1264/2480/2234 1266/2381/2160
f 741/2350/2139 740/1407/1273 972/1384/1250
f 809/1776/1628 855/1751/2191 856/1524/1390
f 1463/2110/1942 1248/1795/1647 1266/2402/2160
f 1058/2251/2065 1057/2250/2064 1243/1402/1268
f 951/2316/2162 709/2481/2141 711/1472/1338
f 1030/2311/2105 1010/1464/1330 987/1349/1215
f 1265/2382/2163 1267/1848/1698 1048/1374/1240
f 774/1371/1237 773/1370/1236 771/1501/1367
f 1026/1324/1192 1468/1798/1650 1031/1325/1193
f 1270/1401/2165 1050/1790/1642 1460/1789/1641
f 1013/2095/1931 1012/1321/1189 986/2093/1929
f 754/2384/2166 753/2482/2235 919/1845/1693
f 709/2304/2095 950/1461/1327 944/1456/1322
f 769/2332/2129 768/2331/2128 766/1494/1360
f 764/1482/1348 792/1648/1511 963/1650/1513
f 931/1679/1538 796/1509/1375 782/1486/1352
f 795/1657/1519 778/2165/1991 780/2385/1374
f 699/2386/1962 719/1820/1253 976/1392/1258
f 683/1599/1463 714/1825/1672 977/2387/2167
f 730/2389/2168 977/2429/2167 936/1822/1670
f 731/2390/2169 936/1822/1670 978/2391/2170
f 1327/2345/2137 1317/2323/2119 1294/2341/2135
f 754/2384/2172 922/1837/1684 923/1836/1683
f 1397/2395/1249 1384/1936/1248 1383/1938/1785
f 1346/1932/1781 1347/1876/1725 1332/1875/1724
f 1270/2397/2175 1271/1843/1689 1051/1844/1690
f 1185/2075/1707 1280/2074/1911 930/2236/2049
f 724/2145/2177 680/2115/1947 682/2114/1946
f 966/1807/1659 929/1579/1443 844/2398/2178
f 1022/2112/1944 1023/2118/1950 1246/2211/2031
f 723/1631/1496 920/1830/1677 955/1632/1497
f 919/1852/1693 955/1632/1497 938/1813/1663
f 692/1319/1187 694/1399/1265 915/1828/1675
f 1026/1324/1192 1015/1871/1720 1468/1798/1650
f 1469/2483/2236 1474/2484/2236 1478/2485/2236
f 1472/2486/2236 1478/2485/2236 1475/2487/2236
f 1473/2488/2236 1476/2489/2236 1477/2490/2236
f 1471/2491/2236 1477/2490/2236 1474/2484/2236
f 1483/2492/2236 1484/2493/2236 1485/2494/2236
f 1483/2492/2236 1485/2494/2236 1486/2495/2236
f 1483/2492/2236 1486/2495/2236 1487/2496/2236
f 1483/2492/2236 1487/2496/2236 1488/2497/2236
f 1482/2498/2236 1492/2499/2236 1495/2500/2236
f 1482/2498/2236 1493/2501/2236 1481/2502/2236
f 1481/2502/2236 1491/2503/2236 1480/2504/2236
f 1491/2503/2236 1489/2505/2236 1480/2504/2236
f 1479/2506/2236 1480/2504/2236 1489/2505/2236
f 1479/2506/2236 1489/2505/2236 1490/2507/2236
f 1499/2508/2236 1483/2492/2236 1488/2497/2236
f 1496/2509/2236 1499/2508/2236 1488/2497/2236
f 1500/2510/2236 1496/2509/2236 1488/2497/2236
f 1497/2511/2236 1500/2510/2236 1488/2497/2236
f 1469/2483/2236 1471/2491/2236 1474/2484/2236
f 1472/2486/2236 1469/2483/2236 1478/2485/2236
f 1473/2488/2236 1470/2512/2236 1476/2489/2236
f 1471/2491/2236 1473/2488/2236 1477/2490/2236
f 1482/2498/2236 1495/2500/2236 1493/2501/2236
f 1481/2502/2236 1493/2501/2236 1491/2503/2236
f 1491/2503/2236 1494/2513/2236 1489/2505/2236
f 1499/2508/2236 1498/2514/2236 1483/2492/2236
